value_eth,is_new_recipient,interaction_count,gas_gwei,blacklist_hit,repeat_tx,label,txhash,blockNumber,from,to
1e-05,0,0,9.339381797,0,0,0,0x9b6e9391b1f1dad3a1d8ebf1bd11479dcbde1ef76b7c61d87b1d757438861c32,15217646,0x9abdfa2284a97ed6a486ec3b129b1aef28fa801c,0x001866ae5b3de6caa5a51543fd9fb64f524f5478
12.0,1,0,12.871276791,0,0,0,0x50bfba93fc6c06429e9255d94ad6197100629cba953bab27f64662bf99fd77aa,15145601,0x001866ae5b3de6caa5a51543fd9fb64f524f5478,0x28c6c06298d514db089934071355e5743bf21d60
1100.0,0,1,15.63206454,0,1,0,0xbeb79215a8d14dedf1f9f6e89ea071442c10d13cc0badeed4845d2a76bf40957,15139582,0x001866ae5b3de6caa5a51543fd9fb64f524f5478,0x28c6c06298d514db089934071355e5743bf21d60
1.0,0,2,15.63206454,0,1,0,0x7fca993597f58e49507ad2d2bab341d13c5ba7e5978fe327a27c1458701f8982,15139145,0x001866ae5b3de6caa5a51543fd9fb64f524f5478,0x28c6c06298d514db089934071355e5743bf21d60
1e-05,0,0,9.783065739,0,0,0,0xdc9a3b4e67199ae479313b6389988390792749127d1b10376445c951c3181329,15132578,0xdb0a250cdd31a5ab7f32bfaec925e04cc18492f5,0x001866ae5b3de6caa5a51543fd9fb64f524f5478
1.0,1,0,10.0,0,0,0,0x57fbdc4b734ed26b8ace818a470bc3d49ebfe184580647e46e99c0cc32f08cc2,7277260,0x001866ae5b3de6caa5a51543fd9fb64f524f5478,0x62b2f9809f65525b0110f540b72f01154374bae9
0.01,0,0,10.0,0,0,0,0x5d39a338c0341c5da7fa9a7efe6843986f03f24fa29c5bb387b708605fae5c28,5751496,0x00fe848d55d0a8bf20f876c9e2a4e7b8e2e5bcad,0x001866ae5b3de6caa5a51543fd9fb64f524f5478
100.0,0,0,100.0,0,0,0,0x6eba4079aca58b32743198c2d4566c2c230f15b11bd3d3e7678d941f89fbc53c,4911979,0x0681d8db095565fe8a346fa0277bffde9c0edbbf,0x001866ae5b3de6caa5a51543fd9fb64f524f5478
0.1,0,0,100.0,0,0,0,0xba15ec4c74ae1b024146c14ad958448e62d41a03c8f3da99b33a610cc2f4fc33,4872265,0x001866ae5b3de6caa5a51543fd9fb64f524f5478,0x001866ae5b3de6caa5a51543fd9fb64f524f5478
0.1,1,0,30.01,0,0,0,0x342145a64e66dbdac58a6cf7b7daf484fd8b170088a655c92e4d2afa7717aa61,4724363,0x001866ae5b3de6caa5a51543fd9fb64f524f5478,0x0c20e4754b86bdf081173f35d8f2f2e03caf1972
0.09,0,0,25.0,0,0,0,0x5300021f5c8f50f6564fe52b2c122e7ccd06d552e9d657bd1a21478dac50d9f2,4719609,0x15ab2321d7e83d00c015048b567f4f6aadc1b022,0x001866ae5b3de6caa5a51543fd9fb64f524f5478
0.1,1,0,55.0,0,0,0,0x544a1092b40658da44cf3ef6269df7c607ce7013c98fd7b1e9c1d8ac923ebeea,4719593,0x001866ae5b3de6caa5a51543fd9fb64f524f5478,0x15ab2321d7e83d00c015048b567f4f6aadc1b022
0.01,1,0,60.0,0,0,0,0xed3b278413ed5e2cf9b8c75914a46b7f8d098aa6c54227c97e44aba9bfe08e82,4696604,0x001866ae5b3de6caa5a51543fd9fb64f524f5478,0x9d66d75b46816d306572446f62305f72c4f6d2fd
0.2,0,0,10.0,0,0,0,0x232a0803a906fa7bba49d68d4cd6b7c1f3d63637a3d0df1f79514eb543b467fa,4644401,0x00de52d69fe32975cf8b6615ab072ed9da0b483d,0x001866ae5b3de6caa5a51543fd9fb64f524f5478
0.1,1,0,10.0,0,0,0,0x20fa4600aabb660cec6fee7adbd3e50d9891af23a06d0bbbe2393aed577bae0d,4630485,0x001866ae5b3de6caa5a51543fd9fb64f524f5478,0x0375a9491906dc2dcf948afe4b52359b360b85f8
0.1,0,1,18.0,0,1,0,0x8c14ad1f39f61444449211c13254c150416320fe87f1aae719a1ac45cdd9ead8,4630198,0x001866ae5b3de6caa5a51543fd9fb64f524f5478,0x0375a9491906dc2dcf948afe4b52359b360b85f8
4.0,1,0,8.0,0,0,0,0x356fc2a459ba3f4a99f970d87918752362ff37682171862aec62adc1c76441c0,4561939,0x001866ae5b3de6caa5a51543fd9fb64f524f5478,0x2deca0b68eda7d56fb29131116c16d0bd0acba65
0.001,0,0,5.91507456,0,0,0,0xa973799378b451c2767809caa429b33a5cd733b03ec539a3d8a61e3a7df24cd6,4543365,0xacf9b49b64d9c0faa724f7de6122399ea94a84fc,0x001866ae5b3de6caa5a51543fd9fb64f524f5478
0.01,0,1,5.91507456,0,1,0,0x3e219590dc93b2a06b244073abcd60e0d8698a5f937caabb119e99ee8174bbb1,4543054,0xacf9b49b64d9c0faa724f7de6122399ea94a84fc,0x001866ae5b3de6caa5a51543fd9fb64f524f5478
0.01,1,0,10.0,0,0,0,0x911f4f7ae7eaec77783726df7c5fcaa4ae720372cddb66d380e509d36313946e,4542669,0x001866ae5b3de6caa5a51543fd9fb64f524f5478,0x003b6df53ab4e9385ae3af5c7bb2d82451afcaec
0.1,1,0,20.0,0,0,0,0x4358d674539d11306a80865e32d9b03e15030e4e8224bc775f9de675f151d68b,4518996,0x001866ae5b3de6caa5a51543fd9fb64f524f5478,0x98563a3166ad2359890284d437ee8647f9ae8839
5.99500252,1,0,1.0,0,0,0,0x65d76f505053503d33c93c62afd6ac1f0540e8b49a335419e3504d73e12cff25,4499589,0x001866ae5b3de6caa5a51543fd9fb64f524f5478,0x91b34ef681a22268bdb73e38bbf2dc9549660575
0.1,1,0,8.0,0,0,0,0xaff4d142bfb8c6dc9df83f8ecd94a2b855e912f84031f11bd52f8918184d3ae4,4498522,0x001866ae5b3de6caa5a51543fd9fb64f524f5478,0xff0f75e25d28d25c91e7e735604253cc4014a48e
2.0,1,0,6.0001,0,0,0,0xeb526e803035071bd8f9ca52f1d6e36cb8d1d72d2276ec0fe30fe412c3e6cb70,4457149,0x001866ae5b3de6caa5a51543fd9fb64f524f5478,0x3dd07cf64741b91d26f8f3dbc12dec4d883fdd09
10.0,1,0,6.0,0,0,0,0x67f22abca1a432fc28f24c7c0cae6241dd6f472b7e0fe686af4e7b97c884d411,4455298,0x001866ae5b3de6caa5a51543fd9fb64f524f5478,0xae5977afe3327cb753b4db2ce78443a4e922d00c
1.92566564,1,0,13.0,0,0,0,0xda2885f0d4c430ef674c1414e47d572268b00b7d18db1765f089ba300871bdb8,4381986,0x001866ae5b3de6caa5a51543fd9fb64f524f5478,0x795b76b49fcab7c98306ea525e053a85be35a513
0.01,1,0,8.0,0,0,0,0x11f9bc64d002dd46cdfc68f12166fc06962daec4d7ac413c9ddeb9475a5b123f,4381728,0x001866ae5b3de6caa5a51543fd9fb64f524f5478,0x00d41f0c9a94edbfac0cc0b3b02bd1f14a5ee237
0.005,1,0,13.218630469,0,0,0,0x3a24ab186c053497354d34e30751fc6bd0906074ab2e23e4795c68225f4f4be8,4375625,0x001866ae5b3de6caa5a51543fd9fb64f524f5478,0x0b95993a39a363d99280ac950f5e4536ab5c5566
0.495,0,0,21.0,0,0,0,0xdbdcd0ce6f08ec540b3ce96adbc3dbd55a721aea657943aca93e5b6bece98e65,4361744,0x3f5ce5fbfe3e9af3971dd833d26ba9b5c936f0be,0x001866ae5b3de6caa5a51543fd9fb64f524f5478
0.5,0,0,40.0,0,0,0,0x9dea30e930667d044c1dc95110aab4992a78d0eeb8c5714d6e60fd3c54687b4c,4361001,0x69ea6b31ef305d6b99bb2d4c9d99456fa108b02a,0x001866ae5b3de6caa5a51543fd9fb64f524f5478
2000.0,1,0,21.0,0,0,0,0x13ad0b1808781b687f13cb2bf3259052c015f1d0865c8e4b84f4b72e46012208,4355223,0x001866ae5b3de6caa5a51543fd9fb64f524f5478,0x3f5ce5fbfe3e9af3971dd833d26ba9b5c936f0be
0.007,1,0,30.0,0,0,0,0xe0f8338d8dc4d1a8f906220e317cff67d575742fe299499a0828c56fa33d48be,4287055,0x001866ae5b3de6caa5a51543fd9fb64f524f5478,0xf864f6c76f47d80acee5a22c7cabf4f73ffed0d2
2.36,0,1,25.0,0,1,0,0xa7fb26056fe4bdcb0619f44b4057901b0809bb63f3c76ca04b1b4242e9dbb5e3,4286956,0x001866ae5b3de6caa5a51543fd9fb64f524f5478,0xf864f6c76f47d80acee5a22c7cabf4f73ffed0d2
14.99958,1,0,25.0,0,0,0,0xae2974d512cd7afcff0657bd9a0fe91eeb5db1a26055183d360a20403d420e63,4272708,0x001866ae5b3de6caa5a51543fd9fb64f524f5478,0x1f723f1f7a801a5ffc3ad73fa34f050a19876ff1
3.1,1,0,22.463230501,0,0,0,0xb335975fea6c86903c41dc67b52fac676eb208622f539de9aa23c1a9b4933c14,4268994,0x001866ae5b3de6caa5a51543fd9fb64f524f5478,0xa13fede3ddbb23623f9aa6e3d72cd445755c3958
0.989,1,0,52.31514469,0,0,0,0xca4d6674aead1dd0734022bf4787d648817ce6ee11011b03cc2deab3a78b5a40,4255536,0x001866ae5b3de6caa5a51543fd9fb64f524f5478,0xcc00e7a88207ce2f0c3be997bedf4ee2365ff70f
3.0,1,0,37.585215805,0,0,0,0x5fe1fe0512e7fa31a86b10f1416f95b14cd781b6400e72101895b19941b0b916,4250608,0x001866ae5b3de6caa5a51543fd9fb64f524f5478,0x368c5aedde44d37842d059e366685f0d0fd7e459
135.92,0,0,21.0,0,0,0,0xca7968aadbcab81e8e9a08c392fc811196abdc0b2b0bb6dd304962d2b469df11,4247694,0x9ff5e4d35b5f8d68606159eb3f66a000fe816101,0x001866ae5b3de6caa5a51543fd9fb64f524f5478
1.28802556,1,0,20.0,0,0,0,0x9998226504b846ff79ba909ecd947ba4beac934e75bb3184f0bd4080ce23b31a,4244230,0x001866ae5b3de6caa5a51543fd9fb64f524f5478,0xf60d51d0bf6e0e3b8229f8a2f3a46a4db41fc304
3.08986058,1,0,37.101584567,0,0,0,0x643d3c9cd319e9ce3f5883c478d513de76afae2c746469d61ea22dd42f5f4633,4243593,0x001866ae5b3de6caa5a51543fd9fb64f524f5478,0xfedc0519ca31eebaffbeac0b889301351d47aa7b
0.41893599,1,0,44.092332086,0,0,0,0xb9eab3ea0446bbf11e29cc744668db09a7d06cdc8e605d08db8d45f4269639c4,4243527,0x001866ae5b3de6caa5a51543fd9fb64f524f5478,0x35b4f27ada7450f3ff927f6eac69ebbf7881fc3d
0.062932,1,0,44.104297439,0,0,0,0xd93b495ee121111db2a2c9af041e5eae8d9a446615d90b60fa5c529c8b7d8ead,4243449,0x001866ae5b3de6caa5a51543fd9fb64f524f5478,0xb5e8d7f5f6de25059c12a509fd3c8836ab908c10
13.117864,1,0,20.0,0,0,0,0xbb42a121125fd517074c9beae65e781ed670a021faea07c8c90a891cb6b538d2,4243338,0x001866ae5b3de6caa5a51543fd9fb64f524f5478,0x1ea4178499814e75c9380b113a6e518eec814a55
0.395,1,0,30.0,0,0,0,0xc63d2be4877dc7b746fe8c8e46e7dbd6c5dca804344232c53552cee2b025e52a,4225638,0x001866ae5b3de6caa5a51543fd9fb64f524f5478,0x2a85cd57d0fac41629b884c56fafe66bbe890833
5.1824,1,0,30.0,0,0,0,0xe98ace2af818882695a447161eec3550da0085c1c3140be5779837360313b4ed,4225637,0x001866ae5b3de6caa5a51543fd9fb64f524f5478,0xbf9112b00d3947e086fa8a1d170eaccfb5567144
1.015,1,0,30.0,0,0,0,0x1b14e64dfc038729ab406643606a42c8a76430ed8c4f7a2f97c40b01784e77ee,4225636,0x001866ae5b3de6caa5a51543fd9fb64f524f5478,0x308dae0f9bee2acb0d94d0150cfab48eb8da0c98
1.595,1,0,30.0,0,0,0,0x6082c42eab993fe89476b3ce7f72e18d575527b3e7ec589b5d2fb019946b8213,4225635,0x001866ae5b3de6caa5a51543fd9fb64f524f5478,0xf10029ee25053d36f19459c4e7a9918e0211e25f
0.98399814,1,0,30.0,0,0,0,0x0fa7ac82de8b8b599ac4298c90c470151540ded38d55944dea4fc3b7f6b424f0,4225635,0x001866ae5b3de6caa5a51543fd9fb64f524f5478,0xfbf4589e9b711e90a1ec28775f30a63df524a9cc
4.9951,1,0,30.0,0,0,0,0x5a85c83e988238814d454bda74925a781fd02c29903c6a1c76ee065ef1086a59,4225635,0x001866ae5b3de6caa5a51543fd9fb64f524f5478,0x811b2733ca24ac8ee05149c19354f0ba2239f71f
0.37095,1,0,30.0,0,0,0,0x44360a922dfa987b1df765ab80ad967d8d83a9b6e34851fce077e81d572433e1,4225634,0x001866ae5b3de6caa5a51543fd9fb64f524f5478,0xdb15e0cb907bc2be8f63fdecff800a06148593f8
5.77252491,1,0,30.0,0,0,0,0x6815c49887b14d5c624129c9367a7edc2c2712a6f08df9626ee0f5657da31b35,4225630,0x001866ae5b3de6caa5a51543fd9fb64f524f5478,0x49bef9c78ef70451130f3df4f73fe0c31801e138
11.24091989,1,0,30.0,0,0,0,0x3d5d6ae45bb164df1030082cf1f8c6b8aa0c94c2ea7c419a78969f16a50b9794,4225630,0x001866ae5b3de6caa5a51543fd9fb64f524f5478,0xa8d93c64886003941a1dd04684993b2a9eaeb98e
0.3227789,1,0,30.0,0,0,0,0xd92ed241667324c0044351f75da44f88d67c552e579d02dda5b75b2871bd5394,4225630,0x001866ae5b3de6caa5a51543fd9fb64f524f5478,0xac37a41b0ca2949413602b3336959fae099c9f57
2.6740183,1,0,30.0,0,0,0,0xc2b63d856d4edad60b077ebd9c879efdb7ea0599ba47b204349990dc47ba7070,4225630,0x001866ae5b3de6caa5a51543fd9fb64f524f5478,0xb461ef3d761d87c225722d42233d9892f487f095
0.88191222,1,0,30.0,0,0,0,0xf6d615eb6d000a59f745f4ab01676d25ddd020cf7acdc59056e28260b2077d0a,4225629,0x001866ae5b3de6caa5a51543fd9fb64f524f5478,0xb5d47ed8c07fe4d9a143fddf967ca8d66562beb3
4.395,1,0,30.0,0,0,0,0x9e4910adc77b8d95bc05d21dadc3a13af9730da267ba759e26d303c83924ab91,4225624,0x001866ae5b3de6caa5a51543fd9fb64f524f5478,0x0faa5e3b4b4bc7190a187d113c5a82e28bd1b5ce
24.735,1,0,30.0,0,0,0,0x9119c322b2c0e58c9f318f5e09c7b2b32cc9de0eedcb340f5d45b488fcd789c9,4225622,0x001866ae5b3de6caa5a51543fd9fb64f524f5478,0xc5ae2e40f9e8c21202c0520bab108b9cc3bd4b67
23.995,1,0,30.0,0,0,0,0x7c9ff5b495059bd5c26f6f38bf464da569d4b8fddac24583832b1cf5d0ef8d0f,4225621,0x001866ae5b3de6caa5a51543fd9fb64f524f5478,0x9214ec02cb71cba0ada6896b8da260736a67ab10
0.03635,0,1,30.0,0,1,0,0xae2b24894ea7b6be5859f5d8adc791e31e4af18e3a868325de10ef7cc8ba3419,4225621,0x001866ae5b3de6caa5a51543fd9fb64f524f5478,0xdb15e0cb907bc2be8f63fdecff800a06148593f8
0.844,1,0,30.0,0,0,0,0x7dc0760c6ce548733a7e8b0a7903f45ddda523ba79c94d13d54b27d702b63084,4225621,0x001866ae5b3de6caa5a51543fd9fb64f524f5478,0x1d67ae63bc60f312749fef49aa907236a8121f9e
0.005,1,0,30.0,0,0,0,0xbfbb938ef19563187f470f5b9f55f9478d4af987bbbc1a7ccf5090e3a1b9e126,4225620,0x001866ae5b3de6caa5a51543fd9fb64f524f5478,0xccc9d3197eeb502cb9179cfb0cb7728fbab282d2
0.005001,1,0,30.0,0,0,0,0xde074328f2f724850b4d18507944f5bd996caf6ea440e939de4b90ef7241500d,4225619,0x001866ae5b3de6caa5a51543fd9fb64f524f5478,0x96f9caa2b0e2f69698132926d677bc5b94bb5e7c
3.995,1,0,30.0,0,0,0,0x9f662ffa47b6a75f1b2a4c937051804db903b7e95a405b5f3aab810d77a39bb1,4225617,0x001866ae5b3de6caa5a51543fd9fb64f524f5478,0x1dc32ef8a638f0171d2001a9cdf273ae405353f8
0.005,0,1,30.0,0,1,0,0x87cd36b6191f04f475da164cfdf9689f41b59a2ddfc4d225bd5916758afc081d,4225615,0x001866ae5b3de6caa5a51543fd9fb64f524f5478,0xccc9d3197eeb502cb9179cfb0cb7728fbab282d2
9.9181247,1,0,30.0,0,0,0,0xddbdb50a914ff6b38d1fa8fe0541bf0bc6b1a7d38590539152ca735647b2f13b,4225615,0x001866ae5b3de6caa5a51543fd9fb64f524f5478,0x066d2d7a6c5ced975029809fa3ed3abf197811fd
0.21464038,1,0,30.0,0,0,0,0x33b7394dd291ae8e5bc977eb9150cbc7f8595f8cafd8f1dd05dfa50de855b7a4,4225614,0x001866ae5b3de6caa5a51543fd9fb64f524f5478,0x32bb394469039c8b85ab77f169aadaec051c33fc
4.385,1,0,30.0,0,0,0,0x8bb32a46a39b9a908f8dd80e577972824bd3922453c79b67587f94bea9dfd1a5,4225611,0x001866ae5b3de6caa5a51543fd9fb64f524f5478,0x4a2b0c6aea66951ef1ffac38bebc17aaffde1ef5
5.995,1,0,30.0,0,0,0,0x6f1488f52c19c8b3077b62f4413e32e1af2eba38b629706f515b464e99ad49be,4225610,0x001866ae5b3de6caa5a51543fd9fb64f524f5478,0xd9c7c1d6299c1e9e2b903885b4a4411cd4f173d8
0.03635,0,2,30.0,0,1,0,0x6a36698c68b4b29b0cf5dc0caa5a3e4ec1a58c3ffaf1d614f90a309b5adf6587,4225609,0x001866ae5b3de6caa5a51543fd9fb64f524f5478,0xdb15e0cb907bc2be8f63fdecff800a06148593f8
2.66777,1,0,30.0,0,0,0,0xfb8045acdc1dde488a13abdc683d21712c105374045ae80eb27f761129f3879d,4225609,0x001866ae5b3de6caa5a51543fd9fb64f524f5478,0xf3f75d442c7662fec9df0caa45f544bbf8c923cc
0.5253,1,0,30.0,0,0,0,0x291d72dd22ed1040e1d0b778cfc8d222d0d5b6dd20b480c11ca4c41e4c8a4c11,4225607,0x001866ae5b3de6caa5a51543fd9fb64f524f5478,0x453c1ff9a107b4cb3539fe649b9c0141dc4403de
0.138,1,0,30.0,0,0,0,0xfc3574e3b705aaccee9b84a6b54cee6c44cfd8f40c0d9be12c17957b80ea0779,4225607,0x001866ae5b3de6caa5a51543fd9fb64f524f5478,0x6d1b007f8ea92ea3d316b8b66f2413bdee90ad1f
0.495,1,0,30.0,0,0,0,0x503dc308edbf74f9cdc1f7f5e66841da562a678ed103d3946d2e3d5101b4b5aa,4225606,0x001866ae5b3de6caa5a51543fd9fb64f524f5478,0x204d72c97a2a24fa0670ec5656cca5ed1b1af8c2
0.18003147,1,0,30.0,0,0,0,0x1c21ca2028b3940c973b2760f98abe3a54e141b53f1dedf69683a5bd22bcceef,4225604,0x001866ae5b3de6caa5a51543fd9fb64f524f5478,0xab8f6954e7f02a2615b5b1ec7b3e580c81b7d2c3
29.924,1,0,30.0,0,0,0,0xf681a199f599de59cb4925d07fe704cc422504cdcc50f0a7c9fe0df46f801652,4225603,0x001866ae5b3de6caa5a51543fd9fb64f524f5478,0x91395e8cb46ec8bba2701ecefa768dc1aedfe547
20.26,1,0,30.0,0,0,0,0xb4b66e006ac38ebbce80f2b2af24b5d1fd1e6238d8a6d014d26c9d6a52ce7c05,4225602,0x001866ae5b3de6caa5a51543fd9fb64f524f5478,0x1d0fb0beed208608bb5f30b28140685f6220da7e
17.1597123,1,0,30.0,0,0,0,0x014bfafc9906735a68711e76b6f93820a7d3931185816b92a5693669df14520d,4225601,0x001866ae5b3de6caa5a51543fd9fb64f524f5478,0x31c3ff98fe77202a34cc2825e35397822905639e
3.495,1,0,30.0,0,0,0,0xe6ff3547aa1d42794727e265629f8096d315836c30f3df180874a0c8c6f67954,4225600,0x001866ae5b3de6caa5a51543fd9fb64f524f5478,0x63d249323ea38d2018fd1e85b138020d36822a31
2.995,1,0,30.0,0,0,0,0xc0120ac9d08e09ee04e25b4248c89a5ca0d60f048f644d203dda1841d879329c,4225598,0x001866ae5b3de6caa5a51543fd9fb64f524f5478,0x6aef1fcacd1ab96a59256a00080e2d0d34b8886d
5.015,1,0,30.0,0,0,0,0x9712b083182a0997127dd01ef29e7e7d66257499a631c521286d0d5f97223b0b,4225596,0x001866ae5b3de6caa5a51543fd9fb64f524f5478,0x6a5f7386fa69a7ee3327cd4b6f8ddde9699683d6
19.995,1,0,30.0,0,0,0,0x5545a7a9e88dc884fb3c13e4c223ad31db318dc1cded28e4f81c8bda339c921a,4225593,0x001866ae5b3de6caa5a51543fd9fb64f524f5478,0xc23a57e6fbc9342b70d697d047fe21d30bf447a4
0.145,1,0,30.0,0,0,0,0x6a80d08a110bccc77ee24f13493faf77631b58b4d9c8f180ce1bd35f54a21aec,4225591,0x001866ae5b3de6caa5a51543fd9fb64f524f5478,0xc8bad1e23a3aa827b9122f90f7a7fee11beee54d
0.34589925,1,0,30.0,0,0,0,0x471a7933f79b36c74ebe0f8e0bee01e999e9d062a3fbda690b0c9a83f1a62723,4225591,0x001866ae5b3de6caa5a51543fd9fb64f524f5478,0xf67c8c1f51c3deb62c8509780ce07026b3076825
2.298694,1,0,30.0,0,0,0,0xfdba681fc2e27128021143779f6108931d7e35de4b15b80d6e218108b4eb8b4f,4225591,0x001866ae5b3de6caa5a51543fd9fb64f524f5478,0xf3aa7709dc332c9fb4d1be13689ebf875eb1bf0c
2.58960796,1,0,30.0,0,0,0,0x0151fac7d7fc01e00471ce7fb924b00acdc8240b29d2bc0caae77e689717402b,4225591,0x001866ae5b3de6caa5a51543fd9fb64f524f5478,0x17c66fce200759f823dc9299ab0180e66ea6cc7c
2.005,1,0,30.0,0,0,0,0xb9ae0c0c4a2174f0efd1180330c98e8b7cb766f06027cd05c88131156c22fdb1,4225587,0x001866ae5b3de6caa5a51543fd9fb64f524f5478,0x6805062d0e3bf9d9d0cd65b385c97e852eded181
5.603476,1,0,30.0,0,0,0,0x5af9e698d266d74eac4e14ccb4fbc13b00cd1222933f6f74e89383c060d29713,4225583,0x001866ae5b3de6caa5a51543fd9fb64f524f5478,0xec16da2fc855e3ca08f89293338ca3d873629cdb
3.36619267,1,0,30.0,0,0,0,0x12cd4c06842c821e0817d5ab62d4ebffdd3e83265c915c2bc5d94a365882c583,4225582,0x001866ae5b3de6caa5a51543fd9fb64f524f5478,0x2a6b026b9017aa95d72751b229adc143626ff83c
0.273611,1,0,30.0,0,0,0,0xcd06b201834a970ba3f0d2ccb2dad09ec59f3211c4f7a70f84c7f82de378523b,4225579,0x001866ae5b3de6caa5a51543fd9fb64f524f5478,0x3aa38f8393d88543caaf9c3b428865fc6b80b721
2.095,1,0,30.0,0,0,0,0xa33cf4fc83defc842ab97838d895c0ceb1b49d3df2139b2e6d98781f35c5d9ed,4225578,0x001866ae5b3de6caa5a51543fd9fb64f524f5478,0x24ab429905c67dbcf75552248df597984505b129
22.995,1,0,30.0,0,0,0,0x7848f627b5f3e4a3048af48d1b045fb9577e5a88c23cdec4233be81282916c43,4225575,0x001866ae5b3de6caa5a51543fd9fb64f524f5478,0x8967750536ec6da067fa20d3287d812670b2c06e
0.505,1,0,30.0,0,0,0,0x73058e56c72200b3b8513393a783f8002db57fdf3c632fcafc1e11a5d79b0f72,4225565,0x001866ae5b3de6caa5a51543fd9fb64f524f5478,0x659674ff21cf38c2bf4fd8f6b674a47222c177d0
9.84015287,1,0,30.0,0,0,0,0x8331586c2a1d1416faf154b6877cf890f5df62f4ac5434030dcad7e91814a01c,4225565,0x001866ae5b3de6caa5a51543fd9fb64f524f5478,0xc503f3e352de82cfffc3fb6d1182658009b66e4b
22.04391445,1,0,30.0,0,0,0,0x65c23aec3ae06f3d64fe8f408c42b23daef267cb69a23c5ee9d09da2055816e8,4225562,0x001866ae5b3de6caa5a51543fd9fb64f524f5478,0x858e353ae50108d4feab80f598386cebc24bb196
0.11698979,1,0,30.0,0,0,0,0xfd3fb19b14c04a274dcd9f877b9085979977d311cf22e9e20c0a761c33096ead,4225560,0x001866ae5b3de6caa5a51543fd9fb64f524f5478,0x5c5c38458f4d23d6ffd0541ce784435f4b6d3215
0.396,1,0,30.0,0,0,0,0xcb69890a03dfaf0c475511117710359f3f0443d732bf22ace6af1ac6ecd731c6,4225560,0x001866ae5b3de6caa5a51543fd9fb64f524f5478,0xf03af1891534c133d7847241a60840fadcfa442d
8.60028,1,0,30.0,0,0,0,0x3c38f5a8a95a98741428a7b92579f3f5188418a962a7ac8ceac71a57026aacd9,4225559,0x001866ae5b3de6caa5a51543fd9fb64f524f5478,0xa62bfe51b5617a7e28a6db97f8d698ac95394058
0.39739188,1,0,30.0,0,0,0,0xfcfdcd7e6ddd33355af4e6ef5411bfd04f0743f7b8f8c23b121b9289c28e90b6,4225557,0x001866ae5b3de6caa5a51543fd9fb64f524f5478,0x171fe646355fd449e3d1814fb74e4c7a63810457
0.265,1,0,30.0,0,0,0,0x4053434ced8b6e4418e3ae03147776f9b29b1321e7bb6d8823c78c60ae7fa4ca,4225557,0x001866ae5b3de6caa5a51543fd9fb64f524f5478,0x2777a74d81b2b7e84b57b07d952791b4f215a933
9.805,1,0,30.0,0,0,0,0xc4cff0272b592a79b5c5e684d2014c680eada04b2b6fe7f9fe16d76176590979,4225554,0x001866ae5b3de6caa5a51543fd9fb64f524f5478,0xcb2ecc072b020718b15b07bb0381488a9df0b4b2
0.265,1,0,30.0,0,0,0,0x07aa3c0574e8cad31e500c17955312e7ec975c8b9e21a0dce550ee52a4cfc7ef,4225543,0x001866ae5b3de6caa5a51543fd9fb64f524f5478,0xdc8b049228a271693f08e1e94daf642411592b57
0.984,1,0,30.0,0,0,0,0x27c360a6444c678757054293778feb1cc0e26d4044913f12dc48cf6aa7155dfd,4225542,0x001866ae5b3de6caa5a51543fd9fb64f524f5478,0x71cfd7f5bed7310e32211fa9af7748df45e11f9c
1.0,1,0,30.0,0,0,0,0xfb71d5bf770891011125a7645b0094299315c4697c1b1c628cc4d635a62732c3,4225541,0x001866ae5b3de6caa5a51543fd9fb64f524f5478,0x2e4a012a39f478181c95ab4bbb7af53194e9fd2c
1.64262556,1,0,30.0,0,0,0,0xd70a92d968557d1902b0e34f3b259d1e7551a46c2bac4fece5388147e5f34c71,4225538,0x001866ae5b3de6caa5a51543fd9fb64f524f5478,0x60ba6c590883ab3c06289eff076f96b80065e3f5
1.26532164,1,0,30.0,0,0,0,0xbe4a7f72091b2f9a204f7a9c166563ff04b6ad8d4f604f90dacffe405e88e989,4225536,0x001866ae5b3de6caa5a51543fd9fb64f524f5478,0x167425100874f618ffe82ec94a6d4007f39ba924
1.294,1,0,30.0,0,0,0,0x340155c4ff8ee720c18ea1af60eba9df667c328bac4261d1a8dd7a15c607c1eb,4225535,0x001866ae5b3de6caa5a51543fd9fb64f524f5478,0xdc6f6d2f907531fe05eb0eafd0af2d22d750361d
0.005,1,0,30.0,0,0,0,0xeaab2d3b926691ce23d2dde3b257f4f907ea0139633771bd45a6d56ce8434e57,4225534,0x001866ae5b3de6caa5a51543fd9fb64f524f5478,0x1684f6939adce8269c2c8e2a3f8dbf632d82ec75
1.07905124,1,0,30.0,0,0,0,0x7512d67650505a89d039758f945adb06b38f5601896743926bb37a8e847320d0,4225527,0x001866ae5b3de6caa5a51543fd9fb64f524f5478,0x4c72242d66fd217d706f1c0c97d7ea79711e332c
2.495,1,0,30.0,0,0,0,0x709e7dad11ba16edc5ab938595cc3b9e7cd9543509e06cb95120dbcb5e831d8a,4225525,0x001866ae5b3de6caa5a51543fd9fb64f524f5478,0xeec36f7de63d3b9ba3d414fd5955a2468a74aee2
4.718272,1,0,30.0,0,0,0,0x1d5bacabc70fab9ad98c25cd0adc880e5b14c85db137d3bfbf115f2b739d9230,4225523,0x001866ae5b3de6caa5a51543fd9fb64f524f5478,0x8e9d14f2e7a9aa1c8eff20c14beeaf73bddff274
4000.0,0,1,23.369866721,0,1,0,0x2ee0b9c1fd8eae1156be27252f7a0162b0bb5e4bc2284909e27a64d8efb2e486,4220277,0x001866ae5b3de6caa5a51543fd9fb64f524f5478,0x3f5ce5fbfe3e9af3971dd833d26ba9b5c936f0be
23.58609894,1,0,23.369866721,0,0,0,0xa61847ccf847dc500ed0ce51f4f44d1f53f2480ce9235b56e47aaaf9ec91cad1,4219555,0x001866ae5b3de6caa5a51543fd9fb64f524f5478,0x8ecaf3ba008acdb0ec820e0040b362d282118001
11.980003,1,0,23.369866721,0,0,0,0xa47d315d248c637f7784fed08748fb27934e5b3155622f6e48c0f0989627cd42,4219551,0x001866ae5b3de6caa5a51543fd9fb64f524f5478,0x5f9f94d08a5e93e681e7733a6df89db3c0d9b928
9.995,1,0,23.369866721,0,0,0,0x268ca2806f7b66845e5ce45d01f6f00fb87972159afb926468ff79b5c88f8c9c,4219546,0x001866ae5b3de6caa5a51543fd9fb64f524f5478,0xb4e728259db41e9d7454d808b056a1c53f29c484
1.28275535,1,0,23.369866721,0,0,0,0xf08b0c5246f9d53dcc2c38367d8aa8b07934fdefe584164e297ecfdd295c5dc5,4219528,0x001866ae5b3de6caa5a51543fd9fb64f524f5478,0x558a7a1f75623318d88c32fb932c8d8628ea2eae
0.05,1,0,23.369866721,0,0,0,0xeb386cca121d57d2c9ad80551e9c18526d8a8e595616ba6135f402d56737ee19,4219526,0x001866ae5b3de6caa5a51543fd9fb64f524f5478,0xff4e659b87e402d816964869a0d00936fff945b7
1.195,1,0,23.369866721,0,0,0,0x02a5c1b0771e5b793f1c3e9b5507a04c8137bfa77c7d6c1d2e8a67fbe8154d0b,4219522,0x001866ae5b3de6caa5a51543fd9fb64f524f5478,0x6c84c39227bc789554eced7bd4fabce8b6471862
0.295,1,0,23.369866721,0,0,0,0xf3fcb6b264f725fd98e28c083604bd4f90702da2f0647ba2617970dceaf051bc,4219521,0x001866ae5b3de6caa5a51543fd9fb64f524f5478,0xa25fed4f31feca675e9ef1af128b992368bb4d6b
0.69515483,1,0,23.369866721,0,0,0,0xe06c8e8f43e0bdfa4cb0342a04013cdea79cba97120d34463e7e67aff1600ebf,4219520,0x001866ae5b3de6caa5a51543fd9fb64f524f5478,0x3dce8595b8939ecf69427f2a4b84a72dc3cf977a
24.575,1,0,23.369866721,0,0,0,0xe6d0c40d2b0e01f9c6b0fd7a63481078874666958c10ea4b21ed551a2c32f176,4219519,0x001866ae5b3de6caa5a51543fd9fb64f524f5478,0x886759a2104c091446d91597f22ebb264f31995f
0.520474,1,0,23.369866721,0,0,0,0x18a29dd54f41a000cd931ca1e5e36a45051baef1141af31b0ae4aa0ef84fa59f,4219517,0x001866ae5b3de6caa5a51543fd9fb64f524f5478,0x00671735f3e96a9002b79996328a1376800d3e46
0.04079595,1,0,23.369866721,0,0,0,0x59b5d73454d06c62b2d06fea8e2baf13970cc29551975dae1f429fc06c1156cf,4219510,0x001866ae5b3de6caa5a51543fd9fb64f524f5478,0xfc3050bcc63a3f0719643186c0bdc97182b17d54
24.00250252,1,0,23.369866721,0,0,0,0x004dfce0a998802297590495a2ae9087718edeb25ec696789e822ac38f1da7eb,4219504,0x001866ae5b3de6caa5a51543fd9fb64f524f5478,0x4da511343805b4706af82b7b74809f76ede82840
7000.0,0,2,26.03453828,0,1,0,0x44861c116d7a19189533dbd5eccc6d9061107e06640b6169b08ffc46b9d6b5a7,4219041,0x001866ae5b3de6caa5a51543fd9fb64f524f5478,0x3f5ce5fbfe3e9af3971dd833d26ba9b5c936f0be
8.3639088,0,0,22.000001337,0,0,0,0x222943ab750e52acbb64fbb08a94a01a0e0945365a44c013fe041b47ddb82a48,4218418,0x1d0e1b934df7689575dfd83a270981af502e9b44,0x001866ae5b3de6caa5a51543fd9fb64f524f5478
7.00392246,0,0,22.000001337,0,0,0,0x11a917eef1c5dcf0d1ab1080a3bb99e1d41e285d9a778da824ff92521be3c034,4218418,0x46146db9dd97967e9442a6e80439551506a18ba9,0x001866ae5b3de6caa5a51543fd9fb64f524f5478
7.23442246,0,0,22.000001337,0,0,0,0x9f928d69f4fb8b061d8918b7db7180ee14ac794bb5a1b141cd52d6e14dcef000,4218418,0xef6b3eb1b3e170354f0d08d3fe6dd502cf447489,0x001866ae5b3de6caa5a51543fd9fb64f524f5478
9.7868137,0,0,22.000001337,0,0,0,0xa0c9e2e668c4c42ddac4603c5c6614263dc6b7b9a5e7af1a9cde02efe0c605bc,4218418,0x743f1f28e27b0f3e8fd6cbdd0542485ed870b8c1,0x001866ae5b3de6caa5a51543fd9fb64f524f5478
8.14372246,0,0,22.000001337,0,0,0,0xaa5a27a710dc17c15d13868927f4f90d71e6a3dbfa974c23b364b36a4113054f,4218418,0x4b7bae725810cee552fdea08d5d83b9f6a45985f,0x001866ae5b3de6caa5a51543fd9fb64f524f5478
8.830959,0,0,22.000001337,0,0,0,0x88314a92f7b8710327410023f147b5c5886ad43e8eb57ebc2925a04b5c87ce3b,4218418,0xa3b77d03babdb3bf5282ba24b8b35f82cfac3284,0x001866ae5b3de6caa5a51543fd9fb64f524f5478
9.99392246,0,0,22.000001337,0,0,0,0xa2c26fbeaf21d3dd302bdab06c453ed6f126cef1c49c970f36709959dcbd8183,4218418,0xa3792cd1e781eb9434136af7d7e4c6316accd1a0,0x001866ae5b3de6caa5a51543fd9fb64f524f5478
7.72205443,0,0,22.000001337,0,0,0,0xf3f4876ac069092b3ae36f9740f5eb6aad4628905ba4a617bdca765c90292c8c,4218418,0x405c8884da8e2af983bfdce19cba220e90d9d2eb,0x001866ae5b3de6caa5a51543fd9fb64f524f5478
9.37642515,0,0,22.000001337,0,0,0,0x0665c48e35497c72f18ae6f91dde885d688e39980141fb7d691334f3d31a6d90,4218418,0x1ef8123caa6fdc82cbfbb877c9ce3dcd8bf58fa1,0x001866ae5b3de6caa5a51543fd9fb64f524f5478
7.42945946,0,0,22.000001337,0,0,0,0x74f70be806e942559ca19561564df9301582509f37ce55bfdce3a03eaba1a344,4218418,0x7137fba7551bb0d737b5059bd70253c99728a097,0x001866ae5b3de6caa5a51543fd9fb64f524f5478
9.99392246,0,0,22.000001337,0,0,0,0x84f6a1f562bd84b909e9726b3004be6517d01db3777cc2478db02f8cb870132c,4218418,0xd52a285ea14f8d92be8c14237dc1674a1ae6d38b,0x001866ae5b3de6caa5a51543fd9fb64f524f5478
7.24778106,0,0,22.000001337,0,0,0,0x8424bbd513ef9791fccb03566a78e1eee0b1e1bb25912d112a044c7467a3681c,4218418,0x448dc6c269e739dd86267e5bace87db6ef1800dc,0x001866ae5b3de6caa5a51543fd9fb64f524f5478
9.96392246,0,0,22.000001337,0,0,0,0xb0acce8afb9e44017bcc2098fdac3067b25c78db1f73d1261e9cb92dc40c51c8,4218418,0xcb8f8de6e925ac14924ef6ca25a00a72116751b9,0x001866ae5b3de6caa5a51543fd9fb64f524f5478
7.52392246,0,0,22.000001337,0,0,0,0x2ea711535fea8c7636039de63bb61cffe090e2e70d54849020e37e9e7e1b15df,4218418,0x2f501e4656877a974c6391a1cfd7b5a690ba3ac7,0x001866ae5b3de6caa5a51543fd9fb64f524f5478
9.99958,0,0,22.000001337,0,0,0,0xc301e4e41ec53a4e3343609aca971625428c9ffeef482affe33a6e444eaa7f07,4218418,0x86c1941acc50ad83fe949f1b8a1ea57e9c3dad38,0x001866ae5b3de6caa5a51543fd9fb64f524f5478
8.94625246,0,0,22.000001337,0,0,0,0x14e1c0d5051cdff0cdeb0b18110fe11a5f8e68d598a94b3f460460c41eb0e10f,4218418,0xf988df1949d2a9660e7482c15102add7c133293b,0x001866ae5b3de6caa5a51543fd9fb64f524f5478
8.88092639,0,0,22.000001337,0,0,0,0x49b5a931bfb46b7be55de39f759e9e200b274c50170e4de6e62c7f132a92db6c,4218418,0x18baaa49ccaa9096ab78945824734036ed667b3b,0x001866ae5b3de6caa5a51543fd9fb64f524f5478
9.99392246,0,0,22.000001337,0,0,0,0x527aff0dbda7895217c0335a970918844a3756dd805f52fd1b83a0c0c5218769,4218418,0xe524bb6581fb06f7cf7dae1ecf55a87a3dd1ff26,0x001866ae5b3de6caa5a51543fd9fb64f524f5478
8.95875376,0,0,22.000001337,0,0,0,0x396e4a003cb7706aaf2cbc940a22bad8bdb64fc5dad7b330461807ab59450e7e,4218418,0x1af5edb3a01491dd382510d5f19bdb6af8b86d77,0x001866ae5b3de6caa5a51543fd9fb64f524f5478
8.01992246,0,0,22.000001337,0,0,0,0xe615cd015839ffe76a50c3afbe0d311de6fbc910eb3f758c28c1dce57029cfe5,4218418,0xaf2bd6766b6b95deadb1a64b8126147aff00326f,0x001866ae5b3de6caa5a51543fd9fb64f524f5478
12.44248016,0,0,22.000001337,0,0,0,0x8b5aa74434904b8a8f90ce71181e1ce30a5713c55d5d2b4540005bcae9871efc,4218418,0x5054a48cd6e0bae380afb2294fdff2e2b31f2910,0x001866ae5b3de6caa5a51543fd9fb64f524f5478
9.99392246,0,0,22.000001337,0,0,0,0xa218f5e90c3ac3cde1b300846e9bd1612d7ae0cfb765f08a7bc35f8b9a04c6b4,4218418,0xdd17e4c8be52d673f3d2e5dacfc7c7800ba0e02a,0x001866ae5b3de6caa5a51543fd9fb64f524f5478
7.89792246,0,0,22.000001337,0,0,0,0x27743f1100a510deae89cd18f83c581a9187338bb3dbaf24b82714a4a4e6eec4,4218418,0xbb963f8ea96967e6bbd046e6d2cc35246e7abe58,0x001866ae5b3de6caa5a51543fd9fb64f524f5478
13.96800226,0,0,22.000001337,0,0,0,0x112ff98ec0cd9599319a5ff03605b0994323dfba6c05f9afa6467d6bb976e6c7,4218418,0xc1ed6c8d044ee90198157cf1a12c862b0367070e,0x001866ae5b3de6caa5a51543fd9fb64f524f5478
7.21878976,0,0,22.000001337,0,0,0,0xe812f40867a7c791197676a67fc6658907ea1f1419b0749b081566e349170b3e,4218418,0x8c28da58a9661db914e617b6bce36a6b3e86f219,0x001866ae5b3de6caa5a51543fd9fb64f524f5478
12.49392246,0,0,22.000001337,0,0,0,0x656ac500befb4dd18317e8a1b4d5d3d1daf66f7773bd80ddfd1fa2ac91a68e07,4218418,0xe1d9be395bb99adeba901514e3a4d9a9212286cf,0x001866ae5b3de6caa5a51543fd9fb64f524f5478
7.03742246,0,0,22.000001337,0,0,0,0x1cdb3245e5a94d1b2a86f85c5ff1f66844915928a12bd041aad3c7e459e28670,4218418,0xc9e85057669f78e88380540c5731cc57019abb32,0x001866ae5b3de6caa5a51543fd9fb64f524f5478
9.99492246,0,0,22.000001337,0,0,0,0x495697bf2fea3e6f5a9a7ddb5196f5313130a4f83bf8ff1f94176ac787502d5c,4218418,0xc5ca8ffef317ac98a0852be993550eef76f5807e,0x001866ae5b3de6caa5a51543fd9fb64f524f5478
8.64070406,0,0,22.000001337,0,0,0,0x5e5d8699ab723774387f1b4aa5f88a1f3836c943d87564bb6787d65f27696851,4218418,0x7df0cf0664906fea8ce2db87751342527b7afe73,0x001866ae5b3de6caa5a51543fd9fb64f524f5478
9.39831024,0,0,22.000001337,0,0,0,0xb2ae03dec0894db3f1a3fb1268f13139fcd5bdc79ae4c995efe468abaa755cda,4218418,0x6b442f27824ddc50a659b7c540e3e9b0862d2759,0x001866ae5b3de6caa5a51543fd9fb64f524f5478
9.98872246,0,0,22.000001337,0,0,0,0x9148a7ec588199e9958e0fafbdea48e7c392203e9a9992ef76e29443f4ada506,4218416,0x7287d55d133fcf42b3c0aba4a2ca502f42692663,0x001866ae5b3de6caa5a51543fd9fb64f524f5478
9.754476786898795,0,0,22.000001337,0,0,0,0xec97924084f408fc30ca567b078d65f063b7c08324f65c28236811374078723b,4218416,0xcd893497889408d91ecf8d4b691b438975920125,0x001866ae5b3de6caa5a51543fd9fb64f524f5478
9.99392246,0,0,22.000001337,0,0,0,0x873db9019ea5f98e2b7fb043ee1198809baf4ac3a342df0e063b3374518a65f0,4218416,0xcb1d1343402b5cbdee6263d3b263bd5e93a106f3,0x001866ae5b3de6caa5a51543fd9fb64f524f5478
9.98892246,0,0,22.000001337,0,0,0,0x32acf13a3b0edaea445314ce7bec1396d4e0b5244bc5a49d5821fa137695ee0e,4218416,0x86f3f3e1970d94f1c64a960c5041618fc644ffae,0x001866ae5b3de6caa5a51543fd9fb64f524f5478
7.79392246,0,0,22.000001337,0,0,0,0xdb776ecd2a4c34ce029ce1259c7b9af3b8bf7e795af0b7ad71cf1e704d84f9f6,4218416,0x4510dfe6882b11273ad206f9d533521795393010,0x001866ae5b3de6caa5a51543fd9fb64f524f5478
7.98892246,0,0,22.000001337,0,0,0,0xd5e00edf952294bb2de85f6539b52293edfb44399312c5095392b888f9a65d48,4218416,0x216954656bfa6b66f36b81197e431ab7415fd873,0x001866ae5b3de6caa5a51543fd9fb64f524f5478
9.99392246,0,0,22.000001337,0,0,0,0x202affefb4d7de4264715696b5398c1f9203bbc3e80073eda03e40349c976879,4218416,0xce3521bdbedab99473dcbae6684e8a27fae209df,0x001866ae5b3de6caa5a51543fd9fb64f524f5478
9.96592246,0,0,22.000001337,0,0,0,0xb21772a2fa3f74bd5de96bb82594bf7b22055742548ec46ff9dbd5c59c0c7043,4218416,0x8fa035a445e5e5174f0b9b5d383580ae945a58f8,0x001866ae5b3de6caa5a51543fd9fb64f524f5478
9.99749311,0,0,22.000001337,0,0,0,0x93bfce2798a8bcd573a91f8c0fa87350c5e672e260166575e69c4f2ec2b8744d,4218416,0x6126f0141fa301e0250860bebd59cadf378acccd,0x001866ae5b3de6caa5a51543fd9fb64f524f5478
7.51794946,0,0,22.000001337,0,0,0,0xfa76fa497d07d45f949508041871d3c71b6603eec6dd1da0caeda65b3f6b51d9,4218416,0x0e6d30a30871259a1ce7491080dc950a3be88847,0x001866ae5b3de6caa5a51543fd9fb64f524f5478
8.08442331,0,0,22.000001337,0,0,0,0x1204f03e946732385a8e4731a11b1ca19527c61bf1cfdb5ee210cf71b21a842e,4218416,0x9f3a856b3541bd2ecb9c18d1520aaaca71fcc82e,0x001866ae5b3de6caa5a51543fd9fb64f524f5478
8.73513875,0,0,22.000001337,0,0,0,0xed8f093db3c4abdf3821f9a1800d2459ac887b1d762166efe11e6b1b235990a6,4218416,0x1a5a2ed7c51c35703922d897a2fd362c6607377b,0x001866ae5b3de6caa5a51543fd9fb64f524f5478
9.99392246,0,0,22.000001337,0,0,0,0x4f05a010e27a4c35977fed9315a8029498fb59504da517fae65af5cf56c7ca31,4218416,0x5b30b5059c3afc7271be14e45ddbabfaa672ec81,0x001866ae5b3de6caa5a51543fd9fb64f524f5478
9.28059424,0,0,22.000001337,0,0,0,0xff65b29163faaf692fa089c4f2edd2f40314f421f0f305295cec8a7bd56b73d5,4218416,0x4572f3f6593f74f2f28265f2f66ed6141bf8c576,0x001866ae5b3de6caa5a51543fd9fb64f524f5478
7.93222246,0,0,22.000001337,0,0,0,0xb48b1af4742cb90223119fb256fcfa9f4536ce65992c97e4c42cf15396c65c79,4218416,0x1e5a48a4eb84ffeb2bc5369c9a81a07a3b26ac5a,0x001866ae5b3de6caa5a51543fd9fb64f524f5478
9.99392246,0,0,22.000001337,0,0,0,0xa22240b0aebd14ed77e628c9aa1a004f567f5de747b0682b7895bce407c37e21,4218416,0xe62d382e01f25592afe0f712f80f71368f86f6de,0x001866ae5b3de6caa5a51543fd9fb64f524f5478
9.97392246,0,0,22.000001337,0,0,0,0x7d440ec635d2a985b787146e1d460cf2f9e1ecac1bf12504ed6fe20dfcca6cd8,4218416,0xe4ae4f333222b320f093c8af51ab8a7e225774db,0x001866ae5b3de6caa5a51543fd9fb64f524f5478
7.09881744,0,0,22.000001337,0,0,0,0xeed535c1a81cdf297427f713d990768755dbcf8443a0f81dfd29fccb503fce80,4218416,0x54240c8e9b3b09cdb08883dad8d54b17ce9e525c,0x001866ae5b3de6caa5a51543fd9fb64f524f5478
9.99492246,0,0,22.000001337,0,0,0,0xb0f51812628257f39c75fd7f972b2ea3d0f7142ce0737bed3efee01377149cdb,4218416,0x11ef8c76be2f4d8c58f203ec4e65996a70f6c2c9,0x001866ae5b3de6caa5a51543fd9fb64f524f5478
9.43392246,0,0,22.000001337,0,0,0,0x3b3d6a752536c7553b52deaf1ad5a2768a69588bbaf28a7125181c66e8cfc961,4218416,0x116d0c854963cd9c240b64485b76ed0b44862ee5,0x001866ae5b3de6caa5a51543fd9fb64f524f5478
11.27954846,0,0,22.000001337,0,0,0,0xc6100737e5807a6fee9b5d8520da1d0e5c6058b613f408f36660d60dd4717c63,4218416,0xcf37733a28cbaecb18cff8cc0bb166146d2f5eb7,0x001866ae5b3de6caa5a51543fd9fb64f524f5478
16.120359,0,0,22.000001337,0,0,0,0xf463d47f83eeac5584bc38cd75aee44f92086770ae3c91cda8a1cc2358445c97,4218416,0xb6dee9b72ed45f589add8d0673c1a450b10f4b73,0x001866ae5b3de6caa5a51543fd9fb64f524f5478
7.95051056,0,0,22.000001337,0,0,0,0x8803f3512730f47ad323036a75af48f70ebf7669bed72550a0168081113e72f2,4218416,0x0dda20f1756d2bbc94eef40b00170934c44e885f,0x001866ae5b3de6caa5a51543fd9fb64f524f5478
9.68958,0,0,22.000001337,0,0,0,0x4364a85dc0be0cdeebc08aefe278a118ba53d7ce2064c59001c9bc676f42a79f,4218416,0xd0f06b2eabc3ba88c3f942c818ef6222d6f7cc53,0x001866ae5b3de6caa5a51543fd9fb64f524f5478
8.74480593,0,0,22.000001337,0,0,0,0x70bc9a3e8fc8bf570eb7515af17e8b37c09ebb192118e7c0ee721d6603b25a43,4218416,0x667fffdc21068c345a1356c02cbe150bc145fe63,0x001866ae5b3de6caa5a51543fd9fb64f524f5478
7.50392246,0,0,22.000001337,0,0,0,0x23a2f77a30b308323fce9f340cd2810f779b9976a71f96cb3888b64468dcea53,4218416,0xe5bdc3f1b4f4a257ddcc22984cbcd7dd2ec6555a,0x001866ae5b3de6caa5a51543fd9fb64f524f5478
9.77992246,0,0,22.000001337,0,0,0,0xd797310f8a299b667826530804969eb1ca310f60076e509949849fc2f64879f5,4218416,0xdaba02d1022d1e3fd73eb23d20428d49513e155b,0x001866ae5b3de6caa5a51543fd9fb64f524f5478
9.99392246,0,0,22.000001337,0,0,0,0x42d90a58fba731461a177325aa2ec9a8e5dfd07e3e3c0f02f46a8e406b97068c,4218416,0x0daefdb2952c9b87014ea1d54826d5489b90895c,0x001866ae5b3de6caa5a51543fd9fb64f524f5478
7.52874114,0,0,22.000001337,0,0,0,0x211f5d58917b055465eefaf8114657382108d530fc6d5667b0a4b8f1e59583c9,4218416,0xb52fbfd357dec54e4c72f0a597306601eefba22f,0x001866ae5b3de6caa5a51543fd9fb64f524f5478
9.94392246,0,0,22.000001337,0,0,0,0x84949b24c8cc9b1ac5503ed1dc822d191e68a75cd9170695c9d8cf4fd6a74f53,4218416,0xd562b7e2682d911f199b2e2907d78dad0d188c56,0x001866ae5b3de6caa5a51543fd9fb64f524f5478
8.99392246,0,0,22.000001337,0,0,0,0xde94194d1fe02a9f7173f5dc638bdac74b046178bb640766354631614fe83d9b,4218416,0xe80652460d9c35e60df8d3b2c5a202f949dc3221,0x001866ae5b3de6caa5a51543fd9fb64f524f5478
9.99392246,0,0,22.000001337,0,0,0,0x7dcbf5bd0c38c6831cfe771f3b8e8ec2cfae351c80acb535c6bf24ec4b0a6dd9,4218416,0x4f1cfc1acc815402d8a6dda4f118f03f2e1208da,0x001866ae5b3de6caa5a51543fd9fb64f524f5478
7.48432246,0,0,22.000001337,0,0,0,0xb351803b692cfa22ec9d73739fe41dfd0ab89f814c9b08490141ce87c54d7e30,4218416,0x542661ce348888fbd8b5dd92ca84dd35f540369b,0x001866ae5b3de6caa5a51543fd9fb64f524f5478
7.3458201,0,0,22.000001337,0,0,0,0x2069ec9f6884801e42f5f354f4be24453217685c453acc25a83bc0415f7c4c56,4218413,0x61340b3812efc9c663d1050769f46a5ca4662735,0x001866ae5b3de6caa5a51543fd9fb64f524f5478
7.749460336978501,0,0,22.000001337,0,0,0,0x44f4c8447c2e786b2b6f50bd611b3790e4e70f590fa84d332199dc45894aa22f,4218413,0x360b5826cbe7c246316e14c22bb5093490bf1745,0x001866ae5b3de6caa5a51543fd9fb64f524f5478
48.54187020360708,0,0,22.000001337,0,0,0,0x54a81944c90733ecec1863254de5a61159dc74263a33ec530c73df0a6b5f670b,4218413,0x496319aed5b78f818b454fe37eef8366a82cc0ce,0x001866ae5b3de6caa5a51543fd9fb64f524f5478
9.999559,0,0,22.000001337,0,0,0,0x82138b4b3b7c5d8af67e1893239526f1b286257a57916a3323a1eea460662a33,4218413,0xb211ac46fb1be1d2c3d6a9e16bf5f14abb3bbe9c,0x001866ae5b3de6caa5a51543fd9fb64f524f5478
8.69392246,0,0,22.000001337,0,0,0,0x3175373cbf0c82e6ae705a3a50ce2e64a0f2e30fab40a259e57a98f0d04e02e6,4218413,0x9b250c302d526279868914d8cd982a79eecf2154,0x001866ae5b3de6caa5a51543fd9fb64f524f5478
9.99392246,0,0,22.000001337,0,0,0,0x8b0b1282fb71468e65ee4d375a340f9fb34dc33628907b050bbdbb7e2a76a659,4218413,0xf64c34096c15d7a09a11ca409cf84f7afb291eeb,0x001866ae5b3de6caa5a51543fd9fb64f524f5478
9.97392246,0,0,22.000001337,0,0,0,0x8ebbb6d8d1e99b2a7cd078026b419dff3b8ead592ef30659e79f651822a9c5db,4218413,0x478c51cb7aa4399ceb4ed2715dc22459bdaca623,0x001866ae5b3de6caa5a51543fd9fb64f524f5478
9.98392246,0,0,22.000001337,0,0,0,0x588fa616dfb141aa3286fbb982b488d58044302fabeb8bdcee0cec659691a3c9,4218413,0x25d8adc2e922f43016a97a5688391f455510e63e,0x001866ae5b3de6caa5a51543fd9fb64f524f5478
9.90095646,0,0,22.000001337,0,0,0,0x52d85ea3a193415c5b4a224d438af8851a6b7bac18261484fc0b626ced156374,4218413,0x21443ea1a30dda4d0e77826f01ddc26604e970d0,0x001866ae5b3de6caa5a51543fd9fb64f524f5478
9.27024141,0,0,22.000001337,0,0,0,0x9ff3476937cdf7e73ef975ef2b6cbde616e1152c3c76f30c9cce29bc4f0f62ae,4218413,0x172375aa9772d8cb8d65b5d860400985190704d9,0x001866ae5b3de6caa5a51543fd9fb64f524f5478
9.71292246,0,0,22.000001337,0,0,0,0x2d66fd824bad266221399743f680295f568e092d78b0205e7dff66ca8713c3b6,4218413,0x54c804e2047ac3ab1226b2ec1a533d2aa0519b61,0x001866ae5b3de6caa5a51543fd9fb64f524f5478
9.98392246,0,0,22.000001337,0,0,0,0xdfe976d7dab9bdb1825bb148182ffb7d1aff83d97c626380f31aa287eecf58b2,4218413,0x9d9d9f5e6c5f35701eefdb0475d898f47b050221,0x001866ae5b3de6caa5a51543fd9fb64f524f5478
8.99928146,0,0,22.000001337,0,0,0,0xe899fa8025a71663738147c87e280378fb39b91b63ecf2870d6078a573fe41ed,4218413,0xa652f6583a89a34a77ae270dc23b7e2ecc08afaa,0x001866ae5b3de6caa5a51543fd9fb64f524f5478
9.99392246,0,0,22.000001337,0,0,0,0xc2be13aaf8bd322f146317a4bb86ec14803bf7163a9787623aeccd8d2f42ca4f,4218413,0xf050e89cbaca0399cee95a597feefffd2d079a12,0x001866ae5b3de6caa5a51543fd9fb64f524f5478
7.19392246,0,0,22.000001337,0,0,0,0x79e715759541619fba755ec05f8d7aa7460c4a033a112fa50f547c662e743990,4218413,0x10247cec3271591615ecd396fa0a2ff580b2d66a,0x001866ae5b3de6caa5a51543fd9fb64f524f5478
7.68792246,0,0,22.000001337,0,0,0,0xa1b1e7ae2b904b3559e35da6e4c7a41fb3f50a78952ac39bca3781e38dc85d63,4218413,0x1a8a18f39d3199b2d26383f8504027e67bb43745,0x001866ae5b3de6caa5a51543fd9fb64f524f5478
9.081559,0,0,22.000001337,0,0,0,0x6b7a62ef6b8db59906fcc7288cf9613430698ae6815a7ae8e2de9b19fc9750ab,4218413,0x1b97197d74ea54c2df3bc6500c490c57057832fc,0x001866ae5b3de6caa5a51543fd9fb64f524f5478
9.99392246,0,0,22.000001337,0,0,0,0xd6041cbdd7ff518b5bce0ddfd47b8d299f458e9e02a673139d4b54e2af180db6,4218413,0xb0c2990a2d96e8820365da3ec9a2ef8f307d470a,0x001866ae5b3de6caa5a51543fd9fb64f524f5478
9.99392246,0,0,22.000001337,0,0,0,0x0512720d9f2e8a09ab723907ab7bc1261327843ea9d8e7575e439d748dc1a6d4,4218413,0xe0483da868217def3ebe9b2b59858dc7f680fdff,0x001866ae5b3de6caa5a51543fd9fb64f524f5478
9.99392246,0,0,22.000001337,0,0,0,0x4e5c1b5b6c3ab437c8eb6865a0853449230f90014515597b2dd2d90b68c75398,4218413,0x0c32592d6441ca42964452e96cd4f6f4aaee8729,0x001866ae5b3de6caa5a51543fd9fb64f524f5478
7.99392246,0,0,22.000001337,0,0,0,0xd64d4e72cdc77deec3556f2576a20085c356e37737afc2b031fc14910e2a2c96,4218413,0x97848f6297bb89581ff3bec9dd48efa823772ea6,0x001866ae5b3de6caa5a51543fd9fb64f524f5478
25.28958,0,0,22.000001337,0,0,0,0x27952bcaf5b9a0eebff5c973043b9377379790a0815a3277218b17aa4e1971d3,4218413,0xd5f663cc8172765a70503bcb1b115c6a925165b3,0x001866ae5b3de6caa5a51543fd9fb64f524f5478
8.97392246,0,0,22.000001337,0,0,0,0xfa9885fa7c5a04262ba08a5941c4c4cc2823747b0631930aadac567fbacfd65c,4218413,0xd10b4237c7a32d04c2d2cb4d277dd16dff3ff4fa,0x001866ae5b3de6caa5a51543fd9fb64f524f5478
8.02904488,0,0,22.000001337,0,0,0,0xb669b0a8053708d0e99ab751686c28505de9675e086a08682565a58b81d574c9,4218413,0x5ea15ba30b0bb2032eebd718891884958f1a5830,0x001866ae5b3de6caa5a51543fd9fb64f524f5478
499.9795299736071,0,0,22.000001337,0,0,0,0xbb02a22712d806b5b1921695e4ff7d3b1ec9a4850f4ba7d2636b9d2d18eec531,4218412,0x67d01dc9cbeb4fad0ab064bd677c6a70b5ad6d8e,0x001866ae5b3de6caa5a51543fd9fb64f524f5478
9.99349424,0,0,22.000001337,0,0,0,0xa963de8ecc95d02e17851a36c7d3ff1d886e589a5933c698fe93fedfae76ae40,4218412,0x02c1a8fb4ce0e05e32a966f4124e1bb38fa44125,0x001866ae5b3de6caa5a51543fd9fb64f524f5478
8.57797432,0,0,22.000001337,0,0,0,0x8277decbef9cd3de031981542e757b250c5cabcbe2afad7ee3377df44c60d706,4218412,0x14d35df3a7511f46c37fbaa85bf5de9e8cd9b011,0x001866ae5b3de6caa5a51543fd9fb64f524f5478
8.47502246,0,0,22.000001337,0,0,0,0xa7fccb6ba89da42f88b50f98d4af263d97d2e0d07c2c8773e8097e2068acfbee,4218412,0xdcfae0f91f8ea3c6bf5a20a18167a7b0bdf78730,0x001866ae5b3de6caa5a51543fd9fb64f524f5478
9.08715246,0,0,22.000001337,0,0,0,0xf4ef7b423d5ac7b6176b9853dc06974a122494472f35b9dc1e77450da9a84a8d,4218412,0x35d094afe93a1965faef1b1e6078c38954c3f56e,0x001866ae5b3de6caa5a51543fd9fb64f524f5478
7.99912566,0,0,22.000001337,0,0,0,0x5c53035d5ab87aac6e5de061ede83ef46ea56e0ee8044459b74784d67c834471,4218412,0xad14dc2b4ebb3345b3c99da83700acec69b39b29,0x001866ae5b3de6caa5a51543fd9fb64f524f5478
8.33692246,0,0,22.000001337,0,0,0,0x635aded99ae229956414135717c32e98c034379f53042ae9551314340eb5a1b1,4218412,0xb76ab8ac4e87deaa0c5dd1b70f4975da03877282,0x001866ae5b3de6caa5a51543fd9fb64f524f5478
8.3719035,0,0,22.000001337,0,0,0,0xf503cadeb0c2bae5689520a7bf3de24fab3d8e567514aa4ab690efce95891ae7,4218412,0x8268f7072518ee7be017253f9847889fb5566446,0x001866ae5b3de6caa5a51543fd9fb64f524f5478
9.24477246,0,0,22.000001337,0,0,0,0x1cf7a4f3358c814f43dcc5e8909f0341e55eb6db8e7c276ae36ca24d26629f37,4218412,0xcedfb56669c7f59c23679151d0e0c8233443af45,0x001866ae5b3de6caa5a51543fd9fb64f524f5478
7.01844227,0,0,22.000001337,0,0,0,0xff4c43f52bdffad18bafdcf04b8c937d6695f062b303e7b0c832eb2f3b4855be,4218412,0x30c73e73b684b40ef71c1d3eb0be8d107282c9c6,0x001866ae5b3de6caa5a51543fd9fb64f524f5478
7.74392246,0,0,22.000001337,0,0,0,0x266ca07ebe04b3b785c758b9d5f00e1d41ce96a4cbe4e1b12bab172f56278455,4218412,0x9adcc250dfdbb236e50ec6c96d56fdbd8840ff00,0x001866ae5b3de6caa5a51543fd9fb64f524f5478
7.53608456,0,0,22.000001337,0,0,0,0x0c46e889327be0a7f486d63c656f111163f9c6bfc24be0bf5c6d1b7e8aa1ddbd,4218412,0x1e9a028ada61abf2ddc2396039912fae16f647b9,0x001866ae5b3de6caa5a51543fd9fb64f524f5478
8.42243671,0,0,22.000001337,0,0,0,0xb342bfec040971e87334611019505d86a6b830dc73193c681485963000552d2f,4218412,0x2561e2b868a27ee63c911f86eeb522e67a427afb,0x001866ae5b3de6caa5a51543fd9fb64f524f5478
9.299559,0,0,22.000001337,0,0,0,0x87a5bbb126845388f6747a5f817c53f9d62f36c34f5b271397c4ba80e4a80e0b,4218412,0x8062bd7966ba0fdf1e629d93393615f5701a1c51,0x001866ae5b3de6caa5a51543fd9fb64f524f5478
7.81692246,0,0,22.000001337,0,0,0,0x7bd1031450bc2f4f3f151b7a21f0ff5a8b7c0db233b48a8833348cd34fb944ae,4218412,0x67f2feef862f25d51cbd12c7623f650a30cd8683,0x001866ae5b3de6caa5a51543fd9fb64f524f5478
7.27447268,0,0,22.000001337,0,0,0,0x7c37f7ce994bbd345670f3fe4521ea42b48c885a18263fee91b4503e7ab81736,4218412,0x571009e3e4b11739dd75d6f310b30b3a3c9fea74,0x001866ae5b3de6caa5a51543fd9fb64f524f5478
8.20617498,0,0,22.000001337,0,0,0,0x3b093d9cbbff7ac1b92a960aa6df099fb74da3aa2dbe5c1a11ed57527eb35c42,4218412,0x57b2dfde24c53bc8f18920c5f60f172d3a53827f,0x001866ae5b3de6caa5a51543fd9fb64f524f5478
8.92659841,0,0,22.000001337,0,0,0,0x0ca22c31b5186169a776d208c1720bd5f2d5d314e314685f4d98bad5f69d9b74,4218412,0x3cd060d07b8a98f404b161869e3861636ad50238,0x001866ae5b3de6caa5a51543fd9fb64f524f5478
7.48892873,0,0,22.000001337,0,0,0,0x419820c84f8a2fe1b23d97e803120d2f4b9ba373cf63d30ccc7a9ea9805d2979,4218412,0xaa84ae62976eebbad7f621eb6ce56185ac2dcd34,0x001866ae5b3de6caa5a51543fd9fb64f524f5478
7.32332846,0,0,22.000001337,0,0,0,0x05f200dd8ad6bb605990b04ddab5276e22b9f786fd1e9dbcb83f79ee264daadc,4218412,0xdc747d1082213be41c81e6026c55d22ce8c3a6d6,0x001866ae5b3de6caa5a51543fd9fb64f524f5478
9.99392246,0,0,22.000001337,0,0,0,0xfc0e3322b768302f8e1fbcdc3ea524449961e8a10bc8555dd302b75af91ef320,4218412,0xd3762465574fb8835a84ab712ac64fbe8fc211da,0x001866ae5b3de6caa5a51543fd9fb64f524f5478
9.99392246,0,0,22.000001337,0,0,0,0xa30992e2fc21b3e735c69ea0a6af012f2a647edf07a201e4b512723e2307affd,4218412,0xd3b743d444c24d6bc28e099e67d54c2a7a2f572e,0x001866ae5b3de6caa5a51543fd9fb64f524f5478
8.36256164,0,0,22.000001337,0,0,0,0x7329d1fa5db7077ebf39a0737edd6c9531ae772ebcdb0017c6d2a28148d79a5c,4218412,0x5037fb41760744801fd0d4e531349fdbf46ec2b6,0x001866ae5b3de6caa5a51543fd9fb64f524f5478
9.99392246,0,0,22.000001337,0,0,0,0x942c438cda62fffc511e9a1abe9763052b4589da08af3f35668d23fdc2b89097,4218412,0xcf2e76445729a1bbfd14d110f4a2c7df0a49a516,0x001866ae5b3de6caa5a51543fd9fb64f524f5478
9.14594126,0,0,22.000001337,0,0,0,0xda6c669fbf0625eed8151b00a456893643c1f276106a52cbea6b51df367a271b,4218412,0xb8dc2553ef2b16d28d6c9e2b4aea6fadc3ffca14,0x001866ae5b3de6caa5a51543fd9fb64f524f5478
8.24895119,0,0,22.000001337,0,0,0,0xccfa82bb54248166b277a7e7e22b6e2fe3d6379c0d1f6b37cecc93ed2b00a102,4218411,0x5b199d8907238b5709c1049e5de44a1cff7c1766,0x001866ae5b3de6caa5a51543fd9fb64f524f5478
7.93343776,0,0,22.000001337,0,0,0,0xb2231d40db028447c8a4d13cb14bfd5ebd65a8fad2a5df4fac4bcedf4b657919,4218411,0xe5469d0ab7bdf2b929ec7bb0e93a1e89a57dd420,0x001866ae5b3de6caa5a51543fd9fb64f524f5478
9.36882806,0,0,22.000001337,0,0,0,0x0ef60c546bb44b5b725127d6a607fd13b4022f986619428c9fa4cbbf38ad7f37,4218411,0xcef7ddb1dc9ee287a2b04ba4721cb74b7ff31390,0x001866ae5b3de6caa5a51543fd9fb64f524f5478
7.99392246,0,0,22.000001337,0,0,0,0x69b45c07ce9cf3c83d27e671dec5a530da797daed2727c60d9485f32164918d6,4218411,0xc6ef43f40565cf2113df94200d74b0a00d90ea8c,0x001866ae5b3de6caa5a51543fd9fb64f524f5478
7.00583246,0,0,22.000001337,0,0,0,0x1299cffdcecb83d72ddee2a078bd917b9d1abc7c5fd166b19a6a96d2e9ab9c74,4218411,0xc299306d14f645f2f1c4c140bfbe69308d586f74,0x001866ae5b3de6caa5a51543fd9fb64f524f5478
9.99392246,0,0,22.000001337,0,0,0,0x0ee857f2866f0f5007a6b14ce093b71b57cf46d7982c33b3fbedc7dcaf019cf2,4218411,0x36dc51fed22d5da1ef13436a11e3bcb48eb6ee1f,0x001866ae5b3de6caa5a51543fd9fb64f524f5478
8.42739131,0,0,22.000001337,0,0,0,0xbe447c0f06598bf7abacd5e9bd31966429090f73a9a0ea1ffff5ac0e01825e20,4218411,0x312e014c1775ee99acf21897767d567fb17302f2,0x001866ae5b3de6caa5a51543fd9fb64f524f5478
9.13005203,0,0,22.000001337,0,0,0,0xace02727aba05592a165e8f6ab247672c8d915313fcea3763c49a2fadec2b658,4218411,0x53f18bce3290ae9b1f389bf42499c2c21e85560e,0x001866ae5b3de6caa5a51543fd9fb64f524f5478
9.99392246,0,0,22.000001337,0,0,0,0x41e515aaa07ebb66168a572fcee0ca9fd0b8e92fe200bb720d5b855fa763285e,4218411,0xf7aaa945b827a1c6b666499631f632c613b6295e,0x001866ae5b3de6caa5a51543fd9fb64f524f5478
9.92484006,0,0,22.000001337,0,0,0,0x22296c6dfcb151dec95e392b755fabffd9eb06eafe0ade6d76feac8fbf51a88a,4218411,0x1c7babe25c6839dcf8c366890bc47d7ee6c2b4d0,0x001866ae5b3de6caa5a51543fd9fb64f524f5478
7.97392246,0,0,22.000001337,0,0,0,0x0ad4b9d81f937063fd4513267f655a752cf3973f7aafd6c6728149bb0434b7f5,4218411,0x717f1fdeeb57ff138122f943e361341c76640789,0x001866ae5b3de6caa5a51543fd9fb64f524f5478
26.98958,0,0,22.000001337,0,0,0,0x956e38e219aedf0e9c861a6c90572e8039596de8ba9b4433f298f71510a15b10,4218411,0x33bb5ffbfd86f4edf82765a60ffe1dee875508da,0x001866ae5b3de6caa5a51543fd9fb64f524f5478
8.24754705,0,0,22.000001337,0,0,0,0x43ecf41a2c7f6f589d2e1920a989bbd838d7f3676f36ef9246624e0e2f67477b,4218411,0x9563b479120aa3a7496bd604d17deb885e2b8362,0x001866ae5b3de6caa5a51543fd9fb64f524f5478
9.23571603,0,0,22.000001337,0,0,0,0xc6200ba24f481dcca475c38da8b4e2cd95cee4992586ad24530838f4719cfc58,4218411,0x8b8b90581b954df4211b38324d5ffa0be4171235,0x001866ae5b3de6caa5a51543fd9fb64f524f5478
9.99392246,0,0,22.000001337,0,0,0,0x263caf5512f869beb3bc937afcf37a89988cdd60584d071607f85660840da0e0,4218411,0xa7d58e37a4f32a071760c91dfbf9ec489c17c979,0x001866ae5b3de6caa5a51543fd9fb64f524f5478
14.311810540404872,0,0,22.000001337,0,0,0,0x87f3f8be3cace7468ff11250d06937ae0c2f848137dc05b48656330cf9b1653b,4218411,0xe4bb865b8a56f1123a64f6ab08be660fb00409d0,0x001866ae5b3de6caa5a51543fd9fb64f524f5478
9.42936432,0,0,22.000001337,0,0,0,0xd44d325dd6d624ab6efbab993193ffecf88948d1687047ff075b07974fbab7fb,4218411,0x0b0bdac8995fa0369171b0ae9b979c7393f0fc86,0x001866ae5b3de6caa5a51543fd9fb64f524f5478
9.92892246,0,0,22.000001337,0,0,0,0x8ff44ae1d91b4aab2fb30adf9d823de71581fe9a142ab9500c00446b10ed1bca,4218411,0xdcf247fa13fa27aeb4b60614e6a56d60ae1076f2,0x001866ae5b3de6caa5a51543fd9fb64f524f5478
7.49028061,0,0,22.000001337,0,0,0,0x49e470250466d81097c78f047e610de4a649b5949e534336c23abc1cc8b13476,4218411,0x644076d473975a5400bba8bf2280d897ea221f2c,0x001866ae5b3de6caa5a51543fd9fb64f524f5478
9.99392246,0,0,22.000001337,0,0,0,0x743e31f17738cafdbcfb2801cc32ccb01227d19c9d3d3cb3e621fc8e1652c7d1,4218411,0xde2557a0e0df9b9e8d8741943759ce925dd407d4,0x001866ae5b3de6caa5a51543fd9fb64f524f5478
8.068698738200506,0,0,22.000001337,0,0,0,0x35adec3c81514b38e24a5b67134795a67bb3309922bcc1f2989147db384b6573,4218410,0x20959893f3248907dc9dd70f10b16b31a92f9934,0x001866ae5b3de6caa5a51543fd9fb64f524f5478
9.32749246,0,0,22.000001337,0,0,0,0xa3337d68f662efbf1bc1ed06f34dc91290b3a749f1a8b85b442a0cac54644a2b,4218410,0xdb3892e3dc716243aadfeaf737a1ad4cc196c8d1,0x001866ae5b3de6caa5a51543fd9fb64f524f5478
9.69392246,0,0,22.000001337,0,0,0,0x4a0269fc490a6d0487f8243e9cbf3f2b0e7ee55b284019265d9b1ca3c688f201,4218410,0xe2a71996a717d24f167f618bb947b80c6410164a,0x001866ae5b3de6caa5a51543fd9fb64f524f5478
8.56423356,0,0,22.000001337,0,0,0,0xf2960feb965c34d9feed242effb2ed4324c77b45b7e40f39b7df0aaaab006229,4218410,0x45a257c8076a96b604d3d62db9233bc319f18638,0x001866ae5b3de6caa5a51543fd9fb64f524f5478
7.99392246,0,0,22.000001337,0,0,0,0x9365014f55ac4ef4b28dc023f0f59bbf0bbcdde56899848500d0911140c23b51,4218410,0x8aecdf2ff2e84b5caa2d19db0cfcf9403128681a,0x001866ae5b3de6caa5a51543fd9fb64f524f5478
9.99392246,0,0,22.000001337,0,0,0,0x3598c1bfad37439e7367e3a90d04aefd8f905de018e5443837ee69d0bead8b2f,4218410,0xb3ea661bc19c5b9fa2b0a8087e8b51382d40bfaa,0x001866ae5b3de6caa5a51543fd9fb64f524f5478
7.08369826,0,0,22.000001337,0,0,0,0xc011ec3d987206cc8c8f1e3343e9e2bac8b60bdecbcecbb54796e47cef5506da,4218410,0x1479d21ebdc431968585380e6b2b03b9b6ca9900,0x001866ae5b3de6caa5a51543fd9fb64f524f5478
8.51790754,0,0,22.000001337,0,0,0,0x031625347300fc524e52160cbf437ed9e89f72e3910bcf9deb139a75160ec923,4218410,0x3df7749e1977b00b7a1e975983a894d5b374d128,0x001866ae5b3de6caa5a51543fd9fb64f524f5478
7.99392246,0,0,22.000001337,0,0,0,0xde15d5abbf923d56c80a72ccebf4e70e8e2c6a620ce8c7cdf8e92209a60c9c1b,4218410,0x8e83e5dd670a67a60bd1bc1cd336f81f1d5e0e4b,0x001866ae5b3de6caa5a51543fd9fb64f524f5478
7.99392246,0,0,22.000001337,0,0,0,0x543ef007b3c0143faa8a5ab837b869a1641919ab7b988f119f343c21abddacff,4218410,0xe5b4dd3f994ba009b0c7a3c5b8d6f3b2e2832303,0x001866ae5b3de6caa5a51543fd9fb64f524f5478
188.0995175404049,0,0,22.000001337,0,0,0,0xe0d444161c8380615690e95d82813117e5c3a42eb9444fe88086b75571c76cda,4218410,0x9859edda8199f4a5eafb67134dd0bc9f4b95b471,0x001866ae5b3de6caa5a51543fd9fb64f524f5478
8.89392246,0,0,22.000001337,0,0,0,0x27ccfb5b54f6624f1048e710b22b57d3817778b5a8308a66004231031ec9cf57,4218410,0xe68d477f0ed56db03294d2288a03fbd0aaf90865,0x001866ae5b3de6caa5a51543fd9fb64f524f5478
8.11952977,0,0,22.000001337,0,0,0,0xac0e41ec2f660e9aa9bcee462b73e5465c938fa34b83641cdbd120f651074d57,4218410,0x92e65413da8dbf187a8f90053a28fdd1a5ee1123,0x001866ae5b3de6caa5a51543fd9fb64f524f5478
7.92259352,0,0,22.000001337,0,0,0,0x2f0dc65aeeedbc5b2036605babe1069c07977e69d32fdcb87099b43d4e809dc7,4218410,0x62f4594b4a4ddbef011dddb83b34b46aa4fef830,0x001866ae5b3de6caa5a51543fd9fb64f524f5478
9.26092246,0,0,22.000001337,0,0,0,0x31e66081a533e87bce118a6a994def9fbcc6af14b94fd6eee7e0a7261b7908e3,4218410,0xd1c6eb601c4ad1e89d55606f9cb6f942b295913d,0x001866ae5b3de6caa5a51543fd9fb64f524f5478
8.14392246,0,0,22.000001337,0,0,0,0x20a7c66512cd8c08a76dfc63e8dc0fbc776d50974af7f9a2099d4806002d4e8c,4218410,0x1ade6884c1b9ff8066cb18cccf656482555024a3,0x001866ae5b3de6caa5a51543fd9fb64f524f5478
9.20768946,0,0,22.000001337,0,0,0,0xc38e50d6a66200668a6a2042107351e15a78659f1166dc406f0f8894571bba37,4218410,0xcc76b9764eace4c9bba7afd82c6b765e54542122,0x001866ae5b3de6caa5a51543fd9fb64f524f5478
9.999559,0,0,22.000001337,0,0,0,0xe4fecd182e2998558b17509cf45a78688a7f794dfd673bc27457eeead7347392,4218410,0x128d5ccd8d9c130fd248bb3e1f99c01c11222517,0x001866ae5b3de6caa5a51543fd9fb64f524f5478
9.99392246,0,0,22.000001337,0,0,0,0xe13c1993a64eef37ae25415caeb2325a39bfd4056d28c7d0ef21c20d50783434,4218409,0x7c2d3dabdc3fa2af4436bc075cc571c338677528,0x001866ae5b3de6caa5a51543fd9fb64f524f5478
7.70092246,0,0,22.000001337,0,0,0,0x28cac151b28533eaf8f736c1eafe8141feed18e8f4062293335f2baac630fbca,4218409,0x795520405e2449950c518a9076dc213f9754bbe7,0x001866ae5b3de6caa5a51543fd9fb64f524f5478
7.46762639,0,0,22.000001337,0,0,0,0x76f78b142febf8d55ef50b2fba237ed6801f03ee747901e610b22af9f491f481,4218409,0x1780e166051c74bab36a8b632da688db7bbe0d75,0x001866ae5b3de6caa5a51543fd9fb64f524f5478
9.52052246,0,0,22.000001337,0,0,0,0x7f7c95e917a3f0fddee8f5cfb0edc02a80907715127e13705688ca8adf050036,4218409,0xdf95384baab7a69f20a6287eabe1ac70155193e0,0x001866ae5b3de6caa5a51543fd9fb64f524f5478
9.99392246,0,0,22.000001337,0,0,0,0x9989faf8b90a9d6675eadcdd1df83d31ccb729d587a6a378ce3b55820e697f50,4218409,0xe3f7d51880c87e24a20e6d935039686662442670,0x001866ae5b3de6caa5a51543fd9fb64f524f5478
7.08392246,0,0,22.000001337,0,0,0,0x75da0274526cfd93c89bd8f2186dcfbc350b0c2b88a7fca8c638138efd07e011,4218409,0x543bdfc432a2619392918d54c0a4d2e75479a782,0x001866ae5b3de6caa5a51543fd9fb64f524f5478
9.99392246,0,0,22.000001337,0,0,0,0x9731b1f19870b09eb57d52bba0d19954d4d0e2f49f225baf5ba715ef0cff332b,4218409,0x6f10c38164fad07be4c978bca1a03938645a4160,0x001866ae5b3de6caa5a51543fd9fb64f524f5478
9.636537999971925,0,0,22.000001337,0,0,0,0xb8231c56ff51636de534c2b88d879c46ed0871edac7181f92d1cdedb0ad4de2a,4218409,0x2a6424d132c3474f2cca8a072cabfc01b23e5856,0x001866ae5b3de6caa5a51543fd9fb64f524f5478
8.29392246,0,0,22.000001337,0,0,0,0xb90ea0ee2735a2480ddd845b94db794cf7de967db293de070b5317779121ba3b,4218409,0xa4eb2574c27f3b91ed6e8021b4ce8f6f647c13ca,0x001866ae5b3de6caa5a51543fd9fb64f524f5478
9.99392246,0,0,22.000001337,0,0,0,0x9e3cd3eedbadf1960ba1f989c67a07874f5f6629d8ba18289fcbba0142c213db,4218409,0xcfaabb1ce59a2d701a4c02308f6650e31ddf4878,0x001866ae5b3de6caa5a51543fd9fb64f524f5478
7.80576918,0,0,22.000001337,0,0,0,0xd8d88cdfe723f61dd68e9b2688697a1d728c31c7cb010c84d52a3d020157cd72,4218409,0x1ca0936107105ae956c7946267ff62131c29b4bb,0x001866ae5b3de6caa5a51543fd9fb64f524f5478
9.63963768,0,0,22.000001337,0,0,0,0xf840d75cbd43571916f9d89ea3d1e191c864fdae3b1c223ecb60f0312c1dc381,4218409,0xd70aae09a4f87a41260eaf9b69970e7ecd6be22b,0x001866ae5b3de6caa5a51543fd9fb64f524f5478
7.61896808,0,0,22.000001337,0,0,0,0xc5143f7553fe355e18479fd1b3f564d8b2aaf9d9145fb5091a44e0ed545a97fe,4218409,0x58ef38591c82c09916b37e8bbef7cc0309d38860,0x001866ae5b3de6caa5a51543fd9fb64f524f5478
7.98892246,0,0,22.000001337,0,0,0,0xa7ca7b9d1821b0eeb1c79ab866f2e20700b7f19a4f5c82399b8868e575992365,4218409,0x3245d5d9cc7b0c6efe2c5aac483bac84f67974d4,0x001866ae5b3de6caa5a51543fd9fb64f524f5478
7.97281406,0,0,22.000001337,0,0,0,0xa41a8845340ea325ecf216d101927b841ee44d1bdeab5dd083ce5ebfbd3622ce,4218409,0xb1687f0c3ff7d5567bf5d900bd8bd50087ee9079,0x001866ae5b3de6caa5a51543fd9fb64f524f5478
8.87214946,0,0,22.000001337,0,0,0,0x29f6bf52de613c5c8c3add9ed4598bb811f10b09b9edf28868436f8582f79611,4218409,0xa2c0a9e03860bcd56400b3ad0e0e586a1a03d0a3,0x001866ae5b3de6caa5a51543fd9fb64f524f5478
8.99392246,0,0,22.000001337,0,0,0,0xd69333c690c43e21f80af6d707217d39b844bd4ea8500859e34eab100d5b92fa,4218409,0xe170153f8b73fcb26e4c16b1ab53f9dc42cd5c98,0x001866ae5b3de6caa5a51543fd9fb64f524f5478
12.41392246,0,0,22.000001337,0,0,0,0x61377c237247d05fe5ef7c7785ac37d274dd6ee88916bb8f2ea92ab62a8f1170,4218409,0x794fd607b6357edd4b62373a249f09c3423f5fdb,0x001866ae5b3de6caa5a51543fd9fb64f524f5478
9.99392246,0,0,22.000001337,0,0,0,0xbb23b2992e6b5ab44685208caa553b01b48ec804822e304f922202367b985786,4218409,0x65b3dc250820f15ee6adf7d78c1f7a53ffba6bf8,0x001866ae5b3de6caa5a51543fd9fb64f524f5478
8.4924743,0,0,22.000001337,0,0,0,0x595ce18a3179b3030a9a9d32e95a95e3c848f40b207cf0fc46c010a2680a92ce,4218409,0x04b32b363eb819257d9265c653ca7ee65849c068,0x001866ae5b3de6caa5a51543fd9fb64f524f5478
8.12392246,0,0,22.000001337,0,0,0,0xaa3d1947d8fc384c371cfd43d9dd96afb5b68fea0476fab3c963cf802f592045,4218409,0x17b6db6c688eca64ded2d103d3b06e50ef244f81,0x001866ae5b3de6caa5a51543fd9fb64f524f5478
9.15290999,0,0,22.000001337,0,0,0,0x11ff3b2d3ffd3cc5922b16852e86efe5ce817d0727f685e56c9d8fc44950592a,4218409,0xceb428830d369c0b0a4827973f9ec08dbde8fd54,0x001866ae5b3de6caa5a51543fd9fb64f524f5478
7.44392246,0,0,22.000001337,0,0,0,0x021da6e2fde09e8b70b0ad3ef8e406924137a667126a8eb13db357bbd06948c8,4218409,0x9e36b91fce58f20002dd0f0ade740cb518d22fc7,0x001866ae5b3de6caa5a51543fd9fb64f524f5478
123.00392246,0,0,22.000001337,0,0,0,0x10bafcf12edb2f979786cf262a724524430af95602cdee3c0769531f89b67564,4218409,0x15daba60ee10d382e29c264cf73fe3cc3e89169b,0x001866ae5b3de6caa5a51543fd9fb64f524f5478
9.9956089,0,0,22.000001337,0,0,0,0xffee7112358da66abfa170a72e6f60aa550aa0f61d77ec073e4c5f3640b5fc61,4218408,0x1140a8862586fb40186cc7f577682f7c3ef6e70e,0x001866ae5b3de6caa5a51543fd9fb64f524f5478
7.49392246,0,0,22.000001337,0,0,0,0xedc5cbaaf7c63c34f752efdf53b1792bc9d660411bee17cf387c0ecf9f90845b,4218408,0x1e56e726b5ef961f80f2b4701b52508d7e5d25bf,0x001866ae5b3de6caa5a51543fd9fb64f524f5478
7.78913078,0,0,22.000001337,0,0,0,0xe4b7036e4e7d559cc87de9860af4b9ebd62fbbddd8847fe7ab1ad0f88e804479,4218408,0x41f16d9fa73767916ab84ca433c18152c780618a,0x001866ae5b3de6caa5a51543fd9fb64f524f5478
9.92049424,0,0,22.000001337,0,0,0,0xd3694fe4da692ac92c36586c9f9865f3cf175a715bc137a0f3e01e852e0c540e,4218408,0x91739169df8b8054311df951f5932aee291b211b,0x001866ae5b3de6caa5a51543fd9fb64f524f5478
7.3626244,0,0,22.000001337,0,0,0,0xc404e726f4331d70a56940f8e17f693176f7e78115cf90cd939e0afa89f7c2ff,4218408,0x2ade22b0c80e33fafcd4c9bbdc065cb3b3902db9,0x001866ae5b3de6caa5a51543fd9fb64f524f5478
8.19392246,0,0,22.000001337,0,0,0,0xc0814b6b9af9dd59d838489dd2224b8227f572205af8f4b96224c44c8f49e172,4218408,0x9238c9fb5065a167c06bb459477c522e302b32c2,0x001866ae5b3de6caa5a51543fd9fb64f524f5478
8.35882246,0,0,22.000001337,0,0,0,0xb849c8f01f7e610e89792e0ccfef17f615f5bc9344e97ad9eb16030373e05214,4218408,0xa8606dccd4ac577b02b2005e664be69eb79f2bb8,0x001866ae5b3de6caa5a51543fd9fb64f524f5478
7.91292246,0,0,22.000001337,0,0,0,0xb7d923c99deb73228d585ad6ba38d3a1af2ca416269b8c5d2c036bf0dd487f11,4218408,0x5e7f67078f762746fa269bf36e61def746f19472,0x001866ae5b3de6caa5a51543fd9fb64f524f5478
9.99392246,0,0,22.000001337,0,0,0,0xb2d3060d684b58a2460c10b35e489bd9dcd7e8b1e8d11a2d7ac70d6d445a37ec,4218408,0x836da29a09aa2fdd80c63b3e7c604871a162f0ac,0x001866ae5b3de6caa5a51543fd9fb64f524f5478
8.99349296,0,0,22.000001337,0,0,0,0xa4a90e56949cd935df48a577c2b6959bc581192b4d6a42b42b4370a6e4d7cc17,4218408,0x244476ec828eddb529ef6d9da8246c2f4364bf16,0x001866ae5b3de6caa5a51543fd9fb64f524f5478
9.65724384,0,0,22.000001337,0,0,0,0xa0aca803cc0ab128422e36d7a8b79ff92a6e662a88130eb49d0b84b1f17b13ca,4218408,0x4eb9fbcb144ac578906e60261bbe3cdffd55f725,0x001866ae5b3de6caa5a51543fd9fb64f524f5478
8.49392246,0,0,22.000001337,0,0,0,0x99f1894cc72e2cb5318df5370b9c6fbd6e1962428f9671f8e2a7b92d4872ecda,4218408,0x92b95507615a8b7e46a2eb0fe1a9ea18da32a309,0x001866ae5b3de6caa5a51543fd9fb64f524f5478
18.75807246,0,0,22.000001337,0,0,0,0x98cc2162eb24ae1e85603e9ca676445d04cac7c7110e7808498c958ec3f53710,4218408,0x3e91b9a8ea82ab4e6b90d50b66c6911436bb259b,0x001866ae5b3de6caa5a51543fd9fb64f524f5478
9.99482946,0,0,22.000001337,0,0,0,0x91151f713af7f2910f46f4a474ced4c3f5c3ddaf0293b1f333303f269ae7c390,4218408,0xcf679d4a6ebb99293a42cb66cf6a6d89f8b4f6a4,0x001866ae5b3de6caa5a51543fd9fb64f524f5478
9.45244446,0,0,22.000001337,0,0,0,0x8f71497dd4b4917b13fb9be5d2a653ad5889be4a52917a68586fdd321166fb44,4218408,0xa2a6dc6756619d5209c48bf079db0f3c3006f542,0x001866ae5b3de6caa5a51543fd9fb64f524f5478
81.808559,0,0,22.000001337,0,0,0,0x7732a4dc4df8430de4a8fadda914b5b4d6f55a045a8668fbfe13431cbeb17a54,4218408,0x3be6d6edfb11a4614ad441afe1df946bbc2c004d,0x001866ae5b3de6caa5a51543fd9fb64f524f5478
29.999559,0,0,22.000001337,0,0,0,0x649dc0bdfd4613caf72f41f1c1edefeb68140895c17d6be2d6ed9dd0d7da4054,4218408,0xf53f79399e0e0d7a5b5d7981dc1b01d6b60d3222,0x001866ae5b3de6caa5a51543fd9fb64f524f5478
9.14392246,0,0,22.000001337,0,0,0,0x5f2613e128fd04ecb28645430ca3910484e6fd41be07eb0d9b2916588b699592,4218408,0xd7f2174958d2e2b8d6b7084dad10b118ed1ca140,0x001866ae5b3de6caa5a51543fd9fb64f524f5478
15.93262246,0,0,22.000001337,0,0,0,0x459bf77c75fd263e354d9b00cc9c2824aa696a39a3759ff6df49a4d831eb69ba,4218408,0xc2230aba8bebe393a5104016c75fb3771b037df5,0x001866ae5b3de6caa5a51543fd9fb64f524f5478
899.9895105404049,0,0,22.000001337,0,0,0,0x40ef3c5487b18c97737463d47aa2f01563e4d5b3a25e10584757353a08b65887,4218408,0x317a5c4d1540cf94d35144e08b2e9690bfae0094,0x001866ae5b3de6caa5a51543fd9fb64f524f5478
7.74630172,0,0,22.000001337,0,0,0,0x381ec8db59c0b2182d37b2ae0845936204de6788c1c15f48e5349f347fa2bce2,4218408,0x86348d23ab551447e9c022a63b5bea083f29f3d5,0x001866ae5b3de6caa5a51543fd9fb64f524f5478
8.99392246,0,0,22.000001337,0,0,0,0x33a1ba69f150759b6a238991dd02ab6256c879558956148fc947e4f23f9e56bc,4218408,0x8858806afd87ca1cf111ce6b1f9fa029873512e5,0x001866ae5b3de6caa5a51543fd9fb64f524f5478
13.99728,0,0,22.000001337,0,0,0,0x2740c7c9807822a132812b8ac698adf304d066603f7c369cf7ff56b806fa3867,4218408,0x5a7c053dbada2b668234d5a6fc6d372e0df27073,0x001866ae5b3de6caa5a51543fd9fb64f524f5478
8.61308629,0,0,22.000001337,0,0,0,0x1a4358db6dcf1cedee3441dca6dad976f4b3ea57cf887cebe8830c11a35f5505,4218408,0x31b3209ba94f1464ab305bf2dde75ff35d525415,0x001866ae5b3de6caa5a51543fd9fb64f524f5478
8.19392246,0,0,22.000001337,0,0,0,0x1287650b8ba87fb760101d346471344e4f4464993449c94c7d2587e91d1b6256,4218408,0x6748c1a001b8490a76d06af7f3dfad44ba9553ee,0x001866ae5b3de6caa5a51543fd9fb64f524f5478
9.64709543,0,0,22.000001337,0,0,0,0x0d2c393a25d4f93a7f7658b6fccf0167eb25675175adeb9a95c356d85751e63a,4218408,0x1dcfc3f1f874bad8a409e1f8dbcc34d32bb52de8,0x001866ae5b3de6caa5a51543fd9fb64f524f5478
9.49392246,0,0,22.000001337,0,0,0,0x0712ee0bf66cb1259f3c131a02167208a9848f930fb77038b11ef2f49e9e6722,4218408,0x72d66ccda9dbcbc5bffb607a73abb257f59ca00c,0x001866ae5b3de6caa5a51543fd9fb64f524f5478
9.999559,0,0,22.000001337,0,0,0,0x0391fd6ad901b470b41231314afebce684db422f137923c59390569bd24cf9d9,4218408,0xaeace16a362eb0f42ed7e3d68c3be75a89b4ce94,0x001866ae5b3de6caa5a51543fd9fb64f524f5478
7.14607314,0,0,22.000001337,0,0,0,0x0d825439f12148697d667df879e0f9135c7ece25b6aa69ac2cdac6f50aabb65b,4218407,0x06a6fdd6970871dbe9c0efbf4722c3a7ae863aff,0x001866ae5b3de6caa5a51543fd9fb64f524f5478
9.56333546,0,0,22.000001337,0,0,0,0xcd186152efb70e9b32177853b6ff2f1e1bd5231277cdcb4ba0e971e910b1141c,4218407,0xc704a509dde564e0d9b3ccbde7109f5660be4f36,0x001866ae5b3de6caa5a51543fd9fb64f524f5478
9.95964716,0,0,22.000001337,0,0,0,0xf39f043799c995ea6186a7fad0a77cd558c4686bf7c89b53268f517f32ebfa1c,4218407,0x64c2263438edb7541318e94beff86be5ef24c455,0x001866ae5b3de6caa5a51543fd9fb64f524f5478
7.97592246,0,0,22.000001337,0,0,0,0xf55e95a320d17ce121d753fc448a7d1494899d391dc1522177d4ff84eec3096b,4218407,0xdcfb13405fec3518c7a6e3984bc9e8aa6d2be8c1,0x001866ae5b3de6caa5a51543fd9fb64f524f5478
8.9550645,0,0,22.000001337,0,0,0,0xce51691445a923560ac9f8332679f27155676e5094a4de841c16448060588ca0,4218407,0xbcb0e36ca08ac7ace8fe0a8d03f9ea1e572115fc,0x001866ae5b3de6caa5a51543fd9fb64f524f5478
7.98392246,0,0,22.000001337,0,0,0,0xd7aca19e0c7aa4609fdb09ddf63b151d79b247f2a540ce59c266cfb46189a038,4218407,0x28d10097caa91006c61faa5fe4eaf59532a22578,0x001866ae5b3de6caa5a51543fd9fb64f524f5478
11.74068488,0,0,22.000001337,0,0,0,0xe78d7718db29ffc4dcf26e3848eef158a4a24c40b5f8bba9f4fa0dc7caecf829,4218407,0x088d1beb006be228835e364f51c2c0be3f551a15,0x001866ae5b3de6caa5a51543fd9fb64f524f5478
8.99392246,0,0,22.000001337,0,0,0,0x8d8ea7eb38d05dc4b8a4ec0f5dd38ef903cbcf246cc3a8f169d33d886088ddf3,4218407,0xa38a944e1356e768d59dcc53d42339fc9aa24f60,0x001866ae5b3de6caa5a51543fd9fb64f524f5478
11.46392246,0,0,22.000001337,0,0,0,0x26e30e435cf140e236499d6aa830536d3b862b268ff76f2d0ede40abf25f1a10,4218407,0x895309738d3fe31da30ecbc174f979c0e3f9b794,0x001866ae5b3de6caa5a51543fd9fb64f524f5478
8.80392246,0,0,22.000001337,0,0,0,0xeae1bc171e014d4bb4c55d2e1734c0f51f03c1fc85b1ee0b870551bd41d50895,4218407,0x0e39e7b6603fc39d88ea9e9e84479b1da9a71bdb,0x001866ae5b3de6caa5a51543fd9fb64f524f5478
9.49967356,0,0,22.000001337,0,0,0,0xa38d0cf9464268924e730199878d45ae08532897f6b50aa1de475ee4b6abc094,4218407,0x024471bdb47321b0dd24fc6e946f2b58e78bbd1c,0x001866ae5b3de6caa5a51543fd9fb64f524f5478
10.99392246,0,0,22.000001337,0,0,0,0xe368ddbb118ab51a9b225d581ca9896ad9a979e1472bfe54006b083b069dd1fd,4218407,0x83ec27ea3450136a482ca149c860b9eb6c2a6758,0x001866ae5b3de6caa5a51543fd9fb64f524f5478
8.44460995,0,0,22.000001337,0,0,0,0x67bd3cb1fb1a469684da72edafaa5aa5badfa0407d203bbcbcbcc1a322c98174,4218407,0xcf1bd89736b38e156a7a94aed0d2a2a95f1be0fa,0x001866ae5b3de6caa5a51543fd9fb64f524f5478
9.97864146,0,0,22.000001337,0,0,0,0xaa34b9b4600cc276ae2302f7b803807630ff1265d15c9149f55795ea4a62c714,4218407,0xe40b1142dd7bb7056cb83eaece3fe40f64d70e54,0x001866ae5b3de6caa5a51543fd9fb64f524f5478
8.00392246,0,0,22.000001337,0,0,0,0xf37eff6656feafe3c336845f06697a213aa70745ae6e4e4e050f031526f0d949,4218406,0x5291bc42b103355ee26fc129fc57409b7accd00b,0x001866ae5b3de6caa5a51543fd9fb64f524f5478
9.99392246,0,0,22.000001337,0,0,0,0xf0dedcc61ef72e3f28df936193022bff69278c64c00a680a96b6bf7e8bf9a19b,4218406,0x2476c6e24e07ee202e24772bd9e4ab309eb25579,0x001866ae5b3de6caa5a51543fd9fb64f524f5478
7.95397046,0,0,22.000001337,0,0,0,0xf047d6618bf6d51ae737590266c5ba273b2688596e5f1f268ea70afb2fdc7392,4218406,0xcf60c1b7e23e794872ca7efadcef0e503736366c,0x001866ae5b3de6caa5a51543fd9fb64f524f5478
9.99392246,0,0,22.000001337,0,0,0,0xe3fec657f8b7e86a01e34f533b0c91a0b86f752484e31e97bf40b73ea292fc40,4218406,0xd84447e19db7bf9be2592be2d221f4e0e1763007,0x001866ae5b3de6caa5a51543fd9fb64f524f5478
8.19262246,0,0,22.000001337,0,0,0,0xdfa6ab8ccd6d9ddfb39be0f40bcf13f51e494eab4c4d1700235100eb53878c8e,4218406,0x8e354bbe20496a9f51a4d4bef3840262c68bb82f,0x001866ae5b3de6caa5a51543fd9fb64f524f5478
11.46458,0,0,22.000001337,0,0,0,0xd28519c40f2ed521eeafdca4d7e7ed69935187b7ffced8390269e0ae3305b25d,4218406,0xf6c6dfb778db6c8485b31dd364fb9dab487fa033,0x001866ae5b3de6caa5a51543fd9fb64f524f5478
9.99392246,0,0,22.000001337,0,0,0,0xcf1a1d1655ec381fb2806f2d1a9c56c431119054991561097de5abd7103a3394,4218406,0xc075c257fa270f6894bbfaf170f986997064fdec,0x001866ae5b3de6caa5a51543fd9fb64f524f5478
8.14638183,0,0,22.000001337,0,0,0,0xbfe4a509be8713844a371f076e34342ea1b20defb27f84ac0cdf1b2805b34ce3,4218406,0x66489d8091e30ab4648bc02e0bd99f1852d20d44,0x001866ae5b3de6caa5a51543fd9fb64f524f5478
8.49392246,0,0,22.000001337,0,0,0,0xbdf54392dac73a54027a51d78e00cb63544e1bcd0dd5ce1919a7b0f5b40a07f5,4218406,0xd6516952e8e012c95749876b153642f087d9901b,0x001866ae5b3de6caa5a51543fd9fb64f524f5478
9.999559,0,0,22.000001337,0,0,0,0xba3dd959b5c599aa35577f4785c5c6b20bee84e491e131f0cbffe7d23fc9e375,4218406,0x7fcbb471349fc1c93e0bfbd62c24197f01ad8e25,0x001866ae5b3de6caa5a51543fd9fb64f524f5478
9.97392246,0,0,22.000001337,0,0,0,0xb36bc15af43c04efc359fa5cee0d0d69bcb0b8961556cffcf2403794b7ce3880,4218406,0xd869146a4a3da4aaa5eb91dd664ec4e752b55283,0x001866ae5b3de6caa5a51543fd9fb64f524f5478
7.99304046,0,0,22.000001337,0,0,0,0xb34d2f0c0935b14f173dbf3e59fefa12fe355d783beffd616059a38a4e8e4814,4218406,0x292767dcb809c12f34094007d7e66a212376182e,0x001866ae5b3de6caa5a51543fd9fb64f524f5478
8.49347574,0,0,22.000001337,0,0,0,0xb146985c114190358d905a74b775823b6090f7b8aa113c87c15855c0eeca611a,4218406,0x9922988dc060b423a3fc709f499f95d3a21e91fb,0x001866ae5b3de6caa5a51543fd9fb64f524f5478
8.94792616,0,0,22.000001337,0,0,0,0xaeed4e43b66ee8db053d29ce3657239e11c5776b5bd490e883b02c8af50f4f28,4218406,0xb8ce7e4c752bd3ff45b08ee4bab05f50a50dacd9,0x001866ae5b3de6caa5a51543fd9fb64f524f5478
7.53392246,0,0,22.000001337,0,0,0,0x94f9fadbb205f80f550b65745309859ae805bd576e0acd169a128a3584a10cac,4218406,0x69dcfa93a469c10d9b58ee3ca5a44dbc83cf28b1,0x001866ae5b3de6caa5a51543fd9fb64f524f5478
9.49392246,0,0,22.000001337,0,0,0,0x8b02cca9b836d61290df37105796aefff042d070ab56ae6be0c252e6549b91bb,4218406,0x43e096802383306e9715a383d9f99e9fd3a95b20,0x001866ae5b3de6caa5a51543fd9fb64f524f5478
10.05812246,0,0,22.000001337,0,0,0,0x87c4a7852db2ac176653c79868078bb849008d5eee6657363ec6defe8f7956b6,4218406,0x128090330997690d9325c556b890b32c7a74ed93,0x001866ae5b3de6caa5a51543fd9fb64f524f5478
7.84392246,0,0,22.000001337,0,0,0,0x86bcfc9c3b71116023ef4a0e9bbad8f0a8b9a7db4d3542a7501c3eca9a872dde,4218406,0x6eda3adee5306a5971b8917c39d190c446754586,0x001866ae5b3de6caa5a51543fd9fb64f524f5478
28.727372,0,0,22.000001337,0,0,0,0x8531b092d763b8adac5522e2268345c8288a184a5ed2c730c14931b8e88b72d9,4218406,0x2bd831b7fd3662ae2eca2ddc6ff7d89f4f03e9ae,0x001866ae5b3de6caa5a51543fd9fb64f524f5478
7.78262246,0,0,22.000001337,0,0,0,0x7366dbd5923808fdef74c1b0159318faa23146fb43a837e377306d18157c7fe6,4218406,0x6a7d39e0993b091f7b705a43a41e38186103c715,0x001866ae5b3de6caa5a51543fd9fb64f524f5478
7.99937,0,0,22.000001337,0,0,0,0x73585c4de33ffe3447f7dad7b0912eef50e59d61e5816ad6ee6bc2d29f188c1a,4218406,0x3280bef21ba9b814d9c3a0d13230410e73f0d2e3,0x001866ae5b3de6caa5a51543fd9fb64f524f5478
7.17806186,0,0,22.000001337,0,0,0,0x70c1f67a24b7516a464dab096930683f58f38f7bfa93c9145c250ee71b5669a9,4218406,0xc3b013cfea7df0a830d9979dd606152b56bb3d8c,0x001866ae5b3de6caa5a51543fd9fb64f524f5478
8.97835791,0,0,22.000001337,0,0,0,0x7089439bfbaf04aa4525edcf65a0522a93755fd04bf7edceaa935e221166b2fd,4218406,0x63c44c6428ca901f517c62cd84040c802f6f212b,0x001866ae5b3de6caa5a51543fd9fb64f524f5478
8.52448149,0,0,22.000001337,0,0,0,0x6f7a816b5a2dbbf226569fbdc894ca1d4733f82375032173aa4d620a2cd7046e,4218406,0x9daba2f3caa67ccae33b70cb439211d4db05fa50,0x001866ae5b3de6caa5a51543fd9fb64f524f5478
7.29002246,0,0,22.000001337,0,0,0,0x6f66541ca4c3a7b6550d0a3258116907a72102e697c712774df47048cc2e0864,4218406,0xd95a3362abfb0d39058f62b36c54e921fddb5fb2,0x001866ae5b3de6caa5a51543fd9fb64f524f5478
9.89392246,0,0,22.000001337,0,0,0,0x6c2ffb937bb190c88a6a2344a1242dbfc8a3a4303f30166d7d508720cf2f14a3,4218406,0x26983789d7c30043d326f154a0a7d30abb9162fb,0x001866ae5b3de6caa5a51543fd9fb64f524f5478
8.49392246,0,0,22.000001337,0,0,0,0x6a6dbd163d0c43ef5b7c915ec4bdac3a9eb7fcd2a8d50ca5505cdb06258ee8b9,4218406,0xd986018735623d868affaac5371de583bd8ce4ca,0x001866ae5b3de6caa5a51543fd9fb64f524f5478
8.14250528,0,0,22.000001337,0,0,0,0x5d03db5f9a9afa448ff2a6032e856453c851a0794eb132f02b717f36a18c999b,4218406,0x5b8b68647ab6728eb1f1331349add0898bd893eb,0x001866ae5b3de6caa5a51543fd9fb64f524f5478
7.50658716,0,0,22.000001337,0,0,0,0x46ef5e36357ddb2cb45d45075abb6ee174ba045a433d08c87adf5ba7865be763,4218406,0x3d315ad6754f3e2ff0faeee4acb39ffb05d623a6,0x001866ae5b3de6caa5a51543fd9fb64f524f5478
9.26799296,0,0,22.000001337,0,0,0,0x3ac0820124e3f0ebf66a5ebd4aa768f8af06ce5f5562251be8661277a8e688b8,4218406,0x1fd4a4523e53c0d1f79ca36b719571c53edfb87d,0x001866ae5b3de6caa5a51543fd9fb64f524f5478
9.999537999971922,0,0,22.000001337,0,0,0,0x32f5de5e89f97a78d63823f15cbcb7471fb799efc82fb7196e6b169ea1498c76,4218406,0x659993712662976ecd111bfa4f93028eec31ded9,0x001866ae5b3de6caa5a51543fd9fb64f524f5478
10.90356147,0,0,22.000001337,0,0,0,0x2440fc039229a57353f5121971ccafecabd95aa641480f50042fb06df4eed7ae,4218406,0x0f9e9d0ddbf21d4b75bf21a136586ba063cf0977,0x001866ae5b3de6caa5a51543fd9fb64f524f5478
8.49392246,0,0,22.000001337,0,0,0,0x1ddac1a18e940cff0a07caed282381e47f4bb5d35488038529214bdb6c81e14d,4218406,0x0fed1c01702acbc463280b3da5faa7ce66ed4108,0x001866ae5b3de6caa5a51543fd9fb64f524f5478
9.99392246,0,0,22.000001337,0,0,0,0x90d16c19abbe655f592d13dfeed8dce09d93f4a41aa7849d76b2c5225eb58ce6,4218405,0xa9be8134ee94c02d8f5e161cdef445c347ad74e0,0x001866ae5b3de6caa5a51543fd9fb64f524f5478
7.45646746,0,0,22.000001337,0,0,0,0x06b59fae483cada4c6bb0f22d33bb535db25c6b26787705cc0ef255d2639add8,4218405,0xcde696614b779df2a2529d2795311df6a8599344,0x001866ae5b3de6caa5a51543fd9fb64f524f5478
8.05903829,0,0,22.000001337,0,0,0,0x56767f6a6c5c09f2514b39d873286a74f06ac62c8696f45009bacacd03110c84,4218405,0x638a6108609000a6359836ef17063a969aa4028f,0x001866ae5b3de6caa5a51543fd9fb64f524f5478
9.89392246,0,0,22.000001337,0,0,0,0x3128d1e03e1abfeb61c69eace0de1ee311a2a3f6f1d34c7ea52e7ab635bad04a,4218405,0xa886f246902426db26a720c94b25649cc8cef395,0x001866ae5b3de6caa5a51543fd9fb64f524f5478
8.93950117,0,0,22.000001337,0,0,0,0x58293c24213a957983ffe0b0fdee5800bcf0871c609b3670a2988cf0cfa99a82,4218405,0x41c957d9cda167e83e60324d1b8433796ad902ea,0x001866ae5b3de6caa5a51543fd9fb64f524f5478
12.25256061,0,0,22.000001337,0,0,0,0xe1c36a5b224ced478d951ca2149c0178724901faf2e59c8e00c05510ed98aac6,4218405,0x8c797653f20049c9c7362c561974f2a250fb24ba,0x001866ae5b3de6caa5a51543fd9fb64f524f5478
7.62047775,0,0,22.000001337,0,0,0,0x609e581ed742765ba57f06bc2450fec9ee135ae86b250855a32b3d76d3fc205e,4218405,0x3f5cbc26291e91b13f4788c9480a03dc9f04f078,0x001866ae5b3de6caa5a51543fd9fb64f524f5478
9.18392246,0,0,22.000001337,0,0,0,0xfb65e6591df58add7d671652502c610866d6a73d4dc822f16d13ed49c9285a29,4218405,0xce956a2b943f5a81b3ff2df0ffefb3f0879af0fe,0x001866ae5b3de6caa5a51543fd9fb64f524f5478
9.94954406731929,0,0,22.000001337,0,0,0,0x87cd56d466052e4756a015abbf120c6ba13fee9ebd7f1e495eb61cf922fa3b1d,4218405,0x1dd237d23ad85c1313af18a8419f5ab0d19e1da3,0x001866ae5b3de6caa5a51543fd9fb64f524f5478
7.82592246,0,0,22.000001337,0,0,0,0x6128a52d6bbf9e0a64df1540f09c9d874fd2af1af42bf5e13d53ed8330bff677,4218405,0xcc9e5067701182f5ecba2719c801c14f618b51e9,0x001866ae5b3de6caa5a51543fd9fb64f524f5478
9.98392246,0,0,22.000001337,0,0,0,0x5298dbde12e28ff272e36d66d73c56083d46cf8e98e5f1ef2f3a96b549336315,4218405,0xadea753832a5c2a05dcfbf8bacd641c8cbf17be1,0x001866ae5b3de6caa5a51543fd9fb64f524f5478
9.98392246,0,0,22.000001337,0,0,0,0x1a3b07864662202925f452fe2d4d2d085136e19aa973ed6f4370abe6efe6091a,4218405,0x32f5132071aef0506f66f9f537de0fae6efa59f1,0x001866ae5b3de6caa5a51543fd9fb64f524f5478
8.98392246,0,0,22.000001337,0,0,0,0xe5a85301b67077ac8ea2d6eb0a9b68b4e015bb981d22f17558b6e9bb5ed3eb53,4218405,0xe1f33a3c67a1fd225c31edea28d1138cc35a7b5b,0x001866ae5b3de6caa5a51543fd9fb64f524f5478
9.20692079,0,0,22.000001337,0,0,0,0x50f8c3955beb6b272c5a3ec4a460df5a6730f6b6990d3e5bb6b3166a4368b3fc,4218405,0x371231e83198cd668d807b12be68c7284f48823a,0x001866ae5b3de6caa5a51543fd9fb64f524f5478
10.745819,0,0,22.000001337,0,0,0,0x82551ed00c07ee9bdb7044523f9483a6aff07ec865937707403a28fd977d5220,4218405,0x9ed2a077d869555bc2091e518e617206d2108ca8,0x001866ae5b3de6caa5a51543fd9fb64f524f5478
7.20068846,0,0,22.000001337,0,0,0,0xfe65f4f789b9ba8853c2c246f1cb36e0ca4cd2dc6f5f4bdb632c17a0c41332d9,4218405,0xdc43e7d86ee1d113600cbf1e32d877bff7a18203,0x001866ae5b3de6caa5a51543fd9fb64f524f5478
8.45392246,0,0,22.000001337,0,0,0,0xa49837a66c7fd73c0b205381d2029dfb465a4358996bb7e7ca8fd339813aaeb9,4218405,0xe4610bbb823d9569e118815c8066a579fc89e13e,0x001866ae5b3de6caa5a51543fd9fb64f524f5478
8.99392246,0,0,22.000001337,0,0,0,0x68eaa26d2c69c3f24bee56c6941289388b94eb22c6b67ba37e68ddb2453adbca,4218405,0xcd2bd95f228e59566a9691cd1b0d2aa1daf2948d,0x001866ae5b3de6caa5a51543fd9fb64f524f5478
7.05514416,0,0,22.000001337,0,0,0,0x4e5d07595f07751cd1cb96a7d29e7cebb57bc8e63110ddbe48318dd171289d9b,4218405,0xb6f44563ecb1a9a08c7e760b07c8f41a7c9dca5d,0x001866ae5b3de6caa5a51543fd9fb64f524f5478
11.99955899,0,0,22.000001337,0,0,0,0xe78f50d29c60307a67a40dab845fd538a82210f6c053c6a489de65f149dd5eaa,4218405,0xda21f4387685a1c34017ef79acdd45468baaaf18,0x001866ae5b3de6caa5a51543fd9fb64f524f5478
7.9294739,0,0,22.000001337,0,0,0,0x03472902be5ca2c46956ae9b59a8ebef13cc2bc07ec7040ac01271ef874f1a69,4218405,0x7eff037189d209de715af790aeca5534f7b6716c,0x001866ae5b3de6caa5a51543fd9fb64f524f5478
8.99392246,0,0,22.000001337,0,0,0,0xce52e65334a4535ea98b6e420b4e1a55b53b645c0d9929e3f99455b7d001b620,4218405,0x36e311bb0650276b3761045af56c2efbab489de3,0x001866ae5b3de6caa5a51543fd9fb64f524f5478
9.58648,0,0,22.000001337,0,0,0,0x87df71665b227481f4494c098821fe12527ff4bb1331c16653f35e390988ee48,4218405,0xee46b75385ea1986fdf1701d5f321e2dab5dfbda,0x001866ae5b3de6caa5a51543fd9fb64f524f5478
9.57014863,0,0,22.000001337,0,0,0,0xd68395a36c5ddf9de503ec5180babfb6820d15913f020f03aef7855ebe4c4bbf,4218405,0x34f06f313482031ac59eab3d1e707709d6c12263,0x001866ae5b3de6caa5a51543fd9fb64f524f5478
7.35320548,0,0,22.000001337,0,0,0,0x16561132641fc46a347722e4c6cedab68fdc5041a2a9ea6d27d9986832f41cb5,4218405,0xb026c0838cd3a270d570ade3e841a9819c253948,0x001866ae5b3de6caa5a51543fd9fb64f524f5478
9.9814056,0,0,22.000001337,0,0,0,0x9c947d5a966ce77b597f6aa181c6e5f01a3c0fd838bbb3952ae2f138cf5e2be2,4218405,0x4cbb19aa8b79392b6ffad87702d3c2990b176249,0x001866ae5b3de6caa5a51543fd9fb64f524f5478
8.31262741,0,0,22.000001337,0,0,0,0x597e22fbe02c5847cfb29c13ceb84c89bd1c72a2a7d07dab145b0c8e33dc4a53,4218405,0x3a1d7c17f78060d8f17688d6cd4344211af7230c,0x001866ae5b3de6caa5a51543fd9fb64f524f5478
9.499559,0,0,22.000001337,0,0,0,0x5d30a389c75df043392dc8195bf2338e26bf56d20d70ac89ac1f7395386b8123,4218405,0x98f4b291e9017295d0015d3c00fca45f7dab37ae,0x001866ae5b3de6caa5a51543fd9fb64f524f5478
9.00093078,0,0,22.000001337,0,0,0,0x5109561df28762a36304110b72d21da3c70ef69d8b1302f436a36955ed8c935b,4218405,0x275413cc36cc2f57ed4156008470681e17ea85b2,0x001866ae5b3de6caa5a51543fd9fb64f524f5478
9.99392246,0,0,22.000001337,0,0,0,0x109b9e0f2883577fb06b56c0cf8f6a3b08c622c8db77eea5c1fec77a7dcbcf02,4218405,0x3a525c0ac1526f6cd96e6f06119b31b6fe6c0f4f,0x001866ae5b3de6caa5a51543fd9fb64f524f5478
7.95392246,0,0,22.000001337,0,0,0,0x199c10cc1433fc58316e7256f9ede3f8fb295ad5841197f5b68fa1d362fd6fd6,4218405,0x4795ab767631a0b29e9656f0c4bf9d32d064d557,0x001866ae5b3de6caa5a51543fd9fb64f524f5478
8.89516033,0,0,22.000001337,0,0,0,0x67ba7b5f57b1fabd37e887cb60b1839ec6ba0e34896e589e8ea11ff8837ca588,4218405,0x0d3f8400ed0e9776474225014e848fcab71ed617,0x001866ae5b3de6caa5a51543fd9fb64f524f5478
7.97702246,0,0,22.000001337,0,0,0,0x09dccacb7a5760265a1861f4c880890332307ffd0e0d75fb3c79246af47948f0,4218405,0x67f39ec998cc8cf6e6bb5b6adc6d871c3a8e1d79,0x001866ae5b3de6caa5a51543fd9fb64f524f5478
8.444208718,0,0,22.000001337,0,0,0,0x83c34c1bd140aa36d8b562ff04ec6a5597bde478d978dafe4e30ee7bcf434037,4218404,0x8affd65946b5e0eb9d633de575a1c6dbc01b8f17,0x001866ae5b3de6caa5a51543fd9fb64f524f5478
9.30794916,0,0,22.000001337,0,0,0,0x74dbd71e726eaf6e43de2e1bd2fed744823676492faf814cd3cc501381c7aef4,4218404,0xd80aa156a4ab747dce838e4dffeca31127874953,0x001866ae5b3de6caa5a51543fd9fb64f524f5478
9.99392246,0,0,22.000001337,0,0,0,0x5cf257785adfece49b83e25ebbf66dafc3f449a16b3e90b82105dc975f15e00c,4218404,0x3a41467d9c31c999a5e3748de80cdd807b13f97c,0x001866ae5b3de6caa5a51543fd9fb64f524f5478
7.44945346,0,0,22.000001337,0,0,0,0x80160428ceb10f9b82bb6fbc0f525fbde076407814e3bbb3d8cf42d6ccbba0fd,4218404,0xd9fffa8a13f092e46d1cee10a824d9ab9e88c6df,0x001866ae5b3de6caa5a51543fd9fb64f524f5478
7.09280246,0,0,22.000001337,0,0,0,0xd2411b5ae28cd9bc80f583e60cb0523544094a6faa4a488a503aebf3e5d895a3,4218404,0x961f10f9d6c2f2461cd0b09eda0a2c42031a88c8,0x001866ae5b3de6caa5a51543fd9fb64f524f5478
8.78562498,0,0,22.000001337,0,0,0,0x7cdfe3e9755975cb33324681363cc2c9cf0e0f11bd9700ea3d0e617431bf50d1,4218404,0xab0f0c440f044aea28542438d59c1a0086f0cedd,0x001866ae5b3de6caa5a51543fd9fb64f524f5478
7.96203355,0,0,22.000001337,0,0,0,0xa013b8bfeb1ae2ff7986966c010c34e80f0577956b99522aee540f11b6094172,4218404,0x70cfc58b820d7a9c57246c2c744feec727e911db,0x001866ae5b3de6caa5a51543fd9fb64f524f5478
9.99392246,0,0,22.000001337,0,0,0,0x17c54dac6f25d612018893714ebc2298e8cb41d64c8f1c120435587fd65338b9,4218404,0x79d86a3c1ad5724da7cd58322313458e2b71ae21,0x001866ae5b3de6caa5a51543fd9fb64f524f5478
9.99958,0,0,22.000001337,0,0,0,0x94d3a467bd791ab465c6dcfae2fc0a6311406d131c2f552916132392af7ce796,4218404,0x9be21234651347d12a4d4b06821d9b5509c9525c,0x001866ae5b3de6caa5a51543fd9fb64f524f5478
14.77392246,0,0,22.000001337,0,0,0,0x9249dd31d5adf752e38442a919da22a98d9434b3681f9e9878147c570ce65736,4218404,0xbe92588822b5f7d98e987e4c9a5422132cbf6d1d,0x001866ae5b3de6caa5a51543fd9fb64f524f5478
7.85565212,0,0,22.000001337,0,0,0,0x2855719130d261581693b88f26c9f5ce52326522f5643454ad7122400d1100b1,4218404,0x184c90c58de55d7569da7b534e2e4fb5f1eac419,0x001866ae5b3de6caa5a51543fd9fb64f524f5478
10.42250324,0,0,22.000001337,0,0,0,0xb856df43c3c572d90f7f5a6f49be5d0dbab455ac4e48b5f20f14337bbc405e8b,4218404,0x7f3e88173786bb687bc1bcf46a64a7fe3075feea,0x001866ae5b3de6caa5a51543fd9fb64f524f5478
9.9920973,0,0,22.000001337,0,0,0,0x05ed399e1111313ac7a245a4e7e2a7d2cdf0e3aaabd90079b25d4c19e7ead6a6,4218404,0xc26dbf1de0f041639cf019d9580e6fc0a53ca995,0x001866ae5b3de6caa5a51543fd9fb64f524f5478
9.97392246,0,0,22.000001337,0,0,0,0xc27255494c5bac345b977e9bc138a6a36c408371ab0cdc9ceafee59400168170,4218404,0x6381d71aa1b71add13a8206123abae50a9fc2410,0x001866ae5b3de6caa5a51543fd9fb64f524f5478
9.99392246,0,0,22.000001337,0,0,0,0xa51b865dad84f97f33bb40b19a20076162d889b91cc1c07f3311fb79fd115724,4218404,0xd47c4ae9fa394a0baf1b53e753b756670e20e120,0x001866ae5b3de6caa5a51543fd9fb64f524f5478
9.60374901,0,0,22.000001337,0,0,0,0x635d4d52c3514d4203631b2cb79d60ac2ad24d437315cc86cc244970ee0d253e,4218404,0x726e8a69f252c200468de7aa5292d420d02706b7,0x001866ae5b3de6caa5a51543fd9fb64f524f5478
7.148697001247117,0,0,22.000001337,0,0,0,0x6a175934535aef159fbc643077736ae4697bfff25574d5bc728dd26767e859a1,4218404,0x73ede0442c448b93db212fc79dd6a7bab8053efc,0x001866ae5b3de6caa5a51543fd9fb64f524f5478
8.07392246,0,0,22.000001337,0,0,0,0x16bc5a7ed9674f09d1274c23d3869125d354614fb947bb9ff14921cab46d9dee,4218404,0xd7e35e0c5258d6e3f2e9b1c23ca7e29dd05e6869,0x001866ae5b3de6caa5a51543fd9fb64f524f5478
9.99392246,0,0,22.000001337,0,0,0,0x1b1ff753434b0a0b84ef23cbf33a4b4d92c828c97a1d40b5ee12e29a35e9667b,4218404,0x6e52bcbbe4002962162c9c3c41a3ab3ed54ad75a,0x001866ae5b3de6caa5a51543fd9fb64f524f5478
11.5026366099999,0,0,22.000001337,0,0,0,0x1cd5eb69caf954e9cbf76b151c09a31ef840a0a8d2fb61fa8a50635b45838aed,4218403,0xbdf2796d249e41cc26a20e83edb97ac28c600a5f,0x001866ae5b3de6caa5a51543fd9fb64f524f5478
7.37362536,0,0,22.000001337,0,0,0,0xb27413461bad664b94b1448049005c5c6606922bf995e80e1906a25603f5c561,4218403,0xc99a0f48ce8211faba5194b63c35b27a5c91f9ae,0x001866ae5b3de6caa5a51543fd9fb64f524f5478
9.20652816,0,0,22.000001337,0,0,0,0x00a9419f3504891ea9c510e80fb3b6376a9ebe5a5f33865ba970c251f8119bfb,4218403,0x8ddd5be84fa55bc5c6978c0b7e74245a31bb085c,0x001866ae5b3de6caa5a51543fd9fb64f524f5478
15.34393317,0,0,22.000001337,0,0,0,0x33ef99bfacf4ae7bbb7e31fbbe75035b8106c27eacd3cb8f378ca4e66bbcd989,4218403,0x1065014ac0e4c687c66d19c1e65be46b6bbba700,0x001866ae5b3de6caa5a51543fd9fb64f524f5478
9.89392246,0,0,22.000001337,0,0,0,0x76cfe0a116e571df02f237751b0d0da06ca1b651b3cb00916e218401ee22e0f4,4218403,0xe7dadf2862355dee28884c7cad0439453547fafc,0x001866ae5b3de6caa5a51543fd9fb64f524f5478
9.43247709,0,0,22.000001337,0,0,0,0xd8fe2dbdc8f4cbe06eb02f9911b43fa0bd4146aed46023dc67265d597790e5b9,4218403,0xa7369b81126deff8170e37e0ea636c1189c094b4,0x001866ae5b3de6caa5a51543fd9fb64f524f5478
7.29692246,0,0,22.000001337,0,0,0,0xeb53221e8b462ff947eda22259a9452fbe908502e4500dc379dda743a9a8e53e,4218403,0xb8b9a831a425dbb6753e86b0bf8690c2f332a4c1,0x001866ae5b3de6caa5a51543fd9fb64f524f5478
8.99848,0,0,22.000001337,0,0,0,0x1740ae437e14427c7ce911c54c75caf569875404b753a3475347b3bf1d95ea83,4218403,0x9e88607e056d67198c777503c393c2e7f12c6021,0x001866ae5b3de6caa5a51543fd9fb64f524f5478
9.98892246,0,0,22.000001337,0,0,0,0x9ecb0271d1209471cfaa79574e06c74a94209620a78a185a52adc19765c3a444,4218403,0x84e86cb9e93f424288598be50f265c82e18b75bf,0x001866ae5b3de6caa5a51543fd9fb64f524f5478
7.70392246,0,0,22.000001337,0,0,0,0xd0ccc880262c3013aa4a15feb26864b5c8bbeed1bd0668dc238bdb25d794d4cd,4218403,0xe3ad2a4f0d4bbebd26a22d5a867dbd27bdd5cb05,0x001866ae5b3de6caa5a51543fd9fb64f524f5478
9.014325328282457,0,0,22.000001337,0,0,0,0x2886433ba6827f9f5b4e8821ba66f107ceabe09ab76642b1a31914742538b7de,4218403,0x0df84ca132561f8d8d9e86d7504bf7f01c75a230,0x001866ae5b3de6caa5a51543fd9fb64f524f5478
9.64942246,0,0,22.000001337,0,0,0,0x7fa35d0453c9f6e4892634c27fec0614f929b804f6630ee4d327110c841af98c,4218403,0xd56d5f59083a8f1d97ce97be2e85c86bc0fd1572,0x001866ae5b3de6caa5a51543fd9fb64f524f5478
8.29192424,0,0,22.000001337,0,0,0,0x3e78168324577f4213b4e31d945fddcc8726060e5e19d49baf3b65159c840a31,4218403,0x3daf24fda73e2500a4bcf915fa819439fccc3e6b,0x001866ae5b3de6caa5a51543fd9fb64f524f5478
8.98362656,0,0,22.000001337,0,0,0,0x869c8a13be1f6996559eb211f21578bfd8839968b128acc3dfb9cd5b0d8a74be,4218403,0xd83c5a805d309f426033a3b849141209a26263ae,0x001866ae5b3de6caa5a51543fd9fb64f524f5478
9.978358462860845,0,0,22.000001337,0,0,0,0x46091364511ef58b7734a4aeb374ae5540af4453e4fb866153a84741a44c140b,4218403,0x0d65f17783c834f265473536d946c04a8b8a1f1b,0x001866ae5b3de6caa5a51543fd9fb64f524f5478
7.98892246,0,0,22.000001337,0,0,0,0xd8dab19604610d22a97b3e6260eb6d5f2a9d31073bb5a3f3eb75fa02d7693270,4218403,0x18ff23a116a30936ea794ece3e9c9733b389bfc4,0x001866ae5b3de6caa5a51543fd9fb64f524f5478
7.64779876,0,0,22.000001337,0,0,0,0x1faccece83564288d6093f45fbeb6d92817d995d095e1808dc7951b6f735152a,4218403,0x4fded6504cf61a231fe9937fc4d4d8efda38dd4d,0x001866ae5b3de6caa5a51543fd9fb64f524f5478
121.52390758,0,0,22.000001337,0,0,0,0xe971a372fb611a0f47fd87d8da469858af30f2c8bd5ffad74f7936709ba02256,4218403,0x3fcceebc296bd8ed592f1b88ff51a0de202b9cab,0x001866ae5b3de6caa5a51543fd9fb64f524f5478
7.3198214,0,0,22.000001337,0,0,0,0xd1ddff44994eecb55b3d582175fc5bde36b24dffbedcf8515945f40dcde41d86,4218403,0x9b2f17b238797de53ca3ca63b5aa904ca757aa1b,0x001866ae5b3de6caa5a51543fd9fb64f524f5478
8.79392246,0,0,22.000001337,0,0,0,0x8b0cd1aea0b6654e18e0124ff96126e78fa25a8cf147bde156207e00dd5e6794,4218403,0x7419d944e7bead6c7c76948137c3ed03cb1a0309,0x001866ae5b3de6caa5a51543fd9fb64f524f5478
9.83182424,0,0,22.000001337,0,0,0,0x39aad4b7055dba442428cfea561915f25e1b214e3747e79a829d0dda5a6879ce,4218403,0x5b883d41d88f5846c21b94f60d80bdd37b85cf02,0x001866ae5b3de6caa5a51543fd9fb64f524f5478
9.09392246,0,0,22.000001337,0,0,0,0x13d4ff86ee0db45c7af5a76c0fcf99cffc59210dd679cb31f63e2a57f5d0cc89,4218403,0xe24f167ded60cd3a7ee5152eedf86d44cdc1b12d,0x001866ae5b3de6caa5a51543fd9fb64f524f5478
25.099559,0,0,22.000001337,0,0,0,0x2311916ffd190f099eff853b4f44363fb4a964e174a627c5b2a987ff1552a784,4218403,0xadac147e40178e7a4004c0bba9e41f07d477dbbe,0x001866ae5b3de6caa5a51543fd9fb64f524f5478
9.63977136,0,0,22.000001337,0,0,0,0x4a46cc764e0d5eee69aed3197d3fc7bd7be43dac1aaa6259f1bd6712792a30b5,4218403,0xe0eae6f9c8833bd279dc251295a3150fb1eb951e,0x001866ae5b3de6caa5a51543fd9fb64f524f5478
9.83016122,0,0,22.000001337,0,0,0,0xc4f0390566e4c7681828728959a7b85656e69402148bbf47833b5426d915667f,4218403,0x10027b520d5af7c038cf771820325d5dbfb5e7ba,0x001866ae5b3de6caa5a51543fd9fb64f524f5478
9.32223959,0,0,22.000001337,0,0,0,0x4fdbfed8274178e04164530680cbcee176f7703da77061a81d41625fb20c0b9d,4218403,0x7be5c75a6b999527ddb1b0e1e14c56dd9c76d78d,0x001866ae5b3de6caa5a51543fd9fb64f524f5478
7.99392246,0,0,22.000001337,0,0,0,0x22815547e9cbaacf2a345d2b0d45cecc49d88d9988f254ee0886945f9ada70a2,4218403,0x4d3ad50c0d9901884de4f54847a984835e4246b7,0x001866ae5b3de6caa5a51543fd9fb64f524f5478
8.1790509,0,0,22.000001337,0,0,0,0xc470192455988ea7cd9de76946c60b10f5fa994dd0b590c51e941200e5787f3b,4218403,0x872a551fbd3b0f960a60f1d98aec8ec07de17f71,0x001866ae5b3de6caa5a51543fd9fb64f524f5478
9.99392246,0,0,22.000001337,0,0,0,0x504dcc0ddcfbae77481a449fea5bc8ce2f72565b8fa9da330f1d181311e2e3a8,4218403,0xcd21c103875bce8becb5ec87145334ae32aeb248,0x001866ae5b3de6caa5a51543fd9fb64f524f5478
7.49482674,0,0,22.000001337,0,0,0,0x980530f4f60bdf39d5e750578120d9c01145aa808f0c20da6728519f26c74415,4218403,0x4aee9dd3a62632d099d34a19bd159cb0ed644670,0x001866ae5b3de6caa5a51543fd9fb64f524f5478
7.035559,0,0,22.000001337,0,0,0,0xe5ab0a49f3ef2d764491b839f2a8ae054ff410e7ecc36dbc97284eba6da806e9,4218403,0xbc3fc313e06ba5de38c5ee060e58faf2a490ceca,0x001866ae5b3de6caa5a51543fd9fb64f524f5478
7.42336846,0,0,22.000001337,0,0,0,0x6d635060121ceb4d2b53b21948d550f9d5584e71bc40213aeaac50865ac27c81,4218403,0x597a6783ed891ff2e92d716297cead622251c4e8,0x001866ae5b3de6caa5a51543fd9fb64f524f5478
27.71718,0,0,22.000001337,0,0,0,0x13572b1e4699416ba6b8d70ae4c33609b9d91dda4dc0344c68bdcf2f55e52457,4218403,0xd145e14144fbce849d717da39e20fd647eb046f6,0x001866ae5b3de6caa5a51543fd9fb64f524f5478
340.999559,0,0,22.000001337,0,0,0,0x326e65324bd1ebb9dda3a31ec187422c9b0170af1c79b6f979f5b3411b0621fb,4218403,0xef27b98c40d4d5f3d41c3f6837d866fa19b73118,0x001866ae5b3de6caa5a51543fd9fb64f524f5478
8.99392246,0,0,22.000001337,0,0,0,0xd0d56fecec81322f3179a009df5a54e54c209726b245c2bcd0985991aac6ece7,4218403,0x616319ca16257492d084caa34bdf0e812ea30873,0x001866ae5b3de6caa5a51543fd9fb64f524f5478
7.23205335,0,0,22.000001337,0,0,0,0xf2cf50ad172395745fb851844987ae5b785088d78f44e6222cf5c42af122a8c5,4218403,0x1db1b61a7cf819ffef6830af3629406b7d4d1154,0x001866ae5b3de6caa5a51543fd9fb64f524f5478
8.85522246,0,0,22.000001337,0,0,0,0xdff8dda5c50b0e5d9c27ff093776d966542365c08a0bdbf6332b31045c764758,4218403,0x7b9f53425862f3b2ea4a215cb53d9141cf75fe6c,0x001866ae5b3de6caa5a51543fd9fb64f524f5478
8.74992246,0,0,22.000001337,0,0,0,0xeedad60c60b05273a802029b6bc17d97be08f64c7c555202966e5a4484aba91d,4218402,0xe15a5febfae4670d8f3bfdb33024d9d16c1d6b15,0x001866ae5b3de6caa5a51543fd9fb64f524f5478
8.99392246,0,0,22.000001337,0,0,0,0xe320b2a3b942c95f85a2e236aa7919123db5b5be078f2eb73da89fc5c4ad67ef,4218402,0x96ae8876955b8cbffdc09bfd51141081c1de458c,0x001866ae5b3de6caa5a51543fd9fb64f524f5478
9.902535328282456,0,0,22.000001337,0,0,0,0xe0269f3a92d2e181b0c0b9c9502c3eca62b327ee16ef8838e5962db5ef64e2f9,4218402,0x48a4b02ba894fc26b2577c681eda2043f7259deb,0x001866ae5b3de6caa5a51543fd9fb64f524f5478
8.99392246,0,0,22.000001337,0,0,0,0xdbcd3b998cf30f811fe259d72396e71f4d040e1adb8987fbb3710a43e82c4132,4218402,0xb38ab5036e3a76236907f222ec0c5765c09cb019,0x001866ae5b3de6caa5a51543fd9fb64f524f5478
7.91092246,0,0,22.000001337,0,0,0,0xdb37704bca65e88b113af58f6f61c01bb38c0b3fa0ac85202e587dfe46ba509f,4218402,0xb0d7f3bd73f9f3e211a3f8b24280698f760b1900,0x001866ae5b3de6caa5a51543fd9fb64f524f5478
9.999559,0,0,22.000001337,0,0,0,0xd953fedc4a735fc3a94d15ff12b574ba33d581ea50044fa71b49abbdfe5d079a,4218402,0x048d743ea94390cdf71d1bdfd1ae17b75e40566f,0x001866ae5b3de6caa5a51543fd9fb64f524f5478
8.50472246,0,0,22.000001337,0,0,0,0xd5f15afe6d00f025ba22b27d17341ad7ac20fe2eeefeeb290d8208b70d325006,4218402,0x792d98e9df500cb63af512d19c51a14b01905454,0x001866ae5b3de6caa5a51543fd9fb64f524f5478
9.99392246,0,0,22.000001337,0,0,0,0xd41401e6d262c40a062e17058f85c87b4c76c84edaccebe6a25e182a42de0803,4218402,0x0ecfdf20118d76e39831f17df97013e587ce71db,0x001866ae5b3de6caa5a51543fd9fb64f524f5478
37.67392246,0,0,22.000001337,0,0,0,0xce9750f4a02db408e4213f60239c22c02f83ca862e8bca25e5d086d5beaec6d4,4218402,0x8ae9c2392da819d556c5e8a9298b847b88fe6b4d,0x001866ae5b3de6caa5a51543fd9fb64f524f5478
7.48738593,0,0,22.000001337,0,0,0,0xc8a9e37add4698a663411c6ded113f1c436f342f55bb02e8c57c5306251a0a87,4218402,0x16aabccc3372cc0421743e721ba8e5b9ebc236c3,0x001866ae5b3de6caa5a51543fd9fb64f524f5478
9.99392246,0,0,22.000001337,0,0,0,0xc239655f49f019e8db8eed81dc8d0414f42173aa452fd432b03e62f120614cbb,4218402,0xbf3deba8daf7417b1964f9a3d317a079e8ed0503,0x001866ae5b3de6caa5a51543fd9fb64f524f5478
7.00392246,0,0,22.000001337,0,0,0,0xc0afb783cd2ef29ac20c61d4a4fe65c3ced0c84fc6539c403650e9c67c4a1f88,4218402,0x4f45d14ff40f474ac675e1623486e718f167458d,0x001866ae5b3de6caa5a51543fd9fb64f524f5478
7.28392246,0,0,22.000001337,0,0,0,0xb896282fcc4de95f33b8ae6148a799f11e829fdf2c4f69b0ac10f76eb40dbc21,4218402,0x0182a6b8a7efc58a0d3a4015c41bbb4078eebdb0,0x001866ae5b3de6caa5a51543fd9fb64f524f5478
7.27892246,0,0,22.000001337,0,0,0,0x994493cf82827c588a5aa406a25bfa818047ce68440fbe881ed1ee5ec3d2a655,4218402,0xc74f29e6aa47eb663a75a59acd7c777b3ba52256,0x001866ae5b3de6caa5a51543fd9fb64f524f5478
9.110958020569605,0,0,22.000001337,0,0,0,0x91884a724756543fe517cc933e67bdd7459855d3cee1e173b6198fa86efc0759,4218402,0x0aaeaffd878d35e2a04ccd6d9a6170d8f43d47c8,0x001866ae5b3de6caa5a51543fd9fb64f524f5478
9.31318744,0,0,22.000001337,0,0,0,0x89c769036e983d173c8d0fc8a1aec21d50abddae520a807778f34f10cc8ac00b,4218402,0xa11f7b9c572ca456adf96936d14105f8cb2dc832,0x001866ae5b3de6caa5a51543fd9fb64f524f5478
9.50392246,0,0,22.000001337,0,0,0,0x82a248b1b0baa71ca2103294bb069a22b4c355b7459404c2235195b47499a1d3,4218402,0x8844c9013c042290aaf7f60ed182daa9e7f1e6ca,0x001866ae5b3de6caa5a51543fd9fb64f524f5478
9.99392246,0,0,22.000001337,0,0,0,0x7ef7f23c5db7af77aae3e770570b433398ccd365271dc3d88a73ebd3538755d7,4218402,0xe0f000ed119a299ec0caae7c21bbdba7ce0d3344,0x001866ae5b3de6caa5a51543fd9fb64f524f5478
9.99392246,0,0,22.000001337,0,0,0,0x75d2d78fc3863a0c34a88df509214bb147c631fe3fb388fa6041af55d59ab5af,4218402,0x83025d36f50f7fe77b12db2e811c8bb7abd31cfc,0x001866ae5b3de6caa5a51543fd9fb64f524f5478
9.98192246,0,0,22.000001337,0,0,0,0x73ad6b7aeada273a9b9c2df571b176a60c70304c0d3872950838505d1548f116,4218402,0x3f137f197b52cf89aa22c704de536715dd312e8a,0x001866ae5b3de6caa5a51543fd9fb64f524f5478
9.99892246,0,0,22.000001337,0,0,0,0x7225c99eaf3fc8105c056400087d7dc6cb1fec7a6d2fb6e84b2f41828edcac94,4218402,0x810b0385d3c8398b4e7fbbdad5084ed4038df824,0x001866ae5b3de6caa5a51543fd9fb64f524f5478
9.27692246,0,0,22.000001337,0,0,0,0x701b18c87372be3633fed6c451c8b2ccb631ac599b23d9e6c74a82bfebf361c6,4218402,0x1f597522f246d327aead0c367244f8c4fd228b00,0x001866ae5b3de6caa5a51543fd9fb64f524f5478
8.78856246,0,0,22.000001337,0,0,0,0x6e0c12fe732836f038ffbc20bc6f5eb6ef35b40adf197ef5963035eb6ab21dca,4218402,0xf24924977e86e73ccdbcb88dc7147cfddf778164,0x001866ae5b3de6caa5a51543fd9fb64f524f5478
9.05052246,0,0,22.000001337,0,0,0,0x5caa2a654b289f086015efc0617ea88d7fc9bc0a5e7c3bfe979a29d0b37d4cd2,4218402,0xddc17cdd4045ec8457e77d3b3992c16d95dfef98,0x001866ae5b3de6caa5a51543fd9fb64f524f5478
9.99392246,0,0,22.000001337,0,0,0,0x503c9a128a0f02af37894b3c9755e34c72629a72a6a67dc3c97b4ee406fc803c,4218402,0xdf65a01d0e9961b742d287a4fc0ac9c6665aa6ae,0x001866ae5b3de6caa5a51543fd9fb64f524f5478
67.3002737,0,0,22.000001337,0,0,0,0x4f988ccbca802ee162af6b4cac780543f89d34de12a3251f5b56b3bf3c0ebd41,4218402,0xa4d01867a1edf0d81c1f9aa05c8d55170d23329e,0x001866ae5b3de6caa5a51543fd9fb64f524f5478
9.96392246,0,0,22.000001337,0,0,0,0x40bf3b6627a3b1095a94e55d2b2f029d7e992227463c8997e267df20780c5cf7,4218402,0x69cc8ea5c9b1365a3ea97e34d475ff9198684960,0x001866ae5b3de6caa5a51543fd9fb64f524f5478
9.99392246,0,0,22.000001337,0,0,0,0x401abc5aa94f440cc3876d2355c113047f551676952d02cab99be2794daf5bd9,4218402,0x3fe544ec1d87a058506cea4c141da70b9c87d9aa,0x001866ae5b3de6caa5a51543fd9fb64f524f5478
9.97278,0,0,22.000001337,0,0,0,0x3ebf9083916e9f04139abb8df6f4ad137ed014418b597f959cb46f2f44005ce6,4218402,0x221d389638d954000f7e4005aaa1e80bf700c9aa,0x001866ae5b3de6caa5a51543fd9fb64f524f5478
9.99392246,0,0,22.000001337,0,0,0,0x3d375c54520bc54f4d18da94092ecd3d6c0619d5feebf983431b24474997155c,4218402,0xc8d4748523dd9a6f7a8ddf29c4611f123f2bd1fc,0x001866ae5b3de6caa5a51543fd9fb64f524f5478
7.69392246,0,0,22.000001337,0,0,0,0x3207ebb48a95bdc9d7abca287cb2b8a70b6ae055d6bf305c6a8066a2b699d02f,4218402,0x24d0a056c55b44b7b34785dc09fba480830f7ef2,0x001866ae5b3de6caa5a51543fd9fb64f524f5478
9.99004379,0,0,22.000001337,0,0,0,0x318b1ad1644b0d9fca5f1f30bca9d2f01c5dd472400b4e42ad9a492c978b1757,4218402,0xd48fbe2e03d61eef83c7bc8b6ec65a5f591da9b3,0x001866ae5b3de6caa5a51543fd9fb64f524f5478
9.38942246,0,0,22.000001337,0,0,0,0x225505f19341f776b9d317b43732105aa339c50c47917c51b299ee7917b422f2,4218402,0x1f0425c80d9f42c29b1b3062a0ef9180eb4d7337,0x001866ae5b3de6caa5a51543fd9fb64f524f5478
8.65105198,0,0,22.000001337,0,0,0,0x0feea260cdb686ac11675a3b95f6c42e3582bc8255d8ce439b4c020bb8873dd1,4218402,0x777cb0472f122cd9cd3167c0f569b4cf189eb97e,0x001866ae5b3de6caa5a51543fd9fb64f524f5478
13.9941295,0,0,22.000001337,0,0,0,0x0d9f2e9bf2eed9857604bd6b30cc411b05ffdc6e347c3e95ca20f8b619bfc8fd,4218402,0x78e7c96d5d57f9d7c584806490469f69bf03fa59,0x001866ae5b3de6caa5a51543fd9fb64f524f5478
9.1830867,0,0,22.000001337,0,0,0,0x016de500f260e83ebd32ff640aeaca6c9075f23f8592bfe4ea853c286b4ec052,4218402,0xbe6c5149404e943ff2478ef4f7cf19e5ebbdc68d,0x001866ae5b3de6caa5a51543fd9fb64f524f5478
9.99392246,0,0,22.000001337,0,0,0,0x21a6bf0452facdd78a95d0c67406cd72bcd2c21ac69b2381561e79b71c3ab1c9,4218401,0xc1d002fcc0024efa1c8fd8c0684179bcd43af6c0,0x001866ae5b3de6caa5a51543fd9fb64f524f5478
9.999537999971922,0,0,22.000001337,0,0,0,0x917e2b1c8ced78b68ba8368d16179bde8484038e44a98d343bef4ce4d132eadd,4218401,0x7f86c6a1abf0209bfc999ebd6d04de55100769cd,0x001866ae5b3de6caa5a51543fd9fb64f524f5478
9.99958,0,0,22.000001337,0,0,0,0xf228eb28825523d4ddd7489b5fc0325589b7e87d2afb9229d5cf85ca3561d08c,4218401,0xba7b35843608bfb59fb708d0535fc597d5e57f33,0x001866ae5b3de6caa5a51543fd9fb64f524f5478
9.99392246,0,0,22.000001337,0,0,0,0x131e8444a798bddc2f9127452deb6893ec5349f21135ab540e5f39eaba902ac5,4218401,0x82fb881eae9f75cf91e371e2770ce4ce0daf20e6,0x001866ae5b3de6caa5a51543fd9fb64f524f5478
8.97192246,0,0,22.000001337,0,0,0,0x76e836d9a908535a112a5e5ca109911914f404ef1e5d3dab408ac9c83dfbae0e,4218401,0x3c19588c4e41dad30cbeb1f713c7d2b2a9a7102d,0x001866ae5b3de6caa5a51543fd9fb64f524f5478
7.833504892399579,0,0,22.000001337,0,0,0,0x57e8646864990332d3f9301e4f6a6a1f68814f64e617933fa609ef8d1d4908e1,4218401,0x8ca81a65dd8ddcd5ff3c4793a07a808c97f8400b,0x001866ae5b3de6caa5a51543fd9fb64f524f5478
38.3838110620291,0,0,22.000001337,0,0,0,0x60ba74cf5029083ea0594c71a1c756cf841bcee644827b4c4914e65931ac218a,4218401,0x0d4f3fffdf6314b8d5e390c63a56e32a657f581c,0x001866ae5b3de6caa5a51543fd9fb64f524f5478
299.98489658,0,0,22.000001337,0,0,0,0xb6c3856700ac235f0639f046f904ae82bb9439f92e08905cbf081bb5a579eca5,4218401,0x8ff6b50732daeb43510e08e21aa91dabade92da0,0x001866ae5b3de6caa5a51543fd9fb64f524f5478
9.00392246,0,0,22.000001337,0,0,0,0xfa3689639a3b7000f3fcae8d9710d25670595bd29ab9e6779468e74bc5d62102,4218400,0xd3d9dbc81936d0b897c6273de89c41d4ce795980,0x001866ae5b3de6caa5a51543fd9fb64f524f5478
9.99392246,0,0,22.000001337,0,0,0,0xf9c55f4789e1130477b587dc421e235ccb4ae553533b2e59aef8844561b0a5eb,4218400,0xdf946fdbbe5bf293701545546cab8e37158af92b,0x001866ae5b3de6caa5a51543fd9fb64f524f5478
9.18058733,0,0,22.000001337,0,0,0,0xcb47ed784e7ac1f8eb2ce52a43b39ddf73718e5d41282086ffd6bbdf15dbfa22,4218400,0x60d1d6c6dca7256b72efc6f7a1d22a61d02b333b,0x001866ae5b3de6caa5a51543fd9fb64f524f5478
8.93968675,0,0,22.000001337,0,0,0,0xc93ba615028212803a9a3850558c8f93c0bfa1b9cef18d00c6e6bf2388a2da63,4218400,0x91675a06acaa49a57db7a8288414e4b732a18cf2,0x001866ae5b3de6caa5a51543fd9fb64f524f5478
8.83812246,0,0,22.000001337,0,0,0,0xc4656778eb5cfa0fb6ba79b5191bf7d0b49d79e7e887b4cc71a68e87af1cfab8,4218400,0xf4b8c6c14135d94f3eb576b3ba8135dfbbe6fa81,0x001866ae5b3de6caa5a51543fd9fb64f524f5478
8.06832246,0,0,22.000001337,0,0,0,0x9d1d7fe14deed17b4a4d8719ff0898992917549b81e4bb4c031bcd6551a818a0,4218400,0x02a57be1eac3f5402108983f4bd8f1adc332b0d2,0x001866ae5b3de6caa5a51543fd9fb64f524f5478
7.99392246,0,0,22.000001337,0,0,0,0x8371322e222e8c77e69b9beace7448b1e2bc930a02fa08e3b36520893be0a800,4218400,0x83ccfa50698a407336ff5513ef2e27ae1be97905,0x001866ae5b3de6caa5a51543fd9fb64f524f5478
8.94584846720191,0,0,22.000001337,0,0,0,0x81fc14288c2b225a569a38669e74dbfe045854d2a21a5d7d6a6041b59ba76d86,4218400,0x164521891a370c16a80d491c44fd9e3634287424,0x001866ae5b3de6caa5a51543fd9fb64f524f5478
9.98892246,0,0,22.000001337,0,0,0,0x771f9cec2d9224ae5d334fc19011c16b615daca272406d1180e53ab10ed2673a,4218400,0x1dce4c616948566b63db6412384c025fb1b00000,0x001866ae5b3de6caa5a51543fd9fb64f524f5478
8.94897646,0,0,22.000001337,0,0,0,0x510b333df7bdf7d1000286aa38e8702647a8e80e1775c8268ae6d17a8787177d,4218400,0x92ba32e0a8c8637a77015a8f9ef49d73ac92a273,0x001866ae5b3de6caa5a51543fd9fb64f524f5478
7.99344858,0,0,22.000001337,0,0,0,0x4a2e42c9af69b95dc2adfa24d82c9c3f79b30587370a726b4506b2f69df5d6b5,4218400,0x6717624f4929e5cbc8fa6d5b40d6750be459c88b,0x001866ae5b3de6caa5a51543fd9fb64f524f5478
8.97492246,0,0,22.000001337,0,0,0,0x0e3a08720d6ab3100194c5518b652e676b80622207511f789719c3a43cc0bac2,4218400,0xcfb68240ecfa4dfaa74b7b2d15d3f0d02c43d70c,0x001866ae5b3de6caa5a51543fd9fb64f524f5478
11.089559,0,0,22.000001337,0,0,0,0x0cb2f4d9e8e912f766030791e6bf45b2c1916eb87c36d389603483cc24cd7fc3,4218400,0x631117aab83f899efde0914f5d5c7899d4dedd88,0x001866ae5b3de6caa5a51543fd9fb64f524f5478
9.73392246,0,0,22.000001337,0,0,0,0xad60ed53add9128c8ba7c92104f9b6040e1195161c4e968341f28e80d097a0b4,4218399,0x34bf313b0376d79c1bd5dc26230431c64049415e,0x001866ae5b3de6caa5a51543fd9fb64f524f5478
11.81319544,0,0,22.000001337,0,0,0,0xaf0f33f8fa2839d5f135e174ac914deab00ee30d28e98faab07d686882801b71,4218399,0x4cd39d59b61c5d627d71d8cc20e49bc87dec61f6,0x001866ae5b3de6caa5a51543fd9fb64f524f5478
9.86402246,0,0,22.000001337,0,0,0,0xf62a2843849700d81c9c8b53a9fc5e93aa79df463a130a76ff921aa84437407e,4218399,0x0bd13c7c67a69adbf02a0f473fa773422bfb40e7,0x001866ae5b3de6caa5a51543fd9fb64f524f5478
7.89211736,0,0,22.000001337,0,0,0,0xf0738bb1e174f200e078d64960b05b4eff3eae3d478f1639e24843c691250cb3,4218399,0x84cf80062d13535e1eb2c1edb9837e9b57fa45bd,0x001866ae5b3de6caa5a51543fd9fb64f524f5478
7.365711062029101,0,0,22.000001337,0,0,0,0x1550875d3211a9ff2a73725f9d71e1dd0f0c647c3f541c9e1d088d3c3c423113,4218399,0x4731787e46fd4747cb5274ef23a1f687e6916db3,0x001866ae5b3de6caa5a51543fd9fb64f524f5478
9.99392246,0,0,22.000001337,0,0,0,0x74db183b8a8e6e4a3c267d4c8f2478de3c5a5ff22d027993ce6c9eefec7ec498,4218399,0xd43c0028425a5e21783c641057a59930e5b56aaa,0x001866ae5b3de6caa5a51543fd9fb64f524f5478
9.96506846,0,0,22.000001337,0,0,0,0x962ac44828063b71da9631bd271f0fd735f979e72c4c4e6603ef65327a68f8b6,4218399,0x610c1fd1c5c1cc49b3967dcb7ea9c08e863840a5,0x001866ae5b3de6caa5a51543fd9fb64f524f5478
33.029397,0,0,22.000001337,0,0,0,0x2467e1600a132e9b27a1d96b8b2fc1d102181c86a9e31bb7bd85832d0b275bd6,4218399,0x24e93a958c6896bd699829266f95b671f0d223e9,0x001866ae5b3de6caa5a51543fd9fb64f524f5478
9.98392246,0,0,22.000001337,0,0,0,0xae62c2fb5fb59f1e419df97a51a105736747377913d6c25919ae3477ae9aab3d,4218399,0xdbb5fd2800b159d3406252c1709c409c44391bee,0x001866ae5b3de6caa5a51543fd9fb64f524f5478
8.09392246,0,0,22.000001337,0,0,0,0xab06e21a290b72cb1b76c61618325b526e67dd712bb7edc4f96617013849a531,4218399,0xd97b390ff2672f851b2c98395666d1d577f61a01,0x001866ae5b3de6caa5a51543fd9fb64f524f5478
7.00622619,0,0,22.000001337,0,0,0,0xd021068c4100aef8b1c8e1f9c6578986eec9169cdcdb3661dcaefd01451ba0a3,4218399,0x1a2331eddcc636b72bd548821ca261b490d57c3d,0x001866ae5b3de6caa5a51543fd9fb64f524f5478
7.99392246,0,0,22.000001337,0,0,0,0x759c7fe6a38bfa678656de23ff621809cdcb5b0a395e7a6ce6f9d68ef4ea9b6a,4218399,0x9f7c20dd3327454aead68c038d163902c746d574,0x001866ae5b3de6caa5a51543fd9fb64f524f5478
7.545447034,0,0,22.000001337,0,0,0,0x493909b1eb1c81e2da1c5e22784fd822c0fd61b77fc60ad425b28087b86984af,4218399,0xd3f8f8396702cd124203d2d1f9ba8bc265822235,0x001866ae5b3de6caa5a51543fd9fb64f524f5478
9.78580076,0,0,22.000001337,0,0,0,0x806b8ed1e1dee5424b5e1016f6cb05282358d8892a0ec8cc8f07ad49b0e715d1,4218399,0x13aaeb8dfcdad1949e2c1a9fe974e672bdccd0bf,0x001866ae5b3de6caa5a51543fd9fb64f524f5478
7.00349296,0,0,22.000001337,0,0,0,0x394a6f09967d6891f30fd2b67185db10261c50be7f804d31dd37f860484f5063,4218399,0x45ef16bbd6afc25bbfb60e3e002da847b87a2ca1,0x001866ae5b3de6caa5a51543fd9fb64f524f5478
9.60874622,0,0,22.000001337,0,0,0,0xfd8efab27b32050e3016ebca8eb1f06ee108222ea9ea0e753a5b0cd2acde91f0,4218399,0x8e0cc2d1ca929a75d588ad8b587718207a930234,0x001866ae5b3de6caa5a51543fd9fb64f524f5478
9.83392246,0,0,22.000001337,0,0,0,0x4eb4c6429d60e56beb9c1e458e35f464f160fce3c464aeaa2f32577b5da8a4e3,4218399,0x186ea86429cacb084a5cffce2a51ff81660e3df4,0x001866ae5b3de6caa5a51543fd9fb64f524f5478
9.00251098,0,0,22.000001337,0,0,0,0x4b7e4ca89396f1790338662cf21c8108dce074d8fc89aa8d91230a068ddb66d6,4218399,0x88fa1ffe9ecb4f42111c8dc27fb5beac599df1e0,0x001866ae5b3de6caa5a51543fd9fb64f524f5478
9.98892246,0,0,22.000001337,0,0,0,0x56c9794720d4dc21a0d70b4823eb85c2b1c53c22a777195da04d62c6a3a8e63b,4218399,0x1be3e7482a43f26fbc51b78637af66a1fed5ae65,0x001866ae5b3de6caa5a51543fd9fb64f524f5478
11.923869292860845,0,0,22.000001337,0,0,0,0xde51b7f23d16345c7102360a443a7fd008c54559c92e9261e3e6fe0ea83ba763,4218399,0x1e3c7dcc6f0de7e6103ad2ec476fda03eb04e48a,0x001866ae5b3de6caa5a51543fd9fb64f524f5478
9.01782246,0,0,22.000001337,0,0,0,0x87685817c87325539a969a0a45ff6db46f1000d5303aea581475f3834b6a02a1,4218399,0xbe92164eb00c2b52efaee2490f6f19fabf1ae4df,0x001866ae5b3de6caa5a51543fd9fb64f524f5478
7.54259455,0,0,22.000001337,0,0,0,0x7f5a937463b7686f927c388c2211f20f2153ec102c86d274f6d7b7e11b4ed821,4218399,0x05c1212553bda2e882670d2af92153b9f908e2b7,0x001866ae5b3de6caa5a51543fd9fb64f524f5478
8.63712146,0,0,22.000001337,0,0,0,0x88f2f902c1d2f333b358be67be70eba36c3697d78e4669acf95ba89c55122e31,4218399,0x5ce95017a0b69938c661ff8682c713a5992dc9c7,0x001866ae5b3de6caa5a51543fd9fb64f524f5478
19.99958,0,0,22.000001337,0,0,0,0x91002040556f18739a862f4a0ac2cc9a97358f4c6fb8494d3b6c75b1745f4218,4218399,0xbf2f52504d3ad2c514e4ad76b28c8b9d9f98a853,0x001866ae5b3de6caa5a51543fd9fb64f524f5478
7.294537999971923,0,0,22.000001337,0,0,0,0xaeaf80f83e11cd59f64e271644a133c268018d0add5a61455d9c1efa922d101e,4218399,0x47e3292ada7c872f5ecd099289948087f8e00e6b,0x001866ae5b3de6caa5a51543fd9fb64f524f5478
9.31834345,0,0,22.000001337,0,0,0,0x428be30be50c7fc8777ed87b8769fc41a8609f72d31148840639a43277a1ebef,4218399,0x69e69d4280426df01fb74813616b1a4ca5b3f292,0x001866ae5b3de6caa5a51543fd9fb64f524f5478
8.52461746,0,0,22.000001337,0,0,0,0x16ca1240f8f961ce094b11cf3e48620ec312319508335fc4170c87d2a9f94565,4218399,0xba89ec25d54cab0ede29730af69a061db1e3e3a1,0x001866ae5b3de6caa5a51543fd9fb64f524f5478
8.58692246,0,0,22.000001337,0,0,0,0x9cbc133658c4fb7f99ce7929efd484b863db86803c7de73f4f52f6742b54934f,4218399,0xd1bab25212965ddeb5f7da7dcfbbdfbe93dafa16,0x001866ae5b3de6caa5a51543fd9fb64f524f5478
9.99392246,0,0,22.000001337,0,0,0,0xee5242c1477152fade68cf82c802170c24b8e00c60f4ce65b36804bf216fb611,4218399,0x7a33d2d40af1249ca4926d04d0e2cf606e181080,0x001866ae5b3de6caa5a51543fd9fb64f524f5478
8.99392246,0,0,22.000001337,0,0,0,0x152602278eeba18d9c1ba28cc02c54b6187dd9c76f195db2322fb0361db5dc11,4218399,0x66fbc1f8e3a87176b1231f4265471ca48ca73860,0x001866ae5b3de6caa5a51543fd9fb64f524f5478
7.35693994,0,0,22.000001337,0,0,0,0xb58d33aeece25f1aee99185ffa619b4e7b037f396abf9d47e64e725e9e3b8a06,4218399,0x6201f74f9b091ae73ee2f4dd11d230b98d705fbe,0x001866ae5b3de6caa5a51543fd9fb64f524f5478
19.98292246,0,0,22.000001337,0,0,0,0xa520a679ac8fe8d28412c3377b8e40f969783d5005f723bfd45f3e592340697a,4218399,0x9ef1e13d838bd3e43acbaf5eec2d84ab97ed14a4,0x001866ae5b3de6caa5a51543fd9fb64f524f5478
8.17581702,0,0,22.000001337,0,0,0,0x8377b0ffeb35bb81ba09f9197f209238f723ac9763c258f61324d9f6695c90b2,4218399,0x7c88fd7b53bbaf012bcad20053e0102f0ee15761,0x001866ae5b3de6caa5a51543fd9fb64f524f5478
12.46131246,0,0,22.000001337,0,0,0,0x8a0327b06f8d34d200a174c0db74bf1d621ac25230b865e005f65a244e6de395,4218399,0xf10705ba67f73830c09e91e74df0ac2e846fe041,0x001866ae5b3de6caa5a51543fd9fb64f524f5478
8.515003999971922,0,0,22.000001337,0,0,0,0x1c19d0cdf621f1020f7df0024b49e3298c9f2021bba0b954ad0ce4381336d940,4218399,0x37adc714e54966d80d3d71846d3c7df907d6e557,0x001866ae5b3de6caa5a51543fd9fb64f524f5478
9.99392246,0,0,22.000001337,0,0,0,0x4b97236b139d3a62209c46f2efc4b34ba4d20305e514eab7bb01f00f18828042,4218399,0x1828b6398b5b9570555b01e518d8387029aed696,0x001866ae5b3de6caa5a51543fd9fb64f524f5478
20.899356212860845,0,0,22.000001337,0,0,0,0x29664a7f32fcf69068d74f1e7d293a77d50261b0aafdaf420a5a4590d5f66f5d,4218399,0x11a8504a5ab7f119a232ecf3e7482739affb0023,0x001866ae5b3de6caa5a51543fd9fb64f524f5478
7.98392246,0,0,22.000001337,0,0,0,0xf53f30cbb984b58fdb78ec3fb1e426b67f01db13defb30580bf17aee5b53a84a,4218399,0x21fff6ab6e1d73dbfc521a9d81afc03b47cb3eb5,0x001866ae5b3de6caa5a51543fd9fb64f524f5478
8.77251432,0,0,22.000001337,0,0,0,0x7d869f32fa3d673824d9135edead4d03e90897655e60b4bb66156736785cd329,4218399,0x0dde5cb69fd30bfa18adf82029e74ad1808ce91a,0x001866ae5b3de6caa5a51543fd9fb64f524f5478
8.91231255,0,0,22.000001337,0,0,0,0x6599f412b730d96809e47ad7d7c772811be00e8f992152ec3d3c9de6e4dd038d,4218399,0x785b455c9b0ea464e8fd7434cd9f8a03c6e6bc97,0x001866ae5b3de6caa5a51543fd9fb64f524f5478
37.98958,0,0,22.000001337,0,0,0,0x4690cfe1920fe24545a43e8b24686ae8e2631a657032510b392db4cc9526b6f9,4218399,0xea3ab93237989485553e64cbf2e077f28a5267c3,0x001866ae5b3de6caa5a51543fd9fb64f524f5478
9.99392246,0,0,22.000001337,0,0,0,0x354bb739d74a53d4dbaa3da96ced96de17fc971ed75d213b1f649076a14219d3,4218399,0xe8a4d20af180360c87ef084720fffd2cb30d8875,0x001866ae5b3de6caa5a51543fd9fb64f524f5478
8.189559,0,0,22.000001337,0,0,0,0x810916ef9937747cce35f8d785247deab20b1f1c896aee497a33fa12426393ea,4218399,0x600e6962aad2cbef1044be90891e676b13241183,0x001866ae5b3de6caa5a51543fd9fb64f524f5478
9.5313166376,0,0,22.000001337,0,0,0,0xac1b05537089ecdf20e8c260e019bf383c06122da96c2cb5fcdc045081f42130,4218399,0x3387b37d997eb231247225d68a10160ae9c7dec8,0x001866ae5b3de6caa5a51543fd9fb64f524f5478
7.99895,0,0,22.000001337,0,0,0,0x20db183902874ebd00bfe82c188d369c6d7770e69f33a94e5415bac809603a4b,4218399,0x6a7016a9c9de1f2a5062c19d88be339c53064026,0x001866ae5b3de6caa5a51543fd9fb64f524f5478
8.111416829207993,0,0,22.000001337,0,0,0,0xea344aac16742fed076d7ba2c2f7b813f54874de21c46db164545ce862f2c652,4218399,0x18437919f109077a3e37aa4d2e4d64a698396f2b,0x001866ae5b3de6caa5a51543fd9fb64f524f5478
16.89392246,0,0,22.000001337,0,0,0,0xf0a3266179d6e1c1df08e6ee2d62227ad3a51ca92d59047ab40d281e34ffb947,4218398,0xd9a11b9b73ff73eef7d2b9c8156d930caeabe18a,0x001866ae5b3de6caa5a51543fd9fb64f524f5478
9.018044719971924,0,0,22.000001337,0,0,0,0xe3e28aff46ac113adca135b798d750231daedbeb8e4fc0616379e77ac7590019,4218398,0x981c52c16e36b6321f523714a56694fe0fbf7ae1,0x001866ae5b3de6caa5a51543fd9fb64f524f5478
20.23413746,0,0,22.000001337,0,0,0,0xba1ae8b307cf2cb5cd4313571b413e6448ed9c7c0cdaffdb70159b832e7aba51,4218398,0x924e2e9cc0056f730cd126ddf705029c393f1dc5,0x001866ae5b3de6caa5a51543fd9fb64f524f5478
9.99392246,0,0,22.000001337,0,0,0,0xa91ffdb28cb44b38036e6ecd63096423f769266e5918191aa253faab0f05ac4f,4218398,0xf1b35c7e6469d38967ae158ff8d73e0364cc7b5d,0x001866ae5b3de6caa5a51543fd9fb64f524f5478
10.43040151,0,0,22.000001337,0,0,0,0xa6ba034b7a511a2337221be8865eb04244a5d58b8eb7d3e3878f527e977e9ab2,4218398,0xbe0eb41ba743a5c25dd8461eb9b62c59dcfbd496,0x001866ae5b3de6caa5a51543fd9fb64f524f5478
9.99392246,0,0,22.000001337,0,0,0,0x45a9df115815583ae9a1f9b0c03c9092f2dbbc53f19475de3ae13b1884dffdb3,4218398,0xbf2a693c25c23410cc28686f94d809ff5f8b7cdf,0x001866ae5b3de6caa5a51543fd9fb64f524f5478
60.07208799997192,0,0,22.000001337,0,0,0,0x4559153d3dcc354987f42716ef84df2e08c8391b3987eaa0d0e4d2ea69a41df0,4218398,0x0b73b2753c096d08cf2d679fcd70b15b3adfe268,0x001866ae5b3de6caa5a51543fd9fb64f524f5478
7.83392246,0,0,22.000001337,0,0,0,0x3b0bfafaecd475467c1e7e715680426efcf2e2e8c324a5b1a41a75e6b48118c5,4218398,0xe0759f8f77dd7a76004bf2e69644d8eadeeaedde,0x001866ae5b3de6caa5a51543fd9fb64f524f5478
244.83008799997197,0,0,22.000001337,0,0,0,0x26e59b1e8207a6beaaaa2d0dbaa03c88f6e627fd8eef9841484d0496855111f2,4218398,0xb05e8d59d3e0d81e458c51ebef2ad80feabbd11c,0x001866ae5b3de6caa5a51543fd9fb64f524f5478
11.987537999971924,0,0,22.000001337,0,0,0,0x3b70d85e24800f829bbf51df41eb7f1cd5fb88899c39f93fae28dc7bd31cc1e3,4218397,0x2fb08984ec3221f6e4eb6badc99574386bfe7729,0x001866ae5b3de6caa5a51543fd9fb64f524f5478
16.689559,0,0,22.000001337,0,0,0,0xabe670acb66f23eb4fbd6e20500300cbaf556af55e3576b4e1d4265f578ad870,4218397,0xab17cfe869e79e4092e2c6285779a10fbacc14e8,0x001866ae5b3de6caa5a51543fd9fb64f524f5478
14.03972546,0,0,22.000001337,0,0,0,0xbbd1317a0cd4092426327d06e0bc5fecf1d94b0846747acfc619fa854d63ae56,4218397,0x1d6626a415014655ac0479fb2c1e8e42ca826707,0x001866ae5b3de6caa5a51543fd9fb64f524f5478
7.538299,0,0,22.000001337,0,0,0,0x3d63efcc3e271b1c527f618e84475ad263d44af928077e79498286dbdc8d9f76,4218397,0x4dff197c1d25ebb1a17ab1d18af215779d98eefa,0x001866ae5b3de6caa5a51543fd9fb64f524f5478
8.097409,0,0,22.000001337,0,0,0,0x8fe0fd32a06aa6089b1f9bf88940f2da9de557cd1dc504a5c8504037cd82f48a,4218397,0xf7dce7cafe0971ad8e387ea43ce09f777d51866d,0x001866ae5b3de6caa5a51543fd9fb64f524f5478
10.18548424,0,0,22.000001337,0,0,0,0xd4e69481a9a2cb6f0cf84aa2ca4bfbbf92e3d1db6e016a340b01a38f10667cbb,4218396,0x3a037f060d27694a86a4f7d39eb93f83ff949643,0x001866ae5b3de6caa5a51543fd9fb64f524f5478
9.999559,0,0,22.000001337,0,0,0,0xd38defdc6cfaab20643cae87712f8e7abdcc2d9f163860a233c3042af6d16597,4218396,0x8053b04271b58b21d19d6104f43f20061817deb2,0x001866ae5b3de6caa5a51543fd9fb64f524f5478
9.99392246,0,0,22.000001337,0,0,0,0xbf9ee9823a541a49bedf0f955ecf79e6e2f51572121de70db55199dc454fde31,4218396,0xf2f9ad4c36ef6117f249e6f9a8e5cd0c3813b84b,0x001866ae5b3de6caa5a51543fd9fb64f524f5478
9.694759,0,0,22.000001337,0,0,0,0xb9db4614a2a9935b4c3e4f2961b9e86f90381420e36a999c4fa607c427e07f04,4218396,0xc8a93ffa6542b0d7cc614754bc8ed07842311eaa,0x001866ae5b3de6caa5a51543fd9fb64f524f5478
19.999559,0,0,22.000001337,0,0,0,0xa0e922bdcb51fab463fed3c14d40668db27bd71a05ee3f9949677d06e7b3d389,4218396,0x8a115c7a389f30131ec4800ff31d6d7b3959ef1e,0x001866ae5b3de6caa5a51543fd9fb64f524f5478
19.43263049997192,0,0,22.000001337,0,0,0,0x92f86728ddd3415e59ced93b6913ef92cd2cf0e961dc1291bedc31ad5c343493,4218396,0x41273365d36aadf5709fc0838204afacb8147c7c,0x001866ae5b3de6caa5a51543fd9fb64f524f5478
17.49221972,0,0,22.000001337,0,0,0,0x85fab5a3869f62bcf87385034b6a7f70f1e6b0794271062b35db6db303716580,4218396,0x25c2e57b08db4f2a5da1462b3cd8bcff573e6bff,0x001866ae5b3de6caa5a51543fd9fb64f524f5478
13.99392246,0,0,22.000001337,0,0,0,0x85f3cd6c42e089857dc3725222bf660d06ef043acf8ad3ef67260e788fdd745a,4218396,0x89c0531bc170d49780e2196c57d0c4c9464d7a80,0x001866ae5b3de6caa5a51543fd9fb64f524f5478
13.899537999971924,0,0,22.000001337,0,0,0,0x7e7f9eef24a83d808c3a71452fb7fb2651989b4a3c631466863c2630af9325e8,4218396,0xefbbcf1c57b5653d91ee3f44c0dae8979f0c40af,0x001866ae5b3de6caa5a51543fd9fb64f524f5478
8.359659,0,0,22.000001337,0,0,0,0x76d85b031f7ea16d3ebe9bd628cb4445bb891da1cd4d4eeb7cb6a456b805bfdb,4218396,0xbceebcd605f5d409f9c4a084509fef4819c73b60,0x001866ae5b3de6caa5a51543fd9fb64f524f5478
15.21992246,0,0,22.000001337,0,0,0,0x716502878ed2f5cdff56b4e7e45157a82737ecd51b9810279aec2f88bc0944cb,4218396,0xf278b967529f60e6b193c1b39f213208768bd9fa,0x001866ae5b3de6caa5a51543fd9fb64f524f5478
16.471890489971923,0,0,22.000001337,0,0,0,0x614e379ea48f1d219bbccdd63b86ef481223ec637f57a68e4a1a0af9e86cadb1,4218396,0x88865b0468be7a917f0525087586d2e3369f4ab4,0x001866ae5b3de6caa5a51543fd9fb64f524f5478
7.44482299,0,0,22.000001337,0,0,0,0x50cffbe2ed755481d8fcd9eac7aa045525f6d65946fbdb3e10ed7eaadb5b765b,4218396,0x5da717b8ced100ec52834701342d6cc8815f4923,0x001866ae5b3de6caa5a51543fd9fb64f524f5478
15.331067,0,0,22.000001337,0,0,0,0x4da5a85f4d272054a4f6b34357dfd5889fb5b8d218fe20e41d5a29aa54ac11e6,4218396,0x2ef1aeaa809aab6a4d4ff41bc65e70d2581fd3de,0x001866ae5b3de6caa5a51543fd9fb64f524f5478
28.809559,0,0,22.000001337,0,0,0,0x4aac759e1044133ba2548d9d441d737e5af378f9cd48c6171d7cb1270e2670bf,4218396,0x6f1cf2de0648f729b517749d2b4602399f503d6b,0x001866ae5b3de6caa5a51543fd9fb64f524f5478
39.99192246,0,0,22.000001337,0,0,0,0x4737a504833ade20c46e526cff7ff64d4fe9be1140a1d04f02a38258e4c0d08d,4218396,0xaa2c021c2dc8f2ca00f25eb6f2eb1670db2ea628,0x001866ae5b3de6caa5a51543fd9fb64f524f5478
13.28506442,0,0,22.000001337,0,0,0,0x43171e5fefd9ccc8d7e27f3586e72a9966d09b8239a0b6f57450fc9e3cf63a3a,4218396,0x5914f2ffcc3bc0a00f734b047842a7f590bd0178,0x001866ae5b3de6caa5a51543fd9fb64f524f5478
9.99392246,0,0,22.000001337,0,0,0,0x385f0209eafc424575c1fb8cd1ee9853a2f2f091f55d012ff896cf39195242ca,4218396,0xb40effdb77e36d0b516fa7737e94c9107d84a27a,0x001866ae5b3de6caa5a51543fd9fb64f524f5478
14.272737999971923,0,0,22.000001337,0,0,0,0x2bc0ae5961b61aaf9e410cd8c0af0d6efece7bfcea14d545e4cc45727e8d13ce,4218396,0x0260269cb93488b18ec3c772675432feb0746bb8,0x001866ae5b3de6caa5a51543fd9fb64f524f5478
17.99958,0,0,22.000001337,0,0,0,0x1e91bca50b37bb66837597ab47c4521d02a7ca462f751ebfffd22cf382e46803,4218396,0x116950259f514ff338813096754c8cc16a98c8f7,0x001866ae5b3de6caa5a51543fd9fb64f524f5478
54.798559,0,0,22.000001337,0,0,0,0x0b3d42bff39e99da0a6ac49f7a0b621b9b4683dbc91c2d60a54accabcd65615d,4218396,0x2959d7eb88ddd8c07e405a4136d721c7d2fbdc35,0x001866ae5b3de6caa5a51543fd9fb64f524f5478
8.529059,0,0,22.000001337,0,0,0,0x069ce700984931fff1d696b12369bb0acb126bcde3785292bdc9b51d9592c89b,4218396,0x2bbd3d79aba05f84ebc3bcaa7baa73aea1ff897d,0x001866ae5b3de6caa5a51543fd9fb64f524f5478
9.46342246,0,0,22.000001337,0,0,0,0xff5df3ea8797bdce67438b491f0de82b779e3e0ecaad9666706ab739aee78944,4218395,0xb36108c765a02fa4e9eecfcfb336fbc73886872e,0x001866ae5b3de6caa5a51543fd9fb64f524f5478
32.8841295,0,0,22.000001337,0,0,0,0xfd4334df8ef43fbe442c768e571396afe7770f1a50da99e33338392d5f4f421b,4218395,0x0c90e26562b90123b0493272bad3fae9e36879c9,0x001866ae5b3de6caa5a51543fd9fb64f524f5478
87.611159,0,0,22.000001337,0,0,0,0xf61777c2faa9a908840ddff4ea93a5a1aa2ee3c75147e6dc47bfc1ef0199b4d2,4218395,0x433b1377bbac14aa519d2733f018943af9e1cc40,0x001866ae5b3de6caa5a51543fd9fb64f524f5478
26.57852246,0,0,22.000001337,0,0,0,0xf1a6626c08fb6cc3294b0ccd7e54b080085d5d66193cc2b9d70ddd80c43eb86e,4218395,0x3b0d6392d90af4780cd3a2ed13e5819b078b26fd,0x001866ae5b3de6caa5a51543fd9fb64f524f5478
7.20973384,0,0,22.000001337,0,0,0,0xebf739ed4eed342b7fc12f0b25d9cf8a9feab1764f2b8ba502a2a2ea834a7247,4218395,0x33616eaf9d789a62046b85aea620e1ac2dcbcf8a,0x001866ae5b3de6caa5a51543fd9fb64f524f5478
9.99813962,0,0,22.000001337,0,0,0,0xea6ba01afb855110cdb8925df9f8930bab863d6631c9b412fd91e1a1c9ea4c14,4218395,0xdaa4b4ce67b572029ae91d9e6c64f2b27b3c4689,0x001866ae5b3de6caa5a51543fd9fb64f524f5478
19.96973405,0,0,22.000001337,0,0,0,0xce13152bfe66af249f4df6b0c67ea7cd64bf0ee268f05a501b09d09658005d11,4218395,0xa7b5e5161b9e9e0332499ebe3eda7c0099f47459,0x001866ae5b3de6caa5a51543fd9fb64f524f5478
35.20198,0,0,22.000001337,0,0,0,0xc823a6ef5683b7f25b792fbb3461faa53bd5f42564318e7ea5231b95bfc66a17,4218395,0x84af1f5c69f438c99c4ac203db3c1dbed264a6db,0x001866ae5b3de6caa5a51543fd9fb64f524f5478
16.789510540404873,0,0,22.000001337,0,0,0,0xa6e8a1830b646a8bedadc2085079ff8dd01bb595cef6a75011971472b17fd5bd,4218395,0x5b83bc8d25208aed640d2624e08f43204a256b1d,0x001866ae5b3de6caa5a51543fd9fb64f524f5478
8.34892246,0,0,22.000001337,0,0,0,0xa2b232fe928cca3ad8a5f934fecc4f58790aace4cfd2d9a051cefc89da07621a,4218395,0x5cfbf771e633a86abc0793a4cb697dbe6d52450c,0x001866ae5b3de6caa5a51543fd9fb64f524f5478
23.999559,0,0,22.000001337,0,0,0,0x9b61a143cd5c2f77999bbedd40e117c3213465b4693748c2b49c9aa64d2ba653,4218395,0x48e82bd7a8fd5ef5eec83f74941bc35ca88f3792,0x001866ae5b3de6caa5a51543fd9fb64f524f5478
9.98392246,0,0,22.000001337,0,0,0,0x8d0e041e955e53e65aff99dea6080af4f909945a47aa66e6b6b1cf59175807c1,4218395,0x7e26208ca7e2defd2d9c6a0d2b912d9357e96d6b,0x001866ae5b3de6caa5a51543fd9fb64f524f5478
16.19392246,0,0,22.000001337,0,0,0,0x82c563db979fda809f61d3eb566c6e7265501b569af9a1dbdc649520269d762d,4218395,0xf170d66a3d7104a8c06a081d7e62b69e75ee92f4,0x001866ae5b3de6caa5a51543fd9fb64f524f5478
8.49392246,0,0,22.000001337,0,0,0,0x807940a9bacb3fe24260c88cabe2ffcb9e2f6010510ea6db0afcca534445fc37,4218395,0xac8e4aa6807f44ee47aa2288a566f5f71ab611c6,0x001866ae5b3de6caa5a51543fd9fb64f524f5478
10.11377886,0,0,22.000001337,0,0,0,0x75c0931dfecb067283c116bdcb4e4ad00f658072696a0d171685cf09ec2b6307,4218395,0xc3b88cdff6b9b3687b65efca90817b7d408c5ba3,0x001866ae5b3de6caa5a51543fd9fb64f524f5478
8.10433858,0,0,22.000001337,0,0,0,0x6c4ee121ee5f5d54e39e31dbe7874770a55c29ede7f577b566294870b61ad2de,4218395,0x7dfbaaa77175d6ad12e9d3283d337b211afa108b,0x001866ae5b3de6caa5a51543fd9fb64f524f5478
37.67991054040487,0,0,22.000001337,0,0,0,0x69a3a930d6284f3df4e37fd064b12b6d124c250719824a6ac1c1522464b39c44,4218395,0x3f79ab9250acac6ff558ca11c4b89c9b56cad53e,0x001866ae5b3de6caa5a51543fd9fb64f524f5478
52.00392246,0,0,22.000001337,0,0,0,0x56a38877f6765265b6adbcd1127636ff6d4ff8fc675df29883b2ad11a7caaff1,4218395,0x6c0b66ad5f352b6e80fc905baf6a3fa05d24e55b,0x001866ae5b3de6caa5a51543fd9fb64f524f5478
15.4974279,0,0,22.000001337,0,0,0,0x3d60d86c03df910477ba17a320c2563c3188855b11de4664a8ef8d46c8cde771,4218395,0x932e59178c309bc1516f917fcdc4ea3b16312f15,0x001866ae5b3de6caa5a51543fd9fb64f524f5478
10.20396036,0,0,22.000001337,0,0,0,0x2a89fb795f6286cfcd838c768ec1e41f68c6067ffe7e5b1bf5ee822da58ede86,4218395,0x4006a0a3fcea0e4094a8c4edf1819af558ffe853,0x001866ae5b3de6caa5a51543fd9fb64f524f5478
11.7329385,0,0,22.000001337,0,0,0,0x129ec6e5e6222f5c4f68e1b0abb62313e1b0f4db46b3e46e752dc205b2cb3a95,4218395,0xf123c0a6ac0a2ad585586d37903c9ee92164a069,0x001866ae5b3de6caa5a51543fd9fb64f524f5478
9.99892246,0,0,22.000001337,0,0,0,0x0b3f6de8ed3abe7a82472acd6e1f0e97dd6f2e582fc857363b06e1bb52418ad2,4218395,0xf188a44c1b1003a159bd7016ff4cdefd8448a42f,0x001866ae5b3de6caa5a51543fd9fb64f524f5478
9.999537999971922,0,0,22.000001337,0,0,0,0x016c9b7c939203fdafd019a1baf557a4bef16177754ba9b0d762c3e913f38352,4218395,0x7837ab5890ac6fc7f52cc32f8736fa6dd65100ff,0x001866ae5b3de6caa5a51543fd9fb64f524f5478
1.0,1,0,21.0,0,0,0,0x86116402aee4c749b6fc0ad592f1988b4cc66e0b097f6f9dee3f9b95cc80c992,4215042,0x001866ae5b3de6caa5a51543fd9fb64f524f5478,0x9016a3ead056cc5775d379198f8ba705d92040ca
107.97458,0,0,21.0,0,0,0,0xf7d016d423eb896d28346cdc5a5c1ac1808c733f53aad0780b29aad1234eb413,4205760,0x3a4026304259f7111eab1092a146453b90cb9126,0x001866ae5b3de6caa5a51543fd9fb64f524f5478
11.85516698,0,0,21.0,0,0,0,0xf4253c3915be43d85db54c744f8db3c85a1fbc4a06323840d5cac3a12f59ee34,4205760,0x232aa6ffc2317fe6e9c07998fce52fb4883fa23a,0x001866ae5b3de6caa5a51543fd9fb64f524f5478
10.98392246,0,0,21.0,0,0,0,0xf2b0dfd1901c358b91d789b520b8e6cb97b82c4caffe70a46b8bb0dd6dc61d46,4205760,0x211b01b348e7019c94c9c9c95a294cf276b697dd,0x001866ae5b3de6caa5a51543fd9fb64f524f5478
14.01657746,0,0,21.0,0,0,0,0xf197ec05c6346c54cb7364bbd606d0229e3469f45a6d1385729662fe8a54ffd3,4205760,0x7b2f47b97638640ed5f1c60dc9839c883f8a41de,0x001866ae5b3de6caa5a51543fd9fb64f524f5478
11.99392246,0,0,21.0,0,0,0,0xef78f2ce0ca946ea4820c4b35b92db256190d40846f84afffde97622edd857e5,4205760,0xd202250d19a559452f3e79c62b30ba3899276106,0x001866ae5b3de6caa5a51543fd9fb64f524f5478
11.99251226,0,0,21.0,0,0,0,0xecb23d4b70d396377461f32bf114f4ed0f2a601def3fc442e09369adc6df1c0d,4205760,0x22994e6a338ff627c3ea50e520b667141b75e782,0x001866ae5b3de6caa5a51543fd9fb64f524f5478
10.40956218,0,0,21.0,0,0,0,0xea32f63a058958aadc9b4d27bc6a49add87fa1649f3f1a101e634d3ed781c7cb,4205760,0x081ca5be01a3932362d37249fc22eb09a42d1f10,0x001866ae5b3de6caa5a51543fd9fb64f524f5478
14.9920371,0,0,21.0,0,0,0,0xe9b61c8db3cbee6bd283ebd4a9014bd6b8484b8c5fa1cb5a89f6707147a98e2e,4205760,0x3c1ff24fc8767b5279f6c552b2cec968e2716f5c,0x001866ae5b3de6caa5a51543fd9fb64f524f5478
17.37202146,0,0,21.0,0,0,0,0xe94fddb405d954b4d5ec6b62533cc1936af706c9b6229bd5cc3b963e395a76a3,4205760,0x59fdad9eb4418ed62810296ee83e320c82b0ae76,0x001866ae5b3de6caa5a51543fd9fb64f524f5478
71.97665486,0,0,21.0,0,0,0,0xe2bedab8e9b149969394c85b538bbef23e6c9216ce03ef51de740dce20aac33e,4205760,0xcc3c9c8027580e810e51a104ec77618e0b7ad326,0x001866ae5b3de6caa5a51543fd9fb64f524f5478
59.98820319,0,0,21.0,0,0,0,0xe18c35077f1c445b1ef28eefa6c687d36d883265041562bc9a31d48f0663176b,4205760,0x0acb17762d75a97af9abf6b76fa6343f7f79e912,0x001866ae5b3de6caa5a51543fd9fb64f524f5478
16.76392246,0,0,21.0,0,0,0,0xdb2016549dfcbd0288d31acaeba31016ca3172bbbbb1be8419cef442600d2ab2,4205760,0x652cbd857a890e1e48ce6480db00354707cb2a56,0x001866ae5b3de6caa5a51543fd9fb64f524f5478
249.99453799997195,0,0,21.0,0,0,0,0xd992b07527638fc8a46a87e339f004fe3a792c242d4a007cee650f51bb2b628f,4205760,0x3ce037a18cec1999ee063f4c37405ebe52d2801f,0x001866ae5b3de6caa5a51543fd9fb64f524f5478
11.05572246,0,0,21.0,0,0,0,0xd1268eb012d7b2e588d31aeaa90014cc20dc47c93b4ba8d04dbb0887751070a7,4205760,0xde9ea0c31def599de7e0f2a38cd11bfbac97f9ca,0x001866ae5b3de6caa5a51543fd9fb64f524f5478
19.96392246,0,0,21.0,0,0,0,0xcbed6b389eff4972c0bcde063d1eec289a069c7d8278d047a6cf2b51a5131b4d,4205760,0x019b1f77c7322efb5f59f90a8bb231916e5e286e,0x001866ae5b3de6caa5a51543fd9fb64f524f5478
28.31892246,0,0,21.0,0,0,0,0xc238a85e3aa6ce9c18cb0d6fa6ef275d9dd804c8c52edd305f2551e830a29f45,4205760,0x9f88658923a164380c3427e5d17d810decf43db8,0x001866ae5b3de6caa5a51543fd9fb64f524f5478
96.03758,0,0,21.0,0,0,0,0xb3f7b407bd45897731171db70e4c942e940c42ee2b58ecb78e654cb11e1009fa,4205760,0xbdcd0e0484366b934e003756835536f2cd105a07,0x001866ae5b3de6caa5a51543fd9fb64f524f5478
11.24192246,0,0,21.0,0,0,0,0xab1a386eaa3cc6cbf88c9bd402d301c775a4b15efa87c02b82b68f200ca4f1fc,4205760,0x97753c3eca2b1534f75ffbcb8891c628a1c189d2,0x001866ae5b3de6caa5a51543fd9fb64f524f5478
15.96343,0,0,21.0,0,0,0,0x9d3cd46f60c26725b18932986354f5ad463d9809e9c48ad35ce02d43368047a7,4205760,0x132edc6d267120fda35c9569c44c6ff7bb193ae1,0x001866ae5b3de6caa5a51543fd9fb64f524f5478
15.999559,0,0,21.0,0,0,0,0x9c579dc9732749b2e1e9c9ef5ce8ebb86e6496d95eeba02111f54b38548b638b,4205760,0x3a316812a12a7ab8b9bbab723fb3cc174a768de1,0x001866ae5b3de6caa5a51543fd9fb64f524f5478
19.96594946,0,0,21.0,0,0,0,0x996ebae6db289fca9e814e4a75142351a8e2b695b08d55138f3fa0a44c83cfbd,4205760,0x1e414d8d3fe7f824e9491377c834b551ababa842,0x001866ae5b3de6caa5a51543fd9fb64f524f5478
18.54082246,0,0,21.0,0,0,0,0x9793e16a8eac6becb141c528a967315e70fd66988bc459f79166adc723ab5a69,4205760,0xc1956d81037cd9fbeed4a260eaa944b3069f221b,0x001866ae5b3de6caa5a51543fd9fb64f524f5478
10.774165579971925,0,0,21.0,0,0,0,0x91e572e38f2ffd824ce094b4a98da5207c90484c9d2fcafbc69f55fd9abe5378,4205760,0x0e70f6cc68e70dd8f8bece088f42c867f493c55d,0x001866ae5b3de6caa5a51543fd9fb64f524f5478
18.99392246,0,0,21.0,0,0,0,0x8cff666292fa944968697dbfaa7d4400e38941c30fcad2d8657760397148e1ed,4205760,0xa7d03d1bf1ee038c3aaf3d91ccdb127698be9a2a,0x001866ae5b3de6caa5a51543fd9fb64f524f5478
10.67780131,0,0,21.0,0,0,0,0x88c79b0906e37ff6559b61514055406e93f5e71d895d8b08109246e41d111b63,4205760,0x5465feb55f58b87714dfc4c2200b8b6cf55e5897,0x001866ae5b3de6caa5a51543fd9fb64f524f5478
13.75192246,0,0,21.0,0,0,0,0x88b8197bc571d0c4306c612afb8ca6474475acd77594944391f7327c33a641aa,4205760,0x268015cb3121c86ef2c9ef2daf03954c9d72850b,0x001866ae5b3de6caa5a51543fd9fb64f524f5478
50.05972346,0,0,21.0,0,0,0,0x86b71b3133224fa4599436744c77860f4d06a27812dfcab7bbba2d9f4360292a,4205760,0x3cdaba75bde14d55dca7a4f6bbb399533451a7dc,0x001866ae5b3de6caa5a51543fd9fb64f524f5478
120.99392246,0,0,21.0,0,0,0,0x8563e1bf8f4f58b7172bcd6aa18c110e669ace516903cf05d6b963c9f202f339,4205760,0xd00947690f87fc8f7ad1535418ed58c800f44998,0x001866ae5b3de6caa5a51543fd9fb64f524f5478
23.69932246,0,0,21.0,0,0,0,0x811bca08b02899cf0dc3365aec19d719afe1fd419a2b588051fa44749cc664e7,4205760,0xd1f41270bcb31f24656182200f5e3eb555f8c369,0x001866ae5b3de6caa5a51543fd9fb64f524f5478
10.00392246,0,0,21.0,0,0,0,0x80a29739c6bab9bcf0940f1f531c0fd8e10cdc473df2420f5ae2ffa49d0a0ea7,4205760,0xc909727777bad0dc88ab09ed954b7c7516ae0334,0x001866ae5b3de6caa5a51543fd9fb64f524f5478
19.99392246,0,0,21.0,0,0,0,0x748c07c62d9e720b3455a3e3c9a3dbc5e406f18c0b5e4939e7d051f895082e3f,4205760,0x12cf373ffd14af97589a88d92127ca0fff7cf900,0x001866ae5b3de6caa5a51543fd9fb64f524f5478
50.53998185,0,0,21.0,0,0,0,0x7322aeb375fa5158a6581dd08939100906f6aafd481347399ca7d3155e5908ea,4205760,0xc6ba6bb80188687fe5a845bd4ec2b3b9f6ae1ff7,0x001866ae5b3de6caa5a51543fd9fb64f524f5478
23.91392246,0,0,21.0,0,0,0,0x7243348a939288737e5128a78974b38a7d03a025d14d3a0d7109f2fec11a71f4,4205760,0x40a6b97676f2a82ae1e054fee9dc70a133f905ac,0x001866ae5b3de6caa5a51543fd9fb64f524f5478
10.14902566773965,0,0,21.0,0,0,0,0x720aea481068d8dc32b2559f94014fc9a046bac8870228344a708bbe51529a42,4205760,0xbbe651c9c61594a0ca34bb0af0b52101812b5707,0x001866ae5b3de6caa5a51543fd9fb64f524f5478
46.53292246,0,0,21.0,0,0,0,0x710aaca45b8aec0a22053c8f2a0854c8f81c4b2458fff2c2d118baf4c62d0984,4205760,0xbda18fd3c21dff4141ba9f954fe7b2487693bafb,0x001866ae5b3de6caa5a51543fd9fb64f524f5478
35.30745246,0,0,21.0,0,0,0,0x6eede13ab5674af4c14278890e445844405db8abc46f202f228538b05f6dfcc1,4205760,0xac76ee96b85cd5fd6b027ded2d35c21760bb63f0,0x001866ae5b3de6caa5a51543fd9fb64f524f5478
27.98392246,0,0,21.0,0,0,0,0x6e9c628cf8d0c3daaba084bb585889f7c17d851e8886a5b63a8f92ec8976e5e9,4205760,0xc493fd9a870bd677ff55f8da7f15834d67b7e2c9,0x001866ae5b3de6caa5a51543fd9fb64f524f5478
35.99495246,0,0,21.0,0,0,0,0x6ada28cf1261bd712b20a4fceadb38ea304fe6808cd03aed2a26b39e8a92bd43,4205760,0xd0ae63b3939586bfe48740d87a77264db84f38b8,0x001866ae5b3de6caa5a51543fd9fb64f524f5478
16.03366301,0,0,21.0,0,0,0,0x5fde24cb1c929ff223ad741e4206fde4c2fbfefe8b0368229391d5b0cba5b8b7,4205760,0x254d5e9e4bb39e8002c851d1c777020d03c762f6,0x001866ae5b3de6caa5a51543fd9fb64f524f5478
10.8775857,0,0,21.0,0,0,0,0x5abf3a2cb8c034117be25655564298425e34deafc4cc66219b38dbf084b82ff2,4205760,0x175dd7caca9148d81b36a2af2de19ab630723493,0x001866ae5b3de6caa5a51543fd9fb64f524f5478
31.705930149971923,0,0,21.0,0,0,0,0x559fda30a83104b6b5586f34808f5f2f4b62e9a6b6009fec32b739e2abad19e0,4205760,0x5e3e6a67a3b4d5337520069164f142afc3385a26,0x001866ae5b3de6caa5a51543fd9fb64f524f5478
13.79243706,0,0,21.0,0,0,0,0x544c69f75bc2885b0fcaafa4fa8aa7d8773a6aa94ca06cdb0c8beb0b83787e0d,4205760,0x6a108dc086083c7bbad6f0c1357af8e084a2ae2f,0x001866ae5b3de6caa5a51543fd9fb64f524f5478
12.07542246,0,0,21.0,0,0,0,0x530fcf5c3d1ddc5939423a6305013d2ca76deac06ae0222ba735ef1fa6883e7f,4205760,0xb1be45ea0d0d4983d460fb4788cf647f1e3dd8a8,0x001866ae5b3de6caa5a51543fd9fb64f524f5478
16.01492246,0,0,21.0,0,0,0,0x5170ae0c289b871aab1f3ed894195c0dc06c5b9078538345abefe44efce4f05d,4205760,0xe409dc0cf2875d399acb37fdd96592e0d861066a,0x001866ae5b3de6caa5a51543fd9fb64f524f5478
11.2255866,0,0,21.0,0,0,0,0x4e96fa74d191ed627d536b1e79627280956604273f05d9cd06301945c1b47139,4205760,0x8d07812e96924327dc982ff63eb48be0c138213e,0x001866ae5b3de6caa5a51543fd9fb64f524f5478
16.47392246,0,0,21.0,0,0,0,0x4c2cc667893a3085f5d702f75b2106485c204ba0c1bfea0aa513a2a392947fba,4205760,0x2024dee3ef7cea728176848158afdf78a2c5fc8c,0x001866ae5b3de6caa5a51543fd9fb64f524f5478
14.99392246,0,0,21.0,0,0,0,0x4a1bbbe223f3bd6793300bb75a4d616f71df591a6e5a9c17d59ab001188734cd,4205760,0xb93879dd10b0932a7adf0b6552e0f48f8c0c01e7,0x001866ae5b3de6caa5a51543fd9fb64f524f5478
159.99392246,0,0,21.0,0,0,0,0x4855f814b2ee2c2f65e0ad6be955ad8df9e759d5500ea0d7303d151c8cdfe669,4205760,0xcd7602a424597342f3851c2b10b14dc2ba8ef9b7,0x001866ae5b3de6caa5a51543fd9fb64f524f5478
19.9920973,0,0,21.0,0,0,0,0x47388ae70bcc4d76f58a572709b6544ca7c62df03024ddc9a6060cdb9c403fa7,4205760,0x737a21363afe87a96002e187d42c8693ee93f5d0,0x001866ae5b3de6caa5a51543fd9fb64f524f5478
22.55892246,0,0,21.0,0,0,0,0x45bd457b2d5b48e36b5a5f91c1a2361da68fc8e323eae7466aabe3c9d08a7d0f,4205760,0xc1019734e5bd68055c488728bc1d681db49f8bb7,0x001866ae5b3de6caa5a51543fd9fb64f524f5478
40.19234053,0,0,21.0,0,0,0,0x454e82e6dac595ec0382f23a46518163715b79600d7730035901e1a72a6a7a3d,4205760,0x51fe01997ad497c45d5f25f0d9a922f61113df6e,0x001866ae5b3de6caa5a51543fd9fb64f524f5478
23.10031135,0,0,21.0,0,0,0,0x3d1c22be29b6ae08ce731ad05a542525c66689f339b736827815894a1769a4eb,4205760,0xc22c90940755b6a0868fb72cbe8e346af3787b7d,0x001866ae5b3de6caa5a51543fd9fb64f524f5478
23.12202246,0,0,21.0,0,0,0,0x3a4908cf5bd9e475f87128045c119ff4acab570e297fa60904734f3b6fa8174a,4205760,0xe37bdf9326003d71d903ca340a5c8aad3dd0a21c,0x001866ae5b3de6caa5a51543fd9fb64f524f5478
17.80617258,0,0,21.0,0,0,0,0x39f5a3b3177ae3c45a15316f27eb802f49b6f18fda2e38fdb8f875431637b77e,4205760,0x201e93eeab9ae8e4cecb652b7d0cb3535d37d42f,0x001866ae5b3de6caa5a51543fd9fb64f524f5478
12.73392246,0,0,21.0,0,0,0,0x37422ff4cb02418af2f67058663cd4d50f3669e39ce2c25908d9ad4c7f4c985e,4205760,0xc46cf81ef6a0e34246308a076b09f0d7f35f3438,0x001866ae5b3de6caa5a51543fd9fb64f524f5478
18.53810568,0,0,21.0,0,0,0,0x371796d23bf283ddd15df8539b2e516612af754396aa87b996854a86174a8052,4205760,0x9331e9be210b506c48b22c39ffcce49cfa122dbe,0x001866ae5b3de6caa5a51543fd9fb64f524f5478
10.67392246,0,0,21.0,0,0,0,0x332d062794d373f522d96fa6cfea211eeb4e8d74c04eeeb2e259b7bf5a5bd3bb,4205760,0x74b2bc7c44b53fad5178dd1b936008d2e9248995,0x001866ae5b3de6caa5a51543fd9fb64f524f5478
99.99392246,0,0,21.0,0,0,0,0x2f8dd180cd362599a03de8ff6506f28c276b1938f61eef8caed095f4a84f3ae1,4205760,0xe6210c2d5c60d46f3f93fac57b34f994ab9ee772,0x001866ae5b3de6caa5a51543fd9fb64f524f5478
44.19392246,0,0,21.0,0,0,0,0x2e8df628903e42c15d0f7f11b99c267342dcd7523668269857345013217f0dda,4205760,0x084e95a01b76add36e1ffcbd36ba2ba7c765a687,0x001866ae5b3de6caa5a51543fd9fb64f524f5478
36.22532246,0,0,21.0,0,0,0,0x282b681a03af8fb68b7ce28950cc49d22123485f7dd1228f2a78989caa27a41f,4205760,0xd2b89dbb94bd9a510d489be115ecd7fbffe81411,0x001866ae5b3de6caa5a51543fd9fb64f524f5478
55.64414584997192,0,0,21.0,0,0,0,0x27e5bd80246b46784630769c35d73488131c498ca7267a222d6fb53bcc6d3fb1,4205760,0x03af8b3d3044718b649949255ef0624bd0b263e0,0x001866ae5b3de6caa5a51543fd9fb64f524f5478
17.61539946,0,0,21.0,0,0,0,0x22f5141606d1cadf60b3c5bc596aecd788d9e49b745027ec74d0b7cd23ab1f7c,4205760,0x13522c47c6a140d89c22e1e40cee02619175e68d,0x001866ae5b3de6caa5a51543fd9fb64f524f5478
19.99392246,0,0,21.0,0,0,0,0x1c105ec7ebd287a0f6fa59f7772685b5af74b4888114db5e16fd32ae0181e0c1,4205760,0xe6e1b6db1b80d4f2759299d41610800f409cdf21,0x001866ae5b3de6caa5a51543fd9fb64f524f5478
26.62940665,0,0,21.0,0,0,0,0x1bbc65f84c085b3a19bcff9505e06ce3bc4ad3022fc18a6b2082ba74d8a2e738,4205760,0xc4b9bcc407325efd3f5496f702c5aa92bc96b957,0x001866ae5b3de6caa5a51543fd9fb64f524f5478
12.81072246,0,0,21.0,0,0,0,0x17f5366d8fea0f779aeeb28fa4d639ef2bd6702916ceb3f51ddb2be153a95318,4205760,0x04b5151de2749c50afacee4862ce110c0c9b43d0,0x001866ae5b3de6caa5a51543fd9fb64f524f5478
12.26192246,0,0,21.0,0,0,0,0x04725aeb4785ea892909909696dbc9a4ef213c988b9aa293a443216cf9436a96,4205760,0x33c189a9441dbb0ef3a8565d6af36881c8f4cf0c,0x001866ae5b3de6caa5a51543fd9fb64f524f5478
22.99958,0,0,21.0,0,0,0,0x0373f5b3593431e6e9fa5045d6e70d13c440a458b61ee191a7e7265ef6efcd56,4205760,0x24078a8fb18356826131842ef2f6fd3e83cb9578,0x001866ae5b3de6caa5a51543fd9fb64f524f5478
38.76494346,0,0,21.0,0,0,0,0x35abbe37ba17e65da1379b6b8b0c676925011cb8cdd52abcc01d5ecd10157397,4205758,0xe85562cb188903a4c64cddf6c6b8ae560466990f,0x001866ae5b3de6caa5a51543fd9fb64f524f5478
15.28848146,0,0,21.0,0,0,0,0xde23fe7f3faad6d208fa8ffc58455bd97aa3146f3e12a70b870c951bff5d9218,4205758,0x3d27e8e6abe78826e6d98408d7c01ee37d3fd96c,0x001866ae5b3de6caa5a51543fd9fb64f524f5478
20.69783,0,0,21.0,0,0,0,0x7ad855c9ae9b1db1c7e95d98beb52b7eafb21ecf79d21b60d3d43a6b4d6ce7fa,4205758,0x01ae1e0da03d4de6eafd159463ce344efb911daf,0x001866ae5b3de6caa5a51543fd9fb64f524f5478
19.98976797,0,0,21.0,0,0,0,0xf25243f24230cd9f779da1d18c61dd581cc4f30915a5fda1111e492eae5e13d1,4205758,0x6c88fa475deda930ee95ee9c0740cab3ac359eba,0x001866ae5b3de6caa5a51543fd9fb64f524f5478
12.42092246,0,0,21.0,0,0,0,0x2167950af149c9011ef3dbd33cb92f043dee2b06a3e600e9e1c2e9ec6a7d7866,4205758,0xd00f3caf6bf3ded8cbfa4230a6379b00c8224b6b,0x001866ae5b3de6caa5a51543fd9fb64f524f5478
11.70892246,0,0,21.0,0,0,0,0x49d117ef039fc848adfc392c01ecf77a2b71ea980830292515202f830ade77e8,4205758,0xadf28ccffbc30ad3f4033e8ea0db8fc19dee9a46,0x001866ae5b3de6caa5a51543fd9fb64f524f5478
15.03987246,0,0,21.0,0,0,0,0x44903f96db64660d0ce2ba9469a6e17635ef4efeb4547fbfdcf175aa4f0b0c7a,4205758,0x5daecca8f15c85af4f5bd01b0efcdccf7aac29ce,0x001866ae5b3de6caa5a51543fd9fb64f524f5478
19.78094858,0,0,21.0,0,0,0,0x68aeaa921c81e4c2ab5505ba02eceb42a8ec61afd3e2111b9c6193febef13efd,4205758,0x0e28a1188db881105e7c25a29a9b3f69f2825768,0x001866ae5b3de6caa5a51543fd9fb64f524f5478
242.1124473,0,0,21.0,0,0,0,0xafa4ed2e7e096e849615376aafb614225cf32fa092113f356c0e0b2e137826c0,4205758,0x3e0c05148b515d96435c2794f8acfa85615ae7b7,0x001866ae5b3de6caa5a51543fd9fb64f524f5478
10.09392246,0,0,21.0,0,0,0,0x19440535bc65a084320641875014de46733a6edee45559c57b1d1b17e7f5a287,4205758,0x9d5941a8ba1fa10fcb04b0f36d036dde49322553,0x001866ae5b3de6caa5a51543fd9fb64f524f5478
43.19392246,0,0,21.0,0,0,0,0x779d9cf2196ff0df9ad8752ba998959c69d2ae1644373256b18e29913270f5ba,4205758,0xbfdc4c454ae3c88e818b6c1b92df8f9c50e896a1,0x001866ae5b3de6caa5a51543fd9fb64f524f5478
23.98458,0,0,21.0,0,0,0,0xfcaa952b26ea34080c1fc6a9820acf733e16cdffc246e91ac1481d7a6ec408df,4205758,0x1b06046f63bea9ba60aa8747fc8736141dc64465,0x001866ae5b3de6caa5a51543fd9fb64f524f5478
12.74654105,0,0,21.0,0,0,0,0x718c1aa6d77b0a8715180b9350f399807808fc887535e57d05ce588171671545,4205757,0x55dfc6ae90458dc81cdb9b9bb49d71abd4365c72,0x001866ae5b3de6caa5a51543fd9fb64f524f5478
10.43892246,0,0,21.0,0,0,0,0x27d7a1fd7b8c5fbee4ddcea29efb2c5f9fd0c6383355dd6f4bab6bc95f82071e,4205757,0xd136f81ffa901f51b5b6fa992c5060d966b62c87,0x001866ae5b3de6caa5a51543fd9fb64f524f5478
10.99816446,0,0,21.0,0,0,0,0xaf8b0799e2f1417be654a653a6779853de8ea968807fcc4659b0d2e66b63d6de,4205757,0x056f62ecb036215b667f4f96aa7d9864c0c3a662,0x001866ae5b3de6caa5a51543fd9fb64f524f5478
18.15224229,0,0,21.0,0,0,0,0x89c8a86e75973c1120d8716dd273118bab52d5fd03b50c7bf664eb95b920ff1b,4205757,0xa617871555c26c07ad5d06f282bd4c339b1f8304,0x001866ae5b3de6caa5a51543fd9fb64f524f5478
56.49852246,0,0,21.0,0,0,0,0x5ef0980272ee8b44a98aa0306d8ce8c593a9d76edfb8c0901fd4ba31c4570464,4205757,0xcb42e87e8f20ffd547e1c69c58faa53b0041dc4c,0x001866ae5b3de6caa5a51543fd9fb64f524f5478
68.23301246,0,0,21.0,0,0,0,0x82dc08c2d0f4853923b903d6a0bc28ea2460e59feec69ba00f414739d71e8bcd,4205757,0xe0d28a32b2f6acf7a5f51d57e926553883d34cb2,0x001866ae5b3de6caa5a51543fd9fb64f524f5478
26.06145961,0,0,21.0,0,0,0,0x48e813157c86b2bcd888e4b6c8643a78b7eff92f63c9b11055baf88464c046e2,4205757,0xbfb8d02cd80e97b2437381b2bb324e35964e7356,0x001866ae5b3de6caa5a51543fd9fb64f524f5478
23.70392246,0,0,21.0,0,0,0,0x9187cc32ae79e515c26c660c38bb1a150b096bac25c554413d3c78771d71bb7f,4205757,0xccabb32199238370fa08791b0a83cef1731f8bdd,0x001866ae5b3de6caa5a51543fd9fb64f524f5478
16.19015064,0,0,21.0,0,0,0,0xaa0c24950e90d82a8deb0b8963fa50ec2f1f23811671bcad301a249181587ae5,4205757,0x763a09be1eff956ecd0db76f201becf689a8cc5b,0x001866ae5b3de6caa5a51543fd9fb64f524f5478
214.291844,0,0,21.0,0,0,0,0x3917b2cca5dc92cfdcdd3e49b0328b444506875227ce9f0dbf8f63db5aca823a,4205757,0x0e7272b2874ea581fe52ed84a988708f05e8a24b,0x001866ae5b3de6caa5a51543fd9fb64f524f5478
12.64717957,0,0,21.0,0,0,0,0x95227cbd175db88a71bf0262ae6019c13b3d9a3e18dcec8e170dac9daddf8165,4205757,0x3bd537057d7185ac2282d8e5afe8d15dd7618b24,0x001866ae5b3de6caa5a51543fd9fb64f524f5478
13.31392246,0,0,21.0,0,0,0,0xc1c5ab888cab87d883655950ad5f4cc028905aa444e7dc6aabdcd95d97f53d73,4205757,0xd7bc0a1cef858ca04e06baa9efbcda1cdba2093d,0x001866ae5b3de6caa5a51543fd9fb64f524f5478
15.99392246,0,0,21.0,0,0,0,0x8f5d56f4857abef4b01eb689f003cd72c03afac20106d6675ff98f2dfbcb7145,4205757,0x058a8acca4f3c9e89ff9d7903b7cd098600fba3e,0x001866ae5b3de6caa5a51543fd9fb64f524f5478
49.99392246,0,0,21.0,0,0,0,0x6525a352366b97e2519e666b868c4cd181537cbf34ee40decc06f2ef30893aa0,4205757,0xcad3fd55910f2bb726f761f36cbe8c07092ac32b,0x001866ae5b3de6caa5a51543fd9fb64f524f5478
13.74680246,0,0,21.0,0,0,0,0x73ee38b0dd8a3a22f9026f13ce975d96f433898b9fae3a9182ff30c5e13209dd,4205754,0x5bf68cd676a53b7df3533831ffbf5a3edd740527,0x001866ae5b3de6caa5a51543fd9fb64f524f5478
49.299559,0,0,21.0,0,0,0,0xccd31afcd7d527eae3c9e0352710beb47ad0ed814bdbf0c374d1e0ba358f5efa,4205754,0xb2d6b5f16446f03035c55d331c87b48fb70adf17,0x001866ae5b3de6caa5a51543fd9fb64f524f5478
11.12068246,0,0,21.0,0,0,0,0xa5000dbceed71521ca354030941ad08466a3936ef3ae1de3d29de7df77c4ee04,4205754,0x4210f9c31018cd8f6e4b0fc656ead1306d4d791f,0x001866ae5b3de6caa5a51543fd9fb64f524f5478
10.99257105,0,0,21.0,0,0,0,0xfc8a26b4ac83e1c2c710ab34814f1b429991f0e5a63f7919b3e282769ba2ccae,4205754,0x8bc4a5e0f1a905b5effc82768aba6df069c1f515,0x001866ae5b3de6caa5a51543fd9fb64f524f5478
19.99392246,0,0,21.0,0,0,0,0x5e3fb8ee5cfd623941787a65c77895f3352f0e8ec3473cf677bef05149cbe908,4205754,0x5c599f8644de061f0d2dd2eb04de80199ec69888,0x001866ae5b3de6caa5a51543fd9fb64f524f5478
43.99392246,0,0,21.0,0,0,0,0x9bd80b44bdb8fe8fc7f319ae4e61b2dd75bb53d4de18e06b583c1c18393a08b4,4205754,0xe883bbb78d5cb167ecb610fbbdeef817a7ecdf11,0x001866ae5b3de6caa5a51543fd9fb64f524f5478
14.99392246,0,0,21.0,0,0,0,0xad17e8db7a78a2f80956d59ec4bf137e72f9aaa76a710bcb67b8b71ff844ec0b,4205754,0xa988b4066e1b8235d3de05dc009640dbed527cb6,0x001866ae5b3de6caa5a51543fd9fb64f524f5478
119.99392246,0,0,21.0,0,0,0,0xa53ff987421195d08fcba2b85cbf8bb56c3bef28e124c510430a87b69214e300,4205754,0xe7206c406a14c30473ce666a26756f4eb0fdc3e2,0x001866ae5b3de6caa5a51543fd9fb64f524f5478
203.88996226,0,0,21.0,0,0,0,0xb76a1fb2135bd0540ebeb234c617d25d0e70c175551aa58c7f8ee9802ed94179,4205754,0x25ccc44d24add91c81ddc9701244af9e6750dd33,0x001866ae5b3de6caa5a51543fd9fb64f524f5478
10.4633303,0,0,21.0,0,0,0,0x0216d611c346ca5b2008ad854747b3b24e482e397dc6fe36c9eb887389158ea9,4205754,0x21f4a3b73f0e92beb61fe67abc55ae236988cd07,0x001866ae5b3de6caa5a51543fd9fb64f524f5478
20.48392246,0,0,21.0,0,0,0,0x1334746c388137f235d749daa54f1cf8f80524fa16f09e5f21900fcc668eb3f4,4205754,0xd01bdc9c800d06fe219d16322d5978cb587ceba7,0x001866ae5b3de6caa5a51543fd9fb64f524f5478
14.71573892,0,0,21.0,0,0,0,0x50e47fbd5818783249fc8ac9086138962a8f4f2c8acbff6cdc8f5e9e84628e46,4205754,0x94cb0a1601bffcddaa4fede76d615b86746e46ac,0x001866ae5b3de6caa5a51543fd9fb64f524f5478
29.48392246,0,0,21.0,0,0,0,0xf65036f210e7ad7d4de4f6fc7d0743f1f51e76e60bea2e408a12d92b254e96a5,4205754,0xd03babf2e98c74c44c94763c7a462e00198d6d9e,0x001866ae5b3de6caa5a51543fd9fb64f524f5478
82.00548826,0,0,21.0,0,0,0,0x077d83e17fd5ee512477e9e642ea950453587b68de4b007afc8cf9d4f48a1127,4205754,0xa1b880ccd7285afaf3980f37e7280aaf3b6d657f,0x001866ae5b3de6caa5a51543fd9fb64f524f5478
16.17892246,0,0,21.0,0,0,0,0x3c261b622d4cea4282deecb3ae661778056280c62e55f2c769d68ff0781ac6ac,4205754,0xa21e6337649a5b5c23ea5340a8e8941de7d7d73e,0x001866ae5b3de6caa5a51543fd9fb64f524f5478
99.98892246,0,0,21.0,0,0,0,0xe9585ce7996012745b86a82b20d2acdc23c0501795fb251847c24f67b9bf6f5e,4205754,0xd6c0e487f1d113efbf499fe05d9e69fa9d4efc9c,0x001866ae5b3de6caa5a51543fd9fb64f524f5478
15.3306438,0,0,21.0,0,0,0,0xa77ee3072329ff01962fe3153bb784db91b8281bc63e294726a18023bf6f6f70,4205754,0x31e43754bba9b340cec3f5b05600318611441160,0x001866ae5b3de6caa5a51543fd9fb64f524f5478
20.74222246,0,0,21.0,0,0,0,0xef8a4fe6693494d54b494c3c034ab63cf25d8ebe7b9a3c906d2ceb0cac340f7a,4205754,0xe5aae8fa9eb53cb789ce06f3c31c2caf4e6e4c1b,0x001866ae5b3de6caa5a51543fd9fb64f524f5478
14.49392246,0,0,21.0,0,0,0,0x24e54f5ef03af912084dcdc5a6dc11e3b0be963bafc207ffabf40172c8ccc26e,4205754,0x6af5f0338f31070aa22c212165e86e9e95cd5c3e,0x001866ae5b3de6caa5a51543fd9fb64f524f5478
17.22853759,0,0,21.0,0,0,0,0x6c06021f42d20ea0c216cde90804c1010896d5808ae01763913f7d0056393c8e,4205754,0xed9c29bc3367b2304f4570d55582098ea5d9d216,0x001866ae5b3de6caa5a51543fd9fb64f524f5478
18.57538146,0,0,21.0,0,0,0,0x47d865f10b59d43feafdd53eb20aa37404772921a88b5ee326822a59b6a4ee9c,4205754,0x3a2c4c30084da086a884224dd867b9025f11193b,0x001866ae5b3de6caa5a51543fd9fb64f524f5478
79.49392246,0,0,21.0,0,0,0,0x9ecace8c8cee77e4faa28af12cf316bf7374bdec100ab04d583843543dc94f24,4205754,0xede0e6b1859826fd280d5d5744c5714663d7fd29,0x001866ae5b3de6caa5a51543fd9fb64f524f5478
16.99392246,0,0,21.0,0,0,0,0xf8f29f3c6ca0ca5ba5d2f943b35b74b5c809f38ae696a53ea1329a81306456fa,4205754,0xd77bbff28f8fe92b46c59f7de271cb9a6d998c38,0x001866ae5b3de6caa5a51543fd9fb64f524f5478
14.99392246,0,0,21.0,0,0,0,0x2287c77ea4df968a66207e8aa7cc8d9c93d4d2fcd8f0fee4cafd9016a7ccc903,4205754,0xc1c58028669d4fbe28029738f6c593113b6050fe,0x001866ae5b3de6caa5a51543fd9fb64f524f5478
19.98212994,0,0,21.0,0,0,0,0x52d5f3c3f2d66496fc74f28694373e99ea79db8c6cadee3d8ff78292eb847cd2,4205754,0x614760ffa318cac92f010c4ec0dc351d24e9a384,0x001866ae5b3de6caa5a51543fd9fb64f524f5478
11.86392246,0,0,21.0,0,0,0,0xfa443709a411cef48b836bad7387440a6b997fa4db4d9dc11b2116a993640844,4205754,0xc9e1fd6612293783840bc1c900f1c2d6ea6f5488,0x001866ae5b3de6caa5a51543fd9fb64f524f5478
13.80918016,0,0,21.0,0,0,0,0x0c38397758e8052f4b8b0eb31f4caa5c1524e62dda9d31fe5a114a9e7e0a0498,4205754,0x826f4d0631091ae202d2b6b977cbac2b5c495f34,0x001866ae5b3de6caa5a51543fd9fb64f524f5478
19.99392246,0,0,21.0,0,0,0,0x11481af13bb5227dd5d6b2591c4b7ec7445a2b80a2a443ece706563bde6b4633,4205754,0xce03632c60b0bc27e44eddbd7cc81a72c9ced0eb,0x001866ae5b3de6caa5a51543fd9fb64f524f5478
119.99392246,0,0,21.0,0,0,0,0x587c64ab4147c5170780429a15bc6bdeadf69c9bd716fd34db735c1b687b4efa,4205754,0xe6f8adb0c74ffb695b6cceeb7c2f1971559b9aaa,0x001866ae5b3de6caa5a51543fd9fb64f524f5478
49.90827246,0,0,21.0,0,0,0,0x0b181ac444a5ea2862ca23a39016083bfb1cc5ef3edca601730510c333868692,4205754,0xc13328cb365d27a6c68a534167e9a992664f7683,0x001866ae5b3de6caa5a51543fd9fb64f524f5478
12.14392246,0,0,21.0,0,0,0,0xd43f973be4721a0e36e2cffc68b188db44f7304e4175376483071731bcc60cb2,4205754,0x2af4447ee72e118e0968968546c148412fdd460c,0x001866ae5b3de6caa5a51543fd9fb64f524f5478
17.00149422,0,0,21.0,0,0,0,0xd13135e8ab27e4cc7cc48abd351c6faf293a866b09c97dbed128a942425842ba,4205754,0x0859ec9f3ff15e5b2f8cd7f882fd067f62fa2532,0x001866ae5b3de6caa5a51543fd9fb64f524f5478
19.99392246,0,0,21.0,0,0,0,0xa075694eeac1e1dd5d47af1b18e481ed933aa2218d048dc1ad7f63809bab9eb3,4205754,0xad22f6bf12eaf0862f390e79926452810e237308,0x001866ae5b3de6caa5a51543fd9fb64f524f5478
14.70406756,0,0,21.0,0,0,0,0xd0b5fbe192030574070e99d195ebf594615cee7192e64d98901fb46752934dbf,4205754,0x129b4f77b0bbf809fd92e79a193776cd4c2df178,0x001866ae5b3de6caa5a51543fd9fb64f524f5478
141.994559,0,0,21.0,0,0,0,0x773898fc3cd928b50f6f00221d77ce00f77133e201943bce462eda728246fd4a,4205754,0x10c004c60b3e8b110e30ef04a51c99acf2613c8f,0x001866ae5b3de6caa5a51543fd9fb64f524f5478
13.8373375,0,0,21.0,0,0,0,0x8e16defc1bb018297663cec5f0074b3d90b402c31f5762d667f7b406c7c4a516,4205754,0x26371e52b7a76baf276ccf52895e48cdaa5454b5,0x001866ae5b3de6caa5a51543fd9fb64f524f5478
234.32711228,0,0,21.0,0,0,0,0xf769939ceb8708a47d7585277cb18b56a6004d1c95e93cda7ae699b651b01613,4205754,0x9c3fd58e8bd658b993875e68ce62bbe87833a6bb,0x001866ae5b3de6caa5a51543fd9fb64f524f5478
14.52973246,0,0,21.0,0,0,0,0xb7bcbc9c7d892479b20ba4c2bd1818631e02418b3d21349546cbc74d2b426f0e,4205754,0x1bf6bd136cf1f2d62e66ab28405a4c79e0ef1f85,0x001866ae5b3de6caa5a51543fd9fb64f524f5478
32.53062246,0,0,21.0,0,0,0,0x4bb2efc3ca4cd029df5edd9ee7073cd727ff3cb7573c99846683b470ec5f761c,4205754,0x8e1a82b53c8213c5f07df7497eb7ad1a0f191357,0x001866ae5b3de6caa5a51543fd9fb64f524f5478
14.339484067319288,0,0,21.0,0,0,0,0xcc3de9c56762549d75e1779fd159ae9cc0a7b87d524837e1fa08cff5f17d64dc,4205754,0x0e9c00a0bccce9082489739766c37a2d909fee1d,0x001866ae5b3de6caa5a51543fd9fb64f524f5478
11.39958,0,0,21.0,0,0,0,0xe060d5a5034d9bd30f2eb88a0475cd5b1cb269c25f9902c6b18c199f67289ace,4205754,0x3613d85595269d617f4f2fcc0e0596e7d457303a,0x001866ae5b3de6caa5a51543fd9fb64f524f5478
14.98792246,0,0,21.0,0,0,0,0xc794f6e792b44fa48e897c1e28ec6f98534f62e6970777b263b9d9c6690eb436,4205754,0x2b435bcff0a64f24922d6a4eca9fbc98f8960672,0x001866ae5b3de6caa5a51543fd9fb64f524f5478
15.55492246,0,0,21.0,0,0,0,0x5c1d2d8ab30e2b12612a613f72ed16637dd63ddc4d74943118e09f405a75cdc0,4205754,0xe88b364ecb70b737f0d69d5c25b4328fa50e09e1,0x001866ae5b3de6caa5a51543fd9fb64f524f5478
10.19274966,0,0,21.0,0,0,0,0x97f53cc10eaae8bc8561b9ba6df1e07cd1a3ecc17b385a416e639ddc3a533fca,4205754,0xb0f30be599234db5d543f54d5e2d66c636de78b0,0x001866ae5b3de6caa5a51543fd9fb64f524f5478
51.04115322,0,0,21.0,0,0,0,0x662641985263bb271c1ae898a2ff0ee887d92da88ffe01a37fba32d81dae8035,4205754,0x5d282db89873763fad6ed2c11a0617cc96338984,0x001866ae5b3de6caa5a51543fd9fb64f524f5478
59.356037,0,0,21.0,0,0,0,0xeb932fdd08873edd84647058d00abd1b39f01492603d5458510316422202526f,4205754,0x010256762279bd740fd3cf3ca12e2eaea21c4d51,0x001866ae5b3de6caa5a51543fd9fb64f524f5478
12.98392246,0,0,21.0,0,0,0,0x1d81c212dd5f01afd5e79fb36a3096cfac27e29f1812795bbc303fc6b4adc781,4205754,0xd5da25b4902d53f25300c64393562159f025a71f,0x001866ae5b3de6caa5a51543fd9fb64f524f5478
29.19392246,0,0,21.0,0,0,0,0x529d1097a8c279dac537e1d9c7dba65b2973c62d492c00dcf9486785ff4e3dae,4205754,0xe93555c9bc8c8ed04adb55131d0599757442514c,0x001866ae5b3de6caa5a51543fd9fb64f524f5478
19.99392246,0,0,21.0,0,0,0,0xbc54f2fbac662851c1b0032999e44453c92b14182957cd763803015b087d3a4a,4205754,0x4ef251838e6bdb48205eb1b04a7ed980aa7a9e93,0x001866ae5b3de6caa5a51543fd9fb64f524f5478
10.69392246,0,0,21.0,0,0,0,0x72179b76548ab7461fde603acb30543eb093468b44ee3a34d06c0a2c83f3d2bc,4205754,0x55f8465bf1a616f66bbf22cb8880876719103da0,0x001866ae5b3de6caa5a51543fd9fb64f524f5478
31.01192246,0,0,21.0,0,0,0,0x01074c1d46009b0f9dc7346e3a4aff3293c9c68c47b913ef5e9df6a1c973b7de,4205754,0xd59190330e8330c6e41fd351bbfaf29fc6154a85,0x001866ae5b3de6caa5a51543fd9fb64f524f5478
11.39847051,0,0,21.0,0,0,0,0xc3638c3e6ac6eacdeb48df4f095c4c66fc49690456998665c4bca83cb94f4183,4205754,0xebd92359ec5942efa4599552498b013d617ea15d,0x001866ae5b3de6caa5a51543fd9fb64f524f5478
11.27347446,0,0,21.0,0,0,0,0x7f14e670c158866f2113c6b09d64e050087eabe470440139927ec17597310ca1,4205754,0x0b6853f078ad64bc21d9a4ab1be806ecab98bd4a,0x001866ae5b3de6caa5a51543fd9fb64f524f5478
89.99392246,0,0,21.0,0,0,0,0xdcb93cf58c92484c6add840effb19b1fcd209a3376352009724d5e5383795f6d,4205753,0xe881e89e3f51c16f8c56d96b0f381e47310eb64d,0x001866ae5b3de6caa5a51543fd9fb64f524f5478
13.1273493,0,0,21.0,0,0,0,0xc493f1f30ac52a43373d71943ba1c35afc1c7fdd1092ba13959c0eac9f23b86a,4205753,0x3962f0fb050260a02980fdce30b722d517f43a1b,0x001866ae5b3de6caa5a51543fd9fb64f524f5478
22.31992246,0,0,21.0,0,0,0,0xb98ee78806262d8b17a632cc452fb6a27ef09930762f1d4e060b999f88937692,4205753,0xe1fcf746285ba2a43941318f00283d6c751c0c7c,0x001866ae5b3de6caa5a51543fd9fb64f524f5478
13.87500746,0,0,21.0,0,0,0,0xa715743deb76f699491b57e3f242c96190007ab6274e45c57cff937b4d66240e,4205753,0xc39f0f8d12ab148eda30bc104e7cc7c13a1ba4ad,0x001866ae5b3de6caa5a51543fd9fb64f524f5478
29.99392246,0,0,21.0,0,0,0,0x816105bea55a7bc171cc6b447331d5b20a5d69604f50a6a72a19db2628edb959,4205753,0xe6b9e7ca6a3fc468adbc521e8d00769596c29cda,0x001866ae5b3de6caa5a51543fd9fb64f524f5478
14.97392246,0,0,21.0,0,0,0,0x1f259bfe997d3a190286bb0f8d1bdf9920000e72df9b295f569e0550391cbf01,4205753,0xc3171ada6daf167e974c783fb6707d449473fe6a,0x001866ae5b3de6caa5a51543fd9fb64f524f5478
61.16061546,0,0,21.0,0,0,0,0x044b886924189937cdaa391b67dfe64ec704d2ea8d2a960c2afafb2f563a30e1,4205753,0x49baa533ca1101ba98a81d1ce29b35eab9cc03d1,0x001866ae5b3de6caa5a51543fd9fb64f524f5478
110.036159,0,0,21.0,0,0,0,0x69a234f4e9ded126cc0828af90b921ea6397d6d099e41733035f5ab56768695e,4205751,0xbbff77e9e443308252e8f2613617e02bb23a9321,0x001866ae5b3de6caa5a51543fd9fb64f524f5478
12.759537999971924,0,0,21.0,0,0,0,0x281e26c22facb5bc770988d0f303f7789398db4a6707496642be15ea2c7288d7,4205751,0x0b9d735182288f335de28bbbfb6a2ad9be8dfb92,0x001866ae5b3de6caa5a51543fd9fb64f524f5478
10.68551226,0,0,21.0,0,0,0,0x1f2ff6ce2325f772be9936a00ed7bf383c456531f5004b6c05b025b23fa4008e,4205749,0x721295da50b1e0690674da7b27ddf84370718458,0x001866ae5b3de6caa5a51543fd9fb64f524f5478
34.999559,0,0,21.0,0,0,0,0xe11f509638a15b303abee06122967aee36b2042f738c6d343131534503d2cb14,4205749,0xe44eba720e341df09d921597643a0002a5c3cd37,0x001866ae5b3de6caa5a51543fd9fb64f524f5478
10.77509106,0,0,21.0,0,0,0,0xd1deafca67bcc9aa3f775453015d2a35dd55e820b4a147b51f6253f753858fa1,4205748,0xee3e3bdb8228e1ef776e5037152a8e7e09ae1bfd,0x001866ae5b3de6caa5a51543fd9fb64f524f5478
17.649659,0,1,21.0,0,1,0,0xace3c0f6f30257dc8144e8080775ee3f85ac07327a708429fd15431c6814f1ce,4205748,0x2fb08984ec3221f6e4eb6badc99574386bfe7729,0x001866ae5b3de6caa5a51543fd9fb64f524f5478
22.76181906,0,0,21.0,0,0,0,0x946b4a412019ce88b1095fd360de1c114199ca6a34198d33c11d1f00d62722a7,4205748,0x792bfd13122a67bde036d48ae4b217b67b3bdeda,0x001866ae5b3de6caa5a51543fd9fb64f524f5478
90.60100228,0,0,21.0,0,0,0,0x1e966f05747723c19ddf3fbd55dc665c1fbf4f33a44a04cfc38109628b3f3d84,4205748,0x1b460a949e48d5ea995e4170899d463a71477da4,0x001866ae5b3de6caa5a51543fd9fb64f524f5478
19.986959,0,0,21.0,0,0,0,0x650658da2c1f64a45c588c15bd9a833a79dc507ac25a02b63a6c566827188c7c,4205747,0xe7825926a8bb32dab04926a4ca3f52765661f956,0x001866ae5b3de6caa5a51543fd9fb64f524f5478
43.64492246,0,0,21.0,0,0,0,0x59247571896883d970f28c7ca78384cd6798a246f114266c3dd4d03b7674b97b,4205747,0xc832a8d486f420fbdbcaf081c57415d69dfe7ad5,0x001866ae5b3de6caa5a51543fd9fb64f524f5478
42.215,1,0,21.0,0,0,0,0xae6cbe7dd5fb56bfde1c6c646bbbc31fd1ef45239c7897760d7fb41c8746893b,4202815,0x001866ae5b3de6caa5a51543fd9fb64f524f5478,0xef2bdd56a2f10f42d6549317c20a55a445723973
22.995,1,0,21.0,0,0,0,0x7e83e5726b86526029988ecf1822a2b9783f589c37871a1cbe1db1b386f3653f,4202809,0x001866ae5b3de6caa5a51543fd9fb64f524f5478,0x908f690b53104b3da0a9ff1ec314e28cdef3a916
4.995,1,0,21.0,0,0,0,0x358ba631dd4ab89c52d1fc5c3de1ae476787375bb9d6452f5061768511f3d643,4202803,0x001866ae5b3de6caa5a51543fd9fb64f524f5478,0xe4fbeebea76801d9710f19843fd47040fd39d5f6
5.2205682,1,0,21.0,0,0,0,0xb5db5bfdc691dfdd79e7a89aa509d2d5943e36636a61c883de4c78682f6f226d,4202799,0x001866ae5b3de6caa5a51543fd9fb64f524f5478,0x2149724827ade1060707feeb3a00d934a27daa67
2.995,1,0,21.0,0,0,0,0xb8791488593d38bc67b45b95e985ee2a3e12da86e05ad498529932a16c5bed81,4202797,0x001866ae5b3de6caa5a51543fd9fb64f524f5478,0xc8c154d54e8d66073b23361cc74cf5d13efc4dc9
9.995,1,0,21.0,0,0,0,0xcf5c1d00515701819bedc183687bf7ce1d0ed60d26c0719d7d5733b807df9428,4202791,0x001866ae5b3de6caa5a51543fd9fb64f524f5478,0x51df9cff5d0f651dbba6fbc2352e2ea7aadc9b3b
4.1739,1,0,21.0,0,0,0,0x6da6b83e3be3aac4d0e1cd182e81f4971d1a06edce641614018150a18a18a9d3,4202785,0x001866ae5b3de6caa5a51543fd9fb64f524f5478,0x9213d61d22cb82498c120a0443868506b1d52dd6
0.995,1,0,21.0,0,0,0,0x2507b5d8e66e41179700f7abcb0d5f5be0944c6321739fbbd77caa7d239ec647,4202784,0x001866ae5b3de6caa5a51543fd9fb64f524f5478,0x9c1481d2a46ec5fcd09594f3ae518c9f39a6fe8e
1.995,1,0,21.0,0,0,0,0xd6795a1e619a6a9a86f9db34715e20d4c875f25df2eb5ea306697fbeeb3c0437,4202480,0x001866ae5b3de6caa5a51543fd9fb64f524f5478,0x1f8124bf4ef5e6fa75e9cd7fbadfc6ecd8d64437
5.151,1,0,21.0,0,0,0,0xf8bc99be4bb1558feb307dfbf92c2f532046444faae0f5304118b4abc19a0dd2,4201721,0x001866ae5b3de6caa5a51543fd9fb64f524f5478,0x06eb3824efb5b3eb5874c5dba037343d2ff47db8
1000.0,0,3,23.0,0,1,0,0xdfb5490184bff0f03979ef666622ecdb26a5de3a748bbf3ccb8a54cb5cf433fc,4201271,0x001866ae5b3de6caa5a51543fd9fb64f524f5478,0x3f5ce5fbfe3e9af3971dd833d26ba9b5c936f0be
3.77680065,1,0,21.157421146,0,0,0,0x772ea9a5a79fbba2d7b86b033bab77f237e2beb890ca83627007a9fc6241f8d0,4201201,0x001866ae5b3de6caa5a51543fd9fb64f524f5478,0x0424e02465433e2859016d286dff1fbf58654eb2
2.495,1,0,21.157421146,0,0,0,0xb050ef2423edee7d51df34d9d8bfa8a185e4db063632e8472f681ea4f29c1b42,4201194,0x001866ae5b3de6caa5a51543fd9fb64f524f5478,0xdacdcf89dae358f37631059bbcca41d8b879cc68
36.005,1,0,21.0,0,0,0,0x7ed132b127dcefc5bae6047bbc80fff37886a435831ed173812034d4f61fb004,4201159,0x001866ae5b3de6caa5a51543fd9fb64f524f5478,0xf967ba134750be5db145dcbf69b95b61364a030b
59.495,1,0,20.952480561,0,0,0,0x7df6807a139981b036c0b68867a4c9ee816dc7a601f442d00ba3d9b54e82c25d,4201145,0x001866ae5b3de6caa5a51543fd9fb64f524f5478,0x0094cfba72efcafe4d45c257a713414b9502a348
50.817,1,0,22.83811533,0,0,0,0x685ce6ba36960c1bf051db52d488e034a1d3b3966490a4ba30728d80279a3831,4201023,0x001866ae5b3de6caa5a51543fd9fb64f524f5478,0x00a3f8a8a8ed4dc4aa3412e8af7313da60ea7932
1000.0,0,4,21.0,0,1,0,0xcb31f44fb6bc85db55ec77f910906f386a20edf707bfbaec56bf0372df7e1856,4198943,0x001866ae5b3de6caa5a51543fd9fb64f524f5478,0x3f5ce5fbfe3e9af3971dd833d26ba9b5c936f0be
1.267,1,0,20.0,0,0,0,0x6926ddd791794df0212ecc31aeb9b586ca19cace4d461f25e36590616452e219,4193895,0x001866ae5b3de6caa5a51543fd9fb64f524f5478,0xb1ee1f699dc9e927cb6f0624dc51e0a637c70cce
22.19872627,1,0,20.0,0,0,0,0xdcfb310abd928789b56e3a8ae9008c292a96d82cad9ef75c3d746c8a1d0c2782,4193822,0x001866ae5b3de6caa5a51543fd9fb64f524f5478,0xa6a956e4e3360fb7d67bdb9cd536d85415611d0e
1.3945377,1,0,20.0,0,0,0,0xff5f914144739302b7910e1465f30caed6b73fb42b90b110d2d0ab693f77e7b9,4192549,0x001866ae5b3de6caa5a51543fd9fb64f524f5478,0xb39e3e163efa95201d041dec830546918c12d4d1
1.26,1,0,20.0,0,0,0,0x71e69a2db93e9dae1e8b8b7181796ae7b272c49cb1305cfd0a998a7c398110a0,4192545,0x001866ae5b3de6caa5a51543fd9fb64f524f5478,0xd27ff9f23c6ab4d60b82dbd887ea6e8b54d83ff7
3.949,1,0,20.0,0,0,0,0x55e090d20be75305de93f39c1aba88c522fcc4f8490a2c5169ac009f3917aeba,4192539,0x001866ae5b3de6caa5a51543fd9fb64f524f5478,0x1d7c1479c6d2f85efde87f47bcf066c03a5a7319
1.895,1,0,20.0,0,0,0,0xfd1aefd61388d0fe00254555f3cba1d1114a73e82f4db9a1d27bcb3b9502ae4a,4192527,0x001866ae5b3de6caa5a51543fd9fb64f524f5478,0x74325f0f42141fe9666509c47d4e8d99de75265e
1500.0,0,5,20.0,0,1,0,0xf80e1ab246cbb8158aa31825519be6449cd6e4c3c5cd3147e88a321672dd5f65,4190608,0x001866ae5b3de6caa5a51543fd9fb64f524f5478,0x3f5ce5fbfe3e9af3971dd833d26ba9b5c936f0be
2.381,1,0,20.0,0,0,0,0xa2ed3369fca8c4526f81abe4365949d0768d29758ec53853c59dab1bfaece86a,4190503,0x001866ae5b3de6caa5a51543fd9fb64f524f5478,0x367cdce2907359f80bfbb5055a114cb49a7910b5
0.422,1,0,20.0,0,0,0,0x374b61387db053de9836743ba690434b11fff203d2f80ee50d3ef212ae64bf7b,4190493,0x001866ae5b3de6caa5a51543fd9fb64f524f5478,0xae9cd5eec773b05e17b180d45ed5585a9aa2767d
4.44981376,1,0,20.0,0,0,0,0x5358063f7bee4e1c90dac9839cbd3a567e0625a3dd88b0cb75dec02d8acdcb71,4189623,0x001866ae5b3de6caa5a51543fd9fb64f524f5478,0x189cee5072dd2f9091359de396241ae716f22b67
4000.0,0,6,20.0,0,1,0,0xa7a8709e9405940be544e76dea35c211b5a1938e9b03c38ffb8f27b232f235eb,4189484,0x001866ae5b3de6caa5a51543fd9fb64f524f5478,0x3f5ce5fbfe3e9af3971dd833d26ba9b5c936f0be
21.4934473,0,0,22.000001337,0,0,0,0x2afdcbf2e51cf781750769ae44328f4a6fe51bde22faa792a4b95865ee03fa61,4189019,0x897dcfb6b7c27e3b3f8975d96470c57e479bc9e6,0x001866ae5b3de6caa5a51543fd9fb64f524f5478
25.12106206,0,0,22.000001337,0,0,0,0x69575bc20166adf27eb8d885949edbbd2354cad46dd8ab2ae25a7085833fdeb2,4189019,0x70c560dbbca3c8a6a6b7e9d3d570e55f9c3d7828,0x001866ae5b3de6caa5a51543fd9fb64f524f5478
28.46412825,0,0,22.000001337,0,0,0,0xc486dea817a92cea28b6b815daca269777d7d855e05895ac851c44847377a1c3,4189019,0x0cdc651e81d3dadb4a88c69a80ca9158d2920c18,0x001866ae5b3de6caa5a51543fd9fb64f524f5478
27.53086146,0,0,22.000001337,0,0,0,0x5db8153def297924392bc5add59bfdcf447dde7a256853f06b753c3183eb7873,4189019,0x66e5a81c94a59a6f91d06a8fcbc5a972221cb926,0x001866ae5b3de6caa5a51543fd9fb64f524f5478
27.99392246,0,0,22.000001337,0,0,0,0x2803194e08bca62ecbace2d3e302e107e73c8f95c0f79b29f13eace195c5fe9f,4189019,0x94e127e3d4db28d842c14e0803ec5ca127a89e53,0x001866ae5b3de6caa5a51543fd9fb64f524f5478
24.67992246,0,0,22.000001337,0,0,0,0x37a592925a1c88ba3067b992f5c7f47be109aed12f339f8d2c89bf3ea5cf02f3,4189019,0x13519ca48043b9053ea51f1cd2be9e266aab2676,0x001866ae5b3de6caa5a51543fd9fb64f524f5478
23.97792246,0,0,22.000001337,0,0,0,0xe085c91a33c211f8a85fee8587bfaf48d5565b929aa803bbc154af27709328ee,4189019,0x3aad495fd3adae56d3dd891563e89921840fd424,0x001866ae5b3de6caa5a51543fd9fb64f524f5478
23.80693516,0,0,22.000001337,0,0,0,0x9490db684aa37c70b56ee4c2c58e271f0d225b11bb395532b86c2a251f45974d,4189019,0x80bbaf3f2632fcb8e029a35bac8eba0c279812ce,0x001866ae5b3de6caa5a51543fd9fb64f524f5478
35.06078046,0,0,22.000001337,0,0,0,0x44dd7bb9f2ecc663b5765dec114635c352191a849487c452862ff6c7d0917070,4189019,0x4d65d7d9ce45bf6c1f36b3c0d1d3b2edfebf6852,0x001866ae5b3de6caa5a51543fd9fb64f524f5478
33.99823488404762,0,0,22.000001337,0,0,0,0x5ccf1f2dc576e00697fdcfd3aabe8d38a4c0a48763d5609a1ae824567490afa2,4189019,0x1098b8f37a9f71fa2fdc2957383447c2b2f39f35,0x001866ae5b3de6caa5a51543fd9fb64f524f5478
22.40455646,0,0,22.000001337,0,0,0,0x144d27bdb4781a8c6f2d947ef923db63c0b5f0ab6f41b3fb9d55b5722dcda64f,4189019,0x66c8dadfa4dd4105402a4b0f760daa6febfeec01,0x001866ae5b3de6caa5a51543fd9fb64f524f5478
29.66832246,0,0,22.000001337,0,0,0,0x350091fbd6b526bb87677d677089266b73450291bdf603d84f6e13cd82427056,4189019,0x02ef41c6474e403e223504e35db50352bd567bb7,0x001866ae5b3de6caa5a51543fd9fb64f524f5478
26.56822892,0,0,22.000001337,0,0,0,0xb82acfdfd10670d0634bddfd9f98bc5167470c3e9ea8e5a2771b7432adf36584,4189019,0x6d06af41758c74bb914e93b72b98b325bf0cad68,0x001866ae5b3de6caa5a51543fd9fb64f524f5478
20.72712246,0,0,22.000001337,0,0,0,0x68edf588ee21747eb7e421051a521006dd5589ab52ceb52996b91093f2dea5e8,4189019,0x8d593d388561a42d84ec994ae31794266633761f,0x001866ae5b3de6caa5a51543fd9fb64f524f5478
165.54880151,0,0,22.000001337,0,0,0,0xed00b613dd746c945839239bb92f766d9ec0f91cb15a8599e69bc49a6470206c,4189019,0xab3ab906d28db9b021c893608a8d765be05ba4d4,0x001866ae5b3de6caa5a51543fd9fb64f524f5478
20.90292246,0,1,22.000001337,0,1,0,0xb16e8e8ae8bcbaf7537b74f3722419df46f196200a75332825dacf9092e7263b,4189019,0x51fe01997ad497c45d5f25f0d9a922f61113df6e,0x001866ae5b3de6caa5a51543fd9fb64f524f5478
51.9244473,0,1,22.000001337,0,1,0,0xeed1d49e1a66dc64809bba744f93968e4e841d2a5f07e131106acf734a0fc047,4189019,0x3a4026304259f7111eab1092a146453b90cb9126,0x001866ae5b3de6caa5a51543fd9fb64f524f5478
20.48392246,0,0,22.000001337,0,0,0,0xd477bd09d3f6111d58b39f617e062b3a4e2991d4b9cee0803d5b2c279cdefae0,4189019,0x7d04e646d532174b10948d2e2ec575e3eb6a0028,0x001866ae5b3de6caa5a51543fd9fb64f524f5478
62.20595285,0,1,22.000001337,0,1,0,0xf0c6e786f4531518a582e1f68e8960f9e4fbd95a681614b93e122109813e41bf,4189019,0x03af8b3d3044718b649949255ef0624bd0b263e0,0x001866ae5b3de6caa5a51543fd9fb64f524f5478
28.76187641,0,1,22.000001337,0,1,0,0xa5732ff65738802b86682d95dcf823989c5e0dcb54b900e26aed8935d7b2be3e,4189019,0x5e3e6a67a3b4d5337520069164f142afc3385a26,0x001866ae5b3de6caa5a51543fd9fb64f524f5478
29.99392246,0,0,22.000001337,0,0,0,0x71fd9a786e993325fe7d234845514109fb8358e86df2c44f5f8be5f86e2ce6cf,4189019,0x80e1fae1bd806a92eeee8f10577adda91f56d674,0x001866ae5b3de6caa5a51543fd9fb64f524f5478
22.54864106,0,0,22.000001337,0,0,0,0x3161ca9f9d42d7c8d32406345b63ec98f497e50ff64caef1ec4dc5c81057be56,4189019,0x6c124eae016d74d2bc895a479a6b6915bd69fbbd,0x001866ae5b3de6caa5a51543fd9fb64f524f5478
27.49992246,0,0,22.000001337,0,0,0,0x40a0cfb653c092d6f24e669cea6ae39b89ed559f4fbb246f78681d28d507b7df,4189019,0x01da918268b8a4d9bb9167157cb0a64322c992b0,0x001866ae5b3de6caa5a51543fd9fb64f524f5478
199.999559,0,1,22.000001337,0,1,0,0x8e06b3334bce88158046d55db4d103b80b684c8b169290b8274e2286917c1480,4189019,0x3ce037a18cec1999ee063f4c37405ebe52d2801f,0x001866ae5b3de6caa5a51543fd9fb64f524f5478
29.45173853,0,0,22.000001337,0,0,0,0xab3747bfec9d8c73cbd836e60ad1f2f392e0cf340c5412c7e1236c2a902ab128,4189019,0x2534e9120df55d82d8b8e18b34ae62bee5a75206,0x001866ae5b3de6caa5a51543fd9fb64f524f5478
28.68892246,0,0,22.000001337,0,0,0,0x90e57a426ed832951cc9eb8010d5be2d794ce8aef1adb9f7686390b97b6c23f3,4189019,0x727c773aa0253fbdf94ab18fbec1b88df255230c,0x001866ae5b3de6caa5a51543fd9fb64f524f5478
151.01892246,0,0,22.000001337,0,0,0,0x2e467565dc52616faf44d1a5501e928188d08ae8fb1b8225271da37c03dff61c,4189019,0xabd438a2aa6f31e04e235cbe8fbf533128dda654,0x001866ae5b3de6caa5a51543fd9fb64f524f5478
24.09392246,0,0,22.000001337,0,0,0,0x2c9e46547397473f7da81c6ba95142c0db92fc54142c0768e67645605311dc1c,4189019,0x22fcd68e8ec019976853422892247a0d37ebdb03,0x001866ae5b3de6caa5a51543fd9fb64f524f5478
28.107959,0,0,22.000001337,0,0,0,0x9835a203c5835837e1a4bca6571eb85a1063b1088f4962736ac9c64a8a852a42,4189019,0x4ddf40c4772184b47768313ddde9856247b04b61,0x001866ae5b3de6caa5a51543fd9fb64f524f5478
20.64062246,0,0,22.000001337,0,0,0,0x30dc924f7f3ab6ab04f5f1a4963be2c2c271d0b4f9f1c1bbff65bfeb25e523ff,4189019,0x033d2a8e70290c2c03a5afe6c67243dc7cf6dd35,0x001866ae5b3de6caa5a51543fd9fb64f524f5478
27.99392246,0,0,22.000001337,0,0,0,0x1911733576e222f80806f132131ad3a935c93fe65a3410751f25edf4574e9a2b,4189019,0x2d99fe99342cb63b0c1495cb08e186b6f5049eba,0x001866ae5b3de6caa5a51543fd9fb64f524f5478
22.84392246,0,0,22.000001337,0,0,0,0xda9959c487b0968ef411d368225633498e9b03bec4c28a456bef1f48fe4ab2fd,4189019,0x0720ec145b3475cec1803b91b0945812102891a9,0x001866ae5b3de6caa5a51543fd9fb64f524f5478
20.81392246,0,0,22.000001337,0,0,0,0x651cdcff65e796dae2140a8129b1962f0009fb3ee9d1357fad9d2a8ac42e5b6b,4189019,0x80cffce256b6dc8d9ea87db90d93cc4e3658dec6,0x001866ae5b3de6caa5a51543fd9fb64f524f5478
59.39910956,0,0,22.000001337,0,0,0,0x54a2d166d125567da846257189de18e58724d0a76f9348f18f478bd89195aa68,4189019,0x0c512ec94299df8fd8e24b551949abd369be1f8b,0x001866ae5b3de6caa5a51543fd9fb64f524f5478
27.69745206,0,0,22.000001337,0,0,0,0xd2440441282f2ceb886bf0481d3e9f13bd67c48fb4a3fcaa52067ce17b2da8f0,4189019,0x5f5782c9f1b4943af528e1a4b08fccbed9319c68,0x001866ae5b3de6caa5a51543fd9fb64f524f5478
22.02436646,0,0,22.000001337,0,0,0,0x69ac72079e2dd71236d44736dd8f47cc3d9e9a3eac1880136263f0305a28dd91,4189019,0x8dd39cb952d8000775a1c768865cc0252d37249e,0x001866ae5b3de6caa5a51543fd9fb64f524f5478
32.69898097,0,0,22.000001337,0,0,0,0x4fdca1245f57ed1be5c60936561b304a19ce3570259931bdb3b11d2b877e76a2,4189019,0x420919fa04b19281e008f01c78f834b49a4336e5,0x001866ae5b3de6caa5a51543fd9fb64f524f5478
33.47392246,0,0,22.000001337,0,0,0,0x2bae036e04c2c09be3c095457b39af1cc4ca6d06ec722a71d5f24c88cf6c0b38,4189019,0x6d7fc152fcab624bd51c12b4d0fdd0648eafdf6c,0x001866ae5b3de6caa5a51543fd9fb64f524f5478
24.14392246,0,0,22.000001337,0,0,0,0x50e6842032a1dd7d51f571c13f1714ae186dce5db602d60289c56f9da976c369,4189019,0x302d801c5189b16423a1482273470fd9cd841b9f,0x001866ae5b3de6caa5a51543fd9fb64f524f5478
25.99575736,0,0,22.000001337,0,0,0,0x6fc3f0d924960898f421014ec005eed3dac84f6faae5fb79b44231f35ef917fd,4189019,0x4cab19977aa24f483c63dbcc43dcbd394faf9fbf,0x001866ae5b3de6caa5a51543fd9fb64f524f5478
29.36842928,0,0,22.000001337,0,0,0,0x34893526e85a821d2b78ef95c2a68b7ab71c6e158454cf2b1cbed0089426ed0d,4189019,0x604c7ed1f07e14e2335bb1272754f10540d2bc39,0x001866ae5b3de6caa5a51543fd9fb64f524f5478
26.374559,0,0,22.000001337,0,0,0,0x0aab7f0de3141e258354a04a435909426d000aef51a299c150ae934ef9100d07,4189019,0x162e9a1f5bef4eaef71a12bc1c3a42d03d49b819,0x001866ae5b3de6caa5a51543fd9fb64f524f5478
29.99392246,0,0,22.000001337,0,0,0,0x3091367572b247dc7205a94ac14a7b04c13ab082677f8e1f13c3d647cf8fb844,4189019,0x384918755ada1d183242307c8c17b283ed72f23f,0x001866ae5b3de6caa5a51543fd9fb64f524f5478
35.88392246,0,0,22.000001337,0,0,0,0xe138fc1f9446734a767f6b50164a6065db8c00fa10e029c1b11ef889fd850007,4189019,0x74d166dd4fbc2dfdbf89155e5a36e066770f1cb6,0x001866ae5b3de6caa5a51543fd9fb64f524f5478
21.657518480708053,0,0,22.000001337,0,0,0,0x35193ade85b250a81ed83db67314017f9938809c79db705bb46df75476108ead,4189019,0x251cdfb546c7f4472bbc00bf9410b4203f496e31,0x001866ae5b3de6caa5a51543fd9fb64f524f5478
28.99392246,0,0,22.000001337,0,0,0,0x300395a9644dc015d2433992592296880d3029e8f699bb658d1370a233a8b1e9,4189019,0x38ec6d15016140d94435c94d2800535b24c44726,0x001866ae5b3de6caa5a51543fd9fb64f524f5478
24.99392246,0,0,22.000001337,0,0,0,0x2d0a8346608a633c4e9c1e27681033ea352bdbfcf1945ececd194c9e6a144a3d,4189019,0xa87bb85d46aadae4ae92f04a38c3cb8d8d2d7cc2,0x001866ae5b3de6caa5a51543fd9fb64f524f5478
45.50854239,0,0,22.000001337,0,0,0,0xbaabf9f07338c6ae85591359c3974c4da8f4a564fe8bec2a5c27821012403827,4189018,0x88f96cb63fd688f4b49e7e4e53ae7d75a17852c5,0x001866ae5b3de6caa5a51543fd9fb64f524f5478
74.98177536,0,0,22.000001337,0,0,0,0xa8cc2aa5ae111e8576bcd8119e8eacb971dc4660e93f2b883c980f27ac1aaf5d,4189018,0xa4a5f14557bc9708a2b65e132188b9abd494c979,0x001866ae5b3de6caa5a51543fd9fb64f524f5478
28.557765,0,0,22.000001337,0,0,0,0x90e21de8e29df01fd988be0fe5980d9ee628404315604f1af937101cfdbf284a,4189018,0x66d267a4fda4c50db4aa224e5e186f979647b76c,0x001866ae5b3de6caa5a51543fd9fb64f524f5478
25.8994603369785,0,0,22.000001337,0,0,0,0x8634bcfa25db0c76ab12d37c50442133cbe22eec04b588abd78cc1b1b1e7df0b,4189018,0x277a57f149fc6d2cd3f09abb81fa82f7d6bc922d,0x001866ae5b3de6caa5a51543fd9fb64f524f5478
30.00392246,0,0,22.000001337,0,0,0,0x7f044e695f685d41cdec222220a7376085e3550339c8f92293c05e810e7f9f20,4189018,0x3b74076bdddba69366c8942576fda430471b2874,0x001866ae5b3de6caa5a51543fd9fb64f524f5478
20.83891685,0,0,22.000001337,0,0,0,0x59ca4215730808d97f1060a4e725b8cb9fe6b250196fe706014fe465ba7ed340,4189018,0x893ec181b7f0a5f39750a044baea2df00515e834,0x001866ae5b3de6caa5a51543fd9fb64f524f5478
28.79909574720191,0,0,22.000001337,0,0,0,0x58df7554661338826d6b28f9d1b8d8e6b6e6cc8ae5622df998d065170e2494bc,4189018,0x5efdfd41565b39beba21e13e5f4f987e56a94fb0,0x001866ae5b3de6caa5a51543fd9fb64f524f5478
29.98392246,0,0,22.000001337,0,0,0,0x3be438b4b755d6b875f006445c03fef94c88c7f9e2e4d9e3ef15844c0e00b13c,4189018,0x3099efccb71cc18b83fd8737bb7a4c480cfb37be,0x001866ae5b3de6caa5a51543fd9fb64f524f5478
24.019559,0,0,22.000001337,0,0,0,0x284a6dcc48d4cbbc34ed4bcd9dbc62ff38766933f5a106a69cf5f936d88a8e41,4189018,0x28b1ada1ab81091b15b8e49e14490a3633f1d4bf,0x001866ae5b3de6caa5a51543fd9fb64f524f5478
99.999559,0,0,22.000001337,0,0,0,0x93759bb310e5a326bc2e4a81de48a5646e075c9002ada2169b162083f6aec155,4189016,0x8950c820fdf11dfddbde1cd2db3cebd8c1c416ac,0x001866ae5b3de6caa5a51543fd9fb64f524f5478
24.59392246,0,0,22.000001337,0,0,0,0xa7af2d66674810d21db9d4fb1951375f9f5096d29c2a2580a18846131a401b02,4189016,0x94b40051a6e45eeca189791a4526089dd37000f0,0x001866ae5b3de6caa5a51543fd9fb64f524f5478
39.99392246,0,0,22.000001337,0,0,0,0x26eacd3635565f968e8b2670a13fbcb20323f78add4a0e396f082440b70b87d9,4189016,0x80cfbfb6611ca33a36b127827f06407edbaf1941,0x001866ae5b3de6caa5a51543fd9fb64f524f5478
29.42207037,0,0,22.000001337,0,0,0,0x1f5579b788bc31875ed06a32b1356e9b3b1ba406202079d6fce592b78e9814f1,4189016,0xa2b670df189fff7620146371a852e3f72828c505,0x001866ae5b3de6caa5a51543fd9fb64f524f5478
26.08425003,0,0,22.000001337,0,0,0,0x794c6b01d17f4405260351015ac8468bcb134a5d92509afd1741f6febdbef3c5,4189016,0x0c6d2bb8213d8f69e95d2533fb524c16623a2a1c,0x001866ae5b3de6caa5a51543fd9fb64f524f5478
29.99392246,0,0,22.000001337,0,0,0,0x3ade157a586e1d781b63d84d5c66ddc6ebe16591db31d9d74f7ea176e658e508,4189016,0x9dc738099a6d5379aa7eab287fd9351fb534d18c,0x001866ae5b3de6caa5a51543fd9fb64f524f5478
99.98892246,0,0,22.000001337,0,0,0,0xf1aba67bb619b965e52930eee32c87e068114cff209901dac4634bcf8d3896b0,4189016,0xa91e1dfd87b728439dfc253fa416cbe7450b7f00,0x001866ae5b3de6caa5a51543fd9fb64f524f5478
84.30372246,0,0,22.000001337,0,0,0,0xd8afac1b12c799e792d3537fe39346f6fc6ceb296e514177ec733c3de2fda105,4189016,0xa88192584aec09fceef15b177afad3430143da81,0x001866ae5b3de6caa5a51543fd9fb64f524f5478
24.9593595,0,0,22.000001337,0,0,0,0x87c792e34a7585351fbd7a01ea3880c33cadb2845c120794abed90615e78b599,4189016,0x66c016bf20da81e998895fdcdfa6ffc1425c2523,0x001866ae5b3de6caa5a51543fd9fb64f524f5478
25.08515265,0,0,22.000001337,0,0,0,0xa0e471eb1ef24ac2e6dee1b646a34e4f42a64f3738f6ecf4015be0e5c81f6f6f,4189016,0x8f7113f76c1e845a5eb62e8b824049184dd92ea8,0x001866ae5b3de6caa5a51543fd9fb64f524f5478
22.14651572842578,0,0,22.000001337,0,0,0,0x197813e363ed4b9a47ec841d4a63646c510b3720f393cd522fe20cd784baa64e,4189016,0x81dc6d6c694da8b4ae4596c6e970fb37c73497d0,0x001866ae5b3de6caa5a51543fd9fb64f524f5478
20.189559,0,0,22.000001337,0,0,0,0x7b250ce98fbdc8f1190b30f964d009760756deccc43cf1ede76cd3c24b6b8770,4189016,0x0bf4c0b875ea2d24f85c8e6d843deb6da49f5912,0x001866ae5b3de6caa5a51543fd9fb64f524f5478
90.989559,0,1,22.000001337,0,1,0,0xd5ef95a70ed25c0371baae3355c211f6587fd3129e79e44156c8e6ce578a8bc6,4189016,0x496319aed5b78f818b454fe37eef8366a82cc0ce,0x001866ae5b3de6caa5a51543fd9fb64f524f5478
21.865059,0,0,22.000001337,0,0,0,0x779e51603141fb48e7fa57efe4e49c5e075652faf1a46e0e9abd0d98de3d84be,4189016,0x5e054f4dbf5efce5e73f155458e60aba69552849,0x001866ae5b3de6caa5a51543fd9fb64f524f5478
23.51042798,0,0,22.000001337,0,0,0,0x10cfbd6be3df053ba7da9176b69f5ff3e75f2187ac8ebae7750a550718e89a00,4189016,0x8bd7f32482a8e7e33cead93281747bafcc57b825,0x001866ae5b3de6caa5a51543fd9fb64f524f5478
22.454559,0,1,22.000001337,0,1,0,0xf803c0e9f592baa3190ebc1c7f7c028420f04edf6b7eae633bcead5743ac50ea,4189016,0x33bb5ffbfd86f4edf82765a60ffe1dee875508da,0x001866ae5b3de6caa5a51543fd9fb64f524f5478
22.96092246,0,0,22.000001337,0,0,0,0xc455334b0c4be9546079a27837681c6fa3db66ed32460360913bbca99c5066ba,4189016,0xa34271f2e19c6e248f14781ad3d5fa342d61eff7,0x001866ae5b3de6caa5a51543fd9fb64f524f5478
26.07492246,0,0,22.000001337,0,0,0,0xdb1a0ef6a04ad8e1773a43a3b097e94db626bcdd608d0712b6f3e8c8c03363cc,4189016,0x7af172fc15896cdc5ac9dc80e84459e078d970ab,0x001866ae5b3de6caa5a51543fd9fb64f524f5478
28.32222423,0,0,22.000001337,0,0,0,0xae718609c7324b5e609de146addd69c4f3136cf522b23c5462a4377ad5c958a5,4189016,0x83eeed108a61a571aff4136355470022fcb6d15e,0x001866ae5b3de6caa5a51543fd9fb64f524f5478
26.46508384,0,0,22.000001337,0,0,0,0xe4e65ef0053948f8a6670732fe6d7b2422e24b548ab4ac47d75b6e482f9b8da8,4189016,0x6f562cef34ed0fd39752d575ac9e84caa8e57610,0x001866ae5b3de6caa5a51543fd9fb64f524f5478
22.7624628,0,0,22.000001337,0,0,0,0x3cb788bb5a420e97581d4bd4054cfcca7234c24329d48e253f692dbb4d3e71c7,4189016,0x19054dad63ecb1549b45beefee3269879a4bbe0d,0x001866ae5b3de6caa5a51543fd9fb64f524f5478
20.4933396,0,0,22.000001337,0,0,0,0xfccb133124ba460624a6206466d5b9ac835339221d97fefcaa31ba0750780e2a,4189016,0x3980a9f3267e6c528045a533c2e1355874aa18e2,0x001866ae5b3de6caa5a51543fd9fb64f524f5478
51.0737098369785,0,1,22.000001337,0,1,0,0xf99e22d9099672b51981b4c527837aa526a4214bb627f62b937e0e01262b9446,4189016,0x2a6424d132c3474f2cca8a072cabfc01b23e5856,0x001866ae5b3de6caa5a51543fd9fb64f524f5478
26.10733296,0,0,22.000001337,0,0,0,0x4035bb776dc214d5836df793496452b9aa9b2c827c0b25a3d2a7451c2b02563d,4189016,0x89faccf6737415e57b574a644cdff54ac24238e0,0x001866ae5b3de6caa5a51543fd9fb64f524f5478
24.99454646720191,0,0,22.000001337,0,0,0,0x6764420db69aed84213c28e55b5809439e73cac5ee93b4d75b9732225948aacd,4189016,0x73b5938b81b7d52be3cec6237f39dc37ee89857d,0x001866ae5b3de6caa5a51543fd9fb64f524f5478
30.09392246,0,0,22.000001337,0,0,0,0x0a7b5d4449e34fb2ffdc644f6db35cfc2971d7c05b6441c305bbef004b2e654d,4189016,0x883dc17a2b19e78ff893a85d873c7089497c8239,0x001866ae5b3de6caa5a51543fd9fb64f524f5478
20.99692246,0,0,22.000001337,0,0,0,0xfc99c089cfb2016785ea38a3b6e1531680133931d07c012c4df07032f230f93f,4189016,0xab5425f71d1c9def8ea85fcdcf1c8ebec128a7b2,0x001866ae5b3de6caa5a51543fd9fb64f524f5478
144.999559,0,0,22.000001337,0,0,0,0xcbef7986907e6ffc42c9ade066c474c14405aaca8cff186f7d406fed1208785c,4189016,0x580e9d2edf26e82678ea75b9a2d4431d63acf4eb,0x001866ae5b3de6caa5a51543fd9fb64f524f5478
28.06164785,0,0,22.000001337,0,0,0,0xdbd1378b83839e34c4153cadf3f2a60ef46ce66746fd85d4830b4b8e2dd8572a,4189016,0x5edb134ab70c2d74bb5a36c909a0f036b482d887,0x001866ae5b3de6caa5a51543fd9fb64f524f5478
29.799559,0,0,22.000001337,0,0,0,0x23a583f5b8e423329029dacf85eba392868eb174656db10453de48d9f21955e2,4189016,0x1f044f600bc645d7d8c6cf861e2046dedfa117c2,0x001866ae5b3de6caa5a51543fd9fb64f524f5478
44.90345939,0,0,22.000001337,0,0,0,0x1592ac52a0c7e60788e5e4473b4323d52fcb953f91730862c030eb6014033c7b,4189016,0x26476680a6c541419f7f3045d153141ba39b0199,0x001866ae5b3de6caa5a51543fd9fb64f524f5478
25.99690642,0,0,22.000001337,0,0,0,0x35b7249b05a9ef09ce134f629a5b6c9e7a89eec0d931ecafa9613265e205e010,4189016,0x5e73aa7b599f93ff8987dce4d6743fd5cfbaca12,0x001866ae5b3de6caa5a51543fd9fb64f524f5478
21.62236246,0,0,22.000001337,0,0,0,0x88e5f2c6328b7d25bb0f22657a6f66f55d4b9045a119adcbc6f661dade75e5b1,4189016,0x978a1188160673f61c75d933a2189ba98568993d,0x001866ae5b3de6caa5a51543fd9fb64f524f5478
56.99908384,0,0,22.000001337,0,0,0,0xa999630b140380d5ee41e250ecd34a7a13b5ba33fc48221054947c74b9c067c1,4189016,0x17e8cbc304d3a9b81688f6b62caf69ec1fe18787,0x001866ae5b3de6caa5a51543fd9fb64f524f5478
26.97392246,0,0,22.000001337,0,0,0,0x002d2c3055fb613bdf2ef0c4039233bdaf20aa18e73d8027e3bea516efd0002a,4189016,0x88d88ee0736be1e1c45aae3aeb0242c2bc4678d3,0x001866ae5b3de6caa5a51543fd9fb64f524f5478
27.149469772860844,0,0,22.000001337,0,0,0,0x4dd8d5598d131dc32c4c2cf2f0e313577a568e3edc9a71e4c767570f61d88e39,4189016,0x1502097fed7ba557b4d23bfe22368af8d5190277,0x001866ae5b3de6caa5a51543fd9fb64f524f5478
87.83541846783878,0,0,22.000001337,0,0,0,0x0d4ec808e219588971e47115052ab77d91df9b1f7ec5b64d40f04e885e4a741a,4189016,0x51aafeed570c16a1df2986b8c24bbf8ce379f719,0x001866ae5b3de6caa5a51543fd9fb64f524f5478
21.98033246,0,0,22.000001337,0,0,0,0x31fa0cd640d0e484ba33de19aa465b3bad7829bfd14d10dadc225bebcbc1651b,4189016,0x70fd1a404264db308d6ac80d899b9ce7bf9b2a6f,0x001866ae5b3de6caa5a51543fd9fb64f524f5478
24.99392246,0,0,22.000001337,0,0,0,0x0ff7679447fa6215535ccfc92480f4a6dfc460ec710a34698799a13c9587bfa4,4189016,0xa920d2eab7e4b9227accc9d1384d7a1ce6260044,0x001866ae5b3de6caa5a51543fd9fb64f524f5478
35.51647142828246,0,0,22.000001337,0,0,0,0x816d40302680ea74e0fe07e5bf28ded71c103b1241cb61a69c2bad02591b9ce2,4189016,0x54474caf8a6a9f3def9748d85782ce0c2c5bfb75,0x001866ae5b3de6caa5a51543fd9fb64f524f5478
29.99392246,0,0,22.000001337,0,0,0,0xf540b1a2e43e4d7de5bfdd07a61113fa72f9376fd6dc0695024bc0ac20358135,4189016,0x43e94bc9d1d59fde92453d022ccb012218c6f038,0x001866ae5b3de6caa5a51543fd9fb64f524f5478
23.49392246,0,1,22.000001337,0,1,0,0x9af2a89ddcc70fa3b98285b3cc76b67b4e9da3fe53641a0e2b4d47918e1c86e5,4189016,0x98f4b291e9017295d0015d3c00fca45f7dab37ae,0x001866ae5b3de6caa5a51543fd9fb64f524f5478
23.99392246,0,0,22.000001337,0,0,0,0x2c76721ed26a22e86990d990fdbf3d370615369ebc9e5741c5751ac708d8d2f7,4189016,0x9de771e139cf667d3699df6048ed90aebe9ab70b,0x001866ae5b3de6caa5a51543fd9fb64f524f5478
20.71992246,0,0,22.000001337,0,0,0,0x4a0e1133a79db2320bd0686996508a818fe46571ba85bd7c7d88283884647611,4189016,0x8a18bb24d4730c282e7e8fe5a3fd37aff3db913a,0x001866ae5b3de6caa5a51543fd9fb64f524f5478
22.19392246,0,0,22.000001337,0,0,0,0x50db6838cb13767c564c7ac4ce5765b037f092556bf4bfbbf489384243a3d067,4189016,0x4ad0c855239de83cf9cf214f6643bc224ba511b1,0x001866ae5b3de6caa5a51543fd9fb64f524f5478
27.045438921,0,0,22.000001337,0,0,0,0x4fa2f692301d11d0222bb89da196468477a7c05c27bab4c5a3693912535030da,4189016,0x89a6998eeb6bde0995bc6d8993f39949ef8b7fe8,0x001866ae5b3de6caa5a51543fd9fb64f524f5478
29.9385327426,0,0,22.000001337,0,0,0,0x9a7f28e005cc84afba17100cc24559c20507ef6474298fed1bb3665d271f2248,4189016,0xa32bcfcba6c95e5bfd5d482c2c5ae32aea1b9c7d,0x001866ae5b3de6caa5a51543fd9fb64f524f5478
24.10243703,0,0,22.000001337,0,0,0,0xbb7fe82bad849ba3a1b497d66b21232ae63b0cc636acb52375594e15cf5672c3,4189016,0x6e84a5175648b2abe0161587c5f5f4e7496f7ecc,0x001866ae5b3de6caa5a51543fd9fb64f524f5478
25.99392246,0,0,22.000001337,0,0,0,0xe16310af1f947c940ab3229e35cf511772ac9e7a3f85019849df2d212028bc5e,4189016,0xa4a26211dfbdbf0cccf07ce1793419ddf82ab4e6,0x001866ae5b3de6caa5a51543fd9fb64f524f5478
21.99953532828245,0,1,22.000001337,0,1,0,0x5c189d4a40beab46bfd4f8a3dc935721612d887ac6ff73a671d9dfc9c4fc2d2c,4189016,0x0d4f3fffdf6314b8d5e390c63a56e32a657f581c,0x001866ae5b3de6caa5a51543fd9fb64f524f5478
26.99392246,0,0,22.000001337,0,0,0,0xb50d5b16296c53d0cc3115de980da959aa7140557bbd4b67197117e8377648e7,4189016,0xa8a3517a7a9d9b3b638670e8799ffa059e36de3e,0x001866ae5b3de6caa5a51543fd9fb64f524f5478
21.64742246,0,0,22.000001337,0,0,0,0xd7b0326d170743806dfaff4d2db0b30d4656d0306f7290fc4e76a8e7ac8de4e2,4189016,0xa04e6a8a37b106e3ce89df925fbad88122095c9f,0x001866ae5b3de6caa5a51543fd9fb64f524f5478
49.09392246,0,1,22.000001337,0,1,0,0xda1476b564a645601fb4a84f877ebf0a5150c4070eb219aae7dddc3bf256d159,4189016,0x7f86c6a1abf0209bfc999ebd6d04de55100769cd,0x001866ae5b3de6caa5a51543fd9fb64f524f5478
26.38392246,0,0,22.000001337,0,0,0,0x46cc8a4f0bd99db9fb3daa48d9e95b008b924a6ea374dcb1397019a9e6a8f3ab,4189016,0x698ff040a4acd43f4321c4a2d8f0b4c1ac390ea9,0x001866ae5b3de6caa5a51543fd9fb64f524f5478
28.0291471,0,1,22.000001337,0,1,0,0xaaffb79e59d44a311320f5fcfac03f62840e370474f4b0155a6f241e898fd6b7,4189016,0x24e93a958c6896bd699829266f95b671f0d223e9,0x001866ae5b3de6caa5a51543fd9fb64f524f5478
111.79128609265288,0,0,22.000001337,0,0,0,0x438b102e2efbfe77680133e0931ec541bab0a912407e98bbc90efd9454d5ad2d,4189016,0x9b8d1a9d18d73ebe00333a7e3cc05f986158b5fa,0x001866ae5b3de6caa5a51543fd9fb64f524f5478
27.74680653,0,0,22.000001337,0,0,0,0xa116bfcc45573b0b4f7032f36e49155541e511dcf996ec3ba76412806f22d113,4189016,0x0e85b157c7d358891f0485b19f9ab6d7345b1040,0x001866ae5b3de6caa5a51543fd9fb64f524f5478
59.99392246,0,0,22.000001337,0,0,0,0x31908f14e0e4617b78e8ba715e021c31403d3002834cc2d7f8ca6635f155801e,4189016,0x8fb6ad7bbbc4988287b8bb4b8911ebc670b34ee8,0x001866ae5b3de6caa5a51543fd9fb64f524f5478
24.94016576,0,1,22.000001337,0,1,0,0x9bcf11b2a87f4f00bc5771477248dba4e79a8bad99777243fd63f26624e61c45,4189016,0x37adc714e54966d80d3d71846d3c7df907d6e557,0x001866ae5b3de6caa5a51543fd9fb64f524f5478
24.97392246,0,0,22.000001337,0,0,0,0x637d608783b670792e84c6eaee40a97532d3b93ccddba2ad010cf0685b989d30,4189016,0x04f7b02d297a8ea10d917cfe8f648c70c3917616,0x001866ae5b3de6caa5a51543fd9fb64f524f5478
126.283849,0,0,22.000001337,0,0,0,0x8d00aaad9966a5e048be4e5912ba65e15126dc120dd52b485fe647c1506aff0a,4189016,0x966076c010bc3cf6df1272be5cd0325471f36050,0x001866ae5b3de6caa5a51543fd9fb64f524f5478
27.34758884,0,0,22.000001337,0,0,0,0x3abf398fc5e820e0693b006ab48f1f9c2fc0a9f6e6b612b22352f9dccee2752f,4189016,0x75ee744b4a7d8a05ec2715abce2c10a08b5b3b23,0x001866ae5b3de6caa5a51543fd9fb64f524f5478
24.44399282,0,0,22.000001337,0,0,0,0xca529115c2e572feb06f313e91dcb962d027683d5a06b111461372cf2d56201f,4189016,0xa5eb0e108b308106710b810aafea42b781b6c58d,0x001866ae5b3de6caa5a51543fd9fb64f524f5478
24.982559,0,0,22.000001337,0,0,0,0x0181aa5213451f7115f6bc2fa1e05c6dc77b996de0673547e76d7ff9146d30fa,4189016,0x80097e567b128cbea0b9e70ed71863222992b56a,0x001866ae5b3de6caa5a51543fd9fb64f524f5478
46.741055,0,0,22.000001337,0,0,0,0x6909ee5dbbc42157f2e980cdc83e2523f527b04249f101279a745a949f3f4ed7,4189016,0x61cea60241fcc9f92b172a098dbdc03d7e9628a2,0x001866ae5b3de6caa5a51543fd9fb64f524f5478
59.99392246,0,0,22.000001337,0,0,0,0x4e1b1001f7b0a5c81eb8b0eb56da10568662e6cf89d710a2643b8d7e2fc5c8c3,4189016,0xa1fc84f2049690bce6702b9c17403681704abe6d,0x001866ae5b3de6caa5a51543fd9fb64f524f5478
29.998559,0,0,22.000001337,0,0,0,0x8c9a6a0ecbd7ba04828f0a254f3308ef7ff9653c74dbd3d31f663db8ba0233aa,4189016,0x2641fdbb1f5d8bd8e5df33bd12ee2de7837d0a8b,0x001866ae5b3de6caa5a51543fd9fb64f524f5478
29.99392246,0,0,22.000001337,0,0,0,0x6e28ff5667673fa50585c568c83c42d19e843e2d37c9b6418335981bf5e9a7c3,4189016,0x9988b6e0dde62cc8564609d21aa91108f6c9eab8,0x001866ae5b3de6caa5a51543fd9fb64f524f5478
34.80968356,0,0,22.000001337,0,0,0,0xa2c48717fdd3b2351b5999e507881bfef8652bd38f346390f8d68d4da9a857f4,4189016,0xa873477cc9fbf27fbba5f4c4983861156a463800,0x001866ae5b3de6caa5a51543fd9fb64f524f5478
29.99392246,0,0,22.000001337,0,0,0,0x9b8768c7a020dddc52e6f1fc776da588715f75578750e5053e8002ec8887bcfb,4189016,0x9e60f89fc477e81305fb630e579e8ea3a4400c07,0x001866ae5b3de6caa5a51543fd9fb64f524f5478
76.494559,0,0,22.000001337,0,0,0,0x278397d4e182034aaf986a85f9f896c77631fe475ee9350295d0874c59cd8d07,4189016,0x3dc84aaa918edf0751b36ec9ff64fec210c30fcf,0x001866ae5b3de6caa5a51543fd9fb64f524f5478
29.99392246,0,0,22.000001337,0,0,0,0x2b52dcaa692736b81dd151855c206bbe132931dd09ef5671f7a7d1e9abec6a5f,4189016,0x68e2baf748e31a7155c6a5b08add4a5a13d85662,0x001866ae5b3de6caa5a51543fd9fb64f524f5478
29.41227094,0,0,22.000001337,0,0,0,0x905541631aca3fe46dba356d1ca787ba5aa00e8b1ba26d913fc41ac65a7f377a,4189016,0x217cda134c25682e0d81b37682ac2c59bd2de3ad,0x001866ae5b3de6caa5a51543fd9fb64f524f5478
52.98911568720191,0,0,22.000001337,0,0,0,0xc0d1bc0cd75a4b6bbda7f949aa88ef02a0561378566c9df6e16f74546ae2c1ba,4189016,0x709a278063fc34fea953df073932de2c6575fb34,0x001866ae5b3de6caa5a51543fd9fb64f524f5478
42.33253718,0,0,22.000001337,0,0,0,0x81df5b8b74589a36cc2a86801d89375e897014007083ab011f38892be82e2575,4189016,0x4d511b5a1d44f57159e97a56eb7d6037d6b7baab,0x001866ae5b3de6caa5a51543fd9fb64f524f5478
23.04732246,0,0,22.000001337,0,0,0,0xc400e4ab3db40ef138e4e1080163de36f74c5f5ce2185d3b29aa6878a69053eb,4189016,0x8de52d9cad28072b0a01bb1cf50c423eabc9a9a8,0x001866ae5b3de6caa5a51543fd9fb64f524f5478
39.99392246,0,0,22.000001337,0,0,0,0x95242b7a0d18e983390f9d2ebd6f6889766443edc41e54499cece4cf1114db04,4189016,0x6d1dea00352de73ff3df062ede64d0a1ee8cda29,0x001866ae5b3de6caa5a51543fd9fb64f524f5478
20.77392246,0,0,22.000001337,0,0,0,0xfdf7b3729d5b3dd56d1cc77df7a0d3adac585f475e20675790efb97f1b9cdc68,4189016,0x2d60bd81863740edc61c87e4b29b13f82c2070f0,0x001866ae5b3de6caa5a51543fd9fb64f524f5478
25.44381746,0,0,22.000001337,0,0,0,0x467cb4f8f43c2a8415f86b5b82255ac7acebae28f7c9b31932675af937b58f20,4189016,0x8d43d6e39fd37149cf3d23c89195a18485676d6f,0x001866ae5b3de6caa5a51543fd9fb64f524f5478
33.96344858,0,1,22.000001337,0,1,0,0x15aff38bfc5016ff4a16efb7ef9cbc3c0c83fb63ab6e65bb83bbcad61333b656,4189016,0x981c52c16e36b6321f523714a56694fe0fbf7ae1,0x001866ae5b3de6caa5a51543fd9fb64f524f5478
59.74575498,0,0,22.000001337,0,0,0,0x2ea3b1167a831bdd7dc3761f1bb8ed445862724ed03b0d766afd727f68408f43,4189016,0xa3bf1577f874de851d4f4505223891e4752bec7e,0x001866ae5b3de6caa5a51543fd9fb64f524f5478
29.99392246,0,0,22.000001337,0,0,0,0x863007cdbca547060242e0c38c54b86ac8c7e303784e69f52d0e5bafcbc85a14,4189016,0x62b8c9b743de70eee098a0671219daac5d3c6d8a,0x001866ae5b3de6caa5a51543fd9fb64f524f5478
21.44435682,0,1,22.000001337,0,1,0,0xa905feaf713a76cb9cd4304e1229260ad483d8b5a5f31e511c2060d308cb7bb9,4189016,0x0b73b2753c096d08cf2d679fcd70b15b3adfe268,0x001866ae5b3de6caa5a51543fd9fb64f524f5478
22.49544976,0,0,22.000001337,0,0,0,0xf930aaeaec95561710dfaeae0ffdd64c255893b838e8a5ef1450cd8c35c2682f,4189016,0x1a6126548aa2e0913fd79ddb8575d9b02cb7e09e,0x001866ae5b3de6caa5a51543fd9fb64f524f5478
33.9924279,0,0,22.000001337,0,0,0,0xb804dbb277aae1cb6f359e2e8491a2493d1addc507d2bc878bb158681968fe51,4189016,0x98e8e38a244ad5e7fcdd7ae59b4b9e883d5a6196,0x001866ae5b3de6caa5a51543fd9fb64f524f5478
21.22630898,0,0,22.000001337,0,0,0,0x233c77fd36fb697eba13a1c096de5462adf7dc93f2f96ec56fe62c111813798b,4189016,0x3dfa82af9fcc6458449d97261c731cb03c660857,0x001866ae5b3de6caa5a51543fd9fb64f524f5478
119.99392246,0,0,22.000001337,0,0,0,0x237a8cead4050d9581b0ccebab0921df464e34a980a555de218ae2f9ffb0d6e5,4189016,0x2acf959230d4921fcb5cf51b48b659830470cdb1,0x001866ae5b3de6caa5a51543fd9fb64f524f5478
20.2874279,0,0,22.000001337,0,0,0,0xe42d4f51ca4fa68e017deacc98b1f70cb93a16b3d523245c7b4a1bf09bb740a4,4189016,0x80629535e42e5e8063bd1f27f262f4dd996a5481,0x001866ae5b3de6caa5a51543fd9fb64f524f5478
39.87392246,0,0,22.000001337,0,0,0,0xb255dcf6facb2a69063e48129f6abafd682b0d063686a2c6834d56b640f72b27,4189016,0x8d3759a72d73f2d8c2ec14d9ee4ebc02f87eecbc,0x001866ae5b3de6caa5a51543fd9fb64f524f5478
99.99392246,0,0,22.000001337,0,0,0,0x7c7518046c5419893ff5d6fca7e2fb36947e988bfd612e9cc3cfa2fa5a2a1ff3,4189016,0xa844c801ba2adfc6463a7547d684060e8fd65448,0x001866ae5b3de6caa5a51543fd9fb64f524f5478
45.999559,0,0,22.000001337,0,0,0,0x3d4044e38364c2e0ac37a47777a24db609e13d0282690bad7f767be4b2784d11,4189016,0x27beca4cb34eeaa2c77f7e8a300f4a8d8078c15c,0x001866ae5b3de6caa5a51543fd9fb64f524f5478
20.99392246,0,0,22.000001337,0,0,0,0xdef31d7f5e19cd1232eda07db621a61409ff017668f002798a2dca526d4dab9c,4189016,0x6df82d0c3bd6d6a4f20565d35842007f2ccd1e17,0x001866ae5b3de6caa5a51543fd9fb64f524f5478
26.75392246,0,0,22.000001337,0,0,0,0xd9998ee3beb26f89f96bfe926054a5d8945068e694626018bcfdbf56e35f2f3c,4189016,0x87afba016badfae2c1f7cac10e28f9ab7afef04f,0x001866ae5b3de6caa5a51543fd9fb64f524f5478
29.783259,0,2,22.000001337,0,1,0,0x1347bfcfd5b2259b19500c7c286d8cd72f0af66d88cd3efc959c23d3199fa73c,4189016,0x2fb08984ec3221f6e4eb6badc99574386bfe7729,0x001866ae5b3de6caa5a51543fd9fb64f524f5478
99.99392246,0,0,22.000001337,0,0,0,0x9bf1346481cc9b4f0789332a9e89340d764106b224ddec25fb854a6d01787cf0,4189016,0xa9e3ae3e23f24169bc132f267abc4e9f15cc9d8d,0x001866ae5b3de6caa5a51543fd9fb64f524f5478
50.009559,0,0,22.000001337,0,0,0,0x4c746f22ab0e5ec4fe4d81a84e74112353a0cc1c8add3aedf3d770c1f6580ec1,4189016,0x9f5b2b17d2c242b408cb0aaed5cfe720da168a73,0x001866ae5b3de6caa5a51543fd9fb64f524f5478
99.99392246,0,0,22.000001337,0,0,0,0x6ae2a2c91ed8e4e4df869db1a507936c2e03a781745d113aa1d992517d97b9cc,4189016,0xa5ad803bc093f6330a189921f2784ec5a0a5ee9f,0x001866ae5b3de6caa5a51543fd9fb64f524f5478
22.29999063,0,0,22.000001337,0,0,0,0xd0402d8b5a9473ef28fddc53cec443c668e6e9bcd9bb39d9c6eea6b6ec57109a,4189016,0xa8045e645ead84259454c0656cb4e616e9cd9984,0x001866ae5b3de6caa5a51543fd9fb64f524f5478
29.98892246,0,0,22.000001337,0,0,0,0xc2dbd12a37938fa49bb0afee58ea24325375396da807057fe1920dbbd8d6a5da,4189016,0xa849db5c95823f0a9dc99f0a466c48a68f3bd238,0x001866ae5b3de6caa5a51543fd9fb64f524f5478
55.47535739,0,0,22.000001337,0,0,0,0xfb909ca1325af639b4e6a2deb9a4a75c505980ee42d7d6644c74ec1508b4c088,4189016,0x4a8ce8856bb0178599aabc4a00e822f2fd126736,0x001866ae5b3de6caa5a51543fd9fb64f524f5478
29.999559,0,0,22.000001337,0,0,0,0xb4f9c0b40b56c507fd950ea44a78ab291e4aa51d672b0e201befb38b3810a790,4189016,0x6b95e66f8c7f8c9ba0d765f29327bc30186ccbe0,0x001866ae5b3de6caa5a51543fd9fb64f524f5478
299.99392246,0,0,22.000001337,0,0,0,0x7d699e003383ba44fd8f68227cb9cd9c2e44e0db79b4d1316c3756e596c96fa6,4189016,0xa9fb47723fa0c1fcce292c366181020c68f74849,0x001866ae5b3de6caa5a51543fd9fb64f524f5478
57.11805909,0,0,22.000001337,0,0,0,0x7f131f16ac5432f97ef36bed96351bfc86cc8f1378c936a70541f43247ba6f64,4189016,0x75abf3b5ec1da403456fedb673ab9219b0edcc4a,0x001866ae5b3de6caa5a51543fd9fb64f524f5478
39.43262246,0,0,22.000001337,0,0,0,0x938c1dc54125166bf922e18b0095570cc6340a6ba9f10f049a13d45e9004d596,4189016,0x9f8ef7bffe25cdbc9b97309e280574e87c2da9e1,0x001866ae5b3de6caa5a51543fd9fb64f524f5478
36.399559,0,0,22.000001337,0,0,0,0x02bb4b18e20730f147b6f484efe7590ba93ae7308bb79ca7ec82a355a5cede22,4189016,0x5c492dd9b6dd39f80bb930c079a8e1acd8651c03,0x001866ae5b3de6caa5a51543fd9fb64f524f5478
84.99242918,0,0,22.000001337,0,0,0,0x5391c33580f2a4a5be6f03b4149e5b232e9044f2848b619ac5917d9cab38c4ef,4189016,0x0845cff7ef1b3d8790183dbbc21a995f0dcd54c4,0x001866ae5b3de6caa5a51543fd9fb64f524f5478
20.17893689,0,0,22.000001337,0,0,0,0xea5e1552247341115dc6f33a25e56f70dfc0d4cbf64c0dfae5e076f8de1db112,4189016,0x8b0cad0a0df3f1d60eb3d1908696be067596fbd1,0x001866ae5b3de6caa5a51543fd9fb64f524f5478
49.99760374720192,0,0,22.000001337,0,0,0,0xa668d18c83bdb8cee36b6716106fbdf58605e4e9eb5f37fa8140a06eea5df70c,4189016,0x4239fbf7f8cf29020891df951e4bba4fc90c0235,0x001866ae5b3de6caa5a51543fd9fb64f524f5478
72.150409,0,0,22.000001337,0,0,0,0x9199cf32096870a9d9f7b00625dd0c7c088ee3be78670c6abb342e7889efd7af,4189016,0x751c5e0da0c114eec2c2f89f153c7ef8e2deab93,0x001866ae5b3de6caa5a51543fd9fb64f524f5478
30.99392246,0,0,22.000001337,0,0,0,0x7039153e134e6ef77bb24ae70f2e24d9531561c861ee5e6ad553d3dddd8e0a71,4189016,0xa19fd3059ff68ca5ea42980e195e303c5b641a1a,0x001866ae5b3de6caa5a51543fd9fb64f524f5478
22.49271456,0,0,22.000001337,0,0,0,0x0f4b9fc3d136abd8290cf33b8560411d601ae1758ae5ebe9670710f5ba0579ff,4189016,0xa83a79c402f1bc7ec20017a2202b5841b1dd694a,0x001866ae5b3de6caa5a51543fd9fb64f524f5478
30.99392246,0,0,22.000001337,0,0,0,0xebd69b4a78c83c52554efa78ee9593e831cee511f0de04313016d602e94e299b,4189016,0xaa09dd6cb59e959a503033c5e2fd9bc4cb94205a,0x001866ae5b3de6caa5a51543fd9fb64f524f5478
29.99392246,0,0,22.000001337,0,0,0,0x81b6a1d39086e575c0dbea7d82ca73e0709ddf28f2110b133cfdb50c8c2f8f79,4189016,0x840690bcae0257b9761e188a33b76d49d41e1c47,0x001866ae5b3de6caa5a51543fd9fb64f524f5478
22.7934743,0,0,22.000001337,0,0,0,0x065a536d6840100d000049d7c3e06ebae7a0c8b1d7d052363625f6a0a693c12e,4189016,0x03a85149eb0919ce58e199a23b046cdc7060cbba,0x001866ae5b3de6caa5a51543fd9fb64f524f5478
86.9934743,0,0,22.000001337,0,0,0,0xf062e7f8eeec91183e08f7f2d45e4cb0690f26acd36cb850788287e51f8068d0,4189011,0x1c21031d4675fab28380e54138a743a7df1f53dd,0x001866ae5b3de6caa5a51543fd9fb64f524f5478
24.99937,0,0,22.000001337,0,0,0,0xdec845b16f36b515b3f2fd2c21f1678eae1e82b989bb63a5a5a8230b42924489,4189011,0x79387e477a1ad6282188eb505d61bc7998204b2f,0x001866ae5b3de6caa5a51543fd9fb64f524f5478
93.30754365,0,0,22.000001337,0,0,0,0xda93c69957f56c84b929775c1804388309f35fd0b66aac492eb3886c49d32509,4189011,0x6bbfe9ef91d827999dcfbe63f8488ce2de517a75,0x001866ae5b3de6caa5a51543fd9fb64f524f5478
20.70447103,0,0,22.000001337,0,0,0,0xc7ff667c01aa395b1bb8dd1b4a995cbbf1332def066ea109ee3bcc4ad2009d8f,4189011,0xa85318e9fa1d77b6070c76ec129a226a54c45438,0x001866ae5b3de6caa5a51543fd9fb64f524f5478
24.98892246,0,0,22.000001337,0,0,0,0xa9ecb68fda8373ec2822adda6a0ec3d91402bd0501b53bbd8458eba13f49425f,4189011,0xa8f84e7373f2064cde8bb464ab726b9dbf270652,0x001866ae5b3de6caa5a51543fd9fb64f524f5478
26.52792246,0,0,22.000001337,0,0,0,0x6d71197792d1b89ca5c800f9ec460cb9dcc322c6bae75185718e194a0285b359,4189011,0x3152c566ee70463b16c357157403d60ed1ed200d,0x001866ae5b3de6caa5a51543fd9fb64f524f5478
53.70392246,0,0,22.000001337,0,0,0,0x47862d308d62712434b15adc2e278abefe26fdb192846762ff738e806b1eff78,4189011,0x077256bdb379ec8773b5f6b83c381896a7f833a4,0x001866ae5b3de6caa5a51543fd9fb64f524f5478
20.3744599,0,0,22.000001337,0,0,0,0x087b6b9536d76dfb805e901607f6ca0c90cedfe8551a2029d8336052665af322,4189011,0xa2bcebd9eee21bc0f78247d843a0ea0daa2d0fea,0x001866ae5b3de6caa5a51543fd9fb64f524f5478
29.989559,0,0,22.000001337,0,0,0,0x02a2818964a5897db4662cce22f7b60a2db519520a726a6bca38dad76bebcad7,4189011,0x67ebca661c6b736c7cabf9d69beaa08e40d01086,0x001866ae5b3de6caa5a51543fd9fb64f524f5478
24.97392246,0,0,22.000001337,0,0,0,0x4f7d67602c831f6ef78f5b9be4eb88767dae1e79b8a12038d18e65b0755a65e2,4189010,0xa853b9e7da99a38c3ffed505b103ca49f393d449,0x001866ae5b3de6caa5a51543fd9fb64f524f5478
26.32123274,0,0,22.000001337,0,0,0,0x879a0a411aead499ce648935813c0c565598356ff6784d1162ba6505645c33d9,4189010,0x99d6b57adae49518c489bac8219f5103c9039994,0x001866ae5b3de6caa5a51543fd9fb64f524f5478
28.99710583,0,0,22.000001337,0,0,0,0x3b461a033822a9c5a04e3fde65667c3a5ab8de644295697ff7e7a12dda581d5f,4189010,0x80c851d45968949a26a2b11059b1165e76e66392,0x001866ae5b3de6caa5a51543fd9fb64f524f5478
39.98892246,0,0,22.000001337,0,0,0,0xce1e2f8c044083984e34d94f88615c1ac31212d0cee0295b920192f316e43b53,4189010,0xa30b4c55a432ed9c3d159f3c8c1830091378e67e,0x001866ae5b3de6caa5a51543fd9fb64f524f5478
35.08847,0,0,22.000001337,0,0,0,0x84d01368df89fa1df2a4159bdfc3d64da8868163a7a1e6c23475587e9535bd23,4189010,0x103031585b7ead18ae7e2aaa8830651208e13525,0x001866ae5b3de6caa5a51543fd9fb64f524f5478
30.83392246,0,0,22.000001337,0,0,0,0xca13f25c880bd439cb26d45d6ec634f1f3b6859c7fe21909e4f6ec9978267467,4189010,0xa19dcf527a267a89d7baf7703ea29ce2412337fe,0x001866ae5b3de6caa5a51543fd9fb64f524f5478
22.5083295,0,0,22.000001337,0,0,0,0xa5c9ce7f40b1e7b4018e163647b3aa81ea3b07bee73635b2532f454f22da7e8a,4189010,0x0294543ba0638a030ee6e07c0b75f81d5cb36ad1,0x001866ae5b3de6caa5a51543fd9fb64f524f5478
38.81004646720192,0,0,22.000001337,0,0,0,0x7af24f4336b39853c7d7d23582900bb9ff4d8658c84fd36180d3459bc3bf825d,4189010,0x7104d99f2d74851c89071b49ed9d931cbba8ff15,0x001866ae5b3de6caa5a51543fd9fb64f524f5478
56.99392246,0,0,22.000001337,0,0,0,0x3228ea94c6507e7737714fe0435688e43f9bdcaa2a2e4434c41099a3c83d8f0e,4189010,0x75d4b1756f002697adcd79b077ebfa1bb8fd5ce0,0x001866ae5b3de6caa5a51543fd9fb64f524f5478
30.999537999971924,0,0,22.000001337,0,0,0,0xcbeb7717c56f89f9d46b1279421be87337e6e85e2762b5541f4c9a4bb6f6588c,4189010,0x2c312d1382c16df99bc2341bc1586118ca759930,0x001866ae5b3de6caa5a51543fd9fb64f524f5478
24.57812246,0,0,22.000001337,0,0,0,0xd43ce6cccc5ed63579fe98abf812e2fdd838fd567862aa434c255393ac7e6f2c,4189010,0x42e3600d8ff33a2c4d1d98646b306bbf3b45e517,0x001866ae5b3de6caa5a51543fd9fb64f524f5478
39.799559,0,0,22.000001337,0,0,0,0x1e46ad480ac58bda9432e21dead71c4c5df2d57bf2826638d6e914b15f2c6c10,4189010,0x9738e586431ea025863cef098bfaaa0126897dc6,0x001866ae5b3de6caa5a51543fd9fb64f524f5478
39.79392246,0,0,22.000001337,0,0,0,0x292caa2d874b099d1bcd66d15b8f3afe487328f2558a1e6fe61c92a0343a6784,4189010,0xa2eb4b111d592284d41acf4ed7aba775379c2cf8,0x001866ae5b3de6caa5a51543fd9fb64f524f5478
33.91415062,0,0,22.000001337,0,0,0,0x0d013a568619ce228093019297d0647df69a6495327a5f8175e33ae3343dab23,4189010,0x53d31b72b0f177850fed3e6cf7521251e78d482f,0x001866ae5b3de6caa5a51543fd9fb64f524f5478
39.49392246,0,0,22.000001337,0,0,0,0xa0d41cd7477817b6a3742f234e826e4beb505029148d3c02699cd1869ccf1a22,4189010,0xa336c95f686608c911f9e5d7f7e3a48785a96eb3,0x001866ae5b3de6caa5a51543fd9fb64f524f5478
1000.0,1,0,22.000001337,0,0,0,0xdfdf5e3befc3f21c1db6783bc3ce13f611fcba646c78f03651acff50fbc48278,4189010,0x001866ae5b3de6caa5a51543fd9fb64f524f5478,0x48c3ca0eb74a204d11ce0b1e30d61b8dcc784426
67.99861925997192,0,0,22.000001337,0,0,0,0xf912454852928a06a7f1388bdce1c0a66b17f0639c8c56b5e8df58093f9ef42c,4189010,0x49c3a2c333c9ecad503b94d2489625ccdc89db61,0x001866ae5b3de6caa5a51543fd9fb64f524f5478
24.73382247,0,0,22.000001337,0,0,0,0x0aa91277dce7a5ee8b4b70f7cb337744ad45424fa9ab587fe39160bbe26534c7,4189010,0xa952f6ada0202971169ec58976569e435bda896e,0x001866ae5b3de6caa5a51543fd9fb64f524f5478
209.46777006997192,0,0,22.000001337,0,0,0,0xe47e0c6ba309ce1f8b8ab0feae14e4e6ca97fadd367186ec43a8d506c829e01f,4189010,0x5de6c622da9287143349138a733130d3d954ce4d,0x001866ae5b3de6caa5a51543fd9fb64f524f5478
20.09392246,0,0,22.000001337,0,0,0,0x9658b7d66ef613e64a635c81390d9448219ad9a5a59cccec46bdd2c546c5059c,4189010,0x9f8c5422d653d8b9c1c356a6483c6a89c443ea4a,0x001866ae5b3de6caa5a51543fd9fb64f524f5478
32.48892246,0,0,21.0,0,0,0,0xc26259ba4f904e7a81f2b774665f05d0a492f92ea4f67f698c32ffa48ce938f6,4189008,0x9d5a97898029da7ed6bfb9c3e9dee72975bb8bfd,0x001866ae5b3de6caa5a51543fd9fb64f524f5478
31.48699574,0,0,21.0,0,0,0,0x25f99d0e5ba51aa9ba088c3f8462d2f385a267233a6b808eef41d723acd35d41,4189008,0x2dde48f976384cc0ea8f66a32e2f9a4f3d202152,0x001866ae5b3de6caa5a51543fd9fb64f524f5478
2000.0,0,7,22.127224645,0,1,0,0xf5a4b4421e746c2981cb6816f93b3ac1e3259e388e6ad98b0e300f70295a8489,4180196,0x001866ae5b3de6caa5a51543fd9fb64f524f5478,0x3f5ce5fbfe3e9af3971dd833d26ba9b5c936f0be
500.0,0,1,22.127224645,0,1,0,0x5b4233725c24986c44ff5545b397fa6da528f7f9fa08fa5edf63ebb247ef34dc,4177361,0x001866ae5b3de6caa5a51543fd9fb64f524f5478,0x48c3ca0eb74a204d11ce0b1e30d61b8dcc784426
10.70781246,0,0,21.0,0,0,0,0x92df65d126e3719852ed02899b45433acd004675f7f27c68bb1e9abbce2058d9,4177292,0x2aeaa099029c6be633ffd0b35cb29650b9469260,0x001866ae5b3de6caa5a51543fd9fb64f524f5478
13.6763391,0,0,21.0,0,0,0,0x3d93e3f2d7a663183aa94a974054e8d1f5fbda80c05e71a06a23f62a022162d2,4177292,0x218f811042afa9ab9ed51d82eae609185a223935,0x001866ae5b3de6caa5a51543fd9fb64f524f5478
19.99392246,0,0,21.0,0,0,0,0x81b8ebf826e6cf5add9f0ce0a1f94c77f6308ddf26beef07339d690f03b883b9,4177292,0x4d868f76904ae51eec2b59bbb641f1fb9bd484a8,0x001866ae5b3de6caa5a51543fd9fb64f524f5478
37.51384639,0,0,21.0,0,0,0,0x8ed84501eafdc9f33e3a7a12d527f70c63236d10a6ddef6812f557168e054eb7,4177292,0x6b66dc61878b4bc8edc380d9d4ebb4b3767f369d,0x001866ae5b3de6caa5a51543fd9fb64f524f5478
16.83212523,0,0,21.0,0,0,0,0x1a9f4f4a22a2deec24f6c400eeeaeea6ebf595cf45c0d7b8eed556c0d37fae01,4177292,0x5d4f4eb1134ed043a092f0183c6e27ee66964314,0x001866ae5b3de6caa5a51543fd9fb64f524f5478
16.73144152,0,0,22.008407867,0,0,0,0x2b570762ab70d8bc1664612d3146571b6e38b6ad4156cc829aaf7341231356f9,4177292,0x2e475371847bb04ec112481f487bc318a23756e2,0x001866ae5b3de6caa5a51543fd9fb64f524f5478
15.19652696,0,0,22.008407867,0,0,0,0xec23e4a244c40bcc02df053f33c1ddc4976781f8ce4bfeedf84245ce3a384818,4177292,0x1fb188adeef0bbabed50527e5af08e2ed79fa9f9,0x001866ae5b3de6caa5a51543fd9fb64f524f5478
12.99392246,0,0,22.127224645,0,0,0,0x8ccfec25991d237a3aac4831f0a3d49587d50d0370d7ed34440bc40b515cf02d,4177292,0x6f728a61d95f31096850a754095eb7e57c796932,0x001866ae5b3de6caa5a51543fd9fb64f524f5478
13.99392246,0,0,22.127224645,0,0,0,0x7f0bb2dd6d7584879345677813880198367f596cab89ca12957a95a68373a0e4,4177292,0x6137563b2b163907d8e2216e8fff0ee03d1c4e35,0x001866ae5b3de6caa5a51543fd9fb64f524f5478
13.78492246,0,0,22.127224645,0,0,0,0x790424d2bbdadbfff12b490f5a5f1e2f42abb2467ed0f6d0255d4b2091236e95,4177292,0x27a0787ba41fd3d8ac2211555690cb4a7d98fd9f,0x001866ae5b3de6caa5a51543fd9fb64f524f5478
13.39576176,0,0,22.127224645,0,0,0,0x5e53a01ce90d8e1713f7d94a2b793b32155b9773669b1217e910d6d8c7a00f87,4177292,0x3ee2e2d23653a93f9624b4643f77a6ac163caa40,0x001866ae5b3de6caa5a51543fd9fb64f524f5478
10.41432246,0,0,22.127224645,0,0,0,0x9f152c90bf81593c89298ff891cfa738db48cee9639dc241ec17c398d362915c,4177292,0x199066a425ce12f0440d96920e07053963594dd3,0x001866ae5b3de6caa5a51543fd9fb64f524f5478
11.3884027,0,0,22.127224645,0,0,0,0x2e4a538816fb992717d23c2b642d2a4d4a8a6f0be2a3b6d1ab17f363aa031cf9,4177292,0x1234c2e57709f031032f15f1b37474455be59f9a,0x001866ae5b3de6caa5a51543fd9fb64f524f5478
12.82402686,0,0,22.127224645,0,0,0,0x5cb8f41b2bdd0641f29d85aa1c0173a5bbb3d066bea664e71a684e9fa868e133,4177292,0x1f7ca0b32bba3ca1f0e70095ee8267879b5ad659,0x001866ae5b3de6caa5a51543fd9fb64f524f5478
14.99142246,0,0,22.127224645,0,0,0,0xde7ebd83a351284fff57f4f03f4d4e2f50741838b16cfc66fb773127f57ef65f,4177292,0x31627df2460b65f229dd8612951c8ecd6978dd6f,0x001866ae5b3de6caa5a51543fd9fb64f524f5478
13.9738033740512,0,0,22.127224645,0,0,0,0xb4935b30dc4810d6fdb5b718eb91954fd4ae4f4ee097effd39eaedd92957080b,4177292,0x0781c34dc88114d9102c98f1d511e43198ebb3bd,0x001866ae5b3de6caa5a51543fd9fb64f524f5478
19.70421091,0,0,22.127224645,0,0,0,0x64a390cea2845c15011e5dc90b83d3bab0b68b8ed2aeece2c939ec7f4881e385,4177292,0x14df2e1decfb2f144a7bf553cb5cb08cf32abdb8,0x001866ae5b3de6caa5a51543fd9fb64f524f5478
19.98892246,0,0,22.127224645,0,0,0,0x43570daf8c3fbf9afaa42525e10e1cadc77849e0ddbd9161c37a80365fb41c9e,4177292,0x570c739912a0d16d5cc4e16acd6ddfffd3583011,0x001866ae5b3de6caa5a51543fd9fb64f524f5478
19.96252246,0,0,22.127224645,0,0,0,0x534ec4e51db3af4eaeea3bd6446ea99b8a366bb0cb31dec77abbb1b512bf6520,4177292,0x08e19ae7b442ad14173ad6d07f549edca69ec1a5,0x001866ae5b3de6caa5a51543fd9fb64f524f5478
11.41892246,0,0,22.127224645,0,0,0,0x83af5ff78e8c09286b5dbe286fe2d3e86d265d5e7c63943056faf2f21b91b6e0,4177292,0x170357c4806018b31dacbc9660769dbdaf53b559,0x001866ae5b3de6caa5a51543fd9fb64f524f5478
23.38839846,0,0,22.127224645,0,0,0,0xd9a6f3fcc5a0bc581bb463a9a4f87b1cfcba5b24545d846a0dc77c2b83d0d061,4177292,0x7f2694cf58e0e18693184c0977df07168c127d97,0x001866ae5b3de6caa5a51543fd9fb64f524f5478
12.99392246,0,0,22.127224645,0,0,0,0xc91db23c1670cd080dadd27786e8ef81c67aca561d3ddcd9cdd05a1488e39f7a,4177292,0x7c12e6e4b02bfdbb6060be8a3665c6f2931e00e6,0x001866ae5b3de6caa5a51543fd9fb64f524f5478
15.21425446,0,0,22.127224645,0,0,0,0xd97e3eac6c4d289cb6c0884179d1d42f9e309ad1591354651db1d45180025d6c,4177292,0x49e0783b0f1f8eab2ebe1f70bbb61c8d99c9d06d,0x001866ae5b3de6caa5a51543fd9fb64f524f5478
19.63686292,0,0,22.127224645,0,0,0,0x98cf5790601e0374e8f8f629908291c946ab8f12b3acc20f0dc60691e53e747a,4177292,0x1eb47fee0c8d7248993e69865b0737e6ea2cb95f,0x001866ae5b3de6caa5a51543fd9fb64f524f5478
11.98892246,0,0,22.127224645,0,0,0,0x8e1d967d1189aeab45af9aaaa8ce7b96af430817ed2576bfacb5a2e060e32f1a,4177292,0x6ab8fb7d73398822c633de28b9f6d7716943818e,0x001866ae5b3de6caa5a51543fd9fb64f524f5478
15.36200145,0,0,22.127224645,0,0,0,0x61ab0712f9e2dd35b82ed4d25ca4af177c4fac20e82d7ddbcc1b518520155bb9,4177292,0x3a2017631a21ae603e1764935762dbe628d9d48a,0x001866ae5b3de6caa5a51543fd9fb64f524f5478
22.9818425,0,1,22.127224645,0,1,0,0x76c8065b7dc77ea2ac055b19177dedbcc8f78cd58e6dcc22a0e5fa62353680a6,4177292,0x54474caf8a6a9f3def9748d85782ce0c2c5bfb75,0x001866ae5b3de6caa5a51543fd9fb64f524f5478
10.01535046,0,1,22.127224645,0,1,0,0x1a13692fdba9dae4c3d74b5bee0adbf495002b58426fd93f5bf2e1837eb4f585,4177292,0x0df84ca132561f8d8d9e86d7504bf7f01c75a230,0x001866ae5b3de6caa5a51543fd9fb64f524f5478
27.99458,0,0,22.127224645,0,0,0,0x415955a72c80de8dada9eaa541563a2900d5c94251a841ca29fd01eec3cc5a7a,4177292,0x07aa3b90cec37188a37c47e3530931d5fdb087eb,0x001866ae5b3de6caa5a51543fd9fb64f524f5478
14.62308476,0,0,22.127224645,0,0,0,0x4755698cd8963055ca7a540c8975a351f54099e7dc780a543b8f58e58c74560f,4177292,0x2a761221bc8a54228f05a1a28bbe04bee2e7a6ce,0x001866ae5b3de6caa5a51543fd9fb64f524f5478
12.99192246,0,0,22.127224645,0,0,0,0xeab852353e9876108c8d311d1bff9c9390b32d2167769b04b8802857ab0bc608,4177292,0x5a11b968d255b8e56280d8cfa8cb4fbd99e5cf1b,0x001866ae5b3de6caa5a51543fd9fb64f524f5478
17.58069821,0,0,22.127224645,0,0,0,0xb44f3fb2b3c9f18bb63932866de088f5e8617c35fd99caf00e59f9ba2764b77c,4177292,0x32b072d19952f1b0cb982736b8c208a710082a9c,0x001866ae5b3de6caa5a51543fd9fb64f524f5478
19.999559,0,0,22.127224645,0,0,0,0x7c23d4b98172fb479d5796b90814bd612c98e4f74b73bbda7ec75b202cc3f2e7,4177292,0x67f6b756e5dc4eb3c8a0d01a8d53985a66dc9178,0x001866ae5b3de6caa5a51543fd9fb64f524f5478
12.612244,0,0,22.127224645,0,0,0,0x901965161d87f7f8c4c800c6de0e63d0d2c59641524319a9f8cf51c28b12cef4,4177292,0x33f0b396eca512ed214587c0a200529dc05a62ba,0x001866ae5b3de6caa5a51543fd9fb64f524f5478
13.28392246,0,0,22.127224645,0,0,0,0x7754684e1261e90b997349f1cf4b33ad21a98896f2fdd1c8bd4ff8c1e305fe6e,4177292,0x6d9d5fe1805140f22dd154d33521e1fd2be7b8da,0x001866ae5b3de6caa5a51543fd9fb64f524f5478
12.69112246,0,0,22.127224645,0,0,0,0x41b8a660856068d25a596c3866661dfed95b56d3826c3d870599855316c6ebeb,4177292,0x816d76bb1e62d1ac3473ccda0a67498ae5783298,0x001866ae5b3de6caa5a51543fd9fb64f524f5478
17.26662706,0,0,22.127224645,0,0,0,0x4f8c16310d9f52aa7471b18a5f344ae380caa860a10a285e1f406d31a6987085,4177292,0x2b7c133d82485225d22b2ceb20777b7a2459a087,0x001866ae5b3de6caa5a51543fd9fb64f524f5478
10.18892246,0,0,22.127224645,0,0,0,0xfca314bcb42433076d28d9b14ec6fc85b139464e5e8becc2be14411cd4a5f454,4177292,0x46c3516025d0cd0f26b4f85bb6c2da2a6e1c5abf,0x001866ae5b3de6caa5a51543fd9fb64f524f5478
19.8436743,0,0,22.127224645,0,0,0,0xce232db824b3f01e4350f4e602c94981ccff90f5d72f0d39db1da5d7f807c125,4177292,0x0a3e654f0c6840deda615a5f363987db270423ed,0x001866ae5b3de6caa5a51543fd9fb64f524f5478
72.14011146,0,0,25.076374645,0,0,0,0xeb77fa6dc906b3ddb480683f9dc9917e6a40b20032a5325d1456928fc7b51b3c,4177292,0x1972b40a38ffd41afddf4589d33c422d9968a006,0x001866ae5b3de6caa5a51543fd9fb64f524f5478
18.88989926,0,0,25.076374645,0,0,0,0x6b6936efa55c86dbf00a44ec250fdba46308736abdb178592ed8028b4f48c61b,4177292,0x2d16fa31538e73000d166d96ef09d3ccc1a4957f,0x001866ae5b3de6caa5a51543fd9fb64f524f5478
13.994356212860843,0,0,25.076374645,0,0,0,0x1e33f078c358055ad4e3a5c4563f55418d140184da62bff328090972f9bda1d2,4177292,0x2536bb7b2ce6051dd35344477f4f2796b0fb403e,0x001866ae5b3de6caa5a51543fd9fb64f524f5478
12.31912246,0,0,25.076374645,0,0,0,0x8bef8725ac055093acfecab676c8254b01f083aa248689211468a1644e577fee,4177292,0x36c50a57c3dc2af9abb046395072102748aa15b0,0x001866ae5b3de6caa5a51543fd9fb64f524f5478
19.59382246,0,0,25.076374645,0,0,0,0xb51902fc108a2f5ceeb03630139c004d48be807f910a405a0b95485e6c9fad2b,4177292,0x1b3e9b255d4a4a6d6f4a9d2b1c54de67e597a6b9,0x001866ae5b3de6caa5a51543fd9fb64f524f5478
28.56811906,0,0,25.076374645,0,0,0,0xdd6ba1f90f15cebf92c8c689f4d4acd18d4cb8413f6e7eafbb3918341509597a,4177292,0x4f3d9cd39d43d956be5a13e11e7ead2d458b38cb,0x001866ae5b3de6caa5a51543fd9fb64f524f5478
39.466699769971925,0,0,25.076374645,0,0,0,0xff54efbe86bfc1ef76905c60039605e5b6d090cb0ed182bc8f61621cb4107a82,4177292,0x444dde63358a58acd8bc39b509b090f4faa498b9,0x001866ae5b3de6caa5a51543fd9fb64f524f5478
16.08362246,0,0,25.076374645,0,0,0,0x27945562eb5b8b8f147994e5aa0057645787674c1e676b449a4c88a95cd94584,4177292,0x2e663bce88a32c3b4d1e7c07c9048db319659b55,0x001866ae5b3de6caa5a51543fd9fb64f524f5478
12.51636045,0,0,25.076374645,0,0,0,0xf2290e35554b43caf31c10d5ed5714103eea1e2ff277f3080a8535091104195e,4177292,0x5b3742a7d9e81ccefb37681a9e5097810d0a13a6,0x001866ae5b3de6caa5a51543fd9fb64f524f5478
16.17892246,0,0,25.076374645,0,0,0,0x8a59d3086ed83ec73e108417095dee69db263282bde58c922eb2e669090d2a6a,4177292,0x43846cf0a3fd795665ae98f4ae506e50f04d12a7,0x001866ae5b3de6caa5a51543fd9fb64f524f5478
10.589644966,0,1,22.127224645,0,1,0,0xd8d5af7fa7fa97eba227408cf663017ef2ead7d76a87b0db861399a5ecaa4bd3,4177291,0x48a4b02ba894fc26b2577c681eda2043f7259deb,0x001866ae5b3de6caa5a51543fd9fb64f524f5478
18.094559,0,0,22.127224645,0,0,0,0x8526b69629d1fffb218efe9a99560cc1522f6426df8c3077cd1d285709994c3e,4177291,0x306858f9032839d30a2ba0ef246c580a5ae99b6d,0x001866ae5b3de6caa5a51543fd9fb64f524f5478
10.98392246,0,0,22.127224645,0,0,0,0x418bb6d79cceecf4e1dbc9ad01615e6c90569d5781b516898816cb24847f7da6,4177291,0x5a49af20b7f0bdb9cc182285b71ff7f73b47909e,0x001866ae5b3de6caa5a51543fd9fb64f524f5478
12.04010165,0,0,22.881627171,0,0,0,0x19e2a99f0074278cc2ce71615a1dd975dafe1f14520157f687b288ec93283ac1,4177291,0x12a77872f26e0f5d21da94baf39349986d848a09,0x001866ae5b3de6caa5a51543fd9fb64f524f5478
12.76172246,0,0,22.881627171,0,0,0,0x04b6e35e6bf3b55c49c0039c08e595f3d84d62e2ef35ec683650aa7c130382db,4177291,0x131f901fbd6365693cb4d107481fc6a7e13e2fc7,0x001866ae5b3de6caa5a51543fd9fb64f524f5478
10.09392246,0,0,25.076374645,0,0,0,0xd2893c565e739da352d3c9c594d5ad99a16539ec55e9c2145afcf7f4d0681a5c,4177291,0x45931ae5057fbdff2cbad7d7e4ffb579672a9ff8,0x001866ae5b3de6caa5a51543fd9fb64f524f5478
11.46392246,0,0,25.076374645,0,0,0,0x8334bdd365bdb9702a4e29679aecf2297b6068b61d6ac20ce86dc9f56c67f012,4177291,0x0b6d4e79e039d292eb1450402369c7d1d59ac4d6,0x001866ae5b3de6caa5a51543fd9fb64f524f5478
19.53431533,0,0,25.076374645,0,0,0,0x60cee9779fc8b0e4e1e1925e35853290e70bb42914c81d4a23a694cf0ac504b5,4177291,0x1f0082d764bfe0a866b1fea44e4a95268bc3f028,0x001866ae5b3de6caa5a51543fd9fb64f524f5478
11.89392246,0,0,25.076374645,0,0,0,0x1aee13333a9fb420927738f28ee343cf8aecd842760f6147a88e73415f038c66,4177291,0x536049f588b30fb9a01d8194a15e41557569676a,0x001866ae5b3de6caa5a51543fd9fb64f524f5478
10.39227344,0,0,22.127224645,0,0,0,0x132e3ca9c72e4045568a9c8ed19d386d15ec8950e75faaf5ca05f5855e3584d4,4177290,0x0bc01917dbd0c918d387cc83cc8646c97608a9fc,0x001866ae5b3de6caa5a51543fd9fb64f524f5478
16.80606125,0,0,22.127224645,0,0,0,0xe46061f9803c812cc79a75c1d0e66deb805eb11a207137cf7c78c0d4efb9e71c,4177290,0x255a287dd6a723a0b52fd139bdabfa474476c7c1,0x001866ae5b3de6caa5a51543fd9fb64f524f5478
10.24392246,0,0,20.159005428,0,0,0,0xe46d5c6b1cba8becbbd5cb921d5524b9e37d318a3e086adb583ffabbe90a4b39,4177289,0x212765da5c010670e2cb2135b68e936b36e0d0dc,0x001866ae5b3de6caa5a51543fd9fb64f524f5478
18.78392246,0,0,20.159005428,0,0,0,0xd56db1eceab2cfa1bad42202555a401cbabc42c7efbb3205a7c5fb7d0670ed66,4177289,0x6975b46679ece050729c4a4d743ed1f8ea3c951a,0x001866ae5b3de6caa5a51543fd9fb64f524f5478
19.96392246,0,0,20.159005428,0,0,0,0xcdead7353d42ec22ef04ab6cd56e72cbd0814370dc39db46ac3cd9014bfae322,4177289,0x367a99c294426f3c519cd25244f09f264f7d7ead,0x001866ae5b3de6caa5a51543fd9fb64f524f5478
12.13227232,0,0,20.159005428,0,0,0,0xaca1c70142f44a8351137545d16dae4c29540e7ae330700bb2a6ea6dbd06f1d8,4177289,0x65f5f6f5eb27a29821132c9b5402a71fb23917d4,0x001866ae5b3de6caa5a51543fd9fb64f524f5478
16.55962981,0,0,20.159005428,0,0,0,0x8b580736444eb937d78ce10c7ef7ffc404cab171c2922cb8323f88ce45e0e816,4177289,0x7999b38db692115df89aabadaedacd34cc104db7,0x001866ae5b3de6caa5a51543fd9fb64f524f5478
19.99392246,0,0,20.159005428,0,0,0,0x608c8e80ed735e3a578695f70ed4bfa202e38969bd8166458769bbe7a21f302a,4177289,0x10999009d580d4dada447df343fbf7b90d991fae,0x001866ae5b3de6caa5a51543fd9fb64f524f5478
12.18263268,0,0,20.159005428,0,0,0,0x294fc4fdd76d9b6396f4d3fcc8c3327c50aae984d168e9b05de22c74d0837b65,4177289,0x32b39537110773c681724f5054a28e7c912f7058,0x001866ae5b3de6caa5a51543fd9fb64f524f5478
14.99392246,0,0,20.159005428,0,0,0,0x1a1b650d8a6ba79e763994ef970efa62b750705cdece0d3e4df2f1213f82ebd5,4177289,0x6ba93f65478825f15a7fb70064e1985aeb5e4ebc,0x001866ae5b3de6caa5a51543fd9fb64f524f5478
23.488559,0,0,21.0,0,0,0,0xf458ec16acd0d0f74900800ce1519e557365d9bf283bf3ea9fd6ede5c2172ec2,4177289,0x181d021c5ffc16d50cd6fb55a6e38b474e9c6f6e,0x001866ae5b3de6caa5a51543fd9fb64f524f5478
10.98392246,0,0,21.0,0,0,0,0xe647ae7a698d97be1fac1e8381377ce8359e459746a11cf57c976c348e1708a3,4177289,0x66123e5fe15339ef1ec7799c98da7bf4099441b4,0x001866ae5b3de6caa5a51543fd9fb64f524f5478
18.75126539,0,0,21.0,0,0,0,0xe43ab91ce42454b1ff7ab1d1ab5c3ecc8071f983e742cd9cda00fc35be49e5eb,4177289,0x1409b91faf99b2eafbbe15adb1aa36815fb88e31,0x001866ae5b3de6caa5a51543fd9fb64f524f5478
12.89885599133905,0,0,21.0,0,0,0,0xd99c57208f70de29cbf72cada981a6f10f9dd00a0d83e6aaf1f2eef20ebe7734,4177289,0x222703bcedc9e49636570f13c8a0d8e264addf91,0x001866ae5b3de6caa5a51543fd9fb64f524f5478
25.94292246,0,0,21.0,0,0,0,0xd44bdba2851a2d5f358a6eb9ad07cecd9a6f76888f52947a985b0879a98182f6,4177289,0x7aca950f2857391157e59d903fa353f6306f76ac,0x001866ae5b3de6caa5a51543fd9fb64f524f5478
14.95792246,0,1,21.0,0,1,0,0xcd6bc0bbef2cab61591ae9505fab560ff3f5296ebddc8e4242d4781090cb2e23,4177289,0x61cea60241fcc9f92b172a098dbdc03d7e9628a2,0x001866ae5b3de6caa5a51543fd9fb64f524f5478
14.99392246,0,0,21.0,0,0,0,0xc5774bd144da8dd24d94f62a50025017cc1e3f027f4c0627d866c5860340d97a,4177289,0x71d26f7ce18d69977299f6475da569e8041343b9,0x001866ae5b3de6caa5a51543fd9fb64f524f5478
16.56113546,0,0,21.0,0,0,0,0xab6fd0da60d185f8332dab2a2d7eba6b6d0d420733c273eca1e5571826f37adc,4177289,0x53a9d31c4fbac374d64b427c3762470c54c5821b,0x001866ae5b3de6caa5a51543fd9fb64f524f5478
15.617094516288548,0,0,21.0,0,0,0,0xa5ba27275918724b40fcf4baf38a7c35e9ad588f6edd97c3fb39252080fe80b5,4177289,0x4ac5299d495ca2707b96bc5c796f943ec56e3185,0x001866ae5b3de6caa5a51543fd9fb64f524f5478
11.99392246,0,0,21.0,0,0,0,0xa1120bc320b5511b0987842ece8ee8652acf45f3b3fd640003165862c9be4b2a,4177289,0x1a6b77d5c4199f8c32570a24a15dbdf5622c38c4,0x001866ae5b3de6caa5a51543fd9fb64f524f5478
13.24756053,0,0,21.0,0,0,0,0x9342564a08eeaf1ae5406b1ef67a7dd2aa8e87b444b31fa3967e169f7fb6e823,4177289,0x5cd16b93f323d55ab8bbe60eafc8aaeb99d901ee,0x001866ae5b3de6caa5a51543fd9fb64f524f5478
16.99392246,0,0,21.0,0,0,0,0x8a96d031259bca3990b77b87cebc001b944c58d03a213d23faf1ee9e1e55c9ed,4177289,0x72065bffe68e7a5f3b75f574f50fb66825f77ed0,0x001866ae5b3de6caa5a51543fd9fb64f524f5478
10.00177246,0,0,21.0,0,0,0,0x7b426a6b53618d230581bb767be5db57d15ba5ffb9783374bd4bc5d52a86cfd9,4177289,0x597f41604b673bc3dddb2df1c2a51a83aa05c8c9,0x001866ae5b3de6caa5a51543fd9fb64f524f5478
10.99392246,0,0,21.0,0,0,0,0x7905182d207b8a2496f4ebff6ecdf10f3e5fecd4b6fba82995ee983f1ac475c4,4177289,0x64bd1e17105f64110035e8463e4ad63e026d3ec5,0x001866ae5b3de6caa5a51543fd9fb64f524f5478
11.99392246,0,0,21.0,0,0,0,0x78e3a0dde5a3b1f2ffdf42da6cef289790e72297af307145d3c269f5509d33ae,4177289,0x62659ed5108f0cd934d74579d0261e580262be39,0x001866ae5b3de6caa5a51543fd9fb64f524f5478
10.99392246,0,0,21.0,0,0,0,0x71e85a0b7225c263e855c82058011370709d43933f9e14354379ede5574cbeb8,4177289,0x616c961aed10f8c11f156e1e5a126d76bf604927,0x001866ae5b3de6caa5a51543fd9fb64f524f5478
19.67685918,0,0,21.0,0,0,0,0x6fdf3687b73d6c751bf338f4ceaefe0254d2db804bc9a1fdfa6ae72a9116311f,4177289,0x4f692a1ddb00f0b499c737ffb16e005671808495,0x001866ae5b3de6caa5a51543fd9fb64f524f5478
14.99339746,0,0,21.0,0,0,0,0x6d970c048780075f2f678d493231d5ac1d10bc147ed2beb7c27cc4a4a7b80b49,4177289,0x2fd613cc164441d899e3713aed714dfa1b40d4f1,0x001866ae5b3de6caa5a51543fd9fb64f524f5478
41.99944174,0,0,21.0,0,0,0,0x68a16aef58013a526731f825aeb27160dd21caae73b3edc777e7213d321927e8,4177289,0x1e300d2864ed56e6f6c0a474bfc9dbf2982c976d,0x001866ae5b3de6caa5a51543fd9fb64f524f5478
19.98290738,0,0,21.0,0,0,0,0x5e120961c090bd67a115220cacb01b3a020497266e40da8e0d6893f05737fc67,4177289,0x0caf72819dabd6d1fb194aa12c95c916136a39a7,0x001866ae5b3de6caa5a51543fd9fb64f524f5478
29.999537999971924,0,0,21.0,0,0,0,0x57ea30ed0749b4d5f14d287243b36da07aa22caf52370b7e91a8da6874db7cd8,4177289,0x0f022066a5828a63a6999f6e135580e2c00973a2,0x001866ae5b3de6caa5a51543fd9fb64f524f5478
19.98392246,0,0,21.0,0,0,0,0x3505b12e1e27f01e6797806d5723be4aecd2c84e434c54ba37ec311cb4e4cf69,4177289,0x1f30adab6b4d759dc81604b277d699815442b1ca,0x001866ae5b3de6caa5a51543fd9fb64f524f5478
14.29392246,0,0,21.0,0,0,0,0x2ff861c7d114caa627e68eea545c499964341917c6ddc8b4ccc6de874067586e,4177289,0x5f64b925b90b0f674e6020f36cd97d138a9e465b,0x001866ae5b3de6caa5a51543fd9fb64f524f5478
26.18862476,0,0,21.0,0,0,0,0x2df36666302a464a72b506b39fa2030cdcc9cb8798e775cf2ff56c3482d83ac4,4177289,0x3045720a974a8d79c26314141d252ccb2b6cd9fb,0x001866ae5b3de6caa5a51543fd9fb64f524f5478
16.19392246,0,0,21.0,0,0,0,0x1fc24338788b527675bf6a6d4e11dca5e2fce6696c8443866ea69c56b9faed55,4177289,0x6d000f3b821f533037424ec49cad07e02c7ef408,0x001866ae5b3de6caa5a51543fd9fb64f524f5478
36.34854702,0,0,21.0,0,0,0,0x1821c6223618a18fda1202516e84a837ff28a1c43b23ce819fcff2e35957d38c,4177289,0x7194eac79f0ab0251d97e8a9e414992539d5bd35,0x001866ae5b3de6caa5a51543fd9fb64f524f5478
19.99392246,0,0,22.000001337,0,0,0,0xd06cbb533a199900f00e510232c7d72afde6ed672909ca386844562fdb21afc2,4177289,0x41ed3daaa350f1677db6e9f5d6425f806b82969b,0x001866ae5b3de6caa5a51543fd9fb64f524f5478
11.07202246,0,0,22.000001337,0,0,0,0xa5789d554eef55ce4051938d97c3f99a606617930ad1739719675a9e893a0643,4177289,0x65c828a1e2b471c9d951d116ea9fde07f97d415e,0x001866ae5b3de6caa5a51543fd9fb64f524f5478
24.99392246,0,0,22.000001337,0,0,0,0xa50553e3f565443b65d16dab81a2978d70e2468751f486d5707db387cbf367cb,4177289,0x7d16974f184a3df5ee4a6852594bbca5c7210c33,0x001866ae5b3de6caa5a51543fd9fb64f524f5478
10.12192246,0,0,22.000001337,0,0,0,0x9adfd31bb36d562a3013d47f511e8d2f60cc73a1072674f62729b49aa86999c4,4177289,0x2dfd5bca724759767714e3d176f13ab8c3c716bc,0x001866ae5b3de6caa5a51543fd9fb64f524f5478
11.09392246,0,0,22.000001337,0,0,0,0x8a4c1c0d604996c03f028c205f21de3681710bf47c6b75dc1df53cbfb7b97886,4177289,0x4af91309f901999adb8c8e8be6f240e9dab1a632,0x001866ae5b3de6caa5a51543fd9fb64f524f5478
13.24392246,0,0,22.000001337,0,0,0,0x7a016f58370c1a665f444fb2ff4240affce9c3ea018e402d7030553355034771,4177289,0x294aa76ed2c93ebfe97f783954bd5876a8fcd294,0x001866ae5b3de6caa5a51543fd9fb64f524f5478
17.199159,0,0,22.000001337,0,0,0,0x734cbf28774e40d62e5ed9f1744319f746ba6492995dbb1ca1b5f4f6d361b5de,4177289,0x5b53f8432d995c7c1b9fa6fa227d8c1cb527b35b,0x001866ae5b3de6caa5a51543fd9fb64f524f5478
35.06938529,0,0,22.000001337,0,0,0,0x683edabe5366909410ac0d69d87b9ef5ac6d01dc92678698750b1d85c96fe0e3,4177289,0x801fef471b3ddbcee45f9f51427eefde58d07029,0x001866ae5b3de6caa5a51543fd9fb64f524f5478
13.25222246,0,0,22.000001337,0,0,0,0x64b46ce56785fa2a84b648ecb8ae196ae05511bc261d88b54ca5a200ad3bac76,4177289,0x2658e8692f016765d9073bbc69e51cab5dabfac7,0x001866ae5b3de6caa5a51543fd9fb64f524f5478
14.98892246,0,0,22.000001337,0,0,0,0x5d3b217c0f171be21f2e4c4999dff13834b02a047f1f2011a42cc4eb6e591ba1,4177289,0x689d815e936cbb6f01dceb0d073d27aff8b85cdb,0x001866ae5b3de6caa5a51543fd9fb64f524f5478
10.14083109,0,0,22.000001337,0,0,0,0x00804a25e360bcf39d33cbe0f4ca49ee08789d857591826063436fd6701cf412,4177289,0x1b79eba8e23144f75725220a1b540973b22f5a0a,0x001866ae5b3de6caa5a51543fd9fb64f524f5478
10.96962246,0,0,22.127224645,0,0,0,0xfbf5d88620b0f690e15098227a9038188d0ade685a632238385da941bc875bad,4177289,0x5fd9a137f2a46f7362ed72062cd7b0e65b723cd8,0x001866ae5b3de6caa5a51543fd9fb64f524f5478
10.080895184,0,0,22.127224645,0,0,0,0xf4f435235b8bc8ab6c34f748c5c4b2a0faad637f3f23667e57c6373fb17aeb27,4177289,0x0e07e959783907e8fdd5790b466c5464499b4db1,0x001866ae5b3de6caa5a51543fd9fb64f524f5478
12.99392246,0,0,22.127224645,0,0,0,0xef1efe0bf1a9f3a51a0bdf457b7008f30e3b41b8b0b46ec1938838a1903eed74,4177289,0x05cae8723aea422819ab9591be357b20119dba8a,0x001866ae5b3de6caa5a51543fd9fb64f524f5478
10.86625763,0,0,22.127224645,0,0,0,0xee2eff8204165cfa7cb813aae71f929e713d36dd04adf784210d7d4b35dea0b2,4177289,0x7b894d0c536b974c93064c63d21946fa9502d660,0x001866ae5b3de6caa5a51543fd9fb64f524f5478
10.00792246,0,0,22.127224645,0,0,0,0xe766be4fd8f4343c6581151855919dba97a0f7b1546df0c7e57ae1acdb7b6fc0,4177289,0x4c13b3c0f816023923011d4b84821d6eab20b004,0x001866ae5b3de6caa5a51543fd9fb64f524f5478
12.17263642,0,0,22.127224645,0,0,0,0xe3ab1a1491e4b4fc9d7f8a4390f905ef222487ad0823d1323ee7d88304bebb7e,4177289,0x5cf4ff9ea03be6c529fb9a5096ff166500d697be,0x001866ae5b3de6caa5a51543fd9fb64f524f5478
16.20561301,0,0,22.127224645,0,0,0,0xe2b7b1d3ab90e22a5cccc0c50b00bc2825c2980e798bccaa9d07247d711a5c0c,4177289,0x484689e1cd1208bc03280be22762bda7a07dfb2a,0x001866ae5b3de6caa5a51543fd9fb64f524f5478
14.15356963,0,0,22.127224645,0,0,0,0xdf2b9acd23aa69e98c419a080c419400838c6cff4daa8e856682e29621aaa7e9,4177289,0x6ff798da45fb44ce5c155e0b5015124b6867b3b6,0x001866ae5b3de6caa5a51543fd9fb64f524f5478
10.00392246,0,0,22.127224645,0,0,0,0xdecd8d23a81cfe61a682c825034824341ef0be97d5385867339bd4cd19167f47,4177289,0x1f67915342ce6f7e25f3fc00a882d17cc641376e,0x001866ae5b3de6caa5a51543fd9fb64f524f5478
17.06647474,0,0,22.127224645,0,0,0,0xdde9c921559723ad436bbebfa26be3ec976aea04e497ead83ae2ec856be4e741,4177289,0x5d1d26ed90cdbf7d0e252d386e583de37cb51b0b,0x001866ae5b3de6caa5a51543fd9fb64f524f5478
15.7699344,0,0,22.127224645,0,0,0,0xd80c26894ebf11a95c079a2b28df6de630589f4b719b265d5c49fef7d1f70981,4177289,0x469260fe722e8406a39db9b561aa240e00cbb20d,0x001866ae5b3de6caa5a51543fd9fb64f524f5478
11.31406986,0,0,22.127224645,0,0,0,0xcf867f46b0cba869b44c91845e0405533996bd23ebbc76b6e790dae5ba8918ce,4177289,0x5d71b2a3b15c5019ece1b13f539e13239bc87566,0x001866ae5b3de6caa5a51543fd9fb64f524f5478
12.18088322,0,0,22.127224645,0,0,0,0xc91dcb201d78a8ada1197e4d92825ea111afc641676cf91ccd9ed7d89a4b81f8,4177289,0x159d73e179262b833758a88becd2b666cd05c134,0x001866ae5b3de6caa5a51543fd9fb64f524f5478
16.69392246,0,0,22.127224645,0,0,0,0xc86fa527874ff9bd1f1933a3058501813392801ecd8c0fd1a715cfa302c3e865,4177289,0x4130d1115f1cda374fcae3f514c61ec39cec75fe,0x001866ae5b3de6caa5a51543fd9fb64f524f5478
13.28104377,0,0,22.127224645,0,0,0,0xc179eb18732f78c3fbfdd1c17293256743c3befdf0203e90fa7456ee57f2b11b,4177289,0x302ef7cfce2d29206777c902a323197b555de6d9,0x001866ae5b3de6caa5a51543fd9fb64f524f5478
14.65291184,0,0,22.127224645,0,0,0,0xbf3146633200dcea0608997341a41bb6035d1009f914146cda2a139e653d2af9,4177289,0x0e757fb0909a9c53a5e586e937fa1ce84386c3e2,0x001866ae5b3de6caa5a51543fd9fb64f524f5478
12.99392246,0,0,22.127224645,0,0,0,0xbb990c6d59f3462a27a4be33d52a71ab3f83330cf7f8a1bc7a1ab4dee4416b8a,4177289,0x6d782919476cd5458f52d915c5f8047082d08ca7,0x001866ae5b3de6caa5a51543fd9fb64f524f5478
19.99349552,0,0,22.127224645,0,0,0,0xb7f7debf64ea6b4f348b7241f6b4cedaa014280e1c2a1c4c2288b19af71fe206,4177289,0x3358ee9a8f61d1daf60dfb6c035e486fcb6be5bc,0x001866ae5b3de6caa5a51543fd9fb64f524f5478
24.70150547,0,0,22.127224645,0,0,0,0xb694f0624612689d457d0e29c084754648df767a594bcfd00e3f55e24c979896,4177289,0x4b9c31f587b7456436db120b586db3c3b2b5cefc,0x001866ae5b3de6caa5a51543fd9fb64f524f5478
10.19392246,0,0,22.127224645,0,0,0,0xab160491f1facfbc1bc3443b8daac4cd7a001aba8bed2ecf79c8be16e517f7ce,4177289,0x06e6785f32c67016c5eea5e8612c548af7df0346,0x001866ae5b3de6caa5a51543fd9fb64f524f5478
15.29647131,0,0,22.127224645,0,0,0,0xaac2bbc6372db62fc732ad4cc648ff179bfb02959edcebd97c087ff8068f6495,4177289,0x218d1693255a4c1e1ac13f3feb5f7e79e344283d,0x001866ae5b3de6caa5a51543fd9fb64f524f5478
11.98892246,0,0,22.127224645,0,0,0,0xa8f862b6fcec269f3cd76fb6978db36267040850f12edf5bc57a22296d53c32a,4177289,0x77ff7d46ce0499d4e03936d60bb9aeb7d87ceb1b,0x001866ae5b3de6caa5a51543fd9fb64f524f5478
16.22250465,0,0,22.127224645,0,0,0,0xa5e4844974afe2094f9eabb8c39205fa7657ea40c8027bdcaca42e38e83d78b6,4177289,0x5340622b3f837b1df519d0a4c9840a55a31851d3,0x001866ae5b3de6caa5a51543fd9fb64f524f5478
11.31692246,0,0,22.127224645,0,0,0,0x9aa866793e650debb6f7c073b882f550f7889baee29fa191f0ee73512a54f399,4177289,0x22e418783796d1cb242914067d35f476229d6a23,0x001866ae5b3de6caa5a51543fd9fb64f524f5478
17.00627146,0,0,22.127224645,0,0,0,0x905a761d1faeb288ed84b8a5e4e51054478fc60862877387987193112d7ca600,4177289,0x248d9d3a1338998bac9a92a6c61445c2a70cb88c,0x001866ae5b3de6caa5a51543fd9fb64f524f5478
12.98092246,0,0,22.127224645,0,0,0,0x89414464dac48ac67a67a18d85c0b0f2d7ccee688f899328e7825770e80d4060,4177289,0x48cd23b803bdd29c3a40bbb6137e0abad55dea7a,0x001866ae5b3de6caa5a51543fd9fb64f524f5478
69.21408318,0,0,22.127224645,0,0,0,0x7e29ad19844101f753383805e9aea597d07f0e667fbacf5f67407963d67298ba,4177289,0x10270ab0039e27c75c5654537d23faabe90df5ab,0x001866ae5b3de6caa5a51543fd9fb64f524f5478
10.38892246,0,0,22.127224645,0,0,0,0x7a7919a55d3d0dffa5f70db5ccd602a2b061b3eca6b82e8738f0066e3eb2ba70,4177289,0x3a09d68ffa932a664d79bbdd1f3721f72f137853,0x001866ae5b3de6caa5a51543fd9fb64f524f5478
14.12300766,0,0,22.127224645,0,0,0,0x79442fc3bcfde0ecec6b76a4c6dd58259508c61a5c076666e9f5366842a79e72,4177289,0x25a7ccf3369b6ef4b2be0c847f89bf659b69345b,0x001866ae5b3de6caa5a51543fd9fb64f524f5478
14.49392246,0,0,22.127224645,0,0,0,0x7907973afb8a14686ced5fcc712d818d50d442a98e56e811462a162111069d74,4177289,0x2d60adda30248ee02baeec9ac84b6290adfc52e5,0x001866ae5b3de6caa5a51543fd9fb64f524f5478
19.98892246,0,0,22.127224645,0,0,0,0x77979b2061051e57706da6e416ed76c916a5ac7a619604c49c068077f5206f38,4177289,0x087dc14d8ffa75c173cc076f90856ee6ae2a7faa,0x001866ae5b3de6caa5a51543fd9fb64f524f5478
13.25124928,0,0,22.127224645,0,0,0,0x7769f948f34dd18ea893e1a93971b65aa49873833090d908860c5f912afad96a,4177289,0x0f1398e51eeb3399f27227892980599a6f5b1eae,0x001866ae5b3de6caa5a51543fd9fb64f524f5478
10.07192246,0,0,22.127224645,0,0,0,0x69550121e836b314deb54eba2ec8aa55a6343a9b4ac82adbf371efb2b6581b62,4177289,0x1c8aa41d05abc67398f77ea4eec9e0272dbdc796,0x001866ae5b3de6caa5a51543fd9fb64f524f5478
10.19392246,0,0,22.127224645,0,0,0,0x6350019e105097f40d8845fb2df9188895534028ccbc8cef1e9f11d88d59cd89,4177289,0x25ed6639c177409e1d84ad7e99ae596f72daea78,0x001866ae5b3de6caa5a51543fd9fb64f524f5478
18.18392246,0,0,22.127224645,0,0,0,0x612c21d516f8da565e62be72b9d3c5886f2c3f05e76f9dcb459a7577582fa122,4177289,0x1bd346151668a152dacf6e1b173beb21f00e954c,0x001866ae5b3de6caa5a51543fd9fb64f524f5478
12.12437285133905,0,0,22.127224645,0,0,0,0x5e962775ee27e5e436adde417d2cca89d2d06f632068aafa5e96641d5c1be2e9,4177289,0x0b963150863d0fb0cde9902de70efb6e43545165,0x001866ae5b3de6caa5a51543fd9fb64f524f5478
19.31596106,0,0,22.127224645,0,0,0,0x4e69537b8a646924dba06603e4d0bf846915c42750cd3311991b3320e794d560,4177289,0x2cec320e8e038490684ebdc0694b48e2a0d1694b,0x001866ae5b3de6caa5a51543fd9fb64f524f5478
13.37692246,0,0,22.127224645,0,0,0,0x4d1f7dea31e667fadfe0dd2dc53c4f907d8388b620777fb2c233d161f9759dff,4177289,0x62271f290eee20e99586e8f8c646bf30111aefe5,0x001866ae5b3de6caa5a51543fd9fb64f524f5478
16.72724465,0,0,22.127224645,0,0,0,0x4b83e8462d10340b6400837be56ae072e34f05fbf09014476e7bec34549d40f8,4177289,0x64c497549563805af77d276aa68ce16d43494190,0x001866ae5b3de6caa5a51543fd9fb64f524f5478
19.973537999971924,0,0,22.127224645,0,0,0,0x4ac7faf9db8654699ccee476d60c251601774532e132144616f8a6bbf97cdf99,4177289,0x62b028c77ba39f50397776c9e5c9d9f843f809cd,0x001866ae5b3de6caa5a51543fd9fb64f524f5478
10.47596411,0,0,22.127224645,0,0,0,0x49a930d218e127a72f266edb221d8c355fa790ed41d2b91af9dff0af3f13b12e,4177289,0x2f9aa2d81efafea5699ae1213f5dd41c3a4034dc,0x001866ae5b3de6caa5a51543fd9fb64f524f5478
13.98392246,0,0,22.127224645,0,0,0,0x46aebf529fdd0e14b2d2e6aa56815d0635f319f4e9cef67eaa9f572477ae1790,4177289,0x24a14d8ce833ac47fbe50c1eb2b469a9119b9cd1,0x001866ae5b3de6caa5a51543fd9fb64f524f5478
14.95892246,0,0,22.127224645,0,0,0,0x42f58374438bda11037932337ad55bc2eae838a44b83dc9ead0b860d461b995f,4177289,0x3e74200843b242c82033f5ba0d0ded50f470826a,0x001866ae5b3de6caa5a51543fd9fb64f524f5478
17.98414235,0,0,22.127224645,0,0,0,0x423489a515862585a5d26a9eeafd2ed7cf073b8272b437d5a8a3e58cb2a90d81,4177289,0x0f13af57a51b4a36e50f5684b0f2e2378183de8c,0x001866ae5b3de6caa5a51543fd9fb64f524f5478
13.99392246,0,0,22.127224645,0,0,0,0x3d8730a3037d31fbe6969f96447275d9974e14c445f8b9ccf19d03780021c038,4177289,0x2ff2d8daa8660f9db1cef9b865103034ac0eb241,0x001866ae5b3de6caa5a51543fd9fb64f524f5478
12.379537999971925,0,0,22.127224645,0,0,0,0x3d0378e7b9c960a3296c29f9c5e5114ba9c92cf1b6db97888e2e2e812d2e91e2,4177289,0x21aa37acc3198831227f4b23edd6416a37d3428b,0x001866ae5b3de6caa5a51543fd9fb64f524f5478
11.1978958,0,0,22.127224645,0,0,0,0x3a26d042f56d9294704864248037e2bab08d8c66b0e6cf37277422dd11c2048c,4177289,0x2974145cc88b38a8059ee6f7086f844d859fe0cc,0x001866ae5b3de6caa5a51543fd9fb64f524f5478
19.99348413,0,0,22.127224645,0,0,0,0x36df9886c743327e44a1ffc1ebfc07131da1293a20a30a800f77a09703086ad8,4177289,0x1d73a2d1b16970c3611be57752ab9f873323c2e1,0x001866ae5b3de6caa5a51543fd9fb64f524f5478
14.98392246,0,0,22.127224645,0,0,0,0x34c21359d8e07e3419fe8ed6d5275ad773aa8051f4396c68dc1f368d3bcad0f2,4177289,0x4c902cfaa9033e2338a3b2805a3f427cce375090,0x001866ae5b3de6caa5a51543fd9fb64f524f5478
13.04292246,0,0,22.127224645,0,0,0,0x34166d9ffdd6c74f9b133c8daa23928d765b0054e2a8be4723a00ea5afa8acce,4177289,0x36e98ba1024bb8a67379d5cad915f9306772978f,0x001866ae5b3de6caa5a51543fd9fb64f524f5478
14.98348146,0,0,22.127224645,0,0,0,0x306bc2f7a367347487a2738b4995fb832631fe652616707a46a3fe507077813b,4177289,0x2abad74ce6e7afe1db8140728fa87c9f8df50679,0x001866ae5b3de6caa5a51543fd9fb64f524f5478
13.32544186,0,0,22.127224645,0,0,0,0x2e53c805c32bbe868b09c793c4c8362f684c60af9149a310fe66d8e62fd3e311,4177289,0x3f5b865113ec6b9987a74ae6f89db091e39fc582,0x001866ae5b3de6caa5a51543fd9fb64f524f5478
24.99392246,0,0,22.127224645,0,0,0,0x2e0beb3a7006d0691c24fe6481aa60f5eea827b8496f6a7bff3d24f24d387f2d,4177289,0x7dc9e32587cc5c4709134d8150edad46b68cf240,0x001866ae5b3de6caa5a51543fd9fb64f524f5478
16.99392246,0,0,22.127224645,0,0,0,0x1a834c015c9d8be8171e1a59dedb849dcb2967c82c753e5191d2247e917ced91,4177289,0x2cfc48f4afe9af55192fb19433595a5a148236db,0x001866ae5b3de6caa5a51543fd9fb64f524f5478
10.37377037,0,0,22.127224645,0,0,0,0x1761292995b1f5283f43b685ce2a7120aa21a2006bf40f7f21f93f248b1391de,4177289,0x2c496e55df56170459322837eac046bd8e4221be,0x001866ae5b3de6caa5a51543fd9fb64f524f5478
16.99392246,0,0,22.127224645,0,0,0,0x172e3bbac8a83d10bd54f585761bb19585d7b25986edbc3e79830d1f54a04bbc,4177289,0x27deaf46f7d37e5d1f497d86580594bb472ae2f7,0x001866ae5b3de6caa5a51543fd9fb64f524f5478
19.28772246,0,2,22.127224645,0,1,0,0x12e5fca8c0383d6a80ca1b2f3ded7e8c9385c9d20d7815afc0e9a3f2de017cab,4177289,0x0d4f3fffdf6314b8d5e390c63a56e32a657f581c,0x001866ae5b3de6caa5a51543fd9fb64f524f5478
16.66250899,0,0,22.127224645,0,0,0,0x125b11a5324c354366e061a6b4de78fb5b67b47f3fed2682609e132bea00630e,4177289,0x696ef406c25caaa5e2a7154e7a7bd5974bcbd418,0x001866ae5b3de6caa5a51543fd9fb64f524f5478
13.09392246,0,0,22.127224645,0,0,0,0x0ff39c421998f09528aac9306394a6d0335e7d0e480c4b68bdc62bb181cd4643,4177289,0x10a2f3e8aa1c2b74fd1920c7d113ddc32fd220ba,0x001866ae5b3de6caa5a51543fd9fb64f524f5478
11.28392246,0,0,22.127224645,0,0,0,0x0d9b28f7bbbd6b70c11ea9a606183b28054e3aebaa91a682f14271912dcae1be,4177289,0x15dc9a91903c9607682acbbe92e8ff2b9baf3747,0x001866ae5b3de6caa5a51543fd9fb64f524f5478
19.99392246,0,0,22.127224645,0,0,0,0x0c65f9570c7e10dc1e45f2fc5b14caa8f840ed577f5cb5216d13a605aca4334c,4177289,0x2baa9f4378b06060e042aa7ed2daa5453178a6f8,0x001866ae5b3de6caa5a51543fd9fb64f524f5478
18.79392246,0,0,22.127224645,0,0,0,0x03b4d7b1311f54ea643cc3aef9e6616c24bfccbd2b9163a6557b6a4b2a04f797,4177289,0x2772f574a4f38f56833d98878634a6ed965eedd3,0x001866ae5b3de6caa5a51543fd9fb64f524f5478
17.47653992710869,0,0,22.219725733,0,0,0,0x92d3bb2b425989a42c1914529fdc0bb648e03d7bb40c6bb389ccb7cb1e8f7240,4177289,0x5ee914656163e9ed5665ad4ec4ab1f02a8bd3f9b,0x001866ae5b3de6caa5a51543fd9fb64f524f5478
74.99392246,0,0,50.0,0,0,0,0xff105d01132c9e1981c1c7d01c1decc452c3d4e9837f1c8d89598ce9f519a640,4177289,0x7c1c0b3c5eb4813154b96c60de86f19f493776b2,0x001866ae5b3de6caa5a51543fd9fb64f524f5478
26.16161896997192,0,0,50.0,0,0,0,0xa091637586784db1eae35e927ffe8093adbc3d8adb7e1d67c7f1cee45dd9edbd,4177289,0x64c1f5f3891e73755ad65c59c854539b4824c034,0x001866ae5b3de6caa5a51543fd9fb64f524f5478
13.84450972,0,0,50.0,0,0,0,0x9a91ff052628b06e977bd9a8a7a87ca93a7658e284e35cc48b532264ae1b7e9d,4177289,0x5cf765dad94a03cb8bd0e86d34dca2ed02b0935c,0x001866ae5b3de6caa5a51543fd9fb64f524f5478
20.46315754,0,0,50.0,0,0,0,0x3e988ac7fae0ff35332c2de5f25205d759d498cd6636edee775496fb8ce2e437,4177289,0x352b60880e39be60dc705ff878c0b1b4b59216e4,0x001866ae5b3de6caa5a51543fd9fb64f524f5478
12.29377466,0,0,50.0,0,0,0,0x162e6a0d50e0e9acac2eab8ad8eaa42040ad6de25af84f358b1d1c7fbbab272d,4177289,0x6f080ad14c445f38e2120da420205209f23536ad,0x001866ae5b3de6caa5a51543fd9fb64f524f5478
14.99392246,0,1,50.0,0,1,0,0x0d68714f81804fc82bd5709125bdc5d130507840c7bf05ce8dad68be82dcb51a,4177289,0x6a7016a9c9de1f2a5062c19d88be339c53064026,0x001866ae5b3de6caa5a51543fd9fb64f524f5478
10.03944844,0,0,50.0,0,0,0,0x0966918b59522232b25a81bf94a89f9d6aca7ec7bd9985fc00fd473a076107d5,4177289,0x522d3db030d6bf29be3bacc0514f68bccda08bbe,0x001866ae5b3de6caa5a51543fd9fb64f524f5478
11.94562475,0,0,50.0,0,0,0,0x50aceaa197bc9e54508d401b35be383059eaf180255883ea4f8a3fca7eb02275,4177288,0x2b310d839ccc4fb5aac227a245ccd62a003ef9fd,0x001866ae5b3de6caa5a51543fd9fb64f524f5478
18.69392246,0,0,50.0,0,0,0,0x025c8e48d01f463e829e9552f83359b618d7f3320dc159e1b9e640eddccc91b0,4177288,0x46ff35e64de876830c9283353649269f5ffa2608,0x001866ae5b3de6caa5a51543fd9fb64f524f5478
15.51560792,0,0,50.0,0,0,0,0xcf3978fe3732cb1902e871ef3d948cb99b297fa9c6f1cf50fa58f63fbae5b3da,4177288,0x088ca1d2f5563cb26f1365bddad6ae8ac1064d6b,0x001866ae5b3de6caa5a51543fd9fb64f524f5478
10.57249246,0,0,50.0,0,0,0,0x7b2aa1d3da9754fd7baef8dfac5eeccae2a35ce41803b9c40cb1dc994f6aee91,4177288,0x0cf7fc4935f0b66bbf92b04660153e8fc13e93ff,0x001866ae5b3de6caa5a51543fd9fb64f524f5478
14.99392246,0,0,50.0,0,0,0,0x43566cf736dce9322ca76b9ff51b13956681ef5611f2663b4180572a3514f64e,4177288,0x526b4ccaf54bc36fe49de0b7390ddfa7682ed218,0x001866ae5b3de6caa5a51543fd9fb64f524f5478
12.98692246,0,0,50.0,0,0,0,0xe24ba2183d7dfe9af03b8b74be97932a326768d6d8202fa7558f8d957ee44913,4177288,0x5154e1865ce432dc68347f998e7bf351dc2f3574,0x001866ae5b3de6caa5a51543fd9fb64f524f5478
19.456533,0,0,50.0,0,0,0,0x3cd34256d2ed9e80ebe19daa8099c0abcedc27fe4b01820f9440e84270022fbf,4177288,0x2b9e361eb13f8e5ed85998ab1ed991e12d3ebba7,0x001866ae5b3de6caa5a51543fd9fb64f524f5478
16.28892246,0,0,100.1,0,0,0,0xb614bbe0b8282c97c3b248632de957cafde6882a28affd51617d2a7fe9f98079,4177288,0x124aa98101ef6ac3afd2d6b02282419c87d32c0e,0x001866ae5b3de6caa5a51543fd9fb64f524f5478
11.01578356,0,0,100.1,0,0,0,0xa86423deb6613dcdad807761e350414777fd4d8365c3907e3389031ff84ca0e6,4177288,0x043e91754ac5d88b74d13323abb4492e27375985,0x001866ae5b3de6caa5a51543fd9fb64f524f5478
11.82242716,0,0,100.1,0,0,0,0x25b1a295f21e479edce791d60bf95369726f6498d5535dbd58c69c4016027c08,4177288,0x71b0ef8c81eea8a6e63fb66a6aa440c3d5c8d24f,0x001866ae5b3de6caa5a51543fd9fb64f524f5478
16.75448728,0,0,100.1,0,0,0,0x303ee17b8ec8ef186e754c313b47d9f9bc63138471007b8d72ddaf28a6faa2ea,4177288,0x0f53a7a522528cb5a5fb47783f419f7c3c6a2737,0x001866ae5b3de6caa5a51543fd9fb64f524f5478
17.945724839971923,0,0,100.1,0,0,0,0x999b384f3f78682f226833ca947d70b4d5801b40fcbc601a770b206772124660,4177288,0x396fa0733b30d0af6714597981dfc7e2e367ae61,0x001866ae5b3de6caa5a51543fd9fb64f524f5478
13.38533722,0,0,100.1,0,0,0,0xf63bab5502a04551704ba52168f5bcec9177f979140da792b1dc1b2aebe76819,4177288,0x23aea26c544520efa9f4e20faeb8e2dc24a7861a,0x001866ae5b3de6caa5a51543fd9fb64f524f5478
15.12692246,0,0,100.1,0,0,0,0xa7f14233fb7181f40e2e177346904f2b5db92db05bfacdffeece3556a7de513c,4177288,0x35a2a645194220683adf607542d148fce53746ac,0x001866ae5b3de6caa5a51543fd9fb64f524f5478
16.14742246,0,0,100.1,0,0,0,0xcde9385ddc75d7ce7f1a137ec0934a6130cb7d23638cdc9442054877e074db45,4177288,0x627016194264d6ac8e553e8b0181f50063f8908b,0x001866ae5b3de6caa5a51543fd9fb64f524f5478
14.99392246,0,0,100.1,0,0,0,0xc4f68ff0ee98e93ed2366acaf30b77b53af8fc52164ddc23b4127a95509424ce,4177288,0x3df6cb4cef2fe520d180cfbbc3768eedc21113da,0x001866ae5b3de6caa5a51543fd9fb64f524f5478
10.46259946,0,0,100.1,0,0,0,0xe20a0394c839c7414a74163658f4f62be5521ab3fce8835075973576b9f556d8,4177288,0x5419a8d00150d3ca218f12b600d40ef00557c0e3,0x001866ae5b3de6caa5a51543fd9fb64f524f5478
13.59392246,0,0,100.1,0,0,0,0x3f060b4cf9afa2d0cebdac95885e3b0bd1fd3198f320130cafb50c97c4e5eb58,4177288,0x1281561fccbe4358320e59b8d7fa2b06feeae3b9,0x001866ae5b3de6caa5a51543fd9fb64f524f5478
16.76392246,0,0,100.1,0,0,0,0x3070c0850daa08ba18dd71ea12addf157526113c420db5b0388c419fb0cb6592,4177288,0x0d236bc2205d250704f6059b7fec428f316ff370,0x001866ae5b3de6caa5a51543fd9fb64f524f5478
11.83364929,0,0,100.1,0,0,0,0xa9a098a8056d1cc7418dca6c606c0af1a6e994e83fce7863b74fc8f625c75ce8,4177288,0x6322ef4edec58808a7ae0e6c629e22c122425f10,0x001866ae5b3de6caa5a51543fd9fb64f524f5478
11.99392246,0,0,100.1,0,0,0,0x90486885f9fe646ff90df18af58ad370f91e77b6d1b0fa57b6f42c10189eb1b2,4177288,0x5afab22126eb42bf5f0c64178e7ffb13897f682e,0x001866ae5b3de6caa5a51543fd9fb64f524f5478
12.27682246,0,0,100.1,0,0,0,0xa095ef820dc42dffbc0b618611002e1ba4f28783c67e3a1401c287e91b63ccd4,4177288,0x1a1d6e1b18b85808f2bdb718d3549a1b59a8a6c2,0x001866ae5b3de6caa5a51543fd9fb64f524f5478
14.6903595,0,0,20.0,0,0,0,0x0f3cb7c0e2fc1905d792c9c625a7053db55102299288211106bcb585b8135c3c,4177286,0x15d219a59f19138340993b32323b4c38cc609d42,0x001866ae5b3de6caa5a51543fd9fb64f524f5478
10.00678063,0,0,22.127224645,0,0,0,0xc65abb75003832739dce1750232daf09bd145e471f9b2476d86f9b42a46e3823,4177286,0x1cd456ed020a71f69fa56be6bcec98dabe09e0e7,0x001866ae5b3de6caa5a51543fd9fb64f524f5478
14.50065566715346,0,0,22.127224645,0,0,0,0xafb531bdf67ae2a1e98533e6a8aecf6dc7c2e411e657229d3db361691f665cf1,4177286,0x2e87a491d48fea09382ef59d97d23f2a4c5ba9da,0x001866ae5b3de6caa5a51543fd9fb64f524f5478
0.005,0,1,21.0,0,1,0,0x57fea019ccbcfb2c4f679af727413ed0832d2b48c09e695ee4acedf1f8feb43a,4176629,0x001866ae5b3de6caa5a51543fd9fb64f524f5478,0x0b95993a39a363d99280ac950f5e4536ab5c5566
0.005,0,2,21.0,0,1,0,0x3184ab0cb9d006f896d412c22a43d74aab79e6eb3faf149e4f6723880b2e7134,4176629,0x001866ae5b3de6caa5a51543fd9fb64f524f5478,0x0b95993a39a363d99280ac950f5e4536ab5c5566
0.005,0,3,21.0,0,1,0,0x100a0a1cfd486c990a8670d63d662a6a6a2485358b7ef748683e268a679837a7,4176624,0x001866ae5b3de6caa5a51543fd9fb64f524f5478,0x0b95993a39a363d99280ac950f5e4536ab5c5566
0.005,0,4,21.0,0,1,0,0xee52b3d8a6f3db1a802538e5b48d2392f1334f5c98e6bb6e80a2d69affef9641,4176623,0x001866ae5b3de6caa5a51543fd9fb64f524f5478,0x0b95993a39a363d99280ac950f5e4536ab5c5566
0.005,0,5,21.0,0,1,0,0xf455a7c303e255ff17e0cb795324e165ae9e2a6d858ba3fab9ce978ad9ec126e,4176621,0x001866ae5b3de6caa5a51543fd9fb64f524f5478,0x0b95993a39a363d99280ac950f5e4536ab5c5566
0.005,0,6,21.0,0,1,0,0x0eb08af33a32624ca74ce41e7c70e83c9fbf6a9dfbead0d731a06b67170f2719,4176619,0x001866ae5b3de6caa5a51543fd9fb64f524f5478,0x0b95993a39a363d99280ac950f5e4536ab5c5566
0.005,0,7,21.0,0,1,0,0x5e2c896f59ec71eed816c2c43a5683b63e23fbe3981095dc9e058bc31d8387b9,4176618,0x001866ae5b3de6caa5a51543fd9fb64f524f5478,0x0b95993a39a363d99280ac950f5e4536ab5c5566
0.005,0,8,21.0,0,1,0,0xd5e621f245b3a70208a4eb791bf2aa00de054f2bf7614850e79954d6ba443397,4176616,0x001866ae5b3de6caa5a51543fd9fb64f524f5478,0x0b95993a39a363d99280ac950f5e4536ab5c5566
0.005,0,9,21.0,0,1,0,0x4f1e8efdb132463c87af9dbcbe8a6d3e41e2e7c0e124098a2b7a4f4ba8b76041,4176613,0x001866ae5b3de6caa5a51543fd9fb64f524f5478,0x0b95993a39a363d99280ac950f5e4536ab5c5566
0.005,0,10,21.0,0,1,0,0xf36290da0ff1253da8c5813ae7c9d5061afae91bdf3fbb84fbbe1207d2ee1c24,4176610,0x001866ae5b3de6caa5a51543fd9fb64f524f5478,0x0b95993a39a363d99280ac950f5e4536ab5c5566
0.005,0,11,21.0,0,1,0,0xebd35527e3a19d67ca123d5fa37543502d119202f8606b662c353cd41421d20b,4176608,0x001866ae5b3de6caa5a51543fd9fb64f524f5478,0x0b95993a39a363d99280ac950f5e4536ab5c5566
0.005,0,12,22.000001337,0,1,0,0xca35aa4ad481525df48343e88ac5b9f6147685228bc3ee0aa2f029f293f8b786,4176592,0x001866ae5b3de6caa5a51543fd9fb64f524f5478,0x0b95993a39a363d99280ac950f5e4536ab5c5566
0.005,0,13,30.0,0,1,0,0x55928eae429b883d2adefba3d21dbec5f2607458712d39daf454a5ec48278ef4,4176589,0x001866ae5b3de6caa5a51543fd9fb64f524f5478,0x0b95993a39a363d99280ac950f5e4536ab5c5566
0.005,0,14,30.0,0,1,0,0x8f8c9e5549bd49555c1420d497337858d94bcd47418ab2820de88bbb36a8a7f2,4176587,0x001866ae5b3de6caa5a51543fd9fb64f524f5478,0x0b95993a39a363d99280ac950f5e4536ab5c5566
0.005,0,15,30.0,0,1,0,0xb3bfa6c100a7beffb323897798faaa6067f2778c870d4f9cb5c9fc5e33c598f8,4176587,0x001866ae5b3de6caa5a51543fd9fb64f524f5478,0x0b95993a39a363d99280ac950f5e4536ab5c5566
0.005,0,16,30.0,0,1,0,0x3915a69750d2de442bf7ee4f8b5f58163aa55610d567eb3cf7b7b05ae4a6a416,4176586,0x001866ae5b3de6caa5a51543fd9fb64f524f5478,0x0b95993a39a363d99280ac950f5e4536ab5c5566
0.005,0,17,39.0,0,1,0,0x9df15ba8cb73789c94a537829b04678f464bb7098d56867693f0c442cfe8bc8b,4176580,0x001866ae5b3de6caa5a51543fd9fb64f524f5478,0x0b95993a39a363d99280ac950f5e4536ab5c5566
0.005,0,18,39.0,0,1,0,0xc91aeb9e7e1384562fb947e4fc4c5c8c5e99f39c05db383bef430ce7418f9093,4176580,0x001866ae5b3de6caa5a51543fd9fb64f524f5478,0x0b95993a39a363d99280ac950f5e4536ab5c5566
0.15,1,0,39.0,0,0,0,0x2eb5a5860f9f8e4eeaa11ad20cd03caa4b14e7222143c5e74f81b5f7241af27b,4173432,0x001866ae5b3de6caa5a51543fd9fb64f524f5478,0xaf0a7aebb02660ebec713e0a596f11554f2b80e4
0.15,1,0,23.7564799,0,0,0,0x991631d11d572ad2800b7e0f28938919fcbfa453d8d054d6fb0b950aadc178e8,4172838,0x001866ae5b3de6caa5a51543fd9fb64f524f5478,0x8a7ab45157117b4aee8945a686bf6d29b181330d
0.15,0,1,23.7564799,0,1,0,0xc190d014976c86faa78386a9458b032f60764186c19d570c7da802b12ae4087d,4172833,0x001866ae5b3de6caa5a51543fd9fb64f524f5478,0xaf0a7aebb02660ebec713e0a596f11554f2b80e4
0.005,0,19,21.596799909,0,1,0,0x084098400b25bcf0ffbc0d5d31294fe90c486dd86eaaafba97b81caab4008c55,4172547,0x001866ae5b3de6caa5a51543fd9fb64f524f5478,0x0b95993a39a363d99280ac950f5e4536ab5c5566
0.005,0,20,21.596799909,0,1,0,0x8866d6f6ccba0250d31e2022148511feb3e82d90056b00dabdeb87837ce2aea1,4172546,0x001866ae5b3de6caa5a51543fd9fb64f524f5478,0x0b95993a39a363d99280ac950f5e4536ab5c5566
0.005,0,21,21.596799909,0,1,0,0xb14b43291bbb7de094e69c3167aa1e5f42edd40b9218aba086501f1cb6103c03,4172545,0x001866ae5b3de6caa5a51543fd9fb64f524f5478,0x0b95993a39a363d99280ac950f5e4536ab5c5566
0.005,0,22,21.596799909,0,1,0,0xc0f19967b9d882ec88a84677033574cdc1c8706d6556221f1a0c5d7b62a56b3c,4172545,0x001866ae5b3de6caa5a51543fd9fb64f524f5478,0x0b95993a39a363d99280ac950f5e4536ab5c5566
0.005,0,23,21.596799909,0,1,0,0xcf3202480ec0bac2301ef1426ce26ada3f0fde39f5c61a7f01f3f0b0fc55b19e,4172545,0x001866ae5b3de6caa5a51543fd9fb64f524f5478,0x0b95993a39a363d99280ac950f5e4536ab5c5566
0.005,0,24,21.596799909,0,1,0,0x304bfd008bed47f4151d12b5ea6fcb248ba5ac05f3b005848b19b3c3f3a2e41f,4172544,0x001866ae5b3de6caa5a51543fd9fb64f524f5478,0x0b95993a39a363d99280ac950f5e4536ab5c5566
0.005,0,25,21.596799909,0,1,0,0x0fdc6ae63551b3503ae80a9f05eb1fb8d05d128fff4c4d6a11cad7dd5e958f11,4172540,0x001866ae5b3de6caa5a51543fd9fb64f524f5478,0x0b95993a39a363d99280ac950f5e4536ab5c5566
0.005,0,26,21.596799909,0,1,0,0x6ed14bd38d28f304c0fab15359214153a81cdcae8af16665175ca5244b511861,4172539,0x001866ae5b3de6caa5a51543fd9fb64f524f5478,0x0b95993a39a363d99280ac950f5e4536ab5c5566
0.005,0,27,21.596799909,0,1,0,0x744a9d9ec9833264738746db36c5aaba753312e89ef5095e8cde5fddb00d748f,4172538,0x001866ae5b3de6caa5a51543fd9fb64f524f5478,0x0b95993a39a363d99280ac950f5e4536ab5c5566
0.005,0,28,21.596799909,0,1,0,0x4c6559b376f8239b18a308c227cd65e7738d6d2daa73d02e0e851baaf0d4d194,4172536,0x001866ae5b3de6caa5a51543fd9fb64f524f5478,0x0b95993a39a363d99280ac950f5e4536ab5c5566
0.005,0,29,21.596799909,0,1,0,0x2c164d59eaaa05644c8ab0ba3fd26a9b82a81567bb8fc52acdc9d1edd46acd51,4172536,0x001866ae5b3de6caa5a51543fd9fb64f524f5478,0x0b95993a39a363d99280ac950f5e4536ab5c5566
0.005,0,30,21.596799909,0,1,0,0xdd3273a066bc5084776d646a9a8d3dab359446b96fc2c7f3ee700ad5db6e29bc,4172535,0x001866ae5b3de6caa5a51543fd9fb64f524f5478,0x0b95993a39a363d99280ac950f5e4536ab5c5566
0.698041,1,0,21.505775894,0,0,0,0x7f5e0e3f0d63eca5decc17070badb5f08869fc06471a0cc673f69feb248903ac,4172216,0x001866ae5b3de6caa5a51543fd9fb64f524f5478,0x0c90fcd229770c10c8f98c96b18ab8d6ed3bbad6
0.005,0,31,30.5,0,1,0,0x82d5af97a650c1c13239e739d29f9ec7b22008fcda3ad34f7e91498f977d7b74,4171689,0x001866ae5b3de6caa5a51543fd9fb64f524f5478,0x0b95993a39a363d99280ac950f5e4536ab5c5566
0.005,0,32,30.5,0,1,0,0x905a9f9e49a484e56e09c60d3ba05b7aa745fc0d7d3d8e832e7d9894bb05aba2,4171686,0x001866ae5b3de6caa5a51543fd9fb64f524f5478,0x0b95993a39a363d99280ac950f5e4536ab5c5566
0.005,0,33,30.5,0,1,0,0xbff85400fce11b61195c774df41a67b681b2375a32c77013e04c557ea220576c,4171686,0x001866ae5b3de6caa5a51543fd9fb64f524f5478,0x0b95993a39a363d99280ac950f5e4536ab5c5566
0.005,0,34,30.5,0,1,0,0x337f44eb17a1e48ed47af6cb575695969531e9a6e49e82b75b758bee68bf03ba,4171684,0x001866ae5b3de6caa5a51543fd9fb64f524f5478,0x0b95993a39a363d99280ac950f5e4536ab5c5566
0.005,0,35,30.5,0,1,0,0xbefddb5da3eb0eccef0ad25739b4e152e4e75296106e8c8702f4d8363570b1cd,4171680,0x001866ae5b3de6caa5a51543fd9fb64f524f5478,0x0b95993a39a363d99280ac950f5e4536ab5c5566
0.005,0,36,30.5,0,1,0,0xf50cef3168f447863dab4b6f5919098e267484cfd2f4f36edeac78c8d7905c27,4171680,0x001866ae5b3de6caa5a51543fd9fb64f524f5478,0x0b95993a39a363d99280ac950f5e4536ab5c5566
0.005,0,37,30.5,0,1,0,0x095619d22eda253f587365e943689b9a4f7431cb7fc5ff5a26d0fd982966aff4,4171676,0x001866ae5b3de6caa5a51543fd9fb64f524f5478,0x0b95993a39a363d99280ac950f5e4536ab5c5566
0.005,0,38,30.5,0,1,0,0x455608e28a3614945d67eb7fc15e4d058d6715b5d9344133c1f48fa66b1e5ea9,4171676,0x001866ae5b3de6caa5a51543fd9fb64f524f5478,0x0b95993a39a363d99280ac950f5e4536ab5c5566
0.005,0,39,30.5,0,1,0,0x4dc648993420cac1620e044cefb30a08c50490cfd6fbf07cad99873a4d33b4b8,4171676,0x001866ae5b3de6caa5a51543fd9fb64f524f5478,0x0b95993a39a363d99280ac950f5e4536ab5c5566
0.005,0,40,30.5,0,1,0,0x5473f0e149b3ee3d85fd260d16d5190c2b5aeecb7299e8f1891d1ec0b036d9b7,4171676,0x001866ae5b3de6caa5a51543fd9fb64f524f5478,0x0b95993a39a363d99280ac950f5e4536ab5c5566
424.0,1,0,23.626598781,0,0,0,0xdbf06868a3812c9215b575af171efb04135e99887ae4083e0a39f646892682e9,4168869,0x001866ae5b3de6caa5a51543fd9fb64f524f5478,0x95090a7a7063d4039f6ec4a347ddc548b7e05644
5.0,1,0,21.0,0,0,0,0xbbb9fd0350046e96077993c3290f28ae6aba6cbfaae4796c092d433c5d0457da,4167335,0x001866ae5b3de6caa5a51543fd9fb64f524f5478,0x7eeca3bb711653316baf7fbd7999f47ddaf16c5e
55.0,0,1,24.853240562,0,1,0,0xc4d345aad6fa077a392885b254df28ff329e72c17853b26bcf135ed0b57b2a54,4163385,0x001866ae5b3de6caa5a51543fd9fb64f524f5478,0x8a7ab45157117b4aee8945a686bf6d29b181330d
0.005,0,41,21.0,0,1,0,0x5493cda11728f40844eeb77ef5ee62193cdecf32f7f612bd196c57745a2962d2,4163224,0x001866ae5b3de6caa5a51543fd9fb64f524f5478,0x0b95993a39a363d99280ac950f5e4536ab5c5566
0.005,0,42,21.0,0,1,0,0x42214048e3bf4a8760eb0795dd41940b14bdcb32ea051602f9d4195a3d072b66,4163224,0x001866ae5b3de6caa5a51543fd9fb64f524f5478,0x0b95993a39a363d99280ac950f5e4536ab5c5566
0.005,0,43,21.0,0,1,0,0x086cf2ad91bef1b997e04d91fd4ab16dfd72721ad65cc690de86450b4edb79c0,4163224,0x001866ae5b3de6caa5a51543fd9fb64f524f5478,0x0b95993a39a363d99280ac950f5e4536ab5c5566
0.005,0,44,21.0,0,1,0,0x400ae64b5501e94be3de8455c76e5e499ad492f8e5e81c43d9f2dbe41b4448eb,4163221,0x001866ae5b3de6caa5a51543fd9fb64f524f5478,0x0b95993a39a363d99280ac950f5e4536ab5c5566
500.0,0,2,21.0,0,1,0,0x0d785ee18768fe8e4b692cc8d0aed3ab893db9bcc4c640a8d913f6bfdc8567f2,4161335,0x001866ae5b3de6caa5a51543fd9fb64f524f5478,0x48c3ca0eb74a204d11ce0b1e30d61b8dcc784426
67.60029397230552,0,1,21.0,0,1,0,0x88630878718ece2d9721d913ac1ad6cf5c762d569e12c38863e2037958566be4,4161322,0x103031585b7ead18ae7e2aaa8830651208e13525,0x001866ae5b3de6caa5a51543fd9fb64f524f5478
43.59092246,0,0,21.0,0,0,0,0x3f283016cbb84cf345f6c0c5a57b739d4d2d0e0b7797f7e915e8edb873afff24,4161322,0x0198daae31be886daed0d5c1cfe37a9886c7758c,0x001866ae5b3de6caa5a51543fd9fb64f524f5478
42.21052928,0,0,21.0,0,0,0,0x89ff79624b0479298b29328a03d5f1daa2c9cbb7537d9b8014760311901c2e3c,4161320,0x54f136526159b1320297460ae2b764a2f55b13b9,0x001866ae5b3de6caa5a51543fd9fb64f524f5478
35.01247405,0,0,21.0,0,0,0,0x642f0883120ec7fa19267d2afd5fd168296365ee499a93a35fdcf5c216c34a1e,4161319,0x5b144096ad716f972e5448c4b47688490aef1b7d,0x001866ae5b3de6caa5a51543fd9fb64f524f5478
174.96095203133905,0,1,21.0,0,1,0,0x2dcfe985f31b09ad388265063cd8fb05d76ec5d57c9e76a17060dba3a449df45,4161318,0x2ef1aeaa809aab6a4d4ff41bc65e70d2581fd3de,0x001866ae5b3de6caa5a51543fd9fb64f524f5478
202.499559,0,0,21.0,0,0,0,0xa6d29fcff245029cc91d0849b3716d4b5637a089c34ef65c623aff86a07cb0b4,4161314,0x2f55c6a5c9897217dacd868794e4af83be6bb84a,0x001866ae5b3de6caa5a51543fd9fb64f524f5478
39.42720172,0,0,21.0,0,0,0,0x265e467211f2a065f1472a1327a6be649553cc1bf10d8a3254d5a748af97ac15,4161314,0x656fef594d3aea5834caae0d36b989fef7661eeb,0x001866ae5b3de6caa5a51543fd9fb64f524f5478
55.88863573,0,0,21.0,0,0,0,0xa1457934aee13db2f468bb6fd91be6b59ddd5162584d92e2a5c94fe1030c53fc,4161311,0x41c7f49454929d4434a2fe13f599d5500609b2fc,0x001866ae5b3de6caa5a51543fd9fb64f524f5478
33.71392246,0,0,21.0,0,0,0,0x00abdb22fe57d15556607bd4fc0f04ae91999812effa9eaf67b9d26b673d3aa6,4161311,0x44d48163b6aabe9d2775cc160956edde45244724,0x001866ae5b3de6caa5a51543fd9fb64f524f5478
0.005,0,45,21.0,0,1,0,0x996dd2f985ab24e439b9852c36984d263a53757e12d72df5ef9f65733c12d47d,4160629,0x001866ae5b3de6caa5a51543fd9fb64f524f5478,0x0b95993a39a363d99280ac950f5e4536ab5c5566
0.005,0,46,21.0,0,1,0,0x765ad126ade6d03d276f674c2f3490862b07ec12b5992b14c89391e473abd2ca,4160629,0x001866ae5b3de6caa5a51543fd9fb64f524f5478,0x0b95993a39a363d99280ac950f5e4536ab5c5566
0.005,0,47,21.0,0,1,0,0x0df9e63a25d6a5e288a0fe2528b87d1b13e5e244fcee313af3583515d4fb0a68,4160627,0x001866ae5b3de6caa5a51543fd9fb64f524f5478,0x0b95993a39a363d99280ac950f5e4536ab5c5566
0.005,0,48,21.0,0,1,0,0xf3e87b033d9f26c49d8de7475175b3886cd0abf161166f82acc78b48479bd63c,4160623,0x001866ae5b3de6caa5a51543fd9fb64f524f5478,0x0b95993a39a363d99280ac950f5e4536ab5c5566
0.01,0,49,20.0,0,1,0,0x383fb11e2aec4cbe3e615f64bf65af4331d3349c0040277e18a353feea0227a2,4156990,0x001866ae5b3de6caa5a51543fd9fb64f524f5478,0x0b95993a39a363d99280ac950f5e4536ab5c5566
0.01,0,50,20.0,0,1,0,0x12777afefe75ad191f20b045620c79739cc21893cabca588305a1b9e9bae9754,4156985,0x001866ae5b3de6caa5a51543fd9fb64f524f5478,0x0b95993a39a363d99280ac950f5e4536ab5c5566
0.01,0,51,20.0,0,1,0,0x865a6273a04f720ad9abbb769698295ac1aa6e1e2da0011a57b66a69ee501a63,4156985,0x001866ae5b3de6caa5a51543fd9fb64f524f5478,0x0b95993a39a363d99280ac950f5e4536ab5c5566
0.01,0,52,20.0,0,1,0,0x3d02f0130a3173e1948be3a6dc26a697d932389db29524e90337300a47605f54,4156985,0x001866ae5b3de6caa5a51543fd9fb64f524f5478,0x0b95993a39a363d99280ac950f5e4536ab5c5566
0.01,0,53,20.0,0,1,0,0x4c517942fd9960eabe5aa90dec2505639a21ee6c73a73d94057d6c7d236fc526,4156985,0x001866ae5b3de6caa5a51543fd9fb64f524f5478,0x0b95993a39a363d99280ac950f5e4536ab5c5566
0.01,0,54,20.0,0,1,0,0xa0c126460dd3089e1269a9c75b60ddb2babfc413b9364f886aa3dd3db0f38c79,4156985,0x001866ae5b3de6caa5a51543fd9fb64f524f5478,0x0b95993a39a363d99280ac950f5e4536ab5c5566
0.01,0,55,20.0,0,1,0,0x98b9e1fa51fa6fa1ccd43625abb694e3b0d1a568ac17f2a32cc1212a36150080,4156985,0x001866ae5b3de6caa5a51543fd9fb64f524f5478,0x0b95993a39a363d99280ac950f5e4536ab5c5566
0.01,0,56,20.0,0,1,0,0x31f77ea059285fb0c276bca145f0f5dfcdc41beae7ea5504975609ca71b88b9d,4156984,0x001866ae5b3de6caa5a51543fd9fb64f524f5478,0x0b95993a39a363d99280ac950f5e4536ab5c5566
0.01,0,57,20.0,0,1,0,0x5401e9a6ca2db3da3853b800b0db813e5bd93d0e232b9202afc063939ca54c6a,4156983,0x001866ae5b3de6caa5a51543fd9fb64f524f5478,0x0b95993a39a363d99280ac950f5e4536ab5c5566
0.01,0,58,20.0,0,1,0,0x81ca6dab2aa3e6a0a09994df0fba0654a2def614e4539e56d3cb543342e4890b,4156981,0x001866ae5b3de6caa5a51543fd9fb64f524f5478,0x0b95993a39a363d99280ac950f5e4536ab5c5566
0.01,0,59,20.0,0,1,0,0x5922783a02700300edfc4abf0a05402b668e2ac009f33f1fa5892f7f9f4b74fc,4156981,0x001866ae5b3de6caa5a51543fd9fb64f524f5478,0x0b95993a39a363d99280ac950f5e4536ab5c5566
0.01,0,60,20.0,0,1,0,0xfc3cd21145cbe08611f210d034fced9903b83e10e3180bded27e31dcebe21280,4156980,0x001866ae5b3de6caa5a51543fd9fb64f524f5478,0x0b95993a39a363d99280ac950f5e4536ab5c5566
0.01,0,61,20.0,0,1,0,0x691bf3a7714890288837d9edf10c177e7588163fa23c1a12b9cfc26d503bd004,4156979,0x001866ae5b3de6caa5a51543fd9fb64f524f5478,0x0b95993a39a363d99280ac950f5e4536ab5c5566
0.01,0,62,20.0,0,1,0,0x1263f4c13f5bc44619122e51f2ba8f029c0ea493fa64cfd84442219f5d3a88a9,4156978,0x001866ae5b3de6caa5a51543fd9fb64f524f5478,0x0b95993a39a363d99280ac950f5e4536ab5c5566
0.01,0,63,20.0,0,1,0,0x6ac6a30262ad5b3873e1175f5dc01880e2353d5c398badb82687e843d844cd9c,4156977,0x001866ae5b3de6caa5a51543fd9fb64f524f5478,0x0b95993a39a363d99280ac950f5e4536ab5c5566
0.01,0,64,20.0,0,1,0,0x4f176d11f924addd97af421c37ece9b888fdd3b98946f43e2bf968ae7e486674,4156971,0x001866ae5b3de6caa5a51543fd9fb64f524f5478,0x0b95993a39a363d99280ac950f5e4536ab5c5566
0.01,0,65,20.0,0,1,0,0x55450eb6b3fe8f7790f4ccd41ddc208fcbe1ccd225b3acd75874af895d7aba27,4156971,0x001866ae5b3de6caa5a51543fd9fb64f524f5478,0x0b95993a39a363d99280ac950f5e4536ab5c5566
0.01,0,66,20.0,0,1,0,0x8eefd7578e367590472e7f2ac4342cc9b299220093ccb100fd790951ed260a12,4156969,0x001866ae5b3de6caa5a51543fd9fb64f524f5478,0x0b95993a39a363d99280ac950f5e4536ab5c5566
0.01,0,67,20.0,0,1,0,0xed9b1c767ff663f2c0f36db0d05621b6c65234344d37cc35bc16cfef3c94e733,4156968,0x001866ae5b3de6caa5a51543fd9fb64f524f5478,0x0b95993a39a363d99280ac950f5e4536ab5c5566
0.01,0,68,20.0,0,1,0,0xbdbed3f6a6f61dc39a4f30ef560c009360b97dbe2c55246a3cf879c5e0b53750,4156968,0x001866ae5b3de6caa5a51543fd9fb64f524f5478,0x0b95993a39a363d99280ac950f5e4536ab5c5566
0.01,0,69,20.0,0,1,0,0xc8de8e10f720cd2e128641cd431ad1080212b219e7badb1fc4544cbdc4a7f4cc,4156968,0x001866ae5b3de6caa5a51543fd9fb64f524f5478,0x0b95993a39a363d99280ac950f5e4536ab5c5566
0.01,0,70,20.0,0,1,0,0x98f47c937d0f059b502b9e6e7728ea257145f10eb8b1b01652c60473ccd238a0,4156968,0x001866ae5b3de6caa5a51543fd9fb64f524f5478,0x0b95993a39a363d99280ac950f5e4536ab5c5566
0.01,0,71,20.0,0,1,0,0x1d10beb7a627a42c85b2e96b5a91f7584eae3cb5d6256a80e1827d60bf01663e,4156968,0x001866ae5b3de6caa5a51543fd9fb64f524f5478,0x0b95993a39a363d99280ac950f5e4536ab5c5566
0.01,0,72,20.0,0,1,0,0x6eabfd0fbc6806f29bc0c416f9000f4062dcd39485530c73c8ef950db11bfd11,4156967,0x001866ae5b3de6caa5a51543fd9fb64f524f5478,0x0b95993a39a363d99280ac950f5e4536ab5c5566
0.01,0,73,20.0,0,1,0,0x97fa08ca9243790f8dc5029f546ba08c00ac9c8814fc701da0d9ba9da3c01ec7,4156966,0x001866ae5b3de6caa5a51543fd9fb64f524f5478,0x0b95993a39a363d99280ac950f5e4536ab5c5566
0.01,0,74,20.0,0,1,0,0xc563be4a6b664fa2d322f46c83d64ed9b09561ea4114fafc06097f1092c3249f,4156957,0x001866ae5b3de6caa5a51543fd9fb64f524f5478,0x0b95993a39a363d99280ac950f5e4536ab5c5566
0.01,0,75,20.0,0,1,0,0x5512ac2b02ab2b11f4d301b6f4c1b7d8d9813fe03e89d36f198f529673e2252e,4156956,0x001866ae5b3de6caa5a51543fd9fb64f524f5478,0x0b95993a39a363d99280ac950f5e4536ab5c5566
0.01,0,76,20.0,0,1,0,0x1732dfa08ea2c2ebb1ae7ea35ca0ce1460c3a90dc63b7c5eda21e307a75b4cbd,4156955,0x001866ae5b3de6caa5a51543fd9fb64f524f5478,0x0b95993a39a363d99280ac950f5e4536ab5c5566
0.01,0,77,20.0,0,1,0,0x304f7e4ff7d04ab13e8e79c8270dd6a996bab25ebac53ec180df0cbd2e9e18e6,4156955,0x001866ae5b3de6caa5a51543fd9fb64f524f5478,0x0b95993a39a363d99280ac950f5e4536ab5c5566
0.01,0,78,20.0,0,1,0,0x06b85d830f9967130963e2d5f8a390cab18aa2fa76f42249c51377aa2c33ce50,4156852,0x001866ae5b3de6caa5a51543fd9fb64f524f5478,0x0b95993a39a363d99280ac950f5e4536ab5c5566
0.01,0,79,20.0,0,1,0,0xa82c2d89dbc939025a5cda03a545a8ac36e989d5bfcfc8b8d23281e737fbd6d5,4156849,0x001866ae5b3de6caa5a51543fd9fb64f524f5478,0x0b95993a39a363d99280ac950f5e4536ab5c5566
0.01,0,80,20.0,0,1,0,0xd242fa8be30449ef43ebc323bf715ebb3c28c0f7d9ff6c313dc6ddca0fb0bd9c,4156848,0x001866ae5b3de6caa5a51543fd9fb64f524f5478,0x0b95993a39a363d99280ac950f5e4536ab5c5566
0.01,0,81,20.0,0,1,0,0x255e602d238995eb4427f21fdf9124c5c57e5b61579ebbb862e0d30a4f20ca68,4156847,0x001866ae5b3de6caa5a51543fd9fb64f524f5478,0x0b95993a39a363d99280ac950f5e4536ab5c5566
0.01,0,82,20.0,0,1,0,0x6d53c4a9a1caa999345cf12fd7c6fadbddb059cd3f69361d8d10bab5815dcbe5,4156845,0x001866ae5b3de6caa5a51543fd9fb64f524f5478,0x0b95993a39a363d99280ac950f5e4536ab5c5566
0.01,0,83,20.0,0,1,0,0x603fe494fa00a6be3e663290ce65e20c7847206b7724b46677e6786057a15e7a,4156845,0x001866ae5b3de6caa5a51543fd9fb64f524f5478,0x0b95993a39a363d99280ac950f5e4536ab5c5566
0.01,0,84,20.0,0,1,0,0x2386ea88d887f0ef9a4a729189fc8b62cf2877bbe63d89c873b529bb6763628f,4156845,0x001866ae5b3de6caa5a51543fd9fb64f524f5478,0x0b95993a39a363d99280ac950f5e4536ab5c5566
0.01,0,85,20.0,0,1,0,0x80b3952460a8ba8c0b339b3290bfb61708f03532bcf7bec0147e08d25f3f1692,4156844,0x001866ae5b3de6caa5a51543fd9fb64f524f5478,0x0b95993a39a363d99280ac950f5e4536ab5c5566
0.01,0,86,20.0,0,1,0,0xa81cf7e93cb3396fd6da1072424b5d4c5e523ab0a1d64c9e747f498517b5a049,4156844,0x001866ae5b3de6caa5a51543fd9fb64f524f5478,0x0b95993a39a363d99280ac950f5e4536ab5c5566
0.01,0,87,20.0,0,1,0,0x1ebadfa7fa095592a59e26724e16e4f20a49e22a1b743031a9eac5c6f95ee816,4156842,0x001866ae5b3de6caa5a51543fd9fb64f524f5478,0x0b95993a39a363d99280ac950f5e4536ab5c5566
0.01,0,88,20.0,0,1,0,0x86c7787166da79cc326e95c7b4ea2c50b725a376eef949e5ee9beb0cf4a50816,4156841,0x001866ae5b3de6caa5a51543fd9fb64f524f5478,0x0b95993a39a363d99280ac950f5e4536ab5c5566
0.005,0,89,21.0,0,1,0,0xb0d8563092878e6f34307051b09e9a7e7e1c0c15530723ee8d1fc09f6326fd20,4155840,0x001866ae5b3de6caa5a51543fd9fb64f524f5478,0x0b95993a39a363d99280ac950f5e4536ab5c5566
0.005,0,90,21.0,0,1,0,0x15a5aae224e946d34f690378b0c3b0f599db1b07f0afd7c93a1d7012946eeb2f,4155838,0x001866ae5b3de6caa5a51543fd9fb64f524f5478,0x0b95993a39a363d99280ac950f5e4536ab5c5566
0.005,0,91,20.0,0,1,0,0x31dd9b56f4235b2b7edbb7b3d12b7d1577664598524e56a5421c5c4d49454833,4155833,0x001866ae5b3de6caa5a51543fd9fb64f524f5478,0x0b95993a39a363d99280ac950f5e4536ab5c5566
0.005,0,92,21.0,0,1,0,0x78e1df166f6fb9dbe2a392bce58ae08de0ba8bc9abd473709bd68e92191be53d,4153208,0x001866ae5b3de6caa5a51543fd9fb64f524f5478,0x0b95993a39a363d99280ac950f5e4536ab5c5566
0.005,0,93,21.0,0,1,0,0x252a89e3d3af1cad5b26dcb8f5fb6610aa2606cd8fcefd2434e8eedd4b43e9b2,4153205,0x001866ae5b3de6caa5a51543fd9fb64f524f5478,0x0b95993a39a363d99280ac950f5e4536ab5c5566
0.005,0,94,21.0,0,1,0,0x5d73503bce0d848c7d35cd3b3e9cea825a6e335d80a987c1347142484d11fa8e,4153199,0x001866ae5b3de6caa5a51543fd9fb64f524f5478,0x0b95993a39a363d99280ac950f5e4536ab5c5566
0.005,0,95,21.0,0,1,0,0x98428d5ced0f5a867017dfcfbc53fff58393491a9e5c317ef5d6c3272f931bd6,4153199,0x001866ae5b3de6caa5a51543fd9fb64f524f5478,0x0b95993a39a363d99280ac950f5e4536ab5c5566
0.005,0,96,21.0,0,1,0,0x3ea23625ed73dbdd106dd474ce337f4cd0c8c0b39204bdf9f4d1e68511323de2,4153198,0x001866ae5b3de6caa5a51543fd9fb64f524f5478,0x0b95993a39a363d99280ac950f5e4536ab5c5566
0.005,0,97,21.0,0,1,0,0x996c23030cae24787d769746f7ce77dfb35df41fe88ce543d40af0784f743b88,4153197,0x001866ae5b3de6caa5a51543fd9fb64f524f5478,0x0b95993a39a363d99280ac950f5e4536ab5c5566
0.005,0,98,21.0,0,1,0,0x0d408ee55ecd1ab37055129f8c05b2251c3f287c5e80faa97a9c3b30aecd3ec7,4153197,0x001866ae5b3de6caa5a51543fd9fb64f524f5478,0x0b95993a39a363d99280ac950f5e4536ab5c5566
0.005,0,99,24.568222891,0,1,0,0x7b45d25ee5e0208257697e1a920362a12697a95b7a767f2f3fc06fdc8442b28a,4151249,0x001866ae5b3de6caa5a51543fd9fb64f524f5478,0x0b95993a39a363d99280ac950f5e4536ab5c5566
0.005,0,100,24.568222891,0,1,0,0x3ce8fa03d828451deb710d89f18957c60df6480e9d8ada952e3799c097035d82,4151249,0x001866ae5b3de6caa5a51543fd9fb64f524f5478,0x0b95993a39a363d99280ac950f5e4536ab5c5566
0.005,0,101,24.568222891,0,1,0,0x4822afd398bb7bc6f3074a4836e8af94a50df579ca680a4f58e74d8515c1cb45,4151248,0x001866ae5b3de6caa5a51543fd9fb64f524f5478,0x0b95993a39a363d99280ac950f5e4536ab5c5566
0.005,0,102,24.568222891,0,1,0,0x09c784a53799b8d72f8029ff8372b67d133f0989fe9cb65aca0ffdd2a0de0625,4151246,0x001866ae5b3de6caa5a51543fd9fb64f524f5478,0x0b95993a39a363d99280ac950f5e4536ab5c5566
0.005,0,103,24.568222891,0,1,0,0x5173bb1c3277091c5d9774af03ca0f87200c61b9542c17f178b8c4569616fcda,4151240,0x001866ae5b3de6caa5a51543fd9fb64f524f5478,0x0b95993a39a363d99280ac950f5e4536ab5c5566
0.005,0,104,24.568222891,0,1,0,0xe151dae1342941e31d5f54fd0dcf9a6c1fc309bf3d49ff7e91392ddab3354ed8,4151168,0x001866ae5b3de6caa5a51543fd9fb64f524f5478,0x0b95993a39a363d99280ac950f5e4536ab5c5566
0.005,0,105,24.568222891,0,1,0,0xcecf3ad48607c75f6bcadf50cc27c0e5908323f05ae99e5dc87b86135a7e9277,4151167,0x001866ae5b3de6caa5a51543fd9fb64f524f5478,0x0b95993a39a363d99280ac950f5e4536ab5c5566
0.005,0,106,24.568222891,0,1,0,0x7c37e07531d2d233f67c3c01189022880134186afc94f1621d1fcd200b38e763,4151165,0x001866ae5b3de6caa5a51543fd9fb64f524f5478,0x0b95993a39a363d99280ac950f5e4536ab5c5566
0.005,0,107,24.568222891,0,1,0,0x23f10fbb1e5b3eb6720d64fe333d9bf1fcf64b79f61393c34f1aa4d63b13c9a6,4151164,0x001866ae5b3de6caa5a51543fd9fb64f524f5478,0x0b95993a39a363d99280ac950f5e4536ab5c5566
0.005,0,108,24.568222891,0,1,0,0x8139d0ec4ac2a1fd7686b823956724a0a624af7587bee8cd1918bf5277bbb660,4151164,0x001866ae5b3de6caa5a51543fd9fb64f524f5478,0x0b95993a39a363d99280ac950f5e4536ab5c5566
0.005,0,109,24.568222891,0,1,0,0x6047ef0dde946a65d16b0487baad00e84b473059689ae97c4d1f8d11f3882c40,4151164,0x001866ae5b3de6caa5a51543fd9fb64f524f5478,0x0b95993a39a363d99280ac950f5e4536ab5c5566
0.005,0,110,24.568222891,0,1,0,0x0c7caefd23abd48dc0bc7bb95ec84e3350d3d2bf09b4e92aad50f61abd2905a2,4151103,0x001866ae5b3de6caa5a51543fd9fb64f524f5478,0x0b95993a39a363d99280ac950f5e4536ab5c5566
0.005,0,111,25.0,0,1,0,0x2e72740833f68c8b3c2c32a1063c99432d99f33f14a36bbab54e36a265f1c0e7,4151098,0x001866ae5b3de6caa5a51543fd9fb64f524f5478,0x0b95993a39a363d99280ac950f5e4536ab5c5566
0.005,0,112,25.0,0,1,0,0xb70b5b84af563416b29fe1b0062c8306d5542df0f00c0d412d3cf260b718ed65,4151097,0x001866ae5b3de6caa5a51543fd9fb64f524f5478,0x0b95993a39a363d99280ac950f5e4536ab5c5566
0.005,0,113,24.568222891,0,1,0,0x5c55e23cc23423ba919f8c2858f77e95f3ff2b7e00f784475a7fce157cd1a576,4151096,0x001866ae5b3de6caa5a51543fd9fb64f524f5478,0x0b95993a39a363d99280ac950f5e4536ab5c5566
0.005,0,114,24.568222891,0,1,0,0x5380b4e3470310363773e97af344f734055f7bbc458e9d523fbf2d6510865a82,4151094,0x001866ae5b3de6caa5a51543fd9fb64f524f5478,0x0b95993a39a363d99280ac950f5e4536ab5c5566
0.005,0,115,23.444264145,0,1,0,0xf7b58a4991480170408b56e884f97deec02ff381b37f607d0ae3e25a530dd460,4151057,0x001866ae5b3de6caa5a51543fd9fb64f524f5478,0x0b95993a39a363d99280ac950f5e4536ab5c5566
0.005,0,116,23.444264145,0,1,0,0x4dedc8c72c8d7101fc1cf07018ee94b360597eb509e77e031c6cc2eaaa3218c9,4151053,0x001866ae5b3de6caa5a51543fd9fb64f524f5478,0x0b95993a39a363d99280ac950f5e4536ab5c5566
0.005,0,117,23.444264145,0,1,0,0xeff1b4c2b2e166a63e95b9c5c37f2ac7139dd9ba807cbed9b23326de0d49be29,4151051,0x001866ae5b3de6caa5a51543fd9fb64f524f5478,0x0b95993a39a363d99280ac950f5e4536ab5c5566
0.005,0,118,23.444264145,0,1,0,0x392bcac151f4666cb2131aed3dd5cdec42898ceff8581c1b105c6ff7b5f6b272,4151051,0x001866ae5b3de6caa5a51543fd9fb64f524f5478,0x0b95993a39a363d99280ac950f5e4536ab5c5566
0.005,0,119,23.444264145,0,1,0,0x2833e87595a580adafbbe27034041065d0227c31a0aa55178d27d3f8ee29a7ab,4151049,0x001866ae5b3de6caa5a51543fd9fb64f524f5478,0x0b95993a39a363d99280ac950f5e4536ab5c5566
0.005,0,120,23.444264145,0,1,0,0xe58dea058b8708507eb94b1a5c666b551fd42b01767bfed43c3d10715ad124da,4151045,0x001866ae5b3de6caa5a51543fd9fb64f524f5478,0x0b95993a39a363d99280ac950f5e4536ab5c5566
0.005,0,121,23.444264145,0,1,0,0x7cc2f8ae096769a401bc984b9503c56ebc8d5a7e3bb1512cd320ced2b1a61cf5,4151044,0x001866ae5b3de6caa5a51543fd9fb64f524f5478,0x0b95993a39a363d99280ac950f5e4536ab5c5566
0.005,0,122,20.0,0,1,0,0xfe182e4c8cb99889e4ada4a8c15cec7d65576c2a9b904536db222446cebfeaf2,4147622,0x001866ae5b3de6caa5a51543fd9fb64f524f5478,0x0b95993a39a363d99280ac950f5e4536ab5c5566
0.005,0,123,20.0,0,1,0,0x2f9bb8efbc3469ffa44f15556509b0a2e1deeb4baa9a098fad47bea8f3e208f6,4147617,0x001866ae5b3de6caa5a51543fd9fb64f524f5478,0x0b95993a39a363d99280ac950f5e4536ab5c5566
0.005,0,124,20.0,0,1,0,0xc633801c9d79ddf3e5694b291f56a66fe84f555b73de4fe06deef720287eaab8,4147617,0x001866ae5b3de6caa5a51543fd9fb64f524f5478,0x0b95993a39a363d99280ac950f5e4536ab5c5566
0.005,0,125,20.0,0,1,0,0x3f217011662ec203e62623e859c2ddbb81503a34ede2ee119c433962d6295507,4147617,0x001866ae5b3de6caa5a51543fd9fb64f524f5478,0x0b95993a39a363d99280ac950f5e4536ab5c5566
1000.0,0,8,23.216733376,0,1,0,0xd155a476383745c2d83f995d357452f426fa44e6111ed2ac9d0d2ee1d24e4e36,4146879,0x001866ae5b3de6caa5a51543fd9fb64f524f5478,0x3f5ce5fbfe3e9af3971dd833d26ba9b5c936f0be
1000.0,0,9,21.0,0,1,0,0x4a2475d890016dfee0b6126546b3f2286fa4e3fb48fc9167beb7205e75972d73,4146354,0x001866ae5b3de6caa5a51543fd9fb64f524f5478,0x3f5ce5fbfe3e9af3971dd833d26ba9b5c936f0be
0.005,0,126,22.0,0,1,0,0xfefbab97c0b3b956e93dcb773c964cd4820da8d46fd5c635a31d5d62aed51dbc,4143723,0x001866ae5b3de6caa5a51543fd9fb64f524f5478,0x0b95993a39a363d99280ac950f5e4536ab5c5566
0.005,0,127,22.0,0,1,0,0xce18a02aa1fe9a788b880ad1904cc1ea2bbb3c1fa537a2fc7d9292acfe19a92e,4143723,0x001866ae5b3de6caa5a51543fd9fb64f524f5478,0x0b95993a39a363d99280ac950f5e4536ab5c5566
0.005,0,128,22.0,0,1,0,0x4dfc659e769cddf3f47551be675d6416bdff7ebdf79f08dc7b717edb7cb33945,4143718,0x001866ae5b3de6caa5a51543fd9fb64f524f5478,0x0b95993a39a363d99280ac950f5e4536ab5c5566
0.005,0,129,22.0,0,1,0,0x7c8c71f1c9c9087dc27150f9f71670899ef32c301ff3c53e0071373be654b73a,4143714,0x001866ae5b3de6caa5a51543fd9fb64f524f5478,0x0b95993a39a363d99280ac950f5e4536ab5c5566
0.005,0,130,22.0,0,1,0,0x117138f77c9ca278fb60f7a2420290d175970f9ebefd87665c77d2dbc987e309,4143713,0x001866ae5b3de6caa5a51543fd9fb64f524f5478,0x0b95993a39a363d99280ac950f5e4536ab5c5566
800.0,0,10,22.0,0,1,0,0x7d4cf69ea2e5b08f4be43415155444bafe017a48e162f3ac75048f1a36aad9ef,4143564,0x001866ae5b3de6caa5a51543fd9fb64f524f5478,0x3f5ce5fbfe3e9af3971dd833d26ba9b5c936f0be
108.65940104,0,1,22.0,0,1,0,0xe8b5c06be9cd571aa9310b4f03752301225c8eff9b44583b3d42cdc32f974e73,4143523,0x0b0bdac8995fa0369171b0ae9b979c7393f0fc86,0x001866ae5b3de6caa5a51543fd9fb64f524f5478
2492.999559,0,0,22.0,0,0,0,0xa679f0c90e9e5e17845c6ea3f0abe8b02897dd3c56edb959d55d990592f421f7,4143520,0x1ab1b244f8156e9bbb794e30a168e871c8d7159e,0x001866ae5b3de6caa5a51543fd9fb64f524f5478
149.99892246,0,0,22.0,0,0,0,0x4bef8e0bbb07b36433c59312b79356052726b84547f7f17980ba3ff20547538e,4143520,0x019bf25c811569ff364177c707f51426a14e5b44,0x001866ae5b3de6caa5a51543fd9fb64f524f5478
500.0,0,11,22.612649186,0,1,0,0xdf81ab5eeb4fe914d18ff105b1a48036f249807db97acbca68a4cb45c280bfed,4143357,0x001866ae5b3de6caa5a51543fd9fb64f524f5478,0x3f5ce5fbfe3e9af3971dd833d26ba9b5c936f0be
800.0,0,12,21.0,0,1,0,0x0bd57e722adcdc52f36ac5612e79afd3e9c9541d1a59da2fb929cf185ae2bc1d,4142937,0x001866ae5b3de6caa5a51543fd9fb64f524f5478,0x3f5ce5fbfe3e9af3971dd833d26ba9b5c936f0be
133.21111218,0,0,21.0,0,0,0,0xeeaf4927548bcaead7ef3c76f0e01b83cf1c6f11fa8cee82c030bc23ed5d7d6a,4142895,0x0defb971fc3695a9fdb38acc2b53a4c0d87163e1,0x001866ae5b3de6caa5a51543fd9fb64f524f5478
131.95051446,0,0,21.0,0,0,0,0x6239f1dbc64b340581f0b610e18135a89a1983e41e286aa5515210e9f799e51c,4142895,0x0b975f395ac3e2e594248bb6c4a1f81c1eff3d70,0x001866ae5b3de6caa5a51543fd9fb64f524f5478
299.09892246,0,0,21.0,0,0,0,0xaef1367423f5a4ebc71aed4af61b4fe3a2a8b45f0aa63c5f1775ccfaf46cdac4,4142893,0x1d402998be2e07315b3c537e624cea26e78f78f3,0x001866ae5b3de6caa5a51543fd9fb64f524f5478
141.29682246,0,0,21.0,0,0,0,0xac749e02eb27ce11506e02026bc5cf6009941eb1e2f917fdcdf8a7eadc941e31,4142893,0x0a467c1f1302aeb380e6a6078c52d7880db8b72b,0x001866ae5b3de6caa5a51543fd9fb64f524f5478
153.99892246,0,0,21.0,0,0,0,0xa6a19d74ff17eff3dc157b13e0666df2193f427a4c066a6ff0f95bac84f4bd4d,4142893,0x075c1c20328ba9fb777a2e4d0b8a0b1466c6cb83,0x001866ae5b3de6caa5a51543fd9fb64f524f5478
201.17302898937487,0,0,21.0,0,0,0,0x77546ba03a85b32edf0124deeb769e866223a047b730e95d2ed0e4c286a423a9,4142893,0x0af6c6f78b5b902d6b4a9958acfd36e0bf44fadd,0x001866ae5b3de6caa5a51543fd9fb64f524f5478
159.99892246,0,0,21.0,0,0,0,0x19b4991cd68f6625684d57485ccef438b12934b726910007039899b6d518ce45,4142893,0x0a0cb5980b6035463e01838c132fe1c172c513df,0x001866ae5b3de6caa5a51543fd9fb64f524f5478
248.99892246,0,1,21.0,0,1,0,0xd12b869ff8292765a20256b4640b77c74ed34f6f0ab6ca082da34688e9497ee8,4142892,0x1ab1b244f8156e9bbb794e30a168e871c8d7159e,0x001866ae5b3de6caa5a51543fd9fb64f524f5478
103.89391535,0,1,21.0,0,1,0,0x9f1379469c8511523e020b849f875cc3942da4f4a414c4685030bdbf4f2ac492,4142892,0x0b963150863d0fb0cde9902de70efb6e43545165,0x001866ae5b3de6caa5a51543fd9fb64f524f5478
249.99892246,0,0,21.0,0,0,0,0x81186dc9fa1b665dca711099395b68e00f95615dc6c276dfaa5fdc00f313bcda,4142892,0x177f5e20f06dd1e2bbe20e33d5dce368bbabbcbb,0x001866ae5b3de6caa5a51543fd9fb64f524f5478
500.0,0,13,21.0,0,1,0,0x055a75bcb6b35340c84acdbe450a4254d3ea09d97f7c066109c16898c6689633,4142658,0x001866ae5b3de6caa5a51543fd9fb64f524f5478,0x3f5ce5fbfe3e9af3971dd833d26ba9b5c936f0be
0.005,0,131,20.873010101,0,1,0,0x8fb2cbe10d00e9686a4cdf009216951e257f731568b1f5342ee6139ff596c94a,4142459,0x001866ae5b3de6caa5a51543fd9fb64f524f5478,0x0b95993a39a363d99280ac950f5e4536ab5c5566
0.005,0,132,20.873010101,0,1,0,0xa498fd4c08f58a4fbadebd108dcac0ea9761b6c67622848948ea9996f69a598d,4142455,0x001866ae5b3de6caa5a51543fd9fb64f524f5478,0x0b95993a39a363d99280ac950f5e4536ab5c5566
0.005,0,133,20.873010101,0,1,0,0xfa606ac14a79aa3498640c379e4441826629eafc21bb1f26f9ddd03b02fff0cd,4142455,0x001866ae5b3de6caa5a51543fd9fb64f524f5478,0x0b95993a39a363d99280ac950f5e4536ab5c5566
0.005,0,134,20.873010101,0,1,0,0x37c47e655801664206c95ec95e8f8ffd3abc9ab1da3d370788be36c46da00949,4142455,0x001866ae5b3de6caa5a51543fd9fb64f524f5478,0x0b95993a39a363d99280ac950f5e4536ab5c5566
0.005,0,135,20.873010101,0,1,0,0xa2afa17d502d410861518cf846e91ecf695554e7dba8ff2e59c6c968077610eb,4142452,0x001866ae5b3de6caa5a51543fd9fb64f524f5478,0x0b95993a39a363d99280ac950f5e4536ab5c5566
0.005,0,136,20.873010101,0,1,0,0xd6e490c6889f5e3f761125d6792a5b2d6a7ab210ba77bcf7b310a9067392f457,4142450,0x001866ae5b3de6caa5a51543fd9fb64f524f5478,0x0b95993a39a363d99280ac950f5e4536ab5c5566
0.005,0,137,20.873010101,0,1,0,0xc0b588e731d5d63f0d01b17beac27d510124ba34da08c1ec722b60bebfdffa48,4142449,0x001866ae5b3de6caa5a51543fd9fb64f524f5478,0x0b95993a39a363d99280ac950f5e4536ab5c5566
0.005,0,138,20.873010101,0,1,0,0x973d99eb6756833c89f4e178c4bd48a0aa05595fa081858dd4ae05d986e76323,4142445,0x001866ae5b3de6caa5a51543fd9fb64f524f5478,0x0b95993a39a363d99280ac950f5e4536ab5c5566
0.005,0,139,20.873010101,0,1,0,0x323a7a7480554ead444b1eb400059f130dbcd772b5c11b63a6d902051a51a62a,4142445,0x001866ae5b3de6caa5a51543fd9fb64f524f5478,0x0b95993a39a363d99280ac950f5e4536ab5c5566
0.005,0,140,20.873010101,0,1,0,0xefae0d303eabbbb63fe869e8e0ffb2f483cfdc4c4ffc257015fe8aa0fa0e3e6c,4142444,0x001866ae5b3de6caa5a51543fd9fb64f524f5478,0x0b95993a39a363d99280ac950f5e4536ab5c5566
0.005,0,141,20.873010101,0,1,0,0x0a13b07ffbc1d02314c709878e2d32bbbc620fba67c1be63caef575c7933ce0b,4142441,0x001866ae5b3de6caa5a51543fd9fb64f524f5478,0x0b95993a39a363d99280ac950f5e4536ab5c5566
0.005,0,142,20.873010101,0,1,0,0xb48973ca28be6eb6884795398cb4330a3c34a7915d2cd7b318787841db399575,4142440,0x001866ae5b3de6caa5a51543fd9fb64f524f5478,0x0b95993a39a363d99280ac950f5e4536ab5c5566
0.005,0,143,20.873010101,0,1,0,0x6ce7ec92a3d253acdb955a3db4f08d3e1962c6b22454f283e180f255c9a6df6a,4142439,0x001866ae5b3de6caa5a51543fd9fb64f524f5478,0x0b95993a39a363d99280ac950f5e4536ab5c5566
0.005,0,144,20.873010101,0,1,0,0x018df4d160a0cf068fe404fd4d96de0a0a48f69068df38955e4c471a4420ba79,4142435,0x001866ae5b3de6caa5a51543fd9fb64f524f5478,0x0b95993a39a363d99280ac950f5e4536ab5c5566
0.005,0,145,20.873010101,0,1,0,0x7ceaab270c67005a3a5fe1adba625179e589c47281cdcbbdcaeb208f98df9c2e,4142434,0x001866ae5b3de6caa5a51543fd9fb64f524f5478,0x0b95993a39a363d99280ac950f5e4536ab5c5566
0.005,0,146,20.873010101,0,1,0,0x4ab6822fce5ce2657116ce25c3b9c55c66797725247c85211964de5767139e70,4142432,0x001866ae5b3de6caa5a51543fd9fb64f524f5478,0x0b95993a39a363d99280ac950f5e4536ab5c5566
0.005,0,147,20.873010101,0,1,0,0xd0914f6c8ea7407cfd93f1520c51c73e60176d2b447b5d52ad0fa5071676041d,4142429,0x001866ae5b3de6caa5a51543fd9fb64f524f5478,0x0b95993a39a363d99280ac950f5e4536ab5c5566
0.005,0,148,20.873010101,0,1,0,0x5962254e139f387a43bca699c753243de2cedd909a6fe820da56021512fd705a,4142428,0x001866ae5b3de6caa5a51543fd9fb64f524f5478,0x0b95993a39a363d99280ac950f5e4536ab5c5566
0.005,0,149,20.873010101,0,1,0,0xaa9441dafde4ad135f96fe118f51250d18bd7d838c880102b8d500caabdc7f0d,4142426,0x001866ae5b3de6caa5a51543fd9fb64f524f5478,0x0b95993a39a363d99280ac950f5e4536ab5c5566
0.005,0,150,20.873010101,0,1,0,0x4dfe749ff27d51e2ab8ca04ab5d691dd1f1733f8d57b3b86a1960751e734af12,4142420,0x001866ae5b3de6caa5a51543fd9fb64f524f5478,0x0b95993a39a363d99280ac950f5e4536ab5c5566
500.0,0,14,20.873010101,0,1,0,0xca5fbdd19244e920e9c4d68b1fb4a11d2c29c2626ee6960480ad6dfda42e7c45,4142114,0x001866ae5b3de6caa5a51543fd9fb64f524f5478,0x3f5ce5fbfe3e9af3971dd833d26ba9b5c936f0be
500.0,0,15,20.873010101,0,1,0,0xfd22408c995affe184c8c56832395442ff51dbd6aeb1eee79970264a760b57fa,4140941,0x001866ae5b3de6caa5a51543fd9fb64f524f5478,0x3f5ce5fbfe3e9af3971dd833d26ba9b5c936f0be
800.0,0,16,20.873010101,0,1,0,0x7edb5a6ff4cba186b6f218eeaacbe928e36e7d6198fae23688c27fa3e5408f6f,4140108,0x001866ae5b3de6caa5a51543fd9fb64f524f5478,0x3f5ce5fbfe3e9af3971dd833d26ba9b5c936f0be
500.0,0,17,20.0,0,1,0,0x91b4386a99a0e9372c047ac71ccbfbd6be38ef02a44010150a1a9e4e49874378,4139476,0x001866ae5b3de6caa5a51543fd9fb64f524f5478,0x3f5ce5fbfe3e9af3971dd833d26ba9b5c936f0be
105.06868506,0,0,20.0,0,0,0,0xa3d7098feeda2fcddd70e7d7b1584a803b24a96b6cced9ce5325d159aedcbc19,4139348,0x0b47be13d3fb7de05c56e8e868663ec6204b009f,0x001866ae5b3de6caa5a51543fd9fb64f524f5478
269.99216449,0,0,20.0,0,0,0,0x7ca4a5d609648653c7801b2923514fd8041e0ec3a9178ea6e66b4963919ca687,4139348,0x123d91b33ef4e808014d08644e865db0f9dfb9c0,0x001866ae5b3de6caa5a51543fd9fb64f524f5478
224.99892246,0,0,20.0,0,0,0,0x963f1b4d61abb96995180405c10403f8faa15a9efb69c84dabcbb985a359ac2f,4139348,0x0bef5aeb7c63370a828bf6ba550a99b51eba3fdc,0x001866ae5b3de6caa5a51543fd9fb64f524f5478
592.37353273,0,0,20.0,0,0,0,0x1780090b2221b557adf282d5468bbed163107d01d65eddc34b9a7a839d33b895,4139348,0x0a4a954ef7aff82f32d8b70849690a381ac95b61,0x001866ae5b3de6caa5a51543fd9fb64f524f5478
261.90975569,0,0,20.0,0,0,0,0x7975a71ed9b403b4c546c5bf19fe54a95b68785e7fe8c45043eccf5a3f61c89b,4139348,0x0ad78e2ac3fb381f261d405152f4071ebf2eb0de,0x001866ae5b3de6caa5a51543fd9fb64f524f5478
105.01679344,0,0,20.0,0,0,0,0xfaea4aade9bfbc8cf9c6508bc9eacf405282af758e29a4024a492589bc985f1e,4139345,0x0a0d1f7187d78a669b28a3cb0b7fcda1ac132bc4,0x001866ae5b3de6caa5a51543fd9fb64f524f5478
99.99892246,0,0,20.0,0,0,0,0xd3783998d4851494bece4fcb60d3f96184788da96aea6877adfc40df257ca217,4139345,0x114e6b970e043f4156c86fd449ea05189ec88e63,0x001866ae5b3de6caa5a51543fd9fb64f524f5478
131.99892246,0,0,20.0,0,0,0,0xb4cf7060e0b6e6adc1ef5b199c86f351b75513b70d1120490130f3c251ce428e,4139345,0x19f5e0a020e4a7941dede8889213b2fdcff09d70,0x001866ae5b3de6caa5a51543fd9fb64f524f5478
170.99892246,0,0,20.0,0,0,0,0x894ce29dba77f6292f9150351fc46d78d4e05a618c8516606c6ca6ff0e27aa06,4139345,0x0b1eb77da4cba712cdb724829da5b21124c9a286,0x001866ae5b3de6caa5a51543fd9fb64f524f5478
294.65217277,0,1,20.0,0,1,0,0x32d8466529811e42232121f57e4a8aa7b4066f2b7f2bc500f6e6c7a19adc9a62,4139345,0x07aa3b90cec37188a37c47e3530931d5fdb087eb,0x001866ae5b3de6caa5a51543fd9fb64f524f5478
500.0,0,18,21.0,0,1,0,0xc1b35cd79214607a1fff691de98529e47cd0709493c996a0ec749eabe7236b9e,4138703,0x001866ae5b3de6caa5a51543fd9fb64f524f5478,0x3f5ce5fbfe3e9af3971dd833d26ba9b5c936f0be
13.495,1,0,21.0,0,0,0,0x589c0c0e075c48d2608b16b69a4e462c140aa5389b70a70388a30d12c7d58dfb,4138622,0x001866ae5b3de6caa5a51543fd9fb64f524f5478,0x663efcd4bc1159937028fdb97a5d48875d73bff7
500.0,0,19,21.0,0,1,0,0x802f8a195b0847e0338f5e2efc3a70ecd7e1a3c87dd1914b0deb06d273bb1578,4138494,0x001866ae5b3de6caa5a51543fd9fb64f524f5478,0x3f5ce5fbfe3e9af3971dd833d26ba9b5c936f0be
800.0,0,20,21.0,0,1,0,0x6ed3afa1bf402f6bf10fbfa90ad31fbf273996f957e1ab21713981f6af8c8a2b,4138082,0x001866ae5b3de6caa5a51543fd9fb64f524f5478,0x3f5ce5fbfe3e9af3971dd833d26ba9b5c936f0be
400.0,0,21,22.073836554,0,1,0,0xcc6646362a8afa03afd507bf749d318bf35b8225ab4c7411a42df0eb8c13f7c3,4136780,0x001866ae5b3de6caa5a51543fd9fb64f524f5478,0x3f5ce5fbfe3e9af3971dd833d26ba9b5c936f0be
300.0,0,22,22.073836554,0,1,0,0xa2331c0d79659da377d2bdff32ea62f024417d0cfa03fd2c783e5b8d29183dc9,4136113,0x001866ae5b3de6caa5a51543fd9fb64f524f5478,0x3f5ce5fbfe3e9af3971dd833d26ba9b5c936f0be
400.0,0,23,22.073836554,0,1,0,0x27f794b86af9a79e21bf35d5fabc2ccdbf84c256fd55caac6404788172086bd2,4135843,0x001866ae5b3de6caa5a51543fd9fb64f524f5478,0x3f5ce5fbfe3e9af3971dd833d26ba9b5c936f0be
339.8,1,0,22.073836554,0,0,0,0x7a2137862ff59765c100b1cbe346acb8354088f54b210a5b3823bcaadc88043c,4135361,0x001866ae5b3de6caa5a51543fd9fb64f524f5478,0x9ff5e4d35b5f8d68606159eb3f66a000fe816101
500.0,0,24,22.073836554,0,1,0,0xe37f7425f29d46f1cc477a6a464775bb63f6feff937a84f286f4f269ac69861e,4135288,0x001866ae5b3de6caa5a51543fd9fb64f524f5478,0x3f5ce5fbfe3e9af3971dd833d26ba9b5c936f0be
299.99892246,0,0,22.073836554,0,0,0,0xef31bdb2e79084e96a944711091c8490551cb45ee98421273b551a7715e392b7,4135254,0x0eeaf80a35034a1c14e2450114c052270e63ab08,0x001866ae5b3de6caa5a51543fd9fb64f524f5478
165.72231176,0,0,22.073836554,0,0,0,0xe9b569a4ba2844250391b06efc04b98da67b960cd53ea60e8d1b81011706c98a,4135254,0x483045dd37e6c9358f50c96ffea2b7e83c55a5e5,0x001866ae5b3de6caa5a51543fd9fb64f524f5478
219.90892246,0,0,22.073836554,0,0,0,0xe190d1e0986a624fb1b6cbc07693d3fc32b9f6b12de21cf1e0621c1c02bef7b3,4135254,0x0301715050d4563fca9039f2261b3ea6b85491c5,0x001866ae5b3de6caa5a51543fd9fb64f524f5478
999.99892246,0,0,22.073836554,0,0,0,0xc422ee4a2fbfff4bd392327593ca5beaeb9d844d71715cbcfc313cac59800f25,4135254,0x0ba47795edd137b05a28fab453ae6c3d619d72a2,0x001866ae5b3de6caa5a51543fd9fb64f524f5478
115.49802246,0,0,22.073836554,0,0,0,0x996dd6fd24bcf4141da4540fd855b49e55acd37d8a127d6bf33bfc8ac0288e8e,4135254,0x0b110487a81c8776da880c96a395b3a41eed032b,0x001866ae5b3de6caa5a51543fd9fb64f524f5478
174.9494486994642,0,0,22.073836554,0,0,0,0x59e19a48abaa0a33017edc20c5026f4d1875703c7f5469d5e7b07a761be65bd6,4135254,0x0c852342b1aa75278a870c3769d83bf550fb4269,0x001866ae5b3de6caa5a51543fd9fb64f524f5478
99.99892246,0,0,22.073836554,0,0,0,0x0d0dfbe332a25c1cb4f15eae43145a8c435ae4e79aec07e4fbdcec33a6a51ec1,4135254,0x701d977d6c8bb30420af7078df913717ededa905,0x001866ae5b3de6caa5a51543fd9fb64f524f5478
107.94242246,0,0,22.073836554,0,0,0,0x264d23cd14ce5231f8048dfc9958d314fb176f56b184a14ffd1357e8c14dbd05,4135252,0x69c3b35eae208b36aa4528bf0c9384b8b33bc019,0x001866ae5b3de6caa5a51543fd9fb64f524f5478
151.09092246,0,0,22.073836554,0,0,0,0x44895362b4177bec1472e85f5ab6248e81d81dd30c1394ad5e8885cdc9e86f22,4135252,0x4eba7a611bc2e934771c7e6324d0301776dff4fb,0x001866ae5b3de6caa5a51543fd9fb64f524f5478
107.13782246,0,0,22.073836554,0,0,0,0x418ff139397528bb3ebda8f008d786cc57fa401984da61f245c9c809be3d51cc,4135252,0x649dc5bbc17552f0cba1732f83cc4c8bbad4295e,0x001866ae5b3de6caa5a51543fd9fb64f524f5478
29.99892246,0,0,22.073836554,0,0,0,0xe2cfeb0d1ab5d54448902154661f7a8e6a83f75b57ad5ad7cf4ef8e0a5f0ca24,4135246,0x2312a6d2239e88947bfb07478dfb17485dbf914d,0x001866ae5b3de6caa5a51543fd9fb64f524f5478
555.00892246,0,0,22.073836554,0,0,0,0xd3d916ae0d5799f17d18f7dc3e40f922fab76c974c7d2f5a3ada122e9a015518,4135246,0x6518ac99ebdd0120dd7b11ebc00d603d451bc04a,0x001866ae5b3de6caa5a51543fd9fb64f524f5478
44.99892246,0,0,22.073836554,0,0,0,0xcadb4033028237ce04231b370c860e55c5803ca363cb28fd98bdbed95cd3363b,4135246,0x64c9f43487fc00dc997afc0a4c5db36c1d83b422,0x001866ae5b3de6caa5a51543fd9fb64f524f5478
48.804751834441255,0,0,22.073836554,0,0,0,0xfe5d910deaed1b22caa1cdb9840d7fd7588ed88b3e76b169c72c25efe9fa57e1,4135244,0x6644f42dbc27a8d06c87737c42767f28cc7db989,0x001866ae5b3de6caa5a51543fd9fb64f524f5478
84.07916946,0,0,22.073836554,0,0,0,0xbc59da2cbd4f09bc65bd1e01eccaa0ba91e75a48137fd525dd7bb0afe0294943,4135244,0x6fda19da24d368102e6f7b3958ecd8e1bf0e8634,0x001866ae5b3de6caa5a51543fd9fb64f524f5478
49.27156344900021,0,0,22.073836554,0,0,0,0x85e905d68535c0bfdbd1fce0645955579bd25ed3d70041896fcb8eeb0fb38f92,4135244,0x5c99bc4e7b56e14f4ddc12d78d4254b87814f2b2,0x001866ae5b3de6caa5a51543fd9fb64f524f5478
133.77126326218905,0,0,22.073836554,0,0,0,0x6d33780425fc5787b4aa5ad5def2e7e5e69221ad38e3ae307009f86eb7f815c5,4135244,0x005c9ff7298d24afb1315722a3f0e6ece360bf13,0x001866ae5b3de6caa5a51543fd9fb64f524f5478
39.98769453,0,0,22.073836554,0,0,0,0x43a60a0b8c8dde0a474c3673c9411624c1003e56e000f1a22cc03eb82dcbc499,4135244,0x6e0c8be253d8b78a53fe7fb41c1364f060ff7cad,0x001866ae5b3de6caa5a51543fd9fb64f524f5478
52.03222246,0,0,22.073836554,0,0,0,0x0ef8a282a9e413ccdd99032f6c263be6ca62767a8711b7b5bba92c5aa5f6b999,4135244,0x01f4fa7313def9806ee10094204d6586475d9d93,0x001866ae5b3de6caa5a51543fd9fb64f524f5478
40.17782246,0,0,22.073836554,0,0,0,0x01f4cb60bf4bcfe49661753149873453ef834da97dfb802a3887d7f1d72c3545,4135244,0x2913f06de6f4955cda769c6de12ba3c312894993,0x001866ae5b3de6caa5a51543fd9fb64f524f5478
87.49849296,0,0,22.073836554,0,0,0,0x90a87d34466ae8b46adeb0ed3e8ab826862ebea5744cdc716c2903f8b5331a46,4135007,0x16d1ac3462f775ca02a72deac0cab056a24175b6,0x001866ae5b3de6caa5a51543fd9fb64f524f5478
99.99892246,0,0,22.073836554,0,0,0,0x8702865fadd161317986134e0ba0d1bf6ccc12cdc494a2361049ebded17798a9,4135007,0x5d1a58d45eadba705117dbd1d9cb6fb46ab25985,0x001866ae5b3de6caa5a51543fd9fb64f524f5478
530.861178282,0,0,22.073836554,0,0,0,0x5c302d941681d85d186ed010472834211e6a2d0001b422cdc05b4a98836fe467,4135007,0x6e9858e98e3fa3a1ba456dc8a0ef2b13875259df,0x001866ae5b3de6caa5a51543fd9fb64f524f5478
0.005,0,151,21.0,0,1,0,0xbeada682d3bddfa780a985a1c927ba785fd51bf937ea6622aec56a85e7f8d003,4134696,0x001866ae5b3de6caa5a51543fd9fb64f524f5478,0x0b95993a39a363d99280ac950f5e4536ab5c5566
0.005,0,152,21.0,0,1,0,0xa91d22542bc95103b1b67ee8c8101eefc42ca5fa5122e104290eb8dd412185d9,4134686,0x001866ae5b3de6caa5a51543fd9fb64f524f5478,0x0b95993a39a363d99280ac950f5e4536ab5c5566
0.005,0,153,21.0,0,1,0,0xb67697d36517526b1fc64f36652b95a565630f3c6af3ff3f450bc6831e277c05,4134681,0x001866ae5b3de6caa5a51543fd9fb64f524f5478,0x0b95993a39a363d99280ac950f5e4536ab5c5566
0.005,0,154,21.0,0,1,0,0x2d8bf355595d62fad50192e0cc28024d30ec1edad03ddf2ffbec017dd07b3e10,4134681,0x001866ae5b3de6caa5a51543fd9fb64f524f5478,0x0b95993a39a363d99280ac950f5e4536ab5c5566
0.005,0,155,21.0,0,1,0,0x5e4be795b75a42f7aed6e08cbfcb1cbd1be67638536fe9a5ead178860764ec73,4134677,0x001866ae5b3de6caa5a51543fd9fb64f524f5478,0x0b95993a39a363d99280ac950f5e4536ab5c5566
0.005,0,156,21.0,0,1,0,0x88d958181bbb8d2851b5d4997d7a1a920cc5125712e5f045d29ea1f57c26ae97,4134677,0x001866ae5b3de6caa5a51543fd9fb64f524f5478,0x0b95993a39a363d99280ac950f5e4536ab5c5566
0.005,0,157,21.0,0,1,0,0x1a4b5ffd751ac17bccb010492e8cf66fca0d9f1dbba63a03128d840e26aafb32,4134677,0x001866ae5b3de6caa5a51543fd9fb64f524f5478,0x0b95993a39a363d99280ac950f5e4536ab5c5566
300.0,0,25,21.0,0,1,0,0x1847b1f1258632fa463ea928b206850a12fc34dfa68ce34858a5bc2bf372cb91,4134669,0x001866ae5b3de6caa5a51543fd9fb64f524f5478,0x3f5ce5fbfe3e9af3971dd833d26ba9b5c936f0be
300.0,0,26,20.0,0,1,0,0xe49dbf6c02880b858694c6426f64b4b2ae3e683bcbae17b281c2ef95a0725552,4133971,0x001866ae5b3de6caa5a51543fd9fb64f524f5478,0x3f5ce5fbfe3e9af3971dd833d26ba9b5c936f0be
400.0,0,27,20.0,0,1,0,0xe4fa76676ad952bced5cfaff416dd42fd2ce28aacbb2fd0043f962470fae1f6d,4132212,0x001866ae5b3de6caa5a51543fd9fb64f524f5478,0x3f5ce5fbfe3e9af3971dd833d26ba9b5c936f0be
65.83,1,0,20.0,0,0,0,0x4785d73022755e6b7db9582f2b6bd4d786999bfecf8c0887febc04e05eb3e179,4131978,0x001866ae5b3de6caa5a51543fd9fb64f524f5478,0x17fd9bc504f477c97e6828a5cf470030faf5afb8
50.0,1,0,20.0,0,0,0,0xac021c24d2bdbeb9438df6fd16bb981f5142e836a578f26e0e449bb358c257b6,4131966,0x001866ae5b3de6caa5a51543fd9fb64f524f5478,0x67355adb75d5e86e1ef234ee6b12dddca9575f86
1018.0,0,0,21.0,0,0,0,0xdaf17b00958c48a3391a8469cb4c34ba5b5c8b90260731c2de725ba468d38d62,4131794,0x00f9451385bf75910d80374eb42edf36d1a3f243,0x001866ae5b3de6caa5a51543fd9fb64f524f5478
300.0,0,28,20.0,0,1,0,0xa35d35abea95b2dc4eaae3a212247b34b8a6ee9b9feaf6d8325611e668816921,4131762,0x001866ae5b3de6caa5a51543fd9fb64f524f5478,0x3f5ce5fbfe3e9af3971dd833d26ba9b5c936f0be
0.005,0,158,20.0,0,1,0,0x6f83218fc0d97cf6cc5dd6ad88d4d63d9edb625152f5458b79e8b7a7ad1eba69,4131482,0x001866ae5b3de6caa5a51543fd9fb64f524f5478,0x0b95993a39a363d99280ac950f5e4536ab5c5566
300.0,0,29,20.0,0,1,0,0xd97b01b26bbd2ae33f5c3bd685a46a067c26cb3a5698d4ca43bf38c39b13f235,4131388,0x001866ae5b3de6caa5a51543fd9fb64f524f5478,0x3f5ce5fbfe3e9af3971dd833d26ba9b5c936f0be
0.005,0,159,20.0,0,1,0,0xba096b9a2b0c3be9a391c3ff3f1852efda7d2173d929b3f3acdc9fecc81f0e06,4131256,0x001866ae5b3de6caa5a51543fd9fb64f524f5478,0x0b95993a39a363d99280ac950f5e4536ab5c5566
0.005,0,160,20.0,0,1,0,0xade0b863d89a4f7bd3b79cf64dd0ddb7ba45c6c30b5ad3f957dbaa9e38349f3d,4131254,0x001866ae5b3de6caa5a51543fd9fb64f524f5478,0x0b95993a39a363d99280ac950f5e4536ab5c5566
0.005,0,161,20.0,0,1,0,0xe9ec127b5858502e8a7c5e90ab93611addd44d7a8cd23db8ee03def1b6413bb5,4131252,0x001866ae5b3de6caa5a51543fd9fb64f524f5478,0x0b95993a39a363d99280ac950f5e4536ab5c5566
0.005,0,162,20.0,0,1,0,0x2a959daf56c0a1438820131492e6104b8f97d03ec58a38274b465fa40a5bb436,4131251,0x001866ae5b3de6caa5a51543fd9fb64f524f5478,0x0b95993a39a363d99280ac950f5e4536ab5c5566
0.005,0,163,20.0,0,1,0,0x2771d917aa005a4a0579a9272bfbea5b8555887d63c8e95c512589a8821686e9,4131249,0x001866ae5b3de6caa5a51543fd9fb64f524f5478,0x0b95993a39a363d99280ac950f5e4536ab5c5566
0.005,0,164,20.0,0,1,0,0x58d1e88cb599acf8ba12fb30eabf69edb4e8de222708812c5480366f676e584b,4131247,0x001866ae5b3de6caa5a51543fd9fb64f524f5478,0x0b95993a39a363d99280ac950f5e4536ab5c5566
0.005,0,165,20.0,0,1,0,0xfe1898d9db2c2762d3b9498199069fc5fcf7edb9ebfc2ee00bd23761056784e7,4131247,0x001866ae5b3de6caa5a51543fd9fb64f524f5478,0x0b95993a39a363d99280ac950f5e4536ab5c5566
0.005,0,166,20.0,0,1,0,0x0368a4eb7d5f1a63d0c60876e8a2bc39de96a4ecfa678fe9fb979196434feffa,4131247,0x001866ae5b3de6caa5a51543fd9fb64f524f5478,0x0b95993a39a363d99280ac950f5e4536ab5c5566
0.005,0,167,20.0,0,1,0,0x57537557b317cbfdfd400ee86d48499d3d4d2d906dc0212cc50bc15ce96f1db6,4131244,0x001866ae5b3de6caa5a51543fd9fb64f524f5478,0x0b95993a39a363d99280ac950f5e4536ab5c5566
0.005,0,168,20.0,0,1,0,0xe74db810ea6377b078d4cc8c5a3ea432083d326ade3ae93ef3d9b28cbc9761d4,4131233,0x001866ae5b3de6caa5a51543fd9fb64f524f5478,0x0b95993a39a363d99280ac950f5e4536ab5c5566
0.005,0,169,20.0,0,1,0,0x69cca4db7dcbb2f01016562a68dc2db3e3d56e173f34bd14f4a8b67f2ebcdc3d,4131230,0x001866ae5b3de6caa5a51543fd9fb64f524f5478,0x0b95993a39a363d99280ac950f5e4536ab5c5566
0.005,0,170,20.0,0,1,0,0xa1903d81f172ea8b1c590b303090a45812da6d06b7e038721c6d536a92d61ed5,4131229,0x001866ae5b3de6caa5a51543fd9fb64f524f5478,0x0b95993a39a363d99280ac950f5e4536ab5c5566
0.005,0,171,20.0,0,1,0,0xd9068f53368f2174cfc0487a9e10577c68ea531e30d14ffdc5f05f0d68e7d02f,4131228,0x001866ae5b3de6caa5a51543fd9fb64f524f5478,0x0b95993a39a363d99280ac950f5e4536ab5c5566
0.005,0,172,20.0,0,1,0,0xbba7ee41dc4cb4121c0ca034ff8cb8097a8cceec6c783c35ec6a8ed92a3ff9c0,4131215,0x001866ae5b3de6caa5a51543fd9fb64f524f5478,0x0b95993a39a363d99280ac950f5e4536ab5c5566
0.01,0,173,20.0,0,1,0,0x0a98b6ec78c09357434aa561cc67e13ed61ad985e11ed513d14b0bb319ed2b5a,4131215,0x001866ae5b3de6caa5a51543fd9fb64f524f5478,0x0b95993a39a363d99280ac950f5e4536ab5c5566
0.01,0,174,20.0,0,1,0,0xe653c31b540d4fe753926af7a04105f915837d8a95b1d1c53839c7540f8848dd,4131182,0x001866ae5b3de6caa5a51543fd9fb64f524f5478,0x0b95993a39a363d99280ac950f5e4536ab5c5566
0.01,0,175,20.0,0,1,0,0xabe6a2169df0b72a1ff426dffba0b674d38c0418bafda5232734d088bf30d5bf,4131180,0x001866ae5b3de6caa5a51543fd9fb64f524f5478,0x0b95993a39a363d99280ac950f5e4536ab5c5566
0.01,0,176,20.0,0,1,0,0x5f456bde3ae815d203aecfab6040a0f6607fa38cff2f94f7a9dfc9db054d2027,4131177,0x001866ae5b3de6caa5a51543fd9fb64f524f5478,0x0b95993a39a363d99280ac950f5e4536ab5c5566
300.0,0,30,21.0,0,1,0,0x34311cb2ef73d29c1487f7da7f429e49d6c40553e6e0c8e39111d581bce46f4a,4127885,0x001866ae5b3de6caa5a51543fd9fb64f524f5478,0x3f5ce5fbfe3e9af3971dd833d26ba9b5c936f0be
1000.0,0,1,21.0,0,1,0,0xab8486b3bd5834c2c94b577bca24bbe75e5761d1a354a234288a330c0ac9c66e,4127377,0x00f9451385bf75910d80374eb42edf36d1a3f243,0x001866ae5b3de6caa5a51543fd9fb64f524f5478
200.0,0,31,21.0,0,1,0,0x3330dd5051eabe602c91866178b3c8267fddabaad49a8e05003358319914c13b,4127082,0x001866ae5b3de6caa5a51543fd9fb64f524f5478,0x3f5ce5fbfe3e9af3971dd833d26ba9b5c936f0be
300.0,0,32,21.0,0,1,0,0x025e232fc6111bbe880ba65d4911753a26e1e157e883aa1b54bcaac486adb5c1,4126760,0x001866ae5b3de6caa5a51543fd9fb64f524f5478,0x3f5ce5fbfe3e9af3971dd833d26ba9b5c936f0be
0.9152005,0,1,21.0,0,1,0,0x2215566fe2ff077e23ce6ab3df8d9f8a4bf51e9999bad517582bcc755e92cf17,4126457,0x3f5ce5fbfe3e9af3971dd833d26ba9b5c936f0be,0x001866ae5b3de6caa5a51543fd9fb64f524f5478
0.01,0,177,21.0,0,1,0,0x5940a9cdfe1aafd1264b6541ace39b2891f5414630b0fd2a33e124377e937223,4126277,0x001866ae5b3de6caa5a51543fd9fb64f524f5478,0x0b95993a39a363d99280ac950f5e4536ab5c5566
0.01,0,178,21.0,0,1,0,0xf59902e9e1a562790944cdeb0e00af7022b5e81dc38c69ad684967351e1bca30,4126275,0x001866ae5b3de6caa5a51543fd9fb64f524f5478,0x0b95993a39a363d99280ac950f5e4536ab5c5566
0.01,0,179,21.0,0,1,0,0x4d1e26e1892f19be45f570c11f693c8a3419f33598411ac0f989a44fcd575a52,4126245,0x001866ae5b3de6caa5a51543fd9fb64f524f5478,0x0b95993a39a363d99280ac950f5e4536ab5c5566
0.01,0,180,21.0,0,1,0,0x72243645003159e816740d3357875e514dd0daede6d1ce69fcb2b1e73180cd23,4126242,0x001866ae5b3de6caa5a51543fd9fb64f524f5478,0x0b95993a39a363d99280ac950f5e4536ab5c5566
300.0,0,33,21.0,0,1,0,0xa7ec4101e4ea9aa5bde05e45fd6f510460b5180a3fa0c0b92c15809a3a5d8e1e,4124228,0x001866ae5b3de6caa5a51543fd9fb64f524f5478,0x3f5ce5fbfe3e9af3971dd833d26ba9b5c936f0be
200.0,0,34,21.0,0,1,0,0x848297b131d2862ac730edb76db3fe9609196d77bd5264bd33375f35b8ed758d,4122989,0x001866ae5b3de6caa5a51543fd9fb64f524f5478,0x3f5ce5fbfe3e9af3971dd833d26ba9b5c936f0be
1000.0,0,2,21.0,0,1,0,0x6b80faca45dd4bbf5e6df4a8e90652699747ebe7b1977f5d6ff7402ac532ffcc,4122163,0x00f9451385bf75910d80374eb42edf36d1a3f243,0x001866ae5b3de6caa5a51543fd9fb64f524f5478
150.0,0,35,20.42469852,0,1,0,0x0df659d3ab462bb8c92216387d3613cb4e73b18ec08e92d9eab35f4539ce4a2f,4122149,0x001866ae5b3de6caa5a51543fd9fb64f524f5478,0x3f5ce5fbfe3e9af3971dd833d26ba9b5c936f0be
0.01,0,181,20.42469852,0,1,0,0x7de09f1c8c5ee1a8ebd9c08289bcac1d9d70922cbd3cbaa11279977a978b22d2,4120047,0x001866ae5b3de6caa5a51543fd9fb64f524f5478,0x0b95993a39a363d99280ac950f5e4536ab5c5566
0.01,0,182,20.42469852,0,1,0,0x705e8c92b964569d1a342997941a82c62bf14a1e984a696be0c0c0a39df62a6e,4120022,0x001866ae5b3de6caa5a51543fd9fb64f524f5478,0x0b95993a39a363d99280ac950f5e4536ab5c5566
0.01,0,183,20.42469852,0,1,0,0x95ed2345c17fd16b1ac029c31fb0b46eae412f5c1b4fce7116bc62c3cbceffc2,4120022,0x001866ae5b3de6caa5a51543fd9fb64f524f5478,0x0b95993a39a363d99280ac950f5e4536ab5c5566
0.01,0,184,20.42469852,0,1,0,0x060b2b9ae3c38ac9bcfaf391212ac7131dbf908c3dced7e54ec2523568d7ad1c,4120022,0x001866ae5b3de6caa5a51543fd9fb64f524f5478,0x0b95993a39a363d99280ac950f5e4536ab5c5566
0.01,0,185,20.42469852,0,1,0,0x6b4ec71d30f596b2e37be3c48d990a54b0909b423543c5b454ed9f36ae88cbea,4120020,0x001866ae5b3de6caa5a51543fd9fb64f524f5478,0x0b95993a39a363d99280ac950f5e4536ab5c5566
0.01,0,186,20.42469852,0,1,0,0xffe5fba5b2d4e6b4129b5b022866f5cb153672e8043d6647f74035d61e23433c,4120017,0x001866ae5b3de6caa5a51543fd9fb64f524f5478,0x0b95993a39a363d99280ac950f5e4536ab5c5566
200.0,0,36,20.0,0,1,0,0x9ffa0a138a3aeb81e7270ba5a0f079a6f6999ea293f6ac73749b63b151625007,4119410,0x001866ae5b3de6caa5a51543fd9fb64f524f5478,0x3f5ce5fbfe3e9af3971dd833d26ba9b5c936f0be
2.579,1,0,21.0,0,0,0,0x95ac85c82c37ab4a528174479faaaefd60912d5f866bf0c6d7e9f9762e36c0c9,4119315,0x001866ae5b3de6caa5a51543fd9fb64f524f5478,0x5b41c08e5e621a7f3c96927aca90d9d964973a46
2.01006804,1,0,21.0,0,0,0,0xbb30692c38fd0697445d9a6aff867881383568d56d40d5b0e6fb4756c447ed83,4119311,0x001866ae5b3de6caa5a51543fd9fb64f524f5478,0xecf1b4960f6d4acea2f15984c4ae5c66b2b596cf
7.306048,1,0,21.0,0,0,0,0xfde15ef232c8d6173f8dc02830fbd9312dfbc308946641713f5049f468cb344a,4119309,0x001866ae5b3de6caa5a51543fd9fb64f524f5478,0xd3f7e38329e4415c74695635f61b49b0a7550bb6
25.995,1,0,21.0,0,0,0,0xe2e8ab11f6a09f0d2f1452bed2f5528a526466b7aa825ad9362b57fc7903f12c,4119307,0x001866ae5b3de6caa5a51543fd9fb64f524f5478,0x85881547ad7610f9e6b72c0198a77acb1cbd198a
24.995,1,0,21.0,0,0,0,0xee31fa22c5108152300f09306f4cb06112cbdba012d9861d4d981104924ace74,4119306,0x001866ae5b3de6caa5a51543fd9fb64f524f5478,0x349d40ddcd6cb15f81a942563e036d3aeb963e98
0.905,1,0,21.0,0,0,0,0xcf2c45e8cec78b5d37c9be785686382a84c816fa6cf1804891570a81f5af98f7,4119306,0x001866ae5b3de6caa5a51543fd9fb64f524f5478,0x1f8dc5071852846128ecebe05dd4e540b9a21574
0.01,0,187,21.0,0,1,0,0x4c40db3c2afaaedce85465c322816ad30bedc959bfb7146c3981a843a81275fd,4119000,0x001866ae5b3de6caa5a51543fd9fb64f524f5478,0x0b95993a39a363d99280ac950f5e4536ab5c5566
0.99500027,1,0,21.0,0,0,0,0xa95dc61b7a7f055cba0253aa7efec5c4e26245cb5aef4fbf234183b012b51d0e,4118968,0x001866ae5b3de6caa5a51543fd9fb64f524f5478,0x70c2c7b619f200b14242b3e4357b928adff8f62a
0.002408,1,0,21.0,0,0,0,0xa51e2bcca6bc6fcf2341e76e1eb6f4c958ef76ec32282277a12564272ae7edc4,4118947,0x001866ae5b3de6caa5a51543fd9fb64f524f5478,0x42cbe98d4b916051607e4093bc8d3a20c7fb09c6
0.21596005,1,0,21.0,0,0,0,0x0adf6cc50a0685d4fdcc602ee2f4022afb7f3055c5bc56ee52381c059bda8cae,4118946,0x001866ae5b3de6caa5a51543fd9fb64f524f5478,0xdb935039b1158d30084574482c9932044357491f
1.562,1,0,21.0,0,0,0,0x6db422346abefd0478700209508bfdb680401a39de9cfac4e7d3eb537445bcb3,4118944,0x001866ae5b3de6caa5a51543fd9fb64f524f5478,0x0097b872bf97db3bad7b77e54d9e7eeafbf1b0b3
10.34722276,1,0,21.0,0,0,0,0x618c7203cfdef62f8cf2c87a6d6e336fdacd21f240001da9eaf59d5de8966806,4118943,0x001866ae5b3de6caa5a51543fd9fb64f524f5478,0x73e3a149f1dddf05bb29953ac96d92fec63dbef2
3.74,1,0,21.0,0,0,0,0x43874447fdf38bc7df3525907a2b805dc35a5c02f0bf5b60e1f1bbd1f3551b15,4118941,0x001866ae5b3de6caa5a51543fd9fb64f524f5478,0xd25bd5064f0e46a8fc5292ab462816d68fd20569
17.83162199,1,0,21.0,0,0,0,0x3eee4f68fc607ceaa08293e4fdc5413c0c082359c50ad800938c0133229581a1,4118938,0x001866ae5b3de6caa5a51543fd9fb64f524f5478,0x04eceef9d67c39c3927068a3c2cf11ad1952f893
2.13,1,0,21.0,0,0,0,0x4ff7ad3b7e41fb36e29bb414b493438cd312fed50f08ad51e1ca081858d99db7,4118935,0x001866ae5b3de6caa5a51543fd9fb64f524f5478,0xf1dc12e36bae1386112e5c45949388863e9759dc
12.6026,1,0,21.0,0,0,0,0x4478a73b7ed0f5c2d7785d38100486a6c2125340ca4b11b8a8e5a5a0c80d5f9c,4118928,0x001866ae5b3de6caa5a51543fd9fb64f524f5478,0xd65b50420eb42b62a223e6b26bd4b7aad19edd56
500.0,0,3,21.0,0,1,0,0x914a3fe3b9f782c8b5fa56375933022354fb292883235fba560ae6b196f0ff8f,4118879,0x00f9451385bf75910d80374eb42edf36d1a3f243,0x001866ae5b3de6caa5a51543fd9fb64f524f5478
1.7772,1,0,21.0,0,0,0,0xedd5109e3a4a6cd54750fee954d2777a21fc4e5541a4935f09575a7a746c82b7,4118715,0x001866ae5b3de6caa5a51543fd9fb64f524f5478,0xdd96bdc6259fd8b4f9414c6a0b15f2daf737f661
2.64904924,1,0,21.0,0,0,0,0x15bf33364a7fa1cc546bdda3fb4083cd8e99015c8a120f53d11cf5f4d86015b3,4118714,0x001866ae5b3de6caa5a51543fd9fb64f524f5478,0xa47b64ec546298eeb310862d505351f6f26d338e
0.885,1,0,21.0,0,0,0,0x6fef64b4e28b0861c3ce288d356edddbd76dfbb228cb4ef8c300d2301b149801,4118710,0x001866ae5b3de6caa5a51543fd9fb64f524f5478,0x9300fdc106dbf468ec804c53067b7f28db34cffd
9.995,1,0,21.0,0,0,0,0x238ee0de2f37088066d522158a2d35df39d76151d19addf6e6a85f48eed860ca,4118703,0x001866ae5b3de6caa5a51543fd9fb64f524f5478,0xae5bfe197b8eff26c48df1f355d98555b5c37fee
18.395,1,0,21.0,0,0,0,0xc521665c471623790762605483a4518a23ae4396122d61fac874f767e693ddcf,4118701,0x001866ae5b3de6caa5a51543fd9fb64f524f5478,0x9ac8cb4275c99982fc8b99c902f5302eaded39fd
17.833,1,0,21.0,0,0,0,0xfacd98ed41717ff961110c4f4c7f3f4de4d0073f12678548d3e205256bd91b19,4118699,0x001866ae5b3de6caa5a51543fd9fb64f524f5478,0x25a823268ec501a6206607e328f2a919398baaf4
18.337,1,0,21.0,0,0,0,0x7fc26e3434400402c06da22158a2b6c50cb20d70f6d47fdb50e51ec4f84d5d77,4118698,0x001866ae5b3de6caa5a51543fd9fb64f524f5478,0xa34980000a55725213b30e701ae7b2c1a9c74e85
23.699,1,0,21.0,0,0,0,0xc114ef985fa0aa30f6a0e55a1ad88467c946166db23638df1ea572b9f7735f54,4118698,0x001866ae5b3de6caa5a51543fd9fb64f524f5478,0x6ce20b48320490869d9ce7fbfecbf993b5998d2d
0.55509786,1,0,21.0,0,0,0,0x658453abb6263c4c1aac54b2e2dea8fba9eecdda61315f7f943892ff29efb3f7,4118698,0x001866ae5b3de6caa5a51543fd9fb64f524f5478,0xe48af6a98bf2424f45f981cf584241ab9301cca6
11.213504,1,0,21.0,0,0,0,0x9805eb1b1bd589cfeb9b7d9a84c5a90caba5a3498136809b9ada4ea4f8493159,4118697,0x001866ae5b3de6caa5a51543fd9fb64f524f5478,0xa793df418d578d9b6a316cbb4cc73a535e3b2f6f
5.455,1,0,21.0,0,0,0,0x2048a564cc8b3bf0fdf1cdf2cd91d4a6aeac927838dd7f9ce3c5f2f38251cbc3,4118695,0x001866ae5b3de6caa5a51543fd9fb64f524f5478,0x4eb379360c6b14921c12931daf2a3e6a4a3d9022
25.995,1,0,21.0,0,0,0,0x1451873d817b746e40b450b783190b8144d5a2b2f6e12659e09dc6baab369b32,4118682,0x001866ae5b3de6caa5a51543fd9fb64f524f5478,0x57c6e0582f12d1ef9c188cfde674fe17179a4597
42.918,1,0,21.0,0,0,0,0x868e337573c9bf8842a8af75137f0ed9c157a31a6a2dc31a3a7917a41701ebd1,4118368,0x001866ae5b3de6caa5a51543fd9fb64f524f5478,0x96f6364ff27d76a131e793eb6ca4b108cb4a9b37
16.137,1,0,21.0,0,0,0,0xe931a841a1f3a45d48c1d33832150a7d9675fe691356c5a67f97f3a2a533f756,4118235,0x001866ae5b3de6caa5a51543fd9fb64f524f5478,0x1f8771168667eb659fa2c75b4dd3b63381db029c
31.995,0,1,21.0,0,1,0,0x138aec29b32986cc0be86ee810aad36dcff00d2a61cc5dbd169f2cb2a9de27b4,4118234,0x001866ae5b3de6caa5a51543fd9fb64f524f5478,0x96f6364ff27d76a131e793eb6ca4b108cb4a9b37
42.23635879,1,0,21.0,0,0,0,0x99205bf2a151e9ad10acf5691285a2f2b3cbd9f39ab4d41e08b779f0bb20a2e5,4118166,0x001866ae5b3de6caa5a51543fd9fb64f524f5478,0xfd26f25d6588b752a90e600aff038a654d64a42c
12.977,0,1,21.0,0,1,0,0xf5f38efde31ff4af03d288f479f44ca999350258e316b1275e8db7c8142407e5,4118166,0x001866ae5b3de6caa5a51543fd9fb64f524f5478,0x1f8771168667eb659fa2c75b4dd3b63381db029c
2.02686939,1,0,21.0,0,0,0,0xc0ea8b3ae6eea66758a9593d7d5441f3ebc1fdfc2ed4f01bb0b8dc0c5784d9a8,4118161,0x001866ae5b3de6caa5a51543fd9fb64f524f5478,0x1cc93e21f0437c30e16f5443d87dc7513444b724
0.492503,1,0,21.0,0,0,0,0x27bae45d2adea7aeaeeda45c4fd0dbd2567a575e30ebfc933ff3388125ee3523,4118160,0x001866ae5b3de6caa5a51543fd9fb64f524f5478,0xc4b64891f4e38b8ddf2c1dd869b6a08f568f3c4a
1.3141,1,0,21.0,0,0,0,0x67cde219a641df5d833eccb682af3449d8bddf5b44a88619228f546d96003e1f,4118160,0x001866ae5b3de6caa5a51543fd9fb64f524f5478,0x328a192acf0656da713041879f19b47f4070fec0
0.12204091,1,0,21.0,0,0,0,0x61148f8ec956ee02d2fd9042fe0fccf68b5327f8d2fbbf5fc7c698a0e1da7ba8,4118160,0x001866ae5b3de6caa5a51543fd9fb64f524f5478,0x608596d0c77945478cc5fdd72b4b5a24e3913ddb
6.9015,1,0,21.0,0,0,0,0x821aaf8bde9e1f8a4992093b781207d37bc725c291e4e067b3457bc35abe910e,4118153,0x001866ae5b3de6caa5a51543fd9fb64f524f5478,0xbcf8c43e3c573c6634f2ff44308b29af09ca536b
0.495,1,0,20.0,0,0,0,0x5ac1f165fca1dd57d55b7db9dee81604d5fb6fcf33e7da331c063c67a4b306ab,4118132,0x001866ae5b3de6caa5a51543fd9fb64f524f5478,0x3338c7ab801ecd2ebc41886c140c23234d75be31
6.439,1,0,20.0,0,0,0,0x45264f79feb9e7769f6d59a6957b3df75e2268da8779b7637202e6aaa1059364,4118122,0x001866ae5b3de6caa5a51543fd9fb64f524f5478,0x59835a30db7ceb4649fb1a67277e45a818110417
7.765,1,0,20.0,0,0,0,0x14111883c6254d21b5bad4bf27525fbf50633d9c82303223f5f15935268fcb2d,4118121,0x001866ae5b3de6caa5a51543fd9fb64f524f5478,0x51649a1af50775f0390a2aae1201eecfcce252d5
8.68879,0,1,20.0,0,1,0,0x01ee3a7aeca1ab62f1b28ee7f6849a53644f1f8ab2e7cf35ff86bab5c43957c9,4118115,0x001866ae5b3de6caa5a51543fd9fb64f524f5478,0xae5bfe197b8eff26c48df1f355d98555b5c37fee
3.28327844,1,0,20.0,0,0,0,0x7cc1379069770bc45c272c57f86db3b91401f8386fe7bf2431d1d5bb9d59e965,4116715,0x001866ae5b3de6caa5a51543fd9fb64f524f5478,0xd6fe77d8740689e5c9abdad2349361600fe15de0
1.197,1,0,20.0,0,0,0,0x7abafbea22e6666a9231a9eb734f1518dcfcc124231cddb2f86de7d02d9d6fa2,4116713,0x001866ae5b3de6caa5a51543fd9fb64f524f5478,0x461f66580500e814d72545d98bca161338baed30
0.01,0,188,20.0,0,1,0,0x09889f6df2599c8607cd08526d84749ac0fc57af0f2a786b4614556efbbc1b2a,4116685,0x001866ae5b3de6caa5a51543fd9fb64f524f5478,0x0b95993a39a363d99280ac950f5e4536ab5c5566
0.01,0,189,20.0,0,1,0,0x1f2bd3ea2d83200902270455923f4688c963eba8da6a53ed4555e1bc4b8a8f8d,4116683,0x001866ae5b3de6caa5a51543fd9fb64f524f5478,0x0b95993a39a363d99280ac950f5e4536ab5c5566
0.01,0,190,20.0,0,1,0,0x71b3c63b8f9e688b15090123b44f8ba8a47c86b33ccefa6fd9036035167f9ace,4116683,0x001866ae5b3de6caa5a51543fd9fb64f524f5478,0x0b95993a39a363d99280ac950f5e4536ab5c5566
0.01,0,191,20.0,0,1,0,0x44f5d2fd735fcb29101f76084a520981937b5c1abec491e4089ea158407f8cac,4116680,0x001866ae5b3de6caa5a51543fd9fb64f524f5478,0x0b95993a39a363d99280ac950f5e4536ab5c5566
0.01,0,192,20.0,0,1,0,0xe4817faa40ba2213bec2d6d6e6bddbe96b639b538448fd9fc7a5003b57f32449,4116678,0x001866ae5b3de6caa5a51543fd9fb64f524f5478,0x0b95993a39a363d99280ac950f5e4536ab5c5566
0.01,0,193,20.0,0,1,0,0xd2b967d636b4b4279de8a3a92d123ed323c4d8bedd18ab1c86190a24304f2f03,4116675,0x001866ae5b3de6caa5a51543fd9fb64f524f5478,0x0b95993a39a363d99280ac950f5e4536ab5c5566
0.01,0,194,20.0,0,1,0,0x28e9a66d4bf8039a9d55c9f215e0d39f448009a8fde5ce6fc2bb78cb6ab96e7f,4116660,0x001866ae5b3de6caa5a51543fd9fb64f524f5478,0x0b95993a39a363d99280ac950f5e4536ab5c5566
0.01,0,195,5.0,0,1,0,0xb12ae338b4ab4f2b3ca9526c52745e37a970123a38f875f0b290dcf551ce42b9,4116562,0x001866ae5b3de6caa5a51543fd9fb64f524f5478,0x0b95993a39a363d99280ac950f5e4536ab5c5566
0.01,0,196,5.0,0,1,0,0x1d1f671d5051af93e31fdb8d1b7fbc6bfb8f085e2604c00f98927cfc4a5c3b98,4116559,0x001866ae5b3de6caa5a51543fd9fb64f524f5478,0x0b95993a39a363d99280ac950f5e4536ab5c5566
17.963,0,2,10.0,0,1,0,0xfdbbf9955ba2c3774d44bc19d405df7e96d4c32b3a3865b458b7927820c0550d,4116499,0x001866ae5b3de6caa5a51543fd9fb64f524f5478,0x1f8771168667eb659fa2c75b4dd3b63381db029c
0.01,0,2,4.000000001,0,1,0,0xafbbfd006fa2c9f5884c8e9dd6459817d0ceed56db39bcb5baf06d2ceb6907f1,4116472,0x3f5ce5fbfe3e9af3971dd833d26ba9b5c936f0be,0x001866ae5b3de6caa5a51543fd9fb64f524f5478
0.01,0,3,4.000000001,0,1,0,0x8954b6eaefb479c8aa050132eb69f1542b90bda4cd719dee3699d703d0206d07,4116472,0x3f5ce5fbfe3e9af3971dd833d26ba9b5c936f0be,0x001866ae5b3de6caa5a51543fd9fb64f524f5478
0.045,0,4,20.0,0,1,0,0xd7be6ba521091058a4f8f99b94339e42483a6e907da41ba6c815b97cc75e8e75,4116404,0x3f5ce5fbfe3e9af3971dd833d26ba9b5c936f0be,0x001866ae5b3de6caa5a51543fd9fb64f524f5478
1.20955637,1,0,20.0,0,0,0,0xe7bd6ad49c01f2dd5d5c3d17f458998e20bd05a2ed10c7308333db32fba68bc8,4116340,0x001866ae5b3de6caa5a51543fd9fb64f524f5478,0x2d7972b09a8416dbb319200840b6097a58e215b9
1.0,1,0,20.0,0,0,0,0x7e3af35de94232b1be512107ff9c9e3917b408738def4499bdcd10c39e99cb84,4116299,0x001866ae5b3de6caa5a51543fd9fb64f524f5478,0x69af1f95b6c1453813c0b26823e12795d73e696b
0.1,0,37,20.0,0,1,0,0x8b5d708cf5c77e6cdf14f3b4ba4d6799a4c140ec88007fe94fa5be0cc74a31ff,4116264,0x001866ae5b3de6caa5a51543fd9fb64f524f5478,0x3f5ce5fbfe3e9af3971dd833d26ba9b5c936f0be
4.815,0,1,12.0,0,1,0,0x69ee4e5529444e16d39a7c04e5be71d8a798ec4ecde810e7beb925531ffdf637,4116252,0x001866ae5b3de6caa5a51543fd9fb64f524f5478,0xd6fe77d8740689e5c9abdad2349361600fe15de0
1.1072,0,2,4.0,0,1,0,0xeb3ff7b2485b46c0793e400c8099d377de90c374e51cc34af27b077cc6df04e7,4116230,0x001866ae5b3de6caa5a51543fd9fb64f524f5478,0xae5bfe197b8eff26c48df1f355d98555b5c37fee
5.7015,0,1,4.0,0,1,0,0x699ed8027c25e130373c53cb8147e7dab4527e96e1c44a424331a49e38b2ffbc,4116227,0x001866ae5b3de6caa5a51543fd9fb64f524f5478,0xbcf8c43e3c573c6634f2ff44308b29af09ca536b
11.453206,0,3,4.0,0,1,0,0x4e101a10d9c475cbcdce5dcb69819d12ec860707dc861402f071728ecad67ceb,4116227,0x001866ae5b3de6caa5a51543fd9fb64f524f5478,0xae5bfe197b8eff26c48df1f355d98555b5c37fee
0.095,0,2,4.0,0,1,0,0xba6f982c446aa738d94433e2d2386ab948474f11b8191d21d0ce01e48105ecf6,4116224,0x001866ae5b3de6caa5a51543fd9fb64f524f5478,0xd6fe77d8740689e5c9abdad2349361600fe15de0
4.09,1,0,4.0,0,0,0,0x6f3a03f3646d28a0baf62e64f8b96fe4373e7e1a4a54cb525475fa4fc6d9a88f,4116223,0x001866ae5b3de6caa5a51543fd9fb64f524f5478,0x61a84d104e7d53465ada87024e3cb59d98e8ead1
24.995,1,0,4.0,0,0,0,0x9e786a84975e7164dde916070d5e9637d5c374d657e99467037e4913dcea6f33,4116219,0x001866ae5b3de6caa5a51543fd9fb64f524f5478,0xd7d54afaecf1b25d1e7445607462f6de0870ac55
11.095,0,1,4.0,0,1,0,0x671726058440c073bb6f48c1123a7fea0d2d7faea0ba652170ced9aab8869061,4116217,0x001866ae5b3de6caa5a51543fd9fb64f524f5478,0x51649a1af50775f0390a2aae1201eecfcce252d5
40.85307189,0,1,20.0,0,1,0,0x6357fd81920be030f9499903f85003df319432b0a1ea3ada723873d4aaed6951,4115729,0x001866ae5b3de6caa5a51543fd9fb64f524f5478,0xfd26f25d6588b752a90e600aff038a654d64a42c
0.84778633,1,0,20.0,0,0,0,0x22584db0233031132c6dc222deb309fd18ed15e6ae5543f0dd0c3ae925cc1188,4115726,0x001866ae5b3de6caa5a51543fd9fb64f524f5478,0x95fe587e7f65a51ff567e76cfe502aa3b0511310
4.255,1,0,20.0,0,0,0,0x7e8c95e4f96bc2cf2bc6c44ca79e9f118b36ef155432c80cedf92d8ab2e9daaa,4115725,0x001866ae5b3de6caa5a51543fd9fb64f524f5478,0x203617558bcc8a7e358f449349b5312b9f692c1e
1.09030147,0,1,20.0,0,1,0,0x547bc8eebcf636415dbc8bfb703bd315e6cc3fb7cc7e22b081eee759a46cfb39,4115724,0x001866ae5b3de6caa5a51543fd9fb64f524f5478,0x95fe587e7f65a51ff567e76cfe502aa3b0511310
20.59329976,0,2,20.0,0,1,0,0xf30b9debc71b949fbd11363b0e06935e9a1d6275594cc50c9210693915a9d9ba,4115724,0x001866ae5b3de6caa5a51543fd9fb64f524f5478,0xfd26f25d6588b752a90e600aff038a654d64a42c
4.79633854,1,0,20.0,0,0,0,0xbe5aa4e2994c1f6c7c7693c171e95479a017a6f2fe99f5bddcdcfa2111125cc9,4115724,0x001866ae5b3de6caa5a51543fd9fb64f524f5478,0x02d56940cad9fe2bdd80104aead58e16ce47844b
0.76,1,0,20.0,0,0,0,0x6ece1ee630cd0fec46c31487cd71e01472c623fa81e2f44835cb1ef1a05fdf57,4115722,0x001866ae5b3de6caa5a51543fd9fb64f524f5478,0x593f8436bd342bdb15d5440dded51caa57f491c3
4.713,1,0,20.0,0,0,0,0xd82a0045250a3444506ec97efbcf40491f910194cc84f6b9e1088ca6bb1824f6,4115720,0x001866ae5b3de6caa5a51543fd9fb64f524f5478,0xa95efe8672144c036895d568ca1ef269abcc9849
1.584408,1,0,20.0,0,0,0,0xe27f08d35cce390d60534c822fa67799c9872042e96b6c170edaf7ca82e73a97,4115719,0x001866ae5b3de6caa5a51543fd9fb64f524f5478,0xcab33bd787b2443aa607a111ff5027e7a83c7b1d
2.8276,0,2,20.0,0,1,0,0x0e3036f75f356250d66d302fb227ed47974ce8a800e9e8e125400792de1a1e78,4115717,0x001866ae5b3de6caa5a51543fd9fb64f524f5478,0xbcf8c43e3c573c6634f2ff44308b29af09ca536b
8.165,1,0,20.0,0,0,0,0x2fee19edcdd3330d3584707f558c4a14dee84b8b8fbeadd9e3bb41880f4673c3,4115715,0x001866ae5b3de6caa5a51543fd9fb64f524f5478,0x806715abd351814136dd28f3ab2543bf9c056a12
20.90523328,0,3,20.0,0,1,0,0x4853d35037001b1b280cae25aba640820da1500995ab45eb57cf7dcff90b932b,4115713,0x001866ae5b3de6caa5a51543fd9fb64f524f5478,0xfd26f25d6588b752a90e600aff038a654d64a42c
9.86848866,1,0,20.0,0,0,0,0x9d2ec701b74a81fbee1b58de346ed272ebec9f25081beb5d69045edccbe940ed,4115711,0x001866ae5b3de6caa5a51543fd9fb64f524f5478,0x9b8ff7ec51131290ebd9e76e3acd389a090bd12b
1.915,1,0,20.0,0,0,0,0x49ca10505943d363f6d65502a0374a1291e385344847e61d4a7af348df8ffa9b,4115710,0x001866ae5b3de6caa5a51543fd9fb64f524f5478,0x9f47c261b44596b4f22b3503c2203be6c6652ed4
8.495,1,0,20.0,0,0,0,0x57249ddcd3be7c1e4c92e24bd3af0ea0df2af923239f1b5e2dd104ead44d07b1,4115708,0x001866ae5b3de6caa5a51543fd9fb64f524f5478,0x117fa7c51fe88d38d406824ab5b3c2d6fd9a26a4
0.985,1,0,20.0,0,0,0,0xc231159e65d3ae991ecb4c4be04e671a0b304c389a6f22e31ca326cad3ae1a7a,4115705,0x001866ae5b3de6caa5a51543fd9fb64f524f5478,0x1fac2a581315f51cffff56e2c5744cbc4720d4bf
30.307,0,3,20.0,0,1,0,0x0b9badbfc025fd856777889de0a2b61873227c66a20d0ae51f2175411ed75306,4115703,0x001866ae5b3de6caa5a51543fd9fb64f524f5478,0x1f8771168667eb659fa2c75b4dd3b63381db029c
3.08900244,1,0,20.0,0,0,0,0xfc36d1a30d7c8be9c3a14c0deb7d296ae26c97a94fe57d66abf0f138349f28d4,4115702,0x001866ae5b3de6caa5a51543fd9fb64f524f5478,0x40a12f00fe34e951bdd52f72fa05822c84831c33
5.543,0,3,20.0,0,1,0,0xd48e224e240721ac64a76705eb7966cc240fd903b4ed2c580938acd113281e02,4115699,0x001866ae5b3de6caa5a51543fd9fb64f524f5478,0xbcf8c43e3c573c6634f2ff44308b29af09ca536b
0.1,1,0,20.0,0,0,0,0x7a034755241df232b574b624dae8da5a9b74a714212af0c3e90da05ad3c78730,4115190,0x001866ae5b3de6caa5a51543fd9fb64f524f5478,0x79fd87f80c579e719a6baa12800a05874af91bc5
0.795,1,0,20.0,0,0,0,0xae6c4a9fcd9d790cee7b12c71eec0ee999330bde702537daf6fceebedf0c81e2,4115139,0x001866ae5b3de6caa5a51543fd9fb64f524f5478,0xdd882e725a2038858623fa13fdc3785ec2d04d80
0.695,1,0,20.0,0,0,0,0xca1e2b895a0a819ec7f5bf3b71b944c2e598b3270ce214635a6316c322ac820d,4115138,0x001866ae5b3de6caa5a51543fd9fb64f524f5478,0x4850d860fcdaeb4f3ed80fa4f88f34c307cb1b33
2.65372,1,0,20.0,0,0,0,0x53f47118d17c40e1f056e1105e412926f9b98dbb5c7d8c22f544e7240a23857c,4115137,0x001866ae5b3de6caa5a51543fd9fb64f524f5478,0x077d7fd244906086cde68575c7958d5c7e5734e4
500.0,0,4,20.0,0,1,0,0x81eee0767aeb8a858cef8ab8852d24ebfcfb6a35839dee2b8156281b14bd9670,4115101,0x00f9451385bf75910d80374eb42edf36d1a3f243,0x001866ae5b3de6caa5a51543fd9fb64f524f5478
4.995,1,0,20.0,0,0,0,0xc5727e67883c391dfa6bb59824974c184d997db4bb645a8b0ee4c03d8d76ec06,4114887,0x001866ae5b3de6caa5a51543fd9fb64f524f5478,0xacb7de712515ac8358f622fb01cd01c9e0da3a9b
0.92603764,1,0,20.0,0,0,0,0x70e6e79097db7bc51546c34d311e2020d4204d263a42c08eadadff9812109a39,4114887,0x001866ae5b3de6caa5a51543fd9fb64f524f5478,0xdb8c1c640a25acd068a197f7682885ad2d285628
1.162,1,0,20.0,0,0,0,0x9157f1cc768147e699971cce4b4168119a13e26e35f714be3ff689aa31634b9a,4114886,0x001866ae5b3de6caa5a51543fd9fb64f524f5478,0xf5ee6e8f83a124301eb006049934541583ef9f87
12.303,1,0,20.0,0,0,0,0x58a06cc1cf4e86b070d25cdae87cf389b4f707215f1eab843d277c4ce70ed20a,4114885,0x001866ae5b3de6caa5a51543fd9fb64f524f5478,0xbd8f8b71914cf36228c1d6d97c546ac60fdce704
13.403,1,0,20.0,0,0,0,0xaf3875aa05996299ce3409191f7dc98da6668d71b0c73b51541cfafc72a9bb9e,4114876,0x001866ae5b3de6caa5a51543fd9fb64f524f5478,0xd362fa43708d5f46edc0605fb04c21f665d2fe4c
1.908,1,0,20.0,0,0,0,0x90b9c919a7a63d55abff2bf7298166b8720e541c85b9b7420aaba80a9c79dcd6,4114871,0x001866ae5b3de6caa5a51543fd9fb64f524f5478,0x6f0ac120b5aede7b4bce0922d4984bfcc24858f2
9.995,1,0,20.0,0,0,0,0x21f6ed07c977219133a1ef7f4a983dbeb5a4fc70cc2c128635a35dd7d78a4c70,4114868,0x001866ae5b3de6caa5a51543fd9fb64f524f5478,0x8d0eece9b165c02b58963fb6327689beba391e53
1.0,0,0,20.0,0,0,0,0x8920a9731fe1de364661358b09566273402897a7c894f30d23a2c5dc708fcf70,4114853,0x0056d49105b30c250b3f3de806645813f528e922,0x001866ae5b3de6caa5a51543fd9fb64f524f5478
5.13915205,0,1,20.0,0,1,0,0x3f5bd0c9e7af72112eac6167c6cdd1d6dce3b2a39b396653956ed209c092680a,4114520,0x001866ae5b3de6caa5a51543fd9fb64f524f5478,0x2d7972b09a8416dbb319200840b6097a58e215b9
1.44493248,1,0,20.0,0,0,0,0x403db79bf25d3e4422b913fc101d084d165fcd2f5872639f42aedf86a37697b3,4114492,0x001866ae5b3de6caa5a51543fd9fb64f524f5478,0x92f7e7ef75497094cd0d6d46f690bdf6d57355f5
0.56461709,0,1,20.0,0,1,0,0xdb9747371d454f1035d25a4f4b814c879f20b9e7b32049139b4205914c86603d,4114470,0x001866ae5b3de6caa5a51543fd9fb64f524f5478,0xc4b64891f4e38b8ddf2c1dd869b6a08f568f3c4a
9.29128384,1,0,20.0,0,0,0,0x68bb6fded8e8361c09abd67ee31b24cb2e125d5db3e771bf424dd42dbedeed2e,4114469,0x001866ae5b3de6caa5a51543fd9fb64f524f5478,0x549e2da93063af52cc534737046bc81badd04116
1.144,1,0,20.0,0,0,0,0xcf409e668277b808a79957888cc4dd1a347779e884c593b357db1fab631d6985,4114465,0x001866ae5b3de6caa5a51543fd9fb64f524f5478,0xe4ac2578fd18a7299aa59182865c43a716ef5150
4.474,1,0,20.0,0,0,0,0x23d5e12623a023cc53c2c494115cf2871b2a0acfe7c4f0bfaf427db11fae1bbc,4114464,0x001866ae5b3de6caa5a51543fd9fb64f524f5478,0xe67e229946065cb72c1fe9cf135d32fcb9509d5c
4.87522,1,0,20.0,0,0,0,0xb10242ac960a6bb46cba582b08e3adbb6c2d40407a4805e0103693e3bff75fc3,4114460,0x001866ae5b3de6caa5a51543fd9fb64f524f5478,0x9b246c506e9c331ad4a5bc1d795c35a14866af7e
49.1691978,1,0,20.0,0,0,0,0x04005962e5eefebf565dc878998d08c0b49cdef914727d96afaa869cae2032e6,4114458,0x001866ae5b3de6caa5a51543fd9fb64f524f5478,0x5c2b77716d6970b7476cc840e674f80d1c831d77
1.20700082,1,0,21.0,0,0,0,0x67517dc4237bf7b5dc52f4c426cc0a7507c556721b4416914690d6ed95e9972e,4114081,0x001866ae5b3de6caa5a51543fd9fb64f524f5478,0x370da09f3d3581639817bc1a2b727f00fa7549ee
0.095,1,0,21.0,0,0,0,0x790353b7e11e0c487030ce019f0bb4315bd5e1b8f23de70efefa05a8c1236ff6,4114081,0x001866ae5b3de6caa5a51543fd9fb64f524f5478,0x182a5d94cecf22bea3deb89b49057d67c5e3585f
1.303,1,0,21.0,0,0,0,0x4d20a04c9a0fea20fea3a0c12a391b2c3471e4e8ce8f132afa54a0e9926e8de7,4114015,0x001866ae5b3de6caa5a51543fd9fb64f524f5478,0x430dace136492067e47a14fc1fe4faa1570306b8
2.809815,1,0,21.0,0,0,0,0x93aa3f8384f7c7bbb68f1173a5e02ddbbfbfed831889933a1a37213a88bddea9,4114014,0x001866ae5b3de6caa5a51543fd9fb64f524f5478,0x15d6d7c4db9d4422f516ffc2b54ca61a911de722
24.38264,1,0,21.0,0,0,0,0xe202a0171ab061ca6eb08f394209912aa5045843bea8b9415b2f729872ea7b5c,4114013,0x001866ae5b3de6caa5a51543fd9fb64f524f5478,0x03efb63a86775ceebd0ae227b10c603f006c4531
24.995,1,0,21.0,0,0,0,0x652d567dc2fc957a8471961d661010dcba1ddb4d4721dd832e682cf637096391,4114011,0x001866ae5b3de6caa5a51543fd9fb64f524f5478,0x424709a69b987043faad89037ea8447d325d63e8
0.023,1,0,21.0,0,0,0,0xe75de790792ab3e664272cd6db57985d5854d5cae14d0997db6ec179ffe8c7d0,4114011,0x001866ae5b3de6caa5a51543fd9fb64f524f5478,0xf962b790eb619dcdf9cf924ff135befadd74f742
5.91525,0,4,21.0,0,1,0,0x8ca95dabcdd061e7894488a922a3d8a4538952e35788394791c7eb78b6abf026,4114011,0x001866ae5b3de6caa5a51543fd9fb64f524f5478,0xbcf8c43e3c573c6634f2ff44308b29af09ca536b
1.045,1,0,21.0,0,0,0,0xe534a173fe41be92a9b0d2715a7e51187ab03bd5675befa44f8d7ad593cc1587,4114011,0x001866ae5b3de6caa5a51543fd9fb64f524f5478,0xc2a882ce04ae387ce5c101126ce1a1194dc3d3a8
0.195,1,0,21.0,0,0,0,0xfd25fe1cf8aba8d8b8dd6852940367ec1bbc0ea3a66fc51170571048cf44c72c,4114011,0x001866ae5b3de6caa5a51543fd9fb64f524f5478,0x928c4df861c3d31fbb09b584667f13db72971517
2.97959854,1,0,21.0,0,0,0,0xb41b1688b69b38d2f8e13a0daa21b7405a85a897e3fb1f6cd8c8def33a8dc6a3,4114011,0x001866ae5b3de6caa5a51543fd9fb64f524f5478,0xa3b3931302bc25ced43810a19d27433f83f9aea5
1.995,1,0,21.0,0,0,0,0xdaa45c1487c4f35f0829aa78e8914847a8d949c43266b14df0ca1fda99a02c2c,4114010,0x001866ae5b3de6caa5a51543fd9fb64f524f5478,0xa0b0997430091c25d40668ac7e7c3b4f22529a55
1.195,1,0,21.0,0,0,0,0x5bd5420939e9c635f77c34fc4b4930816d0d7a923ed49af486546f8e7acbd146,4114007,0x001866ae5b3de6caa5a51543fd9fb64f524f5478,0x36d479e973d5b829659c0dbfb4eb04ee0514c4f6
0.13312084,1,0,21.0,0,0,0,0xfa008ba4e354fa672fb08a81e639b5d606f0c59aae7ed474be87b409b7c15184,4114004,0x001866ae5b3de6caa5a51543fd9fb64f524f5478,0x8fb3820b3809727d9989a152323e1597e35d2db8
7.188,1,0,21.0,0,0,0,0xfc79d972c9d99ee5f721e92a2d819a319161f4ecb55fca7b429712ce3461b31c,4114004,0x001866ae5b3de6caa5a51543fd9fb64f524f5478,0x0c19eedc67c546a2166c6809a01f044720753894
0.995,0,1,21.0,0,1,0,0x3d0ccba30684703045c23a4752c8a189d4f94091f18252175eeb4f0751768002,4112690,0x001866ae5b3de6caa5a51543fd9fb64f524f5478,0xc2a882ce04ae387ce5c101126ce1a1194dc3d3a8
4.44,1,0,21.0,0,0,0,0x9050425709faea41d23b7b0521799c37067de406cebce9bf30f5fc0b90888e20,4112679,0x001866ae5b3de6caa5a51543fd9fb64f524f5478,0xbddb809c606efe7f31435a1d678e7c6aa6096f95
0.14981886,1,0,21.0,0,0,0,0x4ed2b8b07e8e86220b462834f9268fcd6866af484eef32d84c1fa34cb0311998,4112678,0x001866ae5b3de6caa5a51543fd9fb64f524f5478,0xddcb5affc20f5d65fd992c97177282aaf81576d8
7.2126,1,0,21.0,0,0,0,0xb29d73e54fdf191b2844feb008ffed0b1ee60bb1b1abdf64c45a67fde51fc34e,4112676,0x001866ae5b3de6caa5a51543fd9fb64f524f5478,0x5adbd85f07c49b30a8b213ea0001313c94f862e3
14.943,1,0,21.0,0,0,0,0xcb93aca02077fb08a4ffb00257eedb14a1b7213fef75e25c2c252cbbad369524,4112676,0x001866ae5b3de6caa5a51543fd9fb64f524f5478,0xff06def03e064f973e326c7812b8ba06442f1deb
0.437,1,0,21.0,0,0,0,0x20dd6edd409455c7e8cea7c9c42e5f51c23ebe06b7bcef15f42dda540e95b192,4112676,0x001866ae5b3de6caa5a51543fd9fb64f524f5478,0x1cb4dd9fde72d65a3b1718c9ced7d91e6644df96
0.97393132,1,0,21.0,0,0,0,0x852a28bccad553847d89822ad6e03f19f90d844947b693b9d787f8bf2c9c042f,4112080,0x001866ae5b3de6caa5a51543fd9fb64f524f5478,0x98f017fd5c01c5588cd06977d2e757b29fc9dc4d
4.4947423,1,0,21.0,0,0,0,0xb87643804ad966bf924656141722a004368608976c8ffda5395aa1dfce87144d,4112076,0x001866ae5b3de6caa5a51543fd9fb64f524f5478,0xb2dc987b187659859d73335c466540d7ec352e3a
0.49285,1,0,21.0,0,0,0,0x3ab41146b66238d02f8a390ef401ba890ef8ee756c26e6c2a5d8e6046f0ad6a9,4112076,0x001866ae5b3de6caa5a51543fd9fb64f524f5478,0x4c865a13330cdfdc9fadb8affecde7654e4516dc
5.495,0,1,21.0,0,1,0,0xdf1f043a632c086b475b144644057809cb9b403a247f0b65ad4eae4f0691411d,4112074,0x001866ae5b3de6caa5a51543fd9fb64f524f5478,0x85881547ad7610f9e6b72c0198a77acb1cbd198a
4.88522,0,5,21.0,0,1,0,0xd0d8103e64790b68dff8a3d3c7df6decd3befd4bbd3fc977db523c1568c09e24,4111666,0x001866ae5b3de6caa5a51543fd9fb64f524f5478,0xbcf8c43e3c573c6634f2ff44308b29af09ca536b
13.525,1,0,21.0,0,0,0,0xdc85a9765f1dbb888ee42e5a2ba15540e5d9778ae8c875b1bf554fd6a701176c,4111664,0x001866ae5b3de6caa5a51543fd9fb64f524f5478,0x024f62beb3790533dd090b146aa8dac71d5724e6
1.84799566,1,0,21.0,0,0,0,0x3eca80b914bbed6db1e7136982660d0565db273faad8a5e12922c246ba6ebb35,4111662,0x001866ae5b3de6caa5a51543fd9fb64f524f5478,0x34fb09fa71f418b7547c5a8d032a41eddeb78ebd
0.89269887,1,0,21.0,0,0,0,0xe1a033ef58b756465cb6e47c70e79f714f5d012dc6235fe9a8ae1ca59633f489,4111660,0x001866ae5b3de6caa5a51543fd9fb64f524f5478,0x8e7c3d933beeacb7c92141e0c569f5f95bfba221
1.295,1,0,21.0,0,0,0,0xa56e1f776759aa137dfc395844069e11355f8d4102fec4c022a971d448bde7e8,4111660,0x001866ae5b3de6caa5a51543fd9fb64f524f5478,0x5a80e7a120b97a2a523eac70314648137320e46d
12.96996101,1,0,21.0,0,0,0,0x3b2932bce1d623f72d9445c568ae8a42bffae8adf849cb00533715fff7878eef,4111659,0x001866ae5b3de6caa5a51543fd9fb64f524f5478,0x25a68d20ab11e20a7d7c9771cd0b7515ac50a4a7
12.995,0,1,21.0,0,1,0,0x1f380d352e97fa2d48a10b078ae2a68914ce1b1f0abefc6e9316b0c4843e7f09,4111125,0x001866ae5b3de6caa5a51543fd9fb64f524f5478,0xd7d54afaecf1b25d1e7445607462f6de0870ac55
4.0464,1,0,21.0,0,0,0,0xc3a7feff5af26f2835cc9203dcf0aaf1656454add0ad8afb5e5e95031fdc0045,4111123,0x001866ae5b3de6caa5a51543fd9fb64f524f5478,0xe96eecd85635677aa736b6683c37d8386881b4bc
0.25148763,1,0,21.0,0,0,0,0x1d3c51678c8e5919ee8ee8b680969320f9c0e7b7e7b53af7349e99f084134272,4111122,0x001866ae5b3de6caa5a51543fd9fb64f524f5478,0xe65c12fd08d8dd9dc65b08726bf82c485a17f998
9.995,0,2,21.0,0,1,0,0xa33d98a90852dc06c5c7840d58fd0e5e0c48056c5dd4ab39bc48121658761419,4111117,0x001866ae5b3de6caa5a51543fd9fb64f524f5478,0xd7d54afaecf1b25d1e7445607462f6de0870ac55
2.10362202,1,0,21.0,0,0,0,0xb82e795585d87efba3d847d57b40acb02dedaad399cbec2c05c86103c708e5ca,4111117,0x001866ae5b3de6caa5a51543fd9fb64f524f5478,0x276c7d33abe432f785e03294b9db9f1ea0d944d9
20.23085174,0,4,21.0,0,1,0,0x1ad035723494582824728946db8542465ee4c34cc8da01b263a8c0bbbf9d3704,4111116,0x001866ae5b3de6caa5a51543fd9fb64f524f5478,0xfd26f25d6588b752a90e600aff038a654d64a42c
1.245,1,0,21.0,0,0,0,0xeed657175c66cd76fde7134b54dde66b7bf8b81e685468551c9980cd6ad4475d,4111114,0x001866ae5b3de6caa5a51543fd9fb64f524f5478,0xae6a3815bb9c6fed8f9aafdceb073507c770c45c
0.086,1,0,21.0,0,0,0,0x10951034058752311f7dbd87bf0931a9e844ede61970211e7d9fd3386f73cfd9,4111111,0x001866ae5b3de6caa5a51543fd9fb64f524f5478,0xc0ce12a54af0526bceda28e5582d5765a09fee33
1.4733,1,0,21.0,0,0,0,0x83400c90490b8b669292e25aaf8bfdb4f2c05b5dd68224a2181c613dcf605384,4111111,0x001866ae5b3de6caa5a51543fd9fb64f524f5478,0x679564969d5bdfd315fe623ff9b9355c61bd518d
3.938,1,0,21.0,0,0,0,0xfb5559973424c8b4f25abcde96f62984977d969fe0f81f8f084e5f04e0d650d2,4111108,0x001866ae5b3de6caa5a51543fd9fb64f524f5478,0xc9b6418b8087a35c5ab4ae57637500487d308767
3.65127,1,0,21.0,0,0,0,0x1074df9279f39b7348fc87976c10fc87d2a26355b1296d7fcc4a3a3ce4852032,4111106,0x001866ae5b3de6caa5a51543fd9fb64f524f5478,0x73e213fcaa20b4adfef83f791b136935b0ac6cd0
18.664,1,0,21.0,0,0,0,0xc9c8a6451c627b2623abfd295957e7f42b13dfd616b74e42b3c31cbf26193756,4111105,0x001866ae5b3de6caa5a51543fd9fb64f524f5478,0x286f2377cecceda022a55d861ee4494eeb1f9761
0.49537432,1,0,21.0,0,0,0,0xd56e79231a8301aaf13730142cba452d5ea2b653ac2e0f89b9d6c4d1d2b5b4b7,4111102,0x001866ae5b3de6caa5a51543fd9fb64f524f5478,0x290b8d7072b4519f533bf9a42e107c398cab4a2b
4.08532757,1,0,21.431542316,0,0,0,0x2cb005ae0a3912e16fa233f6702d330f2f6bdfc421cbc115974357c4f3160767,4110779,0x001866ae5b3de6caa5a51543fd9fb64f524f5478,0x5420d18386f4f3fdd8f393580cd554eb0f7b9e47
16.288,1,0,21.431542316,0,0,0,0x0019740d26e1a4a8f5d77eb22670414038b88ea8e1f6996332f793f8c6857cc8,4110766,0x001866ae5b3de6caa5a51543fd9fb64f524f5478,0x4ee071d2f83ecda2f2ea1c0dda383db9871a089a
2.405,1,0,21.431542316,0,0,0,0x439b19e49001199148f79cd113605bca7c191a1001061c6cb2f65fbf009ddb2e,4110764,0x001866ae5b3de6caa5a51543fd9fb64f524f5478,0x46f30d7944e50227a4692b679fde763a5e4fd529
21.43082751,0,5,21.431542316,0,1,0,0x4c2292714e335e58ad7ec8fc038e9ce6b8a876d60b1b601638600b186cf63729,4110763,0x001866ae5b3de6caa5a51543fd9fb64f524f5478,0xfd26f25d6588b752a90e600aff038a654d64a42c
2.301,1,0,21.431542316,0,0,0,0x503c023819e93e21cfa07567bd36c7bcded46ef93008ca54493d30223d2a4b47,4110760,0x001866ae5b3de6caa5a51543fd9fb64f524f5478,0xf1b5615390c8000ff4ef76c875338ee89f076b9f
3.5,0,6,21.431542316,0,1,0,0x9f1d0050224a8d9fa9f4a257ecfe3eb094f7b2651382e8c33624f2b905e40690,4110759,0x001866ae5b3de6caa5a51543fd9fb64f524f5478,0xbcf8c43e3c573c6634f2ff44308b29af09ca536b
1.0,1,0,21.833967631,0,0,0,0xc9f50977159cbf02ceb6fa417b295ddc1446b3f3437020fce669dbc4ad317a2d,4110405,0x001866ae5b3de6caa5a51543fd9fb64f524f5478,0x6c14bde0c9723f986ab0197ababd7f0f79d6686c
15.7235455,1,0,21.833967631,0,0,0,0x77fb69f0dc9c8dde4af221cef013d7249f064a508ebc7105d02bd4a63a6424c5,4110366,0x001866ae5b3de6caa5a51543fd9fb64f524f5478,0x9604602d57c5ad85c36b8bc59394086b5f18e7b4
0.001,1,0,21.833967631,0,0,0,0x4254ebab651db6958b2e62807156202d3031b2d146df6cebdd13a8b0d09b0584,4110365,0x001866ae5b3de6caa5a51543fd9fb64f524f5478,0xbac1b89bfc36540fc70ec903cafbcc6b418dbb4e
20.95131,0,6,21.833967631,0,1,0,0xe23ccab527e877b5ed6e38629dc10ad7ed0d6ec5420dba773047bad05433eba1,4110361,0x001866ae5b3de6caa5a51543fd9fb64f524f5478,0xfd26f25d6588b752a90e600aff038a654d64a42c
2.49,1,0,21.833967631,0,0,0,0x4114ca3089574d4a991e033ff246197d745ceadbbdce2ad7ae1398313eab32a4,4110357,0x001866ae5b3de6caa5a51543fd9fb64f524f5478,0x78c6f52066e4248166298f3db4b0700e13a2619a
1.123,1,0,21.237703005,0,0,0,0x5bcd67b9eddd98cef7997e763c3fc1e93544a74218cbe7f51a83ad21530f9bc0,4110310,0x001866ae5b3de6caa5a51543fd9fb64f524f5478,0x42f93d7c72f9d46a8dbb879b2d541902315bb30b
20.31777376,0,7,20.0,0,1,0,0xb7509cbaf3d72695c9aefedf8b686a287e5df90261d5b18271c22b14c79157ab,4110127,0x001866ae5b3de6caa5a51543fd9fb64f524f5478,0xfd26f25d6588b752a90e600aff038a654d64a42c
2.4663,1,0,20.0,0,0,0,0xa9574cc1b6a44fb80be9eba08851916cecea820a03529f89f2a88e37aba9c57a,4110119,0x001866ae5b3de6caa5a51543fd9fb64f524f5478,0x86ef9d20dbbc9a0eb362ff59a86eee2b4f1f3771
1.71409294,1,0,20.0,0,0,0,0x13aee72edbad6bb322c72834b45b3523c952333a82c48a03278ea34a8d789474,4110117,0x001866ae5b3de6caa5a51543fd9fb64f524f5478,0x24392d097ba3b2d54c113c854397ceba65d89c99
18.25268161,1,0,20.0,0,0,0,0x0d79757542001463c721cb081e0a39c42590809320031822a47eb0a30769188a,4110117,0x001866ae5b3de6caa5a51543fd9fb64f524f5478,0x5fe376e4a0f2289440a93634cb07761b2c2d8dd4
1.742,1,0,20.0,0,0,0,0x04683ff2f9bafb0cbeec63e1b493644b208c037e382255db92455bb4c21c28e2,4110117,0x001866ae5b3de6caa5a51543fd9fb64f524f5478,0xe0814af1756270bd6463902efdb4644a92150cf4
8.604,0,1,20.0,0,1,0,0xd7b6dd83a7d8d11fa6eea73d89f78609a4972c5e881deb72334be294d8bf45b6,4110115,0x001866ae5b3de6caa5a51543fd9fb64f524f5478,0xe0814af1756270bd6463902efdb4644a92150cf4
4.804,0,2,20.0,0,1,0,0x12e7c7ee735f370c0ede7abf4eb094b295c9b94cefc229094b978ae61c291c15,4110114,0x001866ae5b3de6caa5a51543fd9fb64f524f5478,0xe0814af1756270bd6463902efdb4644a92150cf4
4.219,0,3,20.0,0,1,0,0xc569063edd50ed749f69fb7b3cb8228c5630b194ea9ff5ed0883504e3bf5a649,4110113,0x001866ae5b3de6caa5a51543fd9fb64f524f5478,0xe0814af1756270bd6463902efdb4644a92150cf4
4.215,0,4,20.0,0,1,0,0x48e750ad9796a9114b20fd68d66be045689a8a77f47dc5fc11de1b187836e56a,4110113,0x001866ae5b3de6caa5a51543fd9fb64f524f5478,0xe0814af1756270bd6463902efdb4644a92150cf4
11.863,0,5,20.0,0,1,0,0x61a6b2e8f438b2e3a778478cc137ef7a8cc4009b59e3649e61083b86b68f77c0,4110111,0x001866ae5b3de6caa5a51543fd9fb64f524f5478,0xe0814af1756270bd6463902efdb4644a92150cf4
1.88,1,0,20.0,0,0,0,0xa12f2644f44a9145bc87b093b1f006eebfd74f412ee387bf306d19e9af5eb6e9,4110107,0x001866ae5b3de6caa5a51543fd9fb64f524f5478,0x040f8069333cf2a82fbbc2e2c11bf7f5f6494ea5
5.2023,0,6,20.0,0,1,0,0x69fd04f9cd47ba90dbdc58a5ce0ec757aa4ec6e1aaa8ada18f3a7c244e22bc06,4110104,0x001866ae5b3de6caa5a51543fd9fb64f524f5478,0xe0814af1756270bd6463902efdb4644a92150cf4
2.06109742,1,0,20.0,0,0,0,0x7e2d21e5d251baedbe43ab398b2f1e232e6503914cd9d445720d03af0f38bd14,4110098,0x001866ae5b3de6caa5a51543fd9fb64f524f5478,0x9f4970622b7e6cc4101e11c1ef8d4fef20af9d2a
0.052,1,0,20.0,0,0,0,0x99675ba0d001ad86434deb30748b6fd96e31641d6ff991da2df78586102527ef,4110094,0x001866ae5b3de6caa5a51543fd9fb64f524f5478,0x9e8fcb3b464f284b0dc851a382626a091864ff0e
0.095,0,2,20.0,0,1,0,0x77487f96314f18c0936c3e23543a5b682fc5353989b9cad09012bbc79f17857f,4110091,0x001866ae5b3de6caa5a51543fd9fb64f524f5478,0xc2a882ce04ae387ce5c101126ce1a1194dc3d3a8
0.760408,0,1,20.0,0,1,0,0xbc34681e233121f9b6d023da4ee67b70171f2640e1205c736d236226960c2c4f,4110091,0x001866ae5b3de6caa5a51543fd9fb64f524f5478,0x679564969d5bdfd315fe623ff9b9355c61bd518d
3.565,1,0,20.0,0,0,0,0x2e8dd9bafe736b52fe4fb7c2e901b6cb85e23c0c02997278b58f3a75a6419acf,4110089,0x001866ae5b3de6caa5a51543fd9fb64f524f5478,0x7d69fbf86700876a8a99aae0242b7e39ed22436e
7.0119,0,7,20.0,0,1,0,0x5a412153a2abd692a2802582a50f4e4f87a5487d8d15d338e2de3a3558d1c11c,4110089,0x001866ae5b3de6caa5a51543fd9fb64f524f5478,0xbcf8c43e3c573c6634f2ff44308b29af09ca536b
3.78998262,1,0,20.0,0,0,0,0x6a2150be259fa356050cc504e343585c7a7e7cd1131b2920c9cc1a7ec074a796,4110088,0x001866ae5b3de6caa5a51543fd9fb64f524f5478,0xc8542e43b04d9583b2f236599e8b5c786d999b0c
500.0,0,5,24.670216374,0,1,0,0xe2b4732c23f71d4e30268238710bf976ce76cd308b46db72043a363ee59c0a30,4108353,0x00f9451385bf75910d80374eb42edf36d1a3f243,0x001866ae5b3de6caa5a51543fd9fb64f524f5478
2.23318888,1,0,21.0,0,0,0,0xd4ef5b867f6676e1b57b632241addc9e60cbd4479c007c33b859baa874211505,4108218,0x001866ae5b3de6caa5a51543fd9fb64f524f5478,0xaffa791b612b4fdf73a2587c3d3d1fb1183890e3
0.095,0,1,21.0,0,1,0,0xf8c053ef91ea05e1ce2f9cadf458639a1028e2d72f095f57bda3c40371cd9d6e,4108188,0x001866ae5b3de6caa5a51543fd9fb64f524f5478,0xddcb5affc20f5d65fd992c97177282aaf81576d8
0.5340008,1,0,21.0,0,0,0,0x8177751ecf2dfadff8234c51c3436a96c0ee0fd12127118f649c0b9f2f39fb60,4108032,0x001866ae5b3de6caa5a51543fd9fb64f524f5478,0xd2ae9fce7d58dcd4df2fda559011f88ec5e7166d
9.92611368,1,0,21.0,0,0,0,0x8cfeca5461971836899d8b7f5c712c1759d012709a25d2b5498b1bede99a768f,4108031,0x001866ae5b3de6caa5a51543fd9fb64f524f5478,0xc5f444774a79a772a7f4f20fffe8c2dcb4115ee1
5.04099,0,8,21.0,0,1,0,0x470b8e02066f0415f44ee538fdd086f103bd16972fb8f76efa59fb4bd2197594,4108030,0x001866ae5b3de6caa5a51543fd9fb64f524f5478,0xbcf8c43e3c573c6634f2ff44308b29af09ca536b
3.035,1,0,21.0,0,0,0,0xb595b66a1d6bb049b8f2468de1c0900e51edd29b213592c2435356c10d2c2fb2,4108030,0x001866ae5b3de6caa5a51543fd9fb64f524f5478,0xca73d7e1b1569ff1376e12b0a72eb83d7a659a98
4.745,1,0,21.0,0,0,0,0xfecbfabfcf314ddfe7046353bac583f0bbe080e4addf20e45eb4c852be557359,4107991,0x001866ae5b3de6caa5a51543fd9fb64f524f5478,0x9c44b6bd9f66b098e20c746fff439b4bfc3fa853
1.179,0,1,21.0,0,1,0,0x190800e01092a19e34841862edba08de30544660d5708bc760341b46afb70efd,4107976,0x001866ae5b3de6caa5a51543fd9fb64f524f5478,0x8d0eece9b165c02b58963fb6327689beba391e53
9.191,1,0,21.0,0,0,0,0x131f7726d96e137de611eb8dd971585ac0133a4b78a0dd1ec453b0b8b3c29fea,4107971,0x001866ae5b3de6caa5a51543fd9fb64f524f5478,0x1196e29cc72bc4fa02141b43f89c3091b0aa5ff9
2.225,0,1,21.0,0,1,0,0x2a39f7bad15b641d416f3fde02227572be861928cdaa928c1617b27062b46906,4107970,0x001866ae5b3de6caa5a51543fd9fb64f524f5478,0xaffa791b612b4fdf73a2587c3d3d1fb1183890e3
0.395,1,0,21.0,0,0,0,0x85775d74d1544d958cf1456944401e1054346880f1177300d3cb77eaa0126b6d,4107428,0x001866ae5b3de6caa5a51543fd9fb64f524f5478,0xc9dbf8ed159096abc81baf68f24371e16c318396
1.175,1,0,21.0,0,0,0,0x179557c087bff22a73b039e4533f2bb5f616496d442290861101e44a1eb66e92,4107427,0x001866ae5b3de6caa5a51543fd9fb64f524f5478,0x7d9b1afc5626cec702f8ba9826a51cfaeef007a2
0.335,1,0,21.0,0,0,0,0xd4046f5d7e2e724a49dd531f6627d6f1ba2f4a68a43766ebbdd24eccf9b07828,4107427,0x001866ae5b3de6caa5a51543fd9fb64f524f5478,0xdd55e540cc910786acd0ab2127b5336627986751
1.4659552,1,0,21.0,0,0,0,0xfd77dfea12a218be319ed9f523d8e7bb00db3a2e76d9d7487a69e9aa23d5290d,4107426,0x001866ae5b3de6caa5a51543fd9fb64f524f5478,0x49ce629a64920064b30c9d7799dfba7421fe86ab
0.432,1,0,21.0,0,0,0,0x2628306af89884a0c55868d5e8c0459eaabbf4958cfa6691c94a0e604fd50723,4107421,0x001866ae5b3de6caa5a51543fd9fb64f524f5478,0x6b33be332cfcf9724904e55d8be674d73f44c5f0
8.08471268,1,0,21.0,0,0,0,0xb9b17262e830bcb109e30a47fbc0e935227f88f52d1276c297c6d065f9bc44fa,4107421,0x001866ae5b3de6caa5a51543fd9fb64f524f5478,0xe0730641055990731e7014591a726230b0d7e5f5
0.495,0,1,21.0,0,1,0,0x5658561d9046163582296dc5dc48a13045fe9d46b91ef865c53280033667959f,4107419,0x001866ae5b3de6caa5a51543fd9fb64f524f5478,0xca73d7e1b1569ff1376e12b0a72eb83d7a659a98
5.53477,0,9,21.0,0,1,0,0xb10eac4d54f130d99fd627645fce53b0c68a7f107c161924ffbb5333e17a813a,4107418,0x001866ae5b3de6caa5a51543fd9fb64f524f5478,0xbcf8c43e3c573c6634f2ff44308b29af09ca536b
0.147,0,1,21.0,0,1,0,0x4083dc4c307d7dae14f6c9bdd18804a557a448bb289cd632148c9db2c697ad60,4107418,0x001866ae5b3de6caa5a51543fd9fb64f524f5478,0xf962b790eb619dcdf9cf924ff135befadd74f742
21.99,1,0,21.0,0,0,0,0x4eb3b1c5712e9b57a61f4879c6af868b7a94f4618e19db9090fe0634d7968553,4107415,0x001866ae5b3de6caa5a51543fd9fb64f524f5478,0xaaca10f269ee606c96648230748d7bef1e9e73be
5.13365,0,10,22.667583079,0,1,0,0xd0696e07271fb9b84afca61f8ab93b6fb6d7c1f62da0abc8e4b438a92ee35dfc,4106852,0x001866ae5b3de6caa5a51543fd9fb64f524f5478,0xbcf8c43e3c573c6634f2ff44308b29af09ca536b
2.204,0,2,22.667583079,0,1,0,0x5b73e1c1b2750c15becab872edab983239a90a9a0a0a3eda056d337d5313cebe,4106851,0x001866ae5b3de6caa5a51543fd9fb64f524f5478,0xaffa791b612b4fdf73a2587c3d3d1fb1183890e3
5.517,1,0,22.667583079,0,0,0,0x7f59021dbd3a8f38e0d6cde87da31fcb22ce16753dee38743deac7c1d983bede,4106842,0x001866ae5b3de6caa5a51543fd9fb64f524f5478,0x5c6860240b0387398005a9627f9e83b4f242a17f
9.35664532,1,0,22.667583079,0,0,0,0xe897ab36c93984a248319421aed8218b026f07a1375aabf7abe332253113c8e9,4106623,0x001866ae5b3de6caa5a51543fd9fb64f524f5478,0x6da700dcc4fdf2b85b398df8cd2ef976bc8d2c25
5.6931041,1,0,22.667583079,0,0,0,0x944e329ea3f482dcdf4a920554c0b4002ba504a530024ba431986f58fdb4493a,4106621,0x001866ae5b3de6caa5a51543fd9fb64f524f5478,0x7cac709248186a264294c314cb066f9ef271e90f
0.08833909,0,2,22.667583079,0,1,0,0xdb5373b3fe84f46b2812f1ed883f3d8bbf92c6f30f5904c98774b2f3f7e8298e,4106617,0x001866ae5b3de6caa5a51543fd9fb64f524f5478,0xf962b790eb619dcdf9cf924ff135befadd74f742
2.80562784,1,0,22.667583079,0,0,0,0xaa37db80c59fadf0f0b2d1d5e61ddbbd5b6434af8cefb38facd95b661efc8be8,4106615,0x001866ae5b3de6caa5a51543fd9fb64f524f5478,0x605b5d8a5749a1363b82413c9565623d2fcb337d
0.23761335,1,0,22.667583079,0,0,0,0xc4fe7f7b4fc33a5094a8289cc8304581302e01faf9d2d5746d52074a1039a60e,4106615,0x001866ae5b3de6caa5a51543fd9fb64f524f5478,0xff54308621eeddf887aa2d1470b480e2c0a195f5
1.126,1,0,22.667583079,0,0,0,0xde2a64e1917476dd4d7bc3c094a693aa5d49ab1d113ae47cf2523f91cabc28b0,4106402,0x001866ae5b3de6caa5a51543fd9fb64f524f5478,0x0c7bfac7f3be11509148ee899ebf15a3497427a4
4.10908485,0,1,21.0,0,1,0,0xf563a2b97eacc8c58d9fffa93f2b6b4b4d695f998b9b1345b828478f4c81bc01,4106123,0x001866ae5b3de6caa5a51543fd9fb64f524f5478,0xe4ac2578fd18a7299aa59182865c43a716ef5150
1.23070288,1,0,21.0,0,0,0,0xf5f0a30d4bbf088c957a791d60675b123855158dfffcd764960921145d5c4229,4106121,0x001866ae5b3de6caa5a51543fd9fb64f524f5478,0xa054c4441875f8539ba8d39a5f578581c23c3513
8.11316931,1,0,21.0,0,0,0,0x2f4cf494e6a7a3d26c7421564effea576005207bb64d4a29b7293a3f39fee04c,4106121,0x001866ae5b3de6caa5a51543fd9fb64f524f5478,0x00d8837bd1c54714ce7d9a139d668745e662adce
7.8353576,1,0,21.0,0,0,0,0xc74d719edd6a1cefc2cb0daed00eea8d326ab8579970b65a8d5c709dccd56dfe,4106121,0x001866ae5b3de6caa5a51543fd9fb64f524f5478,0x3976439cc3506b8f6f27da74033ac24315811efa
0.02434541,1,0,21.0,0,0,0,0x44e5c9383698503abf8556ac545dd7831266c72c2721dd6f00a1098a3f6885ed,4106119,0x001866ae5b3de6caa5a51543fd9fb64f524f5478,0x0c56e383369fd30810d4f8db3acfffa0028ed50f
4.691,1,0,21.0,0,0,0,0x28613e36613645647e47dc902e07dd3e2565eb836d22c58ed52f5c7d98f00855,4106117,0x001866ae5b3de6caa5a51543fd9fb64f524f5478,0xd787d4ba99f8d250ce0d150b82f403be33b1ae0e
4.42723,1,0,21.0,0,0,0,0xbe356e0c4108300eed9d638008ef008e9f848214363c221c2f8b646fefa731ba,4106117,0x001866ae5b3de6caa5a51543fd9fb64f524f5478,0x1d6adfa70e76acf99bc843d30a3a739cb9787fc1
12.235,1,0,21.0,0,0,0,0x24cc0a8eeadc2e4246a6a890fff7e985b17ddba541beac10d00a4e9083b59292,4106115,0x001866ae5b3de6caa5a51543fd9fb64f524f5478,0xf2e7350f05129f01c44a2ea058e5f9a54173d90a
18.995,0,1,21.0,0,1,0,0xb4443fb7eb05f0a5d23cb1a6ce83985ccedc8b046718b9bac2611a7a754d5766,4106114,0x001866ae5b3de6caa5a51543fd9fb64f524f5478,0xf2e7350f05129f01c44a2ea058e5f9a54173d90a
18.995,0,2,21.0,0,1,0,0x8b21a98fde1989eaa2b746c068cf7fee29c6e6a8bcc48e15b759643d4166f376,4106112,0x001866ae5b3de6caa5a51543fd9fb64f524f5478,0xf2e7350f05129f01c44a2ea058e5f9a54173d90a
18.995,0,3,21.0,0,1,0,0xec000725ab8e2cb83f48cb6f92baca02ab3f6d513b4ba75b7b1c3956ce388af7,4106112,0x001866ae5b3de6caa5a51543fd9fb64f524f5478,0xf2e7350f05129f01c44a2ea058e5f9a54173d90a
3.0,1,0,21.0,0,0,0,0x1bfdbcfdfbb2de5851fac50b55eafe9cc78cc2ab4477f3030c965275f030cd45,4106110,0x001866ae5b3de6caa5a51543fd9fb64f524f5478,0x656a65be71bd0364130b0d4d3afb22844d1a0880
5.495,1,0,21.0,0,0,0,0x11245a2afa9915cc1f682f3c193001ad46e537bd1cd849734a342d326f6760c1,4106106,0x001866ae5b3de6caa5a51543fd9fb64f524f5478,0xdd5557a06774677cb55f4be6657d5ac2f84a12ec
6.08649,0,11,21.0,0,1,0,0x25dbd083e142ba855ffc029cfbf541d61b5a106fdf0cd4b878fd3fb6cb37ebb1,4106095,0x001866ae5b3de6caa5a51543fd9fb64f524f5478,0xbcf8c43e3c573c6634f2ff44308b29af09ca536b
5.2998,0,12,21.0,0,1,0,0x6da889c77084ffee15caceba56b72529f39e7c1ac61ffb339d5145f1808186ae,4104321,0x001866ae5b3de6caa5a51543fd9fb64f524f5478,0xbcf8c43e3c573c6634f2ff44308b29af09ca536b
6.0122309,1,0,21.0,0,0,0,0xef83a7bb310a0e08a4eeee56df2c067346d4213a658007ac8a95dd76d45746b8,4104315,0x001866ae5b3de6caa5a51543fd9fb64f524f5478,0x2ee523cbf6135343dcc640647a5167d735cb8a74
0.014,1,0,24.670216374,0,0,0,0x340aa2f9d3fe3e519fd2e77aec0db7b68c59a4f47172d3ea944b18a9c651fefe,4103884,0x001866ae5b3de6caa5a51543fd9fb64f524f5478,0x4d017e2b5dee6250a1cbe6cdb22b9c2f7f655106
0.21345,1,0,24.670216374,0,0,0,0x46023b8f87df28ac124390454474a598e5054c5398582e9c7abc5c93c3f3cf8c,4103882,0x001866ae5b3de6caa5a51543fd9fb64f524f5478,0x1734174b76e16f376ebcbff9e299988b07eb8d6e
5.1146,0,13,24.670216374,0,1,0,0xb89b5b967bb1f1a8d9cb3a6fa46b4c55a6f614b5c79c7bcc32619df22e1edfa7,4103882,0x001866ae5b3de6caa5a51543fd9fb64f524f5478,0xbcf8c43e3c573c6634f2ff44308b29af09ca536b
4.1383,1,0,24.670216374,0,0,0,0x6670b7315fb68b299ee678dc166054b864f95be081e6ebb279b5c745b99a9028,4103882,0x001866ae5b3de6caa5a51543fd9fb64f524f5478,0xf08290c741a3a634f7e7d9bf21d985fe3b513f4d
19.849,1,0,24.670216374,0,0,0,0x16c05cdfe021b39513714c414888783fb40f05155842d08a32c4373587e20f22,4103879,0x001866ae5b3de6caa5a51543fd9fb64f524f5478,0x1711e73b3f41a79762f94c16ce105edd1afb6b39
5.12384667,0,14,24.670216374,0,1,0,0x27e45322429a82eabb140ea7407f43033361fdffe196ada0f0b16139c396722e,4103134,0x001866ae5b3de6caa5a51543fd9fb64f524f5478,0xbcf8c43e3c573c6634f2ff44308b29af09ca536b
8.7723,1,0,24.670216374,0,0,0,0x3948d0661378c54881f42995d0efed224f08acad8055c3cd710a053a820ac03e,4103131,0x001866ae5b3de6caa5a51543fd9fb64f524f5478,0x6e18ce2daf9d783dae6f575f195bbb9b816c9635
90.73,1,0,24.670216374,0,0,0,0xa230faa5af5568bf18ad594ed57e3363cac913bdfa2afa156c8b0ad351be67b1,4103129,0x001866ae5b3de6caa5a51543fd9fb64f524f5478,0xcb54e9ad63c7ef5f9b09d4e6cc335b11020146fb
5.419,1,0,24.670216374,0,0,0,0x321047cfc8799bc3497987c99b5cbccf4f53566765aecdc26889bf3f68bc1a3b,4103126,0x001866ae5b3de6caa5a51543fd9fb64f524f5478,0x3e348922c390468461aafd7809808ff9c1a6d56e
3.048,1,0,24.670216374,0,0,0,0xb269136e6e69012b53eb0b8f01662e31bcc1e382a8b0578cebdb30931d7361d4,4103126,0x001866ae5b3de6caa5a51543fd9fb64f524f5478,0x4bbb9e3f7fafea437791d5ffc317c7fd98d5b283
1.824,1,0,24.670216374,0,0,0,0xfe1ea33b3333ae1036bd857bfed0ad01d8cc9580f8c98ece731186f328391501,4103124,0x001866ae5b3de6caa5a51543fd9fb64f524f5478,0x4da3f04cf67814a7ddaaa69e4d9d599182377df4
500.0,0,6,20.0,0,1,0,0x5919ac9986e62d229003bcccbfa48900251ad7b710c96aba5fded9d56a35c52d,4102786,0x00f9451385bf75910d80374eb42edf36d1a3f243,0x001866ae5b3de6caa5a51543fd9fb64f524f5478
28.20386847,1,0,24.670216374,0,0,0,0x87f5fd217ff55931c78cdff3e8b59a72947b2d8237b820de364e2fc86e1aa245,4102709,0x001866ae5b3de6caa5a51543fd9fb64f524f5478,0xb02b336e11d5c95c0d8d54e89fb52339353f7bc5
1.855,1,0,24.670216374,0,0,0,0x5df008e16de17901dbde1fe02e9ee4020957fff5ea13d9f89b97b3d659cc9eb5,4102708,0x001866ae5b3de6caa5a51543fd9fb64f524f5478,0xd43223f46896f7ed68f37e7b1ec06e6b44bef919
3.76612109,1,0,24.670216374,0,0,0,0xaf1eec15103bd285154a95a8acc1fa37686f11039c46c40c1e940dce19b3798f,4102707,0x001866ae5b3de6caa5a51543fd9fb64f524f5478,0x2135f226aebf38f148e81f6ec9a222d854f9b705
4.6583,1,0,24.670216374,0,0,0,0x16cce19f5bcc0fde68640a5c05694c314cb94453093d3449541f3aaf3a4426fb,4102705,0x001866ae5b3de6caa5a51543fd9fb64f524f5478,0x6ca63cc6cebc09452006d2dae3cbdcd2dadde767
20.995,0,1,24.984572277,0,1,0,0x7bfeb8945f6f903524e5b722a552d2830ebed85fc8c6d6bcdc54cf96a98845ea,4102436,0x001866ae5b3de6caa5a51543fd9fb64f524f5478,0x9604602d57c5ad85c36b8bc59394086b5f18e7b4
0.002408,1,0,25.0,0,0,0,0xf2c6bd04cf6e1ea0b3869afe7c30d571dc368f0a21918c605fdc4a148b2faeb9,4102434,0x001866ae5b3de6caa5a51543fd9fb64f524f5478,0xf01b70a49cc50d86c0bb150e414e72fe6e67e1d9
9.36152593,1,0,25.0,0,0,0,0xa9f0b30a69f935c78ba8ab695790e1a2b8d0c2e01846ae42eb40f039a2a4d5fa,4102434,0x001866ae5b3de6caa5a51543fd9fb64f524f5478,0xb2dc06f2ed084c4fa05f2367551e508d77d2b7ab
0.553,1,0,20.0,0,0,0,0xae0b9b7195de90c2b6dcd4b8b648e0237f3d387798c75fb28c8082eedce6ce7e,4101975,0x001866ae5b3de6caa5a51543fd9fb64f524f5478,0x1a0bb5bcd464c0b77a1bacb6c67f84f79aee63b0
0.164,1,0,20.0,0,0,0,0xd58f35739d56a47edc5851adaa3e773b8fe89a1f654c9fdc13dcf94e4ade506d,4101974,0x001866ae5b3de6caa5a51543fd9fb64f524f5478,0xdb3403298077edd80fcffa524117e2601dd5677b
0.165,0,1,20.0,0,1,0,0x53fa73259abf4c6a2c4d138cb6573d3aaaf0c7696bccf66c3c0c6f34f8ab6d0e,4101956,0x001866ae5b3de6caa5a51543fd9fb64f524f5478,0xdb3403298077edd80fcffa524117e2601dd5677b
18.995,0,4,20.0,0,1,0,0xf064e7cbde07f4adc9e0be0c284880ab17b46ffd335f1c23d298e77dbee5916a,4101953,0x001866ae5b3de6caa5a51543fd9fb64f524f5478,0xf2e7350f05129f01c44a2ea058e5f9a54173d90a
18.995,0,5,20.0,0,1,0,0xdb742bd002469a58afcd9f661e33946736a24fa7f9bc3b16c50a7b232899a84d,4101950,0x001866ae5b3de6caa5a51543fd9fb64f524f5478,0xf2e7350f05129f01c44a2ea058e5f9a54173d90a
18.995,0,6,20.0,0,1,0,0xa591e238b484315cc2499e7ee3d4fd9f23a73529c30a02e3aeb2945917f9cc22,4101950,0x001866ae5b3de6caa5a51543fd9fb64f524f5478,0xf2e7350f05129f01c44a2ea058e5f9a54173d90a
18.995,0,7,20.0,0,1,0,0xfea49f0bd1758b18147f16ae0b186a1fc850f4081194b7651cca98cf21a5dba4,4101950,0x001866ae5b3de6caa5a51543fd9fb64f524f5478,0xf2e7350f05129f01c44a2ea058e5f9a54173d90a
18.995,0,8,20.0,0,1,0,0x358f76b3c524811a559462d89e17811cd7ad4c639b763d209aa4479a916ac015,4101947,0x001866ae5b3de6caa5a51543fd9fb64f524f5478,0xf2e7350f05129f01c44a2ea058e5f9a54173d90a
18.995,0,9,20.0,0,1,0,0x598e33115626e2fc1df5e0fe598349e4d783f66f03afe20a1e9cab41a44d23b3,4101944,0x001866ae5b3de6caa5a51543fd9fb64f524f5478,0xf2e7350f05129f01c44a2ea058e5f9a54173d90a
1.095,0,10,20.0,0,1,0,0x2e3cf30ac1d9f3ffc77266b309582213e2ef463d9108f62a1895497639a4e0ea,4101944,0x001866ae5b3de6caa5a51543fd9fb64f524f5478,0xf2e7350f05129f01c44a2ea058e5f9a54173d90a
39.647,1,0,20.0,0,0,0,0x57fcfa4bb95eab6b13148adc541b3978f88634236df397f05dbc95a2e0f63685,4101942,0x001866ae5b3de6caa5a51543fd9fb64f524f5478,0xc9a13cdeb91fabd70eb976776226d863065da064
9.56475448,1,0,20.0,0,0,0,0x7837155ca32b46c9e07a9d4661537292caa0d76cf6e582187da975ada0146a16,4101941,0x001866ae5b3de6caa5a51543fd9fb64f524f5478,0x1893858b67ed9d4b3a41a02698024189f4225b1f
5.84956474,1,0,20.0,0,0,0,0x512597667dbc43a819ece87cdc5d2d41f28212fe9829d87a94b4006ffb14c884,4101937,0x001866ae5b3de6caa5a51543fd9fb64f524f5478,0x6e6e02289a23f62de5ec09f1429f851663587cff
5.191,1,0,20.0,0,0,0,0x009e1e64ac02d7211113831a54921a319cd7ced998abebd66d27df59d2e7b477,4100293,0x001866ae5b3de6caa5a51543fd9fb64f524f5478,0xbacce35bc3accd1b6e5531f71e6a0399ffef71c1
6.21587848,1,0,20.0,0,0,0,0xc257804889eb711235999aaf0281bfa89b7601d2256bff1dab61d911e7d5bfa9,4100289,0x001866ae5b3de6caa5a51543fd9fb64f524f5478,0x02e9642c6a531cfb4209968cb8e8e50eba4d3839
5.2860037,1,0,20.0,0,0,0,0x45df3bec791c3a7999e3869feb61093e72fe12cab4c904c8bfda11ec02ae5eb3,4100288,0x001866ae5b3de6caa5a51543fd9fb64f524f5478,0x8055a7fbe182db06ed09ac7c5fd97c08416c3abe
132.8648323,1,0,20.0,0,0,0,0x1b703baf11ec086fb378063d857034138d7d3c5a985a226c8fc9ba6fffb87ef1,4100286,0x001866ae5b3de6caa5a51543fd9fb64f524f5478,0x8401e10fa71b2b31bd76cd1091ca41502436a727
0.195,1,0,20.0,0,0,0,0x4a1cb382636679fe6600f62e2820b5f5a4da74fd13b6c6f48faaf747749c399f,4100283,0x001866ae5b3de6caa5a51543fd9fb64f524f5478,0xefd534b147dd740e0e103e61ccb608418d48aec5
0.5896048,1,0,20.0,0,0,0,0x00ce13617dfefe9d2c9aa946eff3179e5ccc81d224ec3f557bf33f65abc0fbdf,4099807,0x001866ae5b3de6caa5a51543fd9fb64f524f5478,0xf26dd24b7d3deefb583f26c9f5eae94ead917d89
16.1884,1,0,20.0,0,0,0,0xffc65dcd249ae598e3d42724295ed14d44e2a0b5e97ed5eb73abd38811c153e1,4099803,0x001866ae5b3de6caa5a51543fd9fb64f524f5478,0xe49d6c8e8d108fd16d9910ae6527117d00f68b5f
135.172,1,0,20.0,0,0,0,0x058149e7791514d5ba73e5df5c5f9d98a0b09622377760af9b3bf2da9ca82f8c,4099568,0x001866ae5b3de6caa5a51543fd9fb64f524f5478,0x627f9cd5def045940c01bea1a0276dbb19d54732
500.0,0,7,21.0,0,1,0,0xcadf0cc0b0791f4f8e9836fc9e80308e6e5746fbd8e6c77e37027d33e8583f6a,4099563,0x00f9451385bf75910d80374eb42edf36d1a3f243,0x001866ae5b3de6caa5a51543fd9fb64f524f5478
0.2102,1,0,20.0,0,0,0,0x60a4212abd9ecb230ae933cc3dee4efa8be37b8270f3c443278847985f4a44d2,4099555,0x001866ae5b3de6caa5a51543fd9fb64f524f5478,0xcc3db0936c3787a90d6fdacee4fb335dfe5e0438
9.79971726,1,0,20.0,0,0,0,0xf3a8a62965940b35f72f16b6c83a3eef54ee11c927316beaae820f562fd889a4,4099554,0x001866ae5b3de6caa5a51543fd9fb64f524f5478,0x0bbb289a0ee553dfd55999941730038db74f2137
3.9497,1,0,20.0,0,0,0,0xff1a61585826ed379c3700eda5dc2f3c3a2a904830c37f6bfe7069781a90861c,4099551,0x001866ae5b3de6caa5a51543fd9fb64f524f5478,0x64d90f405d84a5c1482460c7c3343dcca19ffc39
0.6708,1,0,20.0,0,0,0,0x65dbb3da6c3d180efc36753a5bafabed2841e0c0044bff1f469848be9a314321,4099443,0x001866ae5b3de6caa5a51543fd9fb64f524f5478,0x34ca470b79bd1444c310f8898b3c4fe6b0820c75
0.01,0,197,20.0,0,1,0,0xd3a71645ab2599f702d09d508c9b0fdcaebdf3ea40776ba7d933c5bcecba417f,4099429,0x001866ae5b3de6caa5a51543fd9fb64f524f5478,0x0b95993a39a363d99280ac950f5e4536ab5c5566
0.01,0,198,20.0,0,1,0,0x4fecc29bb1e5908169c93c4b3861ec7fa9df134a507009cbd1f8ab2f664fee87,4099426,0x001866ae5b3de6caa5a51543fd9fb64f524f5478,0x0b95993a39a363d99280ac950f5e4536ab5c5566
15.77275061,1,0,21.309262042,0,0,0,0x47fe389e6b39e9278ca0bdf7874e150ed1056494da6821dd66b2c967a459ce8c,4098651,0x001866ae5b3de6caa5a51543fd9fb64f524f5478,0x5b477087a858b181366b656beef6f81e4d88cdb9
7.511,1,0,21.309262042,0,0,0,0x33a967d935dbe01f4e1be93674a89c1ebd40e8e01ee31775e1b3f9baeca8f017,4098650,0x001866ae5b3de6caa5a51543fd9fb64f524f5478,0xb05683dd9d651d12ef9b8495e2a1dd2e1a414152
30.84828512,1,0,21.309262042,0,0,0,0x4f4c32e842d467dcbc95f0853de3fbff216a1f4c465f0f2766bf693eb63dfdf6,4098649,0x001866ae5b3de6caa5a51543fd9fb64f524f5478,0x5823087920b4cc72f9634da42669fe0b67f01b72
5.911,1,0,21.309262042,0,0,0,0x24027fef62fb4a5f3c2478fd4972ca6eab112b39216e64b46f6b4b6e944b1eb9,4098649,0x001866ae5b3de6caa5a51543fd9fb64f524f5478,0xf491de2d5bc877fee0dfefc7421fa2b2edff1d4c
2.538,1,0,21.309262042,0,0,0,0x5cd68773a13dc88ccd69ecac84f9c10b22843a0fdbbd1a79e95211bdfe2dd1f8,4098047,0x001866ae5b3de6caa5a51543fd9fb64f524f5478,0x1df5044fb7a167c0a4573f1418a806632c5903d7
14.955,1,0,21.309262042,0,0,0,0xdfc632f838009ff52c3ae4e34de0db3eb234d546f40d1dc2265decefa6d6cfed,4098047,0x001866ae5b3de6caa5a51543fd9fb64f524f5478,0x6838a1c457bf7185644d2ca4a7ab06a2387b6c16
1.084,1,0,21.309262042,0,0,0,0x5aa2a94d039f186eb1ad43bd59adbbed945bb907f65299a0015ec817abddbcd0,4098047,0x001866ae5b3de6caa5a51543fd9fb64f524f5478,0x6c7de97c801bfb1503d2a54a9bee702aa05163b7
16.61,1,0,21.309262042,0,0,0,0xe9fe3c50b0d3833e2881d34dd97a33e072b513e33fcbf168388a26740a0ac52b,4098047,0x001866ae5b3de6caa5a51543fd9fb64f524f5478,0xd3d94638cd53e0db7c90926f9be580fff8ed0442
5.61793138,1,0,21.0,0,0,0,0x063047a237a6c223813ad3f5f95ebcfb3ca8278c49167d85248cb1633a347c47,4097315,0x001866ae5b3de6caa5a51543fd9fb64f524f5478,0x7cc392d42663112132361e3f62e31ee112fdb0f0
5.335,0,1,21.0,0,1,0,0xc3ca47d75e8512d619867aa333114e55c22cb0fcf758cf4d6cb79a2201a35250,4097313,0x001866ae5b3de6caa5a51543fd9fb64f524f5478,0x59835a30db7ceb4649fb1a67277e45a818110417
0.971,1,0,21.0,0,0,0,0xb25645d9150874e4bc01832af620eeb0cd2492fefcefd34db851337639805b93,4097310,0x001866ae5b3de6caa5a51543fd9fb64f524f5478,0x8fa87405a87a0dce92c7dc4d0c54b3ce2c8c6edd
0.01,0,199,21.0,0,1,0,0x5d39273044633b013fce131ea5b3283182e2efedfa2fe73e1ecf11838c32cbeb,4095599,0x001866ae5b3de6caa5a51543fd9fb64f524f5478,0x0b95993a39a363d99280ac950f5e4536ab5c5566
0.01,0,200,21.0,0,1,0,0xb3cefd0598c4ff5513025e60c5d9b972ae48d1d566405a2728ccee0ecc6e53d9,4095590,0x001866ae5b3de6caa5a51543fd9fb64f524f5478,0x0b95993a39a363d99280ac950f5e4536ab5c5566
7.32476885,0,1,21.0,0,1,0,0xb114b4e0f1ad4175aaffec4b6bc78d933e902a05b5de88b11440b4e2a0d715a0,4095471,0x001866ae5b3de6caa5a51543fd9fb64f524f5478,0xb05683dd9d651d12ef9b8495e2a1dd2e1a414152
37.402,0,1,21.0,0,1,0,0xea98dae3ca289bd7c0c916028a507a8ce134212d49da1860b7732ab520cd419f,4095470,0x001866ae5b3de6caa5a51543fd9fb64f524f5478,0xd3d94638cd53e0db7c90926f9be580fff8ed0442
2.055,0,1,21.0,0,1,0,0xf61f206855fc85bd79c9adcc8916ef7acf72a98c0883cd970a66ab5fc7de80a3,4095468,0x001866ae5b3de6caa5a51543fd9fb64f524f5478,0x276c7d33abe432f785e03294b9db9f1ea0d944d9
0.01,0,201,21.0,0,1,0,0x47ceeebe760ac4cd808c443bdef36fd3cee433741fdbed35360c0e3d2a6d4843,4095450,0x001866ae5b3de6caa5a51543fd9fb64f524f5478,0x0b95993a39a363d99280ac950f5e4536ab5c5566
0.01,0,202,21.0,0,1,0,0xc3813198ee91db565d0b050064098ef24a874f13992b47314c7317c5645f6be1,4095449,0x001866ae5b3de6caa5a51543fd9fb64f524f5478,0x0b95993a39a363d99280ac950f5e4536ab5c5566
0.01,0,203,21.0,0,1,0,0x89abe652c4765abc8247741c291b25ef7ee6b09644db7a07e7b6a0ab86afd291,4095446,0x001866ae5b3de6caa5a51543fd9fb64f524f5478,0x0b95993a39a363d99280ac950f5e4536ab5c5566
0.01,0,204,21.0,0,1,0,0xdfba09985d492d18e733e1fe6bd3413c5dcedc4209dd8d07eb2d4d3adafaf806,4095446,0x001866ae5b3de6caa5a51543fd9fb64f524f5478,0x0b95993a39a363d99280ac950f5e4536ab5c5566
0.01,0,205,21.0,0,1,0,0xf4c633f731f3b46399b851548c07b050b5cbc77b699069ef08b7cba41597dcbe,4095444,0x001866ae5b3de6caa5a51543fd9fb64f524f5478,0x0b95993a39a363d99280ac950f5e4536ab5c5566
9.995,0,2,21.0,0,1,0,0x144d82c7c24f33a92528c6fc40547a582f379cc3a8b56418d93615060baf8bcf,4094836,0x001866ae5b3de6caa5a51543fd9fb64f524f5478,0xd3d94638cd53e0db7c90926f9be580fff8ed0442
3.93096238,1,0,21.0,0,0,0,0x42af8039687916f9417a5acf5c9bb5161cd3307aee08a62389a53eeae9a362e7,4094338,0x001866ae5b3de6caa5a51543fd9fb64f524f5478,0x1b9569d532679427f08980ef087c24aa97c9058b
26.137,0,3,21.0,0,1,0,0x145ef1d445ba0f545071cb5f0558af1132aa53109778500e8da4801d51455c45,4094335,0x001866ae5b3de6caa5a51543fd9fb64f524f5478,0xd3d94638cd53e0db7c90926f9be580fff8ed0442
0.36302107,1,0,21.0,0,0,0,0xde68bd20eae3fe07a18c91be008e9c31fc1a253e68fcd6dd9cc6dd3b35b9dbaa,4094334,0x001866ae5b3de6caa5a51543fd9fb64f524f5478,0x658ae7a0317dae406df8a94b20695acd351b7c81
0.08508053,0,1,21.0,0,1,0,0xbfbd92677adef311e836768ce5ac864822e1041260fe8fa2c3bceede254f9721,4093846,0x001866ae5b3de6caa5a51543fd9fb64f524f5478,0x658ae7a0317dae406df8a94b20695acd351b7c81
3.242,1,0,21.0,0,0,0,0x965b236b4ed984025b206dbc8385f6aaf261871eedb21073efaa7d69edc6bd79,4093833,0x001866ae5b3de6caa5a51543fd9fb64f524f5478,0xec4abeb68a13a96e37e14d651876c1c00ac10c46
2.56676878,1,0,23.96083722,0,0,0,0xd8f68ee2efa1e08d33c524f3a48abfe2985c25c2f5c9b183a0818e524b3a79f1,4093358,0x001866ae5b3de6caa5a51543fd9fb64f524f5478,0x4fd61384bf8f2eec95011efc5971361e9b3de0cd
53.551,1,0,21.981996749,0,0,0,0xeeba878c5da0168ae961f7732a74482acb8d78f4549eff032ad3e9dc7be8ac95,4093091,0x001866ae5b3de6caa5a51543fd9fb64f524f5478,0x8e3be30e34c9b732d87b18b27d2dfd3e9de814b8
9.12022,1,0,20.0,0,0,0,0x5d4209258bf34ac23858b340b6968189a33de04f02a1ce30bef77860d511585d,4093089,0x001866ae5b3de6caa5a51543fd9fb64f524f5478,0x0844c866f9455e7cf6cd6b946c2ca963de6b4969
4.925,0,2,20.0,0,1,0,0xb8fae41aed9ced07c1d8a83e50c8bdbbcd7ea204823e20872eb5b52f5db3961b,4092764,0x001866ae5b3de6caa5a51543fd9fb64f524f5478,0x59835a30db7ceb4649fb1a67277e45a818110417
4.895,0,3,20.0,0,1,0,0x63a2a9695683bef86eb17d936b3d4ccce617e343fca077fd465ff23df7ab0cd6,4092762,0x001866ae5b3de6caa5a51543fd9fb64f524f5478,0x59835a30db7ceb4649fb1a67277e45a818110417
1.056,1,0,20.0,0,0,0,0xb0e302da722ace5a490218e7f0968f05ea1fd2cd3612a6769e381f97fa4b2be1,4092758,0x001866ae5b3de6caa5a51543fd9fb64f524f5478,0x1db475c127ab3930121aff7d49c9a97c4a8a812b
1.605,1,0,20.0,0,0,0,0x846f7377de4657d9ef678585cf7fb8e1d7ad70fb0c0294c18289ee5cf7ec227e,4092758,0x001866ae5b3de6caa5a51543fd9fb64f524f5478,0x0ed2678ebe0476a9e95223305184026143d88f95
2.191,1,0,20.0,0,0,0,0x407a20d61b0f4007914a0e727c8e02d9e7a51c924c1c120bd78a45791b51e9ee,4092745,0x001866ae5b3de6caa5a51543fd9fb64f524f5478,0x740e48f457c58669423d115df15347b000f6f36d
39.47,0,4,20.0,0,1,0,0x8a796e6d107b703983eee7907e04049c61c966383e4b7133ed5289c0411d5d2a,4092740,0x001866ae5b3de6caa5a51543fd9fb64f524f5478,0xd3d94638cd53e0db7c90926f9be580fff8ed0442
0.07571328,1,0,20.0,0,0,0,0x210a62d3c25cda2d81e724c8db5d4167c5c343c04c26dc4c10ca2cc7ca35d45e,4090895,0x001866ae5b3de6caa5a51543fd9fb64f524f5478,0xa3715bfde775a0422253630e745cbe78094568fe
7.48688432,1,0,20.0,0,0,0,0xda94c305a9a92794219b5079676d5413d60437f4fe4e3083b3e695579386165d,4090872,0x001866ae5b3de6caa5a51543fd9fb64f524f5478,0x737b0339c4b70038a0b731d6f480236faccd34b4
6.40089298,1,0,20.0,0,0,0,0x03c50d1673a334226e7c6699bdf8cd767f45789a5986e5ce55f193c41c17b4f9,4090872,0x001866ae5b3de6caa5a51543fd9fb64f524f5478,0x875954126ed0265d648b30e77e56caf125a38673
5.38196667,1,0,20.0,0,0,0,0x6472606dfdda57a55f43c2b3d92074a571f2acdbc4d2446e69c55c45443e05f9,4090872,0x001866ae5b3de6caa5a51543fd9fb64f524f5478,0x6e1460c450293256694ab411ba5386ca4c7d77e6
4.806408,0,1,20.0,0,1,0,0x21204687faa310ff90bbbb8253b8cefb28f0785e77e032559bc739e1981d90ef,4090872,0x001866ae5b3de6caa5a51543fd9fb64f524f5478,0x6e1460c450293256694ab411ba5386ca4c7d77e6
2.395,1,0,20.0,0,0,0,0xa29888b40549866ca24c3c0ec67685ced770d80d59f7cc99e901a7dba1a32865,4090242,0x001866ae5b3de6caa5a51543fd9fb64f524f5478,0x719c8cdc265e9b7af415e6f57b0513a4eeca97e7
6.125,1,0,20.0,0,0,0,0x7081d552f9d6405034341cdc5261ca406a7d54639333abf9fa4df42a247feeaf,4090233,0x001866ae5b3de6caa5a51543fd9fb64f524f5478,0xb4b11920397e4d74be676cf5b1ef8f88bb4ddd13
1.75,1,0,20.0,0,0,0,0x252dd09c4b46fbb568630b4546cc84c9ccddc9e8a6f03ded1d5de58ae1227517,4090230,0x001866ae5b3de6caa5a51543fd9fb64f524f5478,0x2fe92bd22d12e8430606f5908daa885c9ee5e33c
12.16,0,5,20.0,0,1,0,0x3be788b38eeace58667da532decabf635d25acffa780e1933e198e2c715bbe2f,4090226,0x001866ae5b3de6caa5a51543fd9fb64f524f5478,0xd3d94638cd53e0db7c90926f9be580fff8ed0442
10.1217,1,0,20.0,0,0,0,0x85fd4934b07595e6d20a00d16bc051b22c55763ce6f51a1cc7a58641fd9dba9e,4090226,0x001866ae5b3de6caa5a51543fd9fb64f524f5478,0xf183d8a70140c47cb6b465eed016f74875fc5328
30.10735473,1,0,20.0,0,0,0,0x01456c47358ec4f648f0e7536556019ee921a84cbe5914aaa47362278f7d2f63,4090224,0x001866ae5b3de6caa5a51543fd9fb64f524f5478,0x58e988392b4fcccd66039455b398d6185a06af9e
4.79919809,1,0,20.0,0,0,0,0xd63f62516d5be1a7a500c938ac8a0a439980999d0dda007a38d4867b83ee5b91,4090223,0x001866ae5b3de6caa5a51543fd9fb64f524f5478,0x604af3b7d339246b7a99c828b92281b89450eba0
14.785,0,1,20.0,0,1,0,0x41486f1cade5d536468917871946f5772dfcf027822ff2d062c0afe9ae94d0c3,4090222,0x001866ae5b3de6caa5a51543fd9fb64f524f5478,0xf183d8a70140c47cb6b465eed016f74875fc5328
2.158,0,1,20.0,0,1,0,0x3e5adafda29a98b60a97603e52f5515e3392c7313d406be7b42eba4896b15712,4090218,0x001866ae5b3de6caa5a51543fd9fb64f524f5478,0x5b477087a858b181366b656beef6f81e4d88cdb9
1.746,1,0,20.0,0,0,0,0x3eba6b7026ace6558fb3938f39bff49865e697ce0b7d854ff49b0663675f79a6,4090211,0x001866ae5b3de6caa5a51543fd9fb64f524f5478,0x330c0fd24157efeaf349baa990948b55a48f626a
1.639,1,0,20.40801424,0,0,0,0xb10e3e0a6e223b7ec5f919907f4bcddcaa282d27205b06f9556f55a7c7423cd8,4089727,0x001866ae5b3de6caa5a51543fd9fb64f524f5478,0x8c6e3b2af1f9d8508b3b953d03246d0b55421c59
6.031,0,1,20.40801424,0,1,0,0x94664cf6e2526da6fd9f8677535bd51759b75ad83eda2cdb4333ab15f99b9baf,4089678,0x001866ae5b3de6caa5a51543fd9fb64f524f5478,0x92f7e7ef75497094cd0d6d46f690bdf6d57355f5
18.505,1,0,20.40801424,0,0,0,0x66edef5b2b00f974a0912710e13df1721236fbf1dd794fe944877aee82318d7e,4089678,0x001866ae5b3de6caa5a51543fd9fb64f524f5478,0x23c7827a2da1cbe6d5d8b8901390470bb86a19bb
0.596884,1,0,20.40801424,0,0,0,0x0afff64ad2bfe7bf3183e75d0c815cfd1ff4ce160f8875913802797b9b28547d,4089640,0x001866ae5b3de6caa5a51543fd9fb64f524f5478,0xc52a924cebc119ebdb32af6575fc293d8fdf69be
1.054408,0,1,20.40801424,0,1,0,0x383e3251aa288b3e6bbc40fce35f5a57e9efc10d2948484b55746a48bc7c1f72,4089640,0x001866ae5b3de6caa5a51543fd9fb64f524f5478,0x1db475c127ab3930121aff7d49c9a97c4a8a812b
500.0,0,8,21.0,0,1,0,0xf739747558153818967330a0f1039021d18bbf21f4329b7e3e4b0be710355ca3,4089587,0x00f9451385bf75910d80374eb42edf36d1a3f243,0x001866ae5b3de6caa5a51543fd9fb64f524f5478
0.01,0,206,20.40801424,0,1,0,0x47fa793518e56764e8d1ac2deca4eefd63a829fc6c5b7c68d28796e2db828f44,4089548,0x001866ae5b3de6caa5a51543fd9fb64f524f5478,0x0b95993a39a363d99280ac950f5e4536ab5c5566
0.01,0,207,20.40801424,0,1,0,0x531a0b79856550a1bb9052196d024d8d9978628ebe40bc85b9e32b9a48d8122d,4089545,0x001866ae5b3de6caa5a51543fd9fb64f524f5478,0x0b95993a39a363d99280ac950f5e4536ab5c5566
0.01,0,208,20.40801424,0,1,0,0xb9a511c0e1d0c4b10e09f7fe5c47b7927ad873bd039a8f9179245d07ec6dc0b6,4089541,0x001866ae5b3de6caa5a51543fd9fb64f524f5478,0x0b95993a39a363d99280ac950f5e4536ab5c5566
20.34629,1,0,20.40801424,0,0,0,0xa23797fbacf66d3ecbde4e65e37cfcca77b9a960f405ae398e70e0dcdcd920d8,4089289,0x001866ae5b3de6caa5a51543fd9fb64f524f5478,0xea231f69a3686cd15f4409ec43d096d205dfc5fc
12.349,0,1,20.40801424,0,1,0,0x504b1f886df22421f47f5add8b4b7bed2b2e73ff0172116dcfa48e93b1f8b624,4089286,0x001866ae5b3de6caa5a51543fd9fb64f524f5478,0x6838a1c457bf7185644d2ca4a7ab06a2387b6c16
2.40007485,1,0,20.40801424,0,0,0,0x800b1005de565fb40544e7ac8f1d89a9634bcb842fba34cdea4c904190977442,4089285,0x001866ae5b3de6caa5a51543fd9fb64f524f5478,0xc6adb1ac7f5c9773cea5eed9479dcbd3ebc237f6
3.939,1,0,20.40801424,0,0,0,0x0e9768206012598a8b993afa2a5138641ffa6cf440e732887a0cf08231055288,4089283,0x001866ae5b3de6caa5a51543fd9fb64f524f5478,0x402c58ddaff92013e6e6ed5f02ca67670fcf6029
0.495,1,0,20.40801424,0,0,0,0x45bd091bf8ffc148b74506d974c70b93f2af99c33220f7507ae09af56cc873ec,4089212,0x001866ae5b3de6caa5a51543fd9fb64f524f5478,0x2b09f7a74498894846d42fca9df899d81dbad293
5.398,1,0,20.0,0,0,0,0x3d94a41ca787ad8fa12fcacb7103d4f9d5aefb12a075109b275b32f7ed2751e9,4088574,0x001866ae5b3de6caa5a51543fd9fb64f524f5478,0x9238400de06ced3f08c0c5b513c2ad9b171938c7
2.761,1,0,20.0,0,0,0,0xc473c31818e3b05e182c4635696d3b30618b3d52f6d0035d8a8e3880dc87c8af,4088573,0x001866ae5b3de6caa5a51543fd9fb64f524f5478,0x09ad16fe3d9fb963d05635bddb759a1e4291fc36
4.4131,1,0,20.0,0,0,0,0x5eca8a160ac0c9a673c2ec87c274f91597da359738b77af4851bb3f66f638e67,4088571,0x001866ae5b3de6caa5a51543fd9fb64f524f5478,0x9093f9fdd0c3c4b985df0b52a86d1c6a03b6ad2b
1.115,0,1,20.0,0,1,0,0xa9a9295dd1d27093109d9e719ad2d73f96ef585e7245a06c9c6c4657d3a46f3b,4088569,0x001866ae5b3de6caa5a51543fd9fb64f524f5478,0x9093f9fdd0c3c4b985df0b52a86d1c6a03b6ad2b
1.81601652,0,1,20.0,0,1,0,0xd363302c70b3e8c29f6a0706cfafb11b285c36055677297aa8e4ca87c8c5043f,4088136,0x001866ae5b3de6caa5a51543fd9fb64f524f5478,0x09ad16fe3d9fb963d05635bddb759a1e4291fc36
0.505,1,0,21.0,0,0,0,0x581c18f9df91b97e0dfeb41bb7237944a7e129c47025d35774a7c3807296a70e,4088134,0x001866ae5b3de6caa5a51543fd9fb64f524f5478,0x4d8d4f70eaaa82e0de169f703f53fd2d49a82c2b
32.8176,0,2,21.0,0,1,0,0xeed38a280959ff41129e48b1d631eecd34ed853a39bac4a19bccda88075aa55a,4088134,0x001866ae5b3de6caa5a51543fd9fb64f524f5478,0x6838a1c457bf7185644d2ca4a7ab06a2387b6c16
30.0,1,0,21.0,0,0,0,0x553a986611bc218dcbcd6bcd639ab5b868c794b5bb72958a1903550a95b2734f,4088134,0x001866ae5b3de6caa5a51543fd9fb64f524f5478,0x01d7fb16c90b7e7fedf9098b1ec52c9383ad9ef8
9.995,1,0,21.0,0,0,0,0xf06890d94ffc69fa376829101396926dffb97846403b7551b05905e5d2625d03,4088129,0x001866ae5b3de6caa5a51543fd9fb64f524f5478,0xdf0c7b38b4699108ecb82479c50c21b39f5347f2
12.694,1,0,21.0,0,0,0,0xc9a3e104bbe3a7ea7a7d0c91953c54937f0d8ac4a76559cc01eea4072114fbf3,4088128,0x001866ae5b3de6caa5a51543fd9fb64f524f5478,0xc0521da9b7d4a767616837ce1245e5d1972bf9bf
8.305,1,0,21.0,0,0,0,0xc8eec6a7924e3d88b56e2dced13f7b204450087a3105c19cb3eff08ce52a44d4,4086222,0x001866ae5b3de6caa5a51543fd9fb64f524f5478,0x5256692da773842959339423b982bfa819455059
2.18604135,1,0,21.0,0,0,0,0x638cb6f2a534756186ab2e8cf8754fdd586178df8e9a2c8e8eaf4f6e2b2b5e52,4086205,0x001866ae5b3de6caa5a51543fd9fb64f524f5478,0x28b67133a277f50e1d90e639f3c99ecd34c2a2c5
1.595,1,0,21.0,0,0,0,0x735ffd388f274230f50c516c9a86e888f302b5c8a6e880f614b9d7bc435263cf,4085952,0x001866ae5b3de6caa5a51543fd9fb64f524f5478,0xd55d88ecc009308b1268e01ba1941b0c00a8f639
1.595,0,1,21.0,0,1,0,0x7810264db965562c59b94f0bf68439c9edbc0f32ddf098ff282a8abd14a38b52,4085950,0x001866ae5b3de6caa5a51543fd9fb64f524f5478,0xd55d88ecc009308b1268e01ba1941b0c00a8f639
2.747,1,0,21.0,0,0,0,0x2934aa5db299e58cf6a282813334af07ec9783498c649fc4c0e0279f19e21951,4085697,0x001866ae5b3de6caa5a51543fd9fb64f524f5478,0x4cd83cd8da023ed5979332ecd0fa1f3ec8911a4f
0.01,0,209,21.0,0,1,0,0x121409f8daeb00344dc7a8c1ced619cbf13da230a94e0c49f8b1977c93f72965,4085673,0x001866ae5b3de6caa5a51543fd9fb64f524f5478,0x0b95993a39a363d99280ac950f5e4536ab5c5566
0.01,0,210,21.0,0,1,0,0xd26476c5ed357a49cce3062698f2bee883f64ada9d7356be047c3573486edfb2,4085669,0x001866ae5b3de6caa5a51543fd9fb64f524f5478,0x0b95993a39a363d99280ac950f5e4536ab5c5566
0.01,0,211,21.0,0,1,0,0x2129da9e0224d752dc73f840cec44c5da42b41394ea39bef62c971c01559614f,4085666,0x001866ae5b3de6caa5a51543fd9fb64f524f5478,0x0b95993a39a363d99280ac950f5e4536ab5c5566
0.01,0,212,21.0,0,1,0,0x546a59095421ed5b170082bb589d64e9f55173c7cce88bfe1cdceaefeedb6ef6,4085664,0x001866ae5b3de6caa5a51543fd9fb64f524f5478,0x0b95993a39a363d99280ac950f5e4536ab5c5566
0.01,0,213,21.0,0,1,0,0x8e9a945e3ccbb9d00ed33fe2779d288c3bf7984994e78fe3b1809cd6b6dd276e,4085662,0x001866ae5b3de6caa5a51543fd9fb64f524f5478,0x0b95993a39a363d99280ac950f5e4536ab5c5566
0.01,0,214,21.0,0,1,0,0x5dfb08c40959e999095087eb4d042f111a5d975b5456c6cce366061a3b7e0569,4085660,0x001866ae5b3de6caa5a51543fd9fb64f524f5478,0x0b95993a39a363d99280ac950f5e4536ab5c5566
0.01,0,215,21.0,0,1,0,0xb6501aea765bb31bed176607b10ed3c8d4df2fa5441974df967ae01711e0e4a0,4085656,0x001866ae5b3de6caa5a51543fd9fb64f524f5478,0x0b95993a39a363d99280ac950f5e4536ab5c5566
0.01,0,216,21.0,0,1,0,0xbf88e23a73f08bc06c4284bf53cf441e39eb2123a0fe2848c8a732d80df54b22,4085656,0x001866ae5b3de6caa5a51543fd9fb64f524f5478,0x0b95993a39a363d99280ac950f5e4536ab5c5566
0.01,0,217,21.0,0,1,0,0x4e55592d198a4be6a6d35aee67b085c1e3c2d83853c83bc341f0ed3ea93e3bee,4085654,0x001866ae5b3de6caa5a51543fd9fb64f524f5478,0x0b95993a39a363d99280ac950f5e4536ab5c5566
0.01,0,218,21.0,0,1,0,0x95b2f979bdc698f7414a51cae5c6f6712499cca35f96a899ba42d4b7c526aa6c,4085650,0x001866ae5b3de6caa5a51543fd9fb64f524f5478,0x0b95993a39a363d99280ac950f5e4536ab5c5566
0.01,0,219,21.0,0,1,0,0x10f6ade01c6c04aeed47367e9b3c387d5c1891ce8a129af3c78128deba2f83dd,4085647,0x001866ae5b3de6caa5a51543fd9fb64f524f5478,0x0b95993a39a363d99280ac950f5e4536ab5c5566
0.01,0,220,21.0,0,1,0,0x81d027915001c425c3e2757a45115932eac5e3aa4c29d79a6219b7b9fc157141,4085642,0x001866ae5b3de6caa5a51543fd9fb64f524f5478,0x0b95993a39a363d99280ac950f5e4536ab5c5566
0.01,0,221,21.0,0,1,0,0x795a4ac43ccebede9f06db15cdc94474a0d9b8c8fa7ea59557f5cbab4ebbe3ff,4085641,0x001866ae5b3de6caa5a51543fd9fb64f524f5478,0x0b95993a39a363d99280ac950f5e4536ab5c5566
0.01,0,222,21.0,0,1,0,0x0a2f15644103c55a1f080c89802b6500d81618253f49c6a0c0922c9d861cd100,4085638,0x001866ae5b3de6caa5a51543fd9fb64f524f5478,0x0b95993a39a363d99280ac950f5e4536ab5c5566
0.01,0,223,21.0,0,1,0,0x199594f172d21d90420d7aa277b434df60ba567d68f8fe489cc6bf53cf99a5bb,4085636,0x001866ae5b3de6caa5a51543fd9fb64f524f5478,0x0b95993a39a363d99280ac950f5e4536ab5c5566
0.01,0,224,21.0,0,1,0,0x536173ef5850d66dacc126382e93a0b6cb5422d7c4f1d07f27206bd1b5f5ce90,4085634,0x001866ae5b3de6caa5a51543fd9fb64f524f5478,0x0b95993a39a363d99280ac950f5e4536ab5c5566
33.592,1,0,21.0,0,0,0,0x511409ec1fa232c054a3fe0e71d077cae9b1708553aa32494fd6a7008d712f47,4085470,0x001866ae5b3de6caa5a51543fd9fb64f524f5478,0xecfa0c797022e8f04c7742a0a9ba575d9d350c95
3.117,1,0,21.0,0,0,0,0xa5a13f5fdfff0957efc6b49dc7fe048340ca80178079eeaf1fe90fcc0987c69e,4085110,0x001866ae5b3de6caa5a51543fd9fb64f524f5478,0x1cbdb842fb3d4437ebc598b0e138858d0314208f
0.306,1,0,21.0,0,0,0,0x4a4518a807773584959c5e8ffc3739071b3a30cf9c3793b999d47eca23686236,4085109,0x001866ae5b3de6caa5a51543fd9fb64f524f5478,0xc42cad227dcaad85a1f4943b5e1a971c9323ede5
2.13092879,1,0,21.0,0,0,0,0xbfc138f6458926e8f47aef70f8a960e58726f4e1a806846fcfdab3f810a31e12,4085107,0x001866ae5b3de6caa5a51543fd9fb64f524f5478,0x7a7b13d4a3a9320ca9b1c407efa97588d72b9745
2.76785601,1,0,21.0,0,0,0,0xba6d9d58aa176ef974c4509d216bd4993a019ed2f431d5e0d05c6c70381b6718,4085104,0x001866ae5b3de6caa5a51543fd9fb64f524f5478,0x8c386e54d101b45d979ba71ed2afc8a98d43da28
2.12981768,0,1,21.0,0,1,0,0xb2b4667959b3ba25e2c152b6af23fb94f48786ea6d99c0c4f6d8715299cf7194,4085103,0x001866ae5b3de6caa5a51543fd9fb64f524f5478,0x7a7b13d4a3a9320ca9b1c407efa97588d72b9745
1.70352081,0,2,21.0,0,1,0,0xa8d6557452ae3883ad3b62e9bfb5552d960886dd8c6b7c53aa072dc60ffe3384,4085103,0x001866ae5b3de6caa5a51543fd9fb64f524f5478,0x7a7b13d4a3a9320ca9b1c407efa97588d72b9745
9.86040235,1,0,20.012773603,0,0,0,0x980b3559473943582bf605f9c47d9355eadab36457de09cee82327d5e78f7219,4084670,0x001866ae5b3de6caa5a51543fd9fb64f524f5478,0xeccce8291806070cf4e6f8d0ac2fa982d792856f
34.485,1,0,20.012773603,0,0,0,0xa8971fc13114868ec4ce2eb35af42b7a5530b8efa2b96130333f197b43c1858e,4084670,0x001866ae5b3de6caa5a51543fd9fb64f524f5478,0x299aaac3df36c1ba15fa22c591bd9b82f7b33867
3.809,1,0,20.012773603,0,0,0,0xdc3f614dd9348029e7aa2b4ebe054cc5b29ec04643b35205fa4aee123def128f,4084669,0x001866ae5b3de6caa5a51543fd9fb64f524f5478,0xd9396d2bc38ecc0b27a4e17d8e79c57662551c61
1.0,0,225,20.012773603,0,1,0,0xd71b887e0992e3bd4711035e5bf3dd3b132abf0447e18a60992c808f5b98024d,4084615,0x001866ae5b3de6caa5a51543fd9fb64f524f5478,0x0b95993a39a363d99280ac950f5e4536ab5c5566
3.0584,1,0,20.012773603,0,0,0,0xef1fc6f36c5a030b913dc491cdf85fc80c8ba508191e2f2368c5abf545911239,4084338,0x001866ae5b3de6caa5a51543fd9fb64f524f5478,0xb985843b00f0d3c7d6c35ed38c97028dcc4a399a
2.0,1,0,20.012773603,0,0,0,0xe9e28429effa016453cb7309e880aae98e2e47c1965bd11560e9cfadf6f76afd,4084315,0x001866ae5b3de6caa5a51543fd9fb64f524f5478,0xae1b2239f369dd33fe96d03b7376456877051ab9
1.606,1,0,20.012773603,0,0,0,0x60a957f38d39c186333a5bc0ec1ff6490428fb1781a533fc24dc7be6cbeebddc,4084314,0x001866ae5b3de6caa5a51543fd9fb64f524f5478,0xa1319ec3f9132e787bf8088fd6de56b10a7b1738
9.58882312,1,0,20.012773603,0,0,0,0x5fbc5034581234bcf92985e33481e87d3f306710f00cd780d5e0030f0304da52,4083968,0x001866ae5b3de6caa5a51543fd9fb64f524f5478,0xf7de45da2d2edc51777dc36afc2947bd8c803bfd
2.69,1,0,20.012773603,0,0,0,0x99f585244cc77ad42a55cbeaafbffb556c3c80bc8cef58e7fcfe787b50de86ad,4083966,0x001866ae5b3de6caa5a51543fd9fb64f524f5478,0xa00e963355d7e9fc3861e9e587426a9bd02cc952
0.522,1,0,20.012773603,0,0,0,0x3f65842446f436538692e9bac0b9368fb2f722cd310a1d6eddc39739b23794fc,4083962,0x001866ae5b3de6caa5a51543fd9fb64f524f5478,0xd584c292225e7429a62b11508cd5aa3202808ece
28.5144365,1,0,20.012773603,0,0,0,0x223a0152fa629cc92dffae7fa817e74e3e67941a98dd51290e894f28ee2cbb14,4083961,0x001866ae5b3de6caa5a51543fd9fb64f524f5478,0x49a899cb3998976357ccae443729be9aaedc915a
2.885,1,0,20.012773603,0,0,0,0xc5afe356946cd21c36c4ea62bb0ba665e9de043d15e6b2b719731f59c2994327,4083961,0x001866ae5b3de6caa5a51543fd9fb64f524f5478,0x280b4cc2ce87114912656d91d151ab895fcad799
4.68922876,1,0,20.012773603,0,0,0,0xb6ad2f02e8ec79d9d8f8e242cf57844d0893534f737e03569c9186b72192fe2e,4083959,0x001866ae5b3de6caa5a51543fd9fb64f524f5478,0x898103b6a82dda65dfb3046472aefc5cd62a2876
5.345,0,1,20.012773603,0,1,0,0x97d2559613dd0b1c81587572ea97c18a6270cf2a40fd5a536457f20453155062,4083959,0x001866ae5b3de6caa5a51543fd9fb64f524f5478,0x49a899cb3998976357ccae443729be9aaedc915a
0.6024,0,1,20.012773603,0,1,0,0xfd4a4f2df50e74420669bd55519e572bdfaf8acaa9d685651f64957e570379c6,4083956,0x001866ae5b3de6caa5a51543fd9fb64f524f5478,0x2b09f7a74498894846d42fca9df899d81dbad293
0.001,0,1,20.012773603,0,1,0,0x9ea7be11cfd7f7543fb23881886f3a1e0f4781acbce49fda4b0a4c697a6e4654,4083955,0x001866ae5b3de6caa5a51543fd9fb64f524f5478,0xa1319ec3f9132e787bf8088fd6de56b10a7b1738
5.25008,1,0,20.012773603,0,0,0,0x6516f94a9de36783c62b332a6b109682cced87b4d517db83ea76c63e510e84a4,4083954,0x001866ae5b3de6caa5a51543fd9fb64f524f5478,0xa6bf70bd230867c870ef13631d7eff1ae8ab85c9
3.818,1,0,21.0,0,0,0,0x99abe3b91db963dd3892986fc064fd48c1b2472e0acf8e9e5b111e5b94f2f8a5,4083449,0x001866ae5b3de6caa5a51543fd9fb64f524f5478,0xb2a5471957bd88d3bd6d578c24c2a3380e6317b0
1.885,0,1,21.0,0,1,0,0xda26ed9983da477aac705d6c73c98d5ed410fc5f0aceb06dbe90eef4e993c647,4083323,0x001866ae5b3de6caa5a51543fd9fb64f524f5478,0xb2a5471957bd88d3bd6d578c24c2a3380e6317b0
0.8536405,1,0,21.0,0,0,0,0x46adf180f90f2caeeab7fc67ede8aba7657683125b415521a9938cf80ec673a7,4083322,0x001866ae5b3de6caa5a51543fd9fb64f524f5478,0xcde070354579e5a4088cb36605c20b95dd38b22c
2.705,1,0,21.0,0,0,0,0x327cd3cd2af64a39e0315829b635f77136b9aef93d5376436910714d1774b20c,4083322,0x001866ae5b3de6caa5a51543fd9fb64f524f5478,0xb597fd62f49177b2195dc57390c3cfa89d7be9e2
8.27681859,1,0,21.0,0,0,0,0x705df5650fde8fe0891c1b223a8ff84340b81f9998cd466595832c1f3e83f9f0,4083321,0x001866ae5b3de6caa5a51543fd9fb64f524f5478,0x8a59091d11f10b7c8e9c9809bb28b00499d55878
0.995,1,0,21.0,0,0,0,0x3f86a7f3400b814b33946d6e14c9feb4584c0dff6e9367ded192274784555b2e,4083319,0x001866ae5b3de6caa5a51543fd9fb64f524f5478,0xa46a8a58429ac0085620a3528c6febfd4170d03f
3.3996815,1,0,21.0,0,0,0,0xcdb17146b523196b852a53af8b541e2314b08da409c02ad35c9b66fb90d36e84,4083319,0x001866ae5b3de6caa5a51543fd9fb64f524f5478,0xbccc5372bea446c753ee4e5f5dfbf03c0ed39bb8
2.468,0,1,21.0,0,1,0,0x928a86a911dede60b300983ab4dfd1efbcb3343e153e00f4c7ccff37f837222e,4083316,0x001866ae5b3de6caa5a51543fd9fb64f524f5478,0x4cd83cd8da023ed5979332ecd0fa1f3ec8911a4f
2.695,1,0,21.0,0,0,0,0x16a5c8e68a95ccc4d8525a4d16baa04c34bc3b36afa0f38a34862989011974c9,4083315,0x001866ae5b3de6caa5a51543fd9fb64f524f5478,0x210a9e5f681afd063abad293970d636722b897c5
2.0,1,0,21.0,0,0,0,0x529e6ac7d1a37ce666b2f92ab14da29cc82ed4363ba2920a429c3da36c71d859,4081397,0x001866ae5b3de6caa5a51543fd9fb64f524f5478,0xb1a755881f9082dd7ff98825028aac1f344a6337
70.464,1,0,21.0,0,0,0,0x4ecf28cc2b22a889e0e146742113371e28e063ea7cfabaa6d24baa59efd5a08a,4080927,0x001866ae5b3de6caa5a51543fd9fb64f524f5478,0xb178bfe776bb2bcfb4016ecacbad41bc6dd037a8
0.11,1,0,21.0,0,0,0,0x88c6c6dd3de1214fe4bbccbf8822b65fc2b15b2b61a0797b5b8db5353087b3de,4080534,0x001866ae5b3de6caa5a51543fd9fb64f524f5478,0x9b61303d7cf2975ebf336ecfe5d55df76ee25c85
3.60056264,1,0,21.0,0,0,0,0x020da88b1cfbfe691c8f66700c1a881d98f4f401cbd2064f149fc72351228d1c,4080483,0x001866ae5b3de6caa5a51543fd9fb64f524f5478,0x4456854c7b9531ba763d28d35c8f93a6b19bd70a
4.13781319,0,1,21.0,0,1,0,0x423a185413b6c6e48606f79754f5e200d8fe3a2ce3ad3cbf444604dbff59c701,4080482,0x001866ae5b3de6caa5a51543fd9fb64f524f5478,0x6e6e02289a23f62de5ec09f1429f851663587cff
5.2183,1,0,20.272024492,0,0,0,0xd7042bd758cb9100ada3c536240c51a3043d285427f8d0001f6ee6f387fe54c8,4080118,0x001866ae5b3de6caa5a51543fd9fb64f524f5478,0x4a9142e22d2770d60618891dda9147e24d18c788
3.397,1,0,20.272024492,0,0,0,0x000338c7832f5ee4ed7ba9ea9602dca8edbabf8273817cfbf63d5b52a8827571,4080112,0x001866ae5b3de6caa5a51543fd9fb64f524f5478,0xeeca9822afb28ec1a2c4177f12b72c4b6e829dbe
0.95360309,1,0,20.272024492,0,0,0,0xed2c7d76851a858d02d4f59a6b68d637308439304eef2df5050e27fb8e3ace56,4080108,0x001866ae5b3de6caa5a51543fd9fb64f524f5478,0xea7ffacd77514d7b183face16ce3769b5660c862
44.995,1,0,20.272024492,0,0,0,0xefc4887b9503708b8627f8ce517135d1c1320e3840f45f26fdcc1f7285185e0e,4080063,0x001866ae5b3de6caa5a51543fd9fb64f524f5478,0xcef3e1f2fb6179c50d504f98f573e73fb7bae47b
500.0,0,9,22.917630378,0,1,0,0x588f2cbaea546ca2e11627a80fdd890f18ba764c7864cd9b5b9f16440a54a707,4080040,0x00f9451385bf75910d80374eb42edf36d1a3f243,0x001866ae5b3de6caa5a51543fd9fb64f524f5478
0.72069203,1,0,20.272024492,0,0,0,0xe38ad02dbb3464fda09097c1c0a3cea7322f5408ead013e474136106ca6c1c4e,4080036,0x001866ae5b3de6caa5a51543fd9fb64f524f5478,0x60a64cbf3dc93dce8c0081c4d3abca91846f211f
2.865,0,1,20.272024492,0,1,0,0xe611b2ada94e896255cf30b8b6b4f26d2aa2433877112495bd598f72d21e6a86,4080035,0x001866ae5b3de6caa5a51543fd9fb64f524f5478,0xcef3e1f2fb6179c50d504f98f573e73fb7bae47b
75.08925362,1,0,20.272024492,0,0,0,0x1cbddb47a9959e8f75fb5cdf5a23d228f1aa9bf5b825b1c2656f06b2e117ad71,4080029,0x001866ae5b3de6caa5a51543fd9fb64f524f5478,0x655d2e4e997040752edeb3f12808300e46d14e10
0.0913,1,0,20.272024492,0,0,0,0xd316b6fcbf00696877918813805acabfa10b73a397dce12147442f315ca47321,4079800,0x001866ae5b3de6caa5a51543fd9fb64f524f5478,0x693baf7b357a5c1266be1a4bed67d0257171c2b1
1.00062481,1,0,20.272024492,0,0,0,0xfcedf9e35ce15ad94b3e8fc0bff99d0dab73e49f07c83969e20393b281f7a1e8,4079798,0x001866ae5b3de6caa5a51543fd9fb64f524f5478,0xe10427e273ab09f6ef433a47e12dd58c0ae3671d
0.0913,1,0,20.272024492,0,0,0,0x151c367ae451e0612db805ab3671b12c7f6e2b88c15fabb099cff5304c28d369,4079783,0x001866ae5b3de6caa5a51543fd9fb64f524f5478,0x1bf5debdb28d5b378c6ce57382469830e97fafd5
53.04257312,0,6,20.272024492,0,1,0,0xfe0b90b0b6c49f49ca6624c57ecc6a404d83c7f60ce90e06d64716786bf245a4,4079781,0x001866ae5b3de6caa5a51543fd9fb64f524f5478,0xd3d94638cd53e0db7c90926f9be580fff8ed0442
2.765,1,0,20.272024492,0,0,0,0xeeef58e74c787344561ba65a2ea18485a8176672189280281c58833dbcbfe381,4079778,0x001866ae5b3de6caa5a51543fd9fb64f524f5478,0x76889c29dc0932d95601701022ce8658e525a22d
17.73079813,1,0,20.272024492,0,0,0,0x61a6cc8c2328c2deddd2ec1a01baeb1b2785605150850e138d22c6386b71d106,4079773,0x001866ae5b3de6caa5a51543fd9fb64f524f5478,0x70077ea7a9f6322f229261596eadca64dc1b1e25
26.769,0,2,20.272024492,0,1,0,0x5957295bd8da4ff0dbf21294779f942704ccbadc886e952c4d0b3ae66bc32701,4079769,0x001866ae5b3de6caa5a51543fd9fb64f524f5478,0xcef3e1f2fb6179c50d504f98f573e73fb7bae47b
10.105,0,1,20.272024492,0,1,0,0x16e0bef2c4a2c07eb9e0ed47031fea0dbbd03b0161a807325439afebe5d647f6,4079766,0x001866ae5b3de6caa5a51543fd9fb64f524f5478,0x6ca63cc6cebc09452006d2dae3cbdcd2dadde767
0.99502962,1,0,20.272024492,0,0,0,0x0c01f0e61cec4486998a0a86aae2c2c530bcf858fe2cd92842d4f9e540a163f0,4079458,0x001866ae5b3de6caa5a51543fd9fb64f524f5478,0xfca3298f672293cea337439458fc06492ab79fb1
3.14848806,1,0,20.272024492,0,0,0,0x3cf9059c5c1592ff04883a2d607b64811c6d9ad2f47f56bd63a17d2fd020569c,4079458,0x001866ae5b3de6caa5a51543fd9fb64f524f5478,0x255d3732e68ad2cb9a229967afbabe248591ab48
35.423,1,0,20.272024492,0,0,0,0x065f00c83ff0a0db44f382e9333e063a55dc651531607421acaccae71595b580,4079452,0x001866ae5b3de6caa5a51543fd9fb64f524f5478,0x16e3b7fcb90d7460e689e125bdc96f5a8fecf3c2
22.9238,1,0,20.272024492,0,0,0,0xec656cab7eee2603752f666c1ba550c2f337f7894095fc91457d6a04256fd47e,4079202,0x001866ae5b3de6caa5a51543fd9fb64f524f5478,0xd16e6ace63415778caf2336503cbc724eb4780c2
10.527,0,2,20.272024492,0,1,0,0x79806a407c3157cf53addb9857979215dda6c90ffd65c182014a561e2df0f865,4079201,0x001866ae5b3de6caa5a51543fd9fb64f524f5478,0x92f7e7ef75497094cd0d6d46f690bdf6d57355f5
0.995,1,0,20.272024492,0,0,0,0xa93deeb778a88cae501c6b1232da1df87f8d94bef520a84dff22b05882b343e5,4079198,0x001866ae5b3de6caa5a51543fd9fb64f524f5478,0x482f990559f0f685ad4f893a8fb58873b283d658
7.29054318,1,0,20.272024492,0,0,0,0xea348593ee333c97a04e1ae6c3d581837e60b1be384e3b9d9c2e2cdcb53967aa,4079197,0x001866ae5b3de6caa5a51543fd9fb64f524f5478,0x26d46e45ec1b347f85613921423e2759688ff9f2
1.1628,1,0,20.170653562,0,0,0,0xe9475f51df1de0f337892aa1ef0cf8ff2c0717de0b449df3d9c814816af4fce5,4079192,0x001866ae5b3de6caa5a51543fd9fb64f524f5478,0x9130e3166156f565f25ee3f708b485b59fcf464b
5.50914663,0,1,27.72,0,1,0,0x02d302b6acf8a5725065fa046c3f4894bfc8138b3396be1622676a2aea5351db,4079189,0x001866ae5b3de6caa5a51543fd9fb64f524f5478,0x255d3732e68ad2cb9a229967afbabe248591ab48
7.561,1,0,21.0,0,0,0,0xf072ed2f129660fa6fbed7057086a2884ce0cea87b5f2e01698c216c94f72b0f,4078478,0x001866ae5b3de6caa5a51543fd9fb64f524f5478,0x766841734ef2a013374cb6e95458f498b9a617bc
0.97796428,1,0,21.0,0,0,0,0xfb08d7b26ec4cdc0e262f70700d9a1fd5b466657975061b5a99c061359e649ac,4078478,0x001866ae5b3de6caa5a51543fd9fb64f524f5478,0x8e517b05157480aa7a91579f1381a2238290efba
0.995,1,0,21.0,0,0,0,0x456969f4f457ca5eae30c3176073fbb184a772ce6e09a4f597b4d702697d4acf,4076473,0x001866ae5b3de6caa5a51543fd9fb64f524f5478,0x0786a7ce1ae71cbbe7d2daa550073a336c87d82b
6.793,1,0,21.0,0,0,0,0x8f326b0a12d00d6b7dce08cb6027c377504a8ac7cabfced3fac9ab377ad1135b,4076473,0x001866ae5b3de6caa5a51543fd9fb64f524f5478,0xd7abeb30a8af5a4fd9bb47ed1024416f20dc1bf2
8.487,1,0,22.416545867,0,0,0,0x8086c4998b0e6007ed1b3cc4e419b54c3b7e1b1e412d1400d199e8009eedc847,4076471,0x001866ae5b3de6caa5a51543fd9fb64f524f5478,0x00395e354c60f84aa2cc1ee9857dc46fab279f0e
1.0013,1,0,22.416545867,0,0,0,0xcf6989e829546bed9f99a49cda386b650012054251ec3efe0410ef49a6810100,4076461,0x001866ae5b3de6caa5a51543fd9fb64f524f5478,0x9be94f984885d4e8154f93710114357ad45a4eb9
0.995,1,0,22.416545867,0,0,0,0xf4eb05b9a7da49951c5b264eb06d3ab4bf03b9017b1061ba92b3ffea3b315b58,4076356,0x001866ae5b3de6caa5a51543fd9fb64f524f5478,0xc44dde81546d5267b62968adf259da1d05a2f582
0.095,0,1,22.416545867,0,1,0,0x432f8fbef306d83b1332b19d70eb82aee7adbab6885a4fae7bf8d821f0c2c8c9,4076350,0x001866ae5b3de6caa5a51543fd9fb64f524f5478,0x00395e354c60f84aa2cc1ee9857dc46fab279f0e
0.995,1,0,22.416545867,0,0,0,0x825fe0f3a0a67feff44c41107fa422bd49805f400bfdcdbab4df2a280544c5f9,4076347,0x001866ae5b3de6caa5a51543fd9fb64f524f5478,0xedc7eae181db5d0eb9dffb9b7925750414122e0b
0.995,1,0,22.416545867,0,0,0,0x989291ac72dc92f361b52feae1263b5300ed2639f6f7bc701136c04e7985b018,4076347,0x001866ae5b3de6caa5a51543fd9fb64f524f5478,0x27b23ecedffbfc8fe8dd331593c8c2ea59198b75
1.0134,1,0,22.416545867,0,0,0,0xadbfdc38049b7df989cf47f21fb161b434c4b30f4a27d43bdbcbb15911497c71,4076347,0x001866ae5b3de6caa5a51543fd9fb64f524f5478,0x8426e8804ddad6dabf368fbb1bd17d98ea457e8d
3.0,1,0,22.416545867,0,0,0,0x51f2b847d503cd8781ea612c26b36a82361a03bd14d136f1ce350e7ec5b3fc58,4075743,0x001866ae5b3de6caa5a51543fd9fb64f524f5478,0x3ea58468c1b017c0598e53b2aff9196a5e1902fb
5.09493547,1,0,22.416545867,0,0,0,0xaa9b4cc7fc2dee3d1ac041b8b1165c44ae2c40d8bca7f92c85ff0dde2a022fc9,4075614,0x001866ae5b3de6caa5a51543fd9fb64f524f5478,0x5642a88163ef303e0d8b7df0f3220cd1f0c9efb5
5.05897174,0,1,22.416545867,0,1,0,0x4511cc222443677f05e684a9c7de7ebc868fef5a46fd9b717aeaaa540be527d6,4075605,0x001866ae5b3de6caa5a51543fd9fb64f524f5478,0x5642a88163ef303e0d8b7df0f3220cd1f0c9efb5
0.37219888,1,0,22.416545867,0,0,0,0xbe0c122e3ab6c529d2387db7367fbcdcd56dd0545dcf6f0d527120db7f8d6b33,4075601,0x001866ae5b3de6caa5a51543fd9fb64f524f5478,0xf68c54157da8be3e15b13480c6d17ff819f1ab1b
0.0123,1,0,21.349091302,0,0,0,0x2acdb456c9378e052f54b98d63096aef2e534ffaa9a49ef8c2d90ad71e76efdb,4075596,0x001866ae5b3de6caa5a51543fd9fb64f524f5478,0xfda8a34adc3390650430cfe58556630a327dc775
0.0113,0,1,21.349091302,0,1,0,0x3f8c38de3e47affcc6626497b69e0c597c7b37fccc2f30bb769ea19259f9390a,4075592,0x001866ae5b3de6caa5a51543fd9fb64f524f5478,0xfda8a34adc3390650430cfe58556630a327dc775
1.18417972,1,0,22.0,0,0,0,0xb4a112c97e21657bb5695f878f2ff7eec51a4b1ee4526d1965f56da5f5262873,4074737,0x001866ae5b3de6caa5a51543fd9fb64f524f5478,0x111f3eaed3206d94f5ac63fbaac782bdafd7d684
5.251,1,0,22.0,0,0,0,0xf34e4da5027eab9740b2ea74a3c24a307d8b7e7ae86dad69365ea1ff8516c081,4074700,0x001866ae5b3de6caa5a51543fd9fb64f524f5478,0xf1efe7de115782d71e1bba5d2ccc001e787fdef1
0.0023,0,1,22.0,0,1,0,0xb9e2c654ea5561f3be8073ac081d1b15ac71d8de9d145e088b52647bfa4eb182,4073080,0x001866ae5b3de6caa5a51543fd9fb64f524f5478,0xcc3db0936c3787a90d6fdacee4fb335dfe5e0438
1.0155,1,0,22.0,0,0,0,0xdf451d0b6f26885a31318d4eb54d22d695b2b70e03b12e3be2e89ee4014a9ae9,4073074,0x001866ae5b3de6caa5a51543fd9fb64f524f5478,0xb55ca4c14202bebdbc76ca60e0a13667e1409f2d
6.738,1,0,22.0,0,0,0,0x6339437a29f6b9f894af046bbb4d41ff58c18818971ce344fcad68dfe760a657,4073033,0x001866ae5b3de6caa5a51543fd9fb64f524f5478,0xfc2849a312d7fdaebb0e0222807e638d8b732cf7
1.611,1,0,22.0,0,0,0,0x7dc987f252298b61c02d7f743bbea02e88c4f390734d884389b3545407bdb955,4073025,0x001866ae5b3de6caa5a51543fd9fb64f524f5478,0xc17390126002623db49c56f062b75dc80e583446
9.282,1,0,22.0,0,0,0,0x8b529966f7c71b94958565ab153b7fe8508dce94cc87f42f8e20aaa9515f35ba,4073021,0x001866ae5b3de6caa5a51543fd9fb64f524f5478,0x1795fd6d1b16193632e14d0af92bca6ce12ca65a
4.708,1,0,22.0,0,0,0,0x2f6e8b1142cb27262e23ab461a7ec8712219dbbdc13098f1138e5ebe4769d47c,4073013,0x001866ae5b3de6caa5a51543fd9fb64f524f5478,0x3c64a7a175d7e88fdd818e98651a0944fe2df852
2.5825,1,0,22.0,0,0,0,0xe2671d1f137198759733f65b671e190173b310afa5da90c45e27fd4bd71ecc21,4071158,0x001866ae5b3de6caa5a51543fd9fb64f524f5478,0xc00c6413185a4ea60ba72e883a277291be7577c3
0.2913,1,0,21.969348338,0,0,0,0xb28654c64e20c3b182a75a8679066ea15e8fe811c82def8f026f25ff29a7f51b,4070622,0x001866ae5b3de6caa5a51543fd9fb64f524f5478,0x40f086fc861397dfb9545de6df9346923599abe8
5.057,1,0,21.969348338,0,0,0,0xfd0f40a0ce6fb43da5f4348f9b89c61c8505d8738bcfb378f44a61afc8fe0821,4070618,0x001866ae5b3de6caa5a51543fd9fb64f524f5478,0x88bac1dddeead870e30b83fb799908a51b9ee0eb
4.995,1,0,20.0,0,0,0,0x5036719737f8e84fcf05de115fa471fa7bd2396003317c847342b0e96de55a48,4070042,0x001866ae5b3de6caa5a51543fd9fb64f524f5478,0xae74671d9c49f68ccfd90024088c1580c3edd8fb
0.437,1,0,21.0,0,0,0,0xfaf034049f72c52fdc9ddcd91266c3f590fdbcf04a70815565030f466d25d896,4070040,0x001866ae5b3de6caa5a51543fd9fb64f524f5478,0xe8f9f5e41f236b37af73a30357fa96e7f473d949
38.685,1,0,20.0,0,0,0,0xaeaeb53883841f59db9547681e03daa769e62acca8182d7b59c207ec4892baa3,4069478,0x001866ae5b3de6caa5a51543fd9fb64f524f5478,0xb21f766f3202d345374af5a06bcc09ebd9ba2cfc
0.46259322,1,0,20.0,0,0,0,0x9fe72c534beb2515bb65769014ad997e728f8c05273a4a45b1825effd0e10161,4069459,0x001866ae5b3de6caa5a51543fd9fb64f524f5478,0x61b6a7e8991fae379a403d44ca1e27a144e75926
0.52,0,1,20.0,0,1,0,0x7160a6476775e7af8e338e0833551b0f02fc96da47dea62526bb9070c514ad59,4069451,0x001866ae5b3de6caa5a51543fd9fb64f524f5478,0xff54308621eeddf887aa2d1470b480e2c0a195f5
11.995,1,0,20.0,0,0,0,0xec11def6365d3ba4ecb60708bf4fe2720211b98a9e45cd69a51002c3451504e2,4069417,0x001866ae5b3de6caa5a51543fd9fb64f524f5478,0x874192e81b05484c1b4b0307654ef7649e4532ad
21.99526585,1,0,20.0,0,0,0,0xc50b6eeb967fb4f0a126579eb2ba19bd2daacdea355d019fa5510d1ac9384840,4067669,0x001866ae5b3de6caa5a51543fd9fb64f524f5478,0x76246ac8d807025c0b9de6751a5fad950b421102
1.075,1,0,20.0,0,0,0,0x22e1b17dc462402cb7e24e1deae34963cd0d944b37025720cbde3d85f85627e2,4067619,0x001866ae5b3de6caa5a51543fd9fb64f524f5478,0x2852941b13bb0de38a54726362c5c217bac3e40c
0.045,0,1,20.0,0,1,0,0x681d4cbe06700f106c65118045ad940671fceb96f6698ab97080b33f0d3dea26,4067614,0x001866ae5b3de6caa5a51543fd9fb64f524f5478,0xae74671d9c49f68ccfd90024088c1580c3edd8fb
1.2380009,1,0,20.0,0,0,0,0x0128a3cc57ab099e1d2d69c2bc1fe28c0f0c4781c396519b4aec6452e628ecce,4067614,0x001866ae5b3de6caa5a51543fd9fb64f524f5478,0x92bbb7696c9389173564534016fbf9ab4b8271b1
0.0278556,1,0,20.0,0,0,0,0xc0d5ebc335428ea96e6624bd2b83c0f19404e5f48f2d7d6b4a37af83fd961435,4067614,0x001866ae5b3de6caa5a51543fd9fb64f524f5478,0x9c23a7b3cb13415abbe7c05d837499d1faea81ec
0.906248,1,0,20.0,0,0,0,0xd53b43fda5b03968aacd052ee4a4722bbad7da3fad889b4e3ee108c2676cbb03,4067273,0x001866ae5b3de6caa5a51543fd9fb64f524f5478,0x76f461db2217811cb1cafde78c77d77bf6f7d475
5.525,0,1,20.0,0,1,0,0x4718aa3fadb520e1dca3d6e8ca68f94e08dbf8cbf031bdfbbf273f16f81a1ebf,4067058,0x001866ae5b3de6caa5a51543fd9fb64f524f5478,0x1d6adfa70e76acf99bc843d30a3a739cb9787fc1
0.402408,0,1,20.0,0,1,0,0x5e99bcfaa8d6f12271ed35cece18a4ffc92af88048998b817a22872412e97be9,4067058,0x001866ae5b3de6caa5a51543fd9fb64f524f5478,0x40f086fc861397dfb9545de6df9346923599abe8
0.402408,0,2,20.0,0,1,0,0xa2d5f79e8c4558bd9623fe1b64d9aa5d6d41540c912fc9bfd843df0e2350def1,4067058,0x001866ae5b3de6caa5a51543fd9fb64f524f5478,0x40f086fc861397dfb9545de6df9346923599abe8
0.995,0,3,20.0,0,1,0,0xc881e0c98267f678412b6a4bc367dd94a7c3dce7e65ca6b575c464464d94e229,4067017,0x001866ae5b3de6caa5a51543fd9fb64f524f5478,0x40f086fc861397dfb9545de6df9346923599abe8
9.477,0,1,20.0,0,1,0,0xf54f0fcab78ef6ba522e0852b88779340b40a2b2dcfea4fe1b6572110be4d90a,4066445,0x001866ae5b3de6caa5a51543fd9fb64f524f5478,0xacb7de712515ac8358f622fb01cd01c9e0da3a9b
1.2177,1,0,20.0,0,0,0,0x155613cf57eefe40e0ce683f9e0395b62cfd128028a8d8921ee62359833a1122,4066347,0x001866ae5b3de6caa5a51543fd9fb64f524f5478,0x536f69530c7b76242e755539713107afb21b9660
0.995,1,0,20.0,0,0,0,0xe93ddbccbfea79ba0732222a3841c3b8c9eebc17c25a2390ecf627af1e3fe188,4066347,0x001866ae5b3de6caa5a51543fd9fb64f524f5478,0x3d9dc1b1a1440fe00888246eb20dabd868dbf6a5
3.981,1,0,20.0,0,0,0,0x5c63a3ca3e71c01e7db73344549774dcc618184fda3e408efa0a8560f74a33f5,4066347,0x001866ae5b3de6caa5a51543fd9fb64f524f5478,0xea9d912e5fba172d1e459caf65edeef22fdd4604
0.0113,1,0,23.697264639,0,0,0,0x1f5e112a0e8e7be6566ab85aaab6570aab82936a418869589efcaac434b05578,4065953,0x001866ae5b3de6caa5a51543fd9fb64f524f5478,0x1c4992edd398b7faae7a22475c219b99ad5712d9
12.134848,1,0,23.697264639,0,0,0,0x99c17c0327f0ed202a4488930801f964fb0f8261490688c0a06badf48ee23726,4065944,0x001866ae5b3de6caa5a51543fd9fb64f524f5478,0xc47db7f85fbf9e97c253117021bafeb4cd14c282
0.2913,0,1,23.697264639,0,1,0,0x9c8edc281cbb70a08f0505bc86ff200219a22162830098b000c0604a4e893f2d,4065944,0x001866ae5b3de6caa5a51543fd9fb64f524f5478,0x57c6e0582f12d1ef9c188cfde674fe17179a4597
1.388605,1,0,23.697264639,0,0,0,0x488f787522aeb0982d90218796908249cc565beed554f571c34374716b69c613,4065944,0x001866ae5b3de6caa5a51543fd9fb64f524f5478,0xa7fc564f2fb829069c7d3974280504c914b41daa
0.7301,1,0,23.697264639,0,0,0,0xf0a44cb867cbf70fa091ce0c37a2a2134469c08912bcd1735c88f9bbdcb9448e,4065935,0x001866ae5b3de6caa5a51543fd9fb64f524f5478,0x92624b7b5af6f3571dce068b09c9c093aaacf470
5.5743,0,2,23.697264639,0,1,0,0xbf63e9586204960c1e8b36ba1eba50669a0e2c062c98081309b6f0143e0adf7c,4065933,0x001866ae5b3de6caa5a51543fd9fb64f524f5478,0x1d6adfa70e76acf99bc843d30a3a739cb9787fc1
5.476862,1,0,21.0,0,0,0,0xafe76fd732ec7d46707217e790eb64fd529e1e54c542d314c860422af6584bf4,4065311,0x001866ae5b3de6caa5a51543fd9fb64f524f5478,0xf2b01879552cdb92e5f4c991139998c821a37ec8
0.1101,1,0,21.0,0,0,0,0x4498b7a20c3aeb8432cfe9248d4aa4e34e86f7ba8a864cdaa5d61cb48e118292,4064947,0x001866ae5b3de6caa5a51543fd9fb64f524f5478,0xa93ba8ee760461d593766ea88bd3e89a495715ed
11.803,1,0,21.0,0,0,0,0x8c3017ea0b102844880dc3ffb96aa8b2c4cf99bebc0022411172ca60e82f66f1,4063179,0x001866ae5b3de6caa5a51543fd9fb64f524f5478,0x94ac599c9a0920f7a356eb68a92b29bd7a68c1dc
0.3182801,1,0,21.0,0,0,0,0x21e29fcfc817ddfdb2e7140aa73321c9b6de0d1c90aad966dd799377f07a94ef,4063157,0x001866ae5b3de6caa5a51543fd9fb64f524f5478,0xa823ffedecee7acd67a9d31433db136862b4b24a
5.9070396,1,0,22.917630378,0,0,0,0x594ca833bf13ab68adf16ed60c58910b2edba00410d3c49387ac5de9cb790814,4063157,0x001866ae5b3de6caa5a51543fd9fb64f524f5478,0xb488b2ac6e56e4dd83a93ee0dc1b1fe52c4f6fe6
500.0,0,10,22.917630378,0,1,0,0x505dbbc7c7ffa1bd415f7fe560d4e42aeab0b6b6189f80db6f944587e4903ae1,4062482,0x00f9451385bf75910d80374eb42edf36d1a3f243,0x001866ae5b3de6caa5a51543fd9fb64f524f5478
1.247746,1,0,22.917630378,0,0,0,0xff37f95fba9ec1660106507d08c48c15a28e6a37b65ef7a8e5f1f794fc0af380,4062237,0x001866ae5b3de6caa5a51543fd9fb64f524f5478,0xf105fa64cc06d192d6ae3643a64bbd5a288b8bc0
1.510483,1,0,22.917630378,0,0,0,0xe2f85c46a673b0302f94e699e5e8db0071241839c19b746434f145eec66c2f3c,4061975,0x001866ae5b3de6caa5a51543fd9fb64f524f5478,0xfdd1e259de06b73051f27f1989a1830d5bebaac9
119.995,1,0,22.917630378,0,0,0,0x8775aa742d91b855d5609053de4d2ee401c3a9cb83f9847a28806d1dc0eab573,4061959,0x001866ae5b3de6caa5a51543fd9fb64f524f5478,0xd5572dfd78107bac20530262c20d1ea57947eb6a
0.495,1,0,20.0,0,0,0,0x41f6926c740851845f664c4b3592d6bc34282612de8e0faa06de54d12138f2ef,4061952,0x001866ae5b3de6caa5a51543fd9fb64f524f5478,0x7d57b8b8a731cc1fc1e661842790e1864d5cf4e8
10.195,1,0,20.0,0,0,0,0x8b5ef91f92c6fc07b96de1a57ae9d408fbe01ba64998d0015731e800d6a401f6,4061560,0x001866ae5b3de6caa5a51543fd9fb64f524f5478,0x23aca7630b5d4b5f74ef8fc0a0e6b1eaa2220148
13.627354,1,0,20.0,0,0,0,0x7baf8db0fb3e80718c1d5826aefa683da63ab628207f64fcdb142218f133e495,4061559,0x001866ae5b3de6caa5a51543fd9fb64f524f5478,0xd5895a782816dd2b133fae8f68fa60c0f3d575b9
5.083213,1,0,20.0,0,0,0,0xa3b82810c59ccb8b8436696ec618ecf7e6d362ebfcdb917ffdb044e729fd4272,4061557,0x001866ae5b3de6caa5a51543fd9fb64f524f5478,0xe906d250e7088b55edbfe41798b8aa8c10b54143
8.653333,1,0,20.0,0,0,0,0x5816ee8d157deecf5079290cb5d8b53968e14969876b521bb0666ec4056893a4,4061553,0x001866ae5b3de6caa5a51543fd9fb64f524f5478,0x621855ffee64b34ccc6b2cb018d3e91e19512312
10.93690186,1,0,20.0,0,0,0,0x8aba7880ba74c5344a1bd13f169067d35c9e8a55b514fcc2d1a7db0574623ef9,4061552,0x001866ae5b3de6caa5a51543fd9fb64f524f5478,0xef318fa7dc1b06fc258c135d5bfda6ec3ecffc5c
45.153766,1,0,20.0,0,0,0,0x1dec96447b8beea861e8712fa98c8ce928bb5861422ad8b044020e9d4b374aeb,4061068,0x001866ae5b3de6caa5a51543fd9fb64f524f5478,0xc46fd0316d6a6ca33d7fb84a77806923db1214ea
0.995,1,0,20.0,0,0,0,0x3c149d35cbfa32422100caec5dc1a060576ce18799f78e4f05e892f86239cf73,4061067,0x001866ae5b3de6caa5a51543fd9fb64f524f5478,0x6df7862cc3b65cf126887755d77add5e7b185255
0.522408,1,0,20.0,0,0,0,0x4a6d15a400c228962c0e2d23dbce18ffe4950852ff9044a7bbb5b4415aef81f6,4061065,0x001866ae5b3de6caa5a51543fd9fb64f524f5478,0xed936dc3cd47254263e7c2032c96367f653c6c65
3.095,1,0,20.0,0,0,0,0x58fba2b9a5e08699737335c1a101dd7c94fd4051d61a98970f13e5556357f115,4061063,0x001866ae5b3de6caa5a51543fd9fb64f524f5478,0x71e4ccd7e39436f663b2c33b928177be7e341cfd
3.8667,1,0,20.0,0,0,0,0xaa489581b8c99938ad72e9eb57ad721455946bda5fb72ab1e826302f7fcce741,4061062,0x001866ae5b3de6caa5a51543fd9fb64f524f5478,0x5cac737c2a8d0732107e17e385839dc7ad043faf
0.002408,1,0,20.0,0,0,0,0x071749741fc04253d0f8628614efbff93ed7819036a5bd89127b1ee7b52aa745,4061062,0x001866ae5b3de6caa5a51543fd9fb64f524f5478,0xa79fd184188aa4c700376aecd317d039b1626494
0.002408,0,1,20.0,0,1,0,0x36264048e7427c4338f649aa9b6fca0c04a00bc8ecc66d84613d0cca335a13cc,4061060,0x001866ae5b3de6caa5a51543fd9fb64f524f5478,0xa79fd184188aa4c700376aecd317d039b1626494
9.57237581,1,0,20.0,0,0,0,0x4659ec191ed95474c2edbf2d5f553bec56464d810c934d34149a1c98de2eb982,4060706,0x001866ae5b3de6caa5a51543fd9fb64f524f5478,0x1fe6341c10a514ea8f965df0533120adfb54f906
0.0024,1,0,20.0,0,0,0,0xaf116fed18586e12860d1e56fdd0de1ab186135d458a7a85677ed6eeebc60611,4060700,0x001866ae5b3de6caa5a51543fd9fb64f524f5478,0x08f4f322d03bfdc97bc9a574bd50215bfaf13821
22.677295,1,0,20.0,0,0,0,0xa6be2ffe8a872cf9dade174b1f04c4bdec35d354c26961fb51497609d7015aff,4060697,0x001866ae5b3de6caa5a51543fd9fb64f524f5478,0x694d08d6378d2c5e659103aadb1a2d93a7ee7bf4
0.8994,1,0,20.0,0,0,0,0x1f61815fab676c9cccd56715d37e1794936e5660a3764c04862246b6276a84ec,4060366,0x001866ae5b3de6caa5a51543fd9fb64f524f5478,0xd8bfd0c2dcddb5e095f9642217888e4faf070cfa
6.627361,0,1,20.0,0,1,0,0x022d9a81616ed2ecb3621a6cc43cb11ab54b26efcc3571f0bbb09354d36c282e,4060357,0x001866ae5b3de6caa5a51543fd9fb64f524f5478,0x621855ffee64b34ccc6b2cb018d3e91e19512312
0.548,0,2,20.0,0,1,0,0x1b390dca8d9c1c654053a2a3c2e5bb776a3869da7c057dcb7da161c0797feff5,4060352,0x001866ae5b3de6caa5a51543fd9fb64f524f5478,0xff54308621eeddf887aa2d1470b480e2c0a195f5
0.283,1,0,20.0,0,0,0,0x0e6dc3a913d8205a1a34352f58e3f515ffc99c80040756c620e6b08fd4263b7e,4060352,0x001866ae5b3de6caa5a51543fd9fb64f524f5478,0x67650f00226d458e09b875c2904e8c368160e6b3
3.428,1,0,20.0,0,0,0,0x221ed01122dc25c2cb43f2b9412c48cad9f1d01d588cc64eecb4071feb021e65,4060351,0x001866ae5b3de6caa5a51543fd9fb64f524f5478,0x4ba6e7b14b1ac889d70304853165042608de6b23
0.2913,0,1,20.0,0,1,0,0xb85253e4eebc8c22787859d7faaff15513d5b511ce60b05afacbe716789d2a2d,4060348,0x001866ae5b3de6caa5a51543fd9fb64f524f5478,0x34fb09fa71f418b7547c5a8d032a41eddeb78ebd
2.679,0,1,20.0,0,1,0,0x16a17389ac5e6abf6abf4bd51869b9138588e0eea1887d078e3af205cad76ffe,4060343,0x001866ae5b3de6caa5a51543fd9fb64f524f5478,0xf08290c741a3a634f7e7d9bf21d985fe3b513f4d
13.684408,1,0,20.0,0,0,0,0x4a7fce2037ece47327effdfce4574684f13fcc1adb2c6c6dffc446a871b11a65,4058440,0x001866ae5b3de6caa5a51543fd9fb64f524f5478,0xe34b76444e4f1a74686e81bd98fa8cd0ec619c0b
46.985,1,0,20.0,0,0,0,0x05c67a3de3ff06e275a7f402f3e03c537bbf27e88c752642517ba52eb8c36eff,4058438,0x001866ae5b3de6caa5a51543fd9fb64f524f5478,0xe811fcc55597d7ab80626ef01e93a5ea48d852b8
0.0013,1,0,20.0,0,0,0,0x93e539e6db411d598119f114ac93c4434c601088bab1ac625a86fb7d14f6754a,4058433,0x001866ae5b3de6caa5a51543fd9fb64f524f5478,0xa4bb38ccd414c3d796e58c316d6791ad4a6c020e
1.38361,1,0,20.0,0,0,0,0x3b7a29708943073dc816b9d38c384334d0f847c749cbd7e64d5fafd9ca32af4e,4058432,0x001866ae5b3de6caa5a51543fd9fb64f524f5478,0x3fd3b50258f355533600410dedfe03b99e210e34
0.195,1,0,20.0,0,0,0,0xccb1d571f01da8f029b9d623711534abb236db4851a725832cab55a118017188,4058431,0x001866ae5b3de6caa5a51543fd9fb64f524f5478,0xe765478598e4b40832bdff59852076cf83b26804
0.0838,1,0,21.0,0,0,0,0x8ff8764b253fb3e0c9f1c023ec21e9bf185fef80ce38c6a7148a2b61473c3ec4,4057489,0x001866ae5b3de6caa5a51543fd9fb64f524f5478,0x2a0750de74d2a5fc4c71274a93586600fae0306d
0.53370813,1,0,21.0,0,0,0,0x9f5631c6560fa84f7b0b323ae744066511c2a273e2bf77d0cd666b706997c9c4,4057486,0x001866ae5b3de6caa5a51543fd9fb64f524f5478,0x9ca3eab1ef91497f100df5b49e8f5bd4deafc6de
0.995,0,1,21.0,0,1,0,0x2a409bb889d196791a1780ce5e41ef9b4152616d514049286e471c8ce9403bd0,4057260,0x001866ae5b3de6caa5a51543fd9fb64f524f5478,0xe811fcc55597d7ab80626ef01e93a5ea48d852b8
7.435,1,0,20.0,0,0,0,0xf3c652041073f32d47a86c20a52ac166a90ffb0bac3e050b5d624110de40b756,4057258,0x001866ae5b3de6caa5a51543fd9fb64f524f5478,0x8f37ab411b94c06e6f28e5b452d6231b5d1e1011
35.695,0,1,21.0,0,1,0,0x3f8b74e7a02aa68f89043a6fae78e6161bb1b0479a62557bc21f118951b1dfa5,4056293,0x001866ae5b3de6caa5a51543fd9fb64f524f5478,0xa6bf70bd230867c870ef13631d7eff1ae8ab85c9
29.995,0,1,20.0,0,1,0,0x136cfc24cb436afd4c240b4d70b204ebf169ea4803add064dc2be702fc7f8a42,4056293,0x001866ae5b3de6caa5a51543fd9fb64f524f5478,0xc46fd0316d6a6ca33d7fb84a77806923db1214ea
0.575419,1,0,21.0,0,0,0,0x2d4d691b193d528410d50dc6fadd7a80970e33c0a28f1b61c8d25ac339f4476c,4055250,0x001866ae5b3de6caa5a51543fd9fb64f524f5478,0xdb715127b9638ff13bfbba7a0f0fd37f92e77f26
2.21301646,1,0,21.0,0,0,0,0x59b9930b4bb125fe72d32f4abb2c06937d061a729ec898893ac12f1bc7a0c872,4055247,0x001866ae5b3de6caa5a51543fd9fb64f524f5478,0x5dc98b9ed0e5b3009eb5ba35f2396d9be7bdf40e
0.384,1,0,30.5,0,0,0,0x95a8e889c64abdcf517b63a614bdedd8c36cb1b7e5bb8a3d14a6d035b7dc7f73,4053589,0x001866ae5b3de6caa5a51543fd9fb64f524f5478,0x77173ada6124be3ae75ec5452f29dc0eafaee502
1.406,1,0,30.5,0,0,0,0x35f58f42ea2293ccc55963c607f0fb6cb273fa7f2810dc20c1a81b4af098e423,4053588,0x001866ae5b3de6caa5a51543fd9fb64f524f5478,0x00555c49ce6743d05e80cd4d64a6ecd984dc901e
5.009,0,3,30.5,0,1,0,0x89346c10561f7cd9257b0e986c7c71bb2a6545dda5318456c2c6d75d159bf49b,4053587,0x001866ae5b3de6caa5a51543fd9fb64f524f5478,0x92f7e7ef75497094cd0d6d46f690bdf6d57355f5
8.395,1,0,30.5,0,0,0,0x266451e0e49cc7ce8fa220931996e66942c9b52800e7d0088d2c9795800de767,4053188,0x001866ae5b3de6caa5a51543fd9fb64f524f5478,0x7f7bdc4fd0fec3ad9f921ab789b974fb9ed4d7d2
2.434,0,4,30.5,0,1,0,0x7a93ec04c5f14fd9e49203c4b2bcda5aa299aeb76d7a9a42d49e10dd578aeaf9,4053186,0x001866ae5b3de6caa5a51543fd9fb64f524f5478,0x92f7e7ef75497094cd0d6d46f690bdf6d57355f5
0.1292,1,0,30.5,0,0,0,0x3bc91d6289bd4202175a012c8f269d08811830257cc9106f35ec4eb9703eeaf8,4053184,0x001866ae5b3de6caa5a51543fd9fb64f524f5478,0xf478865e660cfa3d2cfecc438b8efa90f6c1a318
9.995,1,0,30.5,0,0,0,0xfc2d36a0d00a6810ee0e7876b0a63e531b5b13ad6412c2682d601b028ed7a325,4053180,0x001866ae5b3de6caa5a51543fd9fb64f524f5478,0xb74a042b0eb01f93b95f123749f244b6b59892af
278.2238895,0,0,30.5,0,0,0,0xd3738734e6f7ed9b602bbf0b1feb49841b90d82bfe8f734f23d4277201b195aa,4052720,0x00d3be4ac3563b8e8b8704cf11e074f9959d749f,0x001866ae5b3de6caa5a51543fd9fb64f524f5478
0.058936,1,0,30.5,0,0,0,0xec3a4991b95794bb86ea40abb4236b90818c8b744bcbc761a1c1d131b52e6f31,4052544,0x001866ae5b3de6caa5a51543fd9fb64f524f5478,0x79daaa2135d94156bd96f8b0d84fca50929157f3
30.025,1,0,30.5,0,0,0,0x9558ef0a14e893f8997d1957375538ca8150d4c8c1f307cb91e19b450ff93e1a,4052543,0x001866ae5b3de6caa5a51543fd9fb64f524f5478,0xdeb88e444c5619c4208035cbdff85ae11404d782
0.379,1,0,30.5,0,0,0,0xad1e07a036df557eb4153bdc11e09008d6ced21d41fa69931985863926674573,4052539,0x001866ae5b3de6caa5a51543fd9fb64f524f5478,0x8bf38d952265b342d544b0eab5165f6ed42f8f3c
5.418877,1,0,30.5,0,0,0,0x782ae0b65665279f0d3def1a757ffecb149b88d003bdae95ddea2ca9109cf148,4052155,0x001866ae5b3de6caa5a51543fd9fb64f524f5478,0x95012707622e73409147022c1d9c6fbccf00043e
2.623,1,0,30.5,0,0,0,0xcf5a3733dda30dfedb184843e27cfc01bc73587b4e7f467695748bcf970cd7d8,4052151,0x001866ae5b3de6caa5a51543fd9fb64f524f5478,0x09a0695fc53133428d53eff9bab782d421300c1e
0.995,1,0,30.5,0,0,0,0x2b8573dd0cf91ca418377a53774686f95658405d9b42cebcc4c350d1fe775aaf,4052149,0x001866ae5b3de6caa5a51543fd9fb64f524f5478,0x586a8727c003cc970e8fc82a9ad9ed6b3d7ccf6d
4.877113,0,2,30.5,0,1,0,0xac5424a789e35551038aaec96e3e2b2dae0c49a34655b2a40985d38b5535155d,4052148,0x001866ae5b3de6caa5a51543fd9fb64f524f5478,0x621855ffee64b34ccc6b2cb018d3e91e19512312
0.2402,1,0,30.5,0,0,0,0x3299417d44ec289a779dbd74c41efaa54aad4fb4f6496a92c0fef2673e2001b3,4052146,0x001866ae5b3de6caa5a51543fd9fb64f524f5478,0x320c1c3d37df65b27d45b7958305b6154e1bda01
0.0913,0,1,20.163522776,0,1,0,0xb80cef4af91edd8d030f372bd5bf8dc4e442d986b68e483a5b75e1d13bcebc13,4051847,0x001866ae5b3de6caa5a51543fd9fb64f524f5478,0xf478865e660cfa3d2cfecc438b8efa90f6c1a318
36.855,1,0,20.0,0,0,0,0x3b0b3ff7d876bcfa1c6a7697007cbb81ffda7f9c0d60c869fd32b9fc4be7b87b,4051444,0x001866ae5b3de6caa5a51543fd9fb64f524f5478,0x36656bfbd88a79bc7fb6379194dc0ab5795af3ee
6.964726,1,0,20.0,0,0,0,0x37cdbc579f73e77d9d386922d62bc11c1df1404ed8f665c15ebff0f7d45e5a99,4051443,0x001866ae5b3de6caa5a51543fd9fb64f524f5478,0x5f0fc15718b9e120ec3533da8abe643cdef3bfec
49.9957516,1,0,20.0,0,0,0,0x3dd7903b21187b953a4457bcf090a1c49b3b5d0e001463c1ebf067801671f2dc,4051442,0x001866ae5b3de6caa5a51543fd9fb64f524f5478,0x0c230b78701c60aa7b6a3beaf9874829b1a618d0
16.40194354,0,1,20.0,0,1,0,0x361b41402745298aaa1f9e0460517d7bbd8b52e18fe8df340e88d0f858d7309b,4051051,0x001866ae5b3de6caa5a51543fd9fb64f524f5478,0x5f0fc15718b9e120ec3533da8abe643cdef3bfec
0.2813,1,0,20.0,0,0,0,0x35581b81d890989523eccbd97e9aaf6acd0d764f23060a8b5427eb1dd0db1c3d,4051031,0x001866ae5b3de6caa5a51543fd9fb64f524f5478,0x6bade1978066ae5fdec3125a989bfa6c99c93bb2
64.697,1,0,20.0,0,0,0,0x5160aed66f8a8f22cdbb5ea9544141c495675faa058488a8977646a65d33b092,4051030,0x001866ae5b3de6caa5a51543fd9fb64f524f5478,0x1dbd57d10092827ef60312a7f5ba1c5842333f5d
0.16444467,1,0,20.0,0,0,0,0xc3b05cb21b2633903d75cf946f9980180e1162dbdbfa7daae8ee24b6bc4ff810,4051030,0x001866ae5b3de6caa5a51543fd9fb64f524f5478,0xa8a8a5e78b069a1b331e66e03239cf44722c4793
1.5054,1,0,20.0,0,0,0,0x0b586ea0bf1da1d6b9d2f98c223d23642fafb071d8acd7fa39cbf73b05c3c1c7,4051029,0x001866ae5b3de6caa5a51543fd9fb64f524f5478,0x1183009a249bbc8dd75071d7a8e1fc4d5173c86b
1.4840014,1,0,20.0,0,0,0,0x787c1002348424604eab50aab40f6aee1bf497486b2fb4c552a062bc701a0807,4051025,0x001866ae5b3de6caa5a51543fd9fb64f524f5478,0x270a1ef53981e4a6cd3b87731dd927f16ed86b50
2.875,1,0,20.0,0,0,0,0xdb9028302905fc72d4ffd7dced975494af8485c0a7f4f765711af4917e822828,4049692,0x001866ae5b3de6caa5a51543fd9fb64f524f5478,0x416579cdcaf492cffb6e9bc01e307c3c903cdcd8
2.602,0,5,20.0,0,1,0,0x9b20521ce706932453170eb148f13c4f2bcec78caf800dbb4c32dd434eeb4790,4049692,0x001866ae5b3de6caa5a51543fd9fb64f524f5478,0x92f7e7ef75497094cd0d6d46f690bdf6d57355f5
0.002408,1,0,20.0,0,0,0,0xd946643a9956db91262624f1d517745b13c714a577dd176ad4c70513c67f3d90,4049692,0x001866ae5b3de6caa5a51543fd9fb64f524f5478,0xf747afffcd7b9acea58cd2762b93967ebdb0c05c
1.495,1,0,20.0,0,0,0,0x5ae16d9527609edf455083edbab698d0427e0c51ff4f30a9cbde5de409fd2b38,4049689,0x001866ae5b3de6caa5a51543fd9fb64f524f5478,0x1f0cb690ea7e67f1489deaed835c8a5952bb1a94
5.28131,1,0,20.0,0,0,0,0x2b17d10e628bff109bed938faacfed291d712646656dee1a5c1f675f53be453e,4048714,0x001866ae5b3de6caa5a51543fd9fb64f524f5478,0x0588dd8bf0c01dd89d396b428155d364b7f7304d
0.015,0,1,20.0,0,1,0,0xf6c97e1fe389e4f9ce021add2d3b195edba75fa7c221ba829ad558b969ba620b,4048553,0x001866ae5b3de6caa5a51543fd9fb64f524f5478,0x416579cdcaf492cffb6e9bc01e307c3c903cdcd8
4.447543,1,0,20.0,0,0,0,0xce7eca834643941afa15ff6165f9915cb583d533e5043d3f05ce4465ae70ed85,4048010,0x001866ae5b3de6caa5a51543fd9fb64f524f5478,0x92ee5ae2aa455ec1cea3b7812fcf9c4b1f695f32
0.01870744,1,0,20.0,0,0,0,0x72e0722108ede356a896ab2a9876d0fc89ef68862bcf5067205eb747079be0af,4047626,0x001866ae5b3de6caa5a51543fd9fb64f524f5478,0x08447309ce046b8a60b13523787351a665ff66c8
41.795,0,2,20.0,0,1,0,0x83d997be40b7ee282a7a3235216e8b79fd86775352e0e84aaf4719b40f5088de,4047623,0x001866ae5b3de6caa5a51543fd9fb64f524f5478,0xa6bf70bd230867c870ef13631d7eff1ae8ab85c9
5.15614,1,0,4.0,0,0,0,0x22155f5758601a2a65ea41bc8fa77194e05f896070a25d1f5ccd356031dea161,4047621,0x001866ae5b3de6caa5a51543fd9fb64f524f5478,0x4a09ed4bc3bc3e6046749ac2700861d1fd0f0544
5.190517,1,0,25.0,0,0,0,0x9901f65f9eb39b31b6b790b17d9b397ae92adb7e3cf6ae1ed9b10f79cf7a6c20,4046977,0x001866ae5b3de6caa5a51543fd9fb64f524f5478,0x531525dfc2f41aa5c3d28326a67912958de0a7e1
0.42214872,1,0,20.0,0,0,0,0x773451938ff8d7ea0d3dd53e5361a035989f87ca1e4d44ca310c9c127558f4ac,4046974,0x001866ae5b3de6caa5a51543fd9fb64f524f5478,0x4d66769a896d7e572d8311092aa22b56a0ad1b9a
0.2863,1,0,20.0,0,0,0,0x50a54bc0e470d9a86cab2a360812d0223986ed25eca556db005e9bf283c4f2ee,4046636,0x001866ae5b3de6caa5a51543fd9fb64f524f5478,0x23fb6100fb6afef7e7b1c9dfbd496a846bdaa48e
0.192408,1,0,20.0,0,0,0,0x57a19db5baa85a48d3712ad82a9645d6b58503ed7f7308999c63fb0ac1adcc79,4046633,0x001866ae5b3de6caa5a51543fd9fb64f524f5478,0xb5ca780d74082041629832dd65ace8fbb7315440
1.995,1,0,20.0,0,0,0,0xa4956c4a9362208c5cbf67eda78a49fb21aecc6cb51cb48d7476990104f84ba1,4046450,0x001866ae5b3de6caa5a51543fd9fb64f524f5478,0x01cb6a942a7f1d9f614dcb599aa7cf9124feceb7
28.39168348,1,0,20.0,0,0,0,0xb5e4aa035f85b3e62b4b8543b08aa521ad465f76e886c2aad715d5973890ffb2,4046448,0x001866ae5b3de6caa5a51543fd9fb64f524f5478,0xdb86b233408b72f4807c27f3786b575ebf77ab99
9.509846,1,0,21.0,0,0,0,0x37c5efbede2aaf35baa0376d7ff440be26fa303957c7ef54b7b43a0bb20622bc,4044475,0x001866ae5b3de6caa5a51543fd9fb64f524f5478,0x3124e23b2e53fe76f665961c887780772eea2741
500.0,0,11,20.0,0,1,0,0xee0c3e449aae7d9f1785b0868cf855557e68e8a6d9ee8cde5aa2c2c2e3be51c2,4044192,0x00f9451385bf75910d80374eb42edf36d1a3f243,0x001866ae5b3de6caa5a51543fd9fb64f524f5478
2.51248,1,0,21.0,0,0,0,0x5aa23c19ad3aa0b31cfa58dfb5062eb46d1ec90f8a2d73710d76e9d600859024,4044014,0x001866ae5b3de6caa5a51543fd9fb64f524f5478,0xcd528ba3b6d32b835519adc643d9ed8f5b537942
0.664,0,15,21.0,0,1,0,0xd914522fbfb6192656ac1df7401bd2790f3025cd6f9eda827633e6bb26db097f,4044012,0x001866ae5b3de6caa5a51543fd9fb64f524f5478,0xbcf8c43e3c573c6634f2ff44308b29af09ca536b
0.73326159,1,0,23.0,0,0,0,0xacd20e167695783e9699c0772b1dd9a6942b3a9b330d4d5c496b43e8d2accbc7,4043665,0x001866ae5b3de6caa5a51543fd9fb64f524f5478,0x5871a58f60b24e02eb5c766560506876db57c247
3.45437501,1,0,20.0,0,0,0,0xaf4e3d967250799ec830626d682e93d32cedb8c9861c8381df5ad38c0257df36,4042976,0x001866ae5b3de6caa5a51543fd9fb64f524f5478,0x7a92659391bb0789cbc495de522882d3737c40e6
28.90648226,1,0,20.0,0,0,0,0x39c8290b7c0c89fb0a4c897c7698cc4ab4c7dd84ff5c71f4cc5237cd2f184f1d,4042975,0x001866ae5b3de6caa5a51543fd9fb64f524f5478,0xefbd425a06e1ebdef00770ff04e56e0d8f0d57af
1.540556,1,0,20.0,0,0,0,0x37a29ba35151b6cc4fff143c4402938340c491b28c655ce698dbbdb9b87cc9b4,4042501,0x001866ae5b3de6caa5a51543fd9fb64f524f5478,0x3f15a897c02bef1c8a1df2b772fabc114d763ec9
0.995,1,0,20.0,0,0,0,0xd1a6c17af32ef0f4d02a254aa312f24a99cb2e2ff38293485dcccf03ab497323,4042500,0x001866ae5b3de6caa5a51543fd9fb64f524f5478,0xb9dd47f152522538874bee5a8710eeed78d06cb6
23.922,1,0,20.0,0,0,0,0x0d8527d491149b42e15a978002f93d35549cb5d17ac4dc1f1efa25ec0b68a333,4042499,0x001866ae5b3de6caa5a51543fd9fb64f524f5478,0x586dd17851e40bd60bc66238e31c00196e8632ae
50.7833,1,0,20.0,0,0,0,0x8a60d2eac48e39fd26855b0e9dd8a1b4f0bfd82b0457f24b5908bdddf76c6f6d,4042213,0x001866ae5b3de6caa5a51543fd9fb64f524f5478,0xe194550fd7e0180d9739ecc48c73dfd83780f95b
2.54,1,0,20.0,0,0,0,0xed6ae8e669df6f9945eb49d49b70df6b22b5c252a9fd40222aeb9142ffcfbb95,4042208,0x001866ae5b3de6caa5a51543fd9fb64f524f5478,0xdbd5289a4ff26c075947ee17c502046f6294ca5d
0.2761826,1,0,20.0,0,0,0,0x8f5625bb2561f9c375aaa3328efa526a297314bb8608f0ab6f80879d10b4944a,4042208,0x001866ae5b3de6caa5a51543fd9fb64f524f5478,0xe1dedcd362c562e3623aaa4b40942667b0db83c1
1.095,1,0,20.0,0,0,0,0x2e8f5fa56e8a268400124b70e431391e824bb168e935354e007c39665b12e313,4041902,0x001866ae5b3de6caa5a51543fd9fb64f524f5478,0x9d6de808d522efcc3ec78b8d93fad968adf92fb1
8.53649294,1,0,22.528622017,0,0,0,0xc25d8c5ced1d343449a308385eea7fce7d3672791eea802ae76553ea175f8aaf,4041897,0x001866ae5b3de6caa5a51543fd9fb64f524f5478,0xa4b0a77c312535b8a5863732acc42cfa7b6af9da
3.4113,1,0,22.528622017,0,0,0,0xc39a843d4bd17fa5ad16aed6468e0fa1840efe33c3fbe6325c70fda0158cf8a1,4041029,0x001866ae5b3de6caa5a51543fd9fb64f524f5478,0x454ca6e8ac64628c08d2595c1ab8e412a43ae3bb
2.55833677,1,0,22.528622017,0,0,0,0x29bead89778d1a4ff598e5cd29bbcd7d2b7ba3efcc34462759efc381e9217f09,4041027,0x001866ae5b3de6caa5a51543fd9fb64f524f5478,0x78a8f655217cc9ceb812300291e5d756a5e9a8f6
1.16383,1,0,22.528622017,0,0,0,0x8f72cadb4832ca1fe2e2ad80eece9f40d73d15e5f19f250a0366ae2cc0b2c5d7,4040012,0x001866ae5b3de6caa5a51543fd9fb64f524f5478,0xc527d2797b9a99b3f9ce69164bd04084558357df
0.001,1,0,22.528622017,0,0,0,0x04bbe64b71f55bbe431b397eb5e3f0af52e8a670feb1cd2089c329c2b68aa69f,4040012,0x001866ae5b3de6caa5a51543fd9fb64f524f5478,0xb60dd26b3f0979d53f4ce04f5faf7fba0c823b2a
4.2347597,1,0,22.528622017,0,0,0,0x24c32edfd10195db48c90d5bb1dc36c979a7bd1beb1b4a533eb11b02452889f1,4040009,0x001866ae5b3de6caa5a51543fd9fb64f524f5478,0xebd4976e7c30b97c08e69f493fee365afd8567e0
9.2490897,1,0,22.528622017,0,0,0,0x6c3155517645af00efa978c4cdfbafe5bdbbd611c17ddfae84a64d34469ad79b,4040009,0x001866ae5b3de6caa5a51543fd9fb64f524f5478,0x020b54ae12b2076a143d62876dc5297e3b269002
0.396,1,0,22.528622017,0,0,0,0x291b1c13db44d4d28746f1bc6c29602d932d7b91e68d4ccbf67fa61ee9d7ca32,4040005,0x001866ae5b3de6caa5a51543fd9fb64f524f5478,0xf327f5a686cd18910d7675d86e8841e3eb96dbe8
0.2913,1,0,22.528622017,0,0,0,0x53e489fa95811dc9d6b2be2679672ac7c05df8fd5326032f9e35fffa127bb11f,4039611,0x001866ae5b3de6caa5a51543fd9fb64f524f5478,0x3cf9869c7e662e987a12d141063ec63d7ac22c65
3.184,1,0,22.528622017,0,0,0,0x82054119e35d713dadaab056df8bd00fa4af280779f054ebe78c445e2025ada8,4039609,0x001866ae5b3de6caa5a51543fd9fb64f524f5478,0xd52c42aec7c3ac4376d39401831073cc76087147
29.995,0,1,21.661292598,0,1,0,0xd6fd28830e4352899ac1a1d99274739e4a808868c2910017fb062aef3e490b59,4038927,0x001866ae5b3de6caa5a51543fd9fb64f524f5478,0x349d40ddcd6cb15f81a942563e036d3aeb963e98
0.0913,1,0,21.661292598,0,0,0,0x7bc4161092a587a2cc588ef0a9c69e78abbb37ffed1107ef6fbf701f20cda129,4038926,0x001866ae5b3de6caa5a51543fd9fb64f524f5478,0xe62cc3270268d7752958f7c39457cd4175d041df
1.995,1,0,21.661292598,0,0,0,0x2ff44d7b533a65948dc00b5d681231e83068f676c3512fbd2f992e0467a2a136,4038926,0x001866ae5b3de6caa5a51543fd9fb64f524f5478,0xab41b4171219903d2ff0a111fdd2f3b965cb8690
10.0,1,0,22.202634191,0,0,0,0xbff1366d6b2395ed50389f382615c0f08829ac7b274080dceb2c231130bd3fe4,4038579,0x001866ae5b3de6caa5a51543fd9fb64f524f5478,0xf5b9d0d1583adf2a737ea1596a2cc8886abc3f2f
1.653755,0,1,20.0,0,1,0,0x4d5905239bed7229ca504d111606a0b870c8f5c50dc92cb61ced61f449ca3a2d,4037652,0x001866ae5b3de6caa5a51543fd9fb64f524f5478,0x0786a7ce1ae71cbbe7d2daa550073a336c87d82b
0.1300892,1,0,20.0,0,0,0,0x9e379dc4cc4c21cd717e8a96de030ad605aa1d5ee7ede51c48aaf9cf78fb296d,4037291,0x001866ae5b3de6caa5a51543fd9fb64f524f5478,0x0a3251f099461a8d448ae5ddf4ae26c0a93abe91
9.365,1,0,20.0,0,0,0,0x0adf7a9389adc06110865fb1f2192b1e548c08624e5dd6bea2bd51d997dea881,4037291,0x001866ae5b3de6caa5a51543fd9fb64f524f5478,0x5e8b70b5215c6842a9d4f38fdc4e0dfcec8f2249
6.69829,1,0,20.0,0,0,0,0xa5c64b668f51b8ee7e7876a21b0878aa859de894e016fd953a79423baeaee3d8,4037289,0x001866ae5b3de6caa5a51543fd9fb64f524f5478,0xd39647f1ad922a5ae29bf47954caae235e545156
1.0002497,1,0,20.0,0,0,0,0x6d937a0b15ce3450b33e3d6b2171bb7e3e8d3b7aec2351f4f36e9dbc32885167,4037289,0x001866ae5b3de6caa5a51543fd9fb64f524f5478,0x1c1028e783a64b66849cf81ba3586d32f6c3b6c5
6.02766,1,0,20.0,0,0,0,0x3d3872279f86d4c91c9c5cc35871d8dd7e23de67e597bfd35edffda946e849f8,4037285,0x001866ae5b3de6caa5a51543fd9fb64f524f5478,0xe83448bc3eaf2674fcf66ed3df0ee069fd80c2a5
0.251,1,0,21.0,0,0,0,0x22275230433c8f6b95c6c02e72dd1adb20be6d795b9f2e497242f4de73c77a7f,4034882,0x001866ae5b3de6caa5a51543fd9fb64f524f5478,0x6364bd0dc2b8a0c1521cb904981944d0b36323b5
5.7912,1,0,21.0,0,0,0,0xd8af93179ff4df4d6b6417ef098f1d1390582b98745936d5005a938be163fde8,4034881,0x001866ae5b3de6caa5a51543fd9fb64f524f5478,0x5e521aea687cc000e1f3786b0f46d3c31594374f
0.16426319,1,0,21.0,0,0,0,0x6de7b2c0133072d6a4ada21db9844173d5b8e76f0041eccee9d9293438bff0cb,4034879,0x001866ae5b3de6caa5a51543fd9fb64f524f5478,0x0b71501b151b0e32709adf8be38de8fcc52bbabb
4.995,1,0,21.0,0,0,0,0x939cb0980ec09a38c11c77fe8ef553c575fe359fb3e7c1c733433a73656437dd,4034878,0x001866ae5b3de6caa5a51543fd9fb64f524f5478,0x6774747cfe3bb1f2c6ae8ed6c158d8ec9688d59b
0.54796741,1,0,21.0,0,0,0,0xa703b569b6d3e6da81f118748d52110f32b08f84ea269d283171d65f3c9d0519,4034875,0x001866ae5b3de6caa5a51543fd9fb64f524f5478,0x0585d2b387c943f42e374e745ab0034d22a25924
3.329345,1,0,21.0,0,0,0,0xdee2ba95a8432bdbd9b32e4b49ec0659e9c6a04e7f80521c6233941baa3f03fc,4034575,0x001866ae5b3de6caa5a51543fd9fb64f524f5478,0xd470ab8aeb812b51ae27eff55cb86316b3f55aa9
9.995,1,0,21.0,0,0,0,0x3d7ece8a48a98fc5e4f422632a54a437aa2a5a151f8d9101fcd5196f6dc621ce,4034528,0x001866ae5b3de6caa5a51543fd9fb64f524f5478,0x34c8d56342db3acac0cef6f9ea6ae26992fe0438
0.831,1,0,21.0,0,0,0,0x01c0d0bdabfccf877c045d1a0dfd84a2afbce97037089950a52890cb0b745521,4034525,0x001866ae5b3de6caa5a51543fd9fb64f524f5478,0xa47be361b8509507a6f353047e0f5d385c4e65cc
0.625,1,0,21.0,0,0,0,0x7eaed91da07855ecf4f379103c153c8a7165f70fe19fc3343e0d48dfe2c14286,4034525,0x001866ae5b3de6caa5a51543fd9fb64f524f5478,0xe5b6e3bc92581ade1a42324311c0c31ee4d6b483
0.4528868,1,0,21.0,0,0,0,0x9a16d045ea41db8c810565f48e49a8711bb21e676571dac75d4da137ff6cf190,4034522,0x001866ae5b3de6caa5a51543fd9fb64f524f5478,0xffb30fd33feb36121624107cfe1ea8d72fcfa210
1.665,1,0,21.0,0,0,0,0xa4609fffc5fc2f255953542dbb2a423ff103b0b79b9472cfd9fda998a070750b,4034521,0x001866ae5b3de6caa5a51543fd9fb64f524f5478,0xabec7237320ebcc8e03715b5bf68146c9f6883e7
0.097,1,0,22.105999998,0,0,0,0xa427a1e15f0751488af33f7bacc64abbbe2e9dd498b87c0351f197bd96a17a63,4034407,0x001866ae5b3de6caa5a51543fd9fb64f524f5478,0xc806af60d866ff7333051f1cf04cb5ccf50e92f1
26.495,1,0,21.573087494,0,0,0,0xdf9d52308aca7692aed87083714d0370c236a207891f9451351c36ddd9820c2d,4034405,0x001866ae5b3de6caa5a51543fd9fb64f524f5478,0x27361e2b4437ba3033d23048811035bfd39d27cf
0.635,1,0,21.573087494,0,0,0,0x874b314299006b65438406c4e9c4ab62dabd17cbded0fa7898cd49f3af2eb962,4033769,0x001866ae5b3de6caa5a51543fd9fb64f524f5478,0x099cb7d1b092805775c960d6270a361fc84f39b1
0.42166724,1,0,21.0,0,0,0,0x34955164bcedd74aa386bdbc85502631897e2dd2f4e95de19fe99cb446966c8d,4033706,0x001866ae5b3de6caa5a51543fd9fb64f524f5478,0x8e57e15ebc5c837e3750c38df49c2487ad3e96cc
70.995,0,1,21.0,0,1,0,0x81999ebd9bcd531419dd22042390e8824f4838ca1dcca4803470b1eb7883a77d,4033706,0x001866ae5b3de6caa5a51543fd9fb64f524f5478,0x27361e2b4437ba3033d23048811035bfd39d27cf
5.31979354,1,0,21.0,0,0,0,0x247f28a5c98159896bc59f03a5b6d8f0dc11dd5a03121de5d705717c2e2265bc,4033703,0x001866ae5b3de6caa5a51543fd9fb64f524f5478,0x49f2b0c94cdf1db3d3340a262104763e3b3e77d7
0.44277838,1,0,21.0,0,0,0,0x576f86fcd9e130814a6c8ad80d29833b1565e9fd32fe89c79cf6ace609020609,4033703,0x001866ae5b3de6caa5a51543fd9fb64f524f5478,0x1bef2b5d795e1d95ad324c6ff12053ac693097d2
3.518473,1,0,21.0,0,0,0,0xacf1ed8ef7e60417da97efbaee2aac058063aa23ad0c383397048811d3ca2c3b,4033701,0x001866ae5b3de6caa5a51543fd9fb64f524f5478,0x8172baee3d2c9da81903f477b63ce99885760935
0.1361113,1,0,21.0,0,0,0,0x4b9b95cfb9fdc4fd3d8396d18b903e3a67f819292004778fa5ecd742bd93d53e,4033041,0x001866ae5b3de6caa5a51543fd9fb64f524f5478,0x44a9fa92410ad6e3181e4ea7e5ed16507a6e5763
0.93278274,1,0,21.0,0,0,0,0x83f145714ba30960ce22d4ec07780bd82b769ea5d428afc3bf60985e8a0624eb,4033032,0x001866ae5b3de6caa5a51543fd9fb64f524f5478,0x32f815402444bfddc6e7d48c200a6ae8bb1105bf
0.11796372,1,0,21.0,0,0,0,0xd52abdee83cac1d4600df7f9eb74e54440785f2261ad30c7538eec6b4fa1a202,4033003,0x001866ae5b3de6caa5a51543fd9fb64f524f5478,0xa3383418395fea8b68723ebebe2fff7ac4023f80
13.995,1,0,21.0,0,0,0,0x8abb2ccd9d2d3dbcaa656d6a1804874ce71a2077245f2fbb44335cecdb136b38,4033001,0x001866ae5b3de6caa5a51543fd9fb64f524f5478,0x6c10fd2198cfe97651615aa35408776b5c75add3
5.836345,1,0,21.0,0,0,0,0xe83dce9238fefc135eef658b258e17361f4cccf0f45123a4f7e410601be813fa,4033000,0x001866ae5b3de6caa5a51543fd9fb64f524f5478,0x5b290d42956e6299cf6f1b8e35ae4f7f32c2829c
11.995,0,1,20.0,0,1,0,0xcbdcf36f6f1645f33c6b80eac49ce81a0dd594566f58e5036f8453c2c9955b56,4032997,0x001866ae5b3de6caa5a51543fd9fb64f524f5478,0x6c10fd2198cfe97651615aa35408776b5c75add3
4.51184533,1,0,20.0,0,0,0,0xfee445cfd901d193b328ac1330244f2055f937e25d42e90b4de94ff58126c108,4032997,0x001866ae5b3de6caa5a51543fd9fb64f524f5478,0xb6a21258b7a9ea5e5844feb4947c89d5995262b1
0.936066,1,0,21.0,0,0,0,0x858ee44f4465da260f9b66b16659f88c3888c63b4233dffdd18841a6b4ed6233,4032995,0x001866ae5b3de6caa5a51543fd9fb64f524f5478,0xcdfe4862aa065a23411f02d1bb725740bf24480a
0.401,1,0,21.0,0,0,0,0x79e07cfab7a012971c487050ec53bb73f9f9be7d8540154878caba281692b039,4032994,0x001866ae5b3de6caa5a51543fd9fb64f524f5478,0x99482c5b5cd4060877d7e62f021d572462a7050e
0.41796353,0,1,21.0,0,1,0,0x00f499ada4395b02d84e1388242008ae04c0f13afd9cd3414587e8a2a0a622d4,4032994,0x001866ae5b3de6caa5a51543fd9fb64f524f5478,0x99482c5b5cd4060877d7e62f021d572462a7050e
4.014,1,0,21.0,0,0,0,0xcc0f51b6cd3ea88715069af037936cdbe05e5db3686b7a19937980ca9e326e68,4030908,0x001866ae5b3de6caa5a51543fd9fb64f524f5478,0xa7b9dabe885702f260921d6f34999bb3db0a14b3
4.952344,1,0,21.0,0,0,0,0x0112f41f0d99f830c937499a822fe0585f1f691968c97cbf4b590d67c68c4d96,4030631,0x001866ae5b3de6caa5a51543fd9fb64f524f5478,0xc1b111ffd6c3a1bee0e58ed771739db091c95977
0.77363,1,0,21.0,0,0,0,0x73b5d16d50a0f347019d5dd0b96b0dde54fbaffc6e4c9ec1fdddbfa719fe6f91,4030630,0x001866ae5b3de6caa5a51543fd9fb64f524f5478,0x824acb6427f084552752be79c624e036508d43ed
0.766638,0,1,21.0,0,1,0,0x302735ad5fee4399a56776e3f575d181e4f8dec033bd9dc2c5ebbd917872c02e,4030629,0x001866ae5b3de6caa5a51543fd9fb64f524f5478,0x824acb6427f084552752be79c624e036508d43ed
5.965,0,2,21.0,0,1,0,0xe3c45e628ddea3d92c061c330e0693b588721767f63e353ed3e8acd962120cfb,4030629,0x001866ae5b3de6caa5a51543fd9fb64f524f5478,0x27361e2b4437ba3033d23048811035bfd39d27cf
5.272558,1,0,21.0,0,0,0,0xb406703598fae4b28a66e6077ba9e7a4c99b2e627e185174bfba7cf4a681cad0,4030624,0x001866ae5b3de6caa5a51543fd9fb64f524f5478,0x258fd17e71c4ab6f34dea8cf838feaacf2491b11
1.7732,1,0,21.0,0,0,0,0xbe33d9c26e1e5f61d1ee836c12a5cf1f34f377a7912605a55fd77389bc041ac0,4030624,0x001866ae5b3de6caa5a51543fd9fb64f524f5478,0xd13a9a317e9f76b4ec76090d53f78d522c11e1c1
4.92007,1,0,21.0,0,0,0,0xbd20ac99f48495046e31ea29de74daed61cbbb48f3240c74df85a5adb6e4eec4,4029607,0x001866ae5b3de6caa5a51543fd9fb64f524f5478,0x46b11647e3ebe8012ec4396e3f62e30e8968419e
5.069,1,0,21.0,0,0,0,0x979cf7c547a2e3c90b41f31ac0cc1c8b5295fdf6c05219f137d5d132da04e4f0,4029605,0x001866ae5b3de6caa5a51543fd9fb64f524f5478,0xae9564382979deb6c987888ca88e1483a8372fc0
7.79815867,1,0,21.0,0,0,0,0xadd729dd83cc9170c590e9e3bf8244368debd829c2fdca1ce6997517712acd5d,4029601,0x001866ae5b3de6caa5a51543fd9fb64f524f5478,0x082f80d8f1fa5b21c55e17d04bc243981784fe5a
0.4175,1,0,21.0,0,0,0,0x496b3c142d9977388df361a3cdb35d201349623ea6f94b189af47a35ce15fed9,4029596,0x001866ae5b3de6caa5a51543fd9fb64f524f5478,0xdd1e7fb3fc51eba604eae84980a8d311181f7cdf
0.4014,1,0,21.0,0,0,0,0x74a2f5818c438a85aaf1ce662731d79c3fc2a1e8d4bd4d568377ec069cc525a2,4029591,0x001866ae5b3de6caa5a51543fd9fb64f524f5478,0xe5935622381655b0ec8e9a944077dfa358afcf5e
0.985,1,0,20.0,0,0,0,0x1dab4049b0365527bdbb1087f414d5f5c613ddafc97c33020c4f6ceb9a65ac4b,4028790,0x001866ae5b3de6caa5a51543fd9fb64f524f5478,0x4f982d6a491b3e39b3c7f595dd69a5d616da90ae
0.84870485,1,0,20.0,0,0,0,0x7b297140de54b841c5885da67d535790936d193888635a620207348c46d3a713,4028788,0x001866ae5b3de6caa5a51543fd9fb64f524f5478,0xd8440ec3334e5494d04e728fb6119493b95f8913
0.5988,1,0,20.0,0,0,0,0x3218d5c3467968ee24729e32d7d9f1c0473a765fa9b7265266e562fd62c67ff9,4028788,0x001866ae5b3de6caa5a51543fd9fb64f524f5478,0x94b3558ba866c154aa4772cd15ea26213fa968f9
0.06759,1,0,20.0,0,0,0,0x2592361af9b3004cca898cdf31daf13de46c4d4eb47d342cbf0436da026debcb,4028786,0x001866ae5b3de6caa5a51543fd9fb64f524f5478,0xd7d242852da5518f7a09363ddfd21def7223e103
0.0405,1,0,20.0,0,0,0,0x425814e959b652fd2dd6edad86e6a3e9dd33a25a4205afe6adede73357ce50e2,4028786,0x001866ae5b3de6caa5a51543fd9fb64f524f5478,0x2c4a77e01f649f65987525b49404f6003f1b81bd
0.12177134,1,0,20.0,0,0,0,0xb88b4df36b82b62e10ae4ff8caf85939187861d76137fca5dd94533e64285930,4028050,0x001866ae5b3de6caa5a51543fd9fb64f524f5478,0x95bf85c27a38a0a9a7389da713363950b699af7c
0.52874697,1,0,20.0,0,0,0,0x19fc73b40e43ce103696d962f4f2ea2a54cf7f7ed6f2f737de8060ac20f9eda9,4028048,0x001866ae5b3de6caa5a51543fd9fb64f524f5478,0x58cc6c82bedaf4500b6be7e61c653d31b427a5ce
3.48151,1,0,20.0,0,0,0,0x9310fad561f67f843d2e4275b89e2d8e7681c11abdffcab3c6418f95cb73ecb2,4028047,0x001866ae5b3de6caa5a51543fd9fb64f524f5478,0x2de3924bc50d544c96fa9a84f104c2e6bbbf2dec
0.0013,0,3,20.0,0,1,0,0x515e9c2a034d93ba0b87dd15832a79fd7a89f89356c6482641d1576a085da4c0,4028046,0x001866ae5b3de6caa5a51543fd9fb64f524f5478,0x1d6adfa70e76acf99bc843d30a3a739cb9787fc1
0.04537103,1,0,20.0,0,0,0,0x510914eb15a466ec75f27fa603f0586e7f73cb2940d9f9824934c056fb4628ae,4028045,0x001866ae5b3de6caa5a51543fd9fb64f524f5478,0xbc5239783963c36456d3537f5c10efd801289065
0.348,1,0,20.0,0,0,0,0x53c8b3dd93ada214747204ed3e3b5e3e7e2a2ff07480983dbed2c8277a57da02,4028039,0x001866ae5b3de6caa5a51543fd9fb64f524f5478,0x560c36d10f014024f5672d888158a9cb64ffdee6
3.65,1,0,20.0,0,0,0,0xb7bf3587884bdc71611991aba5099881458b0689fda5ebd158594d87984adf70,4026146,0x001866ae5b3de6caa5a51543fd9fb64f524f5478,0x71235face83f7d5c064f096167e83f8091afc87b
0.99677799,1,0,20.0,0,0,0,0x60810d8ae84b7f3ade252cebde9a7c43f34c4193dfabcd0bdfb888d7420cd930,4026134,0x001866ae5b3de6caa5a51543fd9fb64f524f5478,0x0a01fe1e6cdeb4f59214896ea9bc08ae9ddda510
6.642346,1,0,20.0,0,0,0,0x73e172791a95cf153d39b7d064feaf7cd154e1374ea8b83e75ca2ae4cb8d017c,4026134,0x001866ae5b3de6caa5a51543fd9fb64f524f5478,0x100004182f83245930af36ec52c8137997fbaa95
0.99962963,1,0,20.0,0,0,0,0xef5eb944c68c2fd35bc998bad8e94ea633e9886dbb5162e04c52b850ad30268c,4026132,0x001866ae5b3de6caa5a51543fd9fb64f524f5478,0xecea2e680b2f8fd4107757d297291e276242be8f
0.0395,1,0,20.0,0,0,0,0x13788968e59f00a35f5fe93c5411d41bcae874efe72df7870f079d8cd628d0f3,4026130,0x001866ae5b3de6caa5a51543fd9fb64f524f5478,0x3cf57cedeb1e8fe870b17882889c4b596b2853c7
13.908073,1,0,20.0,0,0,0,0x324b97622501988c9231b2e661267655032f84e1bf0209b024535955ab498b90,4026130,0x001866ae5b3de6caa5a51543fd9fb64f524f5478,0x721ff321f5d596ab44e0d13c7e127409e7da07bb
0.999,1,0,20.0,0,0,0,0xacdcbe95c4f82c0bca827a9e1825b790f306e791d90e32ca0a2a28aeb45464bb,4026128,0x001866ae5b3de6caa5a51543fd9fb64f524f5478,0x93bcf7691d72bdf50c36b6e695f62731c499280e
8.351635,0,1,20.0,0,1,0,0x04d0c4acec34d73f7c1508cce6a755b2522b68e8ebc88217b6ffadbff7b14714,4026128,0x001866ae5b3de6caa5a51543fd9fb64f524f5478,0x258fd17e71c4ab6f34dea8cf838feaacf2491b11
0.0395,0,1,30.0,0,1,0,0xa22a0b178598854c65f9056416e2ca7a8d70ad837a681f83865c1099b7c57e55,4026127,0x001866ae5b3de6caa5a51543fd9fb64f524f5478,0x3cf57cedeb1e8fe870b17882889c4b596b2853c7
19.258229,0,1,30.0,0,1,0,0xc1d26e090f6f267e686678bfe122e807a0cf974df0636bba9a284f075a2a081e,4025459,0x001866ae5b3de6caa5a51543fd9fb64f524f5478,0x2de3924bc50d544c96fa9a84f104c2e6bbbf2dec
3.666056,1,0,30.0,0,0,0,0x9fe60793a843a7803b6d79ab878d45a2bb9a92b9fc2ea13dd2ed918d2eac5356,4025458,0x001866ae5b3de6caa5a51543fd9fb64f524f5478,0xc9240bbfbee4c4209fb3bc656414a4168a53d3d3
0.63500086,1,0,30.0,0,0,0,0xb323405af0d189ff6c04576bbabd28024ab57ccd078743a2a5d170952097864f,4025456,0x001866ae5b3de6caa5a51543fd9fb64f524f5478,0x8d76a71faa0758eae0791bcf9bb2956cdb232da5
14.840493,1,0,30.0,0,0,0,0x2ea71c64e01da093c5186eb0f21bc09ed92378f63c7887d4cd7fa65a007fd7ac,4025454,0x001866ae5b3de6caa5a51543fd9fb64f524f5478,0x8faf4120346ea951a348bd1e63a8ad7b560cdaff
0.0913,1,0,30.0,0,0,0,0xf6ed2fcbb5255e93595c62d1fbf9d7ce1ddba2efabf2a0eb08e551bfde059fc3,4025453,0x001866ae5b3de6caa5a51543fd9fb64f524f5478,0xa71ca43e5670dbd5d33e2e4477bdda3cf67f745b
0.202408,0,1,30.0,0,1,0,0x253afe8c386573b112f2d56026aa3b0a4eda19c2f19326435b2473a20593968c,4025449,0x001866ae5b3de6caa5a51543fd9fb64f524f5478,0xa71ca43e5670dbd5d33e2e4477bdda3cf67f745b
1.9800135,1,0,30.0,0,0,0,0xdac25973f6762350253f31140f841f64d4f1c8e117d7b89ea8f9bd48bedcf0eb,4025449,0x001866ae5b3de6caa5a51543fd9fb64f524f5478,0xc5b76b6835d03cb8428e69ccd9dadd04530e5f40
0.01907977,1,0,21.954492566,0,0,0,0xc4e8993035bbe0bcbd139c1f04dcd1604970835e2cb8afcb58ca7aaf53a776de,4024372,0x001866ae5b3de6caa5a51543fd9fb64f524f5478,0x79ca0e68823841e9546b11651e37bc53f9265d48
3.79388885,1,0,21.954492566,0,0,0,0xd75bd75ef9df45900796e64b722c30a5bb7f41c39b148067d6c16f8f3cd49216,4024370,0x001866ae5b3de6caa5a51543fd9fb64f524f5478,0x58a0babcf11804b594f9c3fd3f9f98e4c7820a57
4.914076,1,0,21.954492566,0,0,0,0xb1ed1b20cda18e35acc3b33822b062f3a817406a3b8771d1e7417ee58df5ad7d,4024369,0x001866ae5b3de6caa5a51543fd9fb64f524f5478,0xd305830a5ddbb2534511f3a62a8ef3bef3400cd9
0.5613,1,0,20.0,0,0,0,0x60432f875429084e4aeeec42a37633d97fd1c59eacd39b7496b333ea64f6db2a,4024365,0x001866ae5b3de6caa5a51543fd9fb64f524f5478,0x14539be829d7384931fc494b3b3961855738d382
0.81326393,1,0,20.0,0,0,0,0xee62a6ae4907043cacee8b312df437ac66284aecb008d1271a077678e06f9ca7,4024173,0x001866ae5b3de6caa5a51543fd9fb64f524f5478,0x7de65c589bd136af04a310ffe64dc252aea52493
0.040954,1,0,20.0,0,0,0,0x992f6aca036b0f105f1d4c59eb04ded7220a98a097ae332abfbe0d1c7d3d1aaf,4024170,0x001866ae5b3de6caa5a51543fd9fb64f524f5478,0x32a48116ca42d8457bf57b1968c3a29c3cf86346
1.195,0,1,20.0,0,1,0,0xc53d2c74bedbadbe5c9ae4b7c0c006c57ba8efa22d5055640914ea5093846b42,4024169,0x001866ae5b3de6caa5a51543fd9fb64f524f5478,0xd13a9a317e9f76b4ec76090d53f78d522c11e1c1
0.1001119,1,0,20.0,0,0,0,0x5d6bcc1ed6e775b212b71ecbab354656513ad28e89d24730397def4e2bfbfe89,4024166,0x001866ae5b3de6caa5a51543fd9fb64f524f5478,0x7c2de4cd4fe9dffbbbd3da9a38760ffc7b4c2217
14.755329,1,0,20.0,0,0,0,0x1b914c0ea660a1e50dcde36b92fd30163b58ea230b9a7ff9d766703ab4d0e4a0,4024165,0x001866ae5b3de6caa5a51543fd9fb64f524f5478,0xa3f623ba171086cf39768963a45218a06eaa529e
0.1987,1,0,20.0,0,0,0,0xf18b945d8653af321909718b582cda70959ad3738274d33b6e0bc73a8039e283,4024163,0x001866ae5b3de6caa5a51543fd9fb64f524f5478,0x821521df1b0cf6a9fa0ab35e5a75095e27a06e87
500.0,0,12,20.0,0,1,0,0x20e13e5e11a48124ea38530cf4aa5bf5b7d68d91a1e4c9cf6d5c6dc5b2a8eb2a,4023763,0x00f9451385bf75910d80374eb42edf36d1a3f243,0x001866ae5b3de6caa5a51543fd9fb64f524f5478
0.31468,0,1,20.0,0,1,0,0x39c857c30d8d018d953b55598500ce5f7a73f0f8e471fcc0c56d85589c25ac28,4023573,0x001866ae5b3de6caa5a51543fd9fb64f524f5478,0x79ca0e68823841e9546b11651e37bc53f9265d48
1.616482,1,0,20.0,0,0,0,0xd13eb854d69d5bc447f3a5d55038ab1941d1cfeb40568428d078629b95a54ace,4023573,0x001866ae5b3de6caa5a51543fd9fb64f524f5478,0xb7bb5219a0e7802d58aee63f26cf326f27c093e7
2.79687443,1,0,20.0,0,0,0,0x8a1c11d4855d3973b07624eb5610112d2d9999be93ef058fdb488d8df08fb433,4023572,0x001866ae5b3de6caa5a51543fd9fb64f524f5478,0x2fd3a712f3945333189b0b9c84e03b413c0a9702
0.0662,1,0,20.0,0,0,0,0xb1c91553837ac97ff783d18a1f6e68048da634df418a1d1ce2ad9a327e83c11b,4023569,0x001866ae5b3de6caa5a51543fd9fb64f524f5478,0x2af9c724df4413ca79dd3cfbdf927d19660b1c6e
0.26436703,1,0,20.0,0,0,0,0x689655e3ca97e1d6a43648ad239275f76b54f733f0c4157e3c9411c2983c4f8b,4023569,0x001866ae5b3de6caa5a51543fd9fb64f524f5478,0xe13570e26b7b2e49fcffdee011e700e9157d50f9
0.5698,0,1,20.0,0,1,0,0xfa23bb226a31a925158dcd51f5776e94e0cc6b18cfb62277586a9bd911e4c6b1,4023567,0x001866ae5b3de6caa5a51543fd9fb64f524f5478,0xe13570e26b7b2e49fcffdee011e700e9157d50f9
48.404,1,0,20.0,0,0,0,0x9fd0772b49483b907ace4d362cb6f1f0c50548716afab49938d857446fd81804,4023561,0x001866ae5b3de6caa5a51543fd9fb64f524f5478,0xf83329db5b118ede4e2ba45d96fa9a1d002c4097
4.996152,1,0,20.0,0,0,0,0x7f329d7110968ec487a97df4565acfb8ac91147196c888bb4a78daed0c5f92c3,4023558,0x001866ae5b3de6caa5a51543fd9fb64f524f5478,0x24f7a78ef37b82d0d205ef0146a5ad543e9bc4fd
0.89907899,1,0,20.0,0,0,0,0x6c7a1e73b1ffb4bebd89f285fecab90190644c59553b44d32f90b4dbe34978ad,4023554,0x001866ae5b3de6caa5a51543fd9fb64f524f5478,0x1e0edc98d576893497d460a49a21dd64be73b616
7.835,1,0,20.0,0,0,0,0x9ba9936d3ba303c6d5148f00ab045790bb9b158755cb815f0fb8c464a5a5ad19,4023550,0x001866ae5b3de6caa5a51543fd9fb64f524f5478,0xfe8a54fd137e59acdbf9a3e39133058fa5d8fe05
5.102887,1,0,20.0,0,0,0,0xc339a4150b5540270c71ff019ab35357acd34a2c293e52cc0b181fb0a32c580f,4023547,0x001866ae5b3de6caa5a51543fd9fb64f524f5478,0x9c9589e4213ed85b1fa7e566985d85f8f9c47434
1.36259813,1,0,20.0,0,0,0,0xf24ad5c08feb6c8d67e5fcb11e869e05a4251017a6c0f772091f3de91a68afe5,4023523,0x001866ae5b3de6caa5a51543fd9fb64f524f5478,0x3f25f7bcb13d88b72dde60e4008929d1a166d8f6
12.003,1,0,20.0,0,0,0,0x662fa33d826f36a5482771206da48ef8d4652d6635872c4281c3d5bc1ec3f56b,4023511,0x001866ae5b3de6caa5a51543fd9fb64f524f5478,0xf9816fede0c05cc008dc3aa71f92f9a5acf49165
15.995,1,0,20.0,0,0,0,0xbce1ba020e63e9b056a3a5a2948d771e42e9f7e8b40c9d32c7dbe112b8e288f1,4023503,0x001866ae5b3de6caa5a51543fd9fb64f524f5478,0xdce34f60af0d183b3b66119570ed61778171082b
0.0199,0,1,20.0,0,1,0,0x43f828fc42c97efb5379d5640cc316011e2d247bced037735835a29d08a3f29d,4023499,0x001866ae5b3de6caa5a51543fd9fb64f524f5478,0xf9816fede0c05cc008dc3aa71f92f9a5acf49165
3.495,0,1,20.0,0,1,0,0xf430965c7ea1924100b5dbf188178f3e4cbd5bc18f6a6ff7b72e2618d6bd3a74,4023486,0x001866ae5b3de6caa5a51543fd9fb64f524f5478,0xc9240bbfbee4c4209fb3bc656414a4168a53d3d3
49.995,0,2,20.0,0,1,0,0xc8f7bc09dbbf77756d5291fbf0633b034423cffcab1d23668eb1278acf322896,4023485,0x001866ae5b3de6caa5a51543fd9fb64f524f5478,0xc9240bbfbee4c4209fb3bc656414a4168a53d3d3
54.995,0,3,20.0,0,1,0,0xb87f3b7ec75ab0ce02723d08c560cf327ee17b839ac1f5c1445f679250325028,4023485,0x001866ae5b3de6caa5a51543fd9fb64f524f5478,0xc9240bbfbee4c4209fb3bc656414a4168a53d3d3
17.533,1,0,20.0,0,0,0,0x02b0831a995f3bf6b7abaae65c3d1a2c53a93fe95711bbdb958ececa129175e2,4021825,0x001866ae5b3de6caa5a51543fd9fb64f524f5478,0x07cf6c3f0844b690d915838358b28b2e54763a18
0.298,1,0,20.0,0,0,0,0x8ae5f9e3036df8316f11d78325d3c69ec0c3972afccf63fccafe2f81c3dda4ff,4021824,0x001866ae5b3de6caa5a51543fd9fb64f524f5478,0x3175990a4d685ec549aa43bf2ac9a964cc534d92
10.583,1,0,20.0,0,0,0,0x97b15752bdf6bd6696fcd3b107cd0505d0eef874b363b0294fd3421386a7039f,4021822,0x001866ae5b3de6caa5a51543fd9fb64f524f5478,0xf9c097dd7fc5313f02940ce60ffa76895faffa05
0.895,1,0,20.0,0,0,0,0xc8eb0b314a362a730c77cb19660480d74103176d699b7d86382d6894c9ed76d4,4021820,0x001866ae5b3de6caa5a51543fd9fb64f524f5478,0xe18313b85aec37131549ba1ce18bcc6e2b6d0c06
0.0113,1,0,20.0,0,0,0,0x5ef6cb50d2bd046af988785245a6ce8221fb9b506c1560a39080731a91b4fa13,4021820,0x001866ae5b3de6caa5a51543fd9fb64f524f5478,0x59c36168093b79d011e54f5baf39f7f8494e18de
4.8891,1,0,20.0,0,0,0,0x167384e192fe02ddfbc4671b296e30bff5b4cacc0beb9e99df5447f366d06627,4021816,0x001866ae5b3de6caa5a51543fd9fb64f524f5478,0xeb4ac4eb8e28d73e1c0a7c07423a5acef62d2a9d
4.064969,1,0,20.0,0,0,0,0xdc9ad5520be7a6116f8455ede03fb1ebbc875edef0ad3143f08d1e56906ce7bd,4021283,0x001866ae5b3de6caa5a51543fd9fb64f524f5478,0xe3ec606baa863961a5478a91b799a5ea15ed087d
20.1828,1,0,20.0,0,0,0,0xc524233c8d797b1c7ae1305acc6635e530d8a857eeafdc893aeadab5ab35fd76,4021279,0x001866ae5b3de6caa5a51543fd9fb64f524f5478,0x6d5a4ade03f9300c2f601028373c7de15cd888b3
30.563401,1,0,20.0,0,0,0,0xad4d7ed9fa013a53180e81db8d1c028d3e6d291feabb49f1b9291e4cf5962b90,4021274,0x001866ae5b3de6caa5a51543fd9fb64f524f5478,0xec286f8be15c3acbcb9eda7a5c4393fd18f44bba
0.165,1,0,20.0,0,0,0,0xe5f878194298b21bd1cc1caea8d252ecabc6d616935fe239a1b0a30e291d3cc3,4021270,0x001866ae5b3de6caa5a51543fd9fb64f524f5478,0x725e80a558ed46ab1cd7ad3785115d541137dbf4
2.2157786,1,0,20.0,0,0,0,0xeb3d2b9faa7150840377ca5ea679bd92251cecc3ebd53adeed76b55d1b0da74a,4021267,0x001866ae5b3de6caa5a51543fd9fb64f524f5478,0x16b66181ff104b4b4ec51d8b2cea630bd9af450e
0.0713,0,2,20.0,0,1,0,0xe52454b30c34f21f8b116adfa2b1d3a87e63ded9dca9843dcd1b31504311ed45,4021266,0x001866ae5b3de6caa5a51543fd9fb64f524f5478,0xa79fd184188aa4c700376aecd317d039b1626494
0.1170409,1,0,20.0,0,0,0,0xb5b4b43c7fef4a1f57cb278d87f219b6510b588e9c7fb8911f5995caeda1fd7b,4021264,0x001866ae5b3de6caa5a51543fd9fb64f524f5478,0x9e624101b79e13fb2e67e93900fe4a25e0bcf132
56.64137,0,1,20.0,0,1,0,0x426758e9ab7ff40497f5df2a26ee8eac04f4494edf58cc4edff870f6e9fb9441,4021030,0x001866ae5b3de6caa5a51543fd9fb64f524f5478,0x07cf6c3f0844b690d915838358b28b2e54763a18
5.038258,1,0,20.0,0,0,0,0x8b5da8d6898d15fc8e97c75ebaf0201ed202d5a430509e2da2ad46a4d8b9df6b,4020829,0x001866ae5b3de6caa5a51543fd9fb64f524f5478,0x5ae39db49af9e2dec759ad1647fdadefb7184399
0.7913,0,1,20.0,0,1,0,0x341d05df2f962f429db29a30285f8ee07d2d04860454d192f69dd3bbc43298fc,4020828,0x001866ae5b3de6caa5a51543fd9fb64f524f5478,0xae9564382979deb6c987888ca88e1483a8372fc0
4.5893,1,0,20.0,0,0,0,0xebb46bd166063263e036c598ad93b878f5ee99c1f4cf48ce54475d442201e206,4020828,0x001866ae5b3de6caa5a51543fd9fb64f524f5478,0x8b55e1e8e123bd699237a2d00165afdb27654351
0.12167054,1,0,20.0,0,0,0,0x8e7f22356618cd2a64195c6f8f60f8bbef4dbae01a55b53de384a00894b82cae,4020828,0x001866ae5b3de6caa5a51543fd9fb64f524f5478,0x51b059499026cf1b49a69dd7420e54bf1b19e43b
0.81174415,0,1,20.0,0,1,0,0xbd7ec0034fd8f3ae0e86a8ae4a6fdf233ac3ded89b50e1db73f58108dd263a31,4020827,0x001866ae5b3de6caa5a51543fd9fb64f524f5478,0x7de65c589bd136af04a310ffe64dc252aea52493
2.4733,1,0,20.0,0,0,0,0x60ac10fd496ef88f62ca8a928c623b4e9ceef7b68be80945028170e3fb98fdad,4020822,0x001866ae5b3de6caa5a51543fd9fb64f524f5478,0x8ea1bb8aa59258bfd4688196cab3bbfb3c699345
0.12167054,1,0,20.0,0,0,0,0x4e4a6621b23c2da552cbc4bfb9f543f9c4d1936385a3826144fda97fb665f6a8,4020822,0x001866ae5b3de6caa5a51543fd9fb64f524f5478,0xc363db77466cd4b919f97101d2599749a7831fad
5.092204,1,0,20.0,0,0,0,0x430a11bec2c8f07f78f1822c773f9b3ae6a966c3956bb9d07aed450ff713cf2a,4020821,0x001866ae5b3de6caa5a51543fd9fb64f524f5478,0xf6a99796d906be309ccedba14182968d3686d9fa
0.03685561,1,0,20.0,0,0,0,0x686cce14e0b936d482af15ce5eadcf137c53312b2a75b0739b53d5284418dfc5,4020821,0x001866ae5b3de6caa5a51543fd9fb64f524f5478,0x2c92c1ca7af093f24868232743b4b3375b8e0b58
10.38545226,1,0,20.0,0,0,0,0xbe35871d926f7a2519b3d20dfaf190ad7c93736bfa751cdc77c1305a8fb72878,4020819,0x001866ae5b3de6caa5a51543fd9fb64f524f5478,0x8978e859411586d44e6af06324afef62b83a2b01
0.00429066,1,0,20.0,0,0,0,0xdda5d2337d1fac9dbf9a2cca9ceff5b44ae2aab8fd14fcd94475331438f65893,4020817,0x001866ae5b3de6caa5a51543fd9fb64f524f5478,0x35095097d316c4bf7504d097a017ad95a4549578
5.995,1,0,20.0,0,0,0,0xa3748ef2e8ca0ee67cbe914d5edb48fe197f4ccf8f57ce514e84f222ac9646b9,4020815,0x001866ae5b3de6caa5a51543fd9fb64f524f5478,0x21dd6f69e549c55420f5fddc2d52cc628e555a1a
4.395595,1,0,20.0,0,0,0,0xe12f189681550760202c93e8a58af1e9c41f3a30a4aadfa160bc9462d7bdd9f4,4020815,0x001866ae5b3de6caa5a51543fd9fb64f524f5478,0xafcf50291ef33e5b0c20a419a638db2e7e91b0eb
0.781553,1,0,20.0,0,0,0,0x03c03892c6d65e334c3b8a4a006e6e1c70dfa263f490fea88d2e0a08cd4d8761,4020815,0x001866ae5b3de6caa5a51543fd9fb64f524f5478,0xa9e350d38ed60ff25f00c1931f3dcad7bc09fa07
1.08408,1,0,20.0,0,0,0,0x5b3b33c9beda68b0fc642676f422a8ba0f244ae8d6ae58c335a08695d6d18921,4020814,0x001866ae5b3de6caa5a51543fd9fb64f524f5478,0x6bba2e1361fbd7412e1d4503667cbd508c90bfe9
0.07,0,1,20.0,0,1,0,0xde683717a94a7cbd1e0956466826dcc77f6fb074ba8197d562e9765dddd9728a,4020812,0x001866ae5b3de6caa5a51543fd9fb64f524f5478,0xa9e350d38ed60ff25f00c1931f3dcad7bc09fa07
9.418567,1,0,20.0,0,0,0,0xc3723f38d7785899d95956f8eed4a25ac7f1c483de52ff3458897eb13d2fee05,4020810,0x001866ae5b3de6caa5a51543fd9fb64f524f5478,0x11b3077062224ad826e0791435ae393e53d1d892
0.572,1,0,20.0,0,0,0,0x1779c8987f62e9efde064ab199b44ca4547c6c4dc88e1ec080a01801b465b40e,4020810,0x001866ae5b3de6caa5a51543fd9fb64f524f5478,0x9c16c147c49cab3d178a29abb478e52b515c18d1
1.2467,1,0,20.0,0,0,0,0x5c872712d96c951f489af000a028ddd4add4f242d122cebdac4aff28471f393a,4020808,0x001866ae5b3de6caa5a51543fd9fb64f524f5478,0x3a74bb9d0ba2173cd5afda93fb565dd4d590b86b
9.995,1,0,20.0,0,0,0,0x85b067e89f5e56cc322e3558a235944b8b1841845106cd30a983822dfb12398a,4020808,0x001866ae5b3de6caa5a51543fd9fb64f524f5478,0x11b0edb75c721d128e0fc2424133a421544fe22a
0.12130017,0,1,20.0,0,1,0,0x9a1abac4cb528798b4c6b4952a3f17c1ed6b6bd8c80d6cdf822e00e8e3f6ca0f,4020808,0x001866ae5b3de6caa5a51543fd9fb64f524f5478,0x08447309ce046b8a60b13523787351a665ff66c8
0.036,1,0,20.0,0,0,0,0xa509ed334b30a2260f62ec54ac479e6302aff689aacc2c79986accbdd6eac590,4020808,0x001866ae5b3de6caa5a51543fd9fb64f524f5478,0x1be1a16f6ea36aa00b48bd47fb732f3ee6647d49
0.495,0,1,20.0,0,1,0,0xc331e1f5338db5840377a2aa96ef51f17f989f84717fb5dc052412074c65b846,4020807,0x001866ae5b3de6caa5a51543fd9fb64f524f5478,0x6d5a4ade03f9300c2f601028373c7de15cd888b3
3.495,1,0,20.0,0,0,0,0xc1344c00cbc5c16a5ef7ce56d041a27a0b3b527fb1b89f488d3fd7445a6ac39c,4020803,0x001866ae5b3de6caa5a51543fd9fb64f524f5478,0xebd79261368fc175d2a04c6406eb06a74994905b
0.2913,1,0,20.0,0,0,0,0x92e43a1dba66070d4d6eea0ac1464ae8191cfceca023632894a36ae145186f8e,4020803,0x001866ae5b3de6caa5a51543fd9fb64f524f5478,0x4b1305b1650256986aedc88ccc721ff8e875f559
0.03488,1,0,20.0,0,0,0,0x0eda4e2d36226c0e8909950adc1009214fd546fac81889b2a67bbdba5577b23b,4020800,0x001866ae5b3de6caa5a51543fd9fb64f524f5478,0x678de6214bdac75046749fc4c80902a00c440290
1.395,1,0,20.0,0,0,0,0x75b627fab91249ca4a0fef6adb1c7f61af3afc06830813c5f8a197770737658e,4020800,0x001866ae5b3de6caa5a51543fd9fb64f524f5478,0x1f9622ede3b783ded9fa8b893fbcedfa3453b11d
0.0913,1,0,20.0,0,0,0,0xbff7785c94e682f17c4306d5063e5fcd61cc5828332fd09ce463191027ed37b4,4019886,0x001866ae5b3de6caa5a51543fd9fb64f524f5478,0xbe00781804a4abd64a343110aa5551567d4e6432
6.771413,1,0,20.0,0,0,0,0x488394ae67b8269a37c5ad3e3370315b9e5c10986419c4e7baaa703028cf7df2,4019886,0x001866ae5b3de6caa5a51543fd9fb64f524f5478,0x06ce28341f6835030bfbfe4b26d9c2303272271b
0.095,0,1,20.0,0,1,0,0x0b15ad0162aaa11e08b53f4478d4f9c9190ae993028c872332eba6ccc64bf07d,4019884,0x001866ae5b3de6caa5a51543fd9fb64f524f5478,0xe18313b85aec37131549ba1ce18bcc6e2b6d0c06
4.535,0,4,20.0,0,1,0,0xbed66316cd88f3afa9064954838de56c68ec851cf9c5b1de06af6c45f5b88e5c,4019884,0x001866ae5b3de6caa5a51543fd9fb64f524f5478,0xc9240bbfbee4c4209fb3bc656414a4168a53d3d3
3.69551891,1,0,20.0,0,0,0,0xa5f3c1b712cff54270087e8b98817026c0ee8df28c2f3ac3061895d8688f4cb2,4019883,0x001866ae5b3de6caa5a51543fd9fb64f524f5478,0x3e7a32c917b7980d03a09756571c59cf2c857bf9
5.54962147,1,0,20.0,0,0,0,0x16f96588d68b670bfdd1d190c1099999ccf046a1721cc72f30d3c12a459121b2,4019881,0x001866ae5b3de6caa5a51543fd9fb64f524f5478,0x3ffde29edef34f1ec777b33fef15cbf31b7ebcc1
0.0805,1,0,20.0,0,0,0,0x5e30cb27229cd77f76144af370b525653486e9040a0753712305adee882cc44d,4019879,0x001866ae5b3de6caa5a51543fd9fb64f524f5478,0xf11aa64d020cd8cc99f93ee848960a7d8e7f866b
0.0043,1,0,20.0,0,0,0,0x370e2fbe16869573f0047fc00ef5175a7263379e004907c45ba690dfac341a82,4019878,0x001866ae5b3de6caa5a51543fd9fb64f524f5478,0xaa30ca5bcba5cd3ee0039fd7cf826e5f7299fc90
2.5204785,1,0,20.0,0,0,0,0x1b5d9e9eacbcc204ccf0cfe01a5ce5c6439a786ce202f28cae7a2461a092a16e,4019876,0x001866ae5b3de6caa5a51543fd9fb64f524f5478,0xa4399412a861fcbc1b8fb192f8520ef70f7c6bb3
3.695,1,0,20.0,0,0,0,0x323036d72f2a537c101b47104f5f3d3b7f14431c43b0c88f06efe9bf760c880b,4019875,0x001866ae5b3de6caa5a51543fd9fb64f524f5478,0x938254ac692948f432e9955782f3c64aa9b09963
1.8965,1,0,20.0,0,0,0,0x0a67ca33eab063c44009fb77593678f3bf77512784361a18fc3d32d58c9fc7c2,4019873,0x001866ae5b3de6caa5a51543fd9fb64f524f5478,0xb791f0412e9fe88759214fe90435b0cbc99a4d78
0.0846,1,0,20.0,0,0,0,0x5befc2d438cd98ed0b32f40a3c09e4065f4b4f500d06b4a52bb4363ae8f4f7c0,4019870,0x001866ae5b3de6caa5a51543fd9fb64f524f5478,0xa6d4fa9cee35040602a0bd131596631ac101f644
0.0413,1,0,20.0,0,0,0,0x0cf4d539c3186caad9e9785b5eaf3021fc722308493e4c66c6e7d138e1f0e6f1,4019869,0x001866ae5b3de6caa5a51543fd9fb64f524f5478,0x1a17d0abca93a9d97d17d6fa757c877dce111c91
0.00014,1,0,20.0,0,0,0,0xebafa82dfe3bef3ee33c51e0d8b709a209df451e058a8f49327da568a09006bc,4019866,0x001866ae5b3de6caa5a51543fd9fb64f524f5478,0x15ae330c01c9b656f4306e4e88d506a1fc05cddb
0.0894,1,0,20.0,0,0,0,0xbba9237afd34e86827bc2a6babfaba23b3cb8fe0878fe06ed52a1b4cdf595691,4019865,0x001866ae5b3de6caa5a51543fd9fb64f524f5478,0xe3516f9055e3acf466b3fabc29028b560a79d758
5.3223,1,0,20.0,0,0,0,0x48f69b77fc274f6f1404b837919f193647923e7b7d87428742598a6a5fc3b8db,4019863,0x001866ae5b3de6caa5a51543fd9fb64f524f5478,0xa285552a045b81ef343ad503bc163780a3cf5583
0.00014,0,1,20.0,0,1,0,0xeae80d9f9f3170be1d5948bf00ab033c7a3a0736dec4e27a6efd40f5dbe2f9a7,4019863,0x001866ae5b3de6caa5a51543fd9fb64f524f5478,0x15ae330c01c9b656f4306e4e88d506a1fc05cddb
0.54870815,1,0,20.0,0,0,0,0x02e4eeb974df23f517a37d733478408253428b41328eff192f06f8bf5e360daa,4019861,0x001866ae5b3de6caa5a51543fd9fb64f524f5478,0xf27f739bddb1ea0032c3c6f7e9e9c88a2a9339d7
0.0913,1,0,20.0,0,0,0,0x12f71faaf76866fed649bca1f4ccb44e9e9b2fcb56135142efd4fa62b7c48529,4019859,0x001866ae5b3de6caa5a51543fd9fb64f524f5478,0x7024184f8c26185685d35832c3dd301d05ecd377
0.111883,1,0,20.0,0,0,0,0x95eed76bc74b56b2d137d37ea9d16268fb97111c8c2579007af93f671b6fb8ea,4019856,0x001866ae5b3de6caa5a51543fd9fb64f524f5478,0xe53d5f9773e67da0a00361e16c425b7c38786c66
6.9850037,1,0,20.0,0,0,0,0x9f1c681180be2f2efa35d152d0ad15a940ff87b244d3358d762f22b5e0e3e16c,4019854,0x001866ae5b3de6caa5a51543fd9fb64f524f5478,0x164555e2e35d157028ebde6c8f72256dbbf227ec
1.171,1,0,20.0,0,0,0,0xb6b98c071dba4265191aa6bc4edeaeeb72beceede38ede0c51602b976d79e384,4019850,0x001866ae5b3de6caa5a51543fd9fb64f524f5478,0xa0d703b1e6a3b459a560bbf846fb1851f65c4b81
0.0913,1,0,20.0,0,0,0,0xb69489f882e383e6b453b3629076329f77d3bb3ea8dca44c146f46f1f1b9a7de,4019296,0x001866ae5b3de6caa5a51543fd9fb64f524f5478,0x05f8d8256cb58eb5c163935b97af1e6a2b1898b2
0.8613,1,0,20.0,0,0,0,0xe316c938b282e4cce266b48c58abebfbe9d31775905aa4a8588c261b4446ca03,4019109,0x001866ae5b3de6caa5a51543fd9fb64f524f5478,0x98309a3b5e5b9a4561c52314f5547118a1fe37ea
6.2863,1,0,20.0,0,0,0,0xbf285e8da29eb28f94f50abfcb9b751a93524d214ff33d416708d47ac770209f,4017087,0x001866ae5b3de6caa5a51543fd9fb64f524f5478,0xc9e10a4594e1968820e37eaff4207504682ec73c
9.9952115,0,1,20.0,0,1,0,0xe10baf4ce587023b1a7849dbf5e24bf5fc5427f9df886175079b3a986982c68e,4017087,0x001866ae5b3de6caa5a51543fd9fb64f524f5478,0xc9e10a4594e1968820e37eaff4207504682ec73c
500.0,0,1,20.0,0,1,0,0x04386307e03c70da9477050b2eb00c3b8b91cdf79b3ae4f10fb86082f6af6987,4016860,0x00d3be4ac3563b8e8b8704cf11e074f9959d749f,0x001866ae5b3de6caa5a51543fd9fb64f524f5478
1.47167235,1,0,20.0,0,0,0,0xeb7436fabacc5276295d94659d5a6755cebc31eb31786b1a2594ca4e3a0a98ef,4016843,0x001866ae5b3de6caa5a51543fd9fb64f524f5478,0x29fec057b86ef46d240bd271837369f5715335ef
0.22055345,0,1,20.0,0,1,0,0x2186e974e8ee497dc0311381d37124fe14fbbdd5ad3ae02494119bbdd4097761,4016842,0x001866ae5b3de6caa5a51543fd9fb64f524f5478,0x29fec057b86ef46d240bd271837369f5715335ef
0.97574576,0,2,20.0,0,1,0,0x8fc166302584e3be6d8f82ed8b713ab69be8348877b4b2530db90df797aff3ed,4016840,0x001866ae5b3de6caa5a51543fd9fb64f524f5478,0x29fec057b86ef46d240bd271837369f5715335ef
0.16833416,0,3,20.0,0,1,0,0xb63218635f56128f5ae80b5f22a291fce3bdd9d3ee7ccb38701673aeb882b097,4016840,0x001866ae5b3de6caa5a51543fd9fb64f524f5478,0x29fec057b86ef46d240bd271837369f5715335ef
0.81277837,1,0,20.0,0,0,0,0x14d66d4ff0c01763be4321736d3f598be0338ab18ef370c3fb760dd8d49bdaf2,4016840,0x001866ae5b3de6caa5a51543fd9fb64f524f5478,0x0871b93d3e6b4a804208d69348edeb8ab808c9ad
0.2913,1,0,20.0,0,0,0,0xd27c3b78b38af835f07c6363eb0ab7ab49dddad0b80832819973503dc3b146b1,4016658,0x001866ae5b3de6caa5a51543fd9fb64f524f5478,0x3247e5489aba4f6ed3c704c2dfc7bf49c0c3aaca
0.0076,1,0,20.0,0,0,0,0xe2e6906ee1d368126a6b43b1666d839f1b6c72910951885c60412fea4dc4e583,4016653,0x001866ae5b3de6caa5a51543fd9fb64f524f5478,0x88e04f7b452c1643e2d802d106f432cdbd81b5f1
0.0048,1,0,20.0,0,0,0,0x3524c6fa2935e19d74b84d9d8d0aa1e1447844525e4e628cc124e9ac03ec8641,4016500,0x001866ae5b3de6caa5a51543fd9fb64f524f5478,0xa5836a97da9f714238d4481d6bccb87789d84fdc
26.28722593,1,0,20.0,0,0,0,0x218ec736bbc51ef7d218d0438c41a8bb558f206cc28cd5d5d859df5639980336,4016400,0x001866ae5b3de6caa5a51543fd9fb64f524f5478,0x4937be314753a0ebd3bda1ff7d928fcb9cb751a2
1.2913,1,0,20.0,0,0,0,0x9a0ef7f5683c1c44b8d63c9cd6b12a5b219fafac222f976c3a819632aa5d546a,4016397,0x001866ae5b3de6caa5a51543fd9fb64f524f5478,0x1db26e66884b9ff58b5a1257221115277107f24e
0.295,1,0,20.0,0,0,0,0x54118987a9386cf22bca84629f82e99156acb324ab9820751fda5b70f55a9640,4016396,0x001866ae5b3de6caa5a51543fd9fb64f524f5478,0xcd7eb544fcb2194726bb766404f027a574e93071
0.295,1,0,20.0,0,0,0,0x9e20f09de5658bf3446e341f124aa818b07f20fd2b44b588bc82358b37b55938,4016395,0x001866ae5b3de6caa5a51543fd9fb64f524f5478,0x0f61d70362594c453582ac914bf6b5a1cb0c955c
0.46315362,1,0,20.0,0,0,0,0x631bb4077293f6fc4a98aa3cda06605115873db2da8ebd89d7cf34a13857bb65,4016394,0x001866ae5b3de6caa5a51543fd9fb64f524f5478,0xd65ed0a3cddc14a22f5972f659d8d05a6f758238
3.6987,1,0,20.0,0,0,0,0x14a94ac7ee88f7886ee28b4c737f7c8f247b11a6bfed67c1feb562d5d7264d43,4016394,0x001866ae5b3de6caa5a51543fd9fb64f524f5478,0xd97b1178e46415559d7734f1ddc8cc84a0ec8830
0.0813,1,0,20.0,0,0,0,0xb771deb507a81d6b47ca0206aa0fa099c551ee61d1cdbf6d5c821806918dd5bd,4016393,0x001866ae5b3de6caa5a51543fd9fb64f524f5478,0x42cffbd3c38c53f840f143e87d7e3984700e7ecb
0.0813,0,1,20.0,0,1,0,0x6cc42362cec5d8fe353a81ef211730a13b090f8d8c996960d4e99ace4be9850b,4016393,0x001866ae5b3de6caa5a51543fd9fb64f524f5478,0x42cffbd3c38c53f840f143e87d7e3984700e7ecb
1.23,1,0,20.0,0,0,0,0x8abc6d9a19eb5565c52f5c9d3a82305c3df94ccf15dbe9dea03a3d6b1cec2c07,4016393,0x001866ae5b3de6caa5a51543fd9fb64f524f5478,0x65250483441564b4cbf98cc59f861a5d12a87fbc
2.495,1,0,21.0,0,0,0,0x7dbd2ee18da681a0e20b9b3b3ff16066a33c82eff2f5bab6d3882c0bddab8dd7,4015335,0x001866ae5b3de6caa5a51543fd9fb64f524f5478,0xcaa597c0b131e332e9ddc185284064bca3302e40
0.0013,1,0,21.0,0,0,0,0x679a946e3c5445a6b6150730b5a2d5913994608a760030b6112f1e0d0c2e759d,4014975,0x001866ae5b3de6caa5a51543fd9fb64f524f5478,0xd997434efa770865025815a052ba636afee598ee
0.81534495,1,0,21.0,0,0,0,0x6252aab5420e817c4d9e8691c4eef6df09f858586df2e64da15cc7ca907ebde9,4014973,0x001866ae5b3de6caa5a51543fd9fb64f524f5478,0x2b634ce40f62d0015bd99d3981c0d021f8c3e9ed
6.495,1,0,21.0,0,0,0,0x6ddee3d0f4b24d667880c9a6422b474b1a770aa9c5836f2e94a795197f618470,4014970,0x001866ae5b3de6caa5a51543fd9fb64f524f5478,0x02af7b4a818f8add40e4489ed9a5b47a4481509a
0.0013,1,0,21.0,0,0,0,0x5e70a9f8fa4e7f0547504590f1ac3f1ec35811c701955aad87e4965736ae5936,4014522,0x001866ae5b3de6caa5a51543fd9fb64f524f5478,0xa6f6e5df59f801a622617e50a00da37af9d74f2a
1.5320391,1,0,21.0,0,0,0,0xd72213670916845d485cb4213f9e6510d3eef0861440844d853a7f6917e2f83e,4014521,0x001866ae5b3de6caa5a51543fd9fb64f524f5478,0xd8370b877402a97af8940bba2f21f881be651a8c
0.995,1,0,21.0,0,0,0,0xe8ee5fda24e99f0bc074c82e2cc422873f273f1738963ed412272c2c16c515e4,4014520,0x001866ae5b3de6caa5a51543fd9fb64f524f5478,0xaa4775a6556f098fe5bf41663cd3ddff64b05666
2.55759603,1,0,20.0,0,0,0,0x33c58382b9d93e811cd3fcfca0c1b59aa90e048c0dc0e161bd0d3357a4fde7c9,4014518,0x001866ae5b3de6caa5a51543fd9fb64f524f5478,0xbf91e30030515f029d0b2a0f9d076b2f823808cc
0.001,0,1,20.0,0,1,0,0x3f281e3852c692e4a8f2e3e4a80d02683f9c8a3aeb4b25d92ae27f340c304ae3,4014518,0x001866ae5b3de6caa5a51543fd9fb64f524f5478,0x7c2de4cd4fe9dffbbbd3da9a38760ffc7b4c2217
0.995,1,0,20.0,0,0,0,0x126936d1f78028818ce73bc0dcce13167e150b1e9a3b85b6dfcd9cf165e122bd,4014515,0x001866ae5b3de6caa5a51543fd9fb64f524f5478,0x0023cb69b55de1243c1ea92c9bd732c8d4ea2762
0.8616678,1,0,21.0,0,0,0,0xd6d8b6b2ba7e07bbc410b27cec14d6a7b09c4eeffb5d7420f7b79880dab553d7,4011565,0x001866ae5b3de6caa5a51543fd9fb64f524f5478,0x7d06c7954fd4e22a45b02a8bc10aae5d1e0073b3
0.00574446,0,1,21.0,0,1,0,0xb9c86d66270a187a56cee858dd130baf0b2a08e3a31db204fd4964df405efdb2,4011564,0x001866ae5b3de6caa5a51543fd9fb64f524f5478,0x608596d0c77945478cc5fdd72b4b5a24e3913ddb
29.995,1,0,21.0,0,0,0,0x919de688a449b9c0fee74b20f308dd5089cb39f9eef1aa8d5b372df8fcd3812c,4011564,0x001866ae5b3de6caa5a51543fd9fb64f524f5478,0x2d55448b41080b1a65f2b5f2dcf7fd5dd9461629
0.01,0,2,21.0,0,1,0,0x8c86ad5ea0cd9d246499a7019027f15ffd2c448f1ea9247220cd2502ff930467,4011562,0x001866ae5b3de6caa5a51543fd9fb64f524f5478,0x7c2de4cd4fe9dffbbbd3da9a38760ffc7b4c2217
0.0764,1,0,21.0,0,0,0,0xdce4ff1bcc45d2dd29e7687e7cf78917a60491cfaa45d7013a2edbff54d01491,4011561,0x001866ae5b3de6caa5a51543fd9fb64f524f5478,0x7f1f0ed0ee12e239b7149ab4871613f472910ccd
0.005,1,0,21.0,0,0,0,0xd06b535430d5f2e49442d3297515f18a9f05e06c189d02df4fa7424fa32d3fc8,4011560,0x001866ae5b3de6caa5a51543fd9fb64f524f5478,0x4ab4a84d284097583bab45e1aa5fddf42bd29685
6.2913,1,0,21.0,0,0,0,0x213ab996640b47b68e5fa2aee1876021a800d0a00d69d32f6ef33d9f8d3faa8a,4011557,0x001866ae5b3de6caa5a51543fd9fb64f524f5478,0x0d11076825c25b10f7ed69177b194022e2ec7981
0.0013,1,0,20.815012353,0,0,0,0x3dfee96e007ff124425ccc002fb754ef2f20415fd7779c9e2c77dbb9e57de596,4010313,0x001866ae5b3de6caa5a51543fd9fb64f524f5478,0x1fa467889e55cd360e512456547e62ba9dea2a43
0.0013,0,1,20.815012353,0,1,0,0xa2a45eb9949a60e1a56588a9f41a73febec4af0d10ddc8a967125b4d7ae649f3,4010313,0x001866ae5b3de6caa5a51543fd9fb64f524f5478,0x1fa467889e55cd360e512456547e62ba9dea2a43
0.002408,1,0,20.815012353,0,0,0,0x2171a34781d3e17fd9c313e23cb1269f4e134ddc04e975a2e8a5338a4bbecd8c,4010311,0x001866ae5b3de6caa5a51543fd9fb64f524f5478,0x1e1a1b3a8ae1193f1d036dad16e12dc80d21baf1
0.343724,1,0,20.815012353,0,0,0,0x1836a6fa3d70f2b9f8d34138ea9069d461aff78db6355492742a96f1cd72d8c7,4010309,0x001866ae5b3de6caa5a51543fd9fb64f524f5478,0x8b6165c76f73b08d8b6167ea5e376c382cf48e89
0.12167054,0,2,20.815012353,0,1,0,0x4ec2b4ea843fb6bd723c42a6079fef5791861efc8318b9b9d99170025292aa3b,4010309,0x001866ae5b3de6caa5a51543fd9fb64f524f5478,0x608596d0c77945478cc5fdd72b4b5a24e3913ddb
0.0813,1,0,20.815012353,0,0,0,0x0f84bf9094d90543bba295c259cc14250556a6bdff3e127a0072faa8da585d34,4010306,0x001866ae5b3de6caa5a51543fd9fb64f524f5478,0x0ebb6e8b62d57df68c63e96a5f04a715597ae844
1.79768468,1,0,20.815012353,0,0,0,0x71e485422a7b9319c9ee742d091c4eae5172a388b012c688fc0553deb91d5dfb,4010306,0x001866ae5b3de6caa5a51543fd9fb64f524f5478,0x8f76c38b2da0e284145226f5cc0c6fcab3aea389
0.0357445,0,3,20.815012353,0,1,0,0x74c5b79a771cae3cd917ffb69c5de303544b73b1963fe799434046813ec24cc9,4010304,0x001866ae5b3de6caa5a51543fd9fb64f524f5478,0x608596d0c77945478cc5fdd72b4b5a24e3913ddb
0.03611487,0,4,20.815012353,0,1,0,0x34533493b97f997fd4eea09e9b94cbba9409a026bf1ae3a7e8ce45a0d219f635,4010302,0x001866ae5b3de6caa5a51543fd9fb64f524f5478,0x608596d0c77945478cc5fdd72b4b5a24e3913ddb
0.46944508,1,0,20.815012353,0,0,0,0x3f7559098f309c416539dda97c40e529f0c61db6ccf939d104fe4f10fc446179,4010301,0x001866ae5b3de6caa5a51543fd9fb64f524f5478,0x441e4a14f2374cfcc023ff3e887d9f402eb1e402
10.595,1,0,20.0,0,0,0,0x8b86060dd73fc7f6f49725db5f886d32f28f9cd41e13d3819b618cb5f6a90679,4010015,0x001866ae5b3de6caa5a51543fd9fb64f524f5478,0xe6a00faa69eee8acfec0829492f61028b4b23143
0.1113,0,1,21.0,0,1,0,0x63610fcf1a08afaa7e391aef9f03ef2d25ec697512aecedd565236c6c613e1ab,4006468,0x001866ae5b3de6caa5a51543fd9fb64f524f5478,0x71235face83f7d5c064f096167e83f8091afc87b
0.6863,0,1,21.0,0,1,0,0xb07bfbbd33f737a1209a813aa89bc57fbaefde976f411dad37134b346541ef2b,4006434,0x001866ae5b3de6caa5a51543fd9fb64f524f5478,0x1e1a1b3a8ae1193f1d036dad16e12dc80d21baf1
0.002408,0,2,21.0,0,1,0,0x3da042cb86a951e28cee50920ac8005daa9d6d85aa6480f8c9c967aa5527b9a1,4006434,0x001866ae5b3de6caa5a51543fd9fb64f524f5478,0x1e1a1b3a8ae1193f1d036dad16e12dc80d21baf1
0.0013,1,0,21.0,0,0,0,0xfe4336119e6c812103a0c43bb0513173db4668c78cf566af18ad881fe696cf9f,4006376,0x001866ae5b3de6caa5a51543fd9fb64f524f5478,0x18ba6abb18d23695d96ed2ff726e79712f854866
2.35273773,1,0,21.0,0,0,0,0xbef0847189c22e983a9d0ceb0142e1d4646bf29f66b87b25689db0239c46db24,4006363,0x001866ae5b3de6caa5a51543fd9fb64f524f5478,0xb84c66315ac2645fcaa1a7b501ee9eb40b4f2513
0.42,1,0,20.0,0,0,0,0x30824e708af74c239a573ced0aab32af8450e728e07a6f7455e1fdb7df8df0e3,4005726,0x001866ae5b3de6caa5a51543fd9fb64f524f5478,0x5d7acb7635b65f2cc346cf2375a3eb37cc9f0496
0.09656783,1,0,20.0,0,0,0,0x5afc16f1d38719f692f9338589f26c7c3ed78704aa5f1d944ff7606436b35bad,4005723,0x001866ae5b3de6caa5a51543fd9fb64f524f5478,0x7242375420654f693bf135030e69f3c117950aca
3.495,1,0,20.0,0,0,0,0x45d84d51de49ff954d210fc504f2e68c1c45ba33904155689679ccb3fb400e53,4005537,0x001866ae5b3de6caa5a51543fd9fb64f524f5478,0xfe0d48d6d4d65f7e83f8877b667f233e8edd6cab
3.0008,0,1,20.0,0,1,0,0xa89f7b2f8ca5c1b374484d155e34fb6ea2b702264dbed3152bff93fd646c021a,4005537,0x001866ae5b3de6caa5a51543fd9fb64f524f5478,0xfe0d48d6d4d65f7e83f8877b667f233e8edd6cab
0.112408,0,1,20.0,0,1,0,0xb52079016947ce28e2a3f977fcb89c7044c8b71f1cb62c02a5d0270e3b34849f,4005536,0x001866ae5b3de6caa5a51543fd9fb64f524f5478,0x18ba6abb18d23695d96ed2ff726e79712f854866
0.0013,0,2,20.0,0,1,0,0x54839e73d6774f621177492e6f2af92d1b5e33619e2f566d9de19d2ae0045365,4005536,0x001866ae5b3de6caa5a51543fd9fb64f524f5478,0x18ba6abb18d23695d96ed2ff726e79712f854866
0.112408,0,3,20.0,0,1,0,0x402387c281a64f4d962bafc0f1c511c795e44392d9611a0589c24d84c468be94,4005533,0x001866ae5b3de6caa5a51543fd9fb64f524f5478,0x18ba6abb18d23695d96ed2ff726e79712f854866
0.0013,0,4,20.0,0,1,0,0x116e3b61cda7adae25c012e9bc25110afb792421be84f3923234f68d0fcf2271,4005533,0x001866ae5b3de6caa5a51543fd9fb64f524f5478,0x18ba6abb18d23695d96ed2ff726e79712f854866
0.0013,0,5,20.0,0,1,0,0xa6ffb0c0a5174bab8117ae02aede9b0fb05ba3e810c297de4a0b34497022d8da,4005529,0x001866ae5b3de6caa5a51543fd9fb64f524f5478,0x18ba6abb18d23695d96ed2ff726e79712f854866
0.112408,0,6,20.0,0,1,0,0x5f373864de16415a1bdc15e5dd22e6085cc1b24e7918944b7831634942fcdf28,4005529,0x001866ae5b3de6caa5a51543fd9fb64f524f5478,0x18ba6abb18d23695d96ed2ff726e79712f854866
0.11707794,1,0,20.0,0,0,0,0x5684c2bf9a0ce23e0a00f0825ec8562e15bc67861c23e037f59480b9f39ad63d,4005527,0x001866ae5b3de6caa5a51543fd9fb64f524f5478,0x55a1784d6174b846e9b6fdc80356c56b75df71a3
0.65537122,1,0,20.0,0,0,0,0x0350bb4e15cc9c014303a63ab7553df1243596cc5d3ecbe938d9c5a444395840,4005524,0x001866ae5b3de6caa5a51543fd9fb64f524f5478,0xacf5b0b38eddfc440bd9966599abaca35f8fc570
0.0113,1,0,20.0,0,0,0,0x5effeb8e70d0c109533b5903f72a1d08ca5dd5867dd3b57681c380ef322dd7f5,4005524,0x001866ae5b3de6caa5a51543fd9fb64f524f5478,0x487584621461831d590a803c2606e09c60381cea
0.0113,1,0,20.0,0,0,0,0x96b481085f1af070f1c462161171786d63cb69e890e818b62838b36b4b4598a5,4005520,0x001866ae5b3de6caa5a51543fd9fb64f524f5478,0x5bcaca06f9610c7b79a3048539a8704db19a4678
0.0113,0,1,20.0,0,1,0,0x1e4d1e87efa0570a6f2a90c90424ec71e3c66a1786eb034fe552a4de45c83585,4005518,0x001866ae5b3de6caa5a51543fd9fb64f524f5478,0x5bcaca06f9610c7b79a3048539a8704db19a4678
0.037408,1,0,20.0,0,0,0,0x6f25733b2e656748ab7a28fe3de1c7d61ff18eb05b4eb9892a3bf3d7be8e9baf,4005516,0x001866ae5b3de6caa5a51543fd9fb64f524f5478,0x837425e6dbc844f6f7ea2ada0253effa4008b7f8
0.04500066,1,0,20.0,0,0,0,0xea62295fb50df566876068f7b91e19473897d8cc289ed0b3f615f8209ed2e509,4005515,0x001866ae5b3de6caa5a51543fd9fb64f524f5478,0x1bf0101876ed454a3d6f80bec50b8b747f7ee3e6
3.395,1,0,20.0,0,0,0,0x638a5e02e58741f7312b1138e5dadda2ebfbb77bc9d04f9240ff38a37df1174e,4005515,0x001866ae5b3de6caa5a51543fd9fb64f524f5478,0xa2211144d14175107a9a426d496f6596dd6d7f72
0.2124077,1,0,20.0,0,0,0,0xd4deb909ab5fae22a0d2fb4cf32a22054deb7ff7513984d17e3506a1621fde3c,4005505,0x001866ae5b3de6caa5a51543fd9fb64f524f5478,0x4b9540235a90de0790e59c1e5dad19ab261f4d28
42.70357581,1,0,20.0,0,0,0,0x43d0b7a1edf17786c2b6317c29f89fd3c926e672ca9256b67234852842d81c4f,4005503,0x001866ae5b3de6caa5a51543fd9fb64f524f5478,0x46f5790ae02df80aa6c13b7257b16ba36527d036
0.0013,1,0,20.0,0,0,0,0x1a996d1d57ca90280ebc9ebec51ad5570f233a1984b7f52b728b10403a54c5ef,4002765,0x001866ae5b3de6caa5a51543fd9fb64f524f5478,0x95538e1ab67caaf337e5048c097390af8119f743
0.29352993,1,0,20.0,0,0,0,0x7c96aa023698516f4bcd84ff15fcd2a6a4166ea5f48ef63837bf652aa25ec506,4002764,0x001866ae5b3de6caa5a51543fd9fb64f524f5478,0x9ac2c680b4eb82b731c7b77797433e38961d9343
0.015,1,0,20.0,0,0,0,0x9d4ef95cdfd74eed0d52f8eba382888e10c39fa484992b8148c07a068a68b927,4002762,0x001866ae5b3de6caa5a51543fd9fb64f524f5478,0x70b369f78922262efb23ada52bed57fd164e7af4
0.21407496,1,0,20.0,0,0,0,0xc04a42b41bd9269e33080395cd7e0bab63189bbe31f8cdbbfabca0ae9151d0a4,4002158,0x001866ae5b3de6caa5a51543fd9fb64f524f5478,0x25f20c789fe3eda00094cc5a8f38df9c2cdc18d3
1.99462963,1,0,20.0,0,0,0,0x98859394472cf9c48c1be79160cef5eb9e675cb2c0b91d2b2e442940aba42b98,4002154,0x001866ae5b3de6caa5a51543fd9fb64f524f5478,0xe8e936421dbad29ee15702fb2ddf70d364c1dfa7
0.0013,1,0,20.0,0,0,0,0x003b385c62c127eef08778f19bf415b79ce808744dadb8d3479bcf87f50ed43b,4002152,0x001866ae5b3de6caa5a51543fd9fb64f524f5478,0x83cce142de3fc17d4c2cd4ebc332ddffc792721c
0.002408,0,1,20.0,0,1,0,0x890f72fed2a9b39adec9430a9a043a7f59558b4bd892fa470c54f746b74aa752,4002151,0x001866ae5b3de6caa5a51543fd9fb64f524f5478,0x83cce142de3fc17d4c2cd4ebc332ddffc792721c
0.002408,0,2,20.0,0,1,0,0x1584ef82f0317a41da967de332a0f0a1f4d5a4a32f462b7e60d460507b48d1e0,4002150,0x001866ae5b3de6caa5a51543fd9fb64f524f5478,0x83cce142de3fc17d4c2cd4ebc332ddffc792721c
0.002408,0,3,20.0,0,1,0,0x5845a834bf5487531cf91c09a6364c0575a4d9c77d30e2d7b6f3aff6694a28e0,4002147,0x001866ae5b3de6caa5a51543fd9fb64f524f5478,0x83cce142de3fc17d4c2cd4ebc332ddffc792721c
0.16500082,1,0,20.0,0,0,0,0x7ff652a306470e4b87d494a72b6341c00c6189212d0d73a031ef74eaddaee288,4002080,0x001866ae5b3de6caa5a51543fd9fb64f524f5478,0x9c768c27f74c3ea3ec75aeecaf90f947f6bd2ae6
0.1796,1,0,20.0,0,0,0,0x6526da4df4fd9bf700dcbdd7836155f2e3b628a81accb7c432e260ee74e06873,4002078,0x001866ae5b3de6caa5a51543fd9fb64f524f5478,0xd7ab1bf028936fae899621049df4691aff5c520c
0.16469282,1,0,20.0,0,0,0,0xf89b4c1a0914285ef05a585540fd393a00900303dabbf1bdebf9f81b45f444d4,4002078,0x001866ae5b3de6caa5a51543fd9fb64f524f5478,0x95abcffe41ec44a0c576ab93c5a3561d092ac59b
0.5876,0,2,20.0,0,1,0,0x8249922ec3de0428eaa9e29e41fb4969bdcd4130c5a22bd0788e74491df6bdf3,4002077,0x001866ae5b3de6caa5a51543fd9fb64f524f5478,0xfda8a34adc3390650430cfe58556630a327dc775
4.26574647,1,0,20.0,0,0,0,0x83ab84017e77b5f7f336262ef364ab8fea11b2b4d4d9734df83be1e536c41481,4002076,0x001866ae5b3de6caa5a51543fd9fb64f524f5478,0xfc9f54cf0e54fea96fbfcd36515faf07ca6394a8
0.78611032,1,0,21.0,0,0,0,0x20c99329c8463413270462cb59c11c71b9a3dbd8c59d7936c1112d9cdfc17b24,4000967,0x001866ae5b3de6caa5a51543fd9fb64f524f5478,0x12fdd79adbb26d36c4568f632eead8e789dd92a2
1.291,1,0,21.0,0,0,0,0xd868ba2ead96c106111d07813eb34a29928f2fff80dbd1093da1ed05541cea4b,4000967,0x001866ae5b3de6caa5a51543fd9fb64f524f5478,0xb0074f4beae632ce74ccb25153b59fa866aba0f7
0.4239,1,0,21.0,0,0,0,0x559235bf0955f8dec9810e29e5bfbf1e74dc150704a3429a0c94039696f311e4,3998986,0x001866ae5b3de6caa5a51543fd9fb64f524f5478,0x96c2fe5732904fad1d4bbdd6f1d095147e603c56
0.7478423,1,0,20.887260762,0,0,0,0xbdfe2116670f149619b16cfb32da22cfe335227f7947d01226af429359183c1b,3998973,0x001866ae5b3de6caa5a51543fd9fb64f524f5478,0x7c284f0ee2f641688a784b3366ee968ab4f595e9
0.202408,0,1,20.887260762,0,1,0,0xd0c66987d9efb20293a890fe473082a844780fcdca4b0a4e80c52615673c55bf,3998315,0x001866ae5b3de6caa5a51543fd9fb64f524f5478,0xdd96bdc6259fd8b4f9414c6a0b15f2daf737f661
0.0213,0,2,20.887260762,0,1,0,0xf2b7e834b0cf13ca5e5623cb5eb6bec81312f498096b0295dc2ce7e81c44b7c4,3998211,0x001866ae5b3de6caa5a51543fd9fb64f524f5478,0x5bcaca06f9610c7b79a3048539a8704db19a4678
0.002408,1,0,20.887260762,0,0,0,0xd6a117abc34ab929662e1f55394720f7995955807f36d27410f9a018ce0ae94b,3998210,0x001866ae5b3de6caa5a51543fd9fb64f524f5478,0x888c5186f8a3857373dcd1af99e0c002bf4f149f
25.495,1,0,20.887260762,0,0,0,0x0c1e697f9b420beca9e088d8d171df7b780e51db1cdf78cd1d725be599cab580,3998209,0x001866ae5b3de6caa5a51543fd9fb64f524f5478,0xb5c44092a7be3517f7d6c852c4e408f55c31de05
4.17423,1,0,20.887260762,0,0,0,0xce9d630c2a5d0fe1cb730748494201dae0788b32c6cd47243876556898dc9cb5,3998207,0x001866ae5b3de6caa5a51543fd9fb64f524f5478,0x5653bf2f40328337c3306d91071fe3e6d8b71ee0
0.984,1,0,20.887260762,0,0,0,0xa5d6028adb6ec39c20e62c2a57297fef950696aec08508831cb4bfb8cacb301a,3998204,0x001866ae5b3de6caa5a51543fd9fb64f524f5478,0x4d903b685c95f40e875a2fc25500283e8e04e31a
0.0912,1,0,20.887260762,0,0,0,0xcaf71332f1165b2244f2bc97561623afb799bf55d32981dfafa349174eda51c8,3998203,0x001866ae5b3de6caa5a51543fd9fb64f524f5478,0x3fb73a01b7d76e7e7ce427186bb9df63384aad33
2.675,0,1,20.887260762,0,1,0,0x5bf79de31634e2197fb57b1da69895eea7d667d996caefa2e6eec372cf3f1347,3998201,0x001866ae5b3de6caa5a51543fd9fb64f524f5478,0x5e8b70b5215c6842a9d4f38fdc4e0dfcec8f2249
0.291,1,0,20.887260762,0,0,0,0x57907f033de93f233b497f13a44ec51939f6184f41f6bfa164dbd499cb10891e,3998201,0x001866ae5b3de6caa5a51543fd9fb64f524f5478,0x9e30cc66444e231d6da858e7dba9c0bacaf8a71c
0.11278164,1,0,20.887260762,0,0,0,0x5eff94f900538557927e0c5b5f040da2bab8c8dff322d327c64a9ebba489ff20,3998200,0x001866ae5b3de6caa5a51543fd9fb64f524f5478,0x1b6f48215a7d0c11657779a612868beeb030b878
0.1213,1,0,20.887260762,0,0,0,0x016201ca7ae0d70af0b65a07340ee780c33f9c6c390f1b700658a7d29c061ba4,3998185,0x001866ae5b3de6caa5a51543fd9fb64f524f5478,0xfc4b38c2189ba0b3f79cd422451833ea79cdda5c
0.5398,1,0,20.887260762,0,0,0,0x35ad61dd381dfbac8cd9d4ac23d512a81c0c98b15cfeda3ced57a1c9c8a29b9e,3996902,0x001866ae5b3de6caa5a51543fd9fb64f524f5478,0x02949353e71c09e7efc75f723bd0ea2b40454d98
0.63724012,1,0,20.887260762,0,0,0,0xd36b66a67b33248c134ff05187fd1a4908f50cb342b34e5f92aa7924386ca8b8,3996816,0x001866ae5b3de6caa5a51543fd9fb64f524f5478,0x82dcff45019ac166191fb7818e2c25e94ad5f911
11.09908897,1,0,20.887260762,0,0,0,0x0dfd5f562c85f898f7cc123bdda5ae0b159f22853b36d79870b6028ddd9fefd0,3996813,0x001866ae5b3de6caa5a51543fd9fb64f524f5478,0x03cb0f29680e6882336899c253578c14cf356857
1.82898889,0,1,20.887260762,0,1,0,0x1f1f35914c51ed70479275f11bb911cee4710f35aa898559e2769d254874238b,3996810,0x001866ae5b3de6caa5a51543fd9fb64f524f5478,0xe8e936421dbad29ee15702fb2ddf70d364c1dfa7
0.4,1,0,20.887260762,0,0,0,0x282087427d62a27c0233d58c5d0405780662528e4b05b8c00914d72554a53276,3996805,0x001866ae5b3de6caa5a51543fd9fb64f524f5478,0xce20efe5a27eafdb93b560efe9971f7a96b67ede
0.1313,1,0,41.0,0,0,0,0x8c9e8c7ee9c2862fbff7f3729836b92d1fa713f282898041ecbd835c65f7eeac,3996198,0x001866ae5b3de6caa5a51543fd9fb64f524f5478,0xfb9b642984f216d52dc6fbff0b30f19ecb83e361
0.195,1,0,41.0,0,0,0,0x5bc5fdf96caaaf9b7f207ee5bd1ecf9de0242b0ec5b0fad8762221298521ce8d,3996198,0x001866ae5b3de6caa5a51543fd9fb64f524f5478,0xa1f381d09a61d13cf0c2741f24aef1084d08f98a
0.921667,1,0,50.0,0,0,0,0xec36761e1d773121b20e6c51500aa2a29148c939f973f9e0a2f43172acd5b36b,3995930,0x001866ae5b3de6caa5a51543fd9fb64f524f5478,0x0f85aded25b1b628563a1b177b8ee19a57b9c8a0
0.0013,1,0,50.0,0,0,0,0x9d2684a6113f17a0b24c28c5651a63c1634ced97ebe4f836fcf8e0cbb4f95988,3995923,0x001866ae5b3de6caa5a51543fd9fb64f524f5478,0x9ff05dda805041a906c31471e07ec627ec8de2ad
0.12130017,1,0,50.0,0,0,0,0xcd52d12f3e78265625c2671bcaaf85010af1c056f32f4b28522f57037282f572,3995922,0x001866ae5b3de6caa5a51543fd9fb64f524f5478,0x5aaf83f5f94a11698ceada816163f247562f0dc0
0.54796741,1,0,50.0,0,0,0,0x7511e2b8df450997c912ed64535720d879bec8a9028c2a20d94d17d353a1ea36,3995922,0x001866ae5b3de6caa5a51543fd9fb64f524f5478,0x8bd02fd4e807e7832fa4bd6a406283714105387f
0.12204091,0,1,50.0,0,1,0,0x7da9b8d3f5dc9e33be206dc75bcdb1c682030fd1a651dcc3c1683809046bf0e4,3995902,0x001866ae5b3de6caa5a51543fd9fb64f524f5478,0x5aaf83f5f94a11698ceada816163f247562f0dc0
0.59433473,1,0,50.0,0,0,0,0xd58baad8b1ff6c7c03fd447a1a387c7d32514f14217e473b796cb65d6176f5e8,3995901,0x001866ae5b3de6caa5a51543fd9fb64f524f5478,0xa7fb71ed6acafb50c90530bbba247fd090d3019f
0.117,1,0,50.0,0,0,0,0x99e86f0fdfd83a035814b4cf04a0c109d3ef8bc0f8bdc32a26b25836398644d5,3995900,0x001866ae5b3de6caa5a51543fd9fb64f524f5478,0x42df5e1b4c2be059d89b999d992804a816655531
0.117,0,1,50.0,0,1,0,0xa179134e0825825d21d6b2765e1aed3e619fc7365a025ea571045f03671268e7,3995899,0x001866ae5b3de6caa5a51543fd9fb64f524f5478,0x42df5e1b4c2be059d89b999d992804a816655531
4.98351852,1,0,50.0,0,0,0,0x3573e172b5ac3b5785a46d467a49ab16b7d39b030961030bd38153fa35c34dea,3995890,0x001866ae5b3de6caa5a51543fd9fb64f524f5478,0x6c82f3646dc128fa3e45fcbbae2e8aa214f412be
42.70394618,1,0,50.0,0,0,0,0xcd41d3d1e587bfba255573ae5a68b7a1d1215a3ebbbb899b3f92f51e751e7844,3995886,0x001866ae5b3de6caa5a51543fd9fb64f524f5478,0x4fb34e3bdf2728dd4834c28c2a3f233b43809c90
0.114712,1,0,41.0,0,0,0,0x4c2e185e373199b32f87cb40ef5221347b2883f2c105c7408302d87a8f7a5bae,3995882,0x001866ae5b3de6caa5a51543fd9fb64f524f5478,0x0458cae4bb571536c780bc5cb68006f0ad9c91c5
0.335,1,0,47.15,0,0,0,0xb7e7ed4ebaec40f9fe637841ba900685eef162020f7fde5f3d1bb0ac9190f9f3,3995877,0x001866ae5b3de6caa5a51543fd9fb64f524f5478,0x5b72c2adce76aac0c43fceeddf937185234d727c
1.291,1,0,21.0,0,0,0,0x14c4a049a5fac1d183042a91af13e0667b3b29eb3f247e3ae17ecdcaffbf5531,3995871,0x001866ae5b3de6caa5a51543fd9fb64f524f5478,0x3b05ebeb450981bec494cdb87d88270441878dc8
0.99,1,0,21.486870188,0,0,0,0xa4bb21576ce690af058c2b0d927130c1a8aef6e1ba3b73fa351ac56c54ab4484,3992584,0x001866ae5b3de6caa5a51543fd9fb64f524f5478,0x8b084724e06a22db77dad521a81c7223e065af8a
0.0608,0,1,21.486870188,0,1,0,0x66452cfc154b13c9e6b7c368be1cdba3f0fe499cad374eee99314a57854895b8,3992388,0x001866ae5b3de6caa5a51543fd9fb64f524f5478,0xcdfe4862aa065a23411f02d1bb725740bf24480a
0.0001926,1,0,21.486870188,0,0,0,0x8512c43c149b0dde0d93108dae67229e708b108c8d4dd28773e9eb80490acc1f,3992386,0x001866ae5b3de6caa5a51543fd9fb64f524f5478,0xffed97052d3f64d847f435cc62e830ce8eb30c15
0.5313,1,0,21.486870188,0,0,0,0x2ecc95cd9da6b5812e8800ea33832a25fd926c083da0b179e91e905b3bc700b5,3991883,0x001866ae5b3de6caa5a51543fd9fb64f524f5478,0x61d8483f6b5f433c111c7b48a533fd4cd890509f
121.12503219,1,0,22.0,0,0,0,0x75395ea7f009b6035562389925de94b73ea8b0765456f68675b63f855c6a0441,3991415,0x001866ae5b3de6caa5a51543fd9fb64f524f5478,0x3878be507b7c672b9833aaaabea23b83039239bf
2.08,0,1,22.0,0,1,0,0x21ea162283f868e126647b921ab0c88d34b85eac9deac936dc394cd3f8a36847,3991407,0x001866ae5b3de6caa5a51543fd9fb64f524f5478,0x3b05ebeb450981bec494cdb87d88270441878dc8
0.302408,1,0,22.0,0,0,0,0x3ee6e109153c672fcc45e09dc7873832a0729c1415d41d1100036106c4791639,3991403,0x001866ae5b3de6caa5a51543fd9fb64f524f5478,0x3a78d79510c2aee963aa756c98d7d19ece1e10d3
0.24874108,1,0,22.0,0,0,0,0x95cf7bbe3151c026a03f15e495c82569602b5f6abd54802d0f85c5a7ab3d9eb4,3991401,0x001866ae5b3de6caa5a51543fd9fb64f524f5478,0x00881f5f6ab534c7cd9f2ee965fb311142cd1040
1.5767799,0,1,22.0,0,1,0,0xc4485e4ff8e1bb2bc8ef4d333385fb6a7e75e2864be16fcafad1d93f27a16279,3991401,0x001866ae5b3de6caa5a51543fd9fb64f524f5478,0x00881f5f6ab534c7cd9f2ee965fb311142cd1040
0.2505559,0,2,22.0,0,1,0,0x914fb156906d1001e3ab3958026e3e5da954fbf7197e68da9e58c150b3f925d0,3991401,0x001866ae5b3de6caa5a51543fd9fb64f524f5478,0x00881f5f6ab534c7cd9f2ee965fb311142cd1040
0.1690749,1,0,22.0,0,0,0,0x564d512fb3617342f2d34666a7ad0702fc8530b973e65d9ec8b5dfe6449a9582,3991401,0x001866ae5b3de6caa5a51543fd9fb64f524f5478,0xebafd6a85c7932c55c5ea2e7b31356a91620b0ce
2.185,1,0,22.0,0,0,0,0xc4ac05d72c08f5c91e23e41742621e5d7a295d3341f72fe39c6b232a7e06f726,3991394,0x001866ae5b3de6caa5a51543fd9fb64f524f5478,0x8b8c5e155ade381624eeb7f9054fa8d0821ae14a
0.1690749,1,0,22.0,0,0,0,0xc212b5ff5a876d97be8156c2d95040cf1235b75cfef11a884da20feeef18c16b,3991392,0x001866ae5b3de6caa5a51543fd9fb64f524f5478,0x9ee88e6b3dd365735eb83685aee075a9035dbef8
1.31870607,0,1,22.0,0,1,0,0x0ff378ab1464308a1176519b86b3833e56dd5b6ea4f698b4e54a1b949112ca71,3991392,0x001866ae5b3de6caa5a51543fd9fb64f524f5478,0xb2dc06f2ed084c4fa05f2367551e508d77d2b7ab
3.04585186,1,0,22.0,0,0,0,0x13d0d9fee02feeff5d3a5da2e6a477b1e20ef821535aaaf1ead3bf41fe3ae122,3991373,0x001866ae5b3de6caa5a51543fd9fb64f524f5478,0x6cb59be6ef4b0a277827725083e1c300f6139162
0.1774,1,0,21.0,0,0,0,0x2c067d0780bef407d0f3a41239a77e7355454c0c0795fa00cd4c824837af7484,3988036,0x001866ae5b3de6caa5a51543fd9fb64f524f5478,0xb325198a6c2275c9de7f57accecc983eba137ec1
0.2913,1,0,21.0,0,0,0,0x96c1cca1eefefe190dc40e514446d177d4d4022d2ace2238046995ddff709f1c,3987913,0x001866ae5b3de6caa5a51543fd9fb64f524f5478,0x8b35acda84ff338233b66997f059164447e71aa4
0.0913,1,0,21.0,0,0,0,0xd53b9900800f8dc5b3bc6b3056e22463685861b4eb791cda6c2686eeac6b40d3,3987911,0x001866ae5b3de6caa5a51543fd9fb64f524f5478,0x228784dc733b3e2b48180575e8674876c0b7abd7
0.6459,1,0,21.0,0,0,0,0x12e634a67c580fc87f02adb3b3c2d2fb519acfc3b10be4c6fe03a52742a12282,3986956,0x001866ae5b3de6caa5a51543fd9fb64f524f5478,0xddcb0e871c880dd40d925677a70b6866688eb86e
0.095,1,0,21.0,0,0,0,0xe2d8abf383469bc5d5ad3da2ec52a17270e8485d7081b03fbd57a918584b9526,3986248,0x001866ae5b3de6caa5a51543fd9fb64f524f5478,0xf785621f8ebf63207559ed2df3a087ef44d9b2c4
6.42730876,0,1,21.0,0,1,0,0xe24da46b2ad47f91d7327eeaf14912c90b0a07bc7480160a00d25486bf95a71e,3986248,0x001866ae5b3de6caa5a51543fd9fb64f524f5478,0xf785621f8ebf63207559ed2df3a087ef44d9b2c4
0.612,1,0,21.0,0,0,0,0x6213febb952931f3dabdae84dacb2709cce27c98c3533be0d096208a531946d8,3986244,0x001866ae5b3de6caa5a51543fd9fb64f524f5478,0x5486816ffac1bbbc14b54f61aaf6e8f446359d6a
0.095,1,0,21.0,0,0,0,0x775c00df0adfaec98e96eae95f42d4bd5effa68c7b6c056b4af156be75b94565,3986243,0x001866ae5b3de6caa5a51543fd9fb64f524f5478,0x0bb28028c4f9b560053e9bf10429f5866d71502d
0.22667068,1,0,21.0,0,0,0,0xfd491597235dc65317b471f4e17591b7d9fb723fd6754d9dce957caa80d40055,3986241,0x001866ae5b3de6caa5a51543fd9fb64f524f5478,0x0143cb8805cb5226211a52c097ac7b22639615f1
0.20685584,0,1,21.0,0,1,0,0x1686b05289ddf5fe335172ae4afc9ed12d00f3b4719c0c7c3783f42d178e1317,3986239,0x001866ae5b3de6caa5a51543fd9fb64f524f5478,0x0143cb8805cb5226211a52c097ac7b22639615f1
4.26130202,1,0,21.0,0,0,0,0x4b1fa4852faa3aa26b5ce0802ac250dc8e6ddf96ce5b156a50b8f448838f23f1,3986238,0x001866ae5b3de6caa5a51543fd9fb64f524f5478,0x70f91cf2fed83065a26f0be1e7930aa7f08fb663
8.28315986,1,0,21.0,0,0,0,0x3be722aa60b8d5acf6a40dbc13496711d4015565823d65bdbb24d4d77bd3ff16,3986236,0x001866ae5b3de6caa5a51543fd9fb64f524f5478,0x0fc433d49d32dce513c4c806aed34972e029cc84
0.14462983,1,0,21.0,0,0,0,0x1c1e9c9d4ddcbc7bd79bb8532a1ad1f6a4405b7acc18c2540b93a4c191385268,3985739,0x001866ae5b3de6caa5a51543fd9fb64f524f5478,0x9a83d5597e1578a21f5ac46e67fd1183d68ca3cc
6.40167526,1,0,21.0,0,0,0,0x061542b449f5771745b0e7fd36c1257c1d9d57930f3d395f55ae8e16aea13a19,3985739,0x001866ae5b3de6caa5a51543fd9fb64f524f5478,0x8e970bed989cc71c0264bd4ffe218e3ebd4ccdb5
8.53612257,1,0,21.0,0,0,0,0xd945a7e161ef1e4bccb87cba1cb4569db2810e93dc710669acf29ec521fcb6b6,3985739,0x001866ae5b3de6caa5a51543fd9fb64f524f5478,0xa44d15b292da56c5f6b3c7e65cc1c0e00f3dce58
0.84944559,1,0,21.0,0,0,0,0xa4942e3a628e2dcff04b3d5f69d33e99803d69e5e146d4953001f3efd68e066d,3985739,0x001866ae5b3de6caa5a51543fd9fb64f524f5478,0x1b10f7b488e7f45f9bbfc6414a295d538206e70d
0.01463336,0,1,21.0,0,1,0,0xa87b353d2764c4564728c5bda768cc7dd024aa71a1cfa3202b07724e6f2ac269,3985722,0x001866ae5b3de6caa5a51543fd9fb64f524f5478,0x1b10f7b488e7f45f9bbfc6414a295d538206e70d
0.84944559,1,0,21.0,0,0,0,0xd42467683d355fb1067817c1ab1a37d38b6fe5192bcbf2a45acd51b48b269605,3983581,0x001866ae5b3de6caa5a51543fd9fb64f524f5478,0x81239a34674b9f29c058983913895b57600fe522
0.4737,1,0,21.0,0,0,0,0x46929cae0cd7b539015ed6900d2a85f97bf95b81ec739685e4e5f3bf0ac1dfb1,3983576,0x001866ae5b3de6caa5a51543fd9fb64f524f5478,0xa2330287a902396d892c5895b7f8a8a4c0b94307
0.01092591,1,0,21.0,0,0,0,0x1f576cef51dcdbb5142fb095b24e7a9ddbb2cc56b9ebfd38a7214ed49f07f035,3983565,0x001866ae5b3de6caa5a51543fd9fb64f524f5478,0xe25a68d14008a7b2ef65d9ce8f790b4ee62e38db
2.01759901,1,0,21.0,0,0,0,0x0a66453b6c0e9159b6a2fc488a6c6189eec96fbf1a73fb86f382a5fc6ee0038f,3983553,0x001866ae5b3de6caa5a51543fd9fb64f524f5478,0xb4fb5b60b46dfcd9a2cddced0017502691e6330e
4.660847,1,0,21.0,0,0,0,0xeeaee22c56b0e0bd2af11ede1c1fce8cb1feeb4e0f143c9a69b19d7728afda65,3983543,0x001866ae5b3de6caa5a51543fd9fb64f524f5478,0x473a06f950a7bab1b40410e8b732da9b0b04c77f
500.0,0,2,21.0,0,1,0,0x1643ff4ace8d69bc674d7d0bcda16664a46c05f83c4dc01f1ae16f2b1734591b,3982177,0x00d3be4ac3563b8e8b8704cf11e074f9959d749f,0x001866ae5b3de6caa5a51543fd9fb64f524f5478
39.385,1,0,20.0,0,0,0,0x15014e7c1d6e4b3be6431957f1f336a7728a940b2592dd2d74f7a93e78ceaf1e,3982129,0x001866ae5b3de6caa5a51543fd9fb64f524f5478,0xb9b5cb9914716dba3724c83c4d8b73ffe3f9500d
1.28389121,1,0,20.340146304,0,0,0,0x5da7c3e5d5d0b91e72d850aeea58c9a36a2e8885021bf307c4dbeb2218b87c6b,3982119,0x001866ae5b3de6caa5a51543fd9fb64f524f5478,0xd84eae24d04d5bd2e19d892db2b097adc056e35a
2.43532979,1,0,20.340146304,0,0,0,0x8592de54d295d0b6fe275ba1f418fd9e2f09620647ec658f7f7899ea05b2744b,3982119,0x001866ae5b3de6caa5a51543fd9fb64f524f5478,0x50eebdd5ca219560b53aca3b0c3a6abb9bc8c576
0.25129664,1,0,20.340146304,0,0,0,0x449dffde9c5c8a8369fd90ef930b870ed7bf8bab0b29003a45e4c825c57b12af,3982117,0x001866ae5b3de6caa5a51543fd9fb64f524f5478,0x339c4fe50896c803c32e0ba67831c1d5623b4df9
0.24937071,0,1,21.0,0,1,0,0x8c98d35e080215173c7c9be51843449151a285bf2d2e5339c4835e30b61257e5,3982114,0x001866ae5b3de6caa5a51543fd9fb64f524f5478,0x339c4fe50896c803c32e0ba67831c1d5623b4df9
2.75504444,1,0,21.0,0,0,0,0x70bc4b5f19a751fe35015b30dcfad7d7c662e4f570e16cb1fe3e737b12d949c5,3982114,0x001866ae5b3de6caa5a51543fd9fb64f524f5478,0x4e16e90cf2de619fd73c65e0848600ccd913fa8b
2.03462866,1,0,21.0,0,0,0,0x7d71e5d51eda4fe56257ce98f9a64bb632ae120dfdee6427c6c2e62041fd155c,3982113,0x001866ae5b3de6caa5a51543fd9fb64f524f5478,0x07c1e863fd8c110808b4c376f6eee9baace6bd1b
0.42166724,1,0,21.0,0,0,0,0x160506128065281cee201f33aef1d20da42d60d7d8b843387d1756e0243f978f,3982113,0x001866ae5b3de6caa5a51543fd9fb64f524f5478,0x75e719ad220ca9c0095782dbf30d89ab9b481178
5.9931,1,0,21.0,0,0,0,0x8f49867e52aae769126c23eda05c52029ad72b03f44b1a0b2e4680c0c60a4067,3980768,0x001866ae5b3de6caa5a51543fd9fb64f524f5478,0x0a5fac1d911d3c57c7550952663254d8e2467c48
236.00129917,1,0,21.0,0,0,0,0x115d6c3af3bd67ac0d7521cc7110f59ec59fab07c157396780500845d47392a2,3980749,0x001866ae5b3de6caa5a51543fd9fb64f524f5478,0xb8cc1d0ae92203476d7d55a8d6bdf0af987ccfeb
1.82216866,1,0,21.0,0,0,0,0x011f7112ac8a7b4d7fd882b0206074002fd55a4aee95bb09c1dbd65b90eb12e2,3980705,0x001866ae5b3de6caa5a51543fd9fb64f524f5478,0xf517f283755ded49ebef66b871fe647d65a9cacb
0.12167054,1,0,21.0,0,0,0,0xaaabd71f1c993946f9de4a9314ec985ec22c0d2ec755fcc62d3759e6f2c60f58,3980705,0x001866ae5b3de6caa5a51543fd9fb64f524f5478,0xfb37d1c7521a8dff21211f87064011b2ca137e10
10.665,1,0,21.0,0,0,0,0x2fc734d61c21dab2d0fe6c86f45d9fe234941c2c34ceff3360bd29652c94bec1,3980696,0x001866ae5b3de6caa5a51543fd9fb64f524f5478,0xb8de3abde4831bc7a1a5ec91ed90304932b5ca80
55.058,1,0,21.0,0,0,0,0xfc4d00098bc0fe5c6e8953631184122d92a8cd48cb41a9cfb6887ff49999e713,3980696,0x001866ae5b3de6caa5a51543fd9fb64f524f5478,0xca19cca07dc7a1aa1e5550cb5c8f829fb68e1b80
2.31651129,1,0,21.0,0,0,0,0x38df5ba3a09eeb1a707a0592e2208f30ea54962aab45c492bd79a60f5d725a38,3980685,0x001866ae5b3de6caa5a51543fd9fb64f524f5478,0x11fbbc9e6145a47f687ed78a4cbc7d16a6b0c652
11.09945934,1,0,21.0,0,0,0,0xa58ca18e259390898960ac4e9dee2113386600a2825d8106899c04528881738c,3980682,0x001866ae5b3de6caa5a51543fd9fb64f524f5478,0x0e50b6198638969f037f3c06c05ea9dcf692cc1d
9.99277778,1,0,20.0,0,0,0,0x8a0166c438ab2d4658288c100da4e0799b44cfbde5f2ce2006798ed0107f8771,3978615,0x001866ae5b3de6caa5a51543fd9fb64f524f5478,0x5d88d8a8ee837b5bdd613ecee8417395405c8f7f
0.2832,1,0,20.0,0,0,0,0x3af0c295f4590b3abaf6f3f489657d420fe96a6213bf6215731c16af9aebf0eb,3978600,0x001866ae5b3de6caa5a51543fd9fb64f524f5478,0xf656fddb695ed340be9c440f7f0dd35d20030204
1.2799,0,1,20.0,0,1,0,0x29c1f00561eb6b846fa69d46729d5da26a3b0218e28e2ac2c42a80dea7c5beda,3978594,0x001866ae5b3de6caa5a51543fd9fb64f524f5478,0xf656fddb695ed340be9c440f7f0dd35d20030204
1.095,1,0,20.0,0,0,0,0xb23bc4ccc961469c820e15d2367dbae28d386ae7408937cf590b2860fd4ffd19,3978593,0x001866ae5b3de6caa5a51543fd9fb64f524f5478,0x6a079277d48ca50a7804526fa10c1e15fc916550
0.4024,1,0,20.0,0,0,0,0x8cf1550528819dd25916126200039c63046d181b9d7388aad4c6e279aecc0713,3977877,0x001866ae5b3de6caa5a51543fd9fb64f524f5478,0x7c4182acced8e449c15c07e9e1613e38bc4d4f8c
1.41244774,1,0,20.0,0,0,0,0xcb03bfaa7cc75ee61218023145ebb202b2d7f8b710d203a9318c5911a4910f89,3977870,0x001866ae5b3de6caa5a51543fd9fb64f524f5478,0x54bbf603af39b028da873caa1218a220e07d65e6
392.3872930437226,0,0,20.0,0,0,0,0x56c339a60907073e0f3be8b27d41c79b256e859fb8a268076e5e039fc0398110,3977711,0x0047dee0cea3158cf3a2e6be97395bd08ecefd42,0x001866ae5b3de6caa5a51543fd9fb64f524f5478
0.28014853,1,0,20.0,0,0,0,0x97994893d4f76b660ef5f00af041045f9bcb94593848e2a1e0714850b5aaa54a,3977445,0x001866ae5b3de6caa5a51543fd9fb64f524f5478,0x2d519cbef985c10cd167dbd1963859a659eb9bba
0.12,1,0,20.0,0,0,0,0x591dfcdeb5975d14d6df57dc7a91c04266aa601b2b6118493fac3298b63b43e0,3977440,0x001866ae5b3de6caa5a51543fd9fb64f524f5478,0x1a18a7106e8ba185e4e85cb4ae47cdfc9ff67e0a
0.8663,1,0,20.0,0,0,0,0xcc56daeee917687b9f66a797f27366c0bb93b588fbc64104bd06e7dc624c35fd,3977275,0x001866ae5b3de6caa5a51543fd9fb64f524f5478,0xeadbffdb0e007314cb7403627445d434b8e7ba04
0.42277835,1,0,20.0,0,0,0,0xf55f36e61ef8059219d9bc773478bd6e398bece1af0508af79bcc85102ad2fde,3977275,0x001866ae5b3de6caa5a51543fd9fb64f524f5478,0x8cab39adfd09bc077144762e59ec8ce3c78587e5
6.395,1,0,20.0,0,0,0,0xc47facc11b15e208c8e5f788d29f1fa68208df12747af47e9afe0662cf75a3a2,3976860,0x001866ae5b3de6caa5a51543fd9fb64f524f5478,0xb27df9d435f74cba7df190026ce6ed59e8871127
0.2863,1,0,20.0,0,0,0,0x3b5fea2ab23e603aa635cacb4591f1fe173b891c940d0f515a98125a0df64089,3976673,0x001866ae5b3de6caa5a51543fd9fb64f524f5478,0xdea28c85cbcad6f9ca08df3b8a349f67b2668539
4.27201852,1,0,20.0,0,0,0,0xd3cc08f4034f3173ec825f1a129ffa60f9471a6a0c37b1205e071b3d90f33a70,3976673,0x001866ae5b3de6caa5a51543fd9fb64f524f5478,0x95214f026c6eb80db3d9ebb568157c9bf2dcafcd
0.14305205,1,0,20.0,0,0,0,0xbb5599d6c15fd503b372ca1957c1e5857c0ed128a3be79caeccc2d0af1287f53,3976664,0x001866ae5b3de6caa5a51543fd9fb64f524f5478,0x9fb591fbb2a38eb1b01748d409cd5c49863aa409
0.99462963,1,0,21.0,0,0,0,0xa80334d5aa3dc9b94751dad50096596843c8f9952176ead0a611c01ad3f27249,3976663,0x001866ae5b3de6caa5a51543fd9fb64f524f5478,0xe7faf01fbfe41555327c528c21b2b36e1592fcbe
0.3268,1,0,21.0,0,0,0,0xb5c66a341cd5059e7d4bbfa32e1e1e41b15139ebc85c753678425fca35ffa1ae,3976302,0x001866ae5b3de6caa5a51543fd9fb64f524f5478,0xf2fc6cece677ef66ab8958c1f3c9e19bf8862833
0.2913,1,0,21.0,0,0,0,0x05c9a9ced8782b1bfc8d1e98ce7c37925499b46c17e1941679b20165ee384130,3976212,0x001866ae5b3de6caa5a51543fd9fb64f524f5478,0x605ecaf4c40090c056b1bf5734cae3850b06105e
0.42296354,0,1,21.0,0,1,0,0xa7d744e7b1904fe3bcbafa9b329463367e39ba66b36e6afdec7e492986aefd44,3976151,0x001866ae5b3de6caa5a51543fd9fb64f524f5478,0x1b9569d532679427f08980ef087c24aa97c9058b
1.01440507,1,0,21.0,0,0,0,0xe2ebc1545be5c5849ed595742a38d9a1dcf8e03c9a01e0d0506c138405ef24a8,3976151,0x001866ae5b3de6caa5a51543fd9fb64f524f5478,0x915ec418045b0a438de8a9dbdada2b2a3198c3b3
17.07761551,1,0,21.0,0,0,0,0x67db043281a59f637936f50605d5fb96e218f07f2a3a37fd91548c8fb02d2ec8,3976142,0x001866ae5b3de6caa5a51543fd9fb64f524f5478,0x0057a465dfa4d8e0261e47b31a7e1d68a4ee1300
0.528,1,0,21.0,0,0,0,0xe1a25e985091866648bc5e92920ce37c840bf7ebd1e013ada97c46eff9720024,3976142,0x001866ae5b3de6caa5a51543fd9fb64f524f5478,0xc9b5bf29e1ddb10d95d23c90bdde70544047b443
0.402408,0,1,21.0,0,1,0,0x664c405196ade3a9ae15698f47495846c74902d444376142a8d1ad8912011398,3976142,0x001866ae5b3de6caa5a51543fd9fb64f524f5478,0xe62cc3270268d7752958f7c39457cd4175d041df
0.332,1,0,21.0,0,0,0,0x56eafa609731738cf9852763ffa157fb9b7e98057451b0b246271ac5a9909b33,3976141,0x001866ae5b3de6caa5a51543fd9fb64f524f5478,0xc7f440d4c45c1ce7a295c788d9cbea9ff627cf8a
14.79239156,1,0,21.0,0,0,0,0x3d67f3d56d1b2b9e1960680f1b5ffa5ed3feb1ffdd3d63d935ffa779359fdf03,3976140,0x001866ae5b3de6caa5a51543fd9fb64f524f5478,0x8e885f1b2b30019f9859828b164fa589c0d03f39
0.105352,1,0,21.0,0,0,0,0x0231050821483d7d9445f1fc100f20a61c70d449bf244da2b00fd8db63c021e1,3976139,0x001866ae5b3de6caa5a51543fd9fb64f524f5478,0x50c1332a8181a4f1e1ed4a2dcbf57ae7ca74eebd
2.994,1,0,21.0,0,0,0,0x4efc548d94672d2a32ac5db4a014b745defbfd3c6e18fe27236b0a3c5d4d3c92,3976138,0x001866ae5b3de6caa5a51543fd9fb64f524f5478,0x0f9a03402f980eab63c2936854831f05fe7df5ed
2.12981768,1,0,21.0,0,0,0,0xb5093a3947e9f03adcc0e394bb7f247591abc9a97a9435f2e69bed7cd16e7b1d,3976136,0x001866ae5b3de6caa5a51543fd9fb64f524f5478,0x08eb4a349de7ddbdad39057aecc997f556b2a4c8
4.075,1,0,21.0,0,0,0,0x1180f2870068db4576282e10c81616e74d7a127be366a77b136496004e9bcc01,3976136,0x001866ae5b3de6caa5a51543fd9fb64f524f5478,0x721adc49c41ea0ec33baaf140619b1cfb0d074c0
4.14235014,1,0,21.0,0,0,0,0x86adaf0047df0392c78aa9a4c581cf5a2bdbcd084033f3788f51472898c51fa6,3976136,0x001866ae5b3de6caa5a51543fd9fb64f524f5478,0xd54c94b83c75a71dd7d477c5d4af321fbfd1c3f4
0.9,1,0,21.0,0,0,0,0xa307abf9d251dcf2432e3d336e789d3ab6a61580c51a5743f400262b3db42706,3976119,0x001866ae5b3de6caa5a51543fd9fb64f524f5478,0xe4bc4d2155c5030c7aadf9dcee236b7184e0c7df
74.71199799785103,0,3,21.0,0,1,0,0x1c1acf433fb9769d4cb380f51bee10e6936df5807589ef575d13bcd8f426e59c,3975907,0x00d3be4ac3563b8e8b8704cf11e074f9959d749f,0x001866ae5b3de6caa5a51543fd9fb64f524f5478
9.99885,1,0,1.27192864,0,0,0,0xba8c16e6ddaeae034d6f3eb24f13dd9e5cc4e4e00d13922a6d8fc95be0c64ebb,24549806,0x28c6c06298d514db089934071355e5743bf21d60,0x1778767436111ec0adb10f9ba4f51a329d0e7770
1.0436052,1,0,1.251860799,0,0,0,0x39775b4f24e5cf012d29874473f2a6f32ad38ca74ad4de061b5e20f048e9f122,24549803,0x28c6c06298d514db089934071355e5743bf21d60,0xeaeb42f6eb3c4f34d1572f83de043f7105455b77
0.00485,1,0,1.251860799,0,0,0,0xca98002484d55a8a10b205918120d64dcf6fff81426f7eb593adc52cf56e4462,24549803,0x28c6c06298d514db089934071355e5743bf21d60,0xbc8cb58a2a2905af4930e0997d356ce0613b3650
619.999510811706,0,0,0.47542702,0,0,0,0xe8f7f3b27a47133c05f258aa3a7e4af0df691a90b973ea3b7838d71cef73b30a,24549798,0x88bbcaeeaf0dca4ad50e8aab9387cd78c60be758,0x28c6c06298d514db089934071355e5743bf21d60
0.11044379,1,0,1.2717804,0,0,0,0xbf4c0fb42efd6dc3d67a77fd030330347cacffe25fa9a16fca6a762684a7a97e,24549793,0x28c6c06298d514db089934071355e5743bf21d60,0x32f9f822e77942d416e8a35a9a4780e609fc2846
137.6862229956772,0,0,0.424584311,0,0,0,0x171761ece76ac47f70eec59075793535d4edb452e8b83c1e4fd4b8819f62dff0,24549790,0x86a067030a9668c13ff2a8c4d5415afc776d4c63,0x28c6c06298d514db089934071355e5743bf21d60
0.00985,1,0,1.284341524,0,0,0,0xa36169bdcb2d1d34a8e937b43d949b7b48c862cbd8ca75450e2953583e0a6e69,24549786,0x28c6c06298d514db089934071355e5743bf21d60,0x117aa7fb6fe7632853951767a50dc446bc7f4467
0.49999381430972,0,0,0.492602688,0,0,0,0xcc2eed8ef846efd522ed8f8a452044a8e4c084ef73baac0d7f5130b7457cc7d7,24549784,0xaef212217093bdbcd87c9a0eba7b2736026cc853,0x28c6c06298d514db089934071355e5743bf21d60
0.29985,1,0,1.269141772,0,0,0,0x90b7e843fb5866ecc3a93a3fc090c3584e76150433e115a47c666cb263fbb00b,24549783,0x28c6c06298d514db089934071355e5743bf21d60,0x3e0954d9b32f823aff2f66173ffed5f453dedd93
0.00238829,1,0,1.242557817,0,0,0,0xb1ad995db5fca3d262267ea33b4f8ccc27e8ab8ec90f16df684c7f9ddfd95ea6,24549777,0x28c6c06298d514db089934071355e5743bf21d60,0x5ffc3d4204af9b1fc713fc356c79d93a3e1e4b7f
0.02454254,1,0,1.242557817,0,0,0,0xba8c65ee0d6f296f60de657f54c860a0732dd16d7bc6be795dba856b0159f89b,24549777,0x28c6c06298d514db089934071355e5743bf21d60,0x1d7c7afab9359750ef36d7ec27becaae2d1242dd
0.61985,1,0,1.242557817,0,0,0,0x2024c06747e6203d280cb99c79666a08936253a6ba07b422981a62af7b41d0f3,24549777,0x28c6c06298d514db089934071355e5743bf21d60,0xe43545b52d91061085b77d890e2f45dd881d8648
0.05201881,1,0,1.271686851,0,0,0,0x82256ce13c4d58085e665982972891a8e926b3a4c6785157e761e27761d9d304,24549772,0x28c6c06298d514db089934071355e5743bf21d60,0xb95112b1560dbb2d3b0d1a6aee1ee91312a3df29
0.9224162384142014,0,0,0.443922838,0,0,0,0x3261e43115fdd9d578bc01356c63571718d8766009bfd930ebb53d6a84bc139e,24549769,0x50e96ee664f3bed3e8e5512f9158d34e44b0c64e,0x28c6c06298d514db089934071355e5743bf21d60
0.5816474535074121,0,0,0.443922838,0,0,0,0x391b6869bcb940f790c64f9f9ae3d22fe227531fe7dcd666ac367990fa313c1f,24549769,0x66d79d603cec0059c88413ecacc889e4d9e37f2b,0x28c6c06298d514db089934071355e5743bf21d60
0.521082414964597,0,0,0.443922838,0,0,0,0x55b6eed70eb0a9c568b22a4900c7799f8a5dc010f97eba0da42a5118ebf841b7,24549769,0x6b58cdff658aa220b18291134be92921ac4e223c,0x28c6c06298d514db089934071355e5743bf21d60
0.709234250276864,0,0,0.443922838,0,0,0,0x5ab84ef8db88654f1442f6e7a73d1f47981fdcd62034184c639f81ccc833ecc2,24549769,0xa765317810c2ce4e9289a98cd8f2425a9b77e59a,0x28c6c06298d514db089934071355e5743bf21d60
1.229992990167429,0,0,0.443922838,0,0,0,0x5b512bda6b7a8d054922e7cee38893c14fb577615cb10f03821cd5b523a72fca,24549769,0x37c2eefff8ee10c14d9543948852179d5ff5ca1c,0x28c6c06298d514db089934071355e5743bf21d60
0.6349426325589403,0,0,0.443922838,0,0,0,0x89f1559ec64d3a99b9bf87534cbd8bf5fbc7b79f661f2f2fce7040e0b7dc7aba,24549769,0x84c2b944cc7b0b1b56abfa8349911cdf90035be1,0x28c6c06298d514db089934071355e5743bf21d60
0.560667380520613,0,0,0.443922838,0,0,0,0x909d60f198d66933f0ce56d132938376026036eb38ee5337751ba276c5078a22,24549769,0x6454dfe220d7984d09e153e0115f79215b8eb993,0x28c6c06298d514db089934071355e5743bf21d60
0.499992441003506,0,0,0.443922838,0,0,0,0xcb2dc5792b841d7b8055b8c13e9cae9499649f4a6d97a5a4bc8aecb98b1e20c2,24549769,0x2752edc3fa0304ceee1b5c22bc80aa183367b227,0x28c6c06298d514db089934071355e5743bf21d60
22.24747160161652,0,0,0.443922838,0,0,0,0xd297a7381044668b39702f1c8f730b391027e523ba4068b03e0e4553f20acfa0,24549769,0x483a910a7479af5bd1333014af97ee5c733a7052,0x28c6c06298d514db089934071355e5743bf21d60
1.006327348998487,0,0,0.443922838,0,0,0,0xd6ab8b14170150462e67b4029993190931d0770ce0460b0064b2125a3d2d9d87,24549769,0xa8218918eb9b441eecac47ff4e17a38ade7595d7,0x28c6c06298d514db089934071355e5743bf21d60
2.2350273442342203,0,0,0.443922838,0,0,0,0xea40b8212cdadfbf7fbab708a56b5e067e279b5a90a113b4dff420ab1715322b,24549769,0x23276642accc77cd38bfd5f4c9c387f95c5d6870,0x28c6c06298d514db089934071355e5743bf21d60
0.00185771,1,0,1.242001393,0,0,0,0x0fea613823c4dd0f4d9ddf750e6c1c5ac4652efbb10c30132a3ab91756d27a01,24549767,0x28c6c06298d514db089934071355e5743bf21d60,0xce761e5ac47d8e046e7028245e36a2e4ac88a589
0.00997864,1,0,1.199570673,0,0,0,0x96781563991bee65d8f47d1ef68eb61bec7c66e3f000facc44fa1a9481c4288c,24549762,0x28c6c06298d514db089934071355e5743bf21d60,0xf262a7d9b35ba4e5cb5133b37b36b064f8eb03ee
0.59997127,1,0,1.199570673,0,0,0,0x76074ad4c6fa7deebb1fb1d389c73733dca5b84a20a2b9e5ea59b32c44e3edd5,24549762,0x28c6c06298d514db089934071355e5743bf21d60,0x3a2e5460c988ec584b36ba3adbf7af497967210a
0.21192547,1,0,1.183192944,0,0,0,0x11e5daf391b8f80bfadacd8b81600e0cab4e17fc27bfaf5f5bc58f09d51e0c90,24549759,0x28c6c06298d514db089934071355e5743bf21d60,0xa4e5b0e04f4819c237903b6f39610648333b70b7
0.04185,1,0,1.183192944,0,0,0,0x41910010d45aca3730de15b27c9867d4fd150b17215b0dbeb8f44dd3ae3f8b17,24549759,0x28c6c06298d514db089934071355e5743bf21d60,0x273c3d6b491e192339e51f1986c0bd7e858a4115
1.8221259,1,0,1.199841177,0,0,0,0x22d6d1eb403279f59e0216a609919c3a40efab3752ded444141b0ed198e47d5c,24549751,0x28c6c06298d514db089934071355e5743bf21d60,0xbb17cff2d0ae54118acd39d68019c1a36f4825dd
0.0296409,1,0,1.200314535,0,0,0,0xfd06ff5ff2a15c81f2db42daba5d0ac731415ae70eba9cee68017f286117fa3b,24549750,0x28c6c06298d514db089934071355e5743bf21d60,0xc9fcf6c8baa1bcf16d93d7d4fcf9e09faefca98d
0.00278945,1,0,1.190184754,0,0,0,0x95da551276d90adba56ba3618228d1fcadef6e53d1125cbad77710653e223ff1,24549749,0x28c6c06298d514db089934071355e5743bf21d60,0x189e7b2c1468c6a7f41e4399cb43c00019d8e42b
0.00599456,1,0,1.200707392,0,0,0,0xfe0fba4df16a11f7a6f951e73a4642f62adbbe9d903273284d5f10a0868391ea,24549746,0x28c6c06298d514db089934071355e5743bf21d60,0xd10dd420bd6dab14b24b27fd13b13e435272a000
0.16396372,1,0,1.187339308,0,0,0,0x611a93c278b668da44ae432075ba53bc057d0a3b15b13e371ebc3fac0d76cebf,24549743,0x28c6c06298d514db089934071355e5743bf21d60,0x3acfb744c0d4edf041a5b3d77a98248498b31637
0.06922369,1,0,1.187339308,0,0,0,0xe6c23280c370e6e75196ae6ecccf125f48dd378a94a708b6ec98ab8ec149d5ce,24549743,0x28c6c06298d514db089934071355e5743bf21d60,0xc22af0dfe4f90c7af7c8c811c5ff3b004b729ffc
1451.9999922770037,0,0,0.411479756,0,0,0,0x5b88858b55eb24e4f8a27253b360fdf16540b954a5657cc315a00b13be64c430,24549740,0xeae7380dd4cef6fbd1144f49e4d1e6964258a4f4,0x28c6c06298d514db089934071355e5743bf21d60
0.01325576,1,0,1.229411796,0,0,0,0x592ba4c7208db0f74e300485091b27d6d315da7fcdc2b8b2d6b3f6e40defa5e1,24549736,0x28c6c06298d514db089934071355e5743bf21d60,0xb583a3bdbae06066460e886c6236ff8e3e1d1c98
0.11985,1,0,1.215772015,0,0,0,0x19eca639fd1f6747c04d7b3fe1bdee68b1e31ebc7ef8df9578aaf81cc001a3e0,24549735,0x28c6c06298d514db089934071355e5743bf21d60,0x07f4735d2cac30f6c482a5b7bd2c4d973d65894c
0.5207513599896137,0,0,0.4032001,0,0,0,0x0e66d5bf5f8997f1d8fd6b0bc55d12e7f4811787f9d3090e4d67a8bc5396f689,24549733,0x81c41ff5f8bd8ac1afb9dbb7cff52bdd87ef7c05,0x28c6c06298d514db089934071355e5743bf21d60
0.70358601,0,0,0.4032001,0,0,0,0x2665c389b9477d7f9aa09fc5ce9d5fdbf3afd4e50194855cc15d6e4f6b099a3a,24549733,0xeb5b6a64dc6d097cb672823ec14581ce7d1ab5fe,0x28c6c06298d514db089934071355e5743bf21d60
0.7025794806545569,0,0,0.4032001,0,0,0,0x27fecf725670604fa5435db8a0e09e0a373daaa96f3ce2206da2d90f577550f7,24549733,0x614036db3cba7dff6341288d7fc2a0aee51a6cfd,0x28c6c06298d514db089934071355e5743bf21d60
0.5000833027829227,0,0,0.4032001,0,0,0,0x2d8c1f9fc46a92509a98e89aaece59d674dd7fb911d4ce5c5ebca4c26322bb59,24549733,0x0c758adb596322548ad81ce753b8d407a94c1a0c,0x28c6c06298d514db089934071355e5743bf21d60
53.66766402007625,0,1,0.4032001,0,1,0,0x55ffe621395074d8e3146e2dcc9bf1e6a96669e1691c1bf2bf3bb7c9052165e3,24549733,0x86a067030a9668c13ff2a8c4d5415afc776d4c63,0x28c6c06298d514db089934071355e5743bf21d60
0.789779242993541,0,0,0.4032001,0,0,0,0x63c638f071e6e4d3cf6727fb7a6358859abed5ce2701d0123ef8526c12ef4e2d,24549733,0x916449ecf1dc84d9633f656fd4059ed3902078ed,0x28c6c06298d514db089934071355e5743bf21d60
110.22954532700346,0,0,0.4032001,0,0,0,0x7eb08944ddd2526a104ff8c328d5d939000057b7cb7e6dc77ead2d97f1560232,24549733,0x2d6ffec3acbdaff0f895e70fcc699246a2798102,0x28c6c06298d514db089934071355e5743bf21d60
0.7099888935289604,0,0,0.4032001,0,0,0,0x878d4253ecbf7a46fc4af4db5b044c79684935e080a4986afd058e9e5ba4a53a,24549733,0xcf3c908371b6f7d95c2813c3c75aef5edf36c72c,0x28c6c06298d514db089934071355e5743bf21d60
0.655253353232027,0,0,0.4032001,0,0,0,0x9f38c1848b4d8895d8f484e39a61fa9259ec6710fce4536f920af134bd8bc205,24549733,0x49db804b1f0a60abc79e51296151139122727e53,0x28c6c06298d514db089934071355e5743bf21d60
0.6970046988436576,0,0,0.4032001,0,0,0,0xa087757f810a712cde35c7fcd73b5b9457eb0cde2656d5c7896dac3dd159d113,24549733,0x4c8f70742db901396da08991ba19e92a841eb306,0x28c6c06298d514db089934071355e5743bf21d60
8.2495561201093,0,0,0.4032001,0,0,0,0xb9e4e6ebe2b254e3d31eedc0c7892bb363f0c092e8fbaa633f00374ccd141da2,24549733,0xebb992b9ed4fbae107a6e5a535df9aa0087535ee,0x28c6c06298d514db089934071355e5743bf21d60
0.70835823,1,0,1.2032001,0,0,0,0xab166d14772ca9f250f7510894763728368161e6d820385d8be96f84c2eb26bf,24549733,0x28c6c06298d514db089934071355e5743bf21d60,0x87ff9eebbe602edb4161aa40bc947a714b542f5d
0.09985,1,0,1.212721359,0,0,0,0x91e7c13e5d438b5a08f0f41d906ebf474e3d8b190c805ca8672a0896425de3be,24549728,0x28c6c06298d514db089934071355e5743bf21d60,0x93c85fe18568027e648199cdf542aad174a9eb52
0.02485,1,0,1.214328615,0,0,0,0x55eadade17679c98195b7da945b80057e8979e7f22503caa36940d6f7955045c,24549727,0x28c6c06298d514db089934071355e5743bf21d60,0x5afda850e62c11589426eb108ead1d0d80351045
0.05765932,1,0,1.206811414,0,0,0,0x2fac2c00edb1ceed262288bd95e61075dca785761d6e244182438b2610b208d5,24549724,0x28c6c06298d514db089934071355e5743bf21d60,0xca8981c2a4d68f889c4fc8af2d9e123ba5b4b17f
0.0024474,1,0,1.184147797,0,0,0,0xce1c9f80db05c3f568ed3a2ca7d8add584838a0c958401197a51460284f21d33,24549723,0x28c6c06298d514db089934071355e5743bf21d60,0x2ffdeefa0190953ab13b3d9f7b917bae1072a8f3
0.14833,1,0,1.184147797,0,0,0,0xcad88c0261d171c155cb3e2595331bc7ab881f5ba3cd3b0f3fb7e28b48b09d02,24549723,0x28c6c06298d514db089934071355e5743bf21d60,0xcf1a647ea9a04fde399c37ec956a523c5655b902
0.00994542,1,0,1.184147797,0,0,0,0xd3f386f2cf44b047f43dcf1fd5859e9a054fe465a59abb61827faaa5641bb019,24549723,0x28c6c06298d514db089934071355e5743bf21d60,0x7ca0ce020c7dfc3407ac390a3e8420053b4c24cf
2.61701113,1,0,1.198416998,0,0,0,0xb35a7bb53cf92fe8f452fe3c484237ec91be35e1f30300b05a9759f69d6dec76,24549721,0x28c6c06298d514db089934071355e5743bf21d60,0x769bd0593f3f616f2c3fcf8a4cff027619e891fb
0.04145596,1,0,1.195140332,0,0,0,0x098c8c047711d524a749e2a40f3cd3917febe473af4799edb7d772cfceff9626,24549714,0x28c6c06298d514db089934071355e5743bf21d60,0xaabfcb460f22c90dd2c821e74a996c6a42469bd0
0.61211743,1,0,1.178854798,0,0,0,0xfffda299f8ff526980bf7255efca6ea12143dd2861df7858ba44d67c230c4cd2,24549711,0x28c6c06298d514db089934071355e5743bf21d60,0x18a10fa1c038027ba20130223a10e31c936bf0c4
0.04212663,1,0,1.162440281,0,0,0,0xf2b730b6df6b6e418a061265cbb52683111f45b971cce110f1ad6c81439375a9,24549708,0x28c6c06298d514db089934071355e5743bf21d60,0xaacd71ab4c581bb4628da7351d44937058715645
1.18762054,1,0,1.169369111,0,0,0,0x08b268f5758aba9ad519443da7d6aead0678aff7ea849386924bab33edc9386a,24549706,0x28c6c06298d514db089934071355e5743bf21d60,0x91c2b74fec6fd6f5e102226009eba03a7b9abf6c
0.17363061,1,0,1.170296918,0,0,0,0x529c4a43d1df0f7c2a6abdab2a8f62706fe2b53dbf89209548132b9fd73347fb,24549705,0x28c6c06298d514db089934071355e5743bf21d60,0xf89e86fee3985e4bc15d053fa4913d6ccea414f4
0.92864912,1,0,1.145710688,0,0,0,0x1ffc5af9bacd0ced4f830306997fef6f475bd8f3825d4cc0b83f1167a5ce4d4c,24549703,0x28c6c06298d514db089934071355e5743bf21d60,0xa91bb5e65c7db470931608f7a056e421dda05b1c
0.00185,1,0,1.145710688,0,0,0,0x5c72e90801accdb03e8e2aff601176e4814fba40f4a8eb27626dc6d1c87a5dc2,24549703,0x28c6c06298d514db089934071355e5743bf21d60,0xd54a57d60c1e009d19ca71f3f751d9700e3b77c3
0.56486414,1,0,1.140057923,0,0,0,0x9eabf4bc632417846c318b5cb11f307617a6c63a03d25e9eff0b1d4d716e1b9c,24549698,0x28c6c06298d514db089934071355e5743bf21d60,0xc07c5dd487132aaf9e39a7124cb1f0094f0dc22f
0.00702921,1,0,1.142538581,0,0,0,0xf817563430a7666078a1d3081d1d2f99a3eed2bc4fd1e184609f88473158239d,24549696,0x28c6c06298d514db089934071355e5743bf21d60,0xbe51779640e489813d5438a6a1df9976042e1748
0.63225,1,0,1.15876105,0,0,0,0x928fade1935c4a320d5119619e320a68edc07e0989cbce3ad003c584014d52e4,24549692,0x28c6c06298d514db089934071355e5743bf21d60,0x0e898b985e6a57f73d71531d60127ef69315287b
5.01965,1,0,1.165292486,0,0,0,0x25254eeb26b08adc5789bf9576c84a628742c1f791b65517ceda371e94e7bfc1,24549686,0x28c6c06298d514db089934071355e5743bf21d60,0x9cd4e035ecdc10c1bb3951f8dad350d000e00b88
103.46583662987936,0,1,0.36776174,0,1,0,0x93fb51c94b3d7e1fd447fb772e158aa919705a9f1bfa2deabcfec6c19564e30b,24549684,0x2d6ffec3acbdaff0f895e70fcc699246a2798102,0x28c6c06298d514db089934071355e5743bf21d60
36.1192292915211,0,0,0.36776174,0,0,0,0x8a9c7d8e73fa4301757bd8f058651978d1c49363dfd8ae2af7c42992255bdca2,24549684,0x8dc3a61cf8319ca962e4ae6b3f1a7e69012dcd96,0x28c6c06298d514db089934071355e5743bf21d60
0.607613100431977,0,0,0.36776174,0,0,0,0x2831b5811911bd627a0e33ed9d774ac4848d9a39665cd90c7b86eb23d0b7550d,24549684,0x7e12466a0a7a432a73ff3904c46880752c526bb1,0x28c6c06298d514db089934071355e5743bf21d60
0.5598872481797477,0,0,0.36776174,0,0,0,0x94685514e1340da64fd40ca3458deda26d502cd3ee3ff3881d76fc43f1c1fda5,24549684,0x72937f425e59287c96512851435217e933cfde33,0x28c6c06298d514db089934071355e5743bf21d60
1797.9994341304298,0,1,0.36776174,0,1,0,0xa2ea051fc53f106871bd856fdb079d54b54a57e1c16ac70380b8569be400c089,24549684,0xeae7380dd4cef6fbd1144f49e4d1e6964258a4f4,0x28c6c06298d514db089934071355e5743bf21d60
0.834743193602767,0,0,0.36776174,0,0,0,0xd2eb4a9169bef3f10ba3524ca3d5aeb1af2609b904d513bdb2acfc2023ad9221,24549684,0xfe25591359dcdd15e86ce47a7102845bc9a132a0,0x28c6c06298d514db089934071355e5743bf21d60
0.789778432286651,0,0,0.359952214,0,0,0,0xabb2679ddaab6f7da9a23aa753f2ddd71f949b97e6f97e770cb4ff8418d84b68,24549683,0xdfdd5a1c60ba04009705f949d1f0818a368d84d8,0x28c6c06298d514db089934071355e5743bf21d60
2.073090059939664,0,0,0.359952214,0,0,0,0x30aee49bf0c59e69e8b4817908b4df1529c90193b3911760eb3fe57af89f5e87,24549683,0x4eb1e02e01af4c48b7b92ad51fd87034ea1d0aad,0x28c6c06298d514db089934071355e5743bf21d60
0.6422833848316604,0,0,0.359952214,0,0,0,0x80ed4f0259ab6f3e876d0aebb6486cf4a66cc7499c1a665792aeb7565bf5771a,24549683,0xe3e276d7a5deaa9762e3c4d58f58adbc8a489e3d,0x28c6c06298d514db089934071355e5743bf21d60
0.998362058412766,0,0,0.359952214,0,0,0,0x335fc138658c21c0b94e62cb499e2cbf5edda05d2c9ee34e121bb585c752f48c,24549683,0x42eaf37833503980096bbd0b49e884fb819a7eae,0x28c6c06298d514db089934071355e5743bf21d60
0.8627384028664262,0,0,0.359952214,0,0,0,0x1bbff923e19c2e04c27fc89a1bb098b66d7162055009514afb30e270fa02b64e,24549683,0x34ff571d53459edcf09020167ee44d042f944d07,0x28c6c06298d514db089934071355e5743bf21d60
0.6839814952481,0,1,0.359952214,0,1,0,0x33089e73f21a74c66b758fcb1211662e24f531ced3be95a952d2dccc061eef13,24549683,0x2752edc3fa0304ceee1b5c22bc80aa183367b227,0x28c6c06298d514db089934071355e5743bf21d60
2.9999279293327654,0,0,0.359952214,0,0,0,0x86e8b94e0ad98fb4a06fb4ec689f16314c6491e9765321ab783ecbaee7659466,24549683,0x061682c42bcded4b455dbd0b3398b3d8dfd9036f,0x28c6c06298d514db089934071355e5743bf21d60
0.06085,1,0,1.159952214,0,0,0,0xd526381c87460b57f00e55b047cde58fbf2d9d0caf08935edd3d6240e3e066cc,24549683,0x28c6c06298d514db089934071355e5743bf21d60,0x937712ad13fc1915d43abdbc8189c6e68e55590d
2.59985,1,0,1.165546135,0,0,0,0x1e1c06b49e236718cd6030293842f9b694b525c9d2354b6b635ea38527e2302c,24549680,0x28c6c06298d514db089934071355e5743bf21d60,0x00c03f42f7a7e4dc12b91b5f7d46fb5c124b090d
0.00963,1,0,1.153695467,0,0,0,0xbdf2c75d34e511370313ecdecbf646c6a40c0484949aa652012cb19eff8918cc,24549679,0x28c6c06298d514db089934071355e5743bf21d60,0x0abb6ab58d4dad18fb5b88bb5f37e313a0d77c48
0.0029469,1,0,1.144522669,0,0,0,0x43b16899c2d691d20bd7127830f6ceb4ce3c828cd6048115d2a786821823647e,24549676,0x28c6c06298d514db089934071355e5743bf21d60,0xc323cc6cab3db4f439050f2dec975f8a055d8433
0.17505,1,0,1.12846971,0,0,0,0xfcb1e91e4c9ce5750492eb44dc2c791938fdea119e519e0aaf121059466b0242,24549675,0x28c6c06298d514db089934071355e5743bf21d60,0x7cc519e4b1eab08e692544a8df58f612182e0ce7
0.01387103,1,0,1.154524387,0,0,0,0xeebeb2f8930781aaf13c9f1d4ee2a1dca014f10a70e35824731ecf17815ca19f,24549669,0x28c6c06298d514db089934071355e5743bf21d60,0x5572b99b5a6ad544f6c5e6c109b628fda5683c7f
0.02618866,1,0,1.154524387,0,0,0,0xfb2203bf062b7c581e80e861244b9e39ef3f4ecd452cf3f26d694b01111e4e71,24549669,0x28c6c06298d514db089934071355e5743bf21d60,0xf708d6163d642e6e72236d1864f2fa197caa8bc3
0.06087744,1,0,1.158667087,0,0,0,0xb0ea07814cca076a613f37e7b3e312c867f453312b8afa0ec7f5eaeb72a0b7cf,24549668,0x28c6c06298d514db089934071355e5743bf21d60,0x08c45a8a687a87751c948db6d33a4c192e2a55ec
0.61078829,1,0,1.158667087,0,0,0,0x77f4d223de3b96fdd738fc83afd06b0d62d814cb63d5c23c07539c8b93f66492,24549668,0x28c6c06298d514db089934071355e5743bf21d60,0xaccb67a969b04632dfb25f492d9b6c4122fb8955
0.09064124,1,0,1.160061156,0,0,0,0xd5422d97f2bf0b67e0e8d1f475dde71e47b9e9c9ff681343e349a0893658dad6,24549658,0x28c6c06298d514db089934071355e5743bf21d60,0x65f84683df3c2326ee8dc0192c8bed5821e0a3e7
24.99985,1,0,1.177442044,0,0,0,0x4981931cd2499890d66febe4123e3ffd061744ff496ff520c736e7a9135fb68f,24549651,0x28c6c06298d514db089934071355e5743bf21d60,0x1dc07382c40c90625fd41c87d3eca2c54630ab92
0.13786996,1,0,1.191041631,0,0,0,0xf547f17092c0fe23abb338518ce96feca9e5e7eacdee466057e1d796c42e2b31,24549647,0x28c6c06298d514db089934071355e5743bf21d60,0x9978e5998b36861293496ef765d6008f7fe6127d
0.0125944,1,0,1.178810769,0,0,0,0x2ba39e2372dd1d930c7bbbb7179bed4173c72cf8e258d14e144ff6810b593b5d,24549646,0x28c6c06298d514db089934071355e5743bf21d60,0x9284de641b4089c81e98e09b7ff4ddafd5cf5597
0.00185,1,0,1.174753594,0,0,0,0xb317b7feeb88e79794e94006b919b463f88abd5536232a8f07d8dcc86f6cb856,24549638,0x28c6c06298d514db089934071355e5743bf21d60,0x09e5088d034b4752ccbb4b9c8f0879db856c1773
0.00285,1,0,1.174753594,0,0,0,0x2efd237f7dff3459f6afb7fd6c89fede47cf6b200bad9a6917f5b88a0e5de64b,24549638,0x28c6c06298d514db089934071355e5743bf21d60,0xc2665bcfff834212c02f79e0e0f34990c99c9e6c
0.00585,1,0,1.194392863,0,0,0,0x5b54bd5c2b52f2cc6e6e69725f6b569fdee2af09aa3c50a29016124e9d63996d,24549634,0x28c6c06298d514db089934071355e5743bf21d60,0x91588d2b80ce050ef62878dc0680d1ac0257a227
1.37641445,1,0,1.188167742,0,0,0,0x1eb4143551304e01f9dd5ff06b8f6e9b5640285ec4185e8446072e0c67b96e9a,24549630,0x28c6c06298d514db089934071355e5743bf21d60,0x19e9cc9ffe0ad29ecf4d69e5a6954ecef3f477fb
0.15285,1,0,1.18443305,0,0,0,0xb620e224a1d2fc44cae2237644bf169818dae18985d846d187ad799516cc5d28,24549627,0x28c6c06298d514db089934071355e5743bf21d60,0xc3b946cb1317c690489695c1fdc6cf6e8958f243
3.28078026,1,0,1.18577904,0,0,0,0xec6de5d27a3189ec14d1418059bae744efe1ba45d022cad2152d03ff0fed9a03,24549626,0x28c6c06298d514db089934071355e5743bf21d60,0x363baa24c50f39d2a5ffcfc4b7d3866936f60900
0.0176322,1,0,1.183471784,0,0,0,0x73269598b8ff662f3a2a483ddd5ac8e03ceb185ef5309255af812f033ccbc8b9,24549623,0x28c6c06298d514db089934071355e5743bf21d60,0x53e1c07bf0282e84fd5b600b2b1f90e8bc14d4f1
3.09985,1,0,1.176365666,0,0,0,0x2f7121a6c124f5bd0b3a1ccdafe646702a595ac5148962e1bb5881278b0c4d7c,24549622,0x28c6c06298d514db089934071355e5743bf21d60,0x40e3f44ed6166c44218690a5d78d745ba396fcee
1.212784699727147,0,0,0.372385933,0,0,0,0x219ecbf3d9ec1acdbe1e61bf979a39119aa47846bfe2f774b05b792631e51f1e,24549619,0x1455828d6cd2c7c6b62677d5331476ea51ea57e5,0x28c6c06298d514db089934071355e5743bf21d60
2.087714409352102,0,0,0.372385933,0,0,0,0x118446f024f9f50ee6303483c4ad40997cc3f70b72d26f34cc5d7836467d5653,24549619,0xac370646daf1883ebe10393935fb0c6f312bbea8,0x28c6c06298d514db089934071355e5743bf21d60
0.790290239939746,0,0,0.372385933,0,0,0,0x0481f0e9677304e161dabfb04f3f111a6d824c3536253f1aec173787d7d25df5,24549619,0xb1406767cc0242b92fe2af6ee39a0711348c8eaa,0x28c6c06298d514db089934071355e5743bf21d60
1.405469322643495,0,0,0.372385933,0,0,0,0xc6a9ef613e0dfc1b4815c2281b2659f51de1bd4c0e965d6bf0d40eb69968e9aa,24549619,0x05558de52e8863f33bfcaa664382187354eb7ee1,0x28c6c06298d514db089934071355e5743bf21d60
0.827509454578449,0,0,0.372385933,0,0,0,0xebf714a5f09fb0b6281dc204973c54dd497f0007aa950c7595da60b5c04bba24,24549619,0x57a1edfc564dd75257f8faf03c1b22c08aef60fc,0x28c6c06298d514db089934071355e5743bf21d60
14.999985685155584,0,0,0.372385933,0,0,0,0xdc64975399d9a4b6f1d9dc1086135c3a4e329b8596861878cf16d4fd09c0b817,24549619,0x5c8cbdfc26beba5e1fb1d536d7f52b6406628ba6,0x28c6c06298d514db089934071355e5743bf21d60
656.4499910152743,0,0,0.372385933,0,0,0,0xa2126147424b8ffb163f5ea2577d8b054f40e34c8a70c6733fb88f8bbdde36d3,24549619,0xed89da9dd83a0d703991ee833969489278b260e7,0x28c6c06298d514db089934071355e5743bf21d60
0.609556857035341,0,0,0.372385933,0,0,0,0xfffa3ac21f69336a9865229774fa211963112fdede7a121623efad109de1bf7b,24549619,0x8bf9d3574b04233a15f5f1c66d6d51f61dc59e23,0x28c6c06298d514db089934071355e5743bf21d60
2.439063514485667,0,0,0.372385933,0,0,0,0x58da7d113eecc6607f80d95aa886fb4d75d778a811a7b721725a8cdd0110fe1b,24549619,0x4434fd7033ec9e2e03695cf5568cf9418cbcaa80,0x28c6c06298d514db089934071355e5743bf21d60
4.125537558445996,0,0,0.372385933,0,0,0,0x49d8484ad7f5c32aa562c18fb755ce94d7ae0c682b10ff52dafefe3dc9c65079,24549619,0x210f8f6a6539421c5ab7bdc8169fc5ad5731e519,0x28c6c06298d514db089934071355e5743bf21d60
0.6219027468098504,0,0,0.372385933,0,0,0,0xd8c61734aed8d66e75c6e56f210ef9f20d44f7fd22a96e7a7f3b15b9b8b204b4,24549619,0xd43708e7e00c1be0c5c1a651e0c23b2223567d89,0x28c6c06298d514db089934071355e5743bf21d60
0.496718102998895,0,0,0.372385933,0,0,0,0x37f3c185a854338774757e393454ded42bcfbf3dce1e71cffffc19220d78ffae,24549619,0x520192285c40901fe3b90c6ee85c3405baddf60f,0x28c6c06298d514db089934071355e5743bf21d60
0.9805936415128118,0,0,0.372385933,0,0,0,0xd045f5c4a28445826032d3f24f3c78b7abce8f86bd1f61d8ac279836da8156fb,24549619,0x4ee388fb6c2678a5318f94a18fae01b694fdf134,0x28c6c06298d514db089934071355e5743bf21d60
1.0385536105421491,0,0,0.372385933,0,0,0,0xfa4842083491ceab2c8f6dc801a3621ac0690073e7cc715384604c92e91dd581,24549619,0xe7e4adb41b64eac73fe81bf4b696a1000fa9d8b1,0x28c6c06298d514db089934071355e5743bf21d60
4.916886766431029,0,0,0.372385933,0,0,0,0x703d8deb60289def29a8bb98f923e8819eee6a8363bf45981c49c4d6ca18052b,24549619,0xd275c77cc1dd410ede0690dd8a9b3af729e4dcc4,0x28c6c06298d514db089934071355e5743bf21d60
0.803738836980196,0,0,0.372385933,0,0,0,0x2991775da4ed88f316f60c63e3d71627db26db6bdc52996287ab445324056089,24549619,0x6c450ca9b974caf0cc86eeaf71c05230fc75a111,0x28c6c06298d514db089934071355e5743bf21d60
1.49998981342185,0,0,0.372385933,0,0,0,0x7f6bf8bba928e5dfc8385c4af57a1df9ef7d3fb257585754075a119a1ebeb253,24549619,0xfa2f83f1b9fd099e6bb0dd00a8e48dc27ae38a3b,0x28c6c06298d514db089934071355e5743bf21d60
0.0330168,1,0,1.170121473,0,0,0,0x1d7e0ddbbbe0b532044fd5cb27f1ae316162944f86d7fc34a19dbd75dc6d18d4,24549617,0x28c6c06298d514db089934071355e5743bf21d60,0xe0ccd2d7823e17440d76be4b0970308cf2de2a9f
0.28431952,1,0,1.159151725,0,0,0,0xddbebc716cbb19198f3eaa5c0b0b27a78b1522714f571667f37ef71565025028,24549615,0x28c6c06298d514db089934071355e5743bf21d60,0x1ee4082c87cf1751cc1d1a7eb316fb70acce5e07
0.05175,1,0,1.168603551,0,0,0,0xd20c6fac33113af52a0c1ed85f8c675c9a0d548684104b7cea8354938fd3057d,24549612,0x28c6c06298d514db089934071355e5743bf21d60,0x73dd38d7efb5c667e6691d1cacdb7c8613ad4b72
0.05385,1,0,1.187451012,0,0,0,0xf2479a77979ca4f81a2af7c6529f395ecdaa6c375d4b7250b29e9f96e1aea515,24549609,0x28c6c06298d514db089934071355e5743bf21d60,0x928bc8bc43cddc5fcbf86ce1da72c0bf91cba74e
0.0025,1,0,1.178798906,0,0,0,0x4b285aca037f69f94e7667ebfbe0257cd228907ad0880e75a7ec67f994f42755,24549605,0x28c6c06298d514db089934071355e5743bf21d60,0x4aaf8b98137d77e73a0f165393f4f165722c4ab3
0.0074424,1,0,1.197878476,0,0,0,0xe3b455982aefaab08fb7698447f0d69550f83753e212062959711359c1d61110,24549598,0x28c6c06298d514db089934071355e5743bf21d60,0xea85406cc3f40ffa4d01961e19f8725d468916e2
0.29552599,1,0,1.20925667,0,0,0,0xaa98a6c0237a78ab9c6879a43d28e80e939a577a07e2d194546ae04ae7104ffb,24549585,0x28c6c06298d514db089934071355e5743bf21d60,0x3cd740be55899b1f8202637f42be74368c230b46
0.98622,0,0,0.399923023,0,0,0,0x0ca73a88dee5c66ca4b50968d80c646300524e1350e44a81b72eb26dec57c593,24549584,0xee1aacd9e99a61e85378dcfdee926be0e980584d,0x28c6c06298d514db089934071355e5743bf21d60
0.6101025871941801,0,0,0.399923023,0,0,0,0x20bbbfb27b853366439dbd4ede6352748d259b981a956485393642f586c105ad,24549584,0xb5aa54c5bb7faa10418e7f15d36d963f47edc837,0x28c6c06298d514db089934071355e5743bf21d60
0.5696485656028617,0,0,0.399923023,0,0,0,0x3eec6bcd441c13b745a1add5fb8a89f30c4042e87d5d5abef76c29722ba8ac7e,24549584,0x11c64db404c738822dcf6db9cdcf9584eb3c5b68,0x28c6c06298d514db089934071355e5743bf21d60
1.6501268423642692,0,0,0.399923023,0,0,0,0x3efcca50ffddea57c3ccf27d60ad5d36c13c581f88d04362b4405fedbb41bc44,24549584,0x3bd029a626057d6f26ea6dc644ae68be063a4188,0x28c6c06298d514db089934071355e5743bf21d60
2.6996657320259905,0,0,0.399923023,0,0,0,0x464a449d748a823a7042cf2f2c5de9396716c7a19528444f5516f128ce640a0c,24549584,0x68a64a02e81496923b8856802ec96213c1b6f5ca,0x28c6c06298d514db089934071355e5743bf21d60
0.6921658138956492,0,0,0.399923023,0,0,0,0x4ab6ef9611fa0fa3e1ebe362c08c5a25ef128c704c56da365d74b6003296257b,24549584,0xe1bc0a4a52cf8469c9dad29f2de91087f30c4e32,0x28c6c06298d514db089934071355e5743bf21d60
21.99981295221077,0,0,0.399923023,0,0,0,0x5787caf77db47a391b654d3b94593ff0665f457240d87f1dd140106f4cf2bbef,24549584,0x5b702b24b00a37b61ff9d71d91fed1a629edd1df,0x28c6c06298d514db089934071355e5743bf21d60
1.9999795075846407,0,0,0.399923023,0,0,0,0x7e910ce57a317ea119c95402b764852ea0f7f7a2b74e5e66f4a9316ba96cadb7,24549584,0x06a7418cc04354a341146a0be507c62551c8e817,0x28c6c06298d514db089934071355e5743bf21d60
9.999849618238857,0,0,0.399923023,0,0,0,0x896cdff9c13d5923bb279039c1b0a0e49604473ddb09c124ea2a97fc9c75e5b5,24549584,0xdd391a2c8e592f119f91c26b8f293b77ca78155f,0x28c6c06298d514db089934071355e5743bf21d60
0.848276718514367,0,0,0.399923023,0,0,0,0x9a7873cfa35ffa5ac793bbf9b3402cbf5592c11c543fb72031b0ab74c8119fa3,24549584,0x4a97cfef367ceaf890470d7a3095e2c4a5f8a09a,0x28c6c06298d514db089934071355e5743bf21d60
0.518771997137197,0,0,0.399923023,0,0,0,0xba17d3dcc8264d56a523a2bd32e794ae69ebf981e0279d90c9cab5f8b2bdefd6,24549584,0x902cfe9e621599f95d41dfa77483c2bcddc5d8ae,0x28c6c06298d514db089934071355e5743bf21d60
21.48974239575069,0,1,0.399923023,0,1,0,0xc1c14842fdc80a04953a3a0a5c0135ec502baee5093eda0fe829b975954b2425,24549584,0x483a910a7479af5bd1333014af97ee5c733a7052,0x28c6c06298d514db089934071355e5743bf21d60
2.723992805406332,0,0,0.399923023,0,0,0,0xc38f9d7d97eb02d83a5c7b286d02c745ca9801a3cfde0bf791ac845ca1849fd4,24549584,0xc66053cb8409b9a2c44358406926bf88c2339c5a,0x28c6c06298d514db089934071355e5743bf21d60
0.5449062225490894,0,0,0.399923023,0,0,0,0xdc554c07566aa1d2c15b14b28899a4fba5cc34de95b533b9fc14905847fc743f,24549584,0xdc38a252b652368ac3f1243b30c0f9fdd8f6a9cb,0x28c6c06298d514db089934071355e5743bf21d60
0.492634565663787,0,0,0.399923023,0,0,0,0xe72e71a48dab44df9a6790148be89ffb694c730521b11fd49e155bdfc9c7f505,24549584,0x832cdc12a0384f09660cefd8c555e0f4e55f07bc,0x28c6c06298d514db089934071355e5743bf21d60
1.00227367,1,0,1.199923023,0,0,0,0xd1124b7645f974f5e19f60eb141ca00ff4b4ef923b3ffa3bbf5d15c165afae42,24549584,0x28c6c06298d514db089934071355e5743bf21d60,0xb0150913eade72b2e96563654bda7c8d6c021c98
0.18328371,1,0,1.219651621,0,0,0,0x1f65e7c56c8e73be329bb3975a728cd7cb651bb3a563cba8ca174ac96bc66cda,24549583,0x28c6c06298d514db089934071355e5743bf21d60,0x14959a7c9f8ac9cb93db417c42034c9b02690815
0.9845880952141096,0,0,0.411746065,0,0,0,0x083e278358eb175e22288b90abc1c52d12b0c89723c9eaf69aa015a0b8dd89e0,24549582,0xe67895283ee2f81fa4768e32a3215b5567c1fd38,0x28c6c06298d514db089934071355e5743bf21d60
6.84986045218917,0,0,0.411746065,0,0,0,0x1257125d15e081b6a57f98c33a6a5668a3bf0c32ae00ab73e9f47574ac86e4da,24549582,0xd0e83490a55e671b3cf39cd027f0f9035ec5a1ef,0x28c6c06298d514db089934071355e5743bf21d60
0.31952111,1,0,1.21078051,0,0,0,0xd2e06eeb4091fe666811a5e8b0b84fbe383fd68ceb681f5ae95e27aeb4b7a9a0,24549580,0x28c6c06298d514db089934071355e5743bf21d60,0x0744ff702eba4a4b853d9442c66efbb1df7424aa
0.16354993,1,0,1.222896783,0,0,0,0xbfe66c709fcea905ea9b3b2f62047f24696ea70e7226aa83823e2b4b8b8bf516,24549579,0x28c6c06298d514db089934071355e5743bf21d60,0x875c912fc3e12a2c4454599c46dfd48d18083343
0.02932816,1,0,1.226371109,0,0,0,0x1d69f7c715a7d056b7d72cae90e7c8e03cefc9d1be9bba9e7b9721062c3c92cd,24549577,0x28c6c06298d514db089934071355e5743bf21d60,0xbbd31f2d23715d1d1562f0579a3724e33edaa361
0.01944,1,0,1.224869003,0,0,0,0xf7a800438f47ae12f3cbc8e7868e393afc026c2e92f1a5fc10e6b3f6ba1b181e,24549576,0x28c6c06298d514db089934071355e5743bf21d60,0x5e86419088599d07d88995a1c325633c788baf36
0.62188789,1,0,1.221864929,0,0,0,0x7cdcfa8caad8af4d7df59b7fda0550a9c41787987b9764eac3fd03e5377d48c4,24549574,0x28c6c06298d514db089934071355e5743bf21d60,0x2cef9a80ff242b8cf9f8848869add33a291d79e5
0.06104788,1,0,1.221864929,0,0,0,0xc554845f493212a71d2713670fe4bd6a419afe914155c5634a9cc3286c36d29f,24549574,0x28c6c06298d514db089934071355e5743bf21d60,0x964044a6cc1a3f4cb83e29863dc39f06ef02571c
0.0022719,1,0,1.230412619,0,0,0,0x36a9897b0339944ea7652dd515dc3a34213adf7e3d317bce6ae6fdb8ce942786,24549571,0x28c6c06298d514db089934071355e5743bf21d60,0x268a25a792ea357bff6522e19e22a50421f445f1
0.0257783,1,0,1.222403115,0,0,0,0xe1e698838d23537ff44190b176716dc5c718ff4a8f39eed6df5eb98fc11a1138,24549569,0x28c6c06298d514db089934071355e5743bf21d60,0x0b06773b3f7be54fa27d1e6f211347a0b756a69e
0.00285,1,0,1.206792564,0,0,0,0x34fe94146c4f4581887dfe6ca3f03408949862b2b9cf12920918f522d5d533a5,24549568,0x28c6c06298d514db089934071355e5743bf21d60,0xf804fad4dec8b0622b170bdc2bde03d44cc43f6c
0.10982,1,0,1.1784578,0,0,0,0x6fc36f730bfb255f2fdb50270bcebf5b79be9bea556a6daf6e90c44200f8e69a,24549563,0x28c6c06298d514db089934071355e5743bf21d60,0x407b52accaf82bfc3db822f510a9f640d1ef0224
0.03170021,1,0,1.172019474,0,0,0,0xf2dfad9eedf7b68a6d3502a0ffd639b280097ddae58091f11f8c484561fef629,24549562,0x28c6c06298d514db089934071355e5743bf21d60,0xf80c1a9cff7e3792db2fdf5305942937949507ca
0.54705687,1,0,1.169191189,0,0,0,0x5bd922233082912d3651d89eecb4d6a3950ac0ccdb6408450374a783dfa2b868,24549559,0x28c6c06298d514db089934071355e5743bf21d60,0xb2414b33e3ee74c4f905605a3ab02e84fe22dcc1
0.33985,1,0,1.17765594,0,0,0,0xb01bb455a20b00d83e66b6f2511a69c4690df5870ef7e51d114e9eff8a025ab4,24549555,0x28c6c06298d514db089934071355e5743bf21d60,0x64c3186caad2d9c40d5fc3700f67306d6845ece0
1.1845531,1,0,1.160651318,0,0,0,0xb3145d1bc47e4131dcb820ae5cefaf1dbda368a9c32a817c761133f65e265709,24549548,0x28c6c06298d514db089934071355e5743bf21d60,0x88773e207fc830ab231f7d2e430f7e1e2a483819
24.99985,0,1,1.160651318,0,1,0,0xd569bb656c1b461ff7b42e4189b49e2cc6cd7c38e53b51fc6f2981a7a97337b2,24549548,0x28c6c06298d514db089934071355e5743bf21d60,0x1dc07382c40c90625fd41c87d3eca2c54630ab92
1506.999979524033,0,2,0.362663268,0,1,0,0x8b28dc4bfdfb9ef34338a16a5a4dd05599a0a52e468ef64aafd8c3736a346656,24549547,0xeae7380dd4cef6fbd1144f49e4d1e6964258a4f4,0x28c6c06298d514db089934071355e5743bf21d60
15.36937828,1,0,1.180468765,0,0,0,0x3c052eefa342da4d8fccf5608fe9664953a668a8cc7a281e33286a82825bcd62,24549544,0x28c6c06298d514db089934071355e5743bf21d60,0xe7ec3e77baa629a9e9d7865f2e3cc7509eef94e0
0.22654182,1,0,1.183247914,0,0,0,0xe62c000a40e587d7d19abf613699b00c04477b96610473b9bc4b88630802e4e2,24549543,0x28c6c06298d514db089934071355e5743bf21d60,0x4b167dfd67d55593d9bbc6b004a6131275c2a831
0.18268398,1,0,1.181301682,0,0,0,0xd58653305bcc9dbf520d02604bce5d5899ee04cf97af2cdc5a17c4dc253cf3ca,24549540,0x28c6c06298d514db089934071355e5743bf21d60,0x5eaa32f0c299691b5589772419ae23f818f83a43
2.269905981358787,0,0,0.387551877,0,0,0,0x495d75edc7524813adbc41c1e1b6fb9efd03e9fbe04b05a13fcabb2a94c9457e,24549534,0xef69100ec271594ebdba4153a073e20cc3131886,0x28c6c06298d514db089934071355e5743bf21d60
0.7880806576268811,0,0,0.387551877,0,0,0,0xa671832ebc50b45594a3bb9408c4d65b5a5809f5e2498d5e30cff9f716ebcad6,24549534,0x393c233543daaa1e7c9f1b1deac304a0e97d4d2a,0x28c6c06298d514db089934071355e5743bf21d60
0.8710784170662006,0,0,0.387551877,0,0,0,0x45d9986b3b490e0c1a6ed6dcab839cb61c4c011392b265959d45b26566892ffa,24549534,0x57c4267d3bb7959462fc2a12246b3ac73f62bcc4,0x28c6c06298d514db089934071355e5743bf21d60
0.8007412681558422,0,0,0.387551877,0,0,0,0x4f9503e3e33e4deaba22bce65dceb252cf1feb8fa58dc03f5916f9c4cb674e24,24549534,0x7e65dbaf73c380dbee04f9ec7d2f3d4037a42bd7,0x28c6c06298d514db089934071355e5743bf21d60
1.399974974169464,0,0,0.387551877,0,0,0,0x0713a527fa4822c3673e0c089419881800ae3a32469aed3a7562f9c811f94c5b,24549534,0x0a48dff11924545fff6b8401eeefeabd5b2e2b1c,0x28c6c06298d514db089934071355e5743bf21d60
1.1357588620655847,0,0,0.387551877,0,0,0,0xddade484e81c9b2aefc461ca878efda977a1dab69d4e8fa4c89f49866989827d,24549534,0x13108fa238bc5b84d02ec8d57b3b646d4f940ede,0x28c6c06298d514db089934071355e5743bf21d60
0.7326509469342746,0,0,0.391773707,0,0,0,0x11a9f9a04be1721f033e5e6b09061c51e68cf46da1bc88ddf360cddef9d01c79,24549533,0x9bd1c158786caab2e39167e47479af258d4372b3,0x28c6c06298d514db089934071355e5743bf21d60
5.165154851686194,0,0,0.391773707,0,0,0,0xe798f990a1dd5ec9f46f59e116c29bed3f61fbc3d08656bda58fd93cf82d51b0,24549533,0xf416250d16832882a1c6e1ee113a7d3efc7b4b1d,0x28c6c06298d514db089934071355e5743bf21d60
0.9855,0,0,0.391773707,0,0,0,0x9acaef6ee658aa89460be6c565b0dbd293db81b584f4f1c85023ea0dd0bca710,24549533,0xa50dc5f4c848cede31d66be67c6a0d27051efb5c,0x28c6c06298d514db089934071355e5743bf21d60
4.999990484515396,0,0,0.37890924,0,0,0,0x7e011134453966302b0e1dd10a8082f948c6db61605b6d741d2d16738534d19c,24549532,0x519830123f7077f5ad85456c94293b674191513f,0x28c6c06298d514db089934071355e5743bf21d60
0.499992460827254,0,0,0.37890924,0,0,0,0x8f3fb953b1082d3721f23d5770e38207acd551634512baccd6fb08837728d038,24549532,0x9497508512c667ecb49a330a10aecc6c27e3854e,0x28c6c06298d514db089934071355e5743bf21d60
0.00707212,1,0,1.17890924,0,0,0,0x2edab65b3f5969a537f4d5f902354b334ad6fac34df6350f0706c9bb608557ae,24549532,0x28c6c06298d514db089934071355e5743bf21d60,0x814cdc08cedbce715ff0933ba56ce70ebc356db4
0.015088,1,0,1.182388672,0,0,0,0x9bd8be9e233c6141904e87ac77090717b27611f5529214e8c1286cd8c8199d00,24549529,0x28c6c06298d514db089934071355e5743bf21d60,0x2f1f7fc76e6cf5ab3e186a2a2fd4fc31952a77cc
0.21281672,1,0,1.195507819,0,0,0,0xd2ec48725dc00851e41df23c1bfc143504b67ef10a97b224575da84467e2a72b,24549527,0x28c6c06298d514db089934071355e5743bf21d60,0x6115964c178d5fea78f2a5b3412b2afbfedcbe90
0.0258797,1,0,1.201072222,0,0,0,0xa2ff04e3e9f596cdbc9b9a9dd3f7e4bf7f34bd6b63cad291e11db214cf263801,24549526,0x28c6c06298d514db089934071355e5743bf21d60,0x7a7a3dacf3fe34a53b925f05e48bb271b0997d6a
1.023901494936809,0,0,0.384681819,0,0,0,0x0debc59b726b17749658d202e70357862ea9e3c46884892b560c0ef33161f22c,24549525,0x25ec049b9441d0c3f2d05b16bfc9b96f7305efe2,0x28c6c06298d514db089934071355e5743bf21d60
4.166633833080804,0,0,0.384681819,0,0,0,0x7e5d2db09742b399e6c5b1f3b8f7e0b0baa1c03335aeb60ce11be26bbbb210b5,24549525,0x0af09ce5675d92df4eab8f576717f97f54f6b951,0x28c6c06298d514db089934071355e5743bf21d60
24.499176797982557,0,0,0.384681819,0,0,0,0x9204c539be36969c45696edae3cd4aa9014ae083fb0bc3a8a09bca93391f2ab4,24549525,0x526d5ab8e1f05fb4434d69dc2356031b5ce34969,0x28c6c06298d514db089934071355e5743bf21d60
2.49999089396257,0,0,0.384681819,0,0,0,0xbd563d6c6c6b1a4177ff3434426d237b567c7be6ea7ef6ff00c54ff2bcb1da8b,24549525,0x1be4b62c834b7dfc97a2e9832cab926c17feeef3,0x28c6c06298d514db089934071355e5743bf21d60
1.412736981157595,0,0,0.384681819,0,0,0,0xd82d0d0837064142e741338676e9e81d510d22098327992cb69a20ca0b6ed746,24549525,0xdd6cb4e7b1c4acf3cdb20921f0f4fb12371d2321,0x28c6c06298d514db089934071355e5743bf21d60
0.14488717,1,0,1.184681819,0,0,0,0x47c496aa358daee795f33eafa7ffcc2f0ad86c32243ddcce0956366a518d5b4d,24549525,0x28c6c06298d514db089934071355e5743bf21d60,0x61c85020192c52377460db39c4bf1153d154bd4d
0.23235113,1,0,1.195903666,0,0,0,0xc5b7f806bdc2db7f42963280e74d8ef48f1389f744b029b4b20f8dbaa9ae863f,24549522,0x28c6c06298d514db089934071355e5743bf21d60,0xfebbd7f58025300bc79e611b89f6352165f46da1
0.06185,1,0,1.192048677,0,0,0,0x298bac04916acd693547f1a1b6ef2c8e2b959aa2f9f032ddca739e81bd86090f,24549515,0x28c6c06298d514db089934071355e5743bf21d60,0xa7cc81863080688ee878e80e3665503515a66bf0
2.23375,1,0,1.181046031,0,0,0,0xb931dad96940ec2bfbd61c43b45dab22185745f117b11da0d1aadbc44d0deae4,24549513,0x28c6c06298d514db089934071355e5743bf21d60,0x426e3774bb10fc59af5580882348366173516c40
0.00253812,1,0,1.176953778,0,0,0,0x926c55f431e035ca41e2be18a039b574d823ecd846dd5f4b8854e76930080c58,24549510,0x28c6c06298d514db089934071355e5743bf21d60,0xe6534685a8b1f203e4387ec48ac3574a2e457a23
0.00728575,1,0,1.195494896,0,0,0,0x2bf2d545ba4877d201af24eaa611e6417a8aad91b8dc1c7ac69c3c25418ab2f5,24549509,0x28c6c06298d514db089934071355e5743bf21d60,0x582222b1aeab08b674faf2568cd60689ef9102b7
0.00185,0,1,1.196542586,0,1,0,0xc443198421020ebf573affb5428c8b9cf4df41c7ac9dfa1cc56613fdcf21f4e8,24549506,0x28c6c06298d514db089934071355e5743bf21d60,0xfebbd7f58025300bc79e611b89f6352165f46da1
0.19125,1,0,1.208205771,0,0,0,0x3d67922736a7156e85594eb934ee17f62a8d29ab26ee48e81e40e6ec82fbdb22,24549503,0x28c6c06298d514db089934071355e5743bf21d60,0x754ea587fe20f962fde2ee86e79c37052d9cb283
179.9995190864121,0,0,0.393999948,0,0,0,0xda6d32175a72b2ff3cc337cd47c70e8b263572935ffb4e3a483492f0a46b48b1,24549499,0xee845948e6806d12e966137caa07d49bbe632fe3,0x28c6c06298d514db089934071355e5743bf21d60
1.505493853080804,0,0,0.400269609,0,0,0,0xb622d3b0ad165ba8d8c8b54f41afd6a85b65793679a1e5ddb22f803766cff56b,24549498,0xa285d425be8d521dd768df678fd98a0b998843b4,0x28c6c06298d514db089934071355e5743bf21d60
0.36491912,1,0,1.222650617,0,0,0,0x3d22b1a73ca2e3222afce003d1badb771790caa194d7c83ead44d614f9164295,24549492,0x28c6c06298d514db089934071355e5743bf21d60,0x420632f1088eef011998a2011ab5888ffa67e403
2.166293,1,0,1.221574095,0,0,0,0x194917112ca4112d9dfab6db5ce4cd28d3ba0dfc28d62c99c43b84003c85973e,24549491,0x28c6c06298d514db089934071355e5743bf21d60,0x7bef16275a88bd9c3004dbd0b85da65b08705c24
0.00385,1,0,1.224838064,0,0,0,0x31d13d1883a9daf9c48e403b6bdb0dd9238e8c129d65996d383e32fd3047e0d5,24549490,0x28c6c06298d514db089934071355e5743bf21d60,0x35e53f643190ed56833f4c42ab0e4d077192d162
0.23196405,1,0,1.209467003,0,0,0,0xd5699c9c574bb524df52b4d59515701a15cdf4238b9885b7b978c6eb71036e5c,24549483,0x28c6c06298d514db089934071355e5743bf21d60,0x1fd9943f11cf5aad4299bae04b1e83c60b150361
0.11985,0,1,1.217852857,0,1,0,0x0fabb7395dc7e80ce7e135b1e6e6e65768d1703517fb1e39d71e1de4a15cd3e9,24549482,0x28c6c06298d514db089934071355e5743bf21d60,0x937712ad13fc1915d43abdbc8189c6e68e55590d
0.60664131,1,0,1.217852857,0,0,0,0x742beba3461466baddadd9034531254fe995048077297667abb9aeb5ed610104,24549482,0x28c6c06298d514db089934071355e5743bf21d60,0x3c8b782805b76b8e90fd3e9316cd9431965fc83d
0.02665764,1,0,1.21534148,0,0,0,0x150935338f96efd9b1b9362c97506c3215a6edfa802a14ce221f26597161f2c4,24549479,0x28c6c06298d514db089934071355e5743bf21d60,0x75145b4b6439442f93af5b6ba772606fa6bd6d81
0.00365806,1,0,1.229575179,0,0,0,0x201994ad549979f925e92c4c3b2d911e556d87c830223270a4c755821ff2dd6a,24549474,0x28c6c06298d514db089934071355e5743bf21d60,0x146d2231ed1292db2d56972853909fad9bf7803b
0.00185,1,0,1.230408239,0,0,0,0x7d7959816d8953d4a9554ef5066c769d04a0d696eea61d70caca03e4ce6b8d53,24549472,0x28c6c06298d514db089934071355e5743bf21d60,0x29bff2a3f230809664cdc144704e2a9e6230e187
0.5806540516083566,0,0,0.43362083,0,0,0,0x12c6ab59807db7c36e5d5b0c90d59c0122141c1d540bd2ba2c83baf968c6c65e,24549469,0xd34196dec44dbb3b97b470ac83e3a8a17f036abe,0x28c6c06298d514db089934071355e5743bf21d60
69.33861919574203,0,2,0.43362083,0,1,0,0x247bda90f276b40be60975531c319e5173d947fc32ef380838bcdcf9d0652e1a,24549469,0x86a067030a9668c13ff2a8c4d5415afc776d4c63,0x28c6c06298d514db089934071355e5743bf21d60
8.23682513,0,0,0.43362083,0,0,0,0x279b341d5a5af74618345e154f242bb8e396c98af0a89a6c1cab52dc2731d649,24549469,0x929e2979c27f7cedabb9b5ed4318720ac95008d5,0x28c6c06298d514db089934071355e5743bf21d60
26.054470086182874,0,0,0.43362083,0,0,0,0x463775f2052d8c7baad3e20c96f65e573d154e9614d72319b12cd8f56dd64627,24549469,0x5f3ecae36e842ffb263b013ff783658a826e7a42,0x28c6c06298d514db089934071355e5743bf21d60
1.167414347952949,0,0,0.43362083,0,0,0,0x53cfd9c778324e739bf4cbbc6e3a797ed14a2a517a259ecc99731f4ade2b6601,24549469,0x9ebaacf56be50ecc0bba5bbdbe89e1d20526f0e2,0x28c6c06298d514db089934071355e5743bf21d60
5.999994877376592,0,1,0.43362083,0,1,0,0x5bc28d54ec6db11bfa9f8358c38f967db6d009a4fe7f9257341b0294211026d6,24549469,0x1be4b62c834b7dfc97a2e9832cab926c17feeef3,0x28c6c06298d514db089934071355e5743bf21d60
0.833494160762418,0,0,0.43362083,0,0,0,0x68358a012b311d14b504103237e3ac967a2e14b29a047cfc4fd9d4ae9be5e284,24549469,0xa075a2755c224ebc0f546213e99af08461e25694,0x28c6c06298d514db089934071355e5743bf21d60
14.999923873784622,0,0,0.43362083,0,0,0,0x7c548afe84524f0e9088436602ff420a9c2b39dcc43a15f13ae6201fddf8ae1d,24549469,0xe40d548eb4fa4d9188fd21723f2fd377456c0876,0x28c6c06298d514db089934071355e5743bf21d60
5.618874086840614,0,0,0.43362083,0,0,0,0x909bf56d825a164496cea0813a20a9597b54bda0a7033aa0fe0d65ba09b404a5,24549469,0x86f2c47ccfc8df0f9e55d01462ce5c1908c74697,0x28c6c06298d514db089934071355e5743bf21d60
2997.9973632952333,0,3,0.43362083,0,1,0,0x99c051997cf8068ab47e6bce27d6866327d0f59f8e2869cf7d688324b55218d8,24549469,0xeae7380dd4cef6fbd1144f49e4d1e6964258a4f4,0x28c6c06298d514db089934071355e5743bf21d60
37.99999208135878,0,0,0.43362083,0,0,0,0x9c5418f58379cafb27514858810721ade1cff94dbe5f51df36215af94d586229,24549469,0x99f2ad2c1d308a3c087a4cf5f6b202b68cb28be9,0x28c6c06298d514db089934071355e5743bf21d60
15.186986699869491,0,1,0.43362083,0,1,0,0xcd2e7560b0e6128b952cb4cefbcdae3b4597f692459b00a09880652cc66fa5d5,24549469,0xd275c77cc1dd410ede0690dd8a9b3af729e4dcc4,0x28c6c06298d514db089934071355e5743bf21d60
0.950273707269397,0,0,0.43362083,0,0,0,0xe157e8029baf60dba69ec280ef23d67c14d7b0b9dcc6c446cc40e8ff73c6d1e8,24549469,0xea00968aa080a7d977339ff95743c1f2e14c76eb,0x28c6c06298d514db089934071355e5743bf21d60
1.805519498845258,0,0,0.43362083,0,0,0,0xe26e919843ffb6438e8da8afa4a8a6435d250b273ebc1550ad40331582fc3292,24549469,0xc75ca3a2659a09e7cfffca4b1ec6e6a322a2b018,0x28c6c06298d514db089934071355e5743bf21d60
149.99995142045734,0,0,0.43362083,0,0,0,0xec8507b68598667382eeaf54c7859c6a0bf5f05a8f26a8b5d5540d5c23a452a4,24549469,0xb46a0f71fded6ceb00b1c9278e0ac7e22c242df5,0x28c6c06298d514db089934071355e5743bf21d60
0.01004877,1,0,1.224597931,0,0,0,0x92dd935ef1cbb4e2ff915a78400dfca0dfea7d37f24993403b0384607dbdf919,24549468,0x28c6c06298d514db089934071355e5743bf21d60,0x3e58442c9fc9c22af3d2a3473f403ed3a5d29a96
0.02413,1,0,1.233530202,0,0,0,0xd0111a399b6ec280163dc294cfcd09ee9d7fea1f626c7a2f0c1ef6f464bb19f2,24549465,0x28c6c06298d514db089934071355e5743bf21d60,0x47b86fd5e11d329b6defc2a3d914a2460453fbd0
0.00185,1,0,1.231712578,0,0,0,0xe49ea1fbef456dfded3d2ce5cf9dae9f9934dcc12f2fb84bab93e0ce6073d1bd,24549464,0x28c6c06298d514db089934071355e5743bf21d60,0xdc7bd6f909b3b597c1752ea1140808b31fc94fd5
0.01018584,1,0,1.230590163,0,0,0,0x07febc50d243392484ddb37ee013ec81bfaa6cb10acefff993fcfaa924936b4e,24549462,0x28c6c06298d514db089934071355e5743bf21d60,0xec66820cab52526075e8773a7e80cfca430883d1
0.00985,1,0,1.24324789,0,0,0,0x26640b061380f70d4a8c7f2c1c6eb377a52f518e43941bc3d487722d8d38f55e,24549459,0x28c6c06298d514db089934071355e5743bf21d60,0xd29b68bae117ebf121ee325c025800e0b8f57478
0.01403933,1,0,1.259232438,0,0,0,0x21df54b95a667f8d17f1e5c2eefc0b4737c361af71c6188d0d4b24a304abc72e,24549456,0x28c6c06298d514db089934071355e5743bf21d60,0x1498d31ed8d199561b4fbea94045850bfeda6315
1429.0,1,0,1.247166554,0,0,0,0x2b52bf450495e1372944263f70fe4632a3e46ad0675ceac0fee2192757f1e635,24549455,0x28c6c06298d514db089934071355e5743bf21d60,0xf8191d98ae98d2f7abdfb63a9b0b812b93c873aa
2.59281242,1,0,1.229613129,0,0,0,0x84616920f51f1c51cc3b338ea64b2c09d8822d49eaa470ca2cbc4cdbec65141b,24549446,0x28c6c06298d514db089934071355e5743bf21d60,0xf44a317fd3a9f380c6fbf87d5a35596c84fef4b8
1.04014364,1,0,1.246414918,0,0,0,0xda475f2167d3052c807e18ec307be0f2d5ca3a55775cf2aed494e3fba2f7f106,24549444,0x28c6c06298d514db089934071355e5743bf21d60,0xc7acf24fec343ddd1884a136f5d8a32f2f317fdd
0.00218249,1,0,1.247273595,0,0,0,0xcffe96ff88f2c21d9562d9bf186cc4b482ffc6425207f35e082a14f872f19b60,24549440,0x28c6c06298d514db089934071355e5743bf21d60,0x361ef8e77b07d13d8eb3448f2cb1946be75983d9
0.04985,1,0,1.236476399,0,0,0,0x625f73fe6d96bb0f1790f79b511bf3d7571eb5e578278ab54f9517078b640c7a,24549438,0x28c6c06298d514db089934071355e5743bf21d60,0x3856f433e3f6f2734b92d9640499d6350ddc96b5
0.00304836,1,0,1.237044285,0,0,0,0xd644b0a0e186644b0dc5dcbeca8efcad491ebbf35108be41116be63c2eaa64b7,24549437,0x28c6c06298d514db089934071355e5743bf21d60,0x0b5f8341a415406dea199a83d9cd7351db662812
4.06710108,1,0,1.237044285,0,0,0,0x90678393458f19cac38f0b784f16e3b3f715a79398cf4194d35f2c8c6e953dc9,24549437,0x28c6c06298d514db089934071355e5743bf21d60,0xddb513eceee65e5ec3218bf22039dbcbab3f2bd8
0.05128938,1,0,1.213027167,0,0,0,0x4ac32aaffdbab029be616146ef7698b0db719097335f60d769cb1727a003c628,24549436,0x28c6c06298d514db089934071355e5743bf21d60,0xc5ff2c39c94aa5f6d651fd5a4eb6b782ec6a734d
0.5316109632946442,0,0,0.428010974,0,0,0,0x6c889a0077763d9eb6c44cb0b8847e2367cc0d5fb9bc966cf15434fd1ed6f4f6,24549434,0x5fdc8dace5ffb4e49e497a2ff77d718800fdf863,0x28c6c06298d514db089934071355e5743bf21d60
17.19653501,0,0,0.428010974,0,0,0,0xaecb982fc9324ec69cba1b7bd61c549e64a2250942ed8d60fd904bb5ff885ad9,24549434,0x8ba6873ed3fce5fdd853b866af6916b29a2e5fa7,0x28c6c06298d514db089934071355e5743bf21d60
0.13352289,1,0,1.228010974,0,0,0,0x85a5163901103bb907b25f12e789d6b424cacf8d727d0577281186688d0c5a2e,24549434,0x28c6c06298d514db089934071355e5743bf21d60,0xeb2c53f55899cbbc1950fd8162801041b781921c
0.5499791596423161,0,0,0.427844078,0,0,0,0x0979aa85df7cef1b34818d12721766c462d00d9fe2b1b278343f207d6ea98185,24549433,0x4a9e18f7a62abac2c2f8ef423e717d579fbb142b,0x28c6c06298d514db089934071355e5743bf21d60
0.999994693004047,0,0,0.427844078,0,0,0,0xfca5ce1d4c0b6da993acc9ae16e73c22ce1fdf7e6ce97b40e70f1f13fe276d0e,24549433,0xc1bbc708e4440c6c9ac81f9bcdfb75cb4c114139,0x28c6c06298d514db089934071355e5743bf21d60
0.4916654181190286,0,0,0.427844078,0,0,0,0x8b13240053c37efa89fb0b57dbe7ab846e2223ea188c164aa78ba41dbad9188c,24549433,0xd6c9fcf2e3836c144baa4bd302ac65bdef936794,0x28c6c06298d514db089934071355e5743bf21d60
0.506865180677382,0,0,0.427844078,0,0,0,0x63e6bf432c968d687787e9f96a2a79e8eb0a074a771d041b3d3b39e10da527be,24549433,0x05a5360e9e432d2b7c6166e0ee3d164f95dac1f0,0x28c6c06298d514db089934071355e5743bf21d60
1.184073756538246,0,0,0.427844078,0,0,0,0xc4bf5cfc2bff5c7e78f50c8a4815ba83df1e060062aa2e4ada8d110d7f5cc0fa,24549433,0x356f0e683ffb2c9c8dbdc4d6ae40bffb579a9985,0x28c6c06298d514db089934071355e5743bf21d60
0.575494921391773,0,0,0.427844078,0,0,0,0xb91a63cebb6295e43e2bb5cf2f97b45f0c525ebad8e076db32b7ec01af715e0f,24549433,0x817630bb8d7ca0007ab06ac71c0354f47d4f74c9,0x28c6c06298d514db089934071355e5743bf21d60
10.47999086987935,0,1,0.427844078,0,1,0,0x3b090d04c8bccc78ef9019ab5c66b8906a7e7f7947ab42256f3e01d38e48f056,24549433,0xed89da9dd83a0d703991ee833969489278b260e7,0x28c6c06298d514db089934071355e5743bf21d60
2.2399772392854795,0,0,0.427844078,0,0,0,0x31e7d8db751e7c4d022340761a60f60ad7cdf46536bca4a9a47542aec30bd4f9,24549433,0xba8d015b2c981b7efd006f0f5d3b8f1f9bb4c7f2,0x28c6c06298d514db089934071355e5743bf21d60
0.00231436,1,0,1.227844078,0,0,0,0x38ef4579c01c3abb063124435d7d5a730f6c7e2ba7c41b012df31239555db9ae,24549433,0x28c6c06298d514db089934071355e5743bf21d60,0xc132e9962cdbe02a89c75dba469a7b0f9a1fff16
427.4849485689601,0,0,0.430478555,0,0,0,0xe919fb9f6214275a99076866b92c41a66af6b2e9d98c8a0ec4feb5f93413cd0d,24549432,0x2b5431e034ace47318edfdd4f693224562c27c6e,0x28c6c06298d514db089934071355e5743bf21d60
0.36185,1,0,1.230478555,0,0,0,0xe327ccd2622a4f0e4269f07f6f5a0a3a1b0d338b5dc0266c9f8de6efc10280fd,24549432,0x28c6c06298d514db089934071355e5743bf21d60,0xf29ab517c92d95efe102ff60a9644c55c5289e3b
0.51851051,1,0,1.235517093,0,0,0,0x05b5e1dfc13d62e1f3b87333929ca2f954683dc38fa236e0cffc84eeaab655f1,24549430,0x28c6c06298d514db089934071355e5743bf21d60,0x07e8f1ab72acd21ebd8e58a91e39f68c80d04ddb
0.00285,0,1,1.215808423,0,1,0,0x5d5c2ea327c25e31946fe207787d58cd57a8efe9d166d1ced9ec8bae7e2c5d14,24549429,0x28c6c06298d514db089934071355e5743bf21d60,0xf804fad4dec8b0622b170bdc2bde03d44cc43f6c
1.51189,1,0,1.211743913,0,0,0,0x65faf6699b469724eec3afa0890e7aace5a8503c74bbef930e433a3ca64ecff2,24549427,0x28c6c06298d514db089934071355e5743bf21d60,0x95532487e903251c39cd138d2408b50fa65b6ad3
0.00499227,1,0,1.206337197,0,0,0,0xdb7ffe91fec70a0466f6211b8ea75b49b0e79506e0c398d1c7b76f7fe9eddca6,24549422,0x28c6c06298d514db089934071355e5743bf21d60,0x78713cf4f480934f617a54f985c31305ff2e3f98
0.02960876,0,1,1.207032224,0,1,0,0xc5a5830ec0dcf62e946380778947670c7bdd40d9d3240aeea8d8b4b37604d899,24549421,0x28c6c06298d514db089934071355e5743bf21d60,0x08c45a8a687a87751c948db6d33a4c192e2a55ec
0.705583,1,0,1.211873184,0,0,0,0x159cfbf3c755289c02b50604851f09c8b122ccc639653b9d0c0e75a73b100d0b,24549418,0x28c6c06298d514db089934071355e5743bf21d60,0x5314dea89cbf20815f7b3eac02a9ed5e613376b7
6.15351918,1,0,1.218918109,0,0,0,0xfcf09dd6972d19dcb4dbe597ee2df4e692bf4d430dd9d49528bef6abfa08c1d4,24549417,0x28c6c06298d514db089934071355e5743bf21d60,0xfe263102682933297cb65dc813e5193249769251
0.05174407,1,0,1.204512407,0,0,0,0x5ef50c5a27bf5ecfff0c433176f2bb871321c952d1a20c77f174e656fe067a36,24549415,0x28c6c06298d514db089934071355e5743bf21d60,0xc95d2e6276306e24b68de783e019bb3b2f094d2e
24.99985,0,2,1.236913275,0,1,0,0x086a8a937ab710c995407090eb705fa99673b137497be889257468070ec5193f,24549412,0x28c6c06298d514db089934071355e5743bf21d60,0x1dc07382c40c90625fd41c87d3eca2c54630ab92
0.07368474,1,0,1.225921739,0,0,0,0x690906859e09c5b256f9982f7abe54300dba697262ba94777b62024466cd2098,24549411,0x28c6c06298d514db089934071355e5743bf21d60,0xc3bfdcc3605dc7626fa6e3b2386ed91cb0a10926
0.06067715,1,0,1.237721638,0,0,0,0x8df50a1e8b4ae0eade888552f29409e0b8fff55a16606cced3a8a860e0f2789b,24549407,0x28c6c06298d514db089934071355e5743bf21d60,0x3495230f8101557e6eed91a59b9f9148ad613e9f
0.04711016,1,0,1.228652867,0,0,0,0x17d5f7dd7bdec44b9b4504fbb9f2b60b55f0a1eb903bb5247b4df2b580fa8e1d,24549405,0x28c6c06298d514db089934071355e5743bf21d60,0xa3280d2074df0408a1f8a3ca357f30546e8bee3e
5.0,1,0,1.213334445,0,0,0,0xe5754ec3c755d3f7468545a7924f330b0d2c5faca9f8e2ab2b73a86350df1954,24549402,0x28c6c06298d514db089934071355e5743bf21d60,0x5ae759928fc8d56390991ba4265aca69fcd7ccd6
0.00244306,1,0,1.24849985,0,0,0,0x04d7561212af080a902e92536c59667e6ad787ebb849db7c83aac182f91d5b1b,24549399,0x28c6c06298d514db089934071355e5743bf21d60,0x5ed56a429544b1ffbb36131a8a6365c5811f85ae
0.00974164,1,0,1.260263587,0,0,0,0x272b3f32a88a075740421bd94814aa1ffd0a09cc3ddaeec7b4b673f4299fbbcc,24549398,0x28c6c06298d514db089934071355e5743bf21d60,0xf15e216d71399a9543c1fdbeeb8f820436a3ea68
23.803735485312725,0,0,0.436737966,0,0,0,0x4a5771422744f3af77dc9f33fecf2bb7ab59054b7db20ba7843e689770b4cb79,24549396,0x06fd4ba7973a0d39a91734bbc35bc2bcaa99e3b0,0x28c6c06298d514db089934071355e5743bf21d60
0.00696961,1,0,1.236737966,0,0,0,0xa084e4ba0904f06ec7e4a62bd279b7d668d515808e668f32ff7c99b93a05bc98,24549396,0x28c6c06298d514db089934071355e5743bf21d60,0x9adb446f3ecc06b1aebda71ecbe4b7c0b6538baf
0.01407718,0,1,1.236737966,0,1,0,0x6a0c097458e1f92a85c2df700296192c9235d8deb4960b33adac7d44f5a4956f,24549396,0x28c6c06298d514db089934071355e5743bf21d60,0x1498d31ed8d199561b4fbea94045850bfeda6315
0.00235,0,2,1.269027966,0,1,0,0x7a11e1a916305a4c97609fe9ff557bc1f997e8fc429e2585098aee4e5582bc7e,24549391,0x28c6c06298d514db089934071355e5743bf21d60,0xf804fad4dec8b0622b170bdc2bde03d44cc43f6c
0.00134,1,0,1.250741576,0,0,0,0xdabf57d2132ddea21c4d8c6f16e869b6176ca74d788b66a11ed6958dc70eff34,24549390,0x28c6c06298d514db089934071355e5743bf21d60,0xe69f81b825d7dc31ee9becef4dbeab5cf30e3abb
0.60857116,1,0,1.276874757,0,0,0,0x1fd3f47676625da8687724b722f26b162c6ac39507d720f2a8c108e034d1bc23,24549387,0x28c6c06298d514db089934071355e5743bf21d60,0x42ea1055ba06ee5c0c63f1411d43346d53325705
0.02674981,1,0,1.281646828,0,0,0,0x949c0488de7d4a674003d5a7ccf9ff0e52938051d327fb78645c7fd599fc17d1,24549386,0x28c6c06298d514db089934071355e5743bf21d60,0xe31a9d0ef4119e5c806f6173a402c32215554aaa
60.409880546787065,0,2,0.43476765,0,1,0,0x43394f92e6aed5e3b6000d09facf59e3849639c61b8acc12dc7f8965b09a62f9,24549384,0xed89da9dd83a0d703991ee833969489278b260e7,0x28c6c06298d514db089934071355e5743bf21d60
4.599964983714065,0,0,0.43476765,0,0,0,0x79b90fc5d843ea0bea1417cfc3a40936b29b826deb41a5943bc49c6ec57d22f6,24549384,0x475e572076471f0530fd10613bdc9f19defe550b,0x28c6c06298d514db089934071355e5743bf21d60
12.099993695632778,0,0,0.43476765,0,0,0,0x65936e06ec64d05c52305ced5c150743b5cafb58cf47909e7b3b204baa69a976,24549384,0x919ebf65a1091115cf2108a9e9b7ab0dfb74740f,0x28c6c06298d514db089934071355e5743bf21d60
1.19999494482792,0,0,0.43476765,0,0,0,0x9131bb408b953cfa8c10200230d636da4d11f83ae1fcbc9f89921b272d91bbe8,24549384,0x1666411a465387d7024e849fd1f3f5fb81fffccc,0x28c6c06298d514db089934071355e5743bf21d60
29.99999028600064,0,0,0.43476765,0,0,0,0x4ef24d62418122f947aef85c24fd3a1ce5c831cdfb6aa434b5c4c9214ea18d69,24549384,0xbc1af0565e9d33fcd1f8f7e0815b2628608aea20,0x28c6c06298d514db089934071355e5743bf21d60
0.5031681675074541,0,0,0.43476765,0,0,0,0x656814f41da8b10bd012af9657ce008bf78065cfbfcf0be31577a80b50a5513a,24549384,0x2ef962b3aca4262877d9d5d82ce094b7f58ff9b6,0x28c6c06298d514db089934071355e5743bf21d60
0.6343751811247299,0,0,0.43476765,0,0,0,0x0dcd4e970ed7784088054c243b05392243e299795a9582698a82162ead8d0ad6,24549384,0x7942539c0408b67a042b0ce07592ac3d6e5d9e1a,0x28c6c06298d514db089934071355e5743bf21d60
14.49912859,0,0,0.43476765,0,0,0,0xf73df4e13e46e98ef591fa1c811423ea48ee04b047b0ea21158d9ebbbb1bb273,24549384,0x97e83fe6cc19b71f41ecbbd0705837e5de630d02,0x28c6c06298d514db089934071355e5743bf21d60
1.289986503377826,0,0,0.43476765,0,0,0,0xae1e178afe7def077ef19e84189edfbcd64c4c20d97bd3615530934aaa7c78f0,24549384,0x5e5b1af7db88a7de879b944466bfd1d3a36795c1,0x28c6c06298d514db089934071355e5743bf21d60
1.0275202501012353,0,0,0.43476765,0,0,0,0xccde75ed4b254dbd1567c952b8a0a3bca1f08e392d79d07f8b1bd3e9d162f3b1,24549384,0x0018fb2abb67cc4ee5e89e5993e6653373b8a3d2,0x28c6c06298d514db089934071355e5743bf21d60
19.985921639,0,0,0.43476765,0,0,0,0xd23b8c422ea758fb40bada5cf3855e34ce7cc7a6a0f1ce555dcf77fbf3a3e6f9,24549384,0x055b9f54073a143581bf5823c8c8431043408117,0x28c6c06298d514db089934071355e5743bf21d60
105.94325737925568,0,2,0.43476765,0,1,0,0x5039aad33a876d68006114999e7029a342b40edd9d201ff33a20983b1c057465,24549384,0x2d6ffec3acbdaff0f895e70fcc699246a2798102,0x28c6c06298d514db089934071355e5743bf21d60
0.528283075889306,0,0,0.43476765,0,0,0,0x7a5e1612ac0a44ed9d5466117fb4072594170738105a042fe191b367a4214836,24549384,0xd72a0f53560666e60571bb541829bc85464984c7,0x28c6c06298d514db089934071355e5743bf21d60
2.999995105624164,0,0,0.43476765,0,0,0,0xbe74e9e9659a45921810833146970925ffbcc7519c7f1a5285215a7d8434b06b,24549384,0xa5c7a9f2f0626fb9b066089e6de3704b0be7d199,0x28c6c06298d514db089934071355e5743bf21d60
0.01285,1,0,1.23476765,0,0,0,0x33625b056be6610de1d3c45985b2f7ecb2f3ca591db84773bd61e3bd8ef75411,24549384,0x28c6c06298d514db089934071355e5743bf21d60,0xf569dffcb5052b37400eadb23019574b165fee13
3.12023555,1,0,1.23476765,0,0,0,0x5527e9f02ca1efb00abc0a7ff54e5c25ca4d16ee7609efdbfb4410cf6da31afe,24549384,0x28c6c06298d514db089934071355e5743bf21d60,0xaed3b2f634d79eb5d5fe91b2a85a54413dd80f47
0.10925,1,0,1.258392781,0,0,0,0x42609020d941b5b4038fc954c60ce2b012fe7141c5a3742e279d747ae6bfc16b,24549377,0x28c6c06298d514db089934071355e5743bf21d60,0x4bfbaef00407ec0724d437a3392fa3e90dbdd26c
0.0054445,1,0,1.273333207,0,0,0,0xc84be5f64318a1331b17b81fd1eba5ab4a08b47e4eeb9ec65de6e4482a1e366d,24549371,0x28c6c06298d514db089934071355e5743bf21d60,0x328177a7e070623747005b7b28cf49043c9d6c3e
0.19718544,1,0,1.268045741,0,0,0,0x7dba89b16498b896c2746049fa7392291b3a40a58d8f3b42bc99adce90fe9f51,24549363,0x28c6c06298d514db089934071355e5743bf21d60,0xc4275d03b865773fe3a5fad5424c3c89fbde2f19
0.01685,1,0,1.281755974,0,0,0,0x0d001eef8923d4185dfb872f04775242788201f378035714f177e67520ca10ad,24549362,0x28c6c06298d514db089934071355e5743bf21d60,0xfb52d2053a2e97a931c1f460628e8888b9da79bb
43.4524403,1,0,1.280744203,0,0,0,0x91a41c84f0c2bd6079dc48806fd0109ce30d801aff3022944e163cfa92b10219,24549360,0x28c6c06298d514db089934071355e5743bf21d60,0xe9a911b75ff5bb6e7b41a045b4d3ceedb6101381
0.02387222,1,0,1.282356162,0,0,0,0xb42f735994fe2e9b17b03e4f293a5380108effb8759711e550fa2231d341f00b,24549359,0x28c6c06298d514db089934071355e5743bf21d60,0x0f137f04db7b3051438934f34681f5fcbb61352b
0.00250222,1,0,1.204921199,0,0,0,0x358690c03c151b5a384c38194f6f6596f29affc4f9c68cdbea9b9e589861184a,24549356,0x28c6c06298d514db089934071355e5743bf21d60,0x549a198b71ee6588157bc1a063f10e65c932d34f
0.03006682,1,0,1.217294851,0,0,0,0xd1c614a859de431280e728227cd17693f67a56a63202791fb1fd49243dfe2884,24549352,0x28c6c06298d514db089934071355e5743bf21d60,0xea7e308d1de6cf86b4f9d71561229a8b749dcb65
399.63985,1,0,1.217294851,0,0,0,0x61087b1b2d8b9a3cb776f393648ba168ef62bdee72bfa1705ccbe841338f1e78,24549352,0x28c6c06298d514db089934071355e5743bf21d60,0xe02cff66139fdbf60a7e05f7ce82ca657540ad6f
0.14985,1,0,1.220980477,0,0,0,0xfccddeb5a350ab36e5a4fd5cd6173486ab01cda6ddc2d9225e9f86d988b3a2cc,24549349,0x28c6c06298d514db089934071355e5743bf21d60,0xd288e10be4df6f7e9e27ab9f9a3a9ee5b1880f94
0.10985,1,0,1.220980477,0,0,0,0xed3f57b2f69ad6a81ecea229d1bf2c56999bdd813f91afc6fff03741cdb9194c,24549349,0x28c6c06298d514db089934071355e5743bf21d60,0xce755f6a363913ea3b2ef22c2e11650e77492643
0.05958488,1,0,1.220980477,0,0,0,0xb43022735dc03814507664117708bf31b297db3c3f934f962ff726593c189743,24549349,0x28c6c06298d514db089934071355e5743bf21d60,0x23b1e17c22ca210ec50aeeab739c08a205dc68b5
0.01399789,0,2,1.265989944,0,1,0,0xf5189c67c2de5dbc6be0706b61cef2862ee44b0a7ad2ffe782869b254bf6d662,24549344,0x28c6c06298d514db089934071355e5743bf21d60,0x1498d31ed8d199561b4fbea94045850bfeda6315
0.24985,1,0,1.262286391,0,0,0,0x2657568d70b84876e5557632cd7b6edbe4c66a96f17c169924a6bedeccc7f278,24549342,0x28c6c06298d514db089934071355e5743bf21d60,0x2021df1242c35c46086d2188d541a0df05a506ee
0.40712479,1,0,1.284285539,0,0,0,0x2576dd0b41ebdbc32e2eda971becd9b6961eab56afd579baee75013808dc3f38,24549337,0x28c6c06298d514db089934071355e5743bf21d60,0x95ad8eda05926d8bd925321f84169bd9e08992d2
0.00275,0,3,1.302663859,0,1,0,0x194e10c1cb7fb81242727dacde7a882fac32e31fd6b71ba6a5f150f4f5a14e82,24549335,0x28c6c06298d514db089934071355e5743bf21d60,0xf804fad4dec8b0622b170bdc2bde03d44cc43f6c
4.999857736200429,0,0,0.504334241,0,0,0,0xc9ac4d5d8d9a5911793e233ec5cda0fcc642233249c0b1f58d3ad1ed1a8bcf3f,24549334,0xc86e2e9a32c5d8b0284e9f4eb7483273600fd39d,0x28c6c06298d514db089934071355e5743bf21d60
3.48300591261185,0,0,0.528775067,0,0,0,0x8766336196c899333d3f8df8e8771c3499641c039af72c467b0ab18520208465,24549327,0x475bf41d17587a7666452bfdd845a78a5bc63914,0x28c6c06298d514db089934071355e5743bf21d60
728.9994165077982,0,4,0.528775067,0,1,0,0x92e94e12f49efbf691974244e68a30b37f8465d6da3166f976dc759ac0dcb51e,24549327,0xeae7380dd4cef6fbd1144f49e4d1e6964258a4f4,0x28c6c06298d514db089934071355e5743bf21d60
0.75755995,1,0,1.328775067,0,0,0,0xc4b8d3cfbc88e8c8508a5aeb2f6c7c202a42035c9751818265c790b298f9a3b9,24549327,0x28c6c06298d514db089934071355e5743bf21d60,0x63965b98a73bd86970b1835ffa100ac9150c1f45
0.2053443,1,0,1.309130653,0,0,0,0x13b5b61eac051550e9f886453087406998249a878be0726f0828aa4023f47716,24549324,0x28c6c06298d514db089934071355e5743bf21d60,0xa9639d93ddbcfa4cadf184971e51deb284df959e
0.27762308,1,0,1.311219164,0,0,0,0xf154fab0968b77a94a8e37a208974830f77ba548e8bd0d7715107518ba99e9f0,24549323,0x28c6c06298d514db089934071355e5743bf21d60,0xb95f5e338846c7f8359bff30b4ada6df000a47a0
0.5095017486878384,0,0,0.474345778,0,0,0,0x44ccd487a7c7d00e5c86a7cb083fd7f5f12c2b2a9687f69cf6170b300c2e8526,24549320,0x43f6d7f5181a6fc33a95ba247484de034a3adfb3,0x28c6c06298d514db089934071355e5743bf21d60
0.4989613464563065,0,0,0.474345778,0,0,0,0x957e19fadba2cc8ddd8461a68a1cc22576bdc2c28eb03c3a983992f342c63c0b,24549320,0x24b75441dc79affcba476b722016e0dc85bf0b13,0x28c6c06298d514db089934071355e5743bf21d60
5.134967239589078,0,0,0.474345778,0,0,0,0xaaa836a2e7436212f808ca1e81cb29ae6c9e62563758a65d5f579fdaa920aafa,24549320,0xee9e43bb0ea76e3fcd2ebaa9c458b55ead979bf2,0x28c6c06298d514db089934071355e5743bf21d60
0.5393774907466439,0,0,0.474345778,0,0,0,0x7a4efd4449b5e676379208a4fad7c40b53871fc113dd69d432d1fd2c7162074d,24549320,0x3433bb52d14063e0b754121c61cc33670ab3bd4b,0x28c6c06298d514db089934071355e5743bf21d60
0.87858808,0,0,0.474345778,0,0,0,0xe85fcb07f9b1354724313fc47046af94b4b3396e2d584730f28e1f134c67062d,24549320,0x82f63cf4393c4a531bcb2832efa2d820bcca8135,0x28c6c06298d514db089934071355e5743bf21d60
2.28999496396291,0,0,0.474345778,0,0,0,0x6fd45524c8470822acb5f3533c053c2a3f34197e9a1a89d7ce8f5b24a95b7a3a,24549320,0x6728cb9f63ffe0f94ee3e46efab8d765ca27e583,0x28c6c06298d514db089934071355e5743bf21d60
0.5945757369636538,0,0,0.474345778,0,0,0,0x192e92c762f51fa42dbbda8f877741b1c71c2ac4cc6913aa235a1b8afe5b0d5f,24549320,0x7a452630a44de8045f8255c07cbe27ba51c86980,0x28c6c06298d514db089934071355e5743bf21d60
0.7379822200055858,0,0,0.474345778,0,0,0,0xda5d371a605c46cf8c26b979254dfa0c58badb60c34c3c568443bf85a261355d,24549320,0xaf0c65d0b2988fe642822dd6b1451bf374e52ad8,0x28c6c06298d514db089934071355e5743bf21d60
0.02321,1,0,1.283543831,0,0,0,0x31240e956d7ff7189a0757e0b027a2ce6599c64f0ed67c5dbb2fec4b5c7774b7,24549319,0x28c6c06298d514db089934071355e5743bf21d60,0xe2ab67ee6559673b05c5396a23ee043b15f9033b
1.32317875,1,0,1.298225464,0,0,0,0x589145720f6451767699521e004449e58eb357cc4b3a0545c703ce5cc6b8d12e,24549315,0x28c6c06298d514db089934071355e5743bf21d60,0xd7d8bb2e0f63fe365dac0d948d5d95362b50b119
0.07885441,1,0,1.304972338,0,0,0,0xfd76c82855357953964e530c7cb9318e9f090a4bde49a5dee9ba301e0697f481,24549313,0x28c6c06298d514db089934071355e5743bf21d60,0x232b0d50f1abde971e32bb02ef688d648c131ac2
0.17601833,1,0,1.291708132,0,0,0,0xf642e5c250b1554664d7506bbce302392ece8a5574897a29f1b63be2b8932abb,24549308,0x28c6c06298d514db089934071355e5743bf21d60,0x155e743e2dc6a766d7163c198212f2dbe43f556c
0.17521002,1,0,1.318164402,0,0,0,0x1d079a2b85c6102626cdc6ae307f4a2db0edaafd110a39eadba594a21e8d267f,24549306,0x28c6c06298d514db089934071355e5743bf21d60,0x357e7c06840ae6c12222d4ec4b5e3044e71d399f
1.15019649,1,0,1.291849597,0,0,0,0x9a1448c7d191746963380e2a967a3ab7daebfe0ad1b5d5ba34768904e86c414b,24549300,0x28c6c06298d514db089934071355e5743bf21d60,0x6bbbaf7be88dfbb03419320ccff26b95309b3423
0.00995,1,0,1.286395202,0,0,0,0xfa281fc52c932dcc84629e31d5b18d77f1c821a36aa427acbad514947cd6aa16,24549298,0x28c6c06298d514db089934071355e5743bf21d60,0xb224381d646a557a271592bae9e312d466e7236b
0.07411567,1,0,1.298025301,0,0,0,0xd9bd6456a25190ced34abe7137c16f9fa5c29c2b7f9af7124026c12683b31abb,24549293,0x28c6c06298d514db089934071355e5743bf21d60,0xb617d8aba697868d6eddb3604a2624dc6f0bc55a
0.00185,1,0,1.301437971,0,0,0,0x4f77480b5aafdd749dc7ba42a52b8294061e892e9d3f1faeeb97001fbd8858c7,24549291,0x28c6c06298d514db089934071355e5743bf21d60,0xe78e0e2735e7af273d337458fa3edd1d54cf2c9f
0.01710049,1,0,1.304082981,0,0,0,0x0866732ccf1fdbbc0ddb7de857f4f818b2676a98b27e45c0051deb298a3b8419,24549290,0x28c6c06298d514db089934071355e5743bf21d60,0xfdd541894e7edc61739d034cc78e1530f786323d
3.71634405,1,0,1.316845126,0,0,0,0x0573e9e1a8cbfc97fa7000fa90de044f6a2661587396125a1e2a23f7fb3db9b7,24549289,0x28c6c06298d514db089934071355e5743bf21d60,0x85b9cda55fd502e2f497ce8c26b1d023f594af15
27.41085,1,0,1.283314364,0,0,0,0xafe2e373e74c01a529e8254d49b11426a9374eda47b1556af7ac2ac48aceb490,24549288,0x28c6c06298d514db089934071355e5743bf21d60,0x110151de048a10cb037d4f488de93c289e133880
0.5650347038768,0,0,0.48507515,0,0,0,0x2b9a0af066d4103aff5d8aa6b835772c45c07099735fdc2c27fdaff5925b7314,24549285,0x4baf3c7866922ee42ec2ba6046f270b8dd5432e7,0x28c6c06298d514db089934071355e5743bf21d60
6.499994884740263,0,1,0.48507515,0,1,0,0x2ef13b3de3026e1e34d9e2e906fb36c3c613e52c99e0c73da7b8aeddae7b71d3,24549285,0xfa2f83f1b9fd099e6bb0dd00a8e48dc27ae38a3b,0x28c6c06298d514db089934071355e5743bf21d60
0.488810077547532,0,0,0.48507515,0,0,0,0x9bdec8e8c5ed9f105059208a48220b92262fa663edf9b36a3ab73a386b472f2e,24549285,0xa9fda51d93e581129649e3fcd4b0f6567a145f12,0x28c6c06298d514db089934071355e5743bf21d60
0.7083940450707178,0,0,0.48507515,0,0,0,0xb73abc75b3639389af89d39286c277d1516109fd166ecc7a63c89cbc7d07739f,24549285,0x4bf97d57e72410187ad4ed28acfa2a6d865931ff,0x28c6c06298d514db089934071355e5743bf21d60
0.6301640997550759,0,0,0.48507515,0,0,0,0xb7e32627be872f8afbfa3089a9b02742f95edc9d5409899e3a96445622fd8927,24549285,0xfcd6f39829fc708315955ea64be52fc7d76b2af3,0x28c6c06298d514db089934071355e5743bf21d60
5.399953019805272,0,0,0.48507515,0,0,0,0xe9a8080e05f69abea33f45b5536ea38dfcd2127ad728c2879168360770c0b28c,24549285,0x52bf0ff7b8135d17232231fb1a897c67975b1748,0x28c6c06298d514db089934071355e5743bf21d60
0.491752029481656,0,0,0.485210834,0,0,0,0x39c8aac367ff36eda8ab99c3e7046bfe3dc7da9a3e0d89275567d5b21528397d,24549284,0x4ecc9d0b26693b2e041dfadff6d14912c57f45eb,0x28c6c06298d514db089934071355e5743bf21d60
204.9998817130436,0,0,0.485210834,0,0,0,0xf17ba476bc2efc8843c4357e7577f1b1c22c8fe1595b1af0038d1504df3ce3c8,24549284,0xcf4cc9e56e123df65e34c66925914f2815efef96,0x28c6c06298d514db089934071355e5743bf21d60
6.199990546787063,0,0,0.485210834,0,0,0,0x49ecee128b46da1178454d3730a1d0c5ac5ddbfed3b0399a34c2244eab5591f2,24549284,0x9f4e5bc9f391de5c824bd0d065fa716663c91ba3,0x28c6c06298d514db089934071355e5743bf21d60
2.047318852988565,0,0,0.485210834,0,0,0,0x9df8e61ce2838a2dfffe74a6ae1f7b541df73bd26dd141430d279ce8ecb2f8ce,24549284,0x2a8088f64655eec74729eb45c217397e77639300,0x28c6c06298d514db089934071355e5743bf21d60
3.928,0,0,0.485210834,0,0,0,0xf3e04a664e9099e7b00d79a672760a00db078c15299bfd35c951a9312b380bee,24549284,0x0684d78fa18118508604a2f274c54e7900baf57c,0x28c6c06298d514db089934071355e5743bf21d60
0.4955410839374258,0,0,0.485210834,0,0,0,0x19b53685e89f1dc67f5cd638acf8b8103c17169979c9b71cc5b3708c9708f395,24549284,0xb63fe96967fd2762de8896f9355f75d8b0e02cae,0x28c6c06298d514db089934071355e5743bf21d60
0.583249254997371,0,0,0.485210834,0,0,0,0x4a642003eae2579df21ade00a259030bc842744637930af343d2e0805315f699,24549284,0xff447f7f265a9565f5ba7cfe23db145e2542cdb1,0x28c6c06298d514db089934071355e5743bf21d60
0.931660022256354,0,0,0.485210834,0,0,0,0x4c5acc6da156180507e0f5a146a17a2d2a8a5b133a20a77b0e152e1faf5599a4,24549284,0x3acb04e566af2cb5a76ca31245ff893fbeb6176a,0x28c6c06298d514db089934071355e5743bf21d60
1.8011902987854504,0,0,0.485210834,0,0,0,0x4cae3df0a324dcb5e0cf54cbe992d4f8ab3b74c1ea87837e9bee4daf3db0bbd8,24549284,0x88f6fe16b9ef297adb3fc687588e0c4ccdb516f1,0x28c6c06298d514db089934071355e5743bf21d60
149.99999363302186,0,0,0.485210834,0,0,0,0xf9e23aa78f98123658090fb9928ef49663fbf14f014839e108259191d4bce677,24549284,0xb984427237e5c9244221b949ba56027658f9f205,0x28c6c06298d514db089934071355e5743bf21d60
299.99994346854555,0,0,0.485210834,0,0,0,0xae2f013e761020183eaaefa468e84ed96988b3289cf20358e9b51fd43d562288,24549284,0xf27e6b48403894fccb4927165dc9d2b499684a0a,0x28c6c06298d514db089934071355e5743bf21d60
0.00749504,1,0,1.267958666,0,0,0,0xb5c6971fcc8a16d5d34ec529bf39b96f87faff13f88904e4af76d0fe7e435b6e,24549282,0x28c6c06298d514db089934071355e5743bf21d60,0xb2d565aad3d4d548423a2a9065cb71ef3366ab6b
0.32650467,1,0,1.267958666,0,0,0,0xc846f7783a4b639a13fee52c93a465ae93ef3730f2919a07de5f2c22bf12af2e,24549282,0x28c6c06298d514db089934071355e5743bf21d60,0x0decb5da860023fafc27213153eec8725492474c
0.02676,1,0,1.287841094,0,0,0,0x6e83cc02cbb3f9bb9321ef3b650ce7cb0042fbc612eb2a2f5f0f93298bb82ccd,24549279,0x28c6c06298d514db089934071355e5743bf21d60,0xf9241552b03a8f4b68ee84e0e7299398ca009274
0.00185,1,0,1.297739691,0,0,0,0xf1730921f8d1c324c9c098700de41d2b5eaf8fb15bddee0e690c6e266217267f,24549278,0x28c6c06298d514db089934071355e5743bf21d60,0xa615973ed10572752224dd75738e9b5d5d3d3e87
0.18016469,1,0,1.290345017,0,0,0,0x224d7b7d0b6f990d3234f1028e23481170a674b26c796943f68fca9e4d0cb6fa,24549276,0x28c6c06298d514db089934071355e5743bf21d60,0x85fec35ae6e5285e8a84d6fdbfe0e88db5ddc8ba
0.01537759,1,0,1.267615099,0,0,0,0xb8bc07732f9bfd1488fd8e0f652d78336c2a37703b2de41fc27328a866e3ae4e,24549272,0x28c6c06298d514db089934071355e5743bf21d60,0xa49f72e8f7fc4cbc2c0aa851182f722e896d6e2d
0.16078615,1,0,1.252005501,0,0,0,0xb8b7ef31d77168be4d9f8da3a4d95c81c7b8d219c44e4044e17e2f7931508489,24549269,0x28c6c06298d514db089934071355e5743bf21d60,0x23608c58a6489835971ed40145437bc3821a42b8
0.04817297,1,0,1.235321297,0,0,0,0x4fdcdbb5c6e257a640be5c14f78f3d3b88b06301c2e043b60300be6cada7038c,24549264,0x28c6c06298d514db089934071355e5743bf21d60,0xb947ec5a8e7bf1f1d40e85529c54f28fb09e7b44
0.00245,0,4,1.232821492,0,1,0,0x5f675ac2f75cc20ecbdd0e9af860b10ea943483bfff1476ff1f80da4994b9cf0,24549262,0x28c6c06298d514db089934071355e5743bf21d60,0xf804fad4dec8b0622b170bdc2bde03d44cc43f6c
0.06434284,1,0,1.27228107,0,0,0,0x9b3ab9166bd586d8a534983575f5be6a253b3d77f5099d42db49753133322bd5,24549258,0x28c6c06298d514db089934071355e5743bf21d60,0xff99ad403d78c45dcb47d1a070a0b5fb91499a56
9.46503069,1,0,1.288999815,0,0,0,0xd39fdaaae6161f65afadbe46d5eb73469fbc628caec5a684d63abc17043f2bee,24549256,0x28c6c06298d514db089934071355e5743bf21d60,0xf7ef9a0f3b1315d524187c44ff8fcc73c8d502ec
0.00498064,1,0,1.260904882,0,0,0,0xaf35eb06abfdc0eaf5af8758f6b675fe2712e8184e8dce78faf0290d3338d30a,24549252,0x28c6c06298d514db089934071355e5743bf21d60,0xffcfcd82c4bb511b9aea089be9e7fb0a57dd3dec
0.15114156,1,0,1.220562431,0,0,0,0xc41e3654a54214b20049497f447f948dcbd1307409dc6f6732d0e7e3b9f1180e,24549245,0x28c6c06298d514db089934071355e5743bf21d60,0xb77c0d0619585f9ae1d55c95a98efe800c9d067c
0.01485,1,0,1.246132071,0,0,0,0xd4330ba90869874b1a4cacd2e5f0c12a93a8b2ede84dadaf86a9df72643b0d0d,24549244,0x28c6c06298d514db089934071355e5743bf21d60,0x16cb2287b52424f7b48ccbfdb1b086444d5e2cbc
0.2112384,1,0,1.261963916,0,0,0,0xcf6458874186f763e896536ebedcb838fd88e2754dff40a26a9548173b055300,24549241,0x28c6c06298d514db089934071355e5743bf21d60,0xac0016d30c36af14d53960f0a3851c877c4f60fc
0.09985,0,1,1.261963916,0,1,0,0xa39215e2f84f25467791efc8c319aaab469c54058c92d70df8751f6cfa0291db,24549241,0x28c6c06298d514db089934071355e5743bf21d60,0x93c85fe18568027e648199cdf542aad174a9eb52
0.00245,0,5,1.253661847,0,1,0,0x7f25b019d271ff69188558272b7198e6333d6c61d9792520d0d7a6e89286620c,24549237,0x28c6c06298d514db089934071355e5743bf21d60,0xf804fad4dec8b0622b170bdc2bde03d44cc43f6c
0.5209692963082275,0,0,0.450152997,0,0,0,0x32f632fea8c4eef9c11c9df7a642725a7d6f209a2cca2f4979692ad4d926a7fd,24549235,0x617b74abf35850fa6946275906bef6252c39cc8f,0x28c6c06298d514db089934071355e5743bf21d60
0.5053245254476463,0,0,0.450152997,0,0,0,0xd872eee22d4d852c2b69a3461dc624907aae1e39715fae0d2fed7187c814dece,24549235,0x1a8007a429c120867bd8c3a7ebd108a8dbf896b3,0x28c6c06298d514db089934071355e5743bf21d60
11.99999333181017,0,0,0.450152997,0,0,0,0xf064c53e361b521f32afe0d4778fe1c6635d8ffb3e3c816b1756effc30c44062,24549235,0xd39f87305be104ac0d2f561f160145129e4f3014,0x28c6c06298d514db089934071355e5743bf21d60
86.51988364470017,0,3,0.450152997,0,1,0,0x2bb5376816e42469462ac6c5f3a1a689084761b3d31af29a62b78d0fa2999be3,24549235,0xed89da9dd83a0d703991ee833969489278b260e7,0x28c6c06298d514db089934071355e5743bf21d60
0.6176131540475506,0,0,0.450152997,0,0,0,0x6c4fcdb91dba9074ff3aebbf5a95f67394d07b91d78d2ca8f1f9c0e2238573fb,24549235,0xc413930da985f1101a855bc55af3480441b19931,0x28c6c06298d514db089934071355e5743bf21d60
25.01984438153039,0,0,0.450152997,0,0,0,0x57646dcb9e9896da47df6ed651fde7ab9dc2ba1069a8d648bba4bf8e99e77512,24549235,0x6c32669baed8a445a269edef0207f4b57d7150ef,0x28c6c06298d514db089934071355e5743bf21d60
15.999971481573748,0,0,0.450152997,0,0,0,0x4f2eef987192ecce441fcaa223586025fd5970177a4e83bc394cff4ba7e95f9b,24549235,0x112c5698e6ce9ab30ad4654de9005c2481f3e333,0x28c6c06298d514db089934071355e5743bf21d60
22.907592460827253,0,1,0.450152997,0,1,0,0x94aebbd668d1616b452f547aa8377458a3ec648d5f33610899bce5c093413cb1,24549235,0x9f4e5bc9f391de5c824bd0d065fa716663c91ba3,0x28c6c06298d514db089934071355e5743bf21d60
0.599994978172581,0,0,0.441464016,0,0,0,0x7980485f1a75bd94be07b436ce4f4bee00e17b103bdacd16eafc0c6e06cdec43,24549234,0xde38cd62e2ad9fa22a60162f3d203d1d0f369546,0x28c6c06298d514db089934071355e5743bf21d60
14.904423073175312,0,0,0.441464016,0,0,0,0x62feb9607f0feccaf2efbed4d8df684d1ef28dd0f0ec98cf7bcbae3370cadff4,24549234,0x97605fc94f177c2c3961f96459aba61e4a030a13,0x28c6c06298d514db089934071355e5743bf21d60
23.389645674262542,0,1,0.441464016,0,1,0,0xeefab51f234916e09eb7436e1cbe53401a4d6a6ce7ed8e64c3708d9c764dedfb,24549234,0xb46a0f71fded6ceb00b1c9278e0ac7e22c242df5,0x28c6c06298d514db089934071355e5743bf21d60
105.2866437040903,0,3,0.441464016,0,1,0,0x9b0f7e65d10e10d2fd3eb7499540c16cdefa412688aec5b029175e7527d85ff6,24549234,0x2d6ffec3acbdaff0f895e70fcc699246a2798102,0x28c6c06298d514db089934071355e5743bf21d60
1.0944307799920645,0,0,0.441464016,0,0,0,0xc712928d24368fc0e121d1bb6e82a7cf68018acbda5b7c1e05b04772364a5c8e,24549234,0xea02fa80926a8c8e38152e47589724656c9023e6,0x28c6c06298d514db089934071355e5743bf21d60
0.01399912,0,3,1.241464016,0,1,0,0x65ec562c5a40483d41c878d7faa42d2a2ac8bf0f5dfbd36a7f29f91dee0a9783,24549234,0x28c6c06298d514db089934071355e5743bf21d60,0x1498d31ed8d199561b4fbea94045850bfeda6315
1098.9999397441625,0,5,0.41884549,0,1,0,0xf89d3826647fcdea5bfa872826f742a98a6ced87f1ac1a1f9ea1506e33ed127a,24549225,0xeae7380dd4cef6fbd1144f49e4d1e6964258a4f4,0x28c6c06298d514db089934071355e5743bf21d60
6.817531280488907,0,0,0.41884549,0,0,0,0xa56f20fef2a7ea1aca173cd419950503e413b8d5f66a3a8ba1497afe18e7af22,24549225,0x739b466a113e835164292fff8734a11e74bb10ae,0x28c6c06298d514db089934071355e5743bf21d60
1.99985,1,0,1.249043207,0,0,0,0x8bff41bc1dd1633582ebfcf1e365e6c9f814a8317494010b1fbb569763df2ce1,24549223,0x28c6c06298d514db089934071355e5743bf21d60,0xc8b11ba1648a3b6f4c760dcd1a9507cbd0b9e957
0.4994499,1,0,1.258220644,0,0,0,0x8eb40a949d16b3e27419cab76d907cc2567a3ccc02c37cdc6a990a363883a2e6,24549221,0x28c6c06298d514db089934071355e5743bf21d60,0xa666c7b93266824eacd101be077870ecac646f3f
0.30213407,1,0,1.258184501,0,0,0,0xbda4e705a2acbc1209bbb211c7aff6d0e48b8116d2b0832cd6fa0d7c1fc6f68a,24549219,0x28c6c06298d514db089934071355e5743bf21d60,0x7cd4c20ebb3a9d0c0d5192d654e50f54bf7589d7
0.0205293,1,0,1.242822817,0,0,0,0x59ad4fa11b09dea5b13584a2d72ad2f68d36e2b01a98803badc9636028f3ae0c,24549214,0x28c6c06298d514db089934071355e5743bf21d60,0x1273b1be8e455ac3599c4221951857a83336f5b0
0.15,1,0,1.221241111,0,0,0,0x8f2daf69f14cd659cce699668ef22e040982daad7cb69fbfe66bbf96d9309ae2,24549212,0x28c6c06298d514db089934071355e5743bf21d60,0x8b5aa1e9d3afe4db3b49132c6b3958c426be9ef7
1.30332602,1,0,1.253571012,0,0,0,0xabcf94c2180a495805e179dbf800cfa8feec458b0580baa28593af360186f3c0,24549210,0x28c6c06298d514db089934071355e5743bf21d60,0x15f46551f5d736c9b8861c1d1358e29183f7a6c7
0.0742719,1,0,1.252801127,0,0,0,0x2946e6afdbd63d8cc858cb6e48a1abe09246bfc1d198ca17e972ca91db247441,24549206,0x28c6c06298d514db089934071355e5743bf21d60,0x8d5e62b3e386fb009d77992360af57c2b50efd3a
0.10985,0,1,1.227991393,0,1,0,0xa8a4305b7427c85bd53b6c482987c334b2a04f386d072317fb915f13398ebe77,24549203,0x28c6c06298d514db089934071355e5743bf21d60,0xce755f6a363913ea3b2ef22c2e11650e77492643
0.5278167484735143,0,0,0.418083789,0,0,0,0x00000ceecf456396924815beb8c36463c5cf71c5cae906a7a037256a967fb4e7,24549201,0xa394db0229fc2743ce74e43776ab06ccbd403435,0x28c6c06298d514db089934071355e5743bf21d60
6.497925546424631,0,0,0.418083789,0,0,0,0x0b21f7ab8d70fb2f17e4fb9ee1e27201d3bd570f7a5725be505a84e955c22076,24549201,0x9dc8649ddf5900c4b909029fef1b1d2fe02b1aef,0x28c6c06298d514db089934071355e5743bf21d60
0.5081702655570003,0,0,0.418083789,0,0,0,0xdbb88fd518bd425769d49e49a3eb565218c51143fbddaf3650f9ad6f9c188f25,24549201,0x23dea79da35683a3a2f6627c8c1cf6752343dc93,0x28c6c06298d514db089934071355e5743bf21d60
0.6202901102907833,0,0,0.418083789,0,0,0,0xe0eedc13da13bf891a1c9880942724e8c4e06860602067c43ef3a082f5fe08d5,24549201,0xbe689f8b67815bd2eeeed961f850f03a47965105,0x28c6c06298d514db089934071355e5743bf21d60
0.5501585298328,0,0,0.418083789,0,0,0,0xe6b633bc26da4f813c7ac06a1d03422de6a1a75915230622e88f60a624d8d73e,24549201,0xe7b1447aa8bf90c8c5be447cf9fb6e401008f323,0x28c6c06298d514db089934071355e5743bf21d60
2.574878719026015,0,0,0.418083789,0,0,0,0xe73491cf16e766047fddaf77a02139f9e2491d7fbd45e20ebf7a7c476a069139,24549201,0x108a056e349d94e314ef962b6a22c395411869f5,0x28c6c06298d514db089934071355e5743bf21d60
2.909026922069458,0,1,0.454053409,0,1,0,0x6f830f52a29c10ec61c0d9892838274ae8a4f654e7f11ba87aa17dfca8b21ba6,24549194,0x06fd4ba7973a0d39a91734bbc35bc2bcaa99e3b0,0x28c6c06298d514db089934071355e5743bf21d60
0.00885,1,0,1.256647959,0,0,0,0x2934a2e934aaf374205a631754e041175410bbd7e809db9f6e31f2ce8896dd96,24549193,0x28c6c06298d514db089934071355e5743bf21d60,0x3ae561958f4b2f90a929bc87a1ef5a352befe87f
0.01555552,1,0,1.21726417,0,0,0,0x30e1a05602b6e8485870490ecd62a9067bd0b04f23927d6bc140c06296c74ccd,24549188,0x28c6c06298d514db089934071355e5743bf21d60,0xa66274c32cddad41ad6327999ccf75a329891fe9
0.500697715417177,0,0,0.429864307,0,0,0,0x5c2db65827575f636370dc6cfebc9d9086bd22c72555359e8f9ce0eff5430dac,24549186,0xb79259f1f9648e09122d10a556577f0c10c2277c,0x28c6c06298d514db089934071355e5743bf21d60
0.6008160329416904,0,0,0.429864307,0,0,0,0xa845b36cca0263db5a0ffebf022a488c5cb6ec439534b32169809ce60e1dedc5,24549186,0xf72b829a3928411472eebdb72529fc7e08999883,0x28c6c06298d514db089934071355e5743bf21d60
0.93552479,0,0,0.429864307,0,0,0,0xc6855b2ca121c2fd34c9da13bb3bfa8d4a7baa13ce67248c4ec8472fe84a79ea,24549186,0xf5edba1e5c5be39ef1a48bb019c90e0243f4fe02,0x28c6c06298d514db089934071355e5743bf21d60
0.05285,1,0,1.200415361,0,0,0,0x36d3f5a8ffa48e35d80ec14a66e3c366540f1bd06b63fa567fdc55a0d140b35d,24549181,0x28c6c06298d514db089934071355e5743bf21d60,0x97069ce4d86f4211ad44282051d9d288c741cac3
0.00270659,1,0,1.214574698,0,0,0,0x3fdd50f5c89107f99cdd22ff5a734203c722c91100b2fd4e7e2d98fd15d609ec,24549180,0x28c6c06298d514db089934071355e5743bf21d60,0x416882a9a29a38221fc90a751eceb09d687ae408
0.08427428,1,0,1.269300938,0,0,0,0x5640510737482c1a7fe464177afb6943911f80927b9102a17a7cddc7789934b0,24549175,0x28c6c06298d514db089934071355e5743bf21d60,0xc592a75daf160f2f3e99eb835e98b1772d21f414
0.01489722,1,0,1.281360337,0,0,0,0x8335e69f8bcb4fb25833189c5d0843831e37efe7243c253606eae74a57674f06,24549174,0x28c6c06298d514db089934071355e5743bf21d60,0x199a338fede5e22a49ed3d03d19644b68e2f7dbb
2.840593623921746,0,0,0.458624863,0,0,0,0x1115f813b92589b778bd19b397d2844dd452663507dfb120cab8d86697ecf377,24549171,0xa24ee68e6d2be9fb890639825ba6f65c50ea55e0,0x28c6c06298d514db089934071355e5743bf21d60
910.9997923957508,0,6,0.458624863,0,1,0,0x12883d3978514445186ae5a0c139e063eb2a6f2d36d0b6b7036621f75e3a3f44,24549171,0xeae7380dd4cef6fbd1144f49e4d1e6964258a4f4,0x28c6c06298d514db089934071355e5743bf21d60
2.294774082775397,0,0,0.458624863,0,0,0,0x15989b4aaf6db444e8e7d0f35c02f84d0c9e25aa0cec138aadb768bbbb34ba14,24549171,0xc9666ce5be61eb45376a35ed480ba82d264ca58c,0x28c6c06298d514db089934071355e5743bf21d60
5.555606161169152,0,1,0.458624863,0,1,0,0x58c9dd7dc82c98890c4be3f3872a8eb6de94e92e425bb1993c235285dc0a031a,24549171,0x9dc8649ddf5900c4b909029fef1b1d2fe02b1aef,0x28c6c06298d514db089934071355e5743bf21d60
114.72017711124492,0,3,0.458624863,0,1,0,0x6004aadf363c86a3ce4089c8c9ae89b74ac12b3eec7debb5c78766ce38e5e90d,24549171,0x86a067030a9668c13ff2a8c4d5415afc776d4c63,0x28c6c06298d514db089934071355e5743bf21d60
0.5853855578388258,0,0,0.458624863,0,0,0,0x672f7bcb55b5f03a93c43a4097be0b61d2df6cc1de30ad550e9581656ae0dd70,24549171,0x97ec399673737345cca12df2e83d6bed656a403a,0x28c6c06298d514db089934071355e5743bf21d60
0.649338824137896,0,0,0.458624863,0,0,0,0x74514d46ed516ce890969ca5d2737b258107708195cbbe9a5f1c902346c6e041,24549171,0xb34b40833fa588469716fc52905448ed086c18dd,0x28c6c06298d514db089934071355e5743bf21d60
0.49,0,0,0.458624863,0,0,0,0x7d79f96e73bb58ca9485e363b55c58c0572831697a9eccb32b168220a7c6747c,24549171,0xd73c74ae8fae577e3d6e85377282523a357b47d6,0x28c6c06298d514db089934071355e5743bf21d60
0.599937028716276,0,0,0.458624863,0,0,0,0x8e883c51ada361f5e99f4320b85fb0f0b3c9f5a6f9c1813ad1d6d588a17aaf16,24549171,0xc86b48c6642af9000861bbd5f19f462ee4162b04,0x28c6c06298d514db089934071355e5743bf21d60
0.563322249155706,0,0,0.458624863,0,0,0,0x922203770e0a13501543de898978bf76485f844d43d672d5649be6a880001da8,24549171,0xdadc40e6020261d2cd7107c9851d8cab836c488d,0x28c6c06298d514db089934071355e5743bf21d60
7.147911345217849,0,0,0.458624863,0,0,0,0xa373aeb03d292d03db56ab248a1dc19dfcb09b8b833aa966229064c5cda947e6,24549171,0x9508b9008bdeab6cba616926fc7ac142886c0f45,0x28c6c06298d514db089934071355e5743bf21d60
0.999520737104905,0,0,0.458624863,0,0,0,0xb548d9e5b433719b50189a069018583c6a09f605047e85a88cd650c02eb67e2b,24549171,0xeb9f1c3d78e91b0ab0e499d103b655e5cdf5f17e,0x28c6c06298d514db089934071355e5743bf21d60
0.510785750946119,0,0,0.458624863,0,0,0,0xbe598a8b715baa42b2e95f17e97f9cb9a3e0c095c9498142fccde24a4b983ee2,24549171,0x5856c7e0201474f4a256396fa9d0780c31c97eb2,0x28c6c06298d514db089934071355e5743bf21d60
0.637376916779305,0,0,0.458624863,0,0,0,0xdba2b0cbbf622e7ded958e7ad6036b6beae59e17ec969675f91b33d127d9c48a,24549171,0x9aae48e452d2fa397ad99ca6d36ede281150b4c6,0x28c6c06298d514db089934071355e5743bf21d60
0.0961134,1,0,1.267151054,0,0,0,0xf4403e2dd58939d3366a1de9be170c9ef5fa30ef0f77594311caf2d9da85b5dc,24549170,0x28c6c06298d514db089934071355e5743bf21d60,0xb453b8ff6a3b996487f3774e802f2384bc6f4ad1
0.03484,1,0,1.27612587,0,0,0,0x2c7eb0b1597dae3be849712f6e2a2a9d0cbfa9fdaf210e217fc9fc64d6207a2a,24549169,0x28c6c06298d514db089934071355e5743bf21d60,0xbf0165db327b5e1783294e57ef9171a340ade7d4
0.06189331,1,0,1.25715943,0,0,0,0x3ad9e8e651be467e9205a0c4df541c4da560b7d2dfe972b101c7570d6c733b44,24549161,0x28c6c06298d514db089934071355e5743bf21d60,0x908266d12a72d04768c2de074de4a1ce6dde3660
2.62295355,1,0,1.287110746,0,0,0,0x81c7665e21a80d8ecb339304e641b76cb5ccecbda49eff4b834258d2dae86622,24549159,0x28c6c06298d514db089934071355e5743bf21d60,0x8677c92faaf99d59ecad7ebafe9e6694fda68a22
24.99985,0,3,1.281727018,0,1,0,0xed392bfdd5bc7a5e2f0359e51df98bc9df6d556493bc7e8b02c531ee709d2ac4,24549157,0x28c6c06298d514db089934071355e5743bf21d60,0x1dc07382c40c90625fd41c87d3eca2c54630ab92
0.01593761,1,0,1.284387349,0,0,0,0x1f73d5cb479c5ba263cdb4b0254aa80cc493858ce622c02bc944632f46c6451e,24549156,0x28c6c06298d514db089934071355e5743bf21d60,0x9651dc39cbaf9856316d1d3f913da7d4de6d4511
0.6186492898587556,0,0,0.47940006,0,0,0,0x5b94f0a6b24d71b82d54e472abc87395c3faa2dc26dafff20565c1dc5cc7388f,24549147,0x52bd1172d850c10f43a56b72df5e855d3d3c49b1,0x28c6c06298d514db089934071355e5743bf21d60
0.51508844,1,0,1.290878726,0,0,0,0xa29de3a1e09e47c4d8113b7d6802b84a4b4d0796cdc0dde13ad367c58d837396,24549146,0x28c6c06298d514db089934071355e5743bf21d60,0xf6405a50238f9ecec459445f13b84c2e28fd6b91
0.0079531,1,0,1.270794493,0,0,0,0x1d7a0de399be9d55e0bb80f27f3f37a6938a03e468be8f37bacde9cf4dae7acc,24549143,0x28c6c06298d514db089934071355e5743bf21d60,0xb2294894326ab450a3bae5d86c08d3770795d153
0.0151347,1,0,1.300377886,0,0,0,0xc7e1b43dfcec2bf23cbdb098a0305491118fefcfad55a363e71ab2053aa1b242,24549141,0x28c6c06298d514db089934071355e5743bf21d60,0xaa78fb7dcf106f69dbc4d6e0c7dc67d79395aab9
154.99998795929744,0,0,0.501376731,0,0,0,0x12aac874dbbe43c7e89e5a31abd32a8a174964c9d5fc7cfeb828376c0b1e0b45,24549136,0xdfe8c48608db1dc34e057916dcb3deea0b7bfbf5,0x28c6c06298d514db089934071355e5743bf21d60
0.54968,0,0,0.501376731,0,0,0,0x61d40dd63edb5d431a99dcb910edb714f74ee18afe8c9fe7e1f489da5afb4b56,24549136,0x950968fb480a1b80c9084a876759aaae7ba171df,0x28c6c06298d514db089934071355e5743bf21d60
507.50457347182527,0,1,0.501376731,0,1,0,0xb5d064e89e166d97f2b08e035566d0bc3335a2b3385c4cec45c31047ab9add0e,24549136,0x2b5431e034ace47318edfdd4f693224562c27c6e,0x28c6c06298d514db089934071355e5743bf21d60
2.3848839429973467,0,0,0.501376731,0,0,0,0xd9013c1ad0622838bd3a68d1d607e307d40767947fc8cd32f6864bfc5c9f0f2c,24549136,0x53cc5d8a085e6441286667c74cfc3c577201aa6a,0x28c6c06298d514db089934071355e5743bf21d60
1.072333848567081,0,0,0.517813986,0,0,0,0x2b18026e82d8399b0c31a506988fedc674235d772fc0cb9cc2dd2fd1b7e14825,24549135,0x906ff65fc974fd7d24a1c7cc4996f8c0d86ee212,0x28c6c06298d514db089934071355e5743bf21d60
39.99996894534754,0,0,0.517813986,0,0,0,0x9f4b33f81ba0086445bf7bd1e73af3f6a9963dcee8737d73dbc46938d6a542bd,24549135,0x5c8b31cc91b84cb554826ada05c9bda77f9e186c,0x28c6c06298d514db089934071355e5743bf21d60
0.616357460532294,0,0,0.517813986,0,0,0,0x4763263090fff6ef32238bce0496c9d0b2991bb17f01f36ea962e1c2184b6cc2,24549135,0x84e2b42ec38faaf1a187749b9c511e53aed29314,0x28c6c06298d514db089934071355e5743bf21d60
0.514994440262348,0,0,0.517813986,0,0,0,0x920c49cc684c26cbf02e9bcb4ce47f53c6033b3776cd31a2b30302498d08144e,24549135,0xb75499e55459b550cf18a4a1d1d7ede34865018e,0x28c6c06298d514db089934071355e5743bf21d60
20.86669252898078,0,0,0.517813986,0,0,0,0x7c5b2a7f1f22059af97128d07c382c18b043321424e111ee3497779dfd703211,24549135,0xd9b1d34494f7fc317c31e825a4039d14ff4d0f49,0x28c6c06298d514db089934071355e5743bf21d60
0.563307962267112,0,0,0.517813986,0,0,0,0xe7c3cbaa1c577b5c7f81d2ef7071b2aa07bbde79ed8a03cc40636305e1927574,24549135,0x5871c0486d3dc55cde8c21522794e6ad394b80db,0x28c6c06298d514db089934071355e5743bf21d60
30.07879508197448,0,0,0.517813986,0,0,0,0x2a5b9ab870234cb805933c88c2fc693d653c0ce3a28bbcb3fabbad61a2bd0eec,24549135,0x82c814253bcbf4ebc9e0d20741e2ac553078ed56,0x28c6c06298d514db089934071355e5743bf21d60
0.653857292215183,0,0,0.517813986,0,0,0,0xaa1be6ca3bd669e20e3f13ac5b4043e9d2bfdb98d441f1dd78ede7a67f18cb27,24549135,0xec77e7bc63dacbf220d2fd3ee749ad310fd4b3f1,0x28c6c06298d514db089934071355e5743bf21d60
0.761884108089482,0,0,0.517813986,0,0,0,0x26f3d02ce23ed249a48372914cff23d8694d4197b4a57a44b229b13f756f09a2,24549135,0x3453f7bd3e3477560de95b454f535843cb214df5,0x28c6c06298d514db089934071355e5743bf21d60
10.456993900783289,0,0,0.517813986,0,0,0,0x5712cee4f8b764b5fae8ac20c0bbb6b84c030eefd201e5687cbf56c5730b18ea,24549135,0x0871193fe864b6066d7b54a949b4e33d9394ede8,0x28c6c06298d514db089934071355e5743bf21d60
108.51603025744576,0,4,0.516471891,0,1,0,0x27d1671c75dee0b3d516ad1e1e20127d6a3ae9a6bdd8072bb8dff99b54e063af,24549134,0x2d6ffec3acbdaff0f895e70fcc699246a2798102,0x28c6c06298d514db089934071355e5743bf21d60
4.399653980977669,0,0,0.516471891,0,0,0,0x6e51246d9fb30a9a968df4a2620fc95283982725ea8e89c931fd6774ae5ee531,24549134,0x707388e49c992762042b8bf81726f849d13b4144,0x28c6c06298d514db089934071355e5743bf21d60
1.031890842864764,0,0,0.516471891,0,0,0,0xccba5101480261581581e6359cb8a34b4fb1bddcf8e9e7446507107a8c06eaa0,24549134,0x1b8e425aefeca11eb6fee63fe23a6a177bb69cd4,0x28c6c06298d514db089934071355e5743bf21d60
4.06132081,0,0,0.516471891,0,0,0,0xdfeee736100e8a74a9ac25624f67dbf05e8963469b5a84863240914ff560a3b8,24549134,0x0eac22ab2007a19b80da9f8a258f0bd8887b2627,0x28c6c06298d514db089934071355e5743bf21d60
0.0360973,1,0,1.314646412,0,0,0,0x5c0deb4d0d34baa94d639573c28df2c5cbb0931f4423a6fdf0dab65027280ce6,24549132,0x28c6c06298d514db089934071355e5743bf21d60,0x7c8a21d284e976e438efdb8826ade2a55a822843
0.10646733,1,0,1.321946132,0,0,0,0xbeb6c8d780eeb27d651a564116f57f3bd01b08e7de775dde4b3589db18e3f8f5,24549123,0x28c6c06298d514db089934071355e5743bf21d60,0x3295cbf686ffdb1cb0a9413b952f378e014c066d
0.00528397,1,0,1.312569409,0,0,0,0x895fd7ba249d7ef6d99e50fbcfa5cb6588ca503eadaeee83f8a79b33daeea7e0,24549117,0x28c6c06298d514db089934071355e5743bf21d60,0x47bf398de3cc76eaf14a46eddd69a2589825d2ee
0.0955542,1,0,1.333277766,0,0,0,0x66391f4163ed42db5e6f2bbb9632821654270002d97e39cfb0a87fba16aa8979,24549112,0x28c6c06298d514db089934071355e5743bf21d60,0xba67ef73d3457b0a0b73bc9ce48a91d724cb7326
0.05985,0,2,1.333253996,0,1,0,0x779fe609f623278b04566656b31dab504856c792e27bab726adc4f11374acc96,24549108,0x28c6c06298d514db089934071355e5743bf21d60,0x937712ad13fc1915d43abdbc8189c6e68e55590d
24.99985,0,4,1.312382681,0,1,0,0x67e82aafe8a7452d5b5c2f78d7c7b5825fbbd0bad3b0f801e9c4dcf1c53f9534,24549107,0x28c6c06298d514db089934071355e5743bf21d60,0x1dc07382c40c90625fd41c87d3eca2c54630ab92
39.99985,1,0,1.346607349,0,0,0,0xbb39660f207a5131eaecf9ec6dbf7c49dcb763d865883bd8b93c1ab5b4617cf4,24549106,0x28c6c06298d514db089934071355e5743bf21d60,0x3d941b5f9979602c79ef50262d0a52d88c9ea0ba
0.00495,1,0,1.308411482,0,0,0,0x74b6f674339e9f0883ede4494949432e4a65a2d648b6772c56cf99226ee077f2,24549105,0x28c6c06298d514db089934071355e5743bf21d60,0x34300cdbd0fd142360f63fd17ec7f2dbcf12c8c5
0.00185,1,0,1.324855875,0,0,0,0x78f481f538cf4a4f34dca4674eee9a77879cd0423c65a3a975871a2c07904c5c,24549103,0x28c6c06298d514db089934071355e5743bf21d60,0x3c24c19565e432730914a9cb1fff583f8ed0a20d
0.3607887,1,0,1.368590573,0,0,0,0x54d4d9efffa34f73a9c04b803400191bafa77e5e5c76c04281d92953c4b496bf,24549098,0x28c6c06298d514db089934071355e5743bf21d60,0x1905c67f8e0423ef89f54f2de9be47c294055a34
0.05777,1,0,1.379201226,0,0,0,0x82632df120274e95d2a2d9de13797e2f6c330854ffba5daee5cc8bcd56e516c0,24549095,0x28c6c06298d514db089934071355e5743bf21d60,0x7812aacb2a0bcf950510d90ed407c65f186dca7f
0.4087461,1,0,1.369853573,0,0,0,0x10cc71eff624942af5ff1611ab2e803b2b96a7a2f00d30a38f0c5dac066c2e15,24549093,0x28c6c06298d514db089934071355e5743bf21d60,0xcc223ddc70557eab4d5d09fa09f2961b76bd3b4c
0.52772251,1,0,1.362115208,0,0,0,0xba6f5c62b95b2662f7db122b45e249c96af20deccf39cd5c065e4018492ffb6f,24549090,0x28c6c06298d514db089934071355e5743bf21d60,0x609f039a7954cf9c0da697933a11736ac72c8de3
0.47135466,1,0,1.362251741,0,0,0,0x24e70a8bf4fe862d8aae82d0ddf1bf4a5e0206b18f59bd86283e9f579da2de3d,24549088,0x28c6c06298d514db089934071355e5743bf21d60,0xeda36265fc007919ab4c4c81a59f5fe9a0fa8668
0.16771969,1,0,1.400148068,0,0,0,0xedcf42a4a5de0262c77721044421bef2b55ff28bf80b882196e64fe0d830cce7,24549086,0x28c6c06298d514db089934071355e5743bf21d60,0xb4df717f9389953acc1997c3d86db127baace46d
2.211643388725203,0,0,0.591631254,0,0,0,0xaa26e2357ace30d0f670c0db7aa2d82c68d3f2afc518f623fe5ab0cb8fa269bb,24549085,0xa7a438eeb5b6fe9daaa2d36523422d9359c1a290,0x28c6c06298d514db089934071355e5743bf21d60
0.5421313457396583,0,0,0.591631254,0,0,0,0xfb37f10bea2a8b8bb1f4638fa589e6470dd967f982769494f3d2da2498cc54ad,24549085,0x2286a543b07a1164c9781b0824e1536ac5827468,0x28c6c06298d514db089934071355e5743bf21d60
0.500995133602023,0,0,0.591631254,0,0,0,0x06a7e34fb02d1f7882d562df091a509a4e2ccd09460901e37e94d129a2cc8019,24549085,0xf42b6245533ee9a20456e0a2357841c145608f8d,0x28c6c06298d514db089934071355e5743bf21d60
524.4099677219285,0,0,0.591631254,0,0,0,0x6f95345f5e2410d5e3b04caa82f87f93c44e02b4dd393b026747d04379fdd2dc,24549085,0x08dc8ffc2db71ea07537d1328b3be0799b604396,0x28c6c06298d514db089934071355e5743bf21d60
1.100990638384212,0,0,0.59198257,0,0,0,0xe04688113ab8d710b9a8e5011c9d69ff542d3d28e22a3a75e974808b4fac69da,24549084,0x253b3f079e4ab34df16ef2362e489f97f59bf213,0x28c6c06298d514db089934071355e5743bf21d60
0.4980101245290864,0,0,0.59198257,0,0,0,0xe55ed78641d3aef0a5e3f5fc05798b9c5c98d455170977dd708ebe4a68e4ae7f,24549084,0x856336ebd8508c85c11b555e50726a273719d3c3,0x28c6c06298d514db089934071355e5743bf21d60
0.06628682,1,0,1.334300274,0,0,0,0xf758f835ba80c49a28e077eed3d155701576221e9abb9ce880990d975d2ee289,24549080,0x28c6c06298d514db089934071355e5743bf21d60,0x80e41e5819ea88d48c4b13c1f8b16d46cd293b60
0.8943546,1,0,1.347088785,0,0,0,0xd457e179aa3e7ee1cfcf499e8bb65397f0b599319fb53217c589d1c783121384,24549074,0x28c6c06298d514db089934071355e5743bf21d60,0x890640dd723da08ef3ab6cba80d2f4f3cb06c4f3
0.5613161,1,0,1.308545659,0,0,0,0x2e84dfe31a5d3fc4ea5f220c4079ca2aa2e13f13b25bd37778f953695518a471,24549073,0x28c6c06298d514db089934071355e5743bf21d60,0x4754847cc669e3b21366c08fa3241b9245a19103
1.50985,1,0,1.336791159,0,0,0,0x1106dfb415dfb02c9808ceb7114991d570e91cd2a68904a91cc7f67a0e784483,24549070,0x28c6c06298d514db089934071355e5743bf21d60,0x1e16845482acb337b9eb23d31b573d9dd52b8da6
0.07780881,1,0,1.336791159,0,0,0,0xe336b1f5aab135da0fc812bdd448daaaf0fba6dcba47454432282afe0293b433,24549070,0x28c6c06298d514db089934071355e5743bf21d60,0xfb07f52295b0c7cfdfd57a36b34d0513b1d9eec5
0.0100398,1,0,1.310672058,0,0,0,0xd3652ce741858931e7f80c0092bb0d932d0df03c29d4cc18cdceae7ca6afb8eb,24549065,0x28c6c06298d514db089934071355e5743bf21d60,0x65ef26d22a5a85b951fb02528dcf4f3272d3c5e2
109.16985,1,0,1.332465167,0,0,0,0xf6f115943ce965cd852d72264da3d271c973082e63514d8a9925ac596ce1dae3,24549060,0x28c6c06298d514db089934071355e5743bf21d60,0x80d3a6b8b48b303fc5e48d118652fa870cfa15af
799.99985,1,0,1.294270148,0,0,0,0xb5ece94ac352cb367366c786f5e8523bcd830b7a6f5ace5584c891a401fc6c9c,24549058,0x28c6c06298d514db089934071355e5743bf21d60,0xecbac8014b1dcf9594dab517e9f33715d069ff39
0.00385,1,0,1.302784604,0,0,0,0xdb05ad8143ee1d012d5dabea5c094f8a1c2bc8299681dcab6700a5ff7d08626c,24549057,0x28c6c06298d514db089934071355e5743bf21d60,0xe90517fc4e7e7dee49db9065781158c250c9d8ad
0.517752,1,0,1.269424558,0,0,0,0x462ef1c537862e4ec478372531f0c1ba427839096e27b6027ec422eaa968b58d,24549054,0x28c6c06298d514db089934071355e5743bf21d60,0xd63584878cd658fd82502bc2f07fadc6fbc96839
0.60428062,1,0,1.239094062,0,0,0,0x8f9576d2b1d861c485798978fd638aa2d379dcd21a8aa3c0ede99cae3ef8e911,24549051,0x28c6c06298d514db089934071355e5743bf21d60,0x442b38a52df653b7f5bfecf959833e071512c5c8
0.03014797,1,0,1.239094062,0,0,0,0xd2641f3c80484a5e958744d80f3e2373618b8ef29560cb27eb2de84f55a90a58,24549051,0x28c6c06298d514db089934071355e5743bf21d60,0x382f0cdf19dd0d875fb2705ade8dc525aea3b9ff
0.03225,1,0,1.281111171,0,0,0,0x2865a8302fc1d63748692c5f469e046cc3d986025c9d476776098d4179061530,24549048,0x28c6c06298d514db089934071355e5743bf21d60,0xcc464554114a395966d982f428935a804e1c19ab
0.24985,1,0,1.267187531,0,0,0,0x5935124d30435af37b3e8e30cf1baf93b712ab6de107ee6774d37c790ff5bf6e,24549046,0x28c6c06298d514db089934071355e5743bf21d60,0x58ea99d68e3f4dd78fc2117173b6beb52cc88a4a
2.00769446,1,0,1.248717784,0,0,0,0x9074584c271a02f2827784ce597f11eabe594cbd9b75afe24e58bd86332f982a,24549045,0x28c6c06298d514db089934071355e5743bf21d60,0x1d03a7d68b477e60478c268dee3efde9a0ca053a
0.00695118,1,0,1.221494354,0,0,0,0xcf7c5c50045565d8bbfbe7b8e8e9d03dd0f6c6fecc49d16b35f6b000c1ba4031,24549041,0x28c6c06298d514db089934071355e5743bf21d60,0xd264a53fd6ae435e3357ed8e3d78cc08b2c5350a
0.0041576,1,0,1.233914991,0,0,0,0xbcf0b38ae5b80d9340e4d5b91a43d5a85b98958ed68d20cedd5f87dd6d13e1f6,24549039,0x28c6c06298d514db089934071355e5743bf21d60,0x31579262eeb28e0a9608cd1624160fb306209373
149.99985,1,0,1.215335205,0,0,0,0x790b03c7b9090cf090dacd1c621a1cdafba7e141c3abb048e429276c86a417ad,24549034,0x28c6c06298d514db089934071355e5743bf21d60,0xda98010679d7f8199c41969025d0aff6a40ef640
99.99985,0,1,1.195341953,0,1,0,0xbe25079b4b76bcf52b5c05c2a64519e553e019ef2570f73806dbb6bcfa2880dd,24549032,0x28c6c06298d514db089934071355e5743bf21d60,0xda98010679d7f8199c41969025d0aff6a40ef640
0.74896498,1,0,1.201410984,0,0,0,0xc7d390b36ed3d076d38a002fbda35fe8297275e0c2fd5c76be8b28c60b06a22a,24549031,0x28c6c06298d514db089934071355e5743bf21d60,0x7716d148f4baffda15cc754a5efebf88dc3cd24d
0.0101397,1,0,1.159168946,0,0,0,0xbc7d1d7d1460491d3998ea0195e315dbba0717207aabf41fbcd29397454755c3,24549029,0x28c6c06298d514db089934071355e5743bf21d60,0x8bad4bf20ce3e7fb8422fea76ebd68190df0b586
0.01260822,1,0,1.166332647,0,0,0,0x3a0881893789dd644142a11c2f540c69ac08dc8b39ffd321ffa942d77c4410a1,24549028,0x28c6c06298d514db089934071355e5743bf21d60,0xd5c7bb2b5499474d9009d721f6bee2a11a9d194a
0.09588126,1,0,1.166332647,0,0,0,0x553fe0b3b7625508fc433a7c96456ce42fbfdb134575e062ee9a41d6798f0a88,24549028,0x28c6c06298d514db089934071355e5743bf21d60,0xc5a14421e1aa518ab9211165a45b4f43f57b9a92
1.8471082030805253,0,0,0.36210711,0,0,0,0x021c14f137108cd6d1647f20d53932507c0624628211600b76ac159ece5bcaa1,24549023,0x69437db0974872c2b7ce51c521271bb28806e603,0x28c6c06298d514db089934071355e5743bf21d60
76.95845214744577,0,2,0.36210711,0,1,0,0x03875bf98782e350ed51af4b7024bf7a03559fd49dda49850cd04280a72e29a3,24549023,0x483a910a7479af5bd1333014af97ee5c733a7052,0x28c6c06298d514db089934071355e5743bf21d60
0.9999520317424228,0,0,0.36210711,0,0,0,0x2687efa7190de095408655fa43cf74f70d2064f2d3d05155326878b71bec5ec8,24549023,0x34db0accad79f7e102a0fb5b74431019b0ab4fc9,0x28c6c06298d514db089934071355e5743bf21d60
21.875061932396992,0,0,0.36210711,0,0,0,0x32741e22fdeda7cdb1d564b639b79084cbe3d8eee298017c8af1f5c34334cbbc,24549023,0x8d005417ccab1f22f39d49c4d58213242e2aa4ba,0x28c6c06298d514db089934071355e5743bf21d60
1.258850328016432,0,0,0.36210711,0,0,0,0x44900f7dacc8cfb13020217f756dc687465c78a1997f5865d7175d0331f3afb3,24549023,0x6f4ae8e9d369c9a62bad9bf4210dce0db905cc17,0x28c6c06298d514db089934071355e5743bf21d60
0.538275744534076,0,0,0.36210711,0,0,0,0x5ed769f310824b4d50eee98e3ecb5a1650950839d19203091167278bf166ef85,24549023,0x9101693538fbad9acdde3e8fffbc1faa019cb2f0,0x28c6c06298d514db089934071355e5743bf21d60
2.649817361986287,0,0,0.36210711,0,0,0,0x735b2225bb8b07272b1db0c0cadf2ac899152e2013234f58e94eb8709074ca19,24549023,0xd23f87ea64ff0a8695f856604252b80fbeaa868d,0x28c6c06298d514db089934071355e5743bf21d60
0.739993509282368,0,0,0.36210711,0,0,0,0x7405ae90eaefca085de8945036e6d7b04eafd31d383b81723e36a38b43892c68,24549023,0x1b550c12e3836b3f4d87df402df4e33bad73c357,0x28c6c06298d514db089934071355e5743bf21d60
3.579288047223276,0,2,0.36210711,0,1,0,0x744dc509d4184d90286d33d03fe1b9ccec1517317d2d6e5fcaf1deb93fab1468,24549023,0xd275c77cc1dd410ede0690dd8a9b3af729e4dcc4,0x28c6c06298d514db089934071355e5743bf21d60
20.4739932938768,0,0,0.36210711,0,0,0,0x74831550e9481ba7654ebcf40bd3bb5e7be16e08f99e0903f1a09621e922db24,24549023,0x768e1c2554461904222aad24e30ea51eb0a738a3,0x28c6c06298d514db089934071355e5743bf21d60
0.7007607435239745,0,0,0.36210711,0,0,0,0x9d195f7ab62dbb1b884f25c7f52a8224caf1e06744104cb94b90dd04ca17f3b5,24549023,0x93104d3395c0d8cbd2f8e794667dfe4d2008c47f,0x28c6c06298d514db089934071355e5743bf21d60
0.5955442942045035,0,0,0.36210711,0,0,0,0xa0f81ac00e1e1125d76f3337a3747a4818f48bff365f76d81381b3f359e7be26,24549023,0x7e0c203a27de33ed98f57c7918c93c7de95f4e0e,0x28c6c06298d514db089934071355e5743bf21d60
0.5025,0,0,0.36210711,0,0,0,0xa9c3c388171a4b6816f10c2f5cd0561e7b1c27c3891efdef1a1380dc1f959bef,24549023,0x8c9828ffaa072b93c853c47086958e0e5a3b7894,0x28c6c06298d514db089934071355e5743bf21d60
0.5952256116548149,0,0,0.36210711,0,0,0,0xb25070ba48894c20b51ccf8d3f94ec4d44b32f237896748a3c3cd283e1c4f881,24549023,0x577864bbe526e38c403db613f8de7a4f95d898c6,0x28c6c06298d514db089934071355e5743bf21d60
0.9999774496091194,0,0,0.36210711,0,0,0,0xba22d4de7dd80700b3b7a4ab3381c0a037261b11ee3bc614b5f6299cf3031916,24549023,0x3f4378fe8050333b548f23c906b46a48bb2b0dd7,0x28c6c06298d514db089934071355e5743bf21d60
0.547350748160854,0,0,0.36210711,0,0,0,0xbe919278ff87409771e44c87aa7a323de384ac295ebb63fdb7be7367cb6236db,24549023,0x5f80ebc0a0068a2c2315f86c59b10d52b510a68a,0x28c6c06298d514db089934071355e5743bf21d60
1088.9998191599525,0,7,0.36210711,0,1,0,0xc035e0326b3f35d390a160e052753e93605cb91120348048cebde2114f051411,24549023,0xeae7380dd4cef6fbd1144f49e4d1e6964258a4f4,0x28c6c06298d514db089934071355e5743bf21d60
0.7897126657246046,0,1,0.36210711,0,1,0,0xe5357158c1f5a864f661d3c23cca7b0464f23671600ec1a30f25c799e85406a6,24549023,0xc9666ce5be61eb45376a35ed480ba82d264ca58c,0x28c6c06298d514db089934071355e5743bf21d60
0.9287470192213202,0,0,0.36210711,0,0,0,0xe6829ac89624b4cb13557e266df670e478648beae21b997e7cf5471ac3ce643f,24549023,0x449e4686ef2baf51c0516fc4793414d11aa36021,0x28c6c06298d514db089934071355e5743bf21d60
1.0562962988,0,0,0.36210711,0,0,0,0xe89b47c3870d353f77193825b44bdfdc241d7e7f65a7f4723e14e0e4c7275da3,24549023,0x10d84c4ab5a38f364369baf57d083b468e9f10df,0x28c6c06298d514db089934071355e5743bf21d60
0.02785,1,0,1.159942018,0,0,0,0x15f405711431fc792092a1fda8aa2f15e7000af134dfa55b3e25cdb8e1197a62,24549021,0x28c6c06298d514db089934071355e5743bf21d60,0x802d14b0e2d51eb370650564e504a55336e31dd6
33.42985,1,0,1.169451507,0,0,0,0x4f83574b1a8bd9941c0a08821cd497cd6b08c1cd07521b29ef9f6b847f9a2a77,24549019,0x28c6c06298d514db089934071355e5743bf21d60,0x829eac83b5287a665b9859bf8aa7f09467af77d4
0.07434672,0,1,1.17374205,0,1,0,0xfef3d1432e28a6ed2ed5109c3e3f27d0b90c6acc5564f2a7eaa6aa8d1e79b50a,24549016,0x28c6c06298d514db089934071355e5743bf21d60,0x8d5e62b3e386fb009d77992360af57c2b50efd3a
1636.0,1,0,1.17374205,0,0,0,0xa7baf33bc6bfe66d9888ba2f3f42029c853411331b95c50587d071988b3180d3,24549016,0x28c6c06298d514db089934071355e5743bf21d60,0x51c72848c68a965f66fa7a88855f9f7784502a7f
0.0024512,1,0,1.176582193,0,0,0,0x663f8fa3ecae2a775d1379879f46b6e4c48ce14a25cbfdbc9157040002637272,24549015,0x28c6c06298d514db089934071355e5743bf21d60,0x64f886fc9efb6e61c0b69956d6c876ff497956c5
0.28785,1,0,1.166761082,0,0,0,0x69073880b65653cfbec5ccb6fb468b841b34e1fd40ccc0b2a983b1bd33529077,24549010,0x28c6c06298d514db089934071355e5743bf21d60,0x4f8fc2b1e11c5feb45c2fd9f8679027c24554d3e
0.00239876,1,0,1.166761082,0,0,0,0x8a8900c425f2478785d0da543647b31e5a216440779e811f036d143a35dc3e28,24549010,0x28c6c06298d514db089934071355e5743bf21d60,0x770314b6194719c7f42b8afb04c5337db2fa8c60
0.04905039,1,0,1.191847561,0,0,0,0x219bd5d76d2f4628748d84ec27a7c9be9cf9e72bea9989faf5a1cf43153ca80b,24549007,0x28c6c06298d514db089934071355e5743bf21d60,0x5cde194380c3682e39e9507e4a6ea285b4f2fbf4
0.00659066,1,0,1.193072109,0,0,0,0x1b1836314e3025e292ce9172813e61feaf5ded9a445c8f6871f69c30e25e3b93,24549004,0x28c6c06298d514db089934071355e5743bf21d60,0xac9e947b1ede5f6e19c91d7df97770a53ce570b2
0.00585,1,0,1.197458795,0,0,0,0x7df2a20600424034430e8b1e41866b903b442bec93bdb349a4da55b1132f3ecc,24549002,0x28c6c06298d514db089934071355e5743bf21d60,0xaec1b87db2cf66caaf095c1aad1ed4108cb4a6f7
0.00246588,1,0,1.196605233,0,0,0,0x3d82cfbb9d46deadc49087005bf0fedf46c0fad94cfd095704ba02355e553d40,24549001,0x28c6c06298d514db089934071355e5743bf21d60,0x29f0b99cac8e65aecb0a43cd0caebe9b9507f2c4
0.00245914,1,0,1.178544249,0,0,0,0xdc00b2062f4eab09ca248a5982d9d22a0825602ad105a3b2443527a1c402c7ef,24549000,0x28c6c06298d514db089934071355e5743bf21d60,0xd339713b486f19a8b9d8b9443718fc89b8c142a9
1.0998485917682108,0,0,0.393497223,0,0,0,0x83448cea7ed28ef0b3efa549525b7d0afe13a5cb1fe033848bc565f3ce0e3261,24548994,0x293183e4887b837ddff7b2ca0afa5b4f78552f88,0x28c6c06298d514db089934071355e5743bf21d60
129.98985,0,1,1.193497223,0,1,0,0x91ff99e3bec4fbe0ef24146ce4bbce73244b6b50f0d4f2e08e8dfd0b33b8f2f5,24548994,0x28c6c06298d514db089934071355e5743bf21d60,0x829eac83b5287a665b9859bf8aa7f09467af77d4
2.329216552381366,0,0,0.378871716,0,0,0,0xb651246979c6842c3455ad3f2c2579001ed22e09f45c38154d351bd408d67ac5,24548988,0xa21fe11fd75a4d831c8b855236c0223909123e6f,0x28c6c06298d514db089934071355e5743bf21d60
3299.999993724345,0,0,0.378871716,0,0,0,0x1e589fe8e570e1cb2487023a22604a4825b5f44235fbe80739ae3d9e0d0b861f,24548988,0x9a7226c3f2c4663af5786bdca118ce1d8d06ba73,0x28c6c06298d514db089934071355e5743bf21d60
15.42138567827562,0,0,0.378871716,0,0,0,0x817cfc58f8a86d0f174d8ee238ee26e0ce6f5172a3659ade9a1aa708761e9be6,24548988,0xddcd71b4636244347a203f72a93581ea0e3f43d9,0x28c6c06298d514db089934071355e5743bf21d60
1.687263450671534,0,0,0.378871716,0,0,0,0xade83b0f89f8bf8427693752503f588864e8575de62a58e2c04a8a6daf0b0c36,24548988,0xb3d2bfecdd153b339a33c008941232d9e1bd203f,0x28c6c06298d514db089934071355e5743bf21d60
10.292642525288644,0,0,0.378871716,0,0,0,0x3d41a813e8e0000660e5d19851b076afba1727e597e63939b4523b06bca86c15,24548988,0x1918fa9c3a2118c7174e706896cd30ae4623b662,0x28c6c06298d514db089934071355e5743bf21d60
0.659813507524814,0,0,0.359008226,0,0,0,0x6273f0f5dd43172845ec4f6aefff96c7b7480f65177de7dd0303261915915e25,24548987,0x30f0bc2edc03d0e2c9b7e04f9821b8da0a8bd4e4,0x28c6c06298d514db089934071355e5743bf21d60
0.779994256804185,0,1,0.359008226,0,1,0,0x67a61db9c8c78631826d59271d6cf042924adc9be43bf6123c28cc113130dbe2,24548987,0x9497508512c667ecb49a330a10aecc6c27e3854e,0x28c6c06298d514db089934071355e5743bf21d60
0.612028551222604,0,0,0.359008226,0,0,0,0x79971f3c985b8a56757acf63ad1ada103753204c2709fd61b6e16b2abf35040f,24548987,0x6877f70f870553a39fc0c6a1675650e4d348185f,0x28c6c06298d514db089934071355e5743bf21d60
0.607685433041998,0,0,0.359008226,0,0,0,0x7a1e90f8fa5e554fc8f927445a6eb17dbf8b47e7a96d5dd59a15411438dd074b,24548987,0x4c862e4a61132161b1ff562c6705246e63a5dd9f,0x28c6c06298d514db089934071355e5743bf21d60
10.999980990181603,0,0,0.359008226,0,0,0,0xa5b6121d34ee4268e35bf92f37bad14295962122d345ee8fc879aa297c5ecb7c,24548987,0x4945e27ad44b22205ac9257abc8f6e6962813069,0x28c6c06298d514db089934071355e5743bf21d60
0.5007985469204478,0,0,0.359008226,0,0,0,0xa8fd57cf19d16d3d02fa1990a1b240704c1f3f2ff721f0cf4240cbec0d5ace17,24548987,0x69c93e138b0e1aeb1602169cddbe360919ecb364,0x28c6c06298d514db089934071355e5743bf21d60
6.999983286393126,0,2,0.359008226,0,1,0,0xaaededb7227df7ccf80105b564a4cea3cabc25bd34201adbf3efbf96aefd057b,24548987,0x9f4e5bc9f391de5c824bd0d065fa716663c91ba3,0x28c6c06298d514db089934071355e5743bf21d60
0.5612865150199742,0,0,0.359008226,0,0,0,0xc435f91ba4b1bef23ae6eb7cc570242992a0b25bc32c90011b0c03511749eff2,24548987,0x88f6b3fa72b156664f2184b118eeedb28aa16ab6,0x28c6c06298d514db089934071355e5743bf21d60
0.7781709,1,0,1.159008226,0,0,0,0xecb3efe58776080994b1dc3747c10401b211adfa7de5a8fc55c27e8b5017e002,24548987,0x28c6c06298d514db089934071355e5743bf21d60,0x31fc957032a1cdeb814ef1337aedf00973cf003d
0.977832,1,0,1.159008226,0,0,0,0x60efadc854a70192d7e10637dc53068b5f3c1e527b8db4b776bc124250147d00,24548987,0x28c6c06298d514db089934071355e5743bf21d60,0xe595cca9c0ff4ec20b1e854f3b05078b95a2a720
0.02795195,1,0,1.167306793,0,0,0,0x59a7f8df69d53c7d5d2a3b5b6e97acd18a493b63e0adcec4063b5ee278865d6c,24548986,0x28c6c06298d514db089934071355e5743bf21d60,0xb9bd386c70b20048be16af6898ff22768f071004
0.28792,1,0,1.167306793,0,0,0,0x8bcfc90e30de6427cabcaeb690cc04f0d562989a82788d2e12109c4b23c1f3c2,24548986,0x28c6c06298d514db089934071355e5743bf21d60,0x0f02992055b79829069f8897874c8385f2e6714f
0.42320314,1,0,1.2136054,0,0,0,0xf055bc0a5fc7a2fa24bdb545aa0e57626b68291c2f9551f0a8ad622bdaf78cd1,24548982,0x28c6c06298d514db089934071355e5743bf21d60,0x1b897e9dfb7ae7255392ee061ca3b6c6c1d31c68
0.00587342,1,0,1.205405213,0,0,0,0x72798fc0b3ea9323de6e75f0fa9288e0ee6aa40221c0c4ff02564fddee05f16e,24548981,0x28c6c06298d514db089934071355e5743bf21d60,0xbadef5a01f6d28cb5b6eb0da6c2c398434b05d82
0.25670575,1,0,1.219346503,0,0,0,0xae4a1a079b9b89c93cef11c224e1d0809c498e0e463f34cc01294efca2293e89,24548977,0x28c6c06298d514db089934071355e5743bf21d60,0xcfde2feaa8335a9364971649b85fbbb905a30026
0.39985,1,0,1.214022099,0,0,0,0x5d75bf529cf0effa440ca58a0874175414b5c01a96f06a2f9833928a8518c944,24548970,0x28c6c06298d514db089934071355e5743bf21d60,0xd47cd401c6a83fef16de55513abc381608b75282
1.25669171,1,0,1.209451299,0,0,0,0x87a11381bb5514e8ce113de97c8c0c01c1cfcd9913aa3e16e241efb6a502466c,24548968,0x28c6c06298d514db089934071355e5743bf21d60,0x1a44fe804bd094e4f984d128dbc6310e7f934ace
0.00885,1,0,1.241811151,0,0,0,0x5a42e500a31f9fc2c6fb5686fc103b70074721b872aab90da5a58397eda6378f,24548964,0x28c6c06298d514db089934071355e5743bf21d60,0x2090dc19fb112f37b19c4c8483bdd83d07229eca
0.0088,1,0,1.252406553,0,0,0,0x9865438a6639053e9530fea6860bf41c460560bf2b01652973ded0ccdaaa6019,24548961,0x28c6c06298d514db089934071355e5743bf21d60,0x08c6708a4b9ecd9ced2acf461e761574272b8bfb
0.2980515,1,0,1.212978196,0,0,0,0xc8ced531bb5a02eb1ce744f0e2cc87f649c6cae2228209540f5bea72719e3c54,24548958,0x28c6c06298d514db089934071355e5743bf21d60,0x924cd38ac539785eed32953ef78b42a02ad88a88
715.9997722391104,0,8,0.447511577,0,1,0,0x1d8497a19ac58ee08fcfd693db9150da7c5ef9834912da08d1be29eacd14be60,24548955,0xeae7380dd4cef6fbd1144f49e4d1e6964258a4f4,0x28c6c06298d514db089934071355e5743bf21d60
0.01746329,1,0,1.237914773,0,0,0,0xd4e1bdfe299a27c73b48ad8a6ea72a487d02ea71702b9cdd2560307d18154e09,24548951,0x28c6c06298d514db089934071355e5743bf21d60,0xd32a4e141f0d44cce3c52f93ca71bf3eacafd8af
0.74930941,1,0,1.23429383,0,0,0,0x7853b5252254bdb271d0710c95c867bae594b24b96a7073684138078309b1251,24548950,0x28c6c06298d514db089934071355e5743bf21d60,0x84c01391cb2018776730da7511d02a7f2f55ad74
0.00985,1,0,1.207809581,0,0,0,0xdfe5439816899a9fe3039723a175c6aa094babd9aa3f80d5d9af61a76a7d690e,24548947,0x28c6c06298d514db089934071355e5743bf21d60,0x72796d3250400b0167306fd5d3ccc62dcfbbda2c
0.00444087,1,0,1.199736337,0,0,0,0xd40665c5896e7537b8306a0cbe3314d250d975c4a51aaedb1a5050f06637ad5a,24548946,0x28c6c06298d514db089934071355e5743bf21d60,0xfc4ccdefc579f67ffdbde16e41df33e667445714
7.69985,1,0,1.186200982,0,0,0,0xcf55256781d237951a41f69c159d6700268124536fcb10eb3ada45860ce59e93,24548945,0x28c6c06298d514db089934071355e5743bf21d60,0x76130907011fc557d0095b5941396a094a3a1585
0.58511458,1,0,1.191698898,0,0,0,0x5af7bdb35829f1a531883f6c221d7a6fc2bc6965e0f725208230e90bc2491a45,24548944,0x28c6c06298d514db089934071355e5743bf21d60,0xc2707fbaf2d3f6928199c66b8568b7ce47ddede7
0.00498389,1,0,1.185544502,0,0,0,0x837d85ea11470b3405780faf7e57e61607724feeb11fce5caa8a893bae7a1990,24548942,0x28c6c06298d514db089934071355e5743bf21d60,0x57a14e32b3d263306f469d99d822843f1b2a25fe
0.00193,1,0,1.193316085,0,0,0,0x5200a42177b942220d726b3f031f856df10bb93b1bf8c2372a9f60a0e6441f6d,24548940,0x28c6c06298d514db089934071355e5743bf21d60,0xd59308dfeb44703a8c8b3b09f18528a8430db731
0.753303154456875,0,0,0.391909125,0,0,0,0x0f0f32d9c6105f8371c4478e3bf8007740a2504b7f600f753609c3e748bc0e2a,24548938,0xc20766a10f411fd784e04d9c62fabdec41581961,0x28c6c06298d514db089934071355e5743bf21d60
0.799994879087987,0,0,0.391909125,0,0,0,0x181d7a9a83f6b4169cab45ff0f504a3af2bb05463bd57310c2b6130b8a9794c8,24548938,0xc4b78f9b8bfef3c7c205ed57b470994a26c28d46,0x28c6c06298d514db089934071355e5743bf21d60
0.75624731543877,0,0,0.391909125,0,0,0,0x202e499736f38ab1287af68cc2b090585c62eb9737d5021b52676dd33b95e107,24548938,0xc38143ee78a84aaaa8891caac1c3831a81c2fd27,0x28c6c06298d514db089934071355e5743bf21d60
19.153503274414447,0,0,0.391909125,0,0,0,0xb9f2427d86620c5f5b5b6273a5851242f610204cf4d732b7ff1d21c07b4bc914,24548938,0x3c7201f61c491ae4772138fe150008d546c450d9,0x28c6c06298d514db089934071355e5743bf21d60
2.3140199473132728,0,0,0.391909125,0,0,0,0xdc2920b44bd5ac4e0df61b511ac547ac29535f1a12fb2c129aa8fbaf02a47e19,24548938,0x8b8c54a2c4d838b42c8bee9292301f5f903878b1,0x28c6c06298d514db089934071355e5743bf21d60
0.808190311834548,0,0,0.391909125,0,0,0,0xe3d41136c092a9df1d80610508301c76369e80930556fa7d8e3e49ed215fa738,24548938,0xd5ec552a0dee95b29352c1faf76b0f88cc5088c2,0x28c6c06298d514db089934071355e5743bf21d60
0.00496266,1,0,1.191909125,0,0,0,0x3c318ac19bbaf3ab5e8088f20317100c63f1d56af964cadf9bc02d43753adb6a,24548938,0x28c6c06298d514db089934071355e5743bf21d60,0x3ffa83480e431936758a6d8bd9cb4da39d410b2f
0.949558,0,0,0.391909125,0,0,0,0x36b9cf341d2947356422043f791784d1da2c7eaa5d7f88a2a058d8105f4630fe,24548938,0x319bd952a7283558440f9837bb07206106cebe5a,0x28c6c06298d514db089934071355e5743bf21d60
1.114625475365865,0,0,0.373931154,0,0,0,0x3ecd6793d5dd053e5f9b927d8e44e7576d4df3f8b1d0e9eb358043c585c2b394,24548937,0x757a6d01bb8d53d0fb4469d60f6afd0fce80c00f,0x28c6c06298d514db089934071355e5743bf21d60
2.018506760087322,0,0,0.373931154,0,0,0,0x1146ab640ce05dca82700989a478cd8446da29e04d8d7b4d064cf99a044d8835,24548937,0xcd6669ae3b671d19c8343a5b67adbcce80e436b9,0x28c6c06298d514db089934071355e5743bf21d60
2.023025248796717,0,0,0.373931154,0,0,0,0x10f317a6d1efbb37b73521aa770336c83cedc65e7e44874bf8213f0b84a42c8f,24548937,0xce0418c08b7df0b410c922aee2366f53e9fecf70,0x28c6c06298d514db089934071355e5743bf21d60
5.936389259362617,0,3,0.373931154,0,1,0,0xc5e3ad8781db366b32271f99bd0e3c50337f05f0530deab233765c89669cea61,24548937,0xd275c77cc1dd410ede0690dd8a9b3af729e4dcc4,0x28c6c06298d514db089934071355e5743bf21d60
26.196433241592008,0,3,0.373931154,0,1,0,0x620b577bade3e00a34c9a56e31ee5fc02adeea67986df86cd761ac5f695270a1,24548937,0x483a910a7479af5bd1333014af97ee5c733a7052,0x28c6c06298d514db089934071355e5743bf21d60
102.624923207541,0,5,0.373931154,0,1,0,0x3650bc1fd86a73cbc6045413bc224b6cda54d02fdda0c97df43f667e5ab8ee3b,24548937,0x2d6ffec3acbdaff0f895e70fcc699246a2798102,0x28c6c06298d514db089934071355e5743bf21d60
79.99995835953564,0,1,0.373931154,0,1,0,0x5acf3f12b1f8967176f8353c9275493ad15db238194349600071d3c6c99bd485,24548937,0x5b702b24b00a37b61ff9d71d91fed1a629edd1df,0x28c6c06298d514db089934071355e5743bf21d60
0.24035272,1,0,1.173931154,0,0,0,0xefb3c69a020d6901f8e55ed3c82ced36aecbc79e696e52400356b6c0f2ecdafa,24548937,0x28c6c06298d514db089934071355e5743bf21d60,0xaf4bf3122af1d15cdbcbe75ae1dc491977dd53ea
0.02911202,1,0,1.185957749,0,0,0,0x464ad649a47fa837a9144ea02db4bcfd18a2828f461c71d525ecca5d04f067c2,24548933,0x28c6c06298d514db089934071355e5743bf21d60,0xda9163912a5c5b2c883625a264b1e54fed8fd058
0.0075423,1,0,1.185957749,0,0,0,0x5eb1e5cad1b27059587d80c3549b7dbb75e1d09e109f21fe8a7835405e051f6d,24548933,0x28c6c06298d514db089934071355e5743bf21d60,0xc49057ecf96db3dc6f830124d7b5b144faff2d0a
0.02540522,1,0,1.167524509,0,0,0,0x20f984d9c9b4567998fd0667d60d9b377af4cbea6d2e11b79c562b05a92c0e25,24548931,0x28c6c06298d514db089934071355e5743bf21d60,0x10ffd770acdd7a130eb78cdc43c085323d35be17
1.22282,1,0,1.175778141,0,0,0,0xeb12d426aebd1622cb71640639574599f71e9d7760ac94c56870159e2a30bd89,24548929,0x28c6c06298d514db089934071355e5743bf21d60,0x69c562d6942962bf3f256881c193a691f2a1c208
0.49631579,0,0,0.377696364,0,0,0,0x76475390dfad81b70116e86d18cbe569f4995fab1500e3f499b9824fe004e3de,24548928,0xe38b541304632e84447153d855cb4a89b5887e9c,0x28c6c06298d514db089934071355e5743bf21d60
1.500205497914925,0,0,0.377696364,0,0,0,0xd4fdb398c83ff18f576013b84923ebd431ffa5b3fcec07ab3b626e1ed0460005,24548928,0xde73cc1fa2e20aac4564da7abed404c4dc8bba34,0x28c6c06298d514db089934071355e5743bf21d60
0.05375204,1,0,1.177696364,0,0,0,0x82ae4df0e28ecfd3174acf20ce4861fa9b63f607105e9e73733eaa55dfd6aa8b,24548928,0x28c6c06298d514db089934071355e5743bf21d60,0xe8bf3c57c012022e410645c9a6b64202be22167f
0.553413846388248,0,0,0.381102952,0,0,0,0x752af6efa9827d5b889a1ad2f990bb89fb598fd0de757b3c1ea3b1d900deeeb9,24548927,0xdd5b627a3709fd606f15747b7c822dd7241864cb,0x28c6c06298d514db089934071355e5743bf21d60
1.01913919,1,0,1.163432049,0,0,0,0x71cf3721f4d0030f9564a80f754e1bb26a2fa031f3419778498ce0edd0f030b1,24548922,0x28c6c06298d514db089934071355e5743bf21d60,0x00666baeb34431626ba5ebc18047b0366322dd1a
0.05985,0,3,1.173033102,0,1,0,0xedb9ea620329be78b2fbf4f7c68f88ba8ae2472e6bd4e87000b9e0940f301140,24548914,0x28c6c06298d514db089934071355e5743bf21d60,0x937712ad13fc1915d43abdbc8189c6e68e55590d
0.22180054,1,0,1.173033102,0,0,0,0x97e1f3ea728e97bc2155d617c091ceb14dd3d06cebca348f6ce892e340a157b4,24548914,0x28c6c06298d514db089934071355e5743bf21d60,0x887571fecc0948555393cce21e290a1c6c37aa1a
0.01140694,1,0,1.155105752,0,0,0,0x9acc16d63ba64b9fae6db90adbb2c9b3ceadce8c516dc57b57687c6e8b6e5098,24548913,0x28c6c06298d514db089934071355e5743bf21d60,0xe305cb344fab3209869450a5897db47d2a1f8143
0.5650675634280766,0,0,0.346401616,0,0,0,0x2f523bde9d304291f13d7b35bad221ba81ba3e199bdecabf4dbc4ad8ee3209c6,24548906,0x936c7fba52ce1be2fe5f2ec709bd991352424c7d,0x28c6c06298d514db089934071355e5743bf21d60
0.531987900322249,0,0,0.346401616,0,0,0,0x5ba1ab14d73c931fb5218802bb6f6d9de419f00ba1a8fd53a665f87e445c89f3,24548906,0xb4de580f3e8e63b6c0afd661b610e4f26106eba9,0x28c6c06298d514db089934071355e5743bf21d60
0.5969935005969662,0,0,0.346401616,0,0,0,0x8f929bc99b5556ab95907bb11a6a473953e54343f065885a3741e5c92b98f10c,24548906,0x543abe4037c5673e500ef2c21d64228128e66049,0x28c6c06298d514db089934071355e5743bf21d60
0.04427869,1,0,1.158738505,0,0,0,0x5c6c3fb7c2a9804631c73eb3ceba5bd98ad5aee3e90c2604aaade343d3e2d4e3,24548904,0x28c6c06298d514db089934071355e5743bf21d60,0xaa80a2b8de432cda377505fbf9bca320d752f58e
0.03185,1,0,1.181318926,0,0,0,0xa494cbc0441095f204238d98488e777de3ffde79cc4d1a369a94bc3782a8a6c0,24548902,0x28c6c06298d514db089934071355e5743bf21d60,0x2f3633332b68097784e86dd2b0cae3e185c369ce
0.29985,1,0,1.179919032,0,0,0,0x3d9383ffead0ba2ba01dce61650647fce522e1160b4837c06270fcc25aa67dc7,24548900,0x28c6c06298d514db089934071355e5743bf21d60,0x0732622b16ac4bcf0d4ebe9c868ee088436486da
0.11639,1,0,1.154153273,0,0,0,0xeac32a78e53de4cc56556d08cefddad8e6591b70211bbac6c14ebbb1405bbccf,24548890,0x28c6c06298d514db089934071355e5743bf21d60,0x65b116f3529334c4934ca59df489ed38c3635069
0.5060081154576171,0,0,0.366651203,0,0,0,0xb222f27866b291be689d6a9f59b50bf2a4fc1cf9dc114dc87247e3dc42a44141,24548888,0xf83c8b28307e2fb6a5221272cda68ad030804f8f,0x28c6c06298d514db089934071355e5743bf21d60
0.00185,1,0,1.185485128,0,0,0,0xe8cbd1da693ff192bb0edabca4baa142bbd0172f2e10da3328316eb86d6efc1e,24548884,0x28c6c06298d514db089934071355e5743bf21d60,0x847562ecdc7a89a8bb158745e7f875975d41310f
39.99985,0,1,1.191674583,0,1,0,0xff044a65937ea12e1cc7fef6d65ed24ab0f964c3a927e7cfcd92da6622477d87,24548878,0x28c6c06298d514db089934071355e5743bf21d60,0x3d941b5f9979602c79ef50262d0a52d88c9ea0ba
0.07175749,0,1,1.178735192,0,1,0,0x630df3e04103ffe48bdd9a71515247c2f9ab6f2f7fe5793e5367b390ced4ee9c,24548876,0x28c6c06298d514db089934071355e5743bf21d60,0xf89e86fee3985e4bc15d053fa4913d6ccea414f4
1.392748599461653,0,0,0.355813575,0,0,0,0x59271767ea1fdd7c67c5cb9e2b8a0f68dc349a0c93b347eda63bcd6909f440eb,24548874,0x9c6311ffbc65009625e97b7330449654d99a76fc,0x28c6c06298d514db089934071355e5743bf21d60
0.494994789507363,0,0,0.355813575,0,0,0,0xc9f026aa4090bf3909713f317053be1fb68e8e847f5e8d05765dabc1201a5d29,24548874,0x13da58fc08a7972366aac42ddf10d4517d27321d,0x28c6c06298d514db089934071355e5743bf21d60
99.99999370422798,0,0,0.355813575,0,0,0,0x7ff72d5fc7dc11e8b1ee115a7020506aa19290aec981a4140331e9612111f918,24548874,0x19442f436932bfb446bce8ea820bdf0f5a2443e2,0x28c6c06298d514db089934071355e5743bf21d60
1.0273879515873037,0,1,0.355813575,0,1,0,0x3743c3bfdc1e8e22d845467dfb81e8cc904e9216c41cc63551a26734e082a004,24548874,0xde73cc1fa2e20aac4564da7abed404c4dc8bba34,0x28c6c06298d514db089934071355e5743bf21d60
23.24459684284785,0,0,0.355813575,0,0,0,0x56c64d27483fd4be2462dd1cb5f6e1bfea35334bf667ec44fff1a5c310e8b98a,24548874,0x2edbb6c902d565802dadac1e7663d64aeede9bdd,0x28c6c06298d514db089934071355e5743bf21d60
0.499986142327242,0,0,0.355813575,0,0,0,0xf8d2d986482c9e4f13df7ec0197564aae9078cdb9c75495b67ef79139e9a3346,24548874,0x2fc4abb420dec71b08208dce03a5566716591841,0x28c6c06298d514db089934071355e5743bf21d60
5.273954299683518,0,0,0.355813575,0,0,0,0x0770c99a7dc63efebdd9c3444c0547d31caefa9cfc1089d4ced0ae58f9498419,24548874,0x87fa6a52ec56674023fb07f5b8612060c73c989b,0x28c6c06298d514db089934071355e5743bf21d60
0.693726185413198,0,0,0.355813575,0,0,0,0x61a98ac5786ca31159fe7b2839318411efdfa26140525e1c5157d9b1bbfb3094,24548874,0xdc65c4b0339dee800234be5f31f90208a4cabf67,0x28c6c06298d514db089934071355e5743bf21d60
77.00069324127934,0,0,0.355813575,0,0,0,0xa02b4b84662b6d5da695ae819e6e11a64736a6984460001d90a035aea882b417,24548874,0xf30ca446b32d4c7f40d1d44ce3d66d626425005b,0x28c6c06298d514db089934071355e5743bf21d60
0.670032457494275,0,0,0.355813575,0,0,0,0xfa26df83b843a69258b44ba4e2666142ab01d037ea8c72ca0597835a4a2a6074,24548874,0xbf05ae3d7aafdc8558478b84b36f05475c5bf293,0x28c6c06298d514db089934071355e5743bf21d60
0.04825,1,0,1.151823529,0,0,0,0x143d725a748d5c45573e179f781a3b533ba6de1c72a2093c599b41038f5720d9,24548872,0x28c6c06298d514db089934071355e5743bf21d60,0x2fada96e7c2c7836dbc056ff93a9c780fbc9c8aa
0.00257,1,0,1.152774516,0,0,0,0x35a01bb018d7bcbc22a0f912b40245c814e1b5e344ed6a16716348563a4dc6ed,24548871,0x28c6c06298d514db089934071355e5743bf21d60,0x690b6cada98d9210d1e1ea194908e0c1e023b33d
0.0023475,1,0,1.180622199,0,0,0,0xdf72b5d7c964b9a18567311d117dc947c1a84f305a22d59086ef3f9fe7fe4f0c,24548866,0x28c6c06298d514db089934071355e5743bf21d60,0x0e3500473071d3077fb81aae4cead795d756d009
0.22445572,1,0,1.180622199,0,0,0,0xfc76a01bfcc1292df1f8b19d3fa6e238ecf5eefd9542b65ff8f278e675949f99,24548866,0x28c6c06298d514db089934071355e5743bf21d60,0xdb6eab1e5b7046db1223b83a5c11d10331865529
0.06367335,1,0,1.158340194,0,0,0,0x25df6991179ffaccbcfa3157599b8ada7a76f6913b2dd1db61e79d89e7277ff3,24548864,0x28c6c06298d514db089934071355e5743bf21d60,0x980d2629295a8c9a7f7983ff29420303e8443ae6
0.13251471,1,0,1.13783783,0,0,0,0xfa70f9a8d8e52faca99b1a331ce4a9ba8a1004bc5b1ffae0c89fa4a14b43de2f,24548860,0x28c6c06298d514db089934071355e5743bf21d60,0xb0a9fac85fa54d1ac6d128bf269a64865111ce94
0.00855,0,1,1.150323515,0,1,0,0x289a33578166bc3aee6b750cd550377a7911903a6ee8d26a5a3652bf926df399,24548859,0x28c6c06298d514db089934071355e5743bf21d60,0xe90517fc4e7e7dee49db9065781158c250c9d8ad
0.29222781,1,0,1.153629367,0,0,0,0xb5b64501fb7a78f1349d9f0eed00c66a008e27c2615458deabb5ae4c822db2ab,24548856,0x28c6c06298d514db089934071355e5743bf21d60,0xa30fbe473bbbc650aabd37b4fca30132e457a645
0.01007721,1,0,1.149097479,0,0,0,0x4939bde193ce7f00601cb17225f3f95a43fa4554c69a117b7f93832e0d0937a3,24548855,0x28c6c06298d514db089934071355e5743bf21d60,0xe01900475e7a74c4b44eccf35639d20f3e7730ad
0.0126147,1,0,1.151926513,0,0,0,0x65b66c9b2dab5673d29101bf57f37bbe13b103b5ac4131e1839821010bdd5b17,24548854,0x28c6c06298d514db089934071355e5743bf21d60,0x23766dc6e87779724ea122537fac20691227a7ab
11.249951667808968,0,0,0.355042644,0,0,0,0xd12128ab9940bc7864b3508fbfab559db4b4c2fed2afe23e09ce79ea376712d2,24548852,0xa2e36d8d4b363683b00699592ccedd4f25b2e12c,0x28c6c06298d514db089934071355e5743bf21d60
0.005,1,0,1.151327947,0,0,0,0x6cd4e8e844263e2218c5c72f90a93ae51914f9ac2b47275cafbee6ab5abe2b3d,24548851,0x28c6c06298d514db089934071355e5743bf21d60,0x70d0e00e85c0cb84359c7114c871358379314496
0.05985,0,4,1.132038518,0,1,0,0xae02532f418a0db9bb5794e6eded24673977a42cfc508701f7cdda631b237cdd,24548843,0x28c6c06298d514db089934071355e5743bf21d60,0x937712ad13fc1915d43abdbc8189c6e68e55590d
1.83321752,1,0,1.143569978,0,0,0,0xeef150ce7afbb8b0ee27fd9da92abba1e8caa548d815274735d869678a82f466,24548841,0x28c6c06298d514db089934071355e5743bf21d60,0x8b62c798834062b5648c9722fe06ab1088458190
0.499970209525125,0,1,0.3193392,0,1,0,0x9eaa5d8b9191373a10db3c5bf0815cb09e1c257cb776f48fecc69aa2919253d7,24548838,0x4baf3c7866922ee42ec2ba6046f270b8dd5432e7,0x28c6c06298d514db089934071355e5743bf21d60
1.1224909962417815,0,0,0.3193392,0,0,0,0x8e073458ef20795fe739818001fd47e2d5230683578caaad5400f68ea2a370a9,24548838,0xaf2db8bb27934fca729a41ae9e12c309a06be90f,0x28c6c06298d514db089934071355e5743bf21d60
16.15999287982192,0,0,0.3193392,0,0,0,0xcd8e1a1b7a373f48fe024fa4cc1cb71e493065ae75536e27b3f1f1905548d1b1,24548838,0x5977dc0c0d17fed424118a303eb67db34514c15e,0x28c6c06298d514db089934071355e5743bf21d60
5.993957811425868,0,1,0.3193392,0,1,0,0xda6e9331e9ec394ccb8bd20666a4c7e7f88809cde6e957c90f195b1aef22347a,24548838,0x768e1c2554461904222aad24e30ea51eb0a738a3,0x28c6c06298d514db089934071355e5743bf21d60
0.893191911720271,0,0,0.3193392,0,0,0,0x468156fff4334e341bf2153dade73633ae356e3057ef2a0335ef0f6d18b80773,24548838,0x1ea12807dbde52a6f9ae72f687fcc7c43be19dfe,0x28c6c06298d514db089934071355e5743bf21d60
6.839652567052158,0,0,0.3193392,0,0,0,0xbfc8cd27b01476efaf5ff65834c2b84908d8f4304a96ecc76f0c7714e2197c78,24548838,0x62d343eb2aff2202e18b5f9116b56ffdde854395,0x28c6c06298d514db089934071355e5743bf21d60
6.285787757618933,0,4,0.3193392,0,1,0,0x292b6cda9e20dea6b6ffe6b6c6f2fae9100f99ab42858d59a57cf7816721a857,24548838,0xd275c77cc1dd410ede0690dd8a9b3af729e4dcc4,0x28c6c06298d514db089934071355e5743bf21d60
14.428343977210664,0,0,0.3193392,0,0,0,0x9ff7abebe80b68b09cd0054f645c6d77c435e85d8f1d0dfc9a0916f9e08da194,24548838,0x604a9de0dfd0ee1c9b499fbfffa63978faa2475b,0x28c6c06298d514db089934071355e5743bf21d60
0.67454431,1,0,1.1193392,0,0,0,0x314b45ea1f80f45eaf7248d1f75dc79d7de35523221cca2187c4f41c5b4c3004,24548838,0x28c6c06298d514db089934071355e5743bf21d60,0x5c94fd2ebd30d57c9cf24d184800aa928a375b17
299.9996672540895,0,1,0.321843841,0,1,0,0x63713e9b5d110ef2e9b623b776e13c42b0cad0454bbe8f42c89e7e272e180aca,24548837,0xf30ca446b32d4c7f40d1d44ce3d66d626425005b,0x28c6c06298d514db089934071355e5743bf21d60
0.599991237563206,0,0,0.321843841,0,0,0,0xc0fcb06c734e02a77bc8d247323eef921278727740abe06aa974fbc807c39f8b,24548837,0x44368a1486b521970083afb8e5ff424ec38cbe82,0x28c6c06298d514db089934071355e5743bf21d60
0.909621659006904,0,0,0.321843841,0,0,0,0x3293104ecd5cef78257ca05c4ce3c64c8a35699a01314c48204399b2356362ad,24548837,0xe455c552c69ec18c102563f97c5fb191033868cc,0x28c6c06298d514db089934071355e5743bf21d60
0.9999774449304408,0,0,0.321843841,0,0,0,0x87d5b7478a7cdd3d76d3fa4aa5b8306a04a35720e73539af24710a748882c044,24548837,0x417d70a2416a6a58e4aa0c5acc0eee5a240e5eda,0x28c6c06298d514db089934071355e5743bf21d60
0.659995053800742,0,0,0.321843841,0,0,0,0x57bb8d82a248919db81513ccfbe25454d19fd8c2c1cadf62184a0b60ecc8283c,24548837,0x2057a43e2c1f8b55403586c669a1ccfdd4ec4401,0x28c6c06298d514db089934071355e5743bf21d60
85.75733018259551,0,0,0.321843841,0,0,0,0xe3e262e67129189cbd87071d220ec85f34a9bc2c9e5f6794c32621b3c47296e0,24548837,0x35c7415168ceb3a9e6badb1174410244dac5b226,0x28c6c06298d514db089934071355e5743bf21d60
0.5094501389604909,0,0,0.321843841,0,0,0,0x5337a00b4195672406f69d0c33362ad5fd3b7007b72be8263bfe5703a6746595,24548837,0xb6f151f6bcaf535471e462bbce050908828ca6c8,0x28c6c06298d514db089934071355e5743bf21d60
0.71351035,0,0,0.321843841,0,0,0,0x321d99177971f7675ab45ec6ef5fa4a050457d4f76e544f9f7821d1f7b72cb1e,24548837,0x356980e3fac1c39daaa3a7f5ba650fb31c104bfb,0x28c6c06298d514db089934071355e5743bf21d60
1.4095892478534822,0,0,0.321843841,0,0,0,0x1b0c7962f07567f01a8bea59ad514a8159cbb080cb471b2e7bd644de0a8a5f4d,24548837,0xd4073626b6315a64c003724220f61d3829e1e4f6,0x28c6c06298d514db089934071355e5743bf21d60
199.9995804742055,0,0,0.321843841,0,0,0,0x01c8f38355be6c57cdfbee59466711473b3f0b19be9a1de5e08e51fe2465fd1d,24548837,0xbc46e2aed3d84480f6ed49e54aa9a4360f24aaea,0x28c6c06298d514db089934071355e5743bf21d60
119.20985679313188,0,0,0.321843841,0,0,0,0x2a9aba2996f3455e6e2a73b5d595c635dd6d69e88555b018a84b1e0caeb1b27d,24548837,0x83b2f4dec9d11ada0081d2d0ffbc7842b84e6eae,0x28c6c06298d514db089934071355e5743bf21d60
0.03436008,1,0,1.131447078,0,0,0,0xed582a67872c9dd815741741cb7db00b396ebbd85c2a888b7054f705d51002c3,24548836,0x28c6c06298d514db089934071355e5743bf21d60,0xe0c1edd87479e6436d160590a1576e852900e5b0
0.8309181,1,0,1.11457672,0,0,0,0xcdc3c0c9f53d41ac70bd6ea194b5fd65100d8f1bbaf1c81d9cd97169ae7cfb69,24548833,0x28c6c06298d514db089934071355e5743bf21d60,0x0b1ef2add29d6c6c50c9d17fd4b440d7120ccf96
1.02187973,1,0,1.12024818,0,0,0,0xeebb959c6486d0d5e74aa6ef0d941505bf82f75a3c8997f41c704ee0881729e6,24548828,0x28c6c06298d514db089934071355e5743bf21d60,0x869b0db5525be98592dc577e5a5a33e74588a08f
0.99985,1,0,1.129097862,0,0,0,0x3a6c6125d2e3c5b5b46be8f4597818194bb0e34573781bee91a41d2e7fbc3f74,24548825,0x28c6c06298d514db089934071355e5743bf21d60,0xe426272d03d7db3606b07d47fc0996722bf7b1da
0.00884983,1,0,1.12292898,0,0,0,0x6ed0e0e79bce59a6004d1f4cf0ca4636da7094567dced1b79ca0226c386926cb,24548819,0x28c6c06298d514db089934071355e5743bf21d60,0x7d79d37af5cd863a488d69275aa6d3f380817725
0.0316041,1,0,1.121631938,0,0,0,0x6045070758baa2c1b42621c24b214387517196930e60cfbcbc7870c4679a72d5,24548816,0x28c6c06298d514db089934071355e5743bf21d60,0x4471a2586dff16c1fc948289328dae9a083a81e0
31.79985,0,2,1.117301484,0,1,0,0x118c9c0e5eda39ce0457de82f72d59b6e0141cbb11d767c7a216c4c492e046a9,24548814,0x28c6c06298d514db089934071355e5743bf21d60,0x829eac83b5287a665b9859bf8aa7f09467af77d4
0.10185,1,0,1.111814411,0,0,0,0xe487fad17abfe0ca9d31cefb568e8fa4c85ce5dca0ce5734b9e7f914daa205d1,24548811,0x28c6c06298d514db089934071355e5743bf21d60,0x319433bbc84e06be548d3e77efcb8626278d533d
0.04585,1,0,1.111814411,0,0,0,0x1b52797c664e603cfb70cc69818cc39b6259836848e7c62dd877a4822fcbb440,24548811,0x28c6c06298d514db089934071355e5743bf21d60,0xf25591639c35b367988b0c26e2133a39c51f78f4
0.04787167,1,0,1.099903999,0,0,0,0xfd1588ef5fc164fc90c0491658c434541efc6ecb72e04ff28e30a106ff13740d,24548809,0x28c6c06298d514db089934071355e5743bf21d60,0x1095e970cf9486b7d528ae4eabdd5a9118de34ac
0.02129,1,0,1.112306834,0,0,0,0x2a4fff83bbfdc8318e26715cc748567effeb111211421415f7d11fc4f02249c5,24548803,0x28c6c06298d514db089934071355e5743bf21d60,0x58c604d974d94333dffe41816d8eeb5425f7ce77
0.1018479,1,0,1.106739521,0,0,0,0xf3ab1fe6adb988dc1f8a544cd2cb72fe748d8eb94619ae3b05fa015dba515bed,24548800,0x28c6c06298d514db089934071355e5743bf21d60,0xcd6c653ff9d56155a30a0c4b5bc67c69388271b2
0.01726,1,0,1.100216569,0,0,0,0xd759dccf83aa59d1f44e51bf5b5ee39390934abe17c083438b576467c2aa1490,24548796,0x28c6c06298d514db089934071355e5743bf21d60,0x9c237f9a9e2483bda3f4a1881b16ed0a348ea2af
0.02312589,1,0,1.103606153,0,0,0,0x417b24c7aa286ac1029fe7c43c02c6718e38b3431f1eaa3343563d12b07298df,24548795,0x28c6c06298d514db089934071355e5743bf21d60,0xdf0e4deab171ea22cb774cb158de67febe65ffb9
0.6609021515681092,0,0,0.317653231,0,0,0,0xda08887eeebbfee094fd1c381730bc65bf0c796faf06d1fc7f2d75658d482f28,24548788,0x53d649b8f95eac08143cd8fca18236a7d7a9f67a,0x28c6c06298d514db089934071355e5743bf21d60
2.134716329525125,0,0,0.317653231,0,0,0,0xf5d7e1307e44f0123817c34e497c9ee17df4da9517088741b46fbab190fceb4a,24548788,0x09f1191c26f8e39d6a69bba889c917f2776b5827,0x28c6c06298d514db089934071355e5743bf21d60
0.910979488046512,0,0,0.310560886,0,0,0,0x3ef5fe7c46082be41bbd22aa273c14d5b706905e3dfc186fc68a6cbc1ac942c9,24548787,0xec50a6150b9c9081f6d8e1d058c290c1db2bb485,0x28c6c06298d514db089934071355e5743bf21d60
1.6088271579485365,0,0,0.310560886,0,0,0,0x795a6cec8acdf5ee4df4ac0a6f71721ed246408c836ae6dfacf7c67fd2046fc2,24548787,0x0f1b7983b2d5f44ca44661b88b11e04dc3e00d1a,0x28c6c06298d514db089934071355e5743bf21d60
0.841035412785044,0,0,0.310560886,0,0,0,0x86e2e83d606c2513b90d944db7fca1e915cab120d4280b893b323e6f570ce09c,24548787,0x760c018064046f53144d38723de2d8cb0916fa6f,0x28c6c06298d514db089934071355e5743bf21d60
0.6774866325668631,0,0,0.310560886,0,0,0,0xb5c11726c1750eb1d7092eaf5e7078c90318f7e83c4b890b7ad73fd047f91193,24548787,0x1200e05b998b642d85e3cc68c929cd9594a9d167,0x28c6c06298d514db089934071355e5743bf21d60
0.609603826604372,0,0,0.310560886,0,0,0,0xd1af99c437eaed1198ce452a3e6a927236eafbe9288ccb54c53ea63439ebeeff,24548787,0xe51693980750f60b2f2cdc5936235d9d0ae990d0,0x28c6c06298d514db089934071355e5743bf21d60
0.5117558915098236,0,0,0.310560886,0,0,0,0xe288359279b68ccbc6753aa40c0ac512343daa2c88387c2b7ddd53ba2b9b0b4e,24548787,0x6b10622a8bb1bc51389681bfdf70a44c882a378b,0x28c6c06298d514db089934071355e5743bf21d60
0.00185,1,0,1.110560886,0,0,0,0xe0a408004879725fd37ab46332c185dfe2885af22283e59309ea284f9c14b110,24548787,0x28c6c06298d514db089934071355e5743bf21d60,0xfe6ea2500eb23545d4fe3b0d5741251e09187c7f
0.00985,1,0,1.110560886,0,0,0,0xf17365dd1efe6b2dd5596b3b022a5ed9dd928b8636f425ea1e171fea47df7936,24548787,0x28c6c06298d514db089934071355e5743bf21d60,0x8dc6b19b444592f739ce9c7d01837fa18dfd4852
217.77577621171432,0,6,0.31440281,0,1,0,0x9a07f9ce941c91e7bd14af991e32e5c967e731367c2342016c7ffe5c79a1d589,24548786,0x2d6ffec3acbdaff0f895e70fcc699246a2798102,0x28c6c06298d514db089934071355e5743bf21d60
1.199982265684257,0,0,0.31440281,0,0,0,0x065ff401baae19b4491a15124da4f76635a5bfd83b9de33f7b633c4bb444daac,24548786,0x3a1d88f6279e8c1c219dfede34e0de776321b341,0x28c6c06298d514db089934071355e5743bf21d60
3.3029575641394016,0,0,0.31440281,0,0,0,0x0e18a2463e44c9b90420f328ef06ac748865743cdfb648d1ca05e09c742389b2,24548786,0x246cb7a0a9c8756c745c9a8da7567c0c7caa562a,0x28c6c06298d514db089934071355e5743bf21d60
0.768141410382447,0,0,0.31440281,0,0,0,0xb63fd51c8b41ea2a67ca43d6e2b318324ab18097fd2509c367ca10d0f1be2c1d,24548786,0xa4c85ab1abd16fb8d37c7fffd5b746b958709baa,0x28c6c06298d514db089934071355e5743bf21d60
0.573783614573215,0,0,0.31440281,0,0,0,0x30cf62acb11e8977c0aa1973dde17c2cfba217e5424dc428de8a7aab87091e61,24548786,0xac2f3751ecc85b8866d4173ca99104af914c9c16,0x28c6c06298d514db089934071355e5743bf21d60
0.61000606,1,0,1.111219485,0,0,0,0x2bfae0da482340afdd569115c152031fbf40df134c10d2021dfd1084c3c125ff,24548785,0x28c6c06298d514db089934071355e5743bf21d60,0xfa31c12316c8a890cad38998f8e823052556a853
0.00944338,1,0,1.103577819,0,0,0,0x4ff09372359385c95290812dd3214cb30de38fc7c695fe191ebfc12333fa6fcc,24548781,0x28c6c06298d514db089934071355e5743bf21d60,0xbd04aed5066e8d59188a8034574a81af1caccba1
0.03424529,1,0,1.109650144,0,0,0,0xed5b63576f463c14ce3752d9877e4f6217e1c532f5a68f0be26fa5899939cd87,24548779,0x28c6c06298d514db089934071355e5743bf21d60,0x4a47ea11b5296079ad2aa3c3d25e52af496a238a
0.05271708,1,0,1.114329644,0,0,0,0x3577817c69e46ee5703968ff77e13733fd8a7ad8987d863a875bcbbbd09a16dd,24548776,0x28c6c06298d514db089934071355e5743bf21d60,0x5d9becf3cd319ec1dc1e93909c5f0b05ba2b6aee
0.14485,1,0,1.102722479,0,0,0,0x2e27bcffbd40c2c3c4d27f4951037e00900b70c05f0b79dddbd81658bf6ccc45,24548775,0x28c6c06298d514db089934071355e5743bf21d60,0x471e04672aa11339c7e0a6bde68fceedf291590d
0.02532577,1,0,1.118123622,0,0,0,0x838d4a0580dbda203e0a2a3bf3e061104c8fb8800801ae74f2676709e4d95294,24548768,0x28c6c06298d514db089934071355e5743bf21d60,0x866f1accacac3a2ec668b9c9741c5e9cf42fc383
7.99985,1,0,1.127252607,0,0,0,0x5e23261e2aea49981ce42f428d5cf8690724254522f9eb997aaf5d47fb6fdc16,24548755,0x28c6c06298d514db089934071355e5743bf21d60,0x9646b5804e2923f2077cf481b65865979a92dc85
0.02602935,1,0,1.122109536,0,0,0,0x0dd4363efbe167c104524668be46fc41ad8eb9010828bc0f8d355a274c943f12,24548754,0x28c6c06298d514db089934071355e5743bf21d60,0x4d65e56b04e5373e39513ca456d971fa9d06f423
0.03973,1,0,1.131104166,0,0,0,0x3f7c7a490499eb7c88940f4b65834f06b43f4760788c793960ad086172a5ff49,24548750,0x28c6c06298d514db089934071355e5743bf21d60,0x4382426abff9305fbc5ded6cd1df894bd5067dbc
0.11347801,0,1,1.121539168,0,1,0,0x893a3a81a857175a1b027ba18237bfc6277348ed150e758f25ccf0fb64e1809b,24548748,0x28c6c06298d514db089934071355e5743bf21d60,0x32f9f822e77942d416e8a35a9a4780e609fc2846
0.05985,1,0,1.128293835,0,0,0,0x3481a9ac5e2150e9f539eeb371baff15ac06fb9856c53f09ee9f7030682ae416,24548742,0x28c6c06298d514db089934071355e5743bf21d60,0x5c0ac989d22142991985452c3f5e319041a264b3
1066.0,0,1,1.127025116,0,1,0,0xf61510ecfd164083fc2f16263a03db27f15914287d6658bc3b90eaebe05226fc,24548741,0x28c6c06298d514db089934071355e5743bf21d60,0xf8191d98ae98d2f7abdfb63a9b0b812b93c873aa
2.3444323031553025,0,0,0.327010236,0,0,0,0x55ecc88b3dd91f7ca60b570cd77da7a208bc1339f52f3be935cd2458e1ecd8c8,24548739,0xe14fff0ab14db3d8a0f11c3db2e1c989b844f5ec,0x28c6c06298d514db089934071355e5743bf21d60
1.402756846965275,0,1,0.327010236,0,1,0,0x70367445e3307259999ddf0913ad6398c9ccc0e8ed8afe421371f907df20f5b1,24548739,0x760c018064046f53144d38723de2d8cb0916fa6f,0x28c6c06298d514db089934071355e5743bf21d60
0.55114693,1,0,1.127010236,0,0,0,0x1ac0c06ffdf4880aed5c66fff2fdb936a6eefd5d87ba6f156aa466676163e996,24548739,0x28c6c06298d514db089934071355e5743bf21d60,0xa3add95b33b90d5dc65ffc09e03fc8acf27e3cf9
0.11573,1,0,1.133537925,0,0,0,0x85518ab6d7f22a143a0b87cff2731d5b180ddcfd5125051c63f22a3bce6b0fa1,24548737,0x28c6c06298d514db089934071355e5743bf21d60,0xa29d27f47dcc9d8cfb388dd08c2d4f9b35117029
0.05985,1,0,1.142226463,0,0,0,0x1fcfc9471b09a6f84923b2b076589cf3d5b22e952f2da8277649d4ab658c8a31,24548736,0x28c6c06298d514db089934071355e5743bf21d60,0x0cb42022fb7e6f8184d760f543dcad3a43f1010e
0.00185,1,0,1.145647935,0,0,0,0x1236514df2f81703536a48dc9029e7fb112c5d0dbaed518bd578055b4f772422,24548734,0x28c6c06298d514db089934071355e5743bf21d60,0xca05e855309fb05b79764b0334982b76520a1435
0.0025481,1,0,1.145647935,0,0,0,0xb01581de83c851608753ed72e76e15b1c567809e131cfc20ebd61fdc9bf0a2e1,24548734,0x28c6c06298d514db089934071355e5743bf21d60,0xe7a71142c4aa6801941c759a79540b0ab2d378c7
0.55232464,1,0,1.146329436,0,0,0,0x20d37ff4f744eaa9f8d8e9cc6ca95d79c93665bd512c874951abe2c82e7eeaa6,24548733,0x28c6c06298d514db089934071355e5743bf21d60,0xd77d6894d514b9f0be5d3f240f6463db861a302a
39.09716932,0,1,1.147139557,0,1,0,0x73fc823b13b8fe352e740ef8c6dc4a2745d11e9320fd4caa38b211630a9ca3d5,24548729,0x28c6c06298d514db089934071355e5743bf21d60,0x363baa24c50f39d2a5ffcfc4b7d3866936f60900
0.02522527,1,0,1.144919453,0,0,0,0xced5d67451c9191c19dcaf4736308bb1b2783b9bccf94291b94cdb6368d0f95e,24548727,0x28c6c06298d514db089934071355e5743bf21d60,0x792d24ec83b4008a37ef0f8f9650f85994e064a3
0.534556095069479,0,0,0.341590268,0,0,0,0x2cacfc86babef15dd12d561419367dc5b49543862a69e06e242078ef58bab31c,24548723,0xd0cea7acaf6d31373faf9411462ece7353dc962d,0x28c6c06298d514db089934071355e5743bf21d60
1220.999699556707,0,9,0.341590268,0,1,0,0x40737feee6c64d710e63ba471509ff7efbe84d67b556d82a742db9d5c3095e6c,24548723,0xeae7380dd4cef6fbd1144f49e4d1e6964258a4f4,0x28c6c06298d514db089934071355e5743bf21d60
1.1286882752720708,0,0,0.341590268,0,0,0,0x4dc06a396fb35d3ba9b5058764892eab86ef4630494bf4c674e5deeb29ab0928,24548723,0x63ba0d8c133d1313ecc6a3ee4bf48e05f22a9d45,0x28c6c06298d514db089934071355e5743bf21d60
0.845753503534467,0,0,0.341590268,0,0,0,0x600e7980326d263930f39d3d034a091025b31b01cb48c1a0a5cbb84ca1fbcc6e,24548723,0xaa8e251dd74d50f22aa82bf06dc5ba6cc3ef8ed3,0x28c6c06298d514db089934071355e5743bf21d60
0.752075059061956,0,0,0.341590268,0,0,0,0x9e6438f5fda3aa2c5596af8c75ac21a27e6fe1cb0b953f9b4509bf9201bda7b6,24548723,0xc57e24e187681f5acbb5487a91c903739f36124e,0x28c6c06298d514db089934071355e5743bf21d60
3.479994648330369,0,0,0.341590268,0,0,0,0xa0707a03297be8c3438d725224f037578bbfbfdb81b4a4bfb8b321028e87ee13,24548723,0xc21e017e9559a3627593731c08a21ababe5fde2b,0x28c6c06298d514db089934071355e5743bf21d60
3.772966084274729,0,0,0.341590268,0,0,0,0xa0a0ed70189c460ee0b2e4f7f2933b2f7214ab058e6ec599c6e5372d63eaf478,24548723,0xf966921c6a34f895d54809b5ad17b546bde1a88a,0x28c6c06298d514db089934071355e5743bf21d60
0.621819246667422,0,1,0.341590268,0,1,0,0xa579214e292a2ebedcc13e09fb3e138f523c16a5cf9aeca02046ecf1d08a57dc,24548723,0xe51693980750f60b2f2cdc5936235d9d0ae990d0,0x28c6c06298d514db089934071355e5743bf21d60
107.20508498126236,0,0,0.341590268,0,0,0,0xa5a30b53da9333d6772e283019bbae28854e2e8998028bde8ac1598bb5804ec9,24548723,0x6a523d034100ad219facf0f95f879ec10c37fd19,0x28c6c06298d514db089934071355e5743bf21d60
39.99992242042164,0,0,0.341590268,0,0,0,0xb7d6ef5545cd21628d9c797f793b4b8545f29535f6cd67606efc2085060ded64,24548723,0x4102792865469cb3805aea04d47bc3c00f5ebb7a,0x28c6c06298d514db089934071355e5743bf21d60
199.99991344082684,0,2,0.341590268,0,1,0,0xbf3ee0a2ba4231360c3d9ef010e8745d9e1bfcd6a3eead12fc863665bb00793c,24548723,0x5b702b24b00a37b61ff9d71d91fed1a629edd1df,0x28c6c06298d514db089934071355e5743bf21d60
0.9322814028660654,0,0,0.341590268,0,0,0,0xc593787b3578f1bb44cc85841afc851423ac7221cd2af423dc4adf987b9bf051,24548723,0x41aa823cb647769bdf40417486780dfabd65e3c1,0x28c6c06298d514db089934071355e5743bf21d60
2.1270350331879797,0,0,0.341590268,0,0,0,0xd2eff033279ac4d8dbb5d4ef35c4b39ea597636e6ec796b607e0ebfa29bc8710,24548723,0xf5bc632a26ea5de7501c1b63cdc3000f823c0197,0x28c6c06298d514db089934071355e5743bf21d60
8.399980997859318,0,0,0.341590268,0,0,0,0xdad085d9685f8e5fdcf9ed0d96bc212c0a4bdd5d5fb657c59fa871c0942a5634,24548723,0x399dbcca97f5bfbf774c13d8cfe5044e5a00c955,0x28c6c06298d514db089934071355e5743bf21d60
0.83836817,0,0,0.341590268,0,0,0,0xe8127ba8bd796017100cdddb2ad639bf933c5da609d78211d2f4679cea5acc36,24548723,0x0e69e287ffd1f7fcee05d4cbd4c9f388458b6921,0x28c6c06298d514db089934071355e5743bf21d60
0.19947524,1,0,1.141590268,0,0,0,0x111151a7bc6f7886955cec45e1dee357519a867d7cb9831638b5f5c4253d808a,24548723,0x28c6c06298d514db089934071355e5743bf21d60,0x2fab01e628fbf18546617905f3540e80252f1eb6
0.07,1,0,1.138680655,0,0,0,0xec52ca82552830751839022ff7ab373b2f564537fb73ac39b343e35e64587331,24548722,0x28c6c06298d514db089934071355e5743bf21d60,0xa2ab7d81618f4fbcd95f12f032c9b7e6826a98c5
0.01002402,1,0,1.119797448,0,0,0,0xa4c8c99712f6bf293db83999e2f8c2937997ac055ab917eec462b3e3d1908477,24548713,0x28c6c06298d514db089934071355e5743bf21d60,0xaa7540aafc97df32c88b4507dd713cdd75fa1f11
0.10285,1,0,1.151847917,0,0,0,0x34bb225c7d4bead00d52e9d7ac9dc0aa15a9963711ad9c79803ec0ee3ef0f03f,24548706,0x28c6c06298d514db089934071355e5743bf21d60,0x83a2094187b6d0a14da4d29d09b2907c3908bad4
0.00500915,1,0,1.151847917,0,0,0,0xc12f8fc06e35e5dee0799a62f20aefeebd3041738085986ce3cad3d7b1c9e074,24548706,0x28c6c06298d514db089934071355e5743bf21d60,0xc9a9fb74ea47e97fcf88bec2fc05b41aa04019d7
591.7373739645715,0,2,0.352441739,0,1,0,0x0af7ab1df0d7cc57f7f361e1d119eb573146e003f7b1d771691fe94663a4a4d2,24548703,0x06fd4ba7973a0d39a91734bbc35bc2bcaa99e3b0,0x28c6c06298d514db089934071355e5743bf21d60
0.09615558,1,0,1.148253723,0,0,0,0xde0601f36d49d69e79331ebf5045ac4abfe34f22c25071367b52eba48b7d7196,24548701,0x28c6c06298d514db089934071355e5743bf21d60,0xa827d5590d2010ddbc748fa24b916fbd6a32f84e
3.18909333,0,1,1.148253723,0,1,0,0xa85175a26b0aedecda0b1e021773a721ad753942236a2961dd66b2513d58135a,24548701,0x28c6c06298d514db089934071355e5743bf21d60,0x0e898b985e6a57f73d71531d60127ef69315287b
0.25636,1,0,1.146949867,0,0,0,0x23718354bb9ca873fd7270de05f6d3c2e5a3e022b10dac374e868d519dcbdfd3,24548698,0x28c6c06298d514db089934071355e5743bf21d60,0x5c8ac72aecf0fea02fca5167eec13939451d3542
0.0364134,1,0,1.160739558,0,0,0,0xd905743058a22c8359363f286e2134a2daeee0a1f2f7f32e812d137d2ce24feb,24548697,0x28c6c06298d514db089934071355e5743bf21d60,0x2b090b06e8987d215643cb2450f60640fe0079cf
8.94693415,1,0,1.160848917,0,0,0,0x2e638c29e332d91706eaf055a6fe80b26cb38704a1ba6802d9951b5a95aaffed,24548696,0x28c6c06298d514db089934071355e5743bf21d60,0x3e38b3ecc7121ed379c54efebde328cc516d25f7
3.999882413710526,0,3,0.353262836,0,1,0,0x7c0f47924ee5d35906c2bcdb512850bcb0f1a3b69ffa52dd21eac793d1ccf224,24548695,0x9f4e5bc9f391de5c824bd0d065fa716663c91ba3,0x28c6c06298d514db089934071355e5743bf21d60
50.19855994639347,0,4,0.36157684,0,1,0,0xb9dc7d2881b967db156167aa7e3c791aeddb3af596b36b74d216b45b6c6f2d17,24548694,0x86a067030a9668c13ff2a8c4d5415afc776d4c63,0x28c6c06298d514db089934071355e5743bf21d60
8.225680756042633,0,0,0.375136715,0,0,0,0x5c096e1d4f8d6985557a8c26ea35f33e5ee68b59dc57a9dc85eb46edf0d5f214,24548688,0x22d55546a9d85172d57e81b40826bbb50424bb85,0x28c6c06298d514db089934071355e5743bf21d60
1.731156497025546,0,0,0.375136715,0,0,0,0x5fa01f3c2a9953ebdbf664a8c401d91e59a28a96c05219cbad658e30b4130cee,24548688,0x1f13f3e12306cf130d0342e1e3d891ea3b13f47c,0x28c6c06298d514db089934071355e5743bf21d60
0.677652937,0,0,0.375136715,0,0,0,0x75356c7abd824a599a904f115a809f3461948fa39ded13fa0258df77f112965d,24548688,0x6b2e0b4bbe576fd178c6678cc8b7991d395fce88,0x28c6c06298d514db089934071355e5743bf21d60
0.546967072703344,0,0,0.375136715,0,0,0,0xc67bd717f5ec2940d7285278e3f062a352722696ef8389df261a62f2ff3ee906,24548688,0x296a5ca8a031eed1c17cd5de25f187b51fcc266f,0x28c6c06298d514db089934071355e5743bf21d60
1.4946,0,0,0.35576282,0,0,0,0x05a50d1f0f602682807bf84d4156742404633dadca8d66f7b76dd140c643d196,24548687,0x3cdff7a599cc11226e6e099c0c203572f273af12,0x28c6c06298d514db089934071355e5743bf21d60
0.5017813298214655,0,0,0.35576282,0,0,0,0x08be00da3cbae3371ab381cb7d820251ef2a3ea8cd62f0c3107338fe1c89bfa8,24548687,0x4801e920fa49e214220d1f00f03f9714b2f7123e,0x28c6c06298d514db089934071355e5743bf21d60
0.528514943961607,0,0,0.35576282,0,0,0,0x10bbd7c544d13649c3e5c634e13ca32cd72dda421cf8c230f48d958f20ebd5bb,24548687,0x3bc7fe610320dbc0440f9c6db6495832cfa15382,0x28c6c06298d514db089934071355e5743bf21d60
0.616507431815281,0,0,0.35576282,0,0,0,0x31d1cfd5998fc8b93be090943bbc988815ad6e050065a3d01f02972bb08a6d80,24548687,0x76d64215b1125763b897861cc11fb11799113580,0x28c6c06298d514db089934071355e5743bf21d60
22.636,0,0,0.35576282,0,0,0,0xa894afaa9cb26831e3cba274cb4ffcda1fb3dc795d491029429d34cfbe4800e3,24548687,0xe0a1d8ce79626893be6cbd6c60bd914d7dc63d3a,0x28c6c06298d514db089934071355e5743bf21d60
22.5586931179232,0,1,0.35576282,0,1,0,0xf66832bfb96bba08f48b21770808177687da8ca169b40cadcbee5f9c86539bde,24548687,0xd9b1d34494f7fc317c31e825a4039d14ff4d0f49,0x28c6c06298d514db089934071355e5743bf21d60
0.5522643630136419,0,0,0.35576282,0,0,0,0xfddc883a72283d2b686000018daadc1893de3326ad22473f6b25e9ff51540451,24548687,0xcb7fff5abbbe7431bc284ff59f8166d401adc53d,0x28c6c06298d514db089934071355e5743bf21d60
5.999955559095391,0,0,0.340323326,0,0,0,0x6a911f2abe3fcfe93a5b68cbb0d1febd1a1afb7b15ba51498ab7e909509f2b60,24548686,0x48e98ebddf18c6ef3436e297762d63a91ae76a85,0x28c6c06298d514db089934071355e5743bf21d60
0.01141,1,0,1.140323326,0,0,0,0x538903643776699afc762bc94b0ade905fd1705fdf9de4d171e550aeeb396bb4,24548686,0x28c6c06298d514db089934071355e5743bf21d60,0xd402285af9e91968ce85ffa17bd4a5c3ff7e6197
0.0143,1,0,1.180587332,0,0,0,0x17c45de6e578c23791f22abc5740895487812d522bcdfb980003bb7b1a4b985e,24548683,0x28c6c06298d514db089934071355e5743bf21d60,0xa36affbf6f07d48e88521f727cad5b936fde098d
2.01535361,1,0,1.180587332,0,0,0,0x63d7e73db89137a4328b0452184b396fba6a303aca250cb2cc0dda8900e503ab,24548683,0x28c6c06298d514db089934071355e5743bf21d60,0xaf51a1db0afd55edde50bb8e5df37a699ef7539f
0.2325,1,0,1.167017298,0,0,0,0x2fab0ec4999c3d5109e2731355b7c3a3ba1dc233dbfdc9ad43ea954818a55ccf,24548675,0x28c6c06298d514db089934071355e5743bf21d60,0x76ed2d9f5167c9d5a28d1a9f22f2c406e3ea0833
0.05792,1,0,1.167017298,0,0,0,0xfb2ac9f44a90d690a0dbfca19cb41f50793f0d21818fd4a5819bb698a6ef915d,24548675,0x28c6c06298d514db089934071355e5743bf21d60,0x4e3a61b267da032022595364b7ba05bc2f5e91ac
0.11985,1,0,1.147984292,0,0,0,0x4ff15405acb3fcf153ec475fe81d2c441ff14640cfd33bb8ffaa269bc4dffdc2,24548671,0x28c6c06298d514db089934071355e5743bf21d60,0x724860bc38181a1b6fb7ccb7e7cb0f9620e951e7
0.00455043,1,0,1.147984292,0,0,0,0x11d5f3a013ee853dff304ed35165bd4df40e3018afa776628319402e3c94bb77,24548671,0x28c6c06298d514db089934071355e5743bf21d60,0x80d5501ce5d27bf5ad03092813295cadab2e98ab
0.25500371,1,0,1.158304637,0,0,0,0x058b4e3b30479f351f2476609614e89b75bd9d7404ed77322a131510888b29b5,24548670,0x28c6c06298d514db089934071355e5743bf21d60,0x561be4cee7f5cc65ec122ed6c3b1ff81aa017cce
0.007842,1,0,1.150137705,0,0,0,0xfb3ca1b23cbf484153fc3675389f43453e327fe625202c737754bdc1c675f90e,24548659,0x28c6c06298d514db089934071355e5743bf21d60,0x44a5299db849ec437a3ace6c7b920773bb98bc1f
80.21813033,1,0,1.156527214,0,0,0,0xe70b5af3c7a744e143bc0314f2c3cba74c877337e0dc55bd2ed0c77f53f4d86e,24548658,0x28c6c06298d514db089934071355e5743bf21d60,0xa878d672e4a5692c25ea5ff68922a1f50fc5733b
0.53501774,1,0,1.158023352,0,0,0,0x8b690c904f17f66bcbed5d1fbead385799d5610882bff5bf5a213f289bce29f4,24548656,0x28c6c06298d514db089934071355e5743bf21d60,0xec32b56679ace0c6cc0b38b4f7177143397e642f
0.03003396,1,0,1.163998845,0,0,0,0x5876a5d0771493273ca4180bc873e8d38ef9da3bb4306341edc527498f4894e6,24548653,0x28c6c06298d514db089934071355e5743bf21d60,0x85bfb7438079a7627271f4bda98d943e7250b2df
0.15603102,1,0,1.163998845,0,0,0,0x6fa8c8bb2926ca00efde6b5c5cb917b085f593be0696b40baa51c4d8752072bc,24548653,0x28c6c06298d514db089934071355e5743bf21d60,0x58a69bf7bb27d9d29ae1a43d73ac6b36bb30f5ac
0.04985,1,0,1.159491179,0,0,0,0x5ab02bfda436388d3a2f903704cfee0bcb0fb7a138b828ade3e6d9e665375abd,24548649,0x28c6c06298d514db089934071355e5743bf21d60,0x437d6b060852b81f708e03fd0c09a9ea33032769
0.00574166,1,0,1.146934759,0,0,0,0xb6fe1509d466759150a953acec3c714a35428965955eb8bdc6b55acf5ccdc19e,24548646,0x28c6c06298d514db089934071355e5743bf21d60,0x84e88b5d1bb53da30fe76c5329bf620515e0a49d
0.0636138,1,0,1.160785633,0,0,0,0xe809bde0abc5837dd6f5ee69c4dee32085402410e765a91dc48b27bc5481e902,24548643,0x28c6c06298d514db089934071355e5743bf21d60,0x338b41829eee4104c062c4dfb339d23dd2f9bb09
14.99985,1,0,1.142942232,0,0,0,0x348e7c211103e22c99ff1277a2a2abe710aa0bb39d565a7449b9cc08df7b9136,24548642,0x28c6c06298d514db089934071355e5743bf21d60,0xf9e84c888c44ba1a7839cc69172f71b2bb224758
0.9331935,1,0,1.159471856,0,0,0,0xf0a8c58dd8d6dd72ea33107a6c296f087da7ab879dd4c5a9abde5c715c96c10b,24548639,0x28c6c06298d514db089934071355e5743bf21d60,0x56677a89a3e5a51605d8572866517a2df701b515
37.92999287092995,0,1,0.363883524,0,1,0,0xd53f1827a4828a21cc52d72c3b8a3e52487819ca1f798a5b7e83e795232afabd,24548637,0x08dc8ffc2db71ea07537d1328b3be0799b604396,0x28c6c06298d514db089934071355e5743bf21d60
1.696,0,0,0.363883524,0,0,0,0xb13cbf18f5ece25fa657a695d9153a974f844a88e7f02313eb3c5c9d1852b945,24548637,0x46922eec107d8a9b8ed8f2113d8e85f6ec3bcb8b,0x28c6c06298d514db089934071355e5743bf21d60
0.566,0,0,0.363883524,0,0,0,0xefb4f0e9e10cf2e7e407c411b40e8b4eb623caaeb4bef50e058c940ad3ddb940,24548637,0x23035373a3750e43f7454ea043949372773da282,0x28c6c06298d514db089934071355e5743bf21d60
1.028620134,0,0,0.363883524,0,0,0,0xed88004b51ba1d4cbef3adc78b11a53c2d8916cbc06f98ce3e3b075f67c15ec6,24548637,0xfd26e9423359619b0aa6f3fb3990d6dbb5a4b889,0x28c6c06298d514db089934071355e5743bf21d60
3.582501411240069,0,1,0.363883524,0,1,0,0x291b2fa21a1e6dc4866a96bd33e79cc45ab155ad7afa6096f99e164b042b0863,24548637,0x210f8f6a6539421c5ab7bdc8169fc5ad5731e519,0x28c6c06298d514db089934071355e5743bf21d60
0.947015601749627,0,0,0.363883524,0,0,0,0x1951742db895b10fbfe1498a604e3ef0739f97ef6adf50590d72e936947cecb1,24548637,0x593d0c2446e2ff7fdcf6f87decb4d7906922d554,0x28c6c06298d514db089934071355e5743bf21d60
0.487858634790019,0,0,0.363883524,0,0,0,0x9c95e5f863577c22221dd0feefa6798ae6d3f044724af8211b9e621fc765ab00,24548637,0xbdc5bfc349b6e07c5b54516c61116a544f53ae34,0x28c6c06298d514db089934071355e5743bf21d60
24.276998386635288,0,0,0.363883524,0,0,0,0x551313661344671ea109f8d451180593c47592fda58489ddd5d45dfeb90d37ee,24548637,0x0fa0b4c8eb82ef3691784ad077f6ca3d66eccf10,0x28c6c06298d514db089934071355e5743bf21d60
5.654516245335984,0,0,0.363883524,0,0,0,0xe8ac87aacaecb3116251fb99d5da9bc3865a78f576e39e6e7ddabfa3bc5ce3eb,24548637,0xdd428174e3358a8b7b343316146d8de1fe19ce23,0x28c6c06298d514db089934071355e5743bf21d60
0.889365543035298,0,0,0.363883524,0,0,0,0x12a63b5946cc17ad333942ee0f874b66be50f407d4f84cb822dcde8650ecf8dc,24548637,0xbc8c7f2dc7effeb8a25b8aa498749a53069d7793,0x28c6c06298d514db089934071355e5743bf21d60
1.3955781446746105,0,0,0.363883524,0,0,0,0xa8785a156f53b715007dfe5ef815d8da92e5fae099b428e036ac7c0d1427ec8f,24548637,0x5e62e38890e71e17a97fbdb7bae17232e03a0a26,0x28c6c06298d514db089934071355e5743bf21d60
31.18600001,0,0,0.363883524,0,0,0,0x31a9d76e71e03ed426232e714cfd44eb8a7dd4a21381ebd892c975a65aad2518,24548637,0xb5842fba98b5dce9496efd7454b1ce6156da10b1,0x28c6c06298d514db089934071355e5743bf21d60
0.844548839965707,0,0,0.366007989,0,0,0,0x9a4cdc57edcbb6dc4a6383ceda8cfa89eeda70030259f2448f2e416832514f8b,24548636,0xdbbcb2ee828db4d05236a6c70337cd230d054cef,0x28c6c06298d514db089934071355e5743bf21d60
2.5856106057121955,0,0,0.366007989,0,0,0,0xe02dfe305dc0fe89c83d860f32305b3483ac34406a170909a1bfc163e1066a4a,24548636,0xd9690986f22feabf205e94847ce6b7ddf56888f0,0x28c6c06298d514db089934071355e5743bf21d60
0.05100135,1,0,1.167681364,0,0,0,0x14b202bb99dc3ee945ebfabab2cab6e81c2d4fc9d63ca974faecb5026be0af9f,24548633,0x28c6c06298d514db089934071355e5743bf21d60,0x7d9013b3b01e829dfc1ffc754d981a25faef4d65
0.04985,1,0,1.167681364,0,0,0,0x3c7500bdc9b756e984ca3228266fa031cd9089ea9a466f2128fc7b4879b6a390,24548633,0x28c6c06298d514db089934071355e5743bf21d60,0x6123f6af9651d99d40081882ab13a92be466e593
0.01485,1,0,1.166472699,0,0,0,0x86945764699b847a7a8312d0017aa032d65d60c73b3ad9cf7e19d36b8b802c95,24548632,0x28c6c06298d514db089934071355e5743bf21d60,0x7f94e1123010485052318d618bbf7a00873bef25
0.09586239,1,0,1.165839618,0,0,0,0x6552d799cc00817ddc962e63ac81cedae8a7fed46816f1bddce01c2b75da4249,24548631,0x28c6c06298d514db089934071355e5743bf21d60,0xf2d1821daaeff24d29ff2aabc1fb168e11ee0f1d
0.05985,0,5,1.160791432,0,1,0,0x72904448c143e9b228c46592c23279b0418e33dfcff608b23b346bf58bb97816,24548629,0x28c6c06298d514db089934071355e5743bf21d60,0x937712ad13fc1915d43abdbc8189c6e68e55590d
0.05801,1,0,1.170060586,0,0,0,0xe9d4d93cacbdd762d2fce26b82b038538ec124f3c5f1c8879695ae332d608a8f,24548621,0x28c6c06298d514db089934071355e5743bf21d60,0xb1f1aaa8982c9f86a46642425aacd49512ad4b5c
0.16325708,1,0,1.163928927,0,0,0,0xde59ba1541fa1f8bea9d1d9910f57940ddd7a1f519b7c67f298d36c84682db64,24548619,0x28c6c06298d514db089934071355e5743bf21d60,0xe4ac329feb63228c0cf3fb481ef089171c788df9
0.07695,1,0,1.155686376,0,0,0,0xd628b2b70ba70599c65bbc08713a6fafda069ba502254f1ca54e359f762a4d86,24548613,0x28c6c06298d514db089934071355e5743bf21d60,0x6e6d175dec5e7dd88b6190ab8f2de6cd8cb1f8e6
4.60974301,1,0,1.1524007,0,0,0,0xfcb8cbe4bbba6b60dbdd1f9092d06fb95e26d867b7a4b3bc64f3728dc17213af,24548611,0x28c6c06298d514db089934071355e5743bf21d60,0x172d06977726276e3793de60f13d87c0bb0000f2
0.05221,0,1,1.135926539,0,1,0,0x364ee801b8adc7ca89b463a8ea4251dff96d4cfa767b06b8d700492bd3c8ccd8,24548610,0x28c6c06298d514db089934071355e5743bf21d60,0xa29d27f47dcc9d8cfb388dd08c2d4f9b35117029
0.00485,1,0,1.150025366,0,0,0,0x091766021a6f1bf034f0deddeb05c8c9d5327464934d9b8521b79e4631359c38,24548608,0x28c6c06298d514db089934071355e5743bf21d60,0x8ebee7fbfc3116c1c4a1924167c5acaca22269e0
7.280941375291357,0,0,0.316702001,0,0,0,0x82889b3c5eb9167eb12af1de6f7e3419af49d616032e2e51dd337e6264e1e7c5,24548605,0x508e74ae1ae7c47fad99759283bdd30768c81db4,0x28c6c06298d514db089934071355e5743bf21d60
0.5270645667184213,0,0,0.316702001,0,0,0,0x90a5421849267bd00ccf7c5b27626bb71f25bf7573090417819a3f9c306bea52,24548605,0xb9f8cb0e3540cb2862115eef5f50b63a9c6f0bf5,0x28c6c06298d514db089934071355e5743bf21d60
1.3856086314173448,0,0,0.316702001,0,0,0,0x9692da5d9f6eab43edd020bb4f909af38cf3014e5fa9ef865ff522884b21cb9f,24548605,0x4cd7ef52c8474f9cd60700dba768eb5ba384fb85,0x28c6c06298d514db089934071355e5743bf21d60
0.499352257222798,0,0,0.316702001,0,0,0,0xde0ee0df8fd60fa2ac80382919070065ff5196ca98d3e9993423859763e6db77,24548605,0xecc0105d2e93126ba1ad058ceb5bc691a488f78e,0x28c6c06298d514db089934071355e5743bf21d60
16.3,1,0,1.116702001,0,0,0,0xc2e0ec23c3fc5c10e0678d777cbe8fe88d0af3b699c16a0c9abffc61dc350526,24548605,0x28c6c06298d514db089934071355e5743bf21d60,0x7ecad83c191d09ee764cc6d7e1580a102445f6d0
6.98982,1,0,1.12956208,0,0,0,0x925291bab588e3337e06b44f23cea905f9bba3d026c17de4321a351a0d9bcd8c,24548601,0x28c6c06298d514db089934071355e5743bf21d60,0x706d743bad2f76955366610da65c7941d1233736
0.02994818,1,0,1.128315435,0,0,0,0xf3de2d5bb7d03657e41c09b07333d9e095742981ae3c6a740932102a6eaf6638,24548600,0x28c6c06298d514db089934071355e5743bf21d60,0xe77fefdf3d2bd17171e479a33b601e37822368a1
0.10285,1,0,1.128315435,0,0,0,0x9450aaf0c82c43bca81d75304903ab5aafef3e72fc906036ffbd77f2c4e2e1a7,24548600,0x28c6c06298d514db089934071355e5743bf21d60,0x285a10af16434038a66f2082c201833af9b8b78f
0.01732214,1,0,1.127761533,0,0,0,0xbdb010e31603833440befd6e675a174616bd1442693aaa70c51596cf89cadea3,24548596,0x28c6c06298d514db089934071355e5743bf21d60,0xe7f33e491bca54254f577b7b508e2c3e18709ff8
0.0236263,1,0,1.132937191,0,0,0,0x0e3c910aeb701fe0b22963b3a87fb678a5de036086bfa7785f182cc5883fb7af,24548594,0x28c6c06298d514db089934071355e5743bf21d60,0x41b5d10b2ef2b422b67ce241f44bb20fe4de80cf
0.03482276,1,0,1.118214473,0,0,0,0x510d5cc0bf81119f01d2ebc1ee5f1023c1b715eb6f82a3f4facda2625d107ec3,24548593,0x28c6c06298d514db089934071355e5743bf21d60,0xb8b2447a914250cfe73be410134161ef087b95fb
0.22501961,1,0,1.128294667,0,0,0,0xa9cd791c75f113cf7ebb6f5685a56d579e344bb1c5944bb779c057d1e5521d72,24548592,0x28c6c06298d514db089934071355e5743bf21d60,0x1c133fd12958136e460dc7122a2f7c5741ebc7c0
0.02702512,1,0,1.119658899,0,0,0,0xef230b12275ae38ba6ae185ea3fd0d444cbab27b7a015f74ee73cd0daefe1ad0,24548589,0x28c6c06298d514db089934071355e5743bf21d60,0x0c9f875bfa087556d7bc268dc51da160638b79bd
0.6661286968914226,0,0,0.317194535,0,0,0,0x7c9a4b9a6e935345305ffdf2245886a1393767d849f543edd247207277ae351f,24548588,0xfed09f90fddbd3a8efecbd41448de63ce60aa2b9,0x28c6c06298d514db089934071355e5743bf21d60
0.01773378,1,0,1.092747746,0,0,0,0x8921966fc4eb3acfa8fbf24e6908a819ee91365a2840ddb03841578014d1c0d0,24548586,0x28c6c06298d514db089934071355e5743bf21d60,0x72e3a0249a66c5b9634a48d79a25108bd09add3b
1.54048898,1,0,1.101344581,0,0,0,0x6e993be78bf5aeb899c2f13c379d25dc86851e20eea8a97fed9c1c993852043e,24548582,0x28c6c06298d514db089934071355e5743bf21d60,0xb21556b7026666091a2b2cbfc06cefb064ff08e4
5.09985,1,0,1.109460712,0,0,0,0x212f677820ce59bf91aab5c4b2ea8f48a1d40606e6bbcf2bd2c9ffa5df3b9b7b,24548579,0x28c6c06298d514db089934071355e5743bf21d60,0x1712e47cd0925d6b1b9b36764848770eb1531c39
0.00185,1,0,1.109460712,0,0,0,0x27f9c9faac107a45a325a7118ebd3a7c19a1bf01c2134804c8231bf80b93d909,24548579,0x28c6c06298d514db089934071355e5743bf21d60,0xe4f80d8cdce833d1cc749f5246bd133d81b8e8d8
5.98836184,1,0,1.10010148,0,0,0,0x2d390d95081283b76b9b215225856bbec408849210524a42ab1bc9452cc40676,24548576,0x28c6c06298d514db089934071355e5743bf21d60,0x3e0b94730629f96798dd4ef7f2c49af62578b0ce
1.96228038,1,0,1.10010148,0,0,0,0xe7e5318d13233ccf96908fd7c1d48e0c1c0d1b08729bebf4e3260c344ec3a936,24548576,0x28c6c06298d514db089934071355e5743bf21d60,0xa8bf26cd76d980975820374df98c55433649f0a3
2.202383100505639,0,0,0.303189435,0,0,0,0x345dfb86274ce55e18dbce81a3f2ef27f3b7589342adf4ae7f9e38677260517a,24548574,0x89dc92ef1c3e8329425ac5452831ca33a16ab3ee,0x28c6c06298d514db089934071355e5743bf21d60
0.869988754982391,0,0,0.303189435,0,0,0,0x919d8e6f796edb922f6d15a1f1faf603e6f54d0c273521361653f515b830d6f5,24548574,0x9eff578fc5ed71bff897d7f9a43ccbb0d9ac62bc,0x28c6c06298d514db089934071355e5743bf21d60
3.5986569207501837,0,0,0.303189435,0,0,0,0x9ce60708c19ae1cc237050d4718fac94057de054b654ffb832b750f3af003871,24548574,0x74a1e2d379d46c58a05a28d1f3e9535f911ce562,0x28c6c06298d514db089934071355e5743bf21d60
249.99999485393812,0,1,0.303189435,0,1,0,0xb7be86d358c95cba465bdcfcd990c63303ed11771bf47e2c1aed25e2007bec02,24548574,0xb984427237e5c9244221b949ba56027658f9f205,0x28c6c06298d514db089934071355e5743bf21d60
24.99999478728569,0,0,0.303189435,0,0,0,0xe2880f8532c910b2c2a745466708f99b82e5845d45a2aa5eee596206f56260fe,24548574,0x85976a27efa477d8530cf5f17a16ab5c854baad4,0x28c6c06298d514db089934071355e5743bf21d60
0.7760504612875274,0,0,0.303189435,0,0,0,0xfb141d0c4fa62e6f18240eae0858e2cdad9d3ea7a2b38fed5d3e602b7ac7a6b5,24548574,0x9ab9fb82b4bac3ee51ceecb45738004262da9e1b,0x28c6c06298d514db089934071355e5743bf21d60
0.5532208146756044,0,0,0.303189435,0,0,0,0xfd0446a7a41f6d735cfce2e0e0971d7ad7dfb82c0918c15434a8edf6da7f1721,24548574,0xb1566c25bb38574130f349c9059a4fc9b0212773,0x28c6c06298d514db089934071355e5743bf21d60
0.1945551,1,0,1.104321635,0,0,0,0x1489911a5ba762a7eaadd27dcd22e6ec6dd0e51208939f29c1c0c12b65e79c35,24548566,0x28c6c06298d514db089934071355e5743bf21d60,0x81fd343aef84ee072731885784c0d8edb6d336a8
123.79985,1,0,1.104321635,0,0,0,0xe8bac852651d4fefbddfd2e37cd214143de4e4ca1ff90856f008b500f844b6f1,24548566,0x28c6c06298d514db089934071355e5743bf21d60,0x4bf9663370a10a8ddef5f68748700e1fbe3ee8c8
0.5100281,1,0,1.111271865,0,0,0,0xf96fc6f6d07ff981961049714b67d57bc0764f547d40c2981c2df5fbfb85b011,24548564,0x28c6c06298d514db089934071355e5743bf21d60,0xae516a53d0d04a7fee25d866bbd0894f3fc86db3
0.05674427,1,0,1.112605689,0,0,0,0xd62ccfc4fc8663b5862edec66b2418ac6081cede02d82a54b14705ec157123e7,24548562,0x28c6c06298d514db089934071355e5743bf21d60,0x5abf52817d951bafb3dd3c265fdf29165e03edfb
0.00185,1,0,1.094775851,0,0,0,0x6574249f3810935ef1c42f80eac431c8038ceb8457e195054fade47faf8f1034,24548559,0x28c6c06298d514db089934071355e5743bf21d60,0x26b42e91d92dcaaf88d1fc6947db43b8b8452442
0.01205,1,0,1.093799564,0,0,0,0x4941b24393623ecb77d902be221c2e49327d01fcd55ca8672a08a976b37ab847,24548558,0x28c6c06298d514db089934071355e5743bf21d60,0x16896ed187d922ef6536531e1ae4eada946a3a2c
0.11585,1,0,1.125848359,0,0,0,0x0cec363f7e555c560cc3caf609e8a9eb4cbc407be66f5690e830ef4e46cb94ce,24548550,0x28c6c06298d514db089934071355e5743bf21d60,0xbcde5b20d0eed9d81b49707f35276e98fd3b0147
0.01437,0,1,1.118299515,0,1,0,0x87d28842fda8cc536a09d802a01e6b70d364fe0b1db31091f9b047759686ed21,24548549,0x28c6c06298d514db089934071355e5743bf21d60,0xa36affbf6f07d48e88521f727cad5b936fde098d
73.00985,1,0,1.121726547,0,0,0,0x884a19185495adf23e46859e500b5015e8098867ad8e18b7f98dd59b988a633b,24548541,0x28c6c06298d514db089934071355e5743bf21d60,0x7f030dded85c2672a84b3b33528f57babbdcf7e4
1.4043234859514917,0,0,0.312354437,0,0,0,0x40e570d641f01221b099aed79aa93d9b8e8dc621c16d18aea33a171721ce8f04,24548539,0xc0995f784d8f0814198fbee041aa4304a4aba4c2,0x28c6c06298d514db089934071355e5743bf21d60
0.01385,1,0,1.112354437,0,0,0,0xff621aa7f8de187b575c61a6e4f750d480236e842a92323a6a5a97c3b36636fd,24548539,0x28c6c06298d514db089934071355e5743bf21d60,0x1d0f624375ee0b5129b29825fbd9fe5f700a1117
0.5027126884669977,0,0,0.321828952,0,0,0,0x0354851ba08baf310a336b2e458879746997fdf60927008632d3c1ead24e7ccc,24548537,0xae71d2496e6621f0b681bea492c4102ff4230ea9,0x28c6c06298d514db089934071355e5743bf21d60
0.8218087860637974,0,0,0.321828952,0,0,0,0x09a42b89f4e0316cb1f9dc4fed56a53dc5ae37aa1ec3cc9e833c38078a961d0f,24548537,0x5459741146b0f86857d33f87824bdfd5c1508b02,0x28c6c06298d514db089934071355e5743bf21d60
3.579989134623835,0,0,0.321828952,0,0,0,0xc6a35763fcd64e6361ce15dd2a06013858cd6d665c4a755f027926487caae072,24548537,0x86195f03943358a670dc95bb5d343c773aea94b3,0x28c6c06298d514db089934071355e5743bf21d60
22.126937589461846,0,4,0.321828952,0,1,0,0x6d21c4555a5a0cf909c40947dc743f7f4db85429e6947b8ddc982340b8b08e25,24548537,0x483a910a7479af5bd1333014af97ee5c733a7052,0x28c6c06298d514db089934071355e5743bf21d60
0.599993529883095,0,0,0.321828952,0,0,0,0x1d122c96a1a924fa459d46e72e307d7631ae3e8e5d1411e7477a129ddafc8cda,24548537,0x27a945706c2f4068f7d0b278add41075f62d9931,0x28c6c06298d514db089934071355e5743bf21d60
0.7250841527766164,0,0,0.321828952,0,0,0,0xc04c4332e77f079ee2643ae920834195eb4aec1ef3b756dbae37b5109523b47f,24548537,0x95bc1ffbd224ff29067e44e0bb0c250a2843bcca,0x28c6c06298d514db089934071355e5743bf21d60
1.045690109551758,0,0,0.321828952,0,0,0,0x617de2c65517a0e65eefd6bce4c295453a67847c428967e58bf5ac489b11910e,24548537,0x35065867c09322fd73d0a1ec348bbc7903e5829d,0x28c6c06298d514db089934071355e5743bf21d60
1.396641632581938,0,0,0.321828952,0,0,0,0x93d47a4b23fb00cbfbf9c1f7359c0ced7e83207a22ac4406c400d414f4040057,24548537,0x4c6b48eee013b3b70a9a479127b05283264a2e6d,0x28c6c06298d514db089934071355e5743bf21d60
0.78978990890969,0,0,0.321828952,0,0,0,0x7f9bf182f6fe164034b531b66666baa2f353da274a2a7d9b36279384444b64f8,24548537,0xdde8fc44ecf9c81312f1c143dc78e1ba0791a4e4,0x28c6c06298d514db089934071355e5743bf21d60
0.676,0,0,0.321828952,0,0,0,0xc7b7c5650800889f98ef7c5024633af76005b08b19448dbaa1239370b7c8275e,24548537,0x88eb731e74300caf09f43dd51874f7fefff3ad28,0x28c6c06298d514db089934071355e5743bf21d60
1.439994770645373,0,0,0.329899238,0,0,0,0x0a9fb3a4f2b280d71310d27d67ed8e8db916d17acc78b3cff43286ba1a9af474,24548536,0x2fc7014834d057d3ad0ae55470bf5860f3cfd5e1,0x28c6c06298d514db089934071355e5743bf21d60
0.789789950233322,0,0,0.329899238,0,0,0,0xca8bc0c5a7c6a88778fef4e399acf9cac4e08fda176a7191cd49176b75c0d929,24548536,0x06fedd62d766da50c3fc3b373441a09ee6810f5e,0x28c6c06298d514db089934071355e5743bf21d60
0.8928323190621024,0,0,0.329899238,0,0,0,0xcefbb1b5fa017a4fd169bd260cc30328d38221a2c74b087a30f28f0b160481c7,24548536,0x79a68daef4862a3af2999d304b81e48bae02d22a,0x28c6c06298d514db089934071355e5743bf21d60
3.350542649870861,0,0,0.329899238,0,0,0,0xdc2f13145b71d9515ef0878e02a3566b7d0f572e2a926fe5f90e375ca6a1bc83,24548536,0xa61c065a51576264abb1b9776a720bcb1e64c34f,0x28c6c06298d514db089934071355e5743bf21d60
1.355275819547205,0,0,0.329899238,0,0,0,0xec33736d962b5d3c70635ec5b589947266a8e2ea912e6d477c5743d809040a42,24548536,0xdc8e8090a8e8ebf987f7f3b1abead78dd4b0cba7,0x28c6c06298d514db089934071355e5743bf21d60
0.72010637,1,0,1.131151539,0,0,0,0xb2509c82be796a519553a5564c9cb89b3c252f6a9f4e1d414cabf6b0c7370141,24548534,0x28c6c06298d514db089934071355e5743bf21d60,0xdc69390777d177afbfd1a9ed2d59def7a2156534
12.99433824,1,0,1.136930153,0,0,0,0xf155a12ce82ab447d3470b02cede45f0c359f55fcad4bd827e4412874c4c6baf,24548531,0x28c6c06298d514db089934071355e5743bf21d60,0xc26f6fa61dacabc1921707da668e022ec0e82f0d
1.87790322,1,0,1.140811538,0,0,0,0x8cddc7e9535eaef32bc0d7e3bda503e2156f7cf82550227b8fb043a901e5ac13,24548528,0x28c6c06298d514db089934071355e5743bf21d60,0x3b88055ae847e5147827db581589b441e0d792a1
0.01385,1,0,1.129396698,0,0,0,0x0612bff1362275309b211587c23ca0ce92938eca2fe64fdb6ac361c1c3dfec9c,24548526,0x28c6c06298d514db089934071355e5743bf21d60,0xf6dd1d6fab1c3f69f9bdbc32e611463efd7911e3
39.99985,0,2,1.136607505,0,1,0,0x4d9d8b5e2516adc0fd47137093807fe8f4bb77608bd2a5cac67a8fe163fee522,24548522,0x28c6c06298d514db089934071355e5743bf21d60,0x3d941b5f9979602c79ef50262d0a52d88c9ea0ba
0.03665,1,0,1.130461026,0,0,0,0x8fd62c1b7c5b337a7ccbbc8e3f51ea8ff45622a45187e0d5d6e8b3c3940394a2,24548521,0x28c6c06298d514db089934071355e5743bf21d60,0x2b3061498085c2063086d8a7a97716e8761ef417
0.01479156,1,0,1.131286094,0,0,0,0x998adf78c1294afea701c3b6da1ee818b648a111c2e0dcad1f7966ad7b1aff01,24548518,0x28c6c06298d514db089934071355e5743bf21d60,0x40dd64e1422373d19f5a3c58fe584a9f2dc6fb3f
0.04985,0,1,1.137421822,0,1,0,0x8d95ac4a7a978d0fac07ff77151b4f76b57cfe33cf7864f5502bdea43e76c90a,24548517,0x28c6c06298d514db089934071355e5743bf21d60,0x6123f6af9651d99d40081882ab13a92be466e593
0.00710134,1,0,1.137421822,0,0,0,0x6ea257a2d942f5053d09b3db34d6ae2f020b410a6a1b9b82a3a6fc002517b08d,24548517,0x28c6c06298d514db089934071355e5743bf21d60,0x81de44ab58edbfa6c83dfa890881cf01b743b066
0.51834658,1,0,1.139921403,0,0,0,0x5dc0b46f597c3bedd6b9dccef6b9ddd6672e3a6dd961722858d3caa9ecd7cc9a,24548515,0x28c6c06298d514db089934071355e5743bf21d60,0xd601bc07340e7b9901c9b036cb73a3039d7d9729
0.25603688,1,0,1.140197608,0,0,0,0xa3d94885d2343cfe4ef7b1775ce56cbf6cd09bd4e433019f879c10089b84ad10,24548513,0x28c6c06298d514db089934071355e5743bf21d60,0xa31c5fa5b956ec1079c54eb3af4f0c96d5502acc
0.23085,1,0,1.14579094,0,0,0,0xd9400a2d4806fa3aa41c13afe2bd933f66f78020915dcb31aeb58e4eeb51795c,24548495,0x28c6c06298d514db089934071355e5743bf21d60,0x8e4c8b062281b01c899cc78b7cdead5666138c5a
0.17469704,1,0,1.157865464,0,0,0,0x94110585043af6ea655157d3acb9d1e2146678a4cb67124ca5f77cf516af54de,24548494,0x28c6c06298d514db089934071355e5743bf21d60,0x4d7d38e7a0f3c2d9500aedcbcbb3422051e756d5
0.01330965,1,0,1.146724213,0,0,0,0xb41681080e7dd05450b9defd0e90a94fac81d9bdfadf272ce66c49dc7ef9ab55,24548490,0x28c6c06298d514db089934071355e5743bf21d60,0x9cf57675ee216921fc2d7e0584e44ebadb1171b5
14.59199317285359,0,1,0.339056099,0,1,0,0xec1eaba2c655c2250c052fa8ab29a0cb93fa306ef14811dd4d9d1b545013a426,24548488,0x5977dc0c0d17fed424118a303eb67db34514c15e,0x28c6c06298d514db089934071355e5743bf21d60
1.0911983973279442,0,0,0.339479526,0,0,0,0xac64aea50ae78a869cf4f511506fb5ca61ba07f19456ad436263ea94174b2cea,24548487,0x8d7c1e482c053235c03efd2c1b44902950478555,0x28c6c06298d514db089934071355e5743bf21d60
4.602494954929739,0,0,0.339479526,0,0,0,0xae37ddac5518d7dfd17e1e37440557c2c120058d2598949213b5a1e13ec103b3,24548487,0x0479fe1845dceabe92c8430f15e67eaa5a3a1c3b,0x28c6c06298d514db089934071355e5743bf21d60
0.739890743791429,0,0,0.339479526,0,0,0,0x01890814b415c87911b54c185a6fe96dd3bcaaa2fcffb91e9b22238683af1173,24548487,0xb3341d1d7499cdd8cab37081d83c0a1c995f8027,0x28c6c06298d514db089934071355e5743bf21d60
0.910989698947702,0,0,0.339479526,0,0,0,0x24b55f2f50a3d74c100e74d5ad8c4868630b8b55c0bedc492d9a675357148288,24548487,0x0bc71809e419f14047d39dc5204cc24fe11ab808,0x28c6c06298d514db089934071355e5743bf21d60
0.547287049831407,0,0,0.339479526,0,0,0,0x043811ffa8e230419f65efc38343910db364fb345cd79821cf0e6044045727ee,24548487,0x89dd1f7eb898c44b1c4abdcf74697710cf191920,0x28c6c06298d514db089934071355e5743bf21d60
6.64870309910655,0,1,0.339479526,0,1,0,0x7c622ec673f2035a10f4e9085579691221a86bf1d0f46e6598c4bbd18d1e4357,24548487,0xe14fff0ab14db3d8a0f11c3db2e1c989b844f5ec,0x28c6c06298d514db089934071355e5743bf21d60
92.7799343217254,0,2,0.339479526,0,1,0,0x51275169f1bf1bb0cabdd950d9870dbfc77610a684d73ed29abdc7b32d4337ad,24548487,0x08dc8ffc2db71ea07537d1328b3be0799b604396,0x28c6c06298d514db089934071355e5743bf21d60
4.975518925331991,0,0,0.339479526,0,0,0,0xa791eaf725517d0f030a5a4e00f761de83c49dcf0b325045c79d6e0162ebe7ea,24548487,0xb3a6139e8b317e02d499378776026b8051394071,0x28c6c06298d514db089934071355e5743bf21d60
2.944146985657164,0,0,0.339479526,0,0,0,0x060a712d0d739b7447e2b321208fa0b53410fd373c04978b982b7c90cde92c17,24548487,0xd5f79587a11631ebeab0fd1a2892e61a695cdbef,0x28c6c06298d514db089934071355e5743bf21d60
0.546,0,0,0.339479526,0,0,0,0x9507a581337447c9bf5def2fad996c4032c463902c728b0e000e3c4d27d732f0,24548487,0x1f2b472ef7f04c0d3783a464c65f3bbeeecc0ca1,0x28c6c06298d514db089934071355e5743bf21d60
0.51,0,0,0.339479526,0,0,0,0xbcfe86e8330463f03a5f206c03dc26a593f5a26514d40113e37b79426d0a1c92,24548487,0xa10e9aeb4557e5af9a12c5a62d1a59464fec3d22,0x28c6c06298d514db089934071355e5743bf21d60
39.99996799701368,0,0,0.3387007,0,0,0,0x1b2ad8541b4b5067bb792b8fdc99795ff07794096a08de6f3d015cabbbb0578b,24548486,0xa967d6961db3687fea55d13a9bc8fcfd5b88c599,0x28c6c06298d514db089934071355e5743bf21d60
8.72345,0,1,1.1387007,0,1,0,0x9d80110882f8516562d4918d10b0454a21e48042c22a740cd7ea219e113f34e7,24548486,0x28c6c06298d514db089934071355e5743bf21d60,0x9cd4e035ecdc10c1bb3951f8dad350d000e00b88
0.05700675,1,0,1.144408114,0,0,0,0xb1dcb083736b9fc4a7b873ee0528bbb9a78ee063e1851312b64f6419965015a8,24548483,0x28c6c06298d514db089934071355e5743bf21d60,0x2efb1ea4a3992107b156dc18838cc0bbddf1c7ba
0.04985,1,0,1.148275181,0,0,0,0x45ce2b9534c7f78cfa80cffc1b711168b2c2f88108576b1f2ae6a314b0af9c1e,24548481,0x28c6c06298d514db089934071355e5743bf21d60,0x0cdb36e4e34fbca5bf35ca17e5cf9e3b20435769
0.00685,1,0,1.15142632,0,0,0,0xf40e69864adf8f30d10f7114fd23f64a09ff9da157f7d98b2f6d101ae9cb884f,24548480,0x28c6c06298d514db089934071355e5743bf21d60,0xfd605a78bdfaea89fa6ff5ffea035f58b7b2593f
11.99985,1,0,1.139656145,0,0,0,0xcd58b7cc7646a374fb2b16a0cfd48de9d62dd8d5f8d54853aaeb282ff85828d8,24548478,0x28c6c06298d514db089934071355e5743bf21d60,0xcab4be056bb37ed43ee376d7eb0c1e0687118a4c
2.37033654,1,0,1.138220883,0,0,0,0x07867c5361135a8f8186474bbc33dcccc446f89ff940a3bf28560f262d1eb394,24548475,0x28c6c06298d514db089934071355e5743bf21d60,0xa16c1bb3ad87031e1adb0e3d517a876489c51df0
0.00185,1,0,1.134516563,0,0,0,0x3647faa51573c5352d27d3f9587656269dcdb033033c95f5acd0802c5aff980e,24548472,0x28c6c06298d514db089934071355e5743bf21d60,0xa1f9e2b589c4c86b5bfb32e77fedca5a1ff4ac7e
0.0197301,1,0,1.134952427,0,0,0,0xd58632d3b501a4c4527d240b0ee0c60ed2903db49d985e2de2e0a9599be27cc0,24548466,0x28c6c06298d514db089934071355e5743bf21d60,0x85f15d0e945d96cf43a9156bc6ff63f8821b904a
0.49785,1,0,1.134952427,0,0,0,0x1f38d1095976339926052ef3233024567e9cab1e6ecae87edead8cb549a1eddd,24548466,0x28c6c06298d514db089934071355e5743bf21d60,0xb2df88aaa7a47f7fa87bb4d31ae8080fefd86cd5
0.0072719,1,0,1.13444624,0,0,0,0xae09477125b786cc0bc70f4e602796a2cfad92a2d824b219e3679464442a095b,24548465,0x28c6c06298d514db089934071355e5743bf21d60,0x77ee7fbaba160709a0b43e0211cfa45624cb916d
0.17958223,1,0,1.127609454,0,0,0,0x65e7aecd1522c54b39094e0739fee42e62aabed9ad2ab51523d901cdba95c535,24548461,0x28c6c06298d514db089934071355e5743bf21d60,0xfe6fadfe3f99b7083980a6341c992cc9bd6b6d69
0.01128143,1,0,1.122451221,0,0,0,0xeb3e57fdcb26d7a464cb3c8d133219e521d022df986c7c9120becfc28280936e,24548451,0x28c6c06298d514db089934071355e5743bf21d60,0x339bc7a7539508602f12ea35caffa523d2d4d756
51.5143,1,0,1.121712361,0,0,0,0x0455e4ff69fefa7c3c788d62d6e1579f445a108d6ee80e097b0d9a773efccbc1,24548450,0x28c6c06298d514db089934071355e5743bf21d60,0xacc74cfaa8ad730194c1828cc179c78d5c08200e
0.01143898,1,0,1.140492654,0,0,0,0x4903c4aa80b8c5084711743d52f60310d607481b5c77ee7416848019c6347c4f,24548448,0x28c6c06298d514db089934071355e5743bf21d60,0x52a3f3efd6c5c2a9a5cecd6d8b433c6a042971dd
0.00238736,1,0,1.1182702,0,0,0,0x49b7a739f797ce19f4509d94d8ad1b8c51fc0486b9543cbf800a8d8990178514,24548446,0x28c6c06298d514db089934071355e5743bf21d60,0xb029db9ba7544a3ecf0870ce1e1151e30bf83205
37.26103212676423,0,3,0.333112388,0,1,0,0x4ad5d80ad1e01992dfad70bb0454b3076642eaf69c646b6bf23f36b2d15af69c,24548444,0x06fd4ba7973a0d39a91734bbc35bc2bcaa99e3b0,0x28c6c06298d514db089934071355e5743bf21d60
0.025824,1,0,1.133112388,0,0,0,0x78258bc9400ac307b8cf47cd193517b30bd2944e8641bdc2ee947d060227232b,24548444,0x28c6c06298d514db089934071355e5743bf21d60,0x61babeb5d8fa364503fd5ee72d354ef1c78988e9
0.03388943,1,0,1.134451216,0,0,0,0x70a90e3b6391cd95c1a775f040d93444bfc0a6b5384cbc5f92b9b46a6da8c7a4,24548442,0x28c6c06298d514db089934071355e5743bf21d60,0xd77ceb7c643771e4a974b849e1dfde4eefcdcfb0
0.02697024,1,0,1.136740439,0,0,0,0xe3bc2e3d0b4994ab9784dd8fbe2170f44a2e0506921ae52be7ac7a08b3cd13dd,24548441,0x28c6c06298d514db089934071355e5743bf21d60,0x6b4a447b0a3e01ff3f5cfae2cdac59a3fac2a72c
3.73460373821874,0,0,0.333801551,0,0,0,0xc1400d2e78917f3ff3dcd12368280f7b05a8a0fbad4e89c94989c752d6b8b09c,24548438,0x5ded206711fa64f7825c31093d01071acc538520,0x28c6c06298d514db089934071355e5743bf21d60
2.125,0,1,0.333801551,0,1,0,0x719e504746c10f17b5f7ed3d1e75127e537962bda2a01583268c55eb4b260d39,24548438,0x37c2eefff8ee10c14d9543948852179d5ff5ca1c,0x28c6c06298d514db089934071355e5743bf21d60
0.5043945003323691,0,0,0.339781229,0,0,0,0x49194e081896ac954cca4b9a5518a519791716a90ab0e465667814c671946521,24548436,0x426f7d0dc590556a02b645b89089d1f6b7959406,0x28c6c06298d514db089934071355e5743bf21d60
21566.37474437,1,0,1.145735603,0,0,0,0x41b2f04a4a4a2f484c2fea543116974a114b0e538070d9a0a9fbb4e777d7b113,24548435,0x28c6c06298d514db089934071355e5743bf21d60,0x21a31ee1afc51d94c2efccaa2092ad1028285549
0.125203,1,0,1.133178117,0,0,0,0xd65194c5828be41d475b8959e34e222b4f78084d511b4396a445fe43e594217a,24548433,0x28c6c06298d514db089934071355e5743bf21d60,0xf38b6d01c662678657ac678b79cd5e819bed23e1
22.12835,1,0,1.112801496,0,0,0,0x8c16630427cdefdd765347f42c573dca6e9aae357fcade3d7c31e407c97b58fc,24548431,0x28c6c06298d514db089934071355e5743bf21d60,0x4745cd44fef98ac9166fb14d94b4bc53e7d75419
8.17562825,1,0,1.114115218,0,0,0,0x378d3b8299ba8a440a5d865edd1e49657b7d9e0a779d771d41197881e7a2bba5,24548427,0x28c6c06298d514db089934071355e5743bf21d60,0xe19edec8fb9faeb0dcaf3fc73d6487c7cfcabaa5
0.506,0,0,0.321927375,0,0,0,0xfdceff76fbb5e7b41bafdb24da457f0aa7ffe6c000fc4058cee1a41ba5796d75,24548423,0xb381fb2cf49672597e011e63cbd2b5f72f40d423,0x28c6c06298d514db089934071355e5743bf21d60
0.526311320759626,0,0,0.321927375,0,0,0,0x23e47fea59be342e5e9881a4ac3e842ef394ce9dae9bd922c0bd5cec580e4c29,24548423,0xff3575181bd9ad1367fec1b7568ca02f687b711b,0x28c6c06298d514db089934071355e5743bf21d60
0.552426154227972,0,2,0.321927375,0,1,0,0x5d591cddaea5e08026c7e0642ce06ebb01d61c08e70d241310b1a72dd0bdf95c,24548423,0x4baf3c7866922ee42ec2ba6046f270b8dd5432e7,0x28c6c06298d514db089934071355e5743bf21d60
0.49061112,0,0,0.321927375,0,0,0,0x2736fb4dd4f88be0e9267a31c10bae7be8821fed745aacba4c86c90fd177d8cc,24548423,0xbab81a4dd537f5c61795f0d57a3ecce916b28bf7,0x28c6c06298d514db089934071355e5743bf21d60
5.605527694522573,0,1,0.321927375,0,1,0,0xf1c9a7349384fe957cc53cdb75db490ad153f30ff0376bee3077337b5022fcb0,24548423,0x09f1191c26f8e39d6a69bba889c917f2776b5827,0x28c6c06298d514db089934071355e5743bf21d60
5.26995986590025,0,0,0.321927375,0,0,0,0x4d7f404c5231bf4e298930fa04c2e6f9d9e38257c5c5937323d0efd7d9eb4bef,24548423,0x9e7102cba3e37a830421075980dbbec8d1e978a6,0x28c6c06298d514db089934071355e5743bf21d60
64.12550437324751,0,1,0.321927375,0,1,0,0xda646b7ef108585575803fbd2e0db404a973cb289a77c607be18672fbd7b538d,24548423,0xd0e83490a55e671b3cf39cd027f0f9035ec5a1ef,0x28c6c06298d514db089934071355e5743bf21d60
0.730934165185301,0,0,0.321927375,0,0,0,0xdb85b32f58131ef64b91ccbe38f0c1d54e2a3b8c5be51f2b509edeb2123bf8cd,24548423,0x6866fb007c2db723e7ab8d0068ad54fdaef8faeb,0x28c6c06298d514db089934071355e5743bf21d60
0.7909004793702723,0,0,0.321927375,0,0,0,0x0cd160458bd9ac63729f74bc8bf797e6303176cae0ac2a84384552dd6c32a04d,24548423,0xa6adb7883b26a0bb7472a4507b11d9dbd33880eb,0x28c6c06298d514db089934071355e5743bf21d60
329.99994598434165,0,0,0.321927375,0,0,0,0x2ae2b3452967eb35d36d5ffda5fbb56d8db446bd4b36977519dc1b4339fcd2b6,24548423,0x7e93985f599a978102d5a4d7bf457c358840186e,0x28c6c06298d514db089934071355e5743bf21d60
0.6971920327928192,0,0,0.321927375,0,0,0,0x10290e32fe4d34e9623f3a435458c4f19151caec2bc821ad289185df650daaab,24548423,0xae43894c1d1a8b23ea5067f74d7fe7bc362ca07f,0x28c6c06298d514db089934071355e5743bf21d60
1.082003279933263,0,0,0.321927375,0,0,0,0xb2fbb3a9ed6fa1c4437fe285de9cc89f1666d779b05b9648d42c586a96c1f121,24548423,0x348751d954cf591ccb7bed3db8746685f5f35bce,0x28c6c06298d514db089934071355e5743bf21d60
2.923889569244497,0,5,0.321927375,0,1,0,0x38d2061478ec9c9f453cc36c58aa276f284e5fe319ebb3d349869b36ee069d17,24548423,0xd275c77cc1dd410ede0690dd8a9b3af729e4dcc4,0x28c6c06298d514db089934071355e5743bf21d60
22.23479416315764,0,1,0.321927375,0,1,0,0x64b897053a0d5192901b39646b87264ed8abc9ea485d88b353c1fe0677f8fc5a,24548423,0x8d005417ccab1f22f39d49c4d58213242e2aa4ba,0x28c6c06298d514db089934071355e5743bf21d60
4.75959059,0,0,0.321927375,0,0,0,0x6b2c4f219b56c85e1e22210e9a736305f9d0b9f407341f32e35b1e1becf74959,24548423,0x03c82619600df5e1701883134e651eac721ee985,0x28c6c06298d514db089934071355e5743bf21d60
0.12003167,1,0,1.118915683,0,0,0,0x38870bbb332e25f277c79e873b55553fc4a0773067a5a04a892f31d60d6a5899,24548420,0x28c6c06298d514db089934071355e5743bf21d60,0xa511282268ac9117fbfc0bc2c54bd957f8badbb5
1.00045,1,0,1.134806361,0,0,0,0xaa0ccf8396d72b3023c27611d5dfbae10f51a8456a5f787ec7ea446a46ea28d9,24548416,0x28c6c06298d514db089934071355e5743bf21d60,0xad1d4e1fa71f1d39dca126ef5d6e511975eb55ae
0.00285,1,0,1.136584068,0,0,0,0x6dcfcaa674abe03e5528280e9eb71ab63f3dbee7896b53a4032a21dda3249a2f,24548414,0x28c6c06298d514db089934071355e5743bf21d60,0x24196f6f490b13bf1e1d3d3572baa0d9e35259db
73.78985,1,0,1.121218127,0,0,0,0xce93a880333c6857f435020535b69c9191fba810e6a076e2aa35b6b2f6fc688d,24548409,0x28c6c06298d514db089934071355e5743bf21d60,0xc72f6cc407b39437723fd2f5e9168a79d158a499
2.56246752,1,0,1.114573956,0,0,0,0x9b419f3b0fb3d30c942dab1a48d44c11d50189561079acc1528b257e3892b667,24548406,0x28c6c06298d514db089934071355e5743bf21d60,0xfe3964edb4ba5b4ef443abfd1d99f4a5a2471a4c
0.01034002,1,0,1.113990474,0,0,0,0x036dba319b17f58cc148680a6d3c919757baf47941a18f0050263092a2db058d,24548404,0x28c6c06298d514db089934071355e5743bf21d60,0xd989f400dadc7b1a0db19952c3ed3eafa4c15c50
0.00886267,0,1,1.112712835,0,1,0,0x7ff7ba5f7a21458eeee6dc097c3a6ed2da7b6eca82641057d46cc1c4b8131e2a,24548390,0x28c6c06298d514db089934071355e5743bf21d60,0xd10dd420bd6dab14b24b27fd13b13e435272a000
0.999992081358787,0,1,0.300207963,0,1,0,0x1a1711b6a475a01df61ab881b89cdf4aa69af2f358139640494f7805b5773273,24548389,0x919ebf65a1091115cf2108a9e9b7ab0dfb74740f,0x28c6c06298d514db089934071355e5743bf21d60
0.7609495850063832,0,0,0.300207963,0,0,0,0x254440a8000d5e8a5b60fc4804164187b534829a1aec8554da93d99da7bbdaee,24548389,0x388e9d465435cf9536a0e972179a4411e9b37c94,0x28c6c06298d514db089934071355e5743bf21d60
1069.9997937280643,0,10,0.300207963,0,1,0,0x61008436c7e8f7f0a86e5262c51513d0c3f50add7231be0bda588c83d9ec5159,24548389,0xeae7380dd4cef6fbd1144f49e4d1e6964258a4f4,0x28c6c06298d514db089934071355e5743bf21d60
2.9999792251009287,0,1,0.300207963,0,1,0,0x843d5c31e395f45fa055a921eecd09ab55493242bb7704719965069efa260625,24548389,0xf966921c6a34f895d54809b5ad17b546bde1a88a,0x28c6c06298d514db089934071355e5743bf21d60
0.549877256,0,0,0.300207963,0,0,0,0xa3bd9a5b39f91b0605b064ab4850ef87c77094bd85b492f8e40fcc272064aa20,24548389,0x7d47a61d4a6502956818091d47f0b8414312f107,0x28c6c06298d514db089934071355e5743bf21d60
14.827392903970471,0,0,0.300207963,0,0,0,0xca3c5c17de6b6a4cfe689ae36bcdfb6667d0c05ef68d6a66b2c2bca7bd755fe7,24548389,0xe6026f60efc3d0e714f1b89c596aa484ffbd25c8,0x28c6c06298d514db089934071355e5743bf21d60
0.50211081,0,0,0.300207963,0,0,0,0xdf022f472165eafc7e6738db56847cea53a3304cb4324603bb42348825f4a836,24548389,0x6e99cf7bcf2181b55a8cb038af2c1eda5f37433a,0x28c6c06298d514db089934071355e5743bf21d60
1.009986608388578,0,0,0.313079429,0,0,0,0x42256cd6f97b5f32a2659ea27dec339ae3b17769f038e89e5d0a6f48bd17694c,24548387,0x0f4755d21dd488920bda50c68c520b35f0767232,0x28c6c06298d514db089934071355e5743bf21d60
0.641072990401699,0,1,0.313079429,0,1,0,0xd3a22fe365b1374651ef5a6744eba67ba0fb82c0871867df6887f54286595742,24548387,0xb3a6139e8b317e02d499378776026b8051394071,0x28c6c06298d514db089934071355e5743bf21d60
0.685603490695325,0,0,0.308905138,0,0,0,0x3626ec8cbc32395cd777c4e2c23cbf25772942f5ee6dfb1fb11acf4844f3e9a0,24548386,0x0be0edd6cd019731085ae0e0720d2eb7b4177813,0x28c6c06298d514db089934071355e5743bf21d60
235.99980818201396,0,0,0.308905138,0,0,0,0x13eddf4699a58ca81a0824c85a3afec7b21e7a128d392701def9121c7447258a,24548386,0x090388f56eb354dc2d5c7fd9bc61a0530d180038,0x28c6c06298d514db089934071355e5743bf21d60
0.923927379761661,0,0,0.308905138,0,0,0,0xcf275be4e59efb43b1d7cc13aee46227d5aa6c61e610be12bbba8b3ad0857771,24548386,0xd6870808bed1ae2d6de2c171fdf70b0e58a5f2bb,0x28c6c06298d514db089934071355e5743bf21d60
0.7371,0,0,0.308905138,0,0,0,0xa7fc5a518a907ced45991739924045dab3e4cdb8e89e39bad5211a04a9f9142e,24548386,0x9054969d0732c04838dd2f0724afbb1956c4991b,0x28c6c06298d514db089934071355e5743bf21d60
3.145152063736646,0,0,0.308905138,0,0,0,0xc06f9af34e3e58525be4cd56c0ff36c931db11c304311ed8665669bbeba1e49a,24548386,0xc47ca647d0f002a4d0e48814df88e9fed383ffb5,0x28c6c06298d514db089934071355e5743bf21d60
0.699989396064973,0,0,0.308905138,0,0,0,0x4206c925db0ff0c2706b6eed7a1a327d96094742a0e41f648e91cf157f325b0d,24548386,0xde1479e1bafb6d0082d351d2bc7074f42aa1b99c,0x28c6c06298d514db089934071355e5743bf21d60
0.749,0,0,0.308905138,0,0,0,0xc704ba81de94bce26c86cfe29ff19de56b2a4dfca6e7a51db9ca6fdc73d168d6,24548386,0xe1bb75f70d5cc00d6de630a92b1297aafa7a38dd,0x28c6c06298d514db089934071355e5743bf21d60
5.999994665866839,0,0,0.308905138,0,0,0,0xbcc68f0e963f1f1190caaeb549042f6011265fdcab6cdbbc33cb022fdbbe1220,24548386,0x4def674849b518826a52ea8db5ebcb1679308137,0x28c6c06298d514db089934071355e5743bf21d60
9.00982978862282,0,0,0.308905138,0,0,0,0x15ada9a1bd9782421210712368b32ab4e501088381a7ea517035fe6623477b9f,24548386,0xb07af83ceebdd870b13013198261fb26516cd054,0x28c6c06298d514db089934071355e5743bf21d60
0.00185,1,0,1.108905138,0,0,0,0xd4d32af965748e1047184a8dac0bcde7b13284d5c985e56ae11e340401cbef4d,24548386,0x28c6c06298d514db089934071355e5743bf21d60,0x8cc2f82c5420fa76b07016600ceeaf4faaa127c9
0.01571,1,0,1.111606758,0,0,0,0xb969669e5bbf2eda09a26e2987f3a2422228f2ff62d4e582c5867e1c3532694c,24548382,0x28c6c06298d514db089934071355e5743bf21d60,0x29e9249ed87793f3f2ec167ca73db94443a15f7b
0.07812887,1,0,1.118884874,0,0,0,0x4e1bf2fb86c2108cb0bbe76e746c86554cc2fc413d0756fc8af5c569149667d3,24548375,0x28c6c06298d514db089934071355e5743bf21d60,0x7d44ee8243d185cce702f61c896180fc469b2bc0
88.16985,1,0,1.126082445,0,0,0,0xeb4bbf8f501a7fc5bd33bf70fccfc93201eaeb02464f2162570db04fd623dc43,24548369,0x28c6c06298d514db089934071355e5743bf21d60,0xedf5c12258ac60ac1748d181aec52fe92adf6629
0.7777202,1,0,1.139420691,0,0,0,0xecca7a3c9763310dbf46a875955e54272a1bae4203a6aceb0b17fe41a4f39544,24548361,0x28c6c06298d514db089934071355e5743bf21d60,0x01863f33042920dbc2bebb48545468ecfec2a9cc
0.12802313,1,0,1.139420691,0,0,0,0x76605585882bc82fabcc8c89fea5ca20fe0a0269def6123aeef0a3913608ebe6,24548361,0x28c6c06298d514db089934071355e5743bf21d60,0xe4a8c6535e1d5e9b9d36843fed5f5c8e856b8cd2
0.18003914,1,0,1.124488769,0,0,0,0x27a7fb35c9db799d469b873c64a99c778891ac523ff9eb7744063066f38a1428,24548360,0x28c6c06298d514db089934071355e5743bf21d60,0x0a081508229a3c36766f9092c08947a9d4dcf957
1677.0,0,1,1.109111283,0,1,0,0x8113dfb8c8f686d1a084da76b710979309ae31735991274b8e2c53d53c6ba054,24548355,0x28c6c06298d514db089934071355e5743bf21d60,0x51c72848c68a965f66fa7a88855f9f7784502a7f
0.66630907,1,0,1.111662796,0,0,0,0xdd0c8a4c1273511265e6a0432599300fc54111f7b88303d86c504302ae996c0b,24548353,0x28c6c06298d514db089934071355e5743bf21d60,0x90586a2fe909fe1bdf712ceb94dfc11d8ac0cec5
3.0211257,1,0,1.111910728,0,0,0,0x31ad8c03412a66362ac8d441326d8a5f1d95ad9d0317200fe9eb1b2e6f0103b6,24548340,0x28c6c06298d514db089934071355e5743bf21d60,0xee31da1ba4ff1de17f109918f53f3e866fb42a25
9.001445446036731,0,0,0.306371403,0,0,0,0xce66193fd2eaaa2b51f1315319ade62c2d50842c2fae3f13cff6494539cb52cd,24548338,0xc933e994214e3275399bc58952cddc46f183d193,0x28c6c06298d514db089934071355e5743bf21d60
1.4782789689345952,0,0,0.306371403,0,0,0,0x3b4c41ec6064c0a98e86edd9f23de82ff65a7c0d4c0a22324a7ee093f93668fc,24548338,0x55416cf9b9b1f254a1d9d23458217908b5f0d36c,0x28c6c06298d514db089934071355e5743bf21d60
0.8019487465164092,0,1,0.29455668,0,1,0,0x17303d68592aef34a955201bcf513d960364d48ef49f0a0f35e9084bb1e5127c,24548337,0xaef212217093bdbcd87c9a0eba7b2736026cc853,0x28c6c06298d514db089934071355e5743bf21d60
0.74495494477353,0,0,0.29455668,0,0,0,0x2ec838b07b35727f146f57c732141dca7e61c4e3f0393c407af2a49f84479ebe,24548337,0x3755680b0ab53de251832fc37b366c4acb482a17,0x28c6c06298d514db089934071355e5743bf21d60
0.7892716005997013,0,0,0.29455668,0,0,0,0x3822803c65af2a1cfe804fa5840a1419d4d27bacdaf0c19c5704642e12bf9866,24548337,0xce19155c85495d19573ec0ff5caa3fa543aa7064,0x28c6c06298d514db089934071355e5743bf21d60
0.5133413689291619,0,1,0.29455668,0,1,0,0x514b3b2e60131a4c51a4bfbc0bde618aae4051bee54f51160cea25e6f13dcdf6,24548337,0x449e4686ef2baf51c0516fc4793414d11aa36021,0x28c6c06298d514db089934071355e5743bf21d60
11.228824525192469,0,1,0.29455668,0,1,0,0x644d93878b31cb7c9470424d9734f16e467e019a367c9c3c185402fc9cf09a7f,24548337,0x3c7201f61c491ae4772138fe150008d546c450d9,0x28c6c06298d514db089934071355e5743bf21d60
0.9237115910915266,0,2,0.29455668,0,1,0,0x817ebab89d89c45343b063198ea57534bf6c74a6e28a5415b1b70fd4ae2956a5,24548337,0x9dc8649ddf5900c4b909029fef1b1d2fe02b1aef,0x28c6c06298d514db089934071355e5743bf21d60
0.63299504042391,0,0,0.29455668,0,0,0,0x963619e51acacfa48ff1686aeacc73f42b6988e9226fffcff501a7ba162da9e9,24548337,0xcc58a35688625b287690443c66ffe1416496d63f,0x28c6c06298d514db089934071355e5743bf21d60
0.628695074741522,0,0,0.29455668,0,0,0,0x992a0955e3f7f8ef7255b4f3128779e2b9259aaa498d827de7d686e1c2c67755,24548337,0x8a5972742286c1be3946ca0d646ed24a7e2f1aee,0x28c6c06298d514db089934071355e5743bf21d60
0.697929399664393,0,0,0.29455668,0,0,0,0xb5b1730154a08c0558cc44e97046dd6ace17cee33ce4a0b37cedd483824095c3,24548337,0x5d1c52da7a987bf3e41981ac45833376f99585f2,0x28c6c06298d514db089934071355e5743bf21d60
0.5072944517533255,0,0,0.29455668,0,0,0,0xc69ee27c5f66b6dd94e9885e4f8fc8a323b90d58ea62401ade63067a2722a87a,24548337,0x2eb8430d531fa6fa4c9ad570d0a42849f227c12b,0x28c6c06298d514db089934071355e5743bf21d60
3.262629565655697,0,0,0.29455668,0,0,0,0xdfe26651f2a9699ad44885434e79c155097cdff9e8b689523abbf3605e8568fb,24548337,0xc4d76f0524ea7466356a1573cad9beccf0c8269d,0x28c6c06298d514db089934071355e5743bf21d60
0.8621845921833935,0,0,0.29455668,0,0,0,0xb029d1737d72c00987840d7e9fa6cca6ac723f1a2d565e8d07eeda06b3540553,24548337,0x84cc3cc1c3d8f0c61982db865f5159652e78a207,0x28c6c06298d514db089934071355e5743bf21d60
397.5999798709,0,4,0.302633325,0,1,0,0x5f0fdde4bea9a17589038d2d01df813ee275416b7fff9b12521064bb8c7376ae,24548336,0xed89da9dd83a0d703991ee833969489278b260e7,0x28c6c06298d514db089934071355e5743bf21d60
0.002847,1,0,1.104962228,0,0,0,0xa2bae04ecf8cdcca88ef2d8afa6251e33c36fc00b0a585d389361ddff690e499,24548331,0x28c6c06298d514db089934071355e5743bf21d60,0xaebbda245bc7a68718b82283607fd69d19e96534
0.02977773,1,0,1.108734859,0,0,0,0xa94ea86784ac9ca3e1607b9d2ffd5bfbc86fce71d486e9e9f045cb7c1af63709,24548329,0x28c6c06298d514db089934071355e5743bf21d60,0xb0cdcb3a8986d0485e545733c8ec2ab475c79cda
3.898596377,0,0,0.315062017,0,0,0,0xd80843d83a8953cf672ffae88b664fefe61a0d569a57c76e3d22576fc7ce7ee3,24548328,0x443f247a80cc40fcf985bf5723f8269ee9b0b31f,0x28c6c06298d514db089934071355e5743bf21d60
0.7008529600859642,0,0,0.305149481,0,0,0,0x2384102934dbbb79a74a5d2093d55de0e454f31d09b6f6e33897f6a34981c6a0,24548327,0x6624d067bc140be9a548bead11d0418e6d7d3841,0x28c6c06298d514db089934071355e5743bf21d60
0.00649142,1,0,1.113550572,0,0,0,0x6d279f2ef4a749b61865cdd3fe7bfb17242c1487565b3bd3df226c4f18fa3796,24548326,0x28c6c06298d514db089934071355e5743bf21d60,0xf3b241c6e09cea8ee883781f57ce050cc3626016
25.97372512,1,0,1.114009945,0,0,0,0xe8c3a9caa869a0dc09e4fe4bac889deb6af5432b9905a5a9153c955bbfd11476,24548325,0x28c6c06298d514db089934071355e5743bf21d60,0x3587d9d8a6b2ef0c4786efc82cb0557ed8407ec7
0.09985,1,0,1.119048167,0,0,0,0xfa9c90b6d2b3d57c9d3e9f5ae2b420f0f1c445977d3291306003b11ea17f24b0,24548312,0x28c6c06298d514db089934071355e5743bf21d60,0x439015b26aba05eb7a40290b7a1df1265007ae99
2.00985,0,1,1.119048167,0,1,0,0xa0ea76673bff2cf0af149dbb5020d4da6a76447c59add6b614b3abee71ea8e6f,24548312,0x28c6c06298d514db089934071355e5743bf21d60,0x3b88055ae847e5147827db581589b441e0d792a1
79.52224949,1,0,1.116663233,0,0,0,0x0c9076c1649d63bb225ac2d36df81d305a3bc58e7645e025a993d4b98b8b9df6,24548310,0x28c6c06298d514db089934071355e5743bf21d60,0x9e00a239718556be8ac35ca2eb3bd4aab291f8f4
0.034815,1,0,1.116663233,0,0,0,0x9960d43149aaba36134a3b5f39110f9fb53193a2a1a55751520f6a88635059ee,24548310,0x28c6c06298d514db089934071355e5743bf21d60,0x1dda8e2be952ce3e505d7237b977da6d984d1512
0.01437069,1,0,1.112694087,0,0,0,0x05f94f2be92b787f8283ea15268e600e32cdf64e70f4003e7d673e81322d26c6,24548307,0x28c6c06298d514db089934071355e5743bf21d60,0x7199972b6d5a5088ce9dbf1abcfa7ce53511eb1a
9.99995985131014,0,0,0.310805676,0,0,0,0xde1c9aa22cb3124c8499f7bfd93c2d44bd4cf2d1eab725d70dd2b72d47658986,24548304,0x18cb7e4ab455664cf4dae7903560c6b925b590d9,0x28c6c06298d514db089934071355e5743bf21d60
0.991261990810682,0,1,0.310805676,0,1,0,0x7f92331708023906bd9cb94b002070a569c56328f4ab9b8c97f2d704d489c0ba,24548304,0x0af09ce5675d92df4eab8f576717f97f54f6b951,0x28c6c06298d514db089934071355e5743bf21d60
23.460010426172406,0,1,0.310805676,0,1,0,0x9aeb25c2cd610ec8a4fbdfcb11598e4607d0701047a7b96768f58da439d5b55c,24548304,0xa285d425be8d521dd768df678fd98a0b998843b4,0x28c6c06298d514db089934071355e5743bf21d60
0.00235,0,6,1.110805676,0,1,0,0x3114376d6d54d40843e7fdfc7a38ce3b96614d9d2470d2b65640f43962059283,24548304,0x28c6c06298d514db089934071355e5743bf21d60,0xf804fad4dec8b0622b170bdc2bde03d44cc43f6c
0.0030515,1,0,1.110805676,0,0,0,0xb4d4b67edd28ef058d1d3105bda026fd54fdc747ec3e9762e25653376fea47b9,24548304,0x28c6c06298d514db089934071355e5743bf21d60,0x4311d73e0da0e8fc5c6cb71e1cace0556ce0580c
1882.9999471587028,0,11,0.298663605,0,1,0,0xcf64c5c1e1cdc95819cec217aae3045ebb251bda2b3d901f618cd9db622f5019,24548303,0xeae7380dd4cef6fbd1144f49e4d1e6964258a4f4,0x28c6c06298d514db089934071355e5743bf21d60
1.99985,0,1,1.102355862,0,1,0,0x4d190f684413982a903eefb1b9beace602f42104c61255f9661fcba4162a7b48,24548302,0x28c6c06298d514db089934071355e5743bf21d60,0xcab4be056bb37ed43ee376d7eb0c1e0687118a4c
0.0292601,1,0,1.103056845,0,0,0,0x1f780fdb7837bb8e355694df628242126f2f9c727cdc5f854206183b19bf77eb,24548299,0x28c6c06298d514db089934071355e5743bf21d60,0x09ee0fdb693faf649cf1aa3e2881dd1451636dc9
0.00215829,1,0,1.10337677,0,0,0,0x6b6f27fb3bbd8467681f1438d6632d7f34f074308e9b2c8ee6df37f4b40eea87,24548297,0x28c6c06298d514db089934071355e5743bf21d60,0xf365b5e760f6ebc3cdcc18f0832275a580f071b2
0.00185,1,0,1.10337677,0,0,0,0xfb8fac58f85d3197e30ab16231bd1f6e794ad12683e3305abf9f5e7107c059a0,24548297,0x28c6c06298d514db089934071355e5743bf21d60,0xf0e335948d64684e5b10fede84fe91bcbd6acdd8
0.808192090356174,0,0,0.301544295,0,0,0,0x3937b8a6de8a08cd8f57f56993b28ded9b7d05fe02bdbc07129d8d1168bef0bb,24548289,0x06741aa96b98b7f3bd1e6cc6f76b950dd67205c0,0x28c6c06298d514db089934071355e5743bf21d60
0.00233109,1,0,1.101544295,0,0,0,0xe16bfd1112b4c29db1542a9622c5531966d43e170ef5fcc68d8686e12ad2efff,24548289,0x28c6c06298d514db089934071355e5743bf21d60,0xb9432a815966e1e190a9f3dbd58db5a724279baf
0.00235,0,7,1.101544295,0,1,0,0x6d9cc1f94e4b899beab6bd72a5d22f4797a37ac666cf97a3d4a202d24d8d2940,24548289,0x28c6c06298d514db089934071355e5743bf21d60,0xf804fad4dec8b0622b170bdc2bde03d44cc43f6c
0.836,0,0,0.301965816,0,0,0,0xfaf54aee16a7c4fab8bddfc99b5e280852637b95cca6d225d7ae1f84e901ca06,24548288,0x7c32aa65557c8f7dbf9ff29e42b088bc3af1dd3d,0x28c6c06298d514db089934071355e5743bf21d60
0.02874884,1,0,1.11633354,0,0,0,0x89ff1567c2839d5daa0d2c7c80b1f140033d0d3e4ef6c1289b9aaccd8e0b964c,24548283,0x28c6c06298d514db089934071355e5743bf21d60,0x7c8391b8b6cf497fbd2a2f469d19c01d29d50d11
0.01086524,1,0,1.11368394,0,0,0,0x8370c8384b0d5e960135f1b72029afe0ce4d27bd068b08915d2385491d0759b0,24548282,0x28c6c06298d514db089934071355e5743bf21d60,0x80a8880fad8cef1f9a8ab06f27d452f8c55e40e2
0.0516981,1,0,1.106478133,0,0,0,0x87a9dbfaad881fa417329dcc9dba9f1908a2056af2ec0455bd9efdbbc3ac4a51,24548279,0x28c6c06298d514db089934071355e5743bf21d60,0x612474a5753a539ac907bee994e40296ac5a2ea3
0.00708604,1,0,1.104354051,0,0,0,0x10ad95d8d6a835a4d5af7d718058858e176efd987cc2d34b9bf1247385c9a45c,24548277,0x28c6c06298d514db089934071355e5743bf21d60,0x18aad52257d824517894f802bdf24df1a4b51533
1.103989408043667,0,0,0.304430225,0,0,0,0xa3004750247c1a1cb0aa9d5d4ea9ca191c238e3455553dc7480a2a331f1cca04,24548274,0xc2aa2293e3aac94a67f652478025ce432486b75c,0x28c6c06298d514db089934071355e5743bf21d60
10.000882515539974,0,0,0.304430225,0,0,0,0x3ad9bc6ac21a39dd98eaac0d9fdae5f0c26bf27ead1464b3712a89df9cbb8f12,24548274,0x0966ce13a679f2396779c36f55d22626313c8403,0x28c6c06298d514db089934071355e5743bf21d60
22.409211851347845,0,5,0.304430225,0,1,0,0x44546782fb96fd11c9fa1b0ca9682f3c31f4c2b9d321e9fa4dacae621398f880,24548274,0x483a910a7479af5bd1333014af97ee5c733a7052,0x28c6c06298d514db089934071355e5743bf21d60
0.5187611907181118,0,0,0.304430225,0,0,0,0x65375a3c0ef31965257ba42474f963eaf57376772b4b1a86a07a88283424ef11,24548274,0x3fcbb00f41a7481cb87b8307d98ab96406789a0e,0x28c6c06298d514db089934071355e5743bf21d60
0.539558071299235,0,0,0.304430225,0,0,0,0x14b58380ffd289cc278fcd083f7f70ac1d600a5828aed5b77d70499aba874120,24548274,0x3811615279d3cae7a46a5058e35d1d22a4f13fa5,0x28c6c06298d514db089934071355e5743bf21d60
3.244092543756597,0,2,0.304430225,0,1,0,0x536aa47212bc451e02c0328d5bd18b7d457bc44bf96fbca392b4eedb9ee57ddc,24548274,0x760c018064046f53144d38723de2d8cb0916fa6f,0x28c6c06298d514db089934071355e5743bf21d60
0.718173754626134,0,0,0.304430225,0,0,0,0xd6bbe7dee7f295dbf0c43c587750f529e3ab753298109d21d7e9c87cdfd8583e,24548274,0x21129202fde158c8e4e2700525e56c5701ffa50f,0x28c6c06298d514db089934071355e5743bf21d60
0.5122285197469147,0,0,0.304430225,0,0,0,0xec8ba4d777a6a9adf9ac67fc876f7da3becd0e86f820301c93e4ec7d9414d80a,24548274,0x049c3698448d45e88caa1eb720122045bcaaf7c9,0x28c6c06298d514db089934071355e5743bf21d60
0.7199984140087518,0,0,0.304430225,0,0,0,0x46e91bb325962db48ab34b59a16e71f3ecab28a9bb59c987c48c1ee611732c5f,24548274,0x87c6ee639003c68fa8874f2b69b03e2f4635e455,0x28c6c06298d514db089934071355e5743bf21d60
0.572514776849599,0,0,0.304430225,0,0,0,0x82affecc3673cc21948b7421f54aa2a5d774f5690ec19787ddae2f5a026c0bb7,24548274,0x77e7e9b1bd8b10bf65775c3a3f86fafa92ec4d77,0x28c6c06298d514db089934071355e5743bf21d60
0.5294779562496398,0,0,0.304430225,0,0,0,0x4e3c627f8bacb102dd37a0b6771ddad6a87649ed46739bc021dd080edd1572de,24548274,0x27b8b8542b925a33603ba65c1a61bb78fa8f28df,0x28c6c06298d514db089934071355e5743bf21d60
0.536,0,0,0.304430225,0,0,0,0x20d2abdc37034069b506cfca8363c71bdf4929ac0a0998696ccd0609686ac32e,24548274,0x2faaaeb98a5131c7d2ddca33e92aaa34151279e9,0x28c6c06298d514db089934071355e5743bf21d60
0.01419029,1,0,1.103725526,0,0,0,0xedca880da87969d9d0d762d9b0b858371331e41044f7787565179fe441833991,24548273,0x28c6c06298d514db089934071355e5743bf21d60,0x7aa597a0c4232a9c2dcb090c7e8768a8c824c01c
0.014636,1,0,1.103725526,0,0,0,0xda2579a1496e2be15cd73180c9dd586dbd893cd37ecbbf6ee7ff1256d3584d86,24548273,0x28c6c06298d514db089934071355e5743bf21d60,0x2dd1843be06ae1f1ad4197ad6724b11344594f0b
49.61485,1,0,1.107527945,0,0,0,0xe78c3dd2d75d0747948da870c28df0f1879c284c9a921166935933e38b520270,24548272,0x28c6c06298d514db089934071355e5743bf21d60,0xa7a5c7602bd8a0b156980b9c41efa781e1af208f
0.05963207,1,0,1.111829764,0,0,0,0xda3485dba8fbc771e7bcb201b79a87b917a05791336fca234dfd52cbed1e88c8,24548268,0x28c6c06298d514db089934071355e5743bf21d60,0xee1246c9599a72b2c9b53b2496c81de2a46a8535
0.01123,1,0,1.114816363,0,0,0,0x2b770e6e5c3680c0bc6603ae5863007c76dbceeee468ce08d28686c797abdb22,24548267,0x28c6c06298d514db089934071355e5743bf21d60,0x06b02a9dd0b83972eb0e190f9e0f1c73aba9f9df
0.07463441,1,0,1.114091234,0,0,0,0x18f130b532c65669ddfd13a9edbc61e6baf19836ffc43533d2533844b64b96c9,24548265,0x28c6c06298d514db089934071355e5743bf21d60,0x4db25553cb72c07859b3dd77e85c1dad6832261c
0.91483377,1,0,1.115959298,0,0,0,0x6bc3bf1a489a49d0642161fbd89932237f8115650bda5561089a88d1863c8003,24548262,0x28c6c06298d514db089934071355e5743bf21d60,0x13664da10b615c14ff67a4a4bd75733e7d0daa70
0.07488963,1,0,1.116206701,0,0,0,0x706348d34bcbfc665f68032d1fb05d4715018c6c380c13fc18c8ce9259efb5d5,24548259,0x28c6c06298d514db089934071355e5743bf21d60,0x4db101abc2c30f90316b387e829cc02a614df7d2
0.01059727,1,0,1.123442473,0,0,0,0x4904a7893158732fa26975d22c0b6b1dd2d00fb13728e87d034f5a40547b520f,24548255,0x28c6c06298d514db089934071355e5743bf21d60,0xd1878b20127456f96c316e1a05bc39c39d1ea329
0.0363135,1,0,1.126092759,0,0,0,0x297b988008afe8d7ff09ef4359c9d621e8f2ca04521c0330e8c65eb0f520ca7b,24548254,0x28c6c06298d514db089934071355e5743bf21d60,0xbeba2222ab725e9385c8898e4ba015622c1855e3
147.66985,1,0,1.118979058,0,0,0,0xaf0c85f0a2eb281c3ee019c78db62795a503f7a6342030de36ea87aff7a437d1,24548253,0x28c6c06298d514db089934071355e5743bf21d60,0xcfb7e94d71ab3c65479dacd9d8f2159184ca17ed
0.00487474,1,0,1.118979058,0,0,0,0x5adccaf9a462a6fded0e517b193a8044226d93b484a80a06839bfb439db7561e,24548253,0x28c6c06298d514db089934071355e5743bf21d60,0x68935f3db80b11c632c80cee90d431b97b0467b5
0.01002185,1,0,1.12008038,0,0,0,0xd149a70e8030e28917957a45d5e9cdc1aa6bf16cd2e270bfdbc04da5d62333cb,24548251,0x28c6c06298d514db089934071355e5743bf21d60,0xea70067e047f0eb23a12c1d109c7167bcf3bcb98
0.01482257,1,0,1.12008038,0,0,0,0x9a7c8a4193896bd21932768ce384d6bbe91dac7c4c1fc1e54bd6ce642c37593c,24548251,0x28c6c06298d514db089934071355e5743bf21d60,0xe17faf479f377f4f36ad233ee947194cdc1eabfd
29.99997047911175,0,3,0.319681719,0,1,0,0x481ae4d6f9bf440308952403ae11e22eaf45bb300dec35a467e6ed47371778c4,24548247,0x5b702b24b00a37b61ff9d71d91fed1a629edd1df,0x28c6c06298d514db089934071355e5743bf21d60
0.00203557,1,0,1.119681719,0,0,0,0x920bb40223c519d9f5a6cd0552c1ac89240725205e8b2e396d781f7ec5a88822,24548247,0x28c6c06298d514db089934071355e5743bf21d60,0x60f54998e012fb6bd1a127042a67bfcb51cca9d8
0.07898275,1,0,1.131600344,0,0,0,0xf137a30b2269bb792b3f72c4e6aca8eed7013286726952eb0845320fdf81d7b0,24548244,0x28c6c06298d514db089934071355e5743bf21d60,0xff3646973083d0fc2da0674448489e8ac74fb8bd
0.696,0,0,0.32510221,0,0,0,0xb4d382d65911388c0ef5e2bd327d876a4341c6d482427f18fc65b56729106d32,24548240,0xde008c51d8cd0994e4a1c4defbfa3b16263d2348,0x28c6c06298d514db089934071355e5743bf21d60
1.0995561782767445,0,0,0.32510221,0,0,0,0x96278ecd2bd49d617a1fab029b92f615698677ecd47276747b406d8184da6834,24548240,0x86d1e1da7a83239fa2e78e173de7b10d42b272a5,0x28c6c06298d514db089934071355e5743bf21d60
0.886489912918231,0,0,0.32510221,0,0,0,0x20aacf4c289d80a9b249d2f78f9e679f409b09861e6cc1c46bbc85314c89faa0,24548240,0x78dffc08758930d550ff61a5c72e991787b84be3,0x28c6c06298d514db089934071355e5743bf21d60
12.784994932021638,0,2,0.32510221,0,1,0,0xdf45550709841b01fd4e3a893e9d38ae86d45594d4ff58d2b455889f6646e7d2,24548240,0x5977dc0c0d17fed424118a303eb67db34514c15e,0x28c6c06298d514db089934071355e5743bf21d60
0.991,0,0,0.32510221,0,0,0,0x0e71e66e28640159b9a7043bb505fa6a117ac2d79bac592ed6987c76d42c583a,24548240,0x9e8871623cf79cfe767d33cd54b855ca5cfbfda2,0x28c6c06298d514db089934071355e5743bf21d60
0.05609651,1,0,1.12510221,0,0,0,0x14485c39ba212f9c7e4c8f3ca770f1c1cc253b717a6b0c3182d0fe0e1366bcd0,24548240,0x28c6c06298d514db089934071355e5743bf21d60,0xe64d213226de504eb5f9a6325b867fd3460a17a5
2.586,0,0,0.327717943,0,0,0,0x2a595a0df1d5673f1ead222eac3a77367ebf43606ca1689ae9ac32ae00b7d9a2,24548238,0xce55df18db175e1a12578e412611d0df61fe8a5a,0x28c6c06298d514db089934071355e5743bf21d60
3.922814491163116,0,0,0.327717943,0,0,0,0x39bd19decf8a26ab8cde9bd19d8c0225081a1d7ec4b0b749b817bd7591e5edc6,24548238,0x95321d1fcc664e6b5a4a02a19b3c80da442b3a75,0x28c6c06298d514db089934071355e5743bf21d60
0.5938992199239403,0,0,0.327717943,0,0,0,0x3ab89515675a27d9da32af1dd49fca28f52563614f8773bd9bd738d5f5dbee03,24548238,0xfd077b51aaf311966d1ff6264d05947b89ed8412,0x28c6c06298d514db089934071355e5743bf21d60
0.797843220134281,0,0,0.327717943,0,0,0,0x46b3aaef89ba0b3e71a0eb3a82bc619ddbcd7ccb0b766c445cd4ebc871c63340,24548238,0x306cb4212ce9c1c60de0594c4b4408c88d63771b,0x28c6c06298d514db089934071355e5743bf21d60
0.5272312388398428,0,0,0.327717943,0,0,0,0x6bc01b59d450270e80fec074bc7ad2c423de020182fbd165e9a08e2b84ab495c,24548238,0x9ad20d2fea4de86e9fc00d4d6150820ab0b8e69c,0x28c6c06298d514db089934071355e5743bf21d60
5.702623358,0,0,0.327717943,0,0,0,0x7290a9fa9932579837c70c49313d44bf02442e6a276d339a550416b282d440ca,24548238,0x680d9be81e27c1e78cb2cf26371df54a13d83ab2,0x28c6c06298d514db089934071355e5743bf21d60
3.055594919581069,0,2,0.327717943,0,1,0,0x7f4636ba6fd0563a767a021d86b24512b3ab9027ac2d9f74f6394e1bd3b6b6bc,24548238,0xd9b1d34494f7fc317c31e825a4039d14ff4d0f49,0x28c6c06298d514db089934071355e5743bf21d60
3.054234057422575,0,0,0.327717943,0,0,0,0xeeaca04687a355741c1e2cdefc92a849ba0b5858633cbad3d4df9804af9ca9d3,24548238,0x19f00b3a7b6f55c9da966fe3723251784a797fa7,0x28c6c06298d514db089934071355e5743bf21d60
0.67352329949147,0,0,0.325620822,0,0,0,0x70286672fac9e9a4c53fa65955b61174a41c03293b5eecdf1cfb1201a8379751,24548237,0x49b67e95bdde0774a07362bbd7ace882349ee7b2,0x28c6c06298d514db089934071355e5743bf21d60
0.792491477697113,0,0,0.325620822,0,0,0,0xbe7ddd2db9331cb105c07d1b39eb965c51d81fc9ca436e6bbb9b5862f9a97054,24548237,0xb749b15069aebe826cab961c20db8a35ac7cf07e,0x28c6c06298d514db089934071355e5743bf21d60
0.01085,1,0,1.108016049,0,0,0,0xc8233d5046fbdc6a406527e8d746b96d3077851896a807dd75a318b87555201d,24548235,0x28c6c06298d514db089934071355e5743bf21d60,0x5bf003904060fd11b53e419d21e6f9028dbc5d2e
21.56995,1,0,1.102194982,0,0,0,0x90ac319a0ac0f01efa2dfa78af9cc22418fbb5c0816659711b65afdca8e48de9,24548229,0x28c6c06298d514db089934071355e5743bf21d60,0xa5e5250792502e489f9991293b749ca75fcb244b
9.99985,1,0,1.123947442,0,0,0,0x51febb30999a4542b7b196ce81ad392aca09a25e4ef17f5bad622ded8a97faaa,24548225,0x28c6c06298d514db089934071355e5743bf21d60,0x7283632795760af0f19150d2845b77011d0ce8f5
0.26955747,1,0,1.126691061,0,0,0,0x5b5651c57a098ea98be359f86e4c62179629c0870cb90f8c78d3619dcbe6b0cd,24548223,0x28c6c06298d514db089934071355e5743bf21d60,0xdc04e8adbf0c84490146815c9b487656c568b356
0.0311205,0,1,1.126691061,0,1,0,0xb5b70928ceaaf4ecd93b7762050c4112d8821e4daf0387929bbed252c6ecea4b,24548223,0x28c6c06298d514db089934071355e5743bf21d60,0xfe6fadfe3f99b7083980a6341c992cc9bd6b6d69
0.32084565,1,0,1.131874371,0,0,0,0xb0e93b65540daaf46dc618605f5254f2fe2997f49b3b47b87d7b6bb960e733ed,24548222,0x28c6c06298d514db089934071355e5743bf21d60,0x1224ab30aaaf9ec77e7d221ab20d93f853724e4b
0.00855,1,0,1.128536807,0,0,0,0xcb5dc095f27cb6aad40e0008a453316af53f3193096a0b38598674a462294f98,24548211,0x28c6c06298d514db089934071355e5743bf21d60,0x90c1e4de29b7c9851c976ff789b54ca57f97c1a2
0.05925041,1,0,1.118861435,0,0,0,0xfab100dfe628c127ca37b8811d138e5596406306dc67ee2fe4cec07a332f0058,24548208,0x28c6c06298d514db089934071355e5743bf21d60,0x1a749af3ad200a73c5e56702a8802023164579a7
0.09825637,1,0,1.118861435,0,0,0,0x6303b17cf0b0ded81c9022012bbac34abd03facd4262ea36878e75320b1e2e2d,24548208,0x28c6c06298d514db089934071355e5743bf21d60,0x9690177b135528d9aa9a601ba6b6995133b981af
0.05415,1,0,1.127525907,0,0,0,0x67cbd3fc0c1949052c8908e0894a8122ddf3548ce210e05dd82ce771b7ea21d4,24548203,0x28c6c06298d514db089934071355e5743bf21d60,0xca8fbecedec7f67d6906bc027e3bd62b4561eda4
0.00805878,1,0,1.131059956,0,0,0,0xe8b3c43c12ddc808814398af51018f92fccbfc4fb9910cced0915965df361919,24548202,0x28c6c06298d514db089934071355e5743bf21d60,0x0e3fd4fa2c1d10e7ad43bc77f354a34d9e9ed6e4
0.00245,0,8,1.125835974,0,1,0,0x54d178d940c32960e54a2c869dc395821fe6115b82b1137fec377f7a8515f761,24548200,0x28c6c06298d514db089934071355e5743bf21d60,0xf804fad4dec8b0622b170bdc2bde03d44cc43f6c
0.01085,1,0,1.124302526,0,0,0,0x031bfc9d7eae7b14a44e56af15957b293e4347f505d48c3259317ff2cad6040f,24548196,0x28c6c06298d514db089934071355e5743bf21d60,0xe1008175a297e2a80e334a4e43b57c6a39d1bc05
0.017454,1,0,1.12560943,0,0,0,0xd1bf4019840ddcf7d017b2f387ddf03f790dc48f329138f63481fe341f3e23c8,24548194,0x28c6c06298d514db089934071355e5743bf21d60,0xaeb5d455bd52c9d7db9d9e799a932d148f86c0f8
0.00485014,1,0,1.123530282,0,0,0,0x9bda2bb4e2387e5a990ee1e3af9ed108657938689e7448d92f0d7d292a7792f5,24548193,0x28c6c06298d514db089934071355e5743bf21d60,0x8098a70ba361cbfb88d25df5c7e5890f27eb0e8a
0.8104249944936728,0,0,0.322457127,0,0,0,0x7b0e00322f606ca21d2a4246619b5e3bd54ca3b022defb444dc0da86774df968,24548190,0x4aa3238c8c8251eab93861184a48fa5e3bd26f00,0x28c6c06298d514db089934071355e5743bf21d60
7.147258917399159,0,0,0.322457127,0,0,0,0x3e7e286cae86abfa4add5f0d91792be1faad20a76bebe0026d4af8030026b24d,24548190,0x560da6830689737a1cf1f242d215c401a36d24ce,0x28c6c06298d514db089934071355e5743bf21d60
0.943686448924532,0,0,0.322457127,0,0,0,0x7343261ca02959fbdb21e6f2fbee0b83b540d0ebc551c214488e750dbdf5040b,24548190,0xcbe707d332747432daeccd3c803873307d5f8eb6,0x28c6c06298d514db089934071355e5743bf21d60
1.8876953045446685,0,0,0.322457127,0,0,0,0xba6ae33985cde629a2dc83f6e88a410c7ba8f10ad28414e198fc427cfaad5139,24548190,0x63e408f857318dac38395f9150cf91ed69488981,0x28c6c06298d514db089934071355e5743bf21d60
1.4499304030775482,0,0,0.322457127,0,0,0,0xc96a7a76a89aff8359f8424cf64a5d726a51edce3463559330f972cfc7318053,24548190,0x90b4e9de5dbf34c5256b0d1b191dc54c91161c7d,0x28c6c06298d514db089934071355e5743bf21d60
2.0498072306554005,0,0,0.322457127,0,0,0,0x963893202c02e4ace5c7cbfe5863745738109023a047d9639d0c6475766833d0,24548190,0x6370c634329c71aa55069128a91e1752c24c9283,0x28c6c06298d514db089934071355e5743bf21d60
0.6412529962541137,0,0,0.309081792,0,0,0,0x0b951723538257e1e1b06c010d4e54d47622b3c16fd63dcc8b7a5cb39be223eb,24548189,0x0f171daac38b217beddf10194507dbc2f39f8e7b,0x28c6c06298d514db089934071355e5743bf21d60
1.3966493137326594,0,0,0.309081792,0,0,0,0x1ccd239402aec1558eaa51b2b7ae81e4c1183aa3996aee7f9aa2e9bf71387ea3,24548189,0xcb09f9eb5aa081bcada00e5f38e7f8810f3221ac,0x28c6c06298d514db089934071355e5743bf21d60
1.742434721012705,0,0,0.309081792,0,0,0,0xbfdfbe5b051dcd97a2b355575647f15bf501847ef3c3837357790d89618a5d60,24548189,0x1eecee86f3e841fa18e2b8ce6d12dd2c01eda213,0x28c6c06298d514db089934071355e5743bf21d60
0.5190130192119663,0,1,0.309081792,0,1,0,0xde9e1f3afcb0fddf73c633a6b13ca3d38f19ac3ce56ee459dbf5f92f4fdb3905,24548189,0x1b550c12e3836b3f4d87df402df4e33bad73c357,0x28c6c06298d514db089934071355e5743bf21d60
1.28985,1,0,1.101093975,0,0,0,0xc326ee13b6f5c05663c50c0586b7429e7b660a00f2099210f4500bd4e500929b,24548188,0x28c6c06298d514db089934071355e5743bf21d60,0x30cb83993c7322d542bd8bb2669142b5c0979340
2.40036733,1,0,1.101093975,0,0,0,0xb421167b3964b4e19f7bb8e697147891d0936de46d0751d666566445f02b454e,24548188,0x28c6c06298d514db089934071355e5743bf21d60,0x60824dd48253d454308804241ce42f360fb8dd19
0.05064435,1,0,1.117169023,0,0,0,0x0044e15fe1acf76a30ad6be08f7de878b2e97ef23dc87c28cf4bbfd6981e590f,24548180,0x28c6c06298d514db089934071355e5743bf21d60,0xe2d9e588bf7d7d2f609b7beaf2aef626fc786659
0.05740176,1,0,1.119756188,0,0,0,0xe58ea89c3a2dccc1f49273a99c6048cf4ddc82357884b48aaddec0cd1e730e60,24548178,0x28c6c06298d514db089934071355e5743bf21d60,0x7cbefe46e729f8f2e4348f7d753b20f6b9544bd3
0.15191913,1,0,1.120947435,0,0,0,0x7dcd557df35290d28762d71129e90121c79a84d5c26f20abbac1b643fcc8bd0c,24548177,0x28c6c06298d514db089934071355e5743bf21d60,0x9df5b3269633f814f7ceebe0d1f65fe472e69ea9
0.00545,1,0,1.116205827,0,0,0,0xfb8df16719da40661d8eab2f4ebd89e390e0019220c668001630d9734c204b76,24548175,0x28c6c06298d514db089934071355e5743bf21d60,0xa627387bc05cd2694452f2031738983b2da493c0
0.00646527,1,0,1.119101993,0,0,0,0x5d4646f1a3952a2a731c3cb1329e8b99b4d0ef3bfc3346c83497ab215dba207f,24548174,0x28c6c06298d514db089934071355e5743bf21d60,0x82c4041ef168237b80ad7f09c71059a9364b24cb
0.01585638,1,0,1.122631649,0,0,0,0x84168c8e86a75bc35070c2b079a442a76174e174b34fed571cd1c42f099bd922,24548173,0x28c6c06298d514db089934071355e5743bf21d60,0x79cbb9736dfa72f23e07ee9068eb98287b9b9283
0.03034565,1,0,1.121784292,0,0,0,0x6b7c4c840bada5351309a05853810b409dfc8d8d41a4b142ea8efe012d48313c,24548168,0x28c6c06298d514db089934071355e5743bf21d60,0xfefcdb41da8d3d5e891ac600c9e35914b8f9a830
0.13326,1,0,1.121784292,0,0,0,0x2baf8446a273ed1691261c31678bc4d1070e25ba3a523dfdd75893a7208bfb6b,24548168,0x28c6c06298d514db089934071355e5743bf21d60,0x0fad1bf9034455c5df04c88c6b1675ed5aa3bef6
0.0099789,1,0,1.135581276,0,0,0,0x6335f3513286bff10bd12cece7de546b24690d9deae54cfc7f23df7b089af57c,24548158,0x28c6c06298d514db089934071355e5743bf21d60,0x3434acb7382aa49f7a522f67a47116df5f2a5577
2.73264426,0,2,1.131924726,0,1,0,0x54030f96406eb80b3273be9258184def56a2152eed21708576ebf912663a27d6,24548153,0x28c6c06298d514db089934071355e5743bf21d60,0x0e898b985e6a57f73d71531d60127ef69315287b
0.00185,1,0,1.138305685,0,0,0,0xbb74e169e95e54a9f15eea98345625d0f86e3625fac257d9be2070b50fa6941b,24548152,0x28c6c06298d514db089934071355e5743bf21d60,0x07b52e1fdb5bea85784ed57d541180ff6829fcf8
0.21992581,1,0,1.149050743,0,0,0,0x82642aa52968475185e1415f4d23b0976f37e7a6d2dd9a4a496ddae0b5dcf86c,24548148,0x28c6c06298d514db089934071355e5743bf21d60,0x90c002629daa9666f05af7641c0819f1dd5770dc
0.0039,1,0,1.15509193,0,0,0,0xaea5264265c7c423bfcd9786fabdc70055a1581596da2fd8ed25eed778fe06e2,24548143,0x28c6c06298d514db089934071355e5743bf21d60,0x3fbeeda5a737b100123e55c900ea1226df0c8827
0.842891551846235,0,0,0.344539373,0,0,0,0x45eff5bb78230ade6a6467bb47686ba50e0ff28e554de7ba8f4a7503d9e1c0e9,24548140,0x30c7d0ef560c63b3d8af766cf6e939c3226a3420,0x28c6c06298d514db089934071355e5743bf21d60
0.552096373727938,0,0,0.344539373,0,0,0,0x8ddc5c63e63d86e1703ac4d57e4c71fcf8af8381167c296d2c1ce9a1254896fc,24548140,0xb7c9ae63c97cf3e8b182cbf158e9c36177ca446e,0x28c6c06298d514db089934071355e5743bf21d60
0.792491514452615,0,0,0.344539373,0,0,0,0x8374f665f9a5f8030429b711187a33f15178cb1167035c8964660beb09177a2c,24548140,0xc33b6579dea1b16818afcbdb2e57e8bee39db4b0,0x28c6c06298d514db089934071355e5743bf21d60
7.399973241240069,0,0,0.344539373,0,0,0,0x64fdd98ff62f0ea829709d55eb5746a5bb2ddf8db78de7988a6bb7dbbe9f6334,24548140,0x1f68053cd925d467852cfecf78bd836f33f0e4a1,0x28c6c06298d514db089934071355e5743bf21d60
50.02838597108622,0,0,0.344539373,0,0,0,0xac962db1cb6a7ed4a5638280b67d69677cb90bd0cfabee52d6e725ebb27b69b1,24548140,0x54f657452efdb1f084feb9f984c121f5d1d2a350,0x28c6c06298d514db089934071355e5743bf21d60
0.0038,1,0,1.144539373,0,0,0,0x6aef6a39aa0832b091a2be09b8a5424972c7b5a7107b75eefaabeb3852c02591,24548140,0x28c6c06298d514db089934071355e5743bf21d60,0x4987667590c13eab3eee66d857cec40074a2a80b
0.03162962,1,0,1.144539373,0,0,0,0x7a05bb926cfedf3a67bf3b6c56ee777db78c072c0c188aa7a017a551a1c8b62d,24548140,0x28c6c06298d514db089934071355e5743bf21d60,0x5c6a9e849533c94e2948baa8bd191b480ce10b81
0.10142,1,0,1.131307493,0,0,0,0x194465fbe7e75b2d8d0d1ebde8d3f84212c551cea5845c591669c48618afc1fd,24548138,0x28c6c06298d514db089934071355e5743bf21d60,0xaa9a4e09cad31b523a3d2dececdc0679f7acf8f9
0.0049449,1,0,1.131307493,0,0,0,0x184d69b255c0f07f1f8ca02ed42dd89e9fd2f380ba99b18b38c59f9afe0561cc,24548138,0x28c6c06298d514db089934071355e5743bf21d60,0x8914eb96b29bbcc443c60ef5012137694f33153a
21059.19384154,1,0,1.148059449,0,0,0,0xf4cc9324881200e81d35198833f82de21ebd6f2acf295e69883ec9661b91e60a,24548136,0x28c6c06298d514db089934071355e5743bf21d60,0x9696f59e4d72e237be84ffd425dcad154bf96976
0.0036,1,0,1.148059449,0,0,0,0x766482270b7e0fb42f9222a8797e1b9f96a5f7e9403b30daed73f4f346f2fc37,24548136,0x28c6c06298d514db089934071355e5743bf21d60,0xdb86e0614ea5b62938390a4eef3bc90bd7f45d33
710.999464765504,0,12,0.332406987,0,1,0,0x6e59403787b7055d5befec025cb9636ce477ea1cec10064dae0f2c67b2f0b668,24548134,0xeae7380dd4cef6fbd1144f49e4d1e6964258a4f4,0x28c6c06298d514db089934071355e5743bf21d60
0.02424001,1,0,1.134196423,0,0,0,0xa1d45a549f8023ab90c2fc0745465d04e6127c899442872ccfbb05bbdd9b6e73,24548133,0x28c6c06298d514db089934071355e5743bf21d60,0x2042907ee886eb5b44d159cec2fd16f5b8acde5c
0.03897765,1,0,1.116383476,0,0,0,0x99cf8df4ceff94cfefbfb0379e10e36f62f287309d04bd54997392790b572d44,24548131,0x28c6c06298d514db089934071355e5743bf21d60,0x41cb35f42e086efaddcb20a324ecd4b0b320c972
140.40985,0,1,1.13340707,0,1,0,0x2133616d716c6c0c4ff7ebfec0637ecb737099c4757d4bacdb1bee6b2b0f3af7,24548129,0x28c6c06298d514db089934071355e5743bf21d60,0x7f030dded85c2672a84b3b33528f57babbdcf7e4
0.09397439,1,0,1.126342189,0,0,0,0x889bba771d9672ad71b369b49000e5fc8a6a05d474b09a78714538effe32c93b,24548128,0x28c6c06298d514db089934071355e5743bf21d60,0xa7bd4cde3ad58da265c71d610f7234cfe8ee0707
0.499993657521137,0,0,0.330598925,0,0,0,0x848692f338783d0c2412b66dabe0670d76940c70dfa23a7e629602a105d52d53,24548125,0xf5bc5fc485a74ba98bf32047cc3738b29ba634fd,0x28c6c06298d514db089934071355e5743bf21d60
1.05976384,0,0,0.330598925,0,0,0,0x3f16b68b725bfadd03dff24d8d58c2bf87fd8649b420c6f29b600212e0afaf73,24548125,0x49a322ce5c57adc936b4f3bb635916d2fab67a4d,0x28c6c06298d514db089934071355e5743bf21d60
0.504,0,0,0.330598925,0,0,0,0x1ce7adf3d5378c6a2102dc29ce676aa7477f7065486ee75eb5b917a04447985a,24548125,0x070451bcef0481def2a837c6c11a95d2e1bcccdd,0x28c6c06298d514db089934071355e5743bf21d60
29.999933405787992,0,4,0.330598925,0,1,0,0xb8c6d650f238bfa1cd664f48855efabddfcac7d66dfda783beefbfe4f04e70d2,24548125,0x9f4e5bc9f391de5c824bd0d065fa716663c91ba3,0x28c6c06298d514db089934071355e5743bf21d60
0.804993563616424,0,0,0.330598925,0,0,0,0x00befc8661b0317e9fe5577aa5ade43f36dc973b2509294460c62d8d20116461,24548125,0xbbe5d80b09900cc1a4af840f4472ea6a28e04eb6,0x28c6c06298d514db089934071355e5743bf21d60
11.999810987927814,0,0,0.330598925,0,0,0,0x61cb82999151b18a86edd2b94279b98b65391965091dda73300720b2c6a27760,24548125,0x4fc9a8f7f3910c57c8f0b3ff366624928b1d3fdb,0x28c6c06298d514db089934071355e5743bf21d60
1.4186270059515642,0,0,0.330598925,0,0,0,0x6e406749d5ec210019d054b0a4efad7299fa7885a7f1dd09952a86f1367512f1,24548125,0x6600dc11d340fc1dfbc6e4cd096461b8c278c16d,0x28c6c06298d514db089934071355e5743bf21d60
12.876309400758949,0,0,0.330598925,0,0,0,0xa309ad3ccfde7c57729f5626b4360e0e121c9a443deb0efa9c80cff5954fc532,24548125,0xb253acfd19459641a2bd635a9ec74a0785aed2f1,0x28c6c06298d514db089934071355e5743bf21d60
3.240090127977253,0,0,0.330598925,0,0,0,0x0308f1fad1972ed9689da57641db35e7bf71d96c2b6b929f91a5e7fb4771df3f,24548125,0x16843bcf059011ce801c1bae824b99acd1cafa2b,0x28c6c06298d514db089934071355e5743bf21d60
0.6029399489271763,0,0,0.330598925,0,0,0,0xe495a37deaf3b262c05e7307128c56b2f7b6d063022ea8d698c1eb7379484760,24548125,0xdfa8dfbf6e42f93c268189ef1665b075840ad05d,0x28c6c06298d514db089934071355e5743bf21d60
1.0903735230631433,0,1,0.330598925,0,1,0,0x1c8c8abf8421d2f4788cc3941df1276ad197bd5f16f81339cd26f5ab24cc2961,24548125,0x19f00b3a7b6f55c9da966fe3723251784a797fa7,0x28c6c06298d514db089934071355e5743bf21d60
0.539919256,0,0,0.330598925,0,0,0,0x72a5e4ae1b79ae2d6a8dcefaf84df3a96b83a57abcad6d9e62262f9c8e5432dd,24548125,0x9f614fde95d1f196e143ac371ce5a1e5361bbb2a,0x28c6c06298d514db089934071355e5743bf21d60
0.22985,1,0,1.130598925,0,0,0,0x72de8d8094384315be7fe05dfad83d626aed6c28b353e0b5cc92f05003a82bc8,24548125,0x28c6c06298d514db089934071355e5743bf21d60,0x3f26479ea0ccc087795011aad949400b01bbc881
0.0118,1,0,1.132030314,0,0,0,0xb2b5d9064b1d783fd2ddd2476e07d4d498e1932f50614fe8a588fe7c88ef162a,24548124,0x28c6c06298d514db089934071355e5743bf21d60,0xca80a814392c4ce3aa4f47222d4d552b004b6948
0.11985,1,0,1.131097477,0,0,0,0x0ee837ccfb71d6596711cb1c5439dc67b260400e40f2481b5207f156bd1c44cf,24548121,0x28c6c06298d514db089934071355e5743bf21d60,0x8af5cda1a7b50ecc4dd7f61a3a39717e8acc030e
39.99985,0,3,1.129102158,0,1,0,0xb8aa55e71eb85ba7ea0129901527fba0ca513caed112e2969fe794c529dda00a,24548120,0x28c6c06298d514db089934071355e5743bf21d60,0x3d941b5f9979602c79ef50262d0a52d88c9ea0ba
0.00185,1,0,1.137699861,0,0,0,0xed420d2955d55a98692a4409e953d9de1563af3919e2f1406ddbec08650a087a,24548119,0x28c6c06298d514db089934071355e5743bf21d60,0xe72d6f6072017fefdd7fd89ccde56a02ff193cc7
0.002174,1,0,1.137021937,0,0,0,0x47f15913e62854eaf2619bab3ba39c3059c070d2774837608479b26c94323ead,24548113,0x28c6c06298d514db089934071355e5743bf21d60,0x171e5d8228ec3dade07b6f9c9fb78e749da29d1e
0.09945,1,0,1.155831125,0,0,0,0x07be7466b53d710bf2c5088c13f2af0200807d7c94588a738d5742669eec5e58,24548103,0x28c6c06298d514db089934071355e5743bf21d60,0x5f51bec6541b97a5a9e527b376ea0fe9086a77e1
0.0042456,1,0,1.160374708,0,0,0,0x2e921da302987542d67137d73dfe89aa7412e671a029f047d71c6c3219e84d96,24548102,0x28c6c06298d514db089934071355e5743bf21d60,0xfc247e9b1f8bf22f9a5977b0420fdb2c7a903998
0.24649024,1,0,1.155336494,0,0,0,0x8ec429300d3ae828ab3959f03a12b8d21b7391f71d9d8e1d46171afb43d97e60,24548098,0x28c6c06298d514db089934071355e5743bf21d60,0xa367c5967317afd16be8dbe1c19ecc5ecdf92fc9
0.09508111,1,0,1.163245654,0,0,0,0xd1136074ad12911f0bebc1a8c2a0d27b8b2293aa7f1e4ede318d242422946336,24548096,0x28c6c06298d514db089934071355e5743bf21d60,0x7aec833a67dc9a3dd9c295430232fb505828dbb9
1.007991820800573,0,0,0.375020151,0,0,0,0x1346e2f2806cc9857baabc6a49e49f290c6069e5c73c96ef4e4ab17286a6c63e,24548090,0x17b0eabdb3cf32136700891a29df62dfaca0b946,0x28c6c06298d514db089934071355e5743bf21d60
1.007992393893471,0,0,0.375020151,0,0,0,0x46135156cda68b0cd568d780361da96c8327b1c7be84b4bd439f7700569594fd,24548090,0x98b2b36baa36eae9d03468804b10080896196ca6,0x28c6c06298d514db089934071355e5743bf21d60
2.547579372182798,0,0,0.375020151,0,0,0,0x9e5ae0fec58b1b64a2f8039eef133596dcea888fc10982f1ade6463a0e6f1993,24548090,0x2faba4c3c3d2b0bcc10d9faa330e97e3bcde12ae,0x28c6c06298d514db089934071355e5743bf21d60
1.0079818049233855,0,0,0.377078153,0,0,0,0x1a25054a141f97caa2100369371bc013c825854659a660c8a321444e2b23784d,24548089,0x54204ec201d62e8c52597da953efeeb3e988a118,0x28c6c06298d514db089934071355e5743bf21d60
1.007991820800573,0,0,0.377078153,0,0,0,0xaff4ce8d1bd72746b7dd2f11700ed0ed5e8f8e1b679b0259adc8e69504fc2390,24548089,0x402f58eae1bf541c703f98a5cce3e4167d9f7419,0x28c6c06298d514db089934071355e5743bf21d60
134.99942964243652,0,0,0.377078153,0,0,0,0x3beace21fcb2e2dbda993b20d66e282e2291d941c761ef35b9ae8c3833c6c8ca,24548089,0xd224e961f33ce0b5e59bf1e2235d0a11bcd1ab28,0x28c6c06298d514db089934071355e5743bf21d60
749.9993040779159,0,13,0.377078153,0,1,0,0x6c664db5daf8f17f9bd9a8812248e3791cbe14628f546a7578088fff9571819d,24548089,0xeae7380dd4cef6fbd1144f49e4d1e6964258a4f4,0x28c6c06298d514db089934071355e5743bf21d60
0.799993897897511,0,1,0.377078153,0,1,0,0x79c9c58a5a1c3eb959bc95abf48e3f06d77e978f975569fa70f5a4aea9301716,24548089,0xef69100ec271594ebdba4153a073e20cc3131886,0x28c6c06298d514db089934071355e5743bf21d60
5.725989346460306,0,6,0.377078153,0,1,0,0x343e729658dbff135b92812e9385c4584ff01e731d5d04331a7f880dc536aeb3,24548089,0xd275c77cc1dd410ede0690dd8a9b3af729e4dcc4,0x28c6c06298d514db089934071355e5743bf21d60
0.789788617997081,0,0,0.377078153,0,0,0,0xf9ce512359effde0e483fb964e15d1f90b71b178986da8fb5f44f52b79168fb0,24548089,0x97ba5d73b83657fa17d957d79c74245d38f79a62,0x28c6c06298d514db089934071355e5743bf21d60
1.007991974682231,0,0,0.377078153,0,0,0,0x4197dc0eb5e5eafa02d8a31872b91f3a99d7aa22329e19e892c5681c2b96e03d,24548089,0x5e870e9ab4735d85c97e0163590ad870aaf392a8,0x28c6c06298d514db089934071355e5743bf21d60
0.8535683282605032,0,0,0.377078153,0,0,0,0x128d96be743be3cc4d04986d56e322dd342ff76224e7407baa70ba62aa25dfe6,24548089,0xb325b0119c322c18f273193ee34c7e5db3b87e4b,0x28c6c06298d514db089934071355e5743bf21d60
57.99952521810541,0,1,0.377078153,0,1,0,0xc47650ae3f864bd439419257079edeb967105274739cdfcb5c119188e24feb82,24548089,0x99f2ad2c1d308a3c087a4cf5f6b202b68cb28be9,0x28c6c06298d514db089934071355e5743bf21d60
4.999950148978994,0,0,0.377078153,0,0,0,0xa1321474782e6ad71eace639378ce132b5014c418c2e2bfc0b8815b87c7178e7,24548089,0x5a51ea57895d03a035dc010bae293b64c00db92b,0x28c6c06298d514db089934071355e5743bf21d60
1.3716217830328097,0,1,0.377078153,0,1,0,0xc6f8977b856cad00b8f87bfc4f9e127f6baee9c3df659d17bb73be86a8830c32,24548089,0x3bd029a626057d6f26ea6dc644ae68be063a4188,0x28c6c06298d514db089934071355e5743bf21d60
15.499992903970472,0,2,0.377078153,0,1,0,0xeac6c60ad3c76265b4f0444e76f027bec6b153dcd88e365486157d69a5865815,24548089,0x919ebf65a1091115cf2108a9e9b7ab0dfb74740f,0x28c6c06298d514db089934071355e5743bf21d60
0.9109882805725722,0,0,0.377078153,0,0,0,0xe0324a2831520d196ec0b10dcf5e15f3ccb8e833758d004de09f851b41d9e556,24548089,0x2a82eec6af5f4c24487d370e73be7fcca5175ead,0x28c6c06298d514db089934071355e5743bf21d60
117.99996256201489,0,0,0.377078153,0,0,0,0xdb3aecbe7511da7766ffab8cf17ea8c5a1471daab69dcae6d107f61e41043ab0,24548089,0x49c1fa52a13b63b63ac4a963172e75f90ce70f15,0x28c6c06298d514db089934071355e5743bf21d60
0.10052978,1,0,1.173434931,0,0,0,0x0551781267365c9e0c72379e17a9733f57593687e10b8227d8c6c1297088c12b,24548078,0x28c6c06298d514db089934071355e5743bf21d60,0x88999c6435836114ccfeafebe42cd53cb73a818b
0.0048455,1,0,1.164917815,0,0,0,0x961f95ac937460f1b840061780652f8a74470fce12ea8ace30b23836342b4e62,24548077,0x28c6c06298d514db089934071355e5743bf21d60,0x5b0b8b25b6326b217a3923b0cdef5a3c0767f33c
39.99985,0,4,1.158905208,0,1,0,0x0cb5b04b043dacd60270b16e20352ddd05231052a95f69187ab74cb45690e7f2,24548075,0x28c6c06298d514db089934071355e5743bf21d60,0x3d941b5f9979602c79ef50262d0a52d88c9ea0ba
0.01985,1,0,1.154893843,0,0,0,0x5e6072745b79fea204b539979dd07a1d248d38cb8fbf5b062223bf6e22722611,24548074,0x28c6c06298d514db089934071355e5743bf21d60,0x201e6347401a9a43885cd04cc252d330051692e0
0.00185,1,0,1.166350812,0,0,0,0xcd4afbfe2374c77155ebb3dae3e717a6ea88109dd8173757987947278539c63a,24548068,0x28c6c06298d514db089934071355e5743bf21d60,0xa9cd1890ea2bdad84041f3ad99c524875c1f8e3b
0.49932567,1,0,1.195193468,0,0,0,0xe82a45be0e8ddbe0838e82c93ecaedd0f7ea2fe7fc8ce2494f416a0972dd4c30,24548066,0x28c6c06298d514db089934071355e5743bf21d60,0x1b466788465fe1927fb464cd2ea9b2f62494127c
19.75833623,1,0,1.194266237,0,0,0,0xf6b41c3afa6737c5e135b2b1946595bc5d93746a14ef63c230179aa23fa21098,24548062,0x28c6c06298d514db089934071355e5743bf21d60,0x7f3d3f7495e033d8cd17bdeb08b70102572db7a6
0.0159347,1,0,1.194266237,0,0,0,0x770d7f2d49b6f7b33ddbb8a147446730e325dd260d734d679170fbbfde251abc,24548062,0x28c6c06298d514db089934071355e5743bf21d60,0x927c3397818efb2b63c8e62eec21dd7670b4a562
0.99584728,1,0,1.198036442,0,0,0,0x4e350a99f22699e16dd60b38359264acbec6517f64d4eb3d08dedb8ece4f2835,24548059,0x28c6c06298d514db089934071355e5743bf21d60,0xedaa08662829a48b911ba588a5f8fc9bf3e9a8a6
186.31885,0,1,1.198834573,0,1,0,0x0c148f85b0f58a388bf44ba3c8225fbf25c1ed380c2ad3e7870469d56ad2cfed,24548058,0x28c6c06298d514db089934071355e5743bf21d60,0xecbac8014b1dcf9594dab517e9f33715d069ff39
23.069899,1,0,1.176751964,0,0,0,0x7bb37ad4c72fe32602d479c2d8aa9b604c643abd513b884cc7cf3841b9765f73,24548057,0x28c6c06298d514db089934071355e5743bf21d60,0x09eaa9257fc8914ab87213d8463a8ccd98e29196
31.78999746,0,1,1.1881423,0,1,0,0x787cabcca6f8f606e48402cff9d42a8c4c08dd8db284483e0300a48100cf3f2a,24548055,0x28c6c06298d514db089934071355e5743bf21d60,0x15f46551f5d736c9b8861c1d1358e29183f7a6c7
0.01173702,1,0,1.197622207,0,0,0,0x230569e4e33069ad8ec675f8393c72d377e6503c0952363ee3d4e5ad3f56d983,24548053,0x28c6c06298d514db089934071355e5743bf21d60,0xc47c03bc794e77896b1e0e64e2dc712dfa35343e
0.23924434,1,0,1.202050006,0,0,0,0x20c965db0000aa4c6738f35519dc53ae39e6486a98d77886d48369e47b9e1cbb,24548047,0x28c6c06298d514db089934071355e5743bf21d60,0x54a9f0af4cb05dc43330f60d7b97b14f395873a6
0.45090965,0,2,1.202089291,0,1,0,0xa29eca030a72c4f553474b9181773ba744b055656e528d1406ab16b115995523,24548046,0x28c6c06298d514db089934071355e5743bf21d60,0x32f9f822e77942d416e8a35a9a4780e609fc2846
0.36013055,1,0,1.204625488,0,0,0,0xa2a3dcb2de4d4b80358de6ba85d35b3004cbcf3fdd0a4e984eb25d5d4286e9dd,24548042,0x28c6c06298d514db089934071355e5743bf21d60,0x1880e1f0534cb9a0a3f6c96ad751f99be0832f1a
2.165587991217773,0,0,0.384632145,0,0,0,0xa2ba3632e57f51cf941a5dd5f971b6a48f112dde2e2c7d31c640e43154094ac7,24548041,0x3c01548620ec654c39ec0f4490797e245bfc1be8,0x28c6c06298d514db089934071355e5743bf21d60
0.5081960773049455,0,0,0.384632145,0,0,0,0xfcc372a3fa44898719ac7d47ba298b46123b6735652c992c167955d452d49285,24548041,0x8a7d04347a0794eb5ca6a134de39c62446a81585,0x28c6c06298d514db089934071355e5743bf21d60
3.727827234671728,0,0,0.388031055,0,0,0,0x4f1ab34b1893adf4dfdde14b042b874230118911a2d86dad523c50fc93b022f9,24548040,0x47fbec8d6489f762d96b83ba1f59521ceb09c3dd,0x28c6c06298d514db089934071355e5743bf21d60
20.342783820392626,0,6,0.388031055,0,1,0,0xed2264ea4b17fd0e2ff8fa8b6ec5c9949b67a8b76d46ee5871f6259a3d328b0a,24548040,0x483a910a7479af5bd1333014af97ee5c733a7052,0x28c6c06298d514db089934071355e5743bf21d60
0.5611663003728399,0,0,0.388031055,0,0,0,0x2961923948141313e82c43c483693b9df1939760e1bff099949ac16e8b18d43a,24548040,0x996ef5449f9f8f1c59288c8a2bcd928b18742612,0x28c6c06298d514db089934071355e5743bf21d60
3.999993082633705,0,0,0.388031055,0,0,0,0x92bbdebc015b37363f881c316f0ad9b9a34c4bf2006a890f8d3ed780f0ce22c4,24548040,0x70a2c673a08628856443d1446ab23be658646ed7,0x28c6c06298d514db089934071355e5743bf21d60
0.789789175598888,0,0,0.388031055,0,0,0,0xf69c11c5aa103da21acd8eab72db87a3c87eb79bee47645e0524b962d3f4eebd,24548040,0x458f92e49171de56a1e39aff6d2103250388714b,0x28c6c06298d514db089934071355e5743bf21d60
0.6574709314726703,0,0,0.388031055,0,0,0,0x17bc964b42eddf6de3abf5cbef2e9356904f1ea95c000b88bb0a08a1dc838ada,24548040,0x54ba5493436ce5cfdc83ee7c95d04c926716ae02,0x28c6c06298d514db089934071355e5743bf21d60
2.222395754085726,0,0,0.376846516,0,0,0,0x7a883939adcd466ca8acbc65d5c4ee867a1e0dae7d994870bcb18914cabff72c,24548039,0x71f0ea0203a39fff65aa89a7f4d4bab8fa5aebd5,0x28c6c06298d514db089934071355e5743bf21d60
5.009615987878647,0,0,0.376846516,0,0,0,0x6b49344a79bf3be3d1abfafe8a8870d40e60a9b1bca3779b63046de5dcd6d678,24548039,0x7fab0f8a9ec94155f533ed9211b0b868698fa222,0x28c6c06298d514db089934071355e5743bf21d60
6.95755,0,2,1.176846516,0,1,0,0xd2886681f832c7d2ac4cba0702cbd533a58765580d5848700dd6df9c60ab46aa,24548039,0x28c6c06298d514db089934071355e5743bf21d60,0x9cd4e035ecdc10c1bb3951f8dad350d000e00b88
41.17763813,0,1,1.176846516,0,1,0,0xde346f232072cd8c1306a8d4d56ce466a205b643074ae482defe41e8dec7cbdc,24548039,0x28c6c06298d514db089934071355e5743bf21d60,0xe9a911b75ff5bb6e7b41a045b4d3ceedb6101381
21039.84041092,1,0,1.176846516,0,0,0,0x704b2fabf8fb96561686e249a316f23f534ecd3bf7719ace92da68b8ce683dff,24548039,0x28c6c06298d514db089934071355e5743bf21d60,0xdfd5293d8e347dfe59e90efd55b2956a1343963d
0.08399983,1,0,1.174043428,0,0,0,0x7324ed7eb1dd318e2f63ff7e17ad109386c58002f2718e4cbb0e0a8272c3b258,24548035,0x28c6c06298d514db089934071355e5743bf21d60,0xa8f589660c8bb8550df5eb7e27cbc717217d126e
0.03987217,1,0,1.174043428,0,0,0,0x7b950a7847393424bead617b624d388a4fa7d1a1c15a9352ddb2a080d0a7cf63,24548035,0x28c6c06298d514db089934071355e5743bf21d60,0xfb741ea14ea49a1c4b74356fa8091e77dfaa8bff
0.014315,1,0,1.176009116,0,0,0,0xe85e966a0977cd87bb4e4c9975e4b5bc036a231e0435ec043bb37e71bb1b7bb5,24548031,0x28c6c06298d514db089934071355e5743bf21d60,0x109dcc97bd5688a521ac964f1248a36ea0f2c79e
1474.9999787617896,0,14,0.390272763,0,1,0,0x0a55fc13d381348b91a2cc335d481e9bb93b737b6f6b25a90ab263dc6ae99279,24548030,0xeae7380dd4cef6fbd1144f49e4d1e6964258a4f4,0x28c6c06298d514db089934071355e5743bf21d60
0.06395,1,0,1.194374776,0,0,0,0xb8ba4d26cfa6f08f1caf4b13774454b45f8745c56727650e21287b4fd3d76e4a,24548028,0x28c6c06298d514db089934071355e5743bf21d60,0x0c92f7b1b1f9be75faf89f8f0495c08416315daf
399.82985,0,1,1.194374776,0,1,0,0x8fd6341f49bd58294ab8ae1bf2431468fa1d675f86054b60eae374b178cd495a,24548028,0x28c6c06298d514db089934071355e5743bf21d60,0xe02cff66139fdbf60a7e05f7ce82ca657540ad6f
61.08469306,1,0,1.179932621,0,0,0,0xdf3cc4085780e89a06ab716a56c6f8462977830734e58fd19c0385560ff3556d,24548025,0x28c6c06298d514db089934071355e5743bf21d60,0x7db12d0b43a27a8e56dab896f6494d3beb3eb18b
0.04244494,1,0,1.177139637,0,0,0,0xcd8ab5a881dc2db5d3c98532ac9b3d8e0874add85ae8b12f81cf1cb8ed17cb05,24548024,0x28c6c06298d514db089934071355e5743bf21d60,0xf9ad4600096bf5252616c0b7ac4969fd900d0bc8
190.56915,1,0,1.160221549,0,0,0,0x10eb828a89ae913573018c4fb542a556728d4cd72eb049e1ef658626371b9462,24548022,0x28c6c06298d514db089934071355e5743bf21d60,0xbee47b0fe59286778c9bfb28196368e0f0d7beee
1.0,1,0,1.140578411,0,0,0,0xba3a23cc3f9c00dbf362b86a210f67de00f4e2b0e8b1c037974acecabd75bc4a,24548019,0x28c6c06298d514db089934071355e5743bf21d60,0x60c3f9e95aa916c132f553c1fc4ad434125d9b35
0.00283437,1,0,1.156276259,0,0,0,0x6951447034af2d40f65a3107a8246c43bb3ce485a19499be58671cf13d6d35e6,24548017,0x28c6c06298d514db089934071355e5743bf21d60,0xbdb2e729bdfaa9165ec2c83872b1ee5f9e1e8d3d
2.00985,0,2,1.148807348,0,1,0,0xe9dcbf2874bd2fdfe23df07fb2b1e53ba144420e5e9c64a0d84ddd1e961426a6,24548012,0x28c6c06298d514db089934071355e5743bf21d60,0x3b88055ae847e5147827db581589b441e0d792a1
4.033399451682014,0,0,0.318718529,0,0,0,0xf8076270d474f7d1407f8293c942dd665c6afca8d0418909e98d736180a0cc2f,24548006,0xdd694abe298aa0b4fdddd138c69beb34632a5a1f,0x28c6c06298d514db089934071355e5743bf21d60
0.00779119,1,0,1.118718529,0,0,0,0xb2c149c9b4ba897c59cd4e1108cc22c4b7e662f640ab265b478822007446a9d0,24548006,0x28c6c06298d514db089934071355e5743bf21d60,0xd8b28f6b8723321f39d1a1047ffd27551615f67c
0.05803046,0,1,1.118718529,0,1,0,0x19abc1c6933b5ed969cd78875e9837622e9d473e2deca3d15e331def6680fa16,24548006,0x28c6c06298d514db089934071355e5743bf21d60,0x5d9becf3cd319ec1dc1e93909c5f0b05ba2b6aee
0.00314124,1,0,1.132332499,0,0,0,0x3645b1ded21cc692a2e079d1b257e94415299d009300dc609661a170fbbfdefc,24547999,0x28c6c06298d514db089934071355e5743bf21d60,0xc40f346042cd490515cbc35eb3bd808a6420fad7
70.90088201953309,0,4,0.329135044,0,1,0,0x062e824d8a879344a8714cc94de82d8931e5edc7547e9d6e73f69f9c39a867ad,24547995,0x06fd4ba7973a0d39a91734bbc35bc2bcaa99e3b0,0x28c6c06298d514db089934071355e5743bf21d60
0.00754419,1,0,1.129135044,0,0,0,0x4fdb7901e114dae72bb677eb6d2e73230c6bdb44f4b7ec66f587808a959da123,24547995,0x28c6c06298d514db089934071355e5743bf21d60,0x169a860b11420f1fdd5ac034f228cddae8be13bb
184.99998151345528,0,0,0.327837489,0,0,0,0x53bef4a544839e38ebe04ae41e0b004b7debd3f001be0da5ab0a1d2f60b8f372,24547987,0xb033a3844ce4bfe19c09af89913c6f5b4cdfe0e1,0x28c6c06298d514db089934071355e5743bf21d60
57.6562769732174,0,5,0.327837489,0,1,0,0xf57b4396512d611548e83f966a5ce329e041058ac92c2c1034074e0832b78b68,24547987,0x86a067030a9668c13ff2a8c4d5415afc776d4c63,0x28c6c06298d514db089934071355e5743bf21d60
0.04304,1,0,1.127837489,0,0,0,0xf8c4b822d4326a2496a81c0dd3ec6d2ca83b90645362fc7b9e986ae0aaeb296b,24547987,0x28c6c06298d514db089934071355e5743bf21d60,0xad46d585bf8ac3016e2947c09528d6a4a1a51a63
0.003846,1,0,1.136159441,0,0,0,0x855d2a8b8068f0489a58f9ed2e880ce53104a92c28a3e69093157a1f7f3a3f0d,24547986,0x28c6c06298d514db089934071355e5743bf21d60,0xf988b6b78b9210b16b20a446a82a1b4f6dc440da
0.00478063,1,0,1.129387478,0,0,0,0x187270792b814c22be6ee3e4711468ac680e55dd6763ad5d6703a8891cc7a8fe,24547982,0x28c6c06298d514db089934071355e5743bf21d60,0x896fe2b102b52878d964dd56c46160de28cfac79
0.0193076,0,1,1.115023276,0,1,0,0x802e9ae6133da7e742a9f13827fc48f54322e2117443413d82ab572abfce476d,24547981,0x28c6c06298d514db089934071355e5743bf21d60,0xf80c1a9cff7e3792db2fdf5305942937949507ca
9.88866112,1,0,1.126778744,0,0,0,0xa5aca557f5ae47a026c1260f3eea3464d16b9a311918b49873bb7e301d217fa5,24547979,0x28c6c06298d514db089934071355e5743bf21d60,0x4dfdb9c9027d902efc8e52c02bacd1e04b7f70b0
0.58576605,0,0,0.337906168,0,0,0,0x45603ee3a7c2b47298e60b4384c01d87c44ea88ec86c93d2e400e96735f348a0,24547976,0xbc60ba7f5cb9af16e18f7789b0b16493f98a3c69,0x28c6c06298d514db089934071355e5743bf21d60
0.5280020443205506,0,0,0.337906168,0,0,0,0x879cc6288ad980ef959ec5f835448f4125460bc69d04845ced1394eb42103a95,24547976,0x0043781299b3eb6a35c8c504ceccb373602591a0,0x28c6c06298d514db089934071355e5743bf21d60
1.694900478713628,0,0,0.337906168,0,0,0,0xb0e5045ea92dab6a4223ec6125083a0e368d7bccb920bd1ccf7e4259285c0301,24547976,0xe0f90f65995c841b2220b1c6ba606c313c1f9f88,0x28c6c06298d514db089934071355e5743bf21d60
19.99997499699249,0,0,0.337906168,0,0,0,0x980b76cc5f35225db47c84457516b0797523fbe5c2a6d3cfefd22cc032b40843,24547976,0xf95b8114495026193b91e17e0af6e11c4aa49125,0x28c6c06298d514db089934071355e5743bf21d60
0.9361329180075744,0,0,0.337906168,0,0,0,0xbfe226a36ab244f29aa59d6c93f3285382709fbeb6976e440750c36c66571839,24547976,0xb8860a7cb71f1d8d9779938192fd96b3fe048318,0x28c6c06298d514db089934071355e5743bf21d60
20.02456382735765,0,0,0.337906168,0,0,0,0xc4be43b67a8211f7d447073fadc3cd352ab7d94ab1b0e51c06d9ee219b485197,24547976,0x2554b8e6e6bbb8f7261aa573c634c67b18ae9a50,0x28c6c06298d514db089934071355e5743bf21d60
189.99997006043867,0,4,0.337906168,0,1,0,0x34c6089051266f5545ac1e7b6f95873269f16967fa28c0d0f89f3aa2abfdfff2,24547976,0x5b702b24b00a37b61ff9d71d91fed1a629edd1df,0x28c6c06298d514db089934071355e5743bf21d60
6.577687548290418,0,1,0.337906168,0,1,0,0x227296be5d8f1c787656398b98804a82a1c0fb079fa9557ed7fc39c0d759adb6,24547976,0x5f3ecae36e842ffb263b013ff783658a826e7a42,0x28c6c06298d514db089934071355e5743bf21d60
4.032429828314192,0,0,0.337906168,0,0,0,0x49eeae01930d793abd12660d5733650df39baa21429b44e70cfdebd1385e3068,24547976,0x5ec39fd288ed9468314503656c673b64fea42a5f,0x28c6c06298d514db089934071355e5743bf21d60
49.99995989651973,0,0,0.337906168,0,0,0,0x513b2836927d4f341d6950c214b284b91e4d67ed73095556e9457f9040ba7832,24547976,0x11af167b4c6b6cef03848d59acf4894a4806ad27,0x28c6c06298d514db089934071355e5743bf21d60
0.998801,0,0,0.337906168,0,0,0,0xa5d0883e206ed1bf0603fed6c0701b563a05ee71d41a6d2e9bf77c920563852b,24547976,0xe7ddeb520cee982e5074d8c0859094e26cd72f47,0x28c6c06298d514db089934071355e5743bf21d60
0.789787476657119,0,0,0.337906168,0,0,0,0x794852510a35fbb33b61808180229c80dbb924ded0d5b21a7664a1de061b8bbf,24547976,0x013b9b73fb56b7d4d591e183eb2232ad4e2b04a3,0x28c6c06298d514db089934071355e5743bf21d60
0.817975579327216,0,0,0.337906168,0,0,0,0x5ffb91f69142a2913815c4cf71e65f2e7e8558ca350ca83210cadfa0d2ca08f1,24547976,0x6db3a12edf05b0ac36e89e0b835c9e25fbf33987,0x28c6c06298d514db089934071355e5743bf21d60
22.62860221411651,0,1,0.337906168,0,1,0,0x2164efadda59eb38b87a14bb4959af9bad64bd98bd48526da5a975f4c760a16f,24547976,0xe6026f60efc3d0e714f1b89c596aa484ffbd25c8,0x28c6c06298d514db089934071355e5743bf21d60
68.51939778437159,0,0,0.337906168,0,0,0,0xd659abdf9074a8c274287c5910f972ff83436394232970f2145099fdb423fa14,24547976,0x60030d523a80488e4c5d669e6608022caba471d9,0x28c6c06298d514db089934071355e5743bf21d60
69.09987777930947,0,3,0.337906168,0,1,0,0x645fb0fd78f9cdb19ff5ad035fb5e0f81e74c3c73148d333ca65b118f73dd397,24547976,0x08dc8ffc2db71ea07537d1328b3be0799b604396,0x28c6c06298d514db089934071355e5743bf21d60
3.433994490463667,0,0,0.337906168,0,0,0,0xb875f229d05949cbbd266df60f07d38e0f87b538b18e7aa61aa42dc42c4caf06,24547976,0xd40e77f1ba7eea903307429d3fd75a3a42ac530b,0x28c6c06298d514db089934071355e5743bf21d60
0.852751172086724,0,0,0.337906168,0,0,0,0x824a62f36ea5f184a60b601d02ab559d064d7a2e65046fd8a15a4b9575c0d3b1,24547976,0x30dc7cc1ef854f71eab6e0f3c4190b74d72bf633,0x28c6c06298d514db089934071355e5743bf21d60
0.849994915343164,0,3,0.337906168,0,1,0,0xe4edf710862aa4692feac38f599beacdd9230176b97b9f072d6d2a008898a0d6,24547976,0x919ebf65a1091115cf2108a9e9b7ab0dfb74740f,0x28c6c06298d514db089934071355e5743bf21d60
3880.999801592799,0,15,0.346456644,0,1,0,0x5946627b5b9b1566ef899e0945ce2cbb44adf6c77637f7ca03934289c5fb255a,24547970,0xeae7380dd4cef6fbd1144f49e4d1e6964258a4f4,0x28c6c06298d514db089934071355e5743bf21d60
0.01748764,1,0,1.146486626,0,0,0,0xbf3eb19f3ba82f0f1249addb36887982ef99ffecf1930a52ad9a513dd14e469e,24547964,0x28c6c06298d514db089934071355e5743bf21d60,0xa41ae2afc9a3ac1e5f69a527888305e644f7d0ea
0.00685,1,0,1.150177884,0,0,0,0x6934eebdd4aa04789c69c1457e2ebbc8418227b001a19d698d8b9642ae66f552,24547961,0x28c6c06298d514db089934071355e5743bf21d60,0x34f5a484168a20634dd30a5b9872627ad74edaf1
0.15285,1,0,1.145970883,0,0,0,0xce93f99271624a25a14c740fc4370619e3cd5ecc73c2f1693d844e8017318317,24547958,0x28c6c06298d514db089934071355e5743bf21d60,0x00da7ce56ce484544ea594b202bc0cbfee421108
0.00992274,1,0,1.138109786,0,0,0,0x2d96e7919de7f24f007d197250f0fada40196bcb5129e08353228e48a2b0fa24,24547957,0x28c6c06298d514db089934071355e5743bf21d60,0x02069c1a43ec973b208dde131abff130b7076763
51.9154043096428,0,6,0.316989796,0,1,0,0x641b4adea846f265fead94c738ff41bca2638da6b56a54415da659be66a0efb5,24547955,0x86a067030a9668c13ff2a8c4d5415afc776d4c63,0x28c6c06298d514db089934071355e5743bf21d60
0.00285558,1,0,1.116989796,0,0,0,0x946f674e2cb358f3079592ce5412199414614d09abc45d4d6a99c3d9d51bd5b7,24547955,0x28c6c06298d514db089934071355e5743bf21d60,0x318bfcdac41d91ee213c94b390bdd3098fb3bdf9
0.09023763,1,0,1.158191186,0,0,0,0xd4b4067c26280c0a3034b45fe5156db5dbb5d3e3e55d5be13b7dc91a6955a5b7,24547948,0x28c6c06298d514db089934071355e5743bf21d60,0x3cbc39a9efe08e18c245fa06f2ad56b2ef7e1955
70.82055,1,0,1.161662882,0,0,0,0xfab0491fd4823f34de192716d42d027a0099e0b6a436f1806e184f8163cbaca8,24547947,0x28c6c06298d514db089934071355e5743bf21d60,0x36c1cdb634829d9b2281ad623f3ed4c36b27980b
11.758929293343447,0,2,0.359740198,0,1,0,0xa719366ecc4863b20abd291f196151b39bbc42b43ebbc5913f8ae32a39ffdd73,24547941,0x768e1c2554461904222aad24e30ea51eb0a738a3,0x28c6c06298d514db089934071355e5743bf21d60
0.7336834288564242,0,0,0.359740198,0,0,0,0x1c5d52018a086185a8c2d14e5714942df541f7026be3a94e5623936aadf8afac,24547941,0x52770869ec920eb2e646e52eb6d17763873ee709,0x28c6c06298d514db089934071355e5743bf21d60
0.9999861745287127,0,0,0.359740198,0,0,0,0xc0c99e1897fef8d7df3844d9d3ac2ebfb5e35ecfea3c9cc8ec40ea64c3b28511,24547941,0xca8651e6d002003676681c07c34ff6a3c2052b3e,0x28c6c06298d514db089934071355e5743bf21d60
0.554943333057346,0,0,0.359740198,0,0,0,0x9aa73cbd5def12a34bb869754254c50f95f5bc33782647f268ca6f359e934a71,24547941,0x04b1021a940bfff24410d8727811c0935abdae65,0x28c6c06298d514db089934071355e5743bf21d60
0.24324,1,0,1.159740198,0,0,0,0x18af2be03a88114765a7505a51c9c0ce3804ad2b19522a0bb524604d7fa558a6,24547941,0x28c6c06298d514db089934071355e5743bf21d60,0x52f6dc463cd965b8dffdc63e657b8afcd30974c1
2.5895551110158865,0,0,0.348392543,0,0,0,0x1a056398fe188d85df4277c468dccc389087ccc7ff6250d639297b4c08221f46,24547940,0x6862a3a40564f91827b105f4c216dbebc76e811f,0x28c6c06298d514db089934071355e5743bf21d60
1.616876588357085,0,0,0.348392543,0,0,0,0x2b736e14a9ca782b53fdb0e0bf9934da1fd02609f2af26894a073debc2ed7438,24547940,0xb9583921e3e0051e0eb6849dc3011383101793bd,0x28c6c06298d514db089934071355e5743bf21d60
1.309840366938627,0,3,0.348392543,0,1,0,0x8b36cf42a73e9b266154889f6dfbf5f70c0e8898af11a25385bbed8b2ff984a4,24547940,0x760c018064046f53144d38723de2d8cb0916fa6f,0x28c6c06298d514db089934071355e5743bf21d60
47.999993704227975,0,2,0.348392543,0,1,0,0x8c7870da845e0f62fdefc8524ee7c3cc74d6651cb78e2656370d43045eab3291,24547940,0x99f2ad2c1d308a3c087a4cf5f6b202b68cb28be9,0x28c6c06298d514db089934071355e5743bf21d60
0.7201879644984552,0,0,0.348392543,0,0,0,0x9cb2299381b03ea2891130c67e593d0001f34dd91f294ef5c0c402d52a3f9c7f,24547940,0x6db562c51c5464ed6a495239fb71d69fc951e2e0,0x28c6c06298d514db089934071355e5743bf21d60
1.14069160896447,0,0,0.348392543,0,0,0,0xe467be1c1939c1c40d3e22b3484ef959fcb079648a91f387d283f58c5f85365d,24547940,0x6f9a8eddf2d32b867be9ed591ba56cd1c39cde06,0x28c6c06298d514db089934071355e5743bf21d60
3.827082,0,0,0.348392543,0,0,0,0xe62933e5349d464ad0635968b72794986ef6b81183725e782f85842cf570a8c6,24547940,0x95602f7b910e6c2e2bd775f7f2a77a2d2a9ff194,0x28c6c06298d514db089934071355e5743bf21d60
0.789790841525171,0,0,0.35463077,0,0,0,0x64c1231bd1bf8b25c891bfd9abb6d50a7e476ed7b7710c65d2706cff151e1586,24547939,0xa516854c75c6bd02557af68dde302b3c3bfc5478,0x28c6c06298d514db089934071355e5743bf21d60
0.03815,1,0,1.15463077,0,0,0,0x59eca5eb7dd93a0d873a269f84b19508239b4e6fd6dcf7c5b2542e7127cef46d,24547939,0x28c6c06298d514db089934071355e5743bf21d60,0xc2dcca5011be9adb3f496db7858ca5660ccbc90a
0.01375,1,0,1.156843701,0,0,0,0x0d2a46537645af6f99e38a29b54198fe5384c053c469e5c9d69a38a971f50df1,24547937,0x28c6c06298d514db089934071355e5743bf21d60,0x64cb608b87c2b5dac1092a2f448192d8f24b7820
0.00992568,1,0,1.150256553,0,0,0,0x20954c7be618a754e1ac83937af83c3f377cddf661add4d560c56eabba70200b,24547936,0x28c6c06298d514db089934071355e5743bf21d60,0xdc37af3d5b44d27d23c43ce6deef099c15b63169
0.00941713,1,0,1.132078376,0,0,0,0x9e2f9130db4ad4ba87caf43ecb8d01773d0ebb0612d6f164050fc8e307b30daa,24547931,0x28c6c06298d514db089934071355e5743bf21d60,0x2dc3f657a68c4eca80f13f1495f5aa8b6e1f1607
0.1010487,1,0,1.132078376,0,0,0,0x25a8f1a0d5c5910febb6a934a90bdaeb5ee23e95084b453a84e6a74484f91c9c,24547931,0x28c6c06298d514db089934071355e5743bf21d60,0x99d299766a0f9f113a113ba6330b0fc5f1becd07
399.78985,0,2,1.10437308,0,1,0,0x0e7a5112dde4632eaf316b3cc13923a582004b59e4bf86c098d83386fc5699f8,24547929,0x28c6c06298d514db089934071355e5743bf21d60,0xe02cff66139fdbf60a7e05f7ce82ca657540ad6f
0.02938224,1,0,1.10437308,0,0,0,0x570b00f5ed31002ab8bd18c7fa9353cb8085dbc7d636f14c1605f31cc03b43fa,24547929,0x28c6c06298d514db089934071355e5743bf21d60,0x6494d7e666ee388110d96bdedf1b9aa8aefaa4f2
0.00224048,1,0,1.114414723,0,0,0,0x847917f82a6353c9f12dba7d6a64af8e5a5a03366d51f68623d131cc90f13111,24547924,0x28c6c06298d514db089934071355e5743bf21d60,0xeeac17c4a960c09cba73ea6899227d45d3e4553a
0.09737807,1,0,1.107687314,0,0,0,0xda4d45848ca4dbb4adf4e25498a4bc4292fcf1f980bd95b18cc1a3b5fe86ec76,24547919,0x28c6c06298d514db089934071355e5743bf21d60,0x17693eabb8a55fc6f4460ca34a64ed93f04a3d13
0.5055438,1,0,1.107687314,0,0,0,0xa70ae68a0f88673dc7ce2a7bf9a786b231abaf050fa29dc9add72069427268ee,24547919,0x28c6c06298d514db089934071355e5743bf21d60,0x006bce8f7ce785a1fa7aec8203f1f957959d09e5
0.00690908,1,0,1.107251261,0,0,0,0x6642944784b8d5ab2b395a172bcbc69f054038fbfbf73247d5289f8709ad1e84,24547916,0x28c6c06298d514db089934071355e5743bf21d60,0xb3e3ac27dbbcb2fc0f2c15f0507026275a635cc7
0.9036453,1,0,1.121098931,0,0,0,0xbb1284295bbe207f3f1f9095a2838ddab320a5aa047de555606417451d0975b4,24547913,0x28c6c06298d514db089934071355e5743bf21d60,0x7df2d9ad407e13f61263cedb27434870e2219a58
0.0412086,1,0,1.103279098,0,0,0,0x8f2906fc8a8cb38f5e6c91d6554261a79bf2122a745d610abdc1c75e749a34ac,24547911,0x28c6c06298d514db089934071355e5743bf21d60,0xb4d429998c00c8c1d75506393276acd6c5322279
0.08438794,1,0,1.082545328,0,0,0,0xfa3ba294c1d227e8ee1578ab14fa4be983a80c1af7edff6cc2df6324e69ffee7,24547906,0x28c6c06298d514db089934071355e5743bf21d60,0xbd01079918d02c779368bfd7baba168998cdf73e
26.28501,1,0,1.094673508,0,0,0,0x049316a9db829e9c3f0215cfb4f8a0027f91974a53e2c0b6a6eacbab5a54e36b,24547903,0x28c6c06298d514db089934071355e5743bf21d60,0xd779323c662146279d39a829c4db9c7de567e3c8
0.15029605,1,0,1.094673508,0,0,0,0x50fb93a13697293a2135211606a23386b5ba531e47831348c96720fffa03f97c,24547903,0x28c6c06298d514db089934071355e5743bf21d60,0x8d3ed3869fb274cbc05ff0e3fd25be9a79543fc1
0.00288367,0,1,1.086297713,0,1,0,0x50f554cfbbb15c15d3936fe53dd5ba7aa67a9861e3916dc980f161100494e5af,24547902,0x28c6c06298d514db089934071355e5743bf21d60,0xd32a4e141f0d44cce3c52f93ca71bf3eacafd8af
73.31985,1,0,1.099375244,0,0,0,0x854880678f42979fce0b1b153f86358bac538a3c044461a7b095df88bed86200,24547899,0x28c6c06298d514db089934071355e5743bf21d60,0xadd3c21a8bf315fa17caa8f5d9c18a8e899d277a
0.11866,1,0,1.091671132,0,0,0,0x0395e3a3d6391699200cd19f1623796e375d9bee8992866d223fc553847a6fa6,24547895,0x28c6c06298d514db089934071355e5743bf21d60,0xe9fe6a62cdb2ab90e0a342879db6cf9a2908093b
0.36968181,1,0,1.091671132,0,0,0,0xc3d1e34af581071dd3fcd748192f3ef8f5f4d3b6652e0d6f181cb8055329399c,24547895,0x28c6c06298d514db089934071355e5743bf21d60,0x7de84b81620899614a6c7e7d046c179229219691
0.05372264,1,0,1.097520027,0,0,0,0xca3951e8cbe7772d749f74d42ea0c0340d7c9079fbbef9754346ab79120a751c,24547892,0x28c6c06298d514db089934071355e5743bf21d60,0x75aca13da45621ba5e06b35a6864cc09ca5aed09
27.58064355137063,0,7,0.294267018,0,1,0,0x18dafcc9c7357b0bcb66179081ed08c70acc92345cbf63968e8322ef12641d73,24547891,0x483a910a7479af5bd1333014af97ee5c733a7052,0x28c6c06298d514db089934071355e5743bf21d60
0.7003108284217727,0,1,0.294267018,0,1,0,0x3e259daaf74ce516c878c34cb100e00565e9c1417a7aca7b34d5f46147ba2d0e,24547891,0x4801e920fa49e214220d1f00f03f9714b2f7123e,0x28c6c06298d514db089934071355e5743bf21d60
0.7492451410020173,0,0,0.294267018,0,0,0,0x47f18cd9872bfc72fef31bd5916f373f0f0ee2e99c2dc8b649183225670c79ef,24547891,0x168735088c92acfd81ef033f50bc960ef15afed4,0x28c6c06298d514db089934071355e5743bf21d60
5.835162491281936,0,0,0.294267018,0,0,0,0xb9fac444e77089b1209f42a01bea9a0020d0f2fe492848e789723cddcf77f054,24547891,0x37f817a1a2468385259eb8455463687e4ad3909d,0x28c6c06298d514db089934071355e5743bf21d60
16.45991355137063,0,0,0.294267018,0,0,0,0xbfb6b31528077ba1c9d4f8d86ca64fdfab24ee52f73cb9b2315b1884ef4071ad,24547891,0xe91b373212f8ae32925cbcf39ab3a7b0763c27c9,0x28c6c06298d514db089934071355e5743bf21d60
2142.999454331588,0,16,0.294267018,0,1,0,0xc48547e3b84a1733df802b3efaa370efebf5e52722a1588e7180cdd8b00e80bf,24547891,0xeae7380dd4cef6fbd1144f49e4d1e6964258a4f4,0x28c6c06298d514db089934071355e5743bf21d60
1.0001713485362296,0,0,0.294267018,0,0,0,0xd2f0576e63316a71024040b8c63e546e5e37b60c3e8325e3678f003b1505ff24,24547891,0xd972412ac8359968f23912692ac0d304ba2792f4,0x28c6c06298d514db089934071355e5743bf21d60
0.09011836,0,1,1.094267018,0,1,0,0x712258b24ffc60d1e5354789a6fb375850c1392c23de178f10a42cf6d663b73b,24547891,0x28c6c06298d514db089934071355e5743bf21d60,0xe4ac329feb63228c0cf3fb481ef089171c788df9
0.8487686306779819,0,0,0.293232506,0,0,0,0x72bc02797699a7fa261237abb25ad4a0f956689e974aaf1db8b456806466d55e,24547890,0xaee65ed13b1de66e06ae7726775acd782218c2ba,0x28c6c06298d514db089934071355e5743bf21d60
16.08358162087097,0,2,0.293232506,0,1,0,0x5a393c1e1a60e42a7b6d9599ab1bb0bd9cbd847d47afc4dfb32de4c9af19ac49,24547890,0xd0e83490a55e671b3cf39cd027f0f9035ec5a1ef,0x28c6c06298d514db089934071355e5743bf21d60
52.70738447319886,0,7,0.293232506,0,1,0,0x70baa606a7410062964e4f6ae2169b36cb708742ed8f7e75fd60fa18551db672,24547890,0x86a067030a9668c13ff2a8c4d5415afc776d4c63,0x28c6c06298d514db089934071355e5743bf21d60
3.5400320508019067,0,0,0.293232506,0,0,0,0x442df6f8dee65a5b93ae9dc82f3e5f7ac9a0950d4fdf7e8e0431f0b27dca5450,24547890,0x2c56dad68c24e13d6f7b9a73c635d1c3765bda6e,0x28c6c06298d514db089934071355e5743bf21d60
0.789791911493231,0,0,0.290576309,0,0,0,0x54867e570c6224868fa7ff81ca6c398cbc576081cf4a7c876a08cb79855321aa,24547889,0x1268d115f3ed3d7e7db3e969615d9df7f0caac6c,0x28c6c06298d514db089934071355e5743bf21d60
3.92999489324163,0,2,0.290576309,0,1,0,0x8601d29b01cf6a586e989baa3dc3fb061f6a3d54a8d0856b5d0145436ea7099f,24547889,0xef69100ec271594ebdba4153a073e20cc3131886,0x28c6c06298d514db089934071355e5743bf21d60
20.55505,0,1,1.095986973,0,1,0,0x86230c5c002bef1831c42351ab95fb4dddbfd76dcdc608086a1558235d085e68,24547887,0x28c6c06298d514db089934071355e5743bf21d60,0x4745cd44fef98ac9166fb14d94b4bc53e7d75419
0.00985,1,0,1.090670504,0,0,0,0x29750a3f2961132f0ef434fac91b9d75bc02d28a6cf81e84719f5f412c3853a6,24547881,0x28c6c06298d514db089934071355e5743bf21d60,0x2761928c67367eb4d48561112b1910d994403329
12.08534387,1,0,1.094793537,0,0,0,0x75f350f59fecd5db2d86c16eb6e119bbbfb07134d68e85e456bef56f55200f57,24547880,0x28c6c06298d514db089934071355e5743bf21d60,0xade66ff3a67a581f6426caabb80b8996d66ac224
1.0,1,0,1.098622457,0,0,0,0xe2744eb9705f0083ebe60db707520a7409be162be4db2ebdab451d3d96d14db6,24547879,0x28c6c06298d514db089934071355e5743bf21d60,0xe67b376306de3b2f61bdd3c4268d7d11b6830dee
0.0534387,1,0,1.09894806,0,0,0,0x24ea9e11476d4706c330f58819c57b926d64568374902fdd6a5e451b34c10321,24547878,0x28c6c06298d514db089934071355e5743bf21d60,0x007f5e0d1533927f1cf5357ea2e1fa0f218e3985
0.004845,1,0,1.100553107,0,0,0,0x44e0d3ff613fba1d402e71a51f709e9610b6bcf8fdd2589b70536f5869d64769,24547871,0x28c6c06298d514db089934071355e5743bf21d60,0x30aa40c1c4143f018cc67def862d342a2e2cec1d
0.00362837,1,0,1.100854213,0,0,0,0x451b1396e66ee4d9f131fc6241bbd4f764ca75a85dedee0de2e2f96adc45b0bf,24547870,0x28c6c06298d514db089934071355e5743bf21d60,0xc48e2c3400798f3665e0fe6cd2faff51a37e7a57
0.00235,0,9,1.101907403,0,1,0,0xcd6e1dbcf2aa107bdfb2a3abaf22f0a8a87310f3898e6c19c1035a3a476bb898,24547863,0x28c6c06298d514db089934071355e5743bf21d60,0xf804fad4dec8b0622b170bdc2bde03d44cc43f6c
0.0054377,1,0,1.107083779,0,0,0,0x4fa393c82b275cd97a02bd986ad681b305b2b89329c49e1cb83ae6ecc98d3e04,24547861,0x28c6c06298d514db089934071355e5743bf21d60,0x2925a53cfc25531e9d300c63d1d62fb32fd82743
0.00185,1,0,1.095563765,0,0,0,0xfe106e239698c2132ffc78fc28a3338c591b2fc36c1e328310ed1b66eee9ff8f,24547858,0x28c6c06298d514db089934071355e5743bf21d60,0xe6e668c9c08865ebdb115e208dc22f16b3cbf065
1.159993561666616,0,0,0.296072543,0,0,0,0xe84943751be18d605c9e72517f68b299a88680e268bd7a61b018cadd27421591,24547841,0xd8de52295673b55a7f6691aa278689665169366b,0x28c6c06298d514db089934071355e5743bf21d60
4.99985,1,0,1.106956786,0,0,0,0xd4634f00d7efe17c86c0e5388a6886b1077d74976218427e1cc6383684455407,24547836,0x28c6c06298d514db089934071355e5743bf21d60,0x51dbd97fa14f4d78f8afc2e92a692a9e087efb5c
0.0053745,1,0,1.102203142,0,0,0,0x915fb8b061d8b20c8520f4b5e9ad8871e86a1f9cadf4cc31a02d95d826bf6c74,24547834,0x28c6c06298d514db089934071355e5743bf21d60,0x1807b0e8c57b90c41ef68c1976e1b1784db8cf18
0.00488477,1,0,1.102203142,0,0,0,0x316c0932706cae54f620723f0f4aa4637a85fc1c07315412bcd5825f7ebf0972,24547834,0x28c6c06298d514db089934071355e5743bf21d60,0x245d4cdb85e5d363aee78a60d802903d266bb3b0
0.16016038,1,0,1.105880504,0,0,0,0x06bfc524b153359e43fa061d0710dc1bc5d20890845050cd38c37eb40b133c26,24547832,0x28c6c06298d514db089934071355e5743bf21d60,0x58c8e207c8cf07fc88fc9cdafe92f7c53105b53f
0.58699489324163,0,0,0.307077589,0,0,0,0xf17663291c75f8b2d3ac78d1ab14917c799bb5e6043c2336670329a2c113c37d,24547826,0xecb31a210ffc6d28b9579626eaab78f2aafde72b,0x28c6c06298d514db089934071355e5743bf21d60
0.4977363685400385,0,0,0.307077589,0,0,0,0xd5bc01fafcc7e07c0af46e4728ae3571af45b6a28d93330105612ee2e9798340,24547826,0x67dca17a07f4af1493df11616fd2ce2622be2733,0x28c6c06298d514db089934071355e5743bf21d60
1.3257405253122012,0,0,0.307077589,0,0,0,0x6bd19cd1c7f1f97964aeb3d51ff994540ff6fcc9dd60d48586e8d87cfffcbd2a,24547826,0xa9b45e1589ed8dc6ef1e00f3aee70f663909ef49,0x28c6c06298d514db089934071355e5743bf21d60
23.90740372434507,0,8,0.307077589,0,1,0,0xbe2c33253bbdb77616898bc11bab73f53b384334864ef3f0986ac89d3c2828ed,24547826,0x483a910a7479af5bd1333014af97ee5c733a7052,0x28c6c06298d514db089934071355e5743bf21d60
0.5494606377188308,0,0,0.307077589,0,0,0,0x5db5fb1b8dac9910fff6ad7b0c84531a7870aa83549b44bf616b220c8c966774,24547826,0xeca1e89d005fb7592bbb6bdc5cc0bfad3ef441a5,0x28c6c06298d514db089934071355e5743bf21d60
8.134060473198604,0,2,0.307077589,0,1,0,0xc732477df799398fc9be5f0b23bf95438ec5ec6994a55b033f030ab3c86bcebd,24547826,0xc9666ce5be61eb45376a35ed480ba82d264ca58c,0x28c6c06298d514db089934071355e5743bf21d60
0.5799266949356612,0,0,0.307077589,0,0,0,0x66848429d9dd364f501402504091e610ba84b61d075fedcf79c24ac6a6eb9df1,24547826,0xdfc87c9ac1b2681cba8df15ec4a57d5d457ab1ef,0x28c6c06298d514db089934071355e5743bf21d60
2.19449878455165,0,0,0.307077589,0,0,0,0x1d9a2f321b921a352a6a17b4025b2fd33abf7b9cea03d0f11f096407feff0b9a,24547826,0x9818fbb46daf737797804b8da5d37af1add8a66d,0x28c6c06298d514db089934071355e5743bf21d60
0.777693,0,0,0.307077589,0,0,0,0xc37606eff5f402e0c699234c574e8cf812181ae4ef6892fa22fd8f08bc42704b,24547826,0x6b0d7372453dcfe5a9c346781cff3287711ddb82,0x28c6c06298d514db089934071355e5743bf21d60
3.3999837756479216,0,0,0.307077589,0,0,0,0x1cb4a3a461debb8838cb4899dff86459cfed4231927d74ae807928d533bc83f3,24547826,0xc510f8a946eea0653e5502fccbd8d5bda4f9edf2,0x28c6c06298d514db089934071355e5743bf21d60
54.32932300955691,0,1,0.307077589,0,1,0,0x9a41ff530d4029befcb33df01ef26f778df265240f30a54100ed6079fe17af5a,24547826,0xe91b373212f8ae32925cbcf39ab3a7b0763c27c9,0x28c6c06298d514db089934071355e5743bf21d60
0.6591006542482535,0,0,0.307077589,0,0,0,0x97de3cccea16049c9e303e8c99c9804d8be8b4d33fea6c793666dc55d565d59f,24547826,0x7d66dbbe45f017173db4ef082128e81999da8494,0x28c6c06298d514db089934071355e5743bf21d60
1.322268797011575,0,0,0.307077589,0,0,0,0xcba36fe48b8b2812ce333a0dcf77cc8d6964ba40fc70c32ed2133b88ebdfab29,24547826,0x5aa9d100b9b4d8b651b16fba1fca352c411557eb,0x28c6c06298d514db089934071355e5743bf21d60
55.33873519424943,0,8,0.307077589,0,1,0,0x1401a62a48240f6798394ee06fd03f50300938facd14e2383892269a95ace70c,24547826,0x86a067030a9668c13ff2a8c4d5415afc776d4c63,0x28c6c06298d514db089934071355e5743bf21d60
0.8695029969587619,0,0,0.307077589,0,0,0,0xdd014513efdd1eac2f77efbdc49f8886d21316928850d75ff08962bbd5f1643a,24547826,0x54761422c08267833af5d7575fd7b4f11c97b805,0x28c6c06298d514db089934071355e5743bf21d60
46.641100730566414,0,5,0.322260467,0,1,0,0xf99618a0949340270a1dfe243e1fd807f86d4372775be76ac75f3e52f5d69446,24547808,0x06fd4ba7973a0d39a91734bbc35bc2bcaa99e3b0,0x28c6c06298d514db089934071355e5743bf21d60
0.0032466,1,0,1.117564505,0,0,0,0x2d84c4eb3a8af2311cd76d316a6424b553acfdcb3213c2f2b4727dc4f139b8d2,24547804,0x28c6c06298d514db089934071355e5743bf21d60,0xec0795b2597d0d38898bc95dd4a0d2db34441180
0.00338121,0,1,1.095737674,0,1,0,0x329748eff60456d7d96124f301f4c13afd66a3417b6fedc9a6e7e2b04dc2e50f,24547796,0x28c6c06298d514db089934071355e5743bf21d60,0xa615973ed10572752224dd75738e9b5d5d3d3e87
4.99985,1,0,1.108550323,0,0,0,0xc96836e8c9783fd22e9eb961bfc2c60dd05a7203a9607330aca7dee5723d53e9,24547794,0x28c6c06298d514db089934071355e5743bf21d60,0xe9e4fdbc7895a4baaae69de8649b09a9ee130d03
0.14985,1,0,1.102727037,0,0,0,0x1fd8a58295f9da17e0e5fae4bb679829ffb6a49f5d2ba263a4322cd435592a05,24547793,0x28c6c06298d514db089934071355e5743bf21d60,0x828f8429b93118f28701b595576b15438237a53e
0.4906408407800279,0,0,0.299798668,0,0,0,0xd762a52227cc8f4fbf20f04cf61d7e43ae816b3ddc724c6998198f6395008cd0,24547790,0x960cf2c45a0a54f37ee009edf94523fcd3f7666d,0x28c6c06298d514db089934071355e5743bf21d60
0.5927550200737287,0,3,0.299798668,0,1,0,0xfa494d938ec962ce4f58dd072c93e9b77a1479a02d770d3fc8da18a1b059b45d,24547790,0x4baf3c7866922ee42ec2ba6046f270b8dd5432e7,0x28c6c06298d514db089934071355e5743bf21d60
19.99998814405853,0,0,0.299798668,0,0,0,0x90a121b32a28c7020083b1ab087beb060493be89588b1d97cdb7dc58dc1f3d2c,24547790,0x90577fc7460a4c7ea4c82e5250646a1777d535ce,0x28c6c06298d514db089934071355e5743bf21d60
0.59551952,0,0,0.299798668,0,0,0,0xcc958b6ff04a7a1f3451c0e642dea38be365c6cb23f1763953ff68e37a82b2d6,24547790,0x3e4c7d1b29030074d4f5fee8346af76561acc035,0x28c6c06298d514db089934071355e5743bf21d60
18.706191171211,0,7,0.299798668,0,1,0,0xd75b1f715d4c1352f9e592d7e51aa367ce96e10ece2ce6ae09c72720bbac9aa0,24547790,0xd275c77cc1dd410ede0690dd8a9b3af729e4dcc4,0x28c6c06298d514db089934071355e5743bf21d60
0.650286011117315,0,0,0.299798668,0,0,0,0x8f06d3a9ff79d74802170071b2307cd43ec734cb1f32c505df644d043a0d1b85,24547790,0x7f627aacf8497f9719e0e70c86923f608fa8e65f,0x28c6c06298d514db089934071355e5743bf21d60
49.99999324124007,0,1,0.299798668,0,1,0,0x18fbcca27428ef93194b09623baf11e6ec7902be2e522d19045e24f0f693d2d0,24547790,0x19442f436932bfb446bce8ea820bdf0f5a2443e2,0x28c6c06298d514db089934071355e5743bf21d60
1.389990403061404,0,0,0.299798668,0,0,0,0x9e0a9c9029fb6af0015dcabd62da1e0d75eddb8dfdf5a336466134c872c06c19,24547790,0x241920959cf0b055da84b4e11b54f96f482d1428,0x28c6c06298d514db089934071355e5743bf21d60
47.99999326918332,0,3,0.299798668,0,1,0,0xe62c124cbf9103aa06df4158bc347abd25c3179b8c06fd0db3e61bc1367e3185,24547790,0x99f2ad2c1d308a3c087a4cf5f6b202b68cb28be9,0x28c6c06298d514db089934071355e5743bf21d60
3.999994887884278,0,0,0.299798668,0,0,0,0xfb4c5b937519c4ed7e4ad08a7ae3e924ae2ce36730ab441a89c5aa4b97e56b96,24547790,0xed2c245b0080f1ed0b22d1106a18933393460335,0x28c6c06298d514db089934071355e5743bf21d60
4.999983400681158,0,0,0.299798668,0,0,0,0xe4311097efe59b76a58fee2a089be6f342d964637c956e1e88074ab66e567009,24547790,0x70d57ec0d072390e23f2198a720555e5137fe18b,0x28c6c06298d514db089934071355e5743bf21d60
0.803691788982969,0,0,0.299798668,0,0,0,0x6f8e98b7188f9c7c69ec02283618476dd206d8a33286e8b9655289ca758c071a,24547790,0xe7ba0b4003db553fcf4c8e0e591b74ed498ad1e4,0x28c6c06298d514db089934071355e5743bf21d60
3.197070254682771,0,1,0.299798668,0,1,0,0x67bbeddd9c82306847ccc7bf5c41960c183c9917f474912a29fc61c117f45dfb,24547790,0xc4d76f0524ea7466356a1573cad9beccf0c8269d,0x28c6c06298d514db089934071355e5743bf21d60
0.789792088241201,0,0,0.299798668,0,0,0,0xedcaabbeebc98bfc0ac973c9da62fd1e592d3d8fc78b92736fece449abc08d10,24547790,0xd3d0051c5a06e186e93a1d6f09710e04a350e0d3,0x28c6c06298d514db089934071355e5743bf21d60
0.5699821708485912,0,0,0.298044523,0,0,0,0x5e6ec2d5e4662484f9598a1445aa0450feab89297f1a54cb7e3c4404ed0de34b,24547789,0x2ef1d7274257481eac08be4cab5e1eecd213de89,0x28c6c06298d514db089934071355e5743bf21d60
1.999992435812684,0,0,0.298044523,0,0,0,0xb673c3e69793d9c05e8d84864d75ac891abb390d4bcab57ceca2902a36d19740,24547789,0x266d22e9d908ab90b0cb1a647339f3da7b299466,0x28c6c06298d514db089934071355e5743bf21d60
0.789790625841479,0,0,0.298044523,0,0,0,0x08f6d2f25870eab9ada0644fa2d70064ed3acdfd224d03ce58df70983bc29442,24547789,0x9b0326b75036eb21518c0b1c3b2b2e1dd276e438,0x28c6c06298d514db089934071355e5743bf21d60
0.1980516,1,0,1.081188583,0,0,0,0xc49048267fb47d0dc2c180b9178d679f466efcd0987efb4ee046069945ae2862,24547782,0x28c6c06298d514db089934071355e5743bf21d60,0xcb225e849cf85770aa394820c06c36b6f390035c
0.7124395,1,0,1.096313384,0,0,0,0x2f1144986a0e3ecf6d6ec8f1c4cddd80f8c85bcdd4e84e5c6281c0e0655fe965,24547774,0x28c6c06298d514db089934071355e5743bf21d60,0xcf7b7f7f17e3891e1bdf2956282fc39cec1e26cc
0.04354,1,0,1.095092217,0,0,0,0xf0de39e949990256d1ec3496846d163783bbcb2e03d722d91098c52eb60af754,24547769,0x28c6c06298d514db089934071355e5743bf21d60,0x8eb6031ec0b09e0b70e7fc10ce5db5cca7d685be
0.04960148,1,0,1.095013357,0,0,0,0x7e5c6fc20defa5154585fd4147d362c54fc80ecec940af9699a0116d8116f157,24547767,0x28c6c06298d514db089934071355e5743bf21d60,0xad3610965f20c4190bffa00e82cc228e4e618cc7
0.05743637,1,0,1.09344453,0,0,0,0x70b0c5719d520590251ea34abaea3a7edb84e26b151ba7f42a8e976e12c959d1,24547765,0x28c6c06298d514db089934071355e5743bf21d60,0xf477e6c18f2b4d01e4ed58cc779459ce1cc8bf0e
44.99985,1,0,1.082454404,0,0,0,0xa046f1c5691427adbcc4fd6707147b8aa7fd4ce31c7434c7fb0b07729b18ecbc,24547757,0x28c6c06298d514db089934071355e5743bf21d60,0xc8610303f01789be2fcce7939045430115b46aa6
0.00331153,1,0,1.095809195,0,0,0,0x3cdb27963f109e8252ed1dc50706b6e22592a558d998488876ac552d8e2af1cf,24547755,0x28c6c06298d514db089934071355e5743bf21d60,0x5dd52e72d1a613fafcd06d5545b1ea004e068e96
0.10281872,0,1,1.103851307,0,1,0,0xe2c131392c58f70b112cb583158206a800097d97f43e7842b89c7d3b482aa22c,24547753,0x28c6c06298d514db089934071355e5743bf21d60,0x1880e1f0534cb9a0a3f6c96ad751f99be0832f1a
2.7924200786530973,0,6,0.304256367,0,1,0,0xea8c62a09b9a715aaaf4d522050632eabe56340af9b2200e95b1f65497e44078,24547752,0x06fd4ba7973a0d39a91734bbc35bc2bcaa99e3b0,0x28c6c06298d514db089934071355e5743bf21d60
2.79268986,1,0,1.099356472,0,0,0,0x1a9e4528536bc0b7ae2c86de75e7c7e0b428f6df752b731afc5e507c2401dae6,24547750,0x28c6c06298d514db089934071355e5743bf21d60,0x70007e34835cc4818fc486f377dd308f35694dbc
0.00835,1,0,1.096573866,0,0,0,0x31c4d98a371706db1eb5a39287663cdc4d636e40dc1792f23661a03bff2f7ff8,24547749,0x28c6c06298d514db089934071355e5743bf21d60,0x350c96908e5de2cb45d6de3755c3cdbb4451bb98
0.01653316,1,0,1.105088501,0,0,0,0xd1ff6c33701b53405b1ec14e60e43d5a6314611c02186e17ddd15d81a1fb772a,24547745,0x28c6c06298d514db089934071355e5743bf21d60,0x15a4e583809fa88957689c33774e82f6efe4d3c7
0.00985,1,0,1.105637726,0,0,0,0xadde10277e9492dec6ad99ad6aae5910fe5c13cddde31d47c134b5c1a86a4d8e,24547744,0x28c6c06298d514db089934071355e5743bf21d60,0x1a6bfd57d362620a25db3e258cf816dfd6e6090a
0.03295,1,0,1.104689992,0,0,0,0x7be68733782bf7312847641c21904ef2754efda46a84a0d5bc119842e0b0e944,24547742,0x28c6c06298d514db089934071355e5743bf21d60,0x4241ef83ffa559d1f122cab319ef98ab41c86d61
110.0905571991528,0,7,0.306108842,0,1,0,0x1550a792d13f6680a0e41f1df753b7a61af95c70f61c0432b40d025fc16b219e,24547741,0x2d6ffec3acbdaff0f895e70fcc699246a2798102,0x28c6c06298d514db089934071355e5743bf21d60
69.99999290411651,0,5,0.306108842,0,1,0,0x65323b8cc6b4df4fdbe65369b4daeca20b6a8490f6343b568cae0332d07582ce,24547741,0x5b702b24b00a37b61ff9d71d91fed1a629edd1df,0x28c6c06298d514db089934071355e5743bf21d60
309.0299932311476,0,5,0.308912007,0,1,0,0x0f14c501f794e030486a7e45dc03d649c9c0bdf03ce1fc96b22297fccc4b9c6b,24547740,0xed89da9dd83a0d703991ee833969489278b260e7,0x28c6c06298d514db089934071355e5743bf21d60
0.7673,0,0,0.308912007,0,0,0,0x254130e218c07e9746dcd6237309be71f470e4a53eb7bcb90c42629185eb373b,24547740,0xd3e392399c0f1b9ff3a752580ace2dee23edff87,0x28c6c06298d514db089934071355e5743bf21d60
0.789790095121079,0,1,0.308912007,0,1,0,0x4aa5fd8b90c7c378b4508fde91b5e75fcef9c3527fbdd87fb86853bcf51ce406,24547740,0x97ba5d73b83657fa17d957d79c74245d38f79a62,0x28c6c06298d514db089934071355e5743bf21d60
684.9998002154123,0,17,0.308912007,0,1,0,0x501ee0268389f1dd2d2246bd648e51324aa0398fc73f99d4a52b4b0933a2f406,24547740,0xeae7380dd4cef6fbd1144f49e4d1e6964258a4f4,0x28c6c06298d514db089934071355e5743bf21d60
1.2370974711164189,0,0,0.308912007,0,0,0,0x86331577ce6dfb50e824a6dd22d56083d43c22048ad709caef0e0bd62c71a625,24547740,0x8cfd489911f3975df8ab39150efb657851c8a4a5,0x28c6c06298d514db089934071355e5743bf21d60
10.99998813305853,0,1,0.308912007,0,1,0,0x89248340f52286fd74432849f0ae0f69b63c1ff2062cd6f7e66274f3634f9527,24547740,0x2edbb6c902d565802dadac1e7663d64aeede9bdd,0x28c6c06298d514db089934071355e5743bf21d60
0.999996653749048,0,0,0.308912007,0,0,0,0xdac11db277d3b68f700b5280b830a051a39a6fc3cb268ec9b34c5174750b89a4,24547740,0xd3e399d03a6a79cd4af70645ea5841c779d97464,0x28c6c06298d514db089934071355e5743bf21d60
0.519982745653376,0,0,0.309173917,0,0,0,0x84e6f43ba1ffb8fc1131bb91259ddd28b6f666e23002bc2362250dc667eb1983,24547739,0x250ff3f80ce3c4bac793516e82d5acd8dcc2ea39,0x28c6c06298d514db089934071355e5743bf21d60
0.01545948,1,0,1.118998184,0,0,0,0xf2d923b65b6339a1301f2f18ad37027c8c13da65d25f4551a5b31ee21a686406,24547735,0x28c6c06298d514db089934071355e5743bf21d60,0xa3d89e36a2fb6b7a166345ea34f8b2915ca70e2d
0.498274431352212,0,0,0.328991132,0,0,0,0xd18277ad929878678306fb26825db0f3d370a06f2e112a8c3165abf79a23b7c5,24547730,0xaa36e47d4555892a5b4d816410752601548e7098,0x28c6c06298d514db089934071355e5743bf21d60
0.05021491,1,0,1.128467891,0,0,0,0x367691ee6148ae07082c55d45afaadfc7d8e1f9c9f9b9c86774e1d63dd4c87cf,24547728,0x28c6c06298d514db089934071355e5743bf21d60,0xea6914ffa64cd2fcbef6d9d991422a73fc903a47
0.0031226,1,0,1.122519797,0,0,0,0x195553cd9df613dbb5650e6feb58e61f38eb3b000d44da43a8f589c9aaffe071,24547724,0x28c6c06298d514db089934071355e5743bf21d60,0xe61aabd8e782eaf031a1b8125c5dc43e5424399b
0.23524377,1,0,1.122043867,0,0,0,0x45531f788f7f7a1a00617a06e3b7f164e4bb76dfea267f806e6537f948c273ef,24547722,0x28c6c06298d514db089934071355e5743bf21d60,0xbe4bdf16d61cbba549784042bf71d6fa4bf334bc
0.01637264,1,0,1.124090114,0,0,0,0xfe31cdd482656db65100d789ca100c43f0f22e0aa8c9f659118dc4cc9ef1d448,24547721,0x28c6c06298d514db089934071355e5743bf21d60,0x31e0b64b0f05a39a2ba0924396b14cb9de95e0cf
0.595007,1,0,1.12994039,0,0,0,0x40216c93ddaa07df38ee1b2aba097d1fc237f44993c7037c99f675968771b8dd,24547714,0x28c6c06298d514db089934071355e5743bf21d60,0xeac04be8cc9ea7e23a23bc2e72d0d34e14b65fcb
0.01244004,1,0,1.119103273,0,0,0,0xc7ba97477fb74e7f1ec3fae5bf8ed94a193ce2bf9a5bc57f5576181d04fa358e,24547708,0x28c6c06298d514db089934071355e5743bf21d60,0x5e60af0d818a5772ec2a6a7fe67b59f37e5403db
1.1979185229757614,0,0,0.321469692,0,0,0,0x6a5921e3520b196ef60fde7ca8f8fe7e1409c33e5ab268d4b5e410fc9e155fe5,24547706,0xafae792b71fc127a2366aefa282e135e69a0d881,0x28c6c06298d514db089934071355e5743bf21d60
0.849818356031606,0,0,0.321469692,0,0,0,0x6b7d038c39f7c65725c9bed8a73363762e59f85c7265c76ca2e877c6bbc0d97b,24547706,0x8e4cff4d3308edf97d9d727ca323b75ce354c7da,0x28c6c06298d514db089934071355e5743bf21d60
0.66725261,0,0,0.321469692,0,0,0,0xbfb0fc2a9b4bd58a0ad49ab80589c41cb9a20a1c0629f609baf727d925c919a3,24547706,0x5b99109c85ebf87b0ee48096d2b032d637814706,0x28c6c06298d514db089934071355e5743bf21d60
1.226697747156896,0,1,0.323981512,0,1,0,0xe89bb498e15e581981c69a2ab216a6d7c2f25903a68a6f58acd9858392a7a232,24547705,0xdd5b627a3709fd606f15747b7c822dd7241864cb,0x28c6c06298d514db089934071355e5743bf21d60
0.06849158,1,0,1.117400583,0,0,0,0xe8742e830f8ce7f58faa41d33fba578b36db1f57854664b41947a381b1d8f346,24547703,0x28c6c06298d514db089934071355e5743bf21d60,0x8ceba695744d68926beb80df6fc6df1f874dd18d
0.00988087,1,0,1.117400583,0,0,0,0xcdb07d5e4a0c181874260e8c5a0fb82b472b6e019d753486a3dbdbbb934c8ae2,24547703,0x28c6c06298d514db089934071355e5743bf21d60,0xb6aea1fca63648c3f3d6bf536750f9499021ea91
0.01600479,1,0,1.112625657,0,0,0,0x139560b78cd3fd0ddc87a84e96470afc49ef021a7a7c6543ad5a546c8fee5d5a,24547699,0x28c6c06298d514db089934071355e5743bf21d60,0xf8d7d524b59fed3aeae8fdfc034baf5f1a2e378f
0.58485,1,0,1.106483053,0,0,0,0xc5a27bbc18ca2cb67c14c7872cf6cc6d313f22d2945bf76231cb23f06616b239,24547697,0x28c6c06298d514db089934071355e5743bf21d60,0xc13db988aea6788dc68549d9e8e2ccacfce38160
44.99999372434507,0,4,0.32051508,0,1,0,0xda1eebb20cdaeb175b61a157d41b60f6a01d19d6cf5d391f93106ed2df6bcb1e,24547691,0x99f2ad2c1d308a3c087a4cf5f6b202b68cb28be9,0x28c6c06298d514db089934071355e5743bf21d60
0.1157398,1,0,1.126667813,0,0,0,0xb4f2fd280073a56df6b74cd305d875e79cff20a5d3a2acf480feaaff18ec8f76,24547688,0x28c6c06298d514db089934071355e5743bf21d60,0x53765e4b045a6fcd7ff37a71b98789316e1ad59f
0.0077421,1,0,1.1289198,0,0,0,0xe04f8695d8c65997478c9437723286fcf4bf36d30a20c9260b6dfabb1decd8e6,24547685,0x28c6c06298d514db089934071355e5743bf21d60,0x837ccd1e83ec52b18bfcdd96b7892b316ae54177
0.06114871,1,0,1.13083176,0,0,0,0x1eca56949a6cfcdf96b632169dc35f5e50bb4bbb564c15198b0e522a22ee08e6,24547684,0x28c6c06298d514db089934071355e5743bf21d60,0x9d42f57bd8145ff52e64f5964a93fada98987997
0.250605,1,0,1.11650583,0,0,0,0x9935d622d55b5f0306931e671b64269104eaf3263b9f29c3267e31b6267b1c1b,24547681,0x28c6c06298d514db089934071355e5743bf21d60,0x26b501b5fd87b81184211513f624e68606acbf81
0.05000067,1,0,1.11040234,0,0,0,0x133aa1ef543fa826c83a537bfd67717cdfc209701e16a069b68a858767e65300,24547680,0x28c6c06298d514db089934071355e5743bf21d60,0xfd52e9eda26b19482540d044860aeef90f771aec
0.5394099,1,0,1.11040234,0,0,0,0xc61041ca7ee1da9504b347fabbe9be7b1a88109389c40313a0fe1ce04cead035,24547680,0x28c6c06298d514db089934071355e5743bf21d60,0x8366eae506f96a69845f05cb2742297c1e0ce3a6
0.789790808008478,0,0,0.322326307,0,0,0,0x019110044fffea8efbb636147e496a70e082d358512cf3f3e381c53359434511,24547676,0xef3e6ab48daf9d4160acd8f04974578cecbd5cd0,0x28c6c06298d514db089934071355e5743bf21d60
207.4599723330218,0,6,0.322326307,0,1,0,0x0e8b30359d00195b45417e0d6144c69ff2a1817989715ddceb42b0066c409c6d,24547676,0xed89da9dd83a0d703991ee833969489278b260e7,0x28c6c06298d514db089934071355e5743bf21d60
0.499991990145602,0,0,0.322326307,0,0,0,0x1070100120a2ed15bdc1e847c24f9f1ea7b2172f8112df71f5de1179fa59d48d,24547676,0xe2d6214420c99bc5d79011e71512825c70c65d8f,0x28c6c06298d514db089934071355e5743bf21d60
0.965187854724067,0,2,0.322326307,0,1,0,0x14f76b3fa71d25d0c0f4e44b1cbf7543a80110e8cc2e51b555f41463942716df,24547676,0x97ba5d73b83657fa17d957d79c74245d38f79a62,0x28c6c06298d514db089934071355e5743bf21d60
12.780389946861646,0,8,0.322326307,0,1,0,0x1f0365e2dbcc12edcfa4539ff6c7b2e7c890db3919d8f770107b273ed4374cb9,24547676,0xd275c77cc1dd410ede0690dd8a9b3af729e4dcc4,0x28c6c06298d514db089934071355e5743bf21d60
2.0148655249955434,0,0,0.322326307,0,0,0,0x3157fcb9ba3a8acd4903ade3dd1d9e4922ecbf91e264997b9bfca64a2a80764f,24547676,0x4389df5dc989c15474a0358dd4b01f5fcda7466b,0x28c6c06298d514db089934071355e5743bf21d60
0.5610206230323452,0,1,0.322326307,0,1,0,0x391b23bd3817a207248ca4ba7ccc45c8f6defa05bc0b8704b51370bf0e69dd57,24547676,0x7e0c203a27de33ed98f57c7918c93c7de95f4e0e,0x28c6c06298d514db089934071355e5743bf21d60
0.9995684264006982,0,0,0.322326307,0,0,0,0x4c6ae9a15a6ce3acc7ea983f47c34ec3b41cf73155bd84451ce8e17370b51238,24547676,0xac3c4ab9346712a45507211ab45df1b8e0a1fb80,0x28c6c06298d514db089934071355e5743bf21d60
0.883287854849794,0,0,0.322326307,0,0,0,0x4d865e561c81c8216b709d54b07d47c0000edc8018c2fd80e6b931e642cd68d2,24547676,0x343e5ec345d10dcff5fff5154b5a7a3ae815c81e,0x28c6c06298d514db089934071355e5743bf21d60
3.29512997536272,0,0,0.322326307,0,0,0,0x5386109bbe3f8b9936a74d061cc6680ca7cf32e0b60e93809249dbf372f7bc7e,24547676,0xccd600291a84d0b714650c0052a035fdb0effc50,0x28c6c06298d514db089934071355e5743bf21d60
1262.9792323116783,0,0,0.322326307,0,0,0,0x581d38829e55f0f62c39e94711f6527ed88fe6b9b7db301ce275da482bc6db42,24547676,0xbd9f00b37957ada869f802d1d6a0c0c4c4ea54ed,0x28c6c06298d514db089934071355e5743bf21d60
0.789789485972651,0,1,0.322326307,0,1,0,0x788f195dd4e161daf2102de2aa08121d1d4b78cec232b7dbb91dba903bcfe362,24547676,0xa516854c75c6bd02557af68dde302b3c3bfc5478,0x28c6c06298d514db089934071355e5743bf21d60
1.4119654057026665,0,0,0.322326307,0,0,0,0x7a711a29dd0af17510b1fbec6b9bacdec7dd7341edc90859cc236244323db21d,24547676,0xec8fc575eb1ab72e6f06254439e71010cfbbe9d6,0x28c6c06298d514db089934071355e5743bf21d60
0.907376981336791,0,0,0.322326307,0,0,0,0x8044098bad5a88fdc7eabc5a20ce42c386667564f8c2f64cf406df5a51fde50d,24547676,0xfbdbc18435356c81f993df10a6781f5c465dc291,0x28c6c06298d514db089934071355e5743bf21d60
0.5950372751347245,0,0,0.322326307,0,0,0,0x84d55d6b72cfe4d861cd445e91ce048b9d6ae836efe50e71aba8dc4a0ea64c39,24547676,0x2a6f72888c403f10450478068b523f069dc5a08e,0x28c6c06298d514db089934071355e5743bf21d60
9.999995059061956,0,0,0.322326307,0,0,0,0x8a8cf344246f5824e65de2cf07fa59375d2b99498bf0d4e8720b716d96a44d32,24547676,0xe5e0f95c48b73d3a928a07c7496445b04c06085f,0x28c6c06298d514db089934071355e5743bf21d60
0.752327158849724,0,0,0.322326307,0,0,0,0x91891b37c540d6bd8ec180ee5d1e1ac1e5cf1fcc0631526acb7bd23b666f902c,24547676,0xee97880ed277ee311e65c6367e7c8879c1a4fd31,0x28c6c06298d514db089934071355e5743bf21d60
3.99947660240005,0,0,0.322326307,0,0,0,0x9574c404ddcbb4adabe0f88787163957c5166394d13b8821ccbf27784bfd2899,24547676,0x993e3f9fdab394cd755c645a5a83a8deb84c4761,0x28c6c06298d514db089934071355e5743bf21d60
9.817972957950506,0,2,0.322326307,0,1,0,0xb7e7b6f410158f2d494504fe4a1033556d2c9f9cccff296becde4fa01b2841e8,24547676,0x8d005417ccab1f22f39d49c4d58213242e2aa4ba,0x28c6c06298d514db089934071355e5743bf21d60
0.859889938650919,0,0,0.322326307,0,0,0,0xf9f0ba942ca8c126e740b12a60c03f15c8243e0b18b0c4ec06009bfa48aff5d2,24547676,0x1113658ce78797e796cde333cd9a5e06b38d3f45,0x28c6c06298d514db089934071355e5743bf21d60
0.3546279,1,0,1.122326307,0,0,0,0x66df5f87356facba96f12c1b6b06fcecfa8624310f93df9fbe30a3711eb06d80,24547676,0x28c6c06298d514db089934071355e5743bf21d60,0x134e2da14c2006c06bfc251388fc68f7ad15bc5b
0.00465326,1,0,1.125617341,0,0,0,0x72c06f0e0190ac74cc3f0115b7b43962f2885b12e99c27d3e2a864ee6027e322,24547674,0x28c6c06298d514db089934071355e5743bf21d60,0xe86907c2c6a1d59cbde0e2cbae1f0df7fa93fe49
22.09485,1,0,1.121751303,0,0,0,0xa3e7274fc372ca9c7fd1852f5a16a146620b29dee75eb732c67cd40cca74f8bc,24547670,0x28c6c06298d514db089934071355e5743bf21d60,0x083059bcf35e4d458d381f25314404d8a6f787ef
139.0,1,0,1.121751303,0,0,0,0xffe2ee0829caebae64859a7ea0bcf4d335aaf73171350f38d02dcc8a868b633b,24547670,0x28c6c06298d514db089934071355e5743bf21d60,0xe00b3c88672b9113ed5142d7f063fff7c2fc3df1
0.03297042,1,0,1.111149202,0,0,0,0xeb752884b91182d5075d8c4d2b17f8eb4155758469ec504b2715f89769e7e739,24547669,0x28c6c06298d514db089934071355e5743bf21d60,0x3e1251b31430ed90543f1e40c911ef6ac050457c
0.00200677,1,0,1.132509702,0,0,0,0x84924acc29f5f052d8c75d37bdb316bf17a130923be5b61dc63b2d5523e8cade,24547665,0x28c6c06298d514db089934071355e5743bf21d60,0xb2505e83a4b9bf60cab757782ffa481a7d12782b
0.5589535,1,0,1.132509702,0,0,0,0x85bf7277c0a2004e39d00a9bc28802bf5d12e4647e726121bd87661069d324b7,24547665,0x28c6c06298d514db089934071355e5743bf21d60,0x18e33ed7456d261006f3c46a17abc61d6ead3ceb
1.18069108,1,0,1.135453831,0,0,0,0x2a06ca7195b3d825d4af2a82bb0bb126a8be413dafb3b29ddb12f53e2a5c69fb,24547661,0x28c6c06298d514db089934071355e5743bf21d60,0x7b9569d64ebd898efed8ccd3aba2de679892b882
0.11389,1,0,1.136485609,0,0,0,0x4f04c6b219745a8321ba6c368e9df4d205ebd1a196bdc048b255a96a4a044c78,24547654,0x28c6c06298d514db089934071355e5743bf21d60,0xd600fcf1e97903bc6fb3a3687d5fd09d1c0ed3c0
0.02311122,1,0,1.136485609,0,0,0,0x7d314603c23c68537d5df24289b5acbab50594ec2e6f2bbec317125e3014aa9b,24547654,0x28c6c06298d514db089934071355e5743bf21d60,0x0eb21b73d288882394a411b7b53c55334afa2956
0.21813798,1,0,1.128955269,0,0,0,0x1a5e3d2cf7a091ef4ee259bd64b3827f1fb4436136bcb1fbb2ee2cba39618125,24547652,0x28c6c06298d514db089934071355e5743bf21d60,0x1f97e61d69c4f5c6f0cc3085dc26fc6ea474c2f0
1290.9999812249737,0,18,0.333577046,0,1,0,0x1ecbffb4c44b5a01a0e9ef5406d4adf76099971324f2081aa2d6b3d9d11f9aab,24547650,0xeae7380dd4cef6fbd1144f49e4d1e6964258a4f4,0x28c6c06298d514db089934071355e5743bf21d60
0.001881,1,0,1.135976404,0,0,0,0x465d534b99800abc5664eb1e12dfa1be7c519a45e1152ced3fb60965b7cc10b2,24547647,0x28c6c06298d514db089934071355e5743bf21d60,0xb5499a73fd4506bf0e37116e93a7090390ea2b64
0.524608505179258,0,0,0.341035159,0,0,0,0xcc66b9ea7b56fbaa4f88371cef4409a23508dd573b24b3e2eb92ab7116eceb06,24547642,0x723dbc557e73e769623075949b1745a6b4597c1e,0x28c6c06298d514db089934071355e5743bf21d60
2.8365880988504206,0,1,0.341035159,0,1,0,0x5dc3ea4aaf71d32506c490a710779358857ed358b1fadb35fa05e350a1a9e96d,24547642,0x8b8c54a2c4d838b42c8bee9292301f5f903878b1,0x28c6c06298d514db089934071355e5743bf21d60
1.1763987425575169,0,0,0.341035159,0,0,0,0x95b700840680fd3b6d256451d162c3908f65a9fbc77df7aed257e13764dcf657,24547642,0xf4ece79942eaa59a9ee78ef293f22ec558f04534,0x28c6c06298d514db089934071355e5743bf21d60
1.813372025751404,0,0,0.341035159,0,0,0,0xf2552d34b1ba60cbaf2cd3424b8cf56977c453cfd320154b81a83df19b45dc4e,24547642,0xcba554190f18fd4102ee955fc92bd0822ee8ae45,0x28c6c06298d514db089934071355e5743bf21d60
1.275584568297368,0,0,0.341035159,0,0,0,0x7f7c1c0ea03cc04b082ecb27b723dcb1d9cacacdf041ab956fee8d096ae7d999,24547642,0x1d6656484fc89b1a565beb49cef6a84dfb44d2d4,0x28c6c06298d514db089934071355e5743bf21d60
6.466151477636995,0,0,0.341035159,0,0,0,0x1aa644c9dbc3d2a2c7f745e45f2bb51a467cbd3d9659133abe3e2fe02335a9e4,24547642,0x9b287be6aa98ac2e0ff047f50434ffb354673441,0x28c6c06298d514db089934071355e5743bf21d60
1.1216766773525289,0,0,0.341035159,0,0,0,0x5a96f48984c20c12c24c6a5ef7bda2978d958b774c06e8a7d2ec8a3c7a2e1adc,24547642,0x48bd77a5b3a2043d898d42bb760a74e961fd8aee,0x28c6c06298d514db089934071355e5743bf21d60
0.789787967891156,0,0,0.341035159,0,0,0,0xf80273e778805dbb1051f2d507a2c4bf51f1710a1898b0379b20bca132fb5eeb,24547642,0x959c39bf9ece6122278c7d61c7fe8b86b3b4c844,0x28c6c06298d514db089934071355e5743bf21d60
0.68371545,0,0,0.341035159,0,0,0,0x4676b5baee8e454c33a5fff638972e19ffcf5abc17715dd183d1ced0b5eee104,24547642,0x184ecc7801054aa463bdb34f832d66aa2b4bfe80,0x28c6c06298d514db089934071355e5743bf21d60
2.61795,1,0,1.141035159,0,0,0,0x2aff6b45bbc300717dfb44dca8d8a18ed9ccd41e5541504ed709347206e98c34,24547642,0x28c6c06298d514db089934071355e5743bf21d60,0x84263728e072b5de81e58739e8ceb9e617498e5d
0.918385637799301,0,2,0.337946833,0,1,0,0xf3a603d0c77e6d9ef9657f5573aa84eea7fc25555e1b54dcef4664a350889c1a,24547641,0xa516854c75c6bd02557af68dde302b3c3bfc5478,0x28c6c06298d514db089934071355e5743bf21d60
49.99992432281876,0,6,0.337946833,0,1,0,0xaaed9c7c293a7ec0384a6277c150e8b5e7ecb9e56383f3270429fc4829e625e7,24547641,0x5b702b24b00a37b61ff9d71d91fed1a629edd1df,0x28c6c06298d514db089934071355e5743bf21d60
13.311439068138982,0,2,0.337946833,0,1,0,0x51bed40b8d5d52c5f445f150b14e257e32db8a7d86b2ad30eef88898e86bbc00,24547641,0xe6026f60efc3d0e714f1b89c596aa484ffbd25c8,0x28c6c06298d514db089934071355e5743bf21d60
17.58779121087082,0,9,0.337946833,0,1,0,0xb3673082b06109df7a9961d4a98d28d6709512ce796b79b73c4a4dc487683de4,24547641,0xd275c77cc1dd410ede0690dd8a9b3af729e4dcc4,0x28c6c06298d514db089934071355e5743bf21d60
0.859888177919758,0,0,0.337946833,0,0,0,0xb6b00a41815022aa8eb1431eb6efd704ac4976052ea3a754237ba3685a858450,24547641,0x73ed7b5c0670f7c80f20f1e402f920a97fda25f4,0x28c6c06298d514db089934071355e5743bf21d60
4.909995096645845,0,0,0.337946833,0,0,0,0xeb959f1ce231dad0e720f33931f4fc3fe0189a3ae589767841f425627d8bcedf,24547641,0x9f34ae1c35c90cbe62646e0760a25486041f8cf2,0x28c6c06298d514db089934071355e5743bf21d60
1.36490222,0,0,0.341715468,0,0,0,0x6a745228d58ff46b0671f3de883ccb646981bce1a4724b1a02b0813355cf3586,24547640,0xa5e5ffc8d23d712135bdd9e765e18b5e50e59511,0x28c6c06298d514db089934071355e5743bf21d60
0.725950674784377,0,1,0.341715468,0,1,0,0xaf74d523a5960bd08a1d69531847d34de617d430853f429de488d71301abc37d,24547640,0x306cb4212ce9c1c60de0594c4b4408c88d63771b,0x28c6c06298d514db089934071355e5743bf21d60
1.10659758,1,0,1.129897665,0,0,0,0x672f0787180fbc3b48bcb0281d9870763d4dad0dee48caf26036c529b869f587,24547638,0x28c6c06298d514db089934071355e5743bf21d60,0xac42ebe3f3ac1c01571f2e700246ef49e5819b77
0.02852646,1,0,1.129897665,0,0,0,0xbb0c8c073e40b2639fab1ff92dd4b0d1eb1677cc5536db360a44fb561dcd40e1,24547638,0x28c6c06298d514db089934071355e5743bf21d60,0xd33704fc994c27eade5610a9a95d700520c36e07
0.16159618,1,0,1.143132361,0,0,0,0xfb5b0babd40330a7967d78e3de515e572097c7d9f64a9fb2b268f203e2d2676d,24547629,0x28c6c06298d514db089934071355e5743bf21d60,0x8f2b19b5f925bd5ab003b4f163efbed0fb52adc8
0.02485,1,0,1.163508954,0,0,0,0x5d3cf01ee7d2b03fe2a513fef8ea0bbcd9907db25910eaf1e9e08060d9d6cff0,24547625,0x28c6c06298d514db089934071355e5743bf21d60,0x9549620ab8dbea68a5abb04ee4adcaf52fde8dd6
29.87985,1,0,1.163508954,0,0,0,0x40568b2c4b8035a4610e5c3b2bb6977c0d4861c89126d8a979510ee584f64f89,24547625,0x28c6c06298d514db089934071355e5743bf21d60,0xd500a106245e64a10917da25553942ba51265cdd
0.06389757,1,0,1.192858443,0,0,0,0xe2cb186c246c91bf979b45cd95e2b07cbb9a75b882526121cd08ad71dc812e7f,24547613,0x28c6c06298d514db089934071355e5743bf21d60,0x234dd7607310ec622cdab4c6fa165a102f200c06
0.11700857,1,0,1.19619103,0,0,0,0x022ffe393daadccfe976841d1f5ca283fd07b37028d93a6b2a3a90d2d346fe51,24547610,0x28c6c06298d514db089934071355e5743bf21d60,0xb9cdd38120a3603416e01abbc83fea75ef8b4844
0.14444811,1,0,1.198309145,0,0,0,0x554ac0f5fb10acebc9e850178d0342be7ed8522b76c1777f4e93507b902e21fd,24547606,0x28c6c06298d514db089934071355e5743bf21d60,0xd23dd4e20ad974990a39528ca62fe6b0e47a683c
0.04554896,0,1,1.198309145,0,1,0,0xf0200954413bba93d9f98c9a48a5ee111d597e8d041d3bd9142ac6951b8458c9,24547606,0x28c6c06298d514db089934071355e5743bf21d60,0xea6914ffa64cd2fcbef6d9d991422a73fc903a47
3461.999478805949,0,19,0.408033061,0,1,0,0x56e33b3ea5c0b061303e85fb19243861326bca48a68f42bb0691460ef04bff13,24547603,0xeae7380dd4cef6fbd1144f49e4d1e6964258a4f4,0x28c6c06298d514db089934071355e5743bf21d60
0.00337181,0,2,1.211444054,0,1,0,0xd7ab0d3aeec34088b80fcf2ab95cfbbe4d07ca0c2e288a4b889958c851da3faa,24547601,0x28c6c06298d514db089934071355e5743bf21d60,0xa615973ed10572752224dd75738e9b5d5d3d3e87
0.0162336,1,0,1.199586462,0,0,0,0xc16ee898c9b49e2c0c7684012ef60f32363900b174001535f061e5b8cc1ae7a2,24547600,0x28c6c06298d514db089934071355e5743bf21d60,0x2332bf4ba524b273242898dc78eb51f1f53ed446
0.0066432,1,0,1.149119078,0,0,0,0xdfcb3a9533f946abb3a15788ec05bcf68126401a4352f49cb39d35135499c104,24547597,0x28c6c06298d514db089934071355e5743bf21d60,0x5a885c784f4951e3865f6296bbd1a46a3cbb407b
0.5220283583984004,0,0,0.321845711,0,0,0,0x0a87d72d0b57bfbfbbda38dfe97d0810234110950cc1260e5cd3ee9a84df3beb,24547593,0x23c2babd0156907c2d94319202a5e9803e905946,0x28c6c06298d514db089934071355e5743bf21d60
1.127470340789672,0,0,0.321845711,0,0,0,0x14495903f7194b69fae392bc4e9c0038e57ab6d8583f7f432112bd16db0b5722,24547593,0xaf242e8ebd0c84315b29eb3c0c6c20352f17ff3b,0x28c6c06298d514db089934071355e5743bf21d60
0.9033860434154752,0,0,0.321845711,0,0,0,0x2e3cda65d00ab3947f732f9b5f8c0a46d1ca955a9a9fc52011800c84d6a0b6d3,24547593,0xcc3a63818dcd7cd07330af91311b598b7b6dfed9,0x28c6c06298d514db089934071355e5743bf21d60
1.0032063289300457,0,3,0.321845711,0,1,0,0x3cee442e0d8d618e8ee825bfa26efe8c484180b7e8fc2c42cd553c1a59bb473e,24547593,0xd0e83490a55e671b3cf39cd027f0f9035ec5a1ef,0x28c6c06298d514db089934071355e5743bf21d60
371.99967823658267,0,0,0.321845711,0,0,0,0x423490284eaf3a26d484702dabc12b19248ce1def187f6c1cee6bb1c54ff9330,24547593,0x66f791456b82921cbc3f89a98c24ea21784973a1,0x28c6c06298d514db089934071355e5743bf21d60
0.792490722223142,0,0,0.321845711,0,0,0,0x4a2a167086f62c7553ab01313f4f09af8b93097ef02926a03ad6e3d336a5b1c2,24547593,0x038a8730621ac00be48ebbead4cf7e76a93bc79c,0x28c6c06298d514db089934071355e5743bf21d60
0.906688457609392,0,0,0.321845711,0,0,0,0x680baeff379fe2d197c183cfcef775c327c683dde41f1ef8c1451f568ea957cf,24547593,0x906a087ed2b2e40a915e54ef09e94030abafef74,0x28c6c06298d514db089934071355e5743bf21d60
0.894987901755289,0,0,0.321845711,0,0,0,0x6bc28e1ee0fec6bab6009d53d6a7aa1b8f4903396fa8c19254ead6b42a6f609e,24547593,0x9183be98d97ab440b4b4bde330fa10809796054d,0x28c6c06298d514db089934071355e5743bf21d60
0.6167998150427699,0,0,0.321845711,0,0,0,0x7875a8c7bc6ff2492f56477f1f6c21193097e974a9f28185f6725daa37256cb1,24547593,0x53425fff6c0ebb7208cc665f774f5b6fd624ebd6,0x28c6c06298d514db089934071355e5743bf21d60
3.88918230177762,0,2,0.321845711,0,1,0,0x8e0097668b6c7036b3b247e2c5f813a518c2e0bf96a9db2f1358612f192d8890,24547593,0x210f8f6a6539421c5ab7bdc8169fc5ad5731e519,0x28c6c06298d514db089934071355e5743bf21d60
0.57262,0,0,0.321845711,0,0,0,0xad0bc2e8022199778cdbbac0bd515edb513be15ef0fae8a22af366281e43bdac,24547593,0x66d618a98ea9d78ad70dc06b7549369511144805,0x28c6c06298d514db089934071355e5743bf21d60
185.07999497272388,0,2,0.321845711,0,1,0,0xb75ba991df0fffad221645786b46f85f773bf0e4f7d1f88daff706d2e66e8677,24547593,0x19442f436932bfb446bce8ea820bdf0f5a2443e2,0x28c6c06298d514db089934071355e5743bf21d60
161.00493167567436,0,0,0.321845711,0,0,0,0xbf8b6fc32e61e89e85b377461216c32b8b56a0280dfb5ba5977cd3d0cf455564,24547593,0x7d07541c892d7004e6bbda4bc7838d2e69d1b690,0x28c6c06298d514db089934071355e5743bf21d60
7.399974887884278,0,1,0.321845711,0,1,0,0xd1e58ea28bfd8ac08e08a0b6417068102128f50a101d2faa646d7f6e37d9a4a4,24547593,0x1f68053cd925d467852cfecf78bd836f33f0e4a1,0x28c6c06298d514db089934071355e5743bf21d60
1.096650453682529,0,0,0.321845711,0,0,0,0xe02521e675498bccd18aa74dde293f4a19afe8024ef8f4906870be2b3b425562,24547593,0x861d3cd68ac7a6ab5be4881526e6dd88acb2ad9d,0x28c6c06298d514db089934071355e5743bf21d60
0.98940715,0,0,0.321845711,0,0,0,0xf9bdc35b647b68f6fb2c9a85bd915a6eb40385aff4fe380234b893caec6edb30,24547593,0x0491c03b96c6d506b6e70e2e74fb95465f4b60d8,0x28c6c06298d514db089934071355e5743bf21d60
0.5091335525812593,0,0,0.321845711,0,0,0,0xfbed5ac13f89da9c5743efcf21de1fc59f3fc5210613fa1fe6dbcb66a8b67f42,24547593,0x86503cec3498705b2ffa5b39a97bca939bf02c44,0x28c6c06298d514db089934071355e5743bf21d60
0.00706889,1,0,1.121845711,0,0,0,0xd853911c3093cd7e6f2f8292e70d1f3290d93faece9d180ef481b5cc8db5206d,24547593,0x28c6c06298d514db089934071355e5743bf21d60,0xb80c7f356f8d88704a95f1da02e186880b2941df
0.03506643,1,0,1.121845711,0,0,0,0xd4e3117dcdb866403ac8efb08c7f703f20721abc78b2ecd70e787fc951b3e84f,24547593,0x28c6c06298d514db089934071355e5743bf21d60,0x05eecaabf608dc67c3a6332a0ab373cc6a5a3447
0.4969896093668595,0,0,0.315679177,0,0,0,0x95b21859962ea9b36e141cb5ece182be3b42f7712fc8941684c1778713bf4342,24547592,0x7cce9bada4ff040dcbef35099b4e645097bf1375,0x28c6c06298d514db089934071355e5743bf21d60
0.00285,1,0,1.119946375,0,0,0,0xa2951d33d2bb97bf7f327cbebe9c90b420f37138f0eb9ce7a1aa552974110f9a,24547588,0x28c6c06298d514db089934071355e5743bf21d60,0x2814e8c230850975c34d905f48e4d04887a31a87
0.00985,1,0,1.109427103,0,0,0,0xa4416a422123870b389a646b84451caf4d943b51482206d2ef33acfa4b09a6df,24547586,0x28c6c06298d514db089934071355e5743bf21d60,0x2211a1d84f31921999310f1bc97d1c3c3684d403
22.73205,1,0,1.114357186,0,0,0,0x740fe306188bfeb75ab23a08434e185fe36271e3b48a3f0ffae963da5a79658a,24547584,0x28c6c06298d514db089934071355e5743bf21d60,0x007b8eb47956bc6e92f35647132280382d897c46
0.00304458,1,0,1.118643321,0,0,0,0x63ebe09b48b62c05a7db89ced8c673a86b4b2afa8a0dcbc959a6f6e27010017c,24547581,0x28c6c06298d514db089934071355e5743bf21d60,0xdd2d25f8301deda18ebd53757e07aeaceb0ff150
12.39985,0,1,1.118804696,0,1,0,0x9843e1aec2a3fc19a1f606c6c369ef5e7d94bebce8d38e5a5b1ff8c67df87e7c,24547570,0x28c6c06298d514db089934071355e5743bf21d60,0x706d743bad2f76955366610da65c7941d1233736
0.00235,0,10,1.1157213,0,1,0,0x83914012c54fb79ab49d4205ce617663cb73b8791c6cbac5b8f89c541dc36d35,24547568,0x28c6c06298d514db089934071355e5743bf21d60,0xf804fad4dec8b0622b170bdc2bde03d44cc43f6c
0.14306,1,0,1.123631973,0,0,0,0xa4ca88f41a1818e03b04257e74652cd13522371db97e6ab151ae961e7b28d6ef,24547564,0x28c6c06298d514db089934071355e5743bf21d60,0x8dc305fab4a4129e3f70a61ee5333ed97785f734
0.48811573,1,0,1.106626885,0,0,0,0xe8d00cb237dd7132280c7d28a06b3bdc611a3e6efd466f842bfe0e142db4d52b,24547557,0x28c6c06298d514db089934071355e5743bf21d60,0x6ea0fc2798de7a590c49d6df01606cd880633f96
0.00993,1,0,1.117128761,0,0,0,0x582f3971ab7f474e9a234959e8ccc8a0805cca9cefbcdb10b260a05a99c10013,24547554,0x28c6c06298d514db089934071355e5743bf21d60,0xc54ea3b9c9bd1f92a172464d2ba6d0edbcaad497
2.1782694,1,0,1.124359735,0,0,0,0x674297f55989b2a0ca6cd8b53fa0cd5b645ebd0532494b07c6dbff9c0e13c03f,24547550,0x28c6c06298d514db089934071355e5743bf21d60,0xea98b932441cd24f21cc7a633cdb6001208996b5
0.00235,0,11,1.122058828,0,1,0,0x72458540d0ca4ef09d77be8df8f9dfa1d480f933f1909b5f36061d4b52b0074c,24547549,0x28c6c06298d514db089934071355e5743bf21d60,0xf804fad4dec8b0622b170bdc2bde03d44cc43f6c
0.999994872704218,0,0,0.294452624,0,0,0,0x5b00e7719f0e99fd8249233c82b6777a288148cd4e2ca7b89b44f6973e7f2941,24547542,0x3f5fb2fe6344af1faa6e05d613231dc1d27a1e52,0x28c6c06298d514db089934071355e5743bf21d60
0.789790768801226,0,1,0.294452624,0,1,0,0x8bf7fbfaa10d6e1a7eb56e76a121beae095932d01eefd131bbc9bd43501001c2,24547542,0x9b0326b75036eb21518c0b1c3b2b2e1dd276e438,0x28c6c06298d514db089934071355e5743bf21d60
0.4634859,1,0,1.106714237,0,0,0,0x7766fbab06cdfde741e0d11d8ec6d81d1f68d1b406bf39772c3959d5869c5e9d,24547534,0x28c6c06298d514db089934071355e5743bf21d60,0xbaebb26026ad401f0c30759c68025cff7e9ca6e3
58.03055574,0,2,1.108795674,0,1,0,0x465739be3297c4bd32157bb0f3ea146d6634a56d8f6440800cb1411fe66285cc,24547533,0x28c6c06298d514db089934071355e5743bf21d60,0x363baa24c50f39d2a5ffcfc4b7d3866936f60900
0.0536961,1,0,1.111453018,0,0,0,0x64138414d66074039efe7f0f9efafab23f7e379670b7d038894e1bc1c68b8277,24547530,0x28c6c06298d514db089934071355e5743bf21d60,0x9e3c129d5caa38e0448f29862deccc02028fb3c5
0.00235,0,12,1.111453018,0,1,0,0x95084f628d3ea2ec74124604b558b1d34aeb04b70d49c4a6ea5d0678fd478d93,24547530,0x28c6c06298d514db089934071355e5743bf21d60,0xf804fad4dec8b0622b170bdc2bde03d44cc43f6c
0.5883564218485223,0,0,0.298840711,0,0,0,0xc7bbcd3a672ea74527e77ec4687870afde9fb8f7405479d794ee1dd8ce558d08,24547528,0xc371ec7e664c3a67553ed09bc0ac04524d5a4522,0x28c6c06298d514db089934071355e5743bf21d60
0.654093624150348,0,0,0.298840711,0,0,0,0xe29b69952be4aa2ecd6499536dd1891c52d2df5e0f025895ecf7983a09337b02,24547528,0xde95ce42aa6b3e8e57042eddc2d47b2ab547d34a,0x28c6c06298d514db089934071355e5743bf21d60
66.99999488788428,0,5,0.298840711,0,1,0,0x7a27753729fd9db88fe24694ce6fe2497b144175f5c4cbc6943945cd6c57f6dc,24547528,0x99f2ad2c1d308a3c087a4cf5f6b202b68cb28be9,0x28c6c06298d514db089934071355e5743bf21d60
2.341069749293455,0,0,0.298840711,0,0,0,0x9adbdbf19e2c872e87ef0512953cd5b61f95e7d5cf073e508e5102365e9c82c4,24547528,0x3b8bf1a60d3e0f416be1ba804b73cf8e37d8e4c1,0x28c6c06298d514db089934071355e5743bf21d60
1899.999995059062,0,1,0.298840711,0,1,0,0x0133b9ccde6aa6f8b04cc688af217e2310e6fa90e5579dffefe399e62064f2d1,24547528,0x9a7226c3f2c4663af5786bdca118ce1d8d06ba73,0x28c6c06298d514db089934071355e5743bf21d60
0.906688536061234,0,0,0.298840711,0,0,0,0x6e5edf0d8950bab5762715ea0532801bf50fe5d59c95a3a30d6fe1064e65cd4b,24547528,0xf59c407293b8f6c62009611b89f488fd7dd6d8c3,0x28c6c06298d514db089934071355e5743bf21d60
199.99995439907076,0,0,0.298840711,0,0,0,0x761a184af7fb24be939fffcb79c833ed02ad41ef17ccc6f1c204ecc1cffd82ae,24547528,0x670dca7b5b86ff693436e81655f5204e2723e57f,0x28c6c06298d514db089934071355e5743bf21d60
0.789791592876926,0,0,0.298840711,0,0,0,0xc591c2ee476dad352f8dbeee42aed910db4421d6deca71cd1a43dcf9e33cd60b,24547528,0x9810980b4fe2f15c1e3a16b1abbde98be239ff64,0x28c6c06298d514db089934071355e5743bf21d60
0.947983907475988,0,0,0.298840711,0,0,0,0x3a3671c9c2cc3014554b4893c45492c6f06a7b08bb2e774a9621b72474ecf852,24547528,0xf5f297413e8217288f93e8c00be1c5062d78183a,0x28c6c06298d514db089934071355e5743bf21d60
1.754889415353977,0,0,0.298840711,0,0,0,0x330721395ce29825e216bc5d68a2827beac585173b11b038815f3b441a681621,24547528,0x5de0bd50789c980c91e4268cbf987463ed7f0444,0x28c6c06298d514db089934071355e5743bf21d60
0.679316243421552,0,1,0.298840711,0,1,0,0xcba6d49cf2aeae0436d178d86e71227c93fe41552bfa4e9671814016c11f4a4f,24547528,0x4c8f70742db901396da08991ba19e92a841eb306,0x28c6c06298d514db089934071355e5743bf21d60
0.789790382588819,0,0,0.298840711,0,0,0,0xb706ca51f3ca3409c8599d91d029899de27dcbe0f182d91624b7073ef4af5ad0,24547528,0x5e11cfb2c29ea03138aa749b990cf3de68148f6c,0x28c6c06298d514db089934071355e5743bf21d60
422.8366316520401,0,0,0.298840711,0,0,0,0x5bbcabd011518a2cf820d7798c10059032f4d4f062d1f78e3366a5d5d5473d46,24547528,0x8173618ce404c17e79a33d52a245beba9a51ce44,0x28c6c06298d514db089934071355e5743bf21d60
0.5347916142203696,0,0,0.298840711,0,0,0,0xf4186b33e0150775800c9d6cb6ea885a81b2b091718fa92b1ee620bf43a8d095,24547528,0x5a20ba0d4219cb72b4471d2d48f37c612c7dfd7b,0x28c6c06298d514db089934071355e5743bf21d60
1.042734263774848,0,0,0.298840711,0,0,0,0xd3adcca40d0b64648d34f18978ef81b16e83a375c7dadacb86dc8f5c750f65c5,24547528,0xd8fd70beae75f2784087ea7b0de1cb25511e5ceb,0x28c6c06298d514db089934071355e5743bf21d60
1.1356600984674,0,0,0.298840711,0,0,0,0xee23e81bc70fe832af60e1fbd5d6b5d6fd6fa8e298f135ea9f83c886247eb01a,24547528,0xae35a920956070a248b3e677cd7eb90ce6acc2e7,0x28c6c06298d514db089934071355e5743bf21d60
0.488719942554758,0,0,0.298840711,0,0,0,0x5357aa451bf95c4f4493912ecfb516242e640fe7485f8221acfc51c61cecefab,24547528,0x9cacc323760a6e6830c34e2afffa26d22115221e,0x28c6c06298d514db089934071355e5743bf21d60
9.79129264938741,0,10,0.298840711,0,1,0,0xdc68f5dfe5a09d967ef6fd96961e26274442d82564065b75c31d385f0f943abb,24547528,0xd275c77cc1dd410ede0690dd8a9b3af729e4dcc4,0x28c6c06298d514db089934071355e5743bf21d60
0.5236038700339477,0,0,0.298840711,0,0,0,0xb36c2191404d15eee10476663c3fa709e7253ecc147889eae6b522271878ad78,24547528,0xc242625aa2b4bddf7a8c7fa64b2b234f1d95f63a,0x28c6c06298d514db089934071355e5743bf21d60
22.334084653837472,0,9,0.298840711,0,1,0,0x23348e4228ce3582bc73f7f81c4a9970359973fe990ee1642592850b6b167c00,24547528,0x483a910a7479af5bd1333014af97ee5c733a7052,0x28c6c06298d514db089934071355e5743bf21d60
7.760995014092745,0,0,0.298840711,0,0,0,0x3fd8be26b84ee6c24c9d023813c53f6e0eddcf07e222e18cc7a66aada7a4bbc1,24547528,0x436caef540fea333b5cdb9ead134ff8cbf8348f6,0x28c6c06298d514db089934071355e5743bf21d60
0.906689998440586,0,0,0.298840711,0,0,0,0x16fe32be8a26e11cffbcb5c7d48d4920848d9e0ad8d15bb485a6fca451765609,24547528,0x9b1e16f83aaf48a17440cf40af4e08c81b93b341,0x28c6c06298d514db089934071355e5743bf21d60
19.834407705661167,0,0,0.298840711,0,0,0,0x67f9ae30205a012df49e8550c77bdf7fa562de58cca40706e84c815a5053806b,24547528,0x84be82d66eec8b0cfa0183ff32b36588e9cf21a2,0x28c6c06298d514db089934071355e5743bf21d60
0.5982895476750778,0,0,0.298840711,0,0,0,0x189ac1e78a9805f2fec1857fb201327983719bec9dd58f21ea7702cfbfdc3ab3,24547528,0x66866210858a6ff8ac02ae3fbcc294c33bf3c5d4,0x28c6c06298d514db089934071355e5743bf21d60
0.883289531842258,0,0,0.298840711,0,0,0,0x781ac63dfd60a48ae68ee075c34196f607d0fdbf8d11c20851329e01540be057,24547528,0xa30e3ba64baaec86dd213418298a1a27f19af667,0x28c6c06298d514db089934071355e5743bf21d60
3.999994743490021,0,0,0.298840711,0,0,0,0x6185262d05d2cca67fd7a2faec238a1cc9ed5f375a741aa0c692b5b5c2f193c3,24547528,0x88300f086ade781cd27643851ccd1a4cf874044b,0x28c6c06298d514db089934071355e5743bf21d60
0.10245909,1,0,1.101750817,0,0,0,0xf4506a522b1b07836298cfa77db42e32eef7476fa6073b65d0469c1b0fdceb78,24547527,0x28c6c06298d514db089934071355e5743bf21d60,0x0f109026c4c71e5f970f1c6f9438c5a373a3e33a
0.04940335,1,0,1.094181687,0,0,0,0x79d22ceddd15c5a4b08d1e366d4db235f2d7976a1d8d10e9ca04c4a3e38dd790,24547520,0x28c6c06298d514db089934071355e5743bf21d60,0x3b595660734d077ac075dc4a969412a007f96c98
77.99985,0,2,1.094181687,0,1,0,0x7845df4775c3ea9db88b35d2a1304f4a42b9f8158cf0155af80d3411fe33a7c9,24547520,0x28c6c06298d514db089934071355e5743bf21d60,0x706d743bad2f76955366610da65c7941d1233736
0.00370681,1,0,1.084900221,0,0,0,0x3583e512ad8d72ffebdd03dd8177e2392d3f4a7863380101215c0f2d879de189,24547517,0x28c6c06298d514db089934071355e5743bf21d60,0x01eab665bf562df4b8da02871bb0d007e53acf49
1749.99885,1,0,1.091545189,0,0,0,0x605674449719e3968aa5b3f071515a4d193fde04d3c761caa7d703afc8f2aae3,24547516,0x28c6c06298d514db089934071355e5743bf21d60,0x1c68c3de2b02d9ae478d37c7e6c92a53ff01fc66
0.99951753,1,0,1.098070604,0,0,0,0xc401e6c6c3909c9f40c8fe32a733a0c27dfcc9c83a4baf507e1077384a083346,24547513,0x28c6c06298d514db089934071355e5743bf21d60,0x20328c4f3b6d728ec9f40981229b8dd253f6a58c
0.0036095,1,0,1.074514921,0,0,0,0x8dd0cd36f1ebb27b83aa0aebda7d9517960c569ecc674d8aef3904ac8813e18f,24547506,0x28c6c06298d514db089934071355e5743bf21d60,0x64b028568aba0690823eb2297852d8e15aacf943
0.00282162,1,0,1.081543427,0,0,0,0xba10a8eb4eb691c81f8d4b81aec2cb0008bd04835e65a550cbf1e231f4cfbc78,24547505,0x28c6c06298d514db089934071355e5743bf21d60,0x278b089d0f5361c49571adb8bdd231303e63568f
289.43880228791494,0,1,0.276020471,0,1,0,0xd824ced7f4a2f3b8afea7292dd18fdfc3848f70d44fe2019257539619f223aa5,24547502,0xee845948e6806d12e966137caa07d49bbe632fe3,0x28c6c06298d514db089934071355e5743bf21d60
0.02485,1,0,1.087874002,0,0,0,0xaf36cc9bede263f00a942a5895a4735d056223a2312dafc2b7c76a0df7d320e2,24547496,0x28c6c06298d514db089934071355e5743bf21d60,0xef5c9240f40acb4a1e83039234fa132b797716c6
1.618692850696202,0,0,0.288734486,0,0,0,0x070bb482bb8c1d5f04004d652cfe29b4fa5e455a94e62486b9c80efd09e7564e,24547492,0x744f9dd4b18cbac5a5d4fa242ce1c9903912b025,0x28c6c06298d514db089934071355e5743bf21d60
0.906690226089049,0,0,0.288734486,0,0,0,0x1980fd0b7c270893e9b9abe983f41df770a87f352244a461d8978b0b6eb0e249,24547492,0xac4a00a90aae4bad20176e09d981ef6d756461f3,0x28c6c06298d514db089934071355e5743bf21d60
0.85988917714411,0,0,0.288734486,0,0,0,0x45bc73f7ac4528dbbe9dd699133423fabafc3fd6ca5db4b91b643d78add21c81,24547492,0xb5cdafc43186366237b23d643c6ccfd571228a6e,0x28c6c06298d514db089934071355e5743bf21d60
5.851471199891993,0,0,0.288734486,0,0,0,0x4756390bdd26c228bee7c7a8a38bdf66d6170e39ddb99beee7589e2fabe43f90,24547492,0x2dd5b382eccc5d907978a9f4c2884d22d8d27a94,0x28c6c06298d514db089934071355e5743bf21d60
0.906689367109459,0,0,0.288734486,0,0,0,0x9dfc8f6ef373849894d4136c913ad2874ab2dae9cbb097ae3c98be476d574a26,24547492,0xf66307caf2e40e77ca9f258ee3f2ad205d5e25af,0x28c6c06298d514db089934071355e5743bf21d60
1.976516826140558,0,0,0.288734486,0,0,0,0xaf3f1ffc655ff2ccadf9d3a3fd6313abf6536da91e887cd07c64a83293b19f32,24547492,0x0fafb6694fbc3c1726467cd458f4d2f7fb5045d5,0x28c6c06298d514db089934071355e5743bf21d60
0.00485,1,0,1.088734486,0,0,0,0xbf6541522cec4211dce6220274b64ad7155a7f8cd6c38aa621c21ad4e4b29e35,24547492,0x28c6c06298d514db089934071355e5743bf21d60,0x61c0a5668f5289198ca52e3c1fcc6ba3305582ea
0.516709133593639,0,0,0.288183858,0,0,0,0xa22ad0dd15636ee6a028766d83b07d9dc53aa175ebee42405afe004a3a700cfe,24547491,0xbbd78ce2fff17d7f04403bc24ae729f7e8708f34,0x28c6c06298d514db089934071355e5743bf21d60
0.4999837453848227,0,1,0.288183858,0,1,0,0x3ea1db6c8c64eae917f507d55fddc1b0459cd4eb3be5cd7a7029b3cb23561708,24547491,0xd8fd70beae75f2784087ea7b0de1cb25511e5ceb,0x28c6c06298d514db089934071355e5743bf21d60
189.99984680468916,0,20,0.288183858,0,1,0,0x7775df35be977b09e0269239110a559749c9df0a611e7a9615751625ae77858f,24547491,0xeae7380dd4cef6fbd1144f49e4d1e6964258a4f4,0x28c6c06298d514db089934071355e5743bf21d60
0.90668823332095,0,0,0.288183858,0,0,0,0xcbafdc923c136cc7221a86c4119227ddf546a3ed77001d2182cf394888e25df9,24547491,0x86161ff5cea9557597db6d825b4844167ec68c00,0x28c6c06298d514db089934071355e5743bf21d60
0.50289508,0,0,0.288183858,0,0,0,0x5214627949dcecef3e5ae0f368f2f3876b6611c9dfc7d7a15fc185ecda38ea10,24547491,0x5fe6c71e5a9b9058f7ee535652f666e3951e6064,0x28c6c06298d514db089934071355e5743bf21d60
16.12196700422362,0,3,0.288183858,0,1,0,0x4aae49d53656c8049e8bc156c0b453c383e64a1bac7c47339831c5211df567ff,24547491,0xe6026f60efc3d0e714f1b89c596aa484ffbd25c8,0x28c6c06298d514db089934071355e5743bf21d60
1.733990506184613,0,1,0.288183858,0,1,0,0xae7e23ab827e4678700677eef1ece917b09e1890422541d4312de44ce6b14e6a,24547491,0x916449ecf1dc84d9633f656fd4059ed3902078ed,0x28c6c06298d514db089934071355e5743bf21d60
10.958131283117368,0,1,0.288183858,0,1,0,0x4c571cea9fc5ab1e9864445e89808a5999d4c32e9f1fb1f082d73c3dffb84119,24547491,0x560da6830689737a1cf1f242d215c401a36d24ce,0x28c6c06298d514db089934071355e5743bf21d60
0.831692752336444,0,1,0.288183858,0,1,0,0x1867e3a72cd2687fbc6de9d31a0af404d4a55ae166ffc765a7dc0bac6ba60627,24547491,0x7cce9bada4ff040dcbef35099b4e645097bf1375,0x28c6c06298d514db089934071355e5743bf21d60
0.5866385955190654,0,0,0.286911168,0,0,0,0x39339b2a98b05e2145a5334a2decd8bdecf4ce1b1157bef74c4d2e012438c3ea,24547490,0xadef17167f8405a16e3cba69577d594c455c0318,0x28c6c06298d514db089934071355e5743bf21d60
9.999909216302497,0,0,0.286911168,0,0,0,0x3c512bc9dc72dac991ebafc7f3e3e07b7c0c128e2dbd565028685e07287318fb,24547490,0x0e8d02ae96b229f112f37502c2a26d66bdbcff1f,0x28c6c06298d514db089934071355e5743bf21d60
0.00585,1,0,1.086911168,0,0,0,0x99d359ff6970afc694a4b6f95746f80c8a7d05f5d80047f6b0c49051f2caea71,24547490,0x28c6c06298d514db089934071355e5743bf21d60,0xbafa8635502d21b8e77d9eb205e9987f51530885
0.00685,1,0,1.088625074,0,0,0,0xfb354d74ce5def1c4a1d770973517cfa27bbfeedcdde915d6946ddede949de42,24547488,0x28c6c06298d514db089934071355e5743bf21d60,0x2356d74fffba12815e9f4e2e2d444c8c4c3fae56
0.9899589,1,0,1.089356939,0,0,0,0x136b3eaf6c2ec1f9ea356066b3273b3c315490b6c682e74ea2caf3548d158a7b,24547486,0x28c6c06298d514db089934071355e5743bf21d60,0xcf26f76ac2907280572f1f92833c075b8833d0dd
0.0306449,0,1,1.092132988,0,1,0,0x3c513f4e819a857785ad28d9f7892bb322392b514385b728795eac1253c52835,24547485,0x28c6c06298d514db089934071355e5743bf21d60,0xc47c03bc794e77896b1e0e64e2dc712dfa35343e
0.195258,1,0,1.074084082,0,0,0,0xe4fc3567fa0b572587d680eca900a242b5f086794680e5d94c65434228665d5f,24547483,0x28c6c06298d514db089934071355e5743bf21d60,0x5e73c113ab498fe49e00c111a52ec4c9a24e42be
0.09985,1,0,1.079247901,0,0,0,0xde162d54bb9f37d54d1bee3bb5bb866cb10dd6a28fca40850d4c8fdcf96968ca,24547482,0x28c6c06298d514db089934071355e5743bf21d60,0xc2492ac0f02edce6ba79854ad0e1770fc9105364
0.00568757,0,2,1.089054626,0,1,0,0x9eb686f7b390eae71621b7e6ad2a3c9c3f25406c312a4dafc65edad726e3bca6,24547475,0x28c6c06298d514db089934071355e5743bf21d60,0xd10dd420bd6dab14b24b27fd13b13e435272a000
2.97494066,0,1,1.080850722,0,1,0,0xcb9f65e9aec4839b48697eeef8af5c2922bb1efee14a300031c58b77db1d008c,24547471,0x28c6c06298d514db089934071355e5743bf21d60,0xc7acf24fec343ddd1884a136f5d8a32f2f317fdd
0.0493005,1,0,1.087567913,0,0,0,0xcb10d1ee3aedf33a8d88a45f08422bb10335d332e08e58116dc4745c3b2bdd28,24547469,0x28c6c06298d514db089934071355e5743bf21d60,0x06863c989218fbef37c8d53a486044ea2d006679
0.11985,1,0,1.095400399,0,0,0,0x501e7b639e8daba147be1a6a17d9ed11ca1ddaccc0f94c5eb58321155f90a820,24547466,0x28c6c06298d514db089934071355e5743bf21d60,0xab2d35267444a0b449a5624ba484f4526c203d6e
9.33264998,1,0,1.05954251,0,0,0,0x698b6fdf289b0e301df539a90f2ff501027f595287dd73ed818b30309d3910f5,24547455,0x28c6c06298d514db089934071355e5743bf21d60,0x315d2ee4fccda0def532ef4108ff57204f8d9eba
5.99985,1,0,1.05803751,0,0,0,0x045fd4642bef119179e8cc587981b2910965a08c8560aaa52ca4d2aad0ffda6b,24547450,0x28c6c06298d514db089934071355e5743bf21d60,0xf267675062d036374333c033eff396202882cfd0
0.00385,1,0,1.048852617,0,0,0,0xc5abd7e8c4008c88120171c47e4f95fe1c80e8535482d6133a9f7720fc930158,24547445,0x28c6c06298d514db089934071355e5743bf21d60,0xb4542076d7333e898c96a90e9a8acde3c6bc9fc9
4.410192135730718,0,0,0.243434082,0,0,0,0x8d1e67000c087037ff6adafa9045c16da8198e45f15af40b28ddcad52e35067a,24547444,0x53b13551e3c15fcc0638625d79ed6cb7882422b6,0x28c6c06298d514db089934071355e5743bf21d60
2.009983556732844,0,1,0.243434082,0,1,0,0x94cd6fd99b7a083b53a7208e81d30ebc9dbe22d88684fa89c68769f1c021f087,24547444,0xed2c245b0080f1ed0b22d1106a18933393460335,0x28c6c06298d514db089934071355e5743bf21d60
0.892898488298925,0,0,0.243434082,0,0,0,0x232d10333f4c845f8befaac51432390aa0224987df0d486cd23e365d7e3869e7,24547444,0x46af031ebe3276e1bcf15550272cf85618c3c709,0x28c6c06298d514db089934071355e5743bf21d60
7.399974652837473,0,2,0.243434082,0,1,0,0x45df698815a87487bf05f60e66d6b18236070792a663fa7f937d3b889f874958,24547444,0x1f68053cd925d467852cfecf78bd836f33f0e4a1,0x28c6c06298d514db089934071355e5743bf21d60
4.919923917775122,0,0,0.243434082,0,0,0,0xb5bbac036eca7fb646bedd2bf44d9a03c4bcb5c39dfca76a31bcf86d828d93f9,24547444,0x6d70b31733a05345725caa0d7b8d850eb85f23fe,0x28c6c06298d514db089934071355e5743bf21d60
2.999925590302273,0,1,0.243434082,0,1,0,0x3bedd933e71804c966956b62d1fc0f6e0330415255e741b5565d79dc14bd2257,24547444,0x112c5698e6ce9ab30ad4654de9005c2481f3e333,0x28c6c06298d514db089934071355e5743bf21d60
4.999985342583911,0,0,0.243434082,0,0,0,0x47ac2cd1d0754c47b8fe6ce9529d878767034d55e7a767fbfa22edad74b217f9,24547444,0xd1e621c0fcb384b0dc97896ee504df2899ad56d8,0x28c6c06298d514db089934071355e5743bf21d60
37.99999331655533,0,6,0.243434082,0,1,0,0x88973e3d8a403d4c541a07a08831ddaae5fa8a9dfb1084e57151625a31d64722,24547444,0x99f2ad2c1d308a3c087a4cf5f6b202b68cb28be9,0x28c6c06298d514db089934071355e5743bf21d60
36.8399638810731,0,0,0.243434082,0,0,0,0xc5886afe085a1f555b973cc57f67a74780397d2fd9b32963967dd9fb3106cdad,24547444,0x3fac1d656d98880420e51bb2eeec6ed36c228bb8,0x28c6c06298d514db089934071355e5743bf21d60
0.790995156023639,0,0,0.243434082,0,0,0,0x924e4319ae324100eb48b5a18fd290f26ed383d822b9cba22109c59f11747d50,24547444,0xb79368d30e454751f3ce885f65209ffc4341db90,0x28c6c06298d514db089934071355e5743bf21d60
2.8013,1,0,1.047528733,0,0,0,0x20b2679ece6e74937178a35e45fb66ca2422780a0fe9be00dbb989993d185986,24547442,0x28c6c06298d514db089934071355e5743bf21d60,0x5be64f9b9bae683810ea3b924f20a844a8154a5b
18.7736328060679,0,0,0.254352718,0,0,0,0xba66fde798347fd63e3a18aacbb5f1dc691efff1c0381657e6d84b97a3dea605,24547440,0xbf776225bdc36642fafe8b37159bd783d556efc2,0x28c6c06298d514db089934071355e5743bf21d60
26681.12861944,1,0,1.058137258,0,0,0,0x673f1d8a4397d3f8851672dce7374aa6ab91df6c035670e898ecc163618dd426,24547439,0x28c6c06298d514db089934071355e5743bf21d60,0x4976a4a02f38326660d17bf34b431dc6e2eb2327
0.0536623,1,0,1.053630541,0,0,0,0x5c151282767bc0c4fda16c72b7a643087f39cb95aa91a6acbf58e2a40dcc2c96,24547438,0x28c6c06298d514db089934071355e5743bf21d60,0x9cd80d37ace39214c9481108c119ef338d18cd3d
0.00230745,1,0,1.05868683,0,0,0,0x703123195da37a4fd3334563b2b9bb7dfca3ee6e42e957d696c1d1e272896617,24547437,0x28c6c06298d514db089934071355e5743bf21d60,0x932f5417ad136d763ebaccf0e45adfa05499b45d
1.009032383043952,0,0,0.251351082,0,0,0,0x3478f0c5b3bc11c75d159c4d112d4c3e2b4e833503cd2887435bc12f750d8a4b,24547433,0xf4542570cc01cc69bc9281fe699e3aeebb226687,0x28c6c06298d514db089934071355e5743bf21d60
0.68008360581742,0,0,0.251351082,0,0,0,0xafc2bf4a64f26cf6477ec0f9cc0ea888431dda870730c146008cd96fdb86249c,24547433,0x4b29d9a92edbe66d635bdf272d27b0fa7caf4d4a,0x28c6c06298d514db089934071355e5743bf21d60
4.069197986221414,0,0,0.251351082,0,0,0,0xe53a0331a8130045eb23c9919f20ed0dd8b7775f255407be0a73c1651a86a0f8,24547433,0xf9186748aabb07604fc07107cb6e94635286ac9e,0x28c6c06298d514db089934071355e5743bf21d60
46.85246333,0,1,1.059157573,0,1,0,0x275c3cb26a35f68fe5f746dcd5d05c030e872b19780b07914f03b64f14b2bfb1,24547430,0x28c6c06298d514db089934071355e5743bf21d60,0x083059bcf35e4d458d381f25314404d8a6f787ef
0.46835632,1,0,1.056122954,0,0,0,0x659e3057f06f04aff46ea80dc747629acfa2eefa959c0807c90dece79fa160cb,24547429,0x28c6c06298d514db089934071355e5743bf21d60,0xda511e642fd9e70c41b75e09daa9a995175b508f
0.00385,1,0,1.062001199,0,0,0,0x88b9de5d6db914df823c3a627100bb21656f8fd258391ebddda39f782f314b0a,24547425,0x28c6c06298d514db089934071355e5743bf21d60,0x6a36e7e3682ff903a0680da2f8c5f2a34a3d3266
0.05758183,1,0,1.056377793,0,0,0,0x4f989e0f089ce2a0453f0262f1d21603ee1ccc67420832191443ce4461918ac9,24547420,0x28c6c06298d514db089934071355e5743bf21d60,0xce431afd0ae6e3fa71a64db1faad034e8aed0000
0.06057173,1,0,1.054693889,0,0,0,0x7bb53f3d13b6d7319da41b08780f65abf7031bdd8c70854dea57f2b48d050bb4,24547418,0x28c6c06298d514db089934071355e5743bf21d60,0x07a5d273f300cf623bd703e7a2706935f063ed19
0.21573228,0,1,1.054693889,0,1,0,0x7ae342bb3fee73ba6c62a9c4f2e6ade36b76a1e7110af4dbcf0688e39263606a,24547418,0x28c6c06298d514db089934071355e5743bf21d60,0xb8b2447a914250cfe73be410134161ef087b95fb
0.00325,1,0,1.051407462,0,0,0,0x901adbab01d299960201c76194c728292c1927a4aa561097c469869c70933a5a,24547410,0x28c6c06298d514db089934071355e5743bf21d60,0x5afe45685756b6e93faf0dccd662d8aba94c1b46
0.09856973,1,0,1.048406719,0,0,0,0x61db0427c9ed04c59de3c1f8442909846adde75f9fd067632e4d20b63b897d2c,24547409,0x28c6c06298d514db089934071355e5743bf21d60,0x396a3f29b599d9ec910c2ca30b3fe5a2d34bf4a0
3.9998950758559007,0,0,0.252285406,0,0,0,0x8eb3a935321b16ba7715a6c9b8d7d4b22de61e7b33e5f1e8ab3f9eeac95628e8,24547407,0x1c4c069981a7f1d6686d108c199d48ac76d3fe85,0x28c6c06298d514db089934071355e5743bf21d60
0.0047451,1,0,1.055967146,0,0,0,0x96b95feeea74dcc335de4828a62e3713d0f189d478e247d9b3d03f760b197b9b,24547403,0x28c6c06298d514db089934071355e5743bf21d60,0x810cb9f86f73c6ec7c0de6ede402e4d84d9355e8
0.15738363,1,0,1.054101429,0,0,0,0xb41cb8bb28da58f8700b01863059804bab13357587e3dc334a2c12967a6d8e39,24547401,0x28c6c06298d514db089934071355e5743bf21d60,0x5c40dd40afda9d2e5fe8bf7600e8bee36d763c8c
0.02766157,1,0,1.0520619,0,0,0,0x6c3b379b1bef875a653487369439aecebd9709673bdef1e9964a661e20a4424f,24547400,0x28c6c06298d514db089934071355e5743bf21d60,0x20b2496689b6193b79a06c96fd2705680ecbddc9
0.59985,1,0,1.058191121,0,0,0,0xecd3884973f303de6e573d525caa536a4df7a20711d25b87c2f8515ca453dd0c,24547397,0x28c6c06298d514db089934071355e5743bf21d60,0xc0b0f1e18ee4989a9ef473dd0ef9e7f1949a5304
2.599971707424853,0,0,0.24862494,0,0,0,0xfb63020eab2d2a7c8170d57ab813d7ac919bb8b95f6d34c9686bd4f6ea7b07dc,24547394,0xb443b78d713a45b80a934e674069a04c1db43824,0x28c6c06298d514db089934071355e5743bf21d60
43.9997431146659,0,7,0.256020979,0,1,0,0x12faf5525a3ed73cf20526381abc6736d74a31d1e8d2a21eb4aef7841c4d7ba7,24547392,0x06fd4ba7973a0d39a91734bbc35bc2bcaa99e3b0,0x28c6c06298d514db089934071355e5743bf21d60
0.00883053,1,0,1.057392779,0,0,0,0x19754412c9444ba92dd6d9cfe8e8eefe439b9214156bb3f99d3584863674bf70,24547389,0x28c6c06298d514db089934071355e5743bf21d60,0xdf6ee125cc13897a59c758373f89d7d3b0922527
0.24436674,1,0,1.059906569,0,0,0,0xf3f786d739df9e58127f1df048aaaeca72d5708ddeae26f5572ade854f0ed147,24547385,0x28c6c06298d514db089934071355e5743bf21d60,0x41e304cc8044d966f8e8fb4a6b2ebd01ca36760a
0.02435,1,0,1.059427617,0,0,0,0x025cce29c2215b04ba6a97125abc7e0cacd138df45154988684ffec2816adabf,24547384,0x28c6c06298d514db089934071355e5743bf21d60,0x87c00ad66dae1afda0c616411a11e95d084584f0
0.983186450608673,0,1,0.259855462,0,1,0,0xc585e52d396382b122876a57ec2763a3a418e7fe9298fde9e511ad5501d8b152,24547382,0xbc8c7f2dc7effeb8a25b8aa498749a53069d7793,0x28c6c06298d514db089934071355e5743bf21d60
1.125917086430162,0,0,0.259855462,0,0,0,0xb56d3662e20288d162a5343ed0349726cee02c57573b5933077e52a5cb68d852,24547382,0x6041f17a38578b45dccaec3981a0f1218052cf43,0x28c6c06298d514db089934071355e5743bf21d60
0.4934016894667088,0,0,0.254626787,0,0,0,0x00e76de75b0a2dd51f72c88662e8f691af05c5f95342f33d60bc94435d0577bd,24547378,0x0b9186deeebae894aea167a0854c02d5b6bca9bb,0x28c6c06298d514db089934071355e5743bf21d60
7.399994711685038,0,3,0.254626787,0,1,0,0x17e7d644a2c076dfb24dabb9332399d286749b61abe69e47248079418c8b871f,24547378,0x1f68053cd925d467852cfecf78bd836f33f0e4a1,0x28c6c06298d514db089934071355e5743bf21d60
3.4999042079145672,0,0,0.254626787,0,0,0,0x1847902291c897ba527bf651c60bbe1fe4abadeee6d61f88d6ca61423e233107,24547378,0xce387b6e1240c453d9093063b7b76e5a0c0b048b,0x28c6c06298d514db089934071355e5743bf21d60
1.999964710821596,0,0,0.254626787,0,0,0,0x1bc28a4eb4db9a8f1acff055157652ef3c1086e794207c4463821e2bf80a3c40,24547378,0xd30c56654980adfc0c6f6df3f463185982f69187,0x28c6c06298d514db089934071355e5743bf21d60
0.5665944793515697,0,0,0.254626787,0,0,0,0x3622e8bc94e69e78a41cf7aa17c0d04cba726e4c46281be8ee11f5ec7727bcad,24547378,0x68894a0e22a6565178cb28728ad30de1aa9a107d,0x28c6c06298d514db089934071355e5743bf21d60
4.999817134906397,0,0,0.254626787,0,0,0,0x3ab1f7ec40028f26478c7094c2dbd9125bdda26bb10f31321a7a257a0034f991,24547378,0x23ed10708b0185bdb5d8de01182224956eeecae1,0x28c6c06298d514db089934071355e5743bf21d60
2.269563191288899,0,0,0.254626787,0,0,0,0x43145bbff672657ef6659de912e13837238c49a9f234250c9f4fbc3e8b9bac8f,24547378,0x4aa4b304f0048f88ab497c355c72cec9fe5008c8,0x28c6c06298d514db089934071355e5743bf21d60
0.570795007306769,0,0,0.254626787,0,0,0,0x46566b2684eb9bb97aa5233ba6d808713582bb3dd6715dae87f1d486b3eb23ee,24547378,0xbfbbc21dd337d8e74667373752e1dc5370d7e412,0x28c6c06298d514db089934071355e5743bf21d60
1.6080548061938884,0,0,0.254626787,0,0,0,0x6d8ad49253b71f052475bcf4c298e3ff6f81512a4bf74e8c7a2973073644605b,24547378,0x67e2b93dfee00b8b731e9e07c30e069c2be5ff79,0x28c6c06298d514db089934071355e5743bf21d60
1.3032117576576103,0,0,0.254626787,0,0,0,0x7c54b88e8b0ecc0c898470ba12367b2caff669ffe7e508f8a6815bb2efd52d64,24547378,0x8f0bec4411e41b774ca38a7ce2647eeaf8a783c0,0x28c6c06298d514db089934071355e5743bf21d60
21.892244466837425,0,10,0.254626787,0,1,0,0x8523566afd5f80c2076871e205b2456abd87c4a7079dc8b52e1e6623d21526c6,24547378,0x483a910a7479af5bd1333014af97ee5c733a7052,0x28c6c06298d514db089934071355e5743bf21d60
138.99998511507124,0,21,0.254626787,0,1,0,0x98d8537f70581d873ca820b1d80f23b28c7901ec46b40781f103c677db9de689,24547378,0xeae7380dd4cef6fbd1144f49e4d1e6964258a4f4,0x28c6c06298d514db089934071355e5743bf21d60
0.847894473635471,0,1,0.254626787,0,1,0,0x9d2e4bb3e4aa6774acfdae93a101c500272dd5dfdbaa9f1be2f0f0adc4f812ba,24547378,0xbbd78ce2fff17d7f04403bc24ae729f7e8708f34,0x28c6c06298d514db089934071355e5743bf21d60
1.2602458467328117,0,0,0.254626787,0,0,0,0xaf4ac4c25c95c2e3c1dfd53f5cd1e7a6c3c1079c68f4216a4c26e767b5870c68,24547378,0x5870b1e179b12fa613893cc89d4b0d414868c606,0x28c6c06298d514db089934071355e5743bf21d60
0.667886,0,0,0.254626787,0,0,0,0xc521de23804479ab1d121eef69e6995d90a683d4cd2b9f4c2a2da2ac54cba1b0,24547378,0x87e644e4835ef485657aba6d4e1414212a93724f,0x28c6c06298d514db089934071355e5743bf21d60
0.6771364126000423,0,0,0.254626787,0,0,0,0x396b4b0d91a250cd0ff449844d294965c85235d79a18a8c4c522fdc6cf0beb01,24547378,0x235c8faf3c6fa6d171aa74af431f59341d4edf50,0x28c6c06298d514db089934071355e5743bf21d60
0.5530901711281838,0,0,0.254626787,0,0,0,0xecb7c7ad464b25f8a6fbbea8ea7179b367b1809212178f7a89bef869076c702a,24547378,0x5e3ce0fb276e0eb541b59f5579781946b19d4c77,0x28c6c06298d514db089934071355e5743bf21d60
0.00695,1,0,1.053421106,0,0,0,0x0b035ef4708cddf5a7dfd902e01d19c17d91dffa49e5579f9875fca9b32b0e2e,24547377,0x28c6c06298d514db089934071355e5743bf21d60,0xdfaf6020874a1a4c6c52fa093d8f3f990398ca69
1.52117317,1,0,1.055111622,0,0,0,0x63b4fd5019ae179004103091d7f63c89b53bd848b53e63e9fa40b83e9f39e480,24547376,0x28c6c06298d514db089934071355e5743bf21d60,0xb8c2bf6f8a08fa53575db5bbdad4fed20bc988d1
0.013972,1,0,1.056762984,0,0,0,0x1373343b339fc0fa44a29be7b3516d7bf1ce6723eb64b7070ec990de65cc43c1,24547374,0x28c6c06298d514db089934071355e5743bf21d60,0xb2ab915891c06218c76901bd5b1bc6c07344bdb5
784.4042758424853,0,0,0.260881535,0,0,0,0xf61dad0020544543b18eef0f9ac69024410e2267a95cfb6a198fed32169cd0b7,24547369,0xcde5d48fca07f9c52300d2e65632dd71ed169b90,0x28c6c06298d514db089934071355e5743bf21d60
0.07709905,1,0,1.060881535,0,0,0,0x2138c6c89a873f0360fc12bef77cfc81225a8e9db5ad49de0bf1596fff8e6b24,24547369,0x28c6c06298d514db089934071355e5743bf21d60,0x1313530e93d162c2d8487f0887313dab15304d16
0.09835,0,1,1.062865219,0,1,0,0xe1a50081be507f4bb38c1692887ca3d9e635a06bc0139c9af80659215eda83dc,24547366,0x28c6c06298d514db089934071355e5743bf21d60,0xf29ab517c92d95efe102ff60a9644c55c5289e3b
0.0182316,1,0,1.055696546,0,0,0,0xf66544d94b15b924dfe13f1cecef5e79416070472c515c019a8a5640d8945943,24547359,0x28c6c06298d514db089934071355e5743bf21d60,0x5f70e07d60523fbba6f03b48f4fa13b07b8f55e9
0.313709,1,0,1.06037898,0,0,0,0xc22b20f2d86ad21647c9d90fe4fb60456263690462328c9e54115d1a7ccbcd6f,24547355,0x28c6c06298d514db089934071355e5743bf21d60,0xe212329bb81e205d71e3906cb90ebd6bb43d11b1
20.999931434843376,0,1,0.261304722,0,1,0,0x8b10ecf04afc5f46bbec12777b1cb4a5f6ecc9b63d7672df0588cc3d4b8416cb,24547353,0x5c8b31cc91b84cb554826ada05c9bda77f9e186c,0x28c6c06298d514db089934071355e5743bf21d60
0.0032466,1,0,1.062132338,0,0,0,0xa662f5ccd1f017379211339ed0c00657894dcfee86a0ead78e5f7dbdb93f7692,24547346,0x28c6c06298d514db089934071355e5743bf21d60,0x9df1ec21da1d27189eaab5276af977dde76608ed
0.737764804150348,0,0,0.255747922,0,0,0,0x61d569e3cb3cbb7edd28fe26f87ec61e3142da2d1e0f9d6b6c6f1b2ec313561f,24547342,0xc7c2bcfb3a90acbf07da635254660e2fb26f5910,0x28c6c06298d514db089934071355e5743bf21d60
0.99999374384023,0,0,0.255747922,0,0,0,0x89b9887a101db213308ce5df215b3cdc8cde5447cacb5f71756f120886af23ec,24547342,0x21d334b7553aa30af3169160748030680159c3ee,0x28c6c06298d514db089934071355e5743bf21d60
19.99996699126527,0,0,0.255747922,0,0,0,0x95a023ee29c418dee8ce0a39c9cd166c8614ba41709f55cab8f994f83aa6bb45,24547342,0x53172ca443529b23df4373e42d510b79669892e1,0x28c6c06298d514db089934071355e5743bf21d60
0.7677932875834642,0,0,0.255747922,0,0,0,0xc0a5ff7efd23161b03a63f3fd085c4ffcd097ea00223d89822b1806509825dcd,24547342,0xb633725ff264c21912642b9c972f2360f6c340f8,0x28c6c06298d514db089934071355e5743bf21d60
5.017493623921746,0,0,0.255747922,0,0,0,0xe24fdd99d935652eda787e29ed2c6d0b676a0cc5fa51efaf9b0affcd40c4837d,24547342,0x4fd24402ad183bff09d6e6cbae58428c11c58b60,0x28c6c06298d514db089934071355e5743bf21d60
8.474093755764704,0,11,0.25848678,0,1,0,0x1a7885db9fa3ff5ac3d039d575838d12bebadd0e71be66617ab959e65f160b03,24547341,0xd275c77cc1dd410ede0690dd8a9b3af729e4dcc4,0x28c6c06298d514db089934071355e5743bf21d60
0.4999753747314966,0,0,0.25848678,0,0,0,0x2f34758f381e85864bcb0652a160194195860cce721a5bc6fc7efcbe8450cc5b,24547341,0xbd13d873213ff645cf8c3a13e77a51f25cbf159b,0x28c6c06298d514db089934071355e5743bf21d60
0.4942547811220414,0,1,0.25848678,0,1,0,0x6090deb4d036b0c48fe88d84f20c6f00178016e455090e0bb261c0cfb36b3d08,24547341,0xdfa8dfbf6e42f93c268189ef1665b075840ad05d,0x28c6c06298d514db089934071355e5743bf21d60
3.449901268067099,0,0,0.25848678,0,0,0,0xd5cec68fda6177e3870ddb6760661057bd27f39b9e894719f48f2cd0a8f95129,24547341,0xce685106054a0006055f7aea4cb890ffd41ba935,0x28c6c06298d514db089934071355e5743bf21d60
3.445636256284146,0,3,0.25848678,0,1,0,0xf9042974b0253dd36686ca90d7e696339d672ed764ca2ca9fbe9ffa84482ae59,24547341,0x210f8f6a6539421c5ab7bdc8169fc5ad5731e519,0x28c6c06298d514db089934071355e5743bf21d60
0.02830748,0,1,1.052293116,0,1,0,0xc5b4e1025e5343447cc2500e77f8e2d2e4b9f2898c6688f27e08f305485b7b81,24547340,0x28c6c06298d514db089934071355e5743bf21d60,0x20b2496689b6193b79a06c96fd2705680ecbddc9
0.01133918,0,1,1.055524638,0,1,0,0xceac23c83405521797b239e20143867451613dea4986b7c1cdb3d4c19e8ddcd1,24547338,0x28c6c06298d514db089934071355e5743bf21d60,0xca80a814392c4ce3aa4f47222d4d552b004b6948
11.05,0,1,1.040723317,0,1,0,0x6fcb4c445cecdc1093f27c9f6cf476dd71af3414a03f9525bf33b37f1ef507e9,24547332,0x28c6c06298d514db089934071355e5743bf21d60,0x7ecad83c191d09ee764cc6d7e1580a102445f6d0
0.00185,1,0,1.045369676,0,0,0,0x6da463585b315111937fe57dee13114e327b4bf5b131a09dfad657738f3e910f,24547319,0x28c6c06298d514db089934071355e5743bf21d60,0xf989012afc1e8f95edadcb2d315ba6985bf68d89
0.26035,1,0,1.04307533,0,0,0,0x5e95442398e14f82a84a13fd9e7261f428acf071d75aa344c6f7dddc336c0cf3,24547317,0x28c6c06298d514db089934071355e5743bf21d60,0xcd79555e68df5860f3640aec426984acfbaebca7
0.31769512,1,0,1.039770919,0,0,0,0x94d9472ed7d86d314a58188fc3f5ac11e4eff245f3f8dba8f534c0d04758e0de,24547314,0x28c6c06298d514db089934071355e5743bf21d60,0x15ef76384ecfeaf5b9bc7aa4edeeef5e3e1a152e
0.23905461,1,0,1.043648848,0,0,0,0x799412983d8abcedbfc4d20020918f079023075877cdc8116048a6dde49bc2e1,24547310,0x28c6c06298d514db089934071355e5743bf21d60,0xdf67d8f9d4ea0e7fc8ebe3e8d1b05bb4370091a7
0.49206872,1,0,1.044102541,0,0,0,0x00ef5701106335af4f0ff2d6f171e3845c99eaedb75cfa2de7ad2b92e9f90bb2,24547309,0x28c6c06298d514db089934071355e5743bf21d60,0x52fc3ca9460dbf071dd0ba880f440c4e831a57ae
0.088015,0,1,1.046160976,0,1,0,0x3907360157acdf44e3f1064932f58b91913679f84d7f9a1d13971504569b223b,24547307,0x28c6c06298d514db089934071355e5743bf21d60,0x7f94e1123010485052318d618bbf7a00873bef25
0.09780054,1,0,1.047336824,0,0,0,0xb552d917710f924fc85a4660ca3dcf0b87adae66f258cd67d48114052437952b,24547302,0x28c6c06298d514db089934071355e5743bf21d60,0x0f876a28fab948c858424a0206c8beda7bd94a4d
0.00714361,1,0,1.052611655,0,0,0,0x13be2036ae10057955bf39d1dc6ec1bd98c21a5fd69029f29e15aae4580125af,24547296,0x28c6c06298d514db089934071355e5743bf21d60,0x0e534b7f4be8f8aca0cc23962de2a39ca47e7968
7.399922703322924,0,4,0.251824522,0,1,0,0x4996eb79694812f7fc66c5f73a0344405ca872064ed9f58724a22c78e157c750,24547293,0x1f68053cd925d467852cfecf78bd836f33f0e4a1,0x28c6c06298d514db089934071355e5743bf21d60
0.768594859699131,0,0,0.251824522,0,0,0,0xeb95527ee01ad6c9e4fa976fdfd6cc8d8905aa4b18cdf4d5e0c618cdb915b11c,24547293,0xee8b9363283ff553cf482c4e5e9136722064f518,0x28c6c06298d514db089934071355e5743bf21d60
0.0127485,1,0,1.051824522,0,0,0,0x4afa7079bf7ba2378181f176523573c1c9240fecdf376fd0a990aa1ff5444670,24547293,0x28c6c06298d514db089934071355e5743bf21d60,0x57fbfbf0c0a0a541202a826b8fde7d6bc3a1cb33
1.0215201350587904,0,0,0.250309999,0,0,0,0x1baac23f1f57adc2c09f6b0831ff6b2decc5914d119bcf69fd98258b1d1ab232,24547292,0x92cecb6b57d46ba945d2095dbfea22a28079c8dd,0x28c6c06298d514db089934071355e5743bf21d60
548.9195148135232,0,0,0.250309999,0,0,0,0x42e19a4cbaea057301d6b4d0579510026dbd28b240cb3f5c5b80f0ed4f8c1bc5,24547292,0x32d03f46ba2857c8e6a920ab3fed1f24d35d85d1,0x28c6c06298d514db089934071355e5743bf21d60
0.79688825052037,0,0,0.250309999,0,0,0,0x82a733a588fe061f63d8f58a6bc3678b2b7acaec08c1915cdcb5b997caaba0d1,24547292,0xa1fd40bf1e35e5e47c5a1ebac293c5e79c676583,0x28c6c06298d514db089934071355e5743bf21d60
0.698511911380603,0,0,0.250309999,0,0,0,0x96060b43749e15c95a278fcc38ec7f202bed07b572edc1b4bb0a78b27f788c0d,24547292,0x4194720e5753f343aa7ed7a493740884a3a2ef95,0x28c6c06298d514db089934071355e5743bf21d60
3.299993521384564,0,1,0.250309999,0,1,0,0x9aed58d0327be6126c73e77e29080b9baf59ad5d5289eb3d541554daced65c87,24547292,0xec8fc575eb1ab72e6f06254439e71010cfbbe9d6,0x28c6c06298d514db089934071355e5743bf21d60
3.999994877376592,0,1,0.250309999,0,1,0,0xc7b867e7f6d963306d318e379a3b8a3f39be0d8e79fcd437f20dba53199824e2,24547292,0x88300f086ade781cd27643851ccd1a4cf874044b,0x28c6c06298d514db089934071355e5743bf21d60
1.3999877617106815,0,0,0.250309999,0,0,0,0xe487ca6301eeb0738cf86b080242daf2cea7b7f4063952c7d9be172778c3f4c3,24547292,0x386920b01e6a8c456291391e4d20a2a7f730d517,0x28c6c06298d514db089934071355e5743bf21d60
0.9835879967203764,0,0,0.251560849,0,0,0,0x3ec76987215479f9e8d7716697f37fce5aefc2f8b359f29ed67ec4bf47b1581e,24547291,0x1ef8024248c9972d3e1a3432c5638e216681592a,0x28c6c06298d514db089934071355e5743bf21d60
0.12367513,1,0,1.052521477,0,0,0,0x45b5f5511c75ed9c7014c5101ce615d2a5ad47d3b93f8d51c986af4fe548ac96,24547281,0x28c6c06298d514db089934071355e5743bf21d60,0x52348c4b20f399863f314f5cadf2fb5ba19008f7
0.59246925,1,0,1.050884697,0,0,0,0xde69fcaff46b8c69bfebb1881d6be13dc298efb71f484fd914efaa9c5a18457a,24547280,0x28c6c06298d514db089934071355e5743bf21d60,0x0af2d16f44028210f02369db6a18f5c600fc8500
1.1260107,1,0,1.051243454,0,0,0,0x080ece837124e0a72ea8279759dac63b4d6564ad9a598c2e7de6a2f8ad2a65db,24547275,0x28c6c06298d514db089934071355e5743bf21d60,0x842569ea507cc3ac56809682e307dd4f4283af31
0.08616792,1,0,1.04614637,0,0,0,0x94d00d2cbc6f627d1e138c0c8d44ef82700fa25ca674cdff6e1a9131d9d6d242,24547274,0x28c6c06298d514db089934071355e5743bf21d60,0xdaf270b28e2055555fd6d99879914d28816b8916
45.50785848,0,2,1.050244602,0,1,0,0x76a6ac0cd31cfb0abe4e26d0b92e1caf30a63c500d936bad7fbef9c3aeb0ea22,24547269,0x28c6c06298d514db089934071355e5743bf21d60,0x083059bcf35e4d458d381f25314404d8a6f787ef
0.09279043,1,0,1.050588031,0,0,0,0x87dcc41ee82835c04756cc3bdf46a643bd95ce92a74ce694a2939de960a617c2,24547267,0x28c6c06298d514db089934071355e5743bf21d60,0xa53e72eed7daf63f920e510b3d43339f5433413a
0.27969404,1,0,1.052069796,0,0,0,0x190c2e973c65879b72389a6b4ebddd06db478666652fec664e385e70e739681c,24547259,0x28c6c06298d514db089934071355e5743bf21d60,0x5fbb1baecbcd0d5096243c419e710b693dd870a4
15.9832917,1,0,1.047623945,0,0,0,0xe564750ad9ecd7adec2765f82591ce12d648d91ad7fa82c4d6d22da67ad5a366,24547256,0x28c6c06298d514db089934071355e5743bf21d60,0x1d20f1ef5c5c48c4360484a845fc79dd3dd789e3
0.31857088,1,0,1.048001627,0,0,0,0xcd10dfcd5bfb77d477b27ed62aec77477039da11c29efccd79d67b9cdf5a6aec,24547255,0x28c6c06298d514db089934071355e5743bf21d60,0x7b4f4d0bf65806f3104b20659ab30749a90191bc
0.14985,1,0,1.041261656,0,0,0,0x20330f79c948090246f5c33d0e42d6138a7106bfd00d530da23f9156de860f7d,24547245,0x28c6c06298d514db089934071355e5743bf21d60,0x73a58d46c5412462c57aec358effc127adc6b7f1
0.01985,1,0,1.039586454,0,0,0,0xd006f36771e11e8863694d408ac21710f499e5c2c00d3edb72bdda6075bee09b,24547244,0x28c6c06298d514db089934071355e5743bf21d60,0xd16ec7dbd104d43b99570c3a1a121fd53ddebe57
0.499994879087987,0,0,0.239972759,0,0,0,0xc08c3100b47dc0dc75b66fb314d01b283805000c6b3f4f79912d9e6ee7e7ae9a,24547243,0xb9a8a41b629968b148f19af3961dc3821b89d028,0x28c6c06298d514db089934071355e5743bf21d60
3.76046856,1,0,1.040751675,0,0,0,0x7475f6e9c814d5c3ffe2a6e133954dcd2b701752ff881f280792942b51411326,24547240,0x28c6c06298d514db089934071355e5743bf21d60,0x2728d0fa57565e58da5d291bb621e00887a50c73
0.00475645,1,0,1.040752155,0,0,0,0xe48618937e2438b016f407d818948104fd3112b5545c14c979a244f5f3a8889a,24547234,0x28c6c06298d514db089934071355e5743bf21d60,0xe7c64fa8bd213e8ca912e4e1ce3a77a14e6c0f17
0.16985,1,0,1.042202406,0,0,0,0x0767de6bed1cad74c5e6094acba63a69a931ac1fa42ad512c85423f40409ad66,24547231,0x28c6c06298d514db089934071355e5743bf21d60,0x9e2d63a9831d6e0b1d58d59f330faea6ce383158
0.64495526913841,0,0,0.242126516,0,0,0,0xc3c6fbe72a4440ca58d15707d2fe258e22a3faf339f9f62720502ef06f9c0ee6,24547228,0xdfc30f37adbd64490b697092e463c3f028979b62,0x28c6c06298d514db089934071355e5743bf21d60
0.5754129843704392,0,1,0.242126516,0,1,0,0xf5c740286a466337d7cdddca51d3b6a208b859b1ea9f6e033a31083dfbdaf758,24547228,0x30dc7cc1ef854f71eab6e0f3c4190b74d72bf633,0x28c6c06298d514db089934071355e5743bf21d60
2.489894390528364,0,0,0.242126516,0,0,0,0xb57fa6182e0b142249f20de9dfa6f1a0c6307c9611f6f055e293d32421ab0c99,24547228,0x2f872757e0c214ca8e628807503631a510f4df6d,0x28c6c06298d514db089934071355e5743bf21d60
0.6493686396793225,0,0,0.242126516,0,0,0,0xaba4b5f96b0586ec2d51c22d7cd143c6f2321972ab2881b86565c0961c3fab37,24547228,0x8b12ccf329aef6e592ecde99768d6c977ca3375c,0x28c6c06298d514db089934071355e5743bf21d60
1.132998494861434,0,0,0.242126516,0,0,0,0x9d6741adb45d5df7810fbb8a2f186aa6539992eb8996a3d19afdca3340b51793,24547228,0x2391d1e8e7c1a2983deeef7f7913635a94ab89dd,0x28c6c06298d514db089934071355e5743bf21d60
0.669834871913328,0,4,0.242126516,0,1,0,0xc54e2702a63d23c7a741e78ac33c6559f6cf0a5302a524d20c4b41c0faea8075,24547228,0x4baf3c7866922ee42ec2ba6046f270b8dd5432e7,0x28c6c06298d514db089934071355e5743bf21d60
6.8941,0,0,0.242126516,0,0,0,0xfe7e81e470e61c613c755d15ce9e939e873847f9bb7e9bd0337c75ee9a6c1d1b,24547228,0xac644ebb3630c6f776ed904133ad21e727cd306e,0x28c6c06298d514db089934071355e5743bf21d60
0.8030535173997104,0,0,0.242126516,0,0,0,0x0a8f510d120f10583f5bc9f330c6862dfb6c5e66c42f8ea10fe9df45f12d1341,24547228,0x0bfa24156f7b9f5878c4c1d1ace6749d9ce4f548,0x28c6c06298d514db089934071355e5743bf21d60
3.699992038576978,0,4,0.242126516,0,1,0,0x0cd63227622c72fa0191dbf804f781117b8c708f81532ed6d1f7abffd24f5ce1,24547228,0x919ebf65a1091115cf2108a9e9b7ab0dfb74740f,0x28c6c06298d514db089934071355e5743bf21d60
1.891291190791917,0,0,0.242126516,0,0,0,0x0468842a925debfe3e2ec9650d4c69201284bf4a7da7214410e026bfa456ac70,24547228,0xa70f854ffd90c45336aed52cef5f0271a4e4d0e9,0x28c6c06298d514db089934071355e5743bf21d60
1.999986005769176,0,0,0.242126516,0,0,0,0xd2f0d0d1306287dc0271c3e81b7d73089bd13478975d201d7018f4e6aeffdc33,24547228,0xc8329b8c48752d9dbb3afa20c14b3da774d3d507,0x28c6c06298d514db089934071355e5743bf21d60
29.999967120941232,0,0,0.242126516,0,0,0,0xcd119e89d259a6cfadfa2ab6c8a902b967a09fd13d718b1c6d44f46f7ee3257a,24547228,0xc29bf263bded90b43585dafe876d4e9808eb56fe,0x28c6c06298d514db089934071355e5743bf21d60
0.00607585,1,0,1.037245384,0,0,0,0x297543897d21f9f47806d0882c570738c9f48a1b10086e566158edc1b388d38c,24547226,0x28c6c06298d514db089934071355e5743bf21d60,0x3021bdd00e8a87035ddb2049a6dd64cb3d1d36f5
0.0028533,1,0,1.039680264,0,0,0,0x27d72322389fbabb355985010abc15bf711cd57b5909ffd517109cefed539a31,24547224,0x28c6c06298d514db089934071355e5743bf21d60,0x7c6ab6a0c2e0163f8757dc782383dcc7b8dcbaee
1.0314174,1,0,1.036290325,0,0,0,0xa1d709f727f9226af4123d141a9e240527a8038c82805bf4e2692430fec089a0,24547223,0x28c6c06298d514db089934071355e5743bf21d60,0xabed24371ffbb4105775076ca6e52f48efc82dcf
0.03915,1,0,1.037943311,0,0,0,0x01daf82d73418d4618397e7be57172aae26486a1fd0dfbe23f233ff056f914bf,24547218,0x28c6c06298d514db089934071355e5743bf21d60,0x8f7b2c6ee688fd2566bc6cdac3812837842f2492
0.02945,1,0,1.047396366,0,0,0,0xf65d675946340a3572df1106377d8ca952efa53140af72113614fec58606792c,24547206,0x28c6c06298d514db089934071355e5743bf21d60,0x6d3b549beaf492d9e396ddcda6461698ebe349b6
0.03972803,1,0,1.048300508,0,0,0,0x3f67e979ecce421a6c7a960fd6ecc88db2646cd08a0a465c68481f5e77656489,24547205,0x28c6c06298d514db089934071355e5743bf21d60,0x3ec75cd465f0f811d8365e7aaf01bffb9ae14e11
0.01985,1,0,1.050452896,0,0,0,0xea8bfa495f92a4c7565fe9f6f91d76b1d753e230bc4250591530902cc36c5744,24547198,0x28c6c06298d514db089934071355e5743bf21d60,0xd3201018f68b8831ae5fd19c1a0e1c871585efba
0.04985,1,0,1.050196908,0,0,0,0x894ac6538332abe5c88a35074af6b7167eac564c478d2b867830c4b31d567472,24547197,0x28c6c06298d514db089934071355e5743bf21d60,0x4aef83f213c0da58d8e5e4923bccad7398447f2c
0.06187212,1,0,1.048845549,0,0,0,0x7c3d3c7d02a3a3836b2e331e5abea44e2e215166ec0c3a4ad83ea9e313eae3e4,24547194,0x28c6c06298d514db089934071355e5743bf21d60,0x7819ba33398da9da635a015fb5d831b055bfbce9
0.53271569,1,0,1.048845549,0,0,0,0x76be4586fc16cb0f695523aef6468175a1e5449ce36dbfd9c24ccf32dc60e7e3,24547194,0x28c6c06298d514db089934071355e5743bf21d60,0x77cd8281f4beb7719bbef86b436fac75e963415d
1.43009,0,0,0.245976873,0,0,0,0x02ebd6a5e93ff29d5ebc7e6e8f6bda6cf5622715216db3acae1d1d4756fd7560,24547193,0xe4bbac7eb29c6254462fda047be2b07a530e8afd,0x28c6c06298d514db089934071355e5743bf21d60
0.756250817082962,0,0,0.245976873,0,0,0,0x2b229dd7fcbb0c4811b910cb4fb44f7eda7fa2d2fd41aa7198c22b56dacece5d,24547193,0xf3e873dbb159394452f0aff3cfba416bd3bedb17,0x28c6c06298d514db089934071355e5743bf21d60
0.9375942273098516,0,0,0.245976873,0,0,0,0x2b89e99ed2a304b241ce9ec4a328cc268e8ff2b8790cfbcda1fd4f423ce5875b,24547193,0x22076022d2a53c7e89622190429e2f09a97c2a5f,0x28c6c06298d514db089934071355e5743bf21d60
1.8653827761309127,0,0,0.245976873,0,0,0,0x3741fd3b232e3da3787103a17258dc82dcf6a090c97a2ebaabd6671ece656818,24547193,0x5e2ff39d6c775b1d4138c3696252d038239943a7,0x28c6c06298d514db089934071355e5743bf21d60
0.999994887703678,0,0,0.245976873,0,0,0,0x3b6141c4714f0ebb03b9b2b49429ff77f7c0ec7fa68a090c20135e1df551f182,24547193,0x85bd92916d712db468cbb9d3983a089833578ee2,0x28c6c06298d514db089934071355e5743bf21d60
0.799965450103871,0,0,0.245976873,0,0,0,0x3e9f10ba695687a29388b74055ea27522da414c7453f4a77203339c0c5bbcd77,24547193,0xd973ea8255d1f44cc68ed26c1743bb7b896d8cae,0x28c6c06298d514db089934071355e5743bf21d60
0.982607286569974,0,0,0.245976873,0,0,0,0x44b6c1a11932a5327b441dbbc3f4fd7b9f11a2078c7728d404cd44e3d2a88b73,24547193,0x9dab306be31891fd8ed343cb5a70295880f8b280,0x28c6c06298d514db089934071355e5743bf21d60
1.513701634913263,0,0,0.245976873,0,0,0,0xa52608707365bc1fed47ae1b1edc776a30b31e1c2b9bbef6f6e1ca3eb87605c8,24547193,0x3f202a2249b60158cc0d41c957b002f8e4961a0c,0x28c6c06298d514db089934071355e5743bf21d60
1.082191977033557,0,0,0.245976873,0,0,0,0xaff577d86657ce91aa44303f675b6f49eec04d02ceed0049907222d65182bfc0,24547193,0x3a8f5e0029f6495952e77899509567a6a6476111,0x28c6c06298d514db089934071355e5743bf21d60
0.548995032649983,0,0,0.245976873,0,0,0,0xb447ed9dac5ae75a1096b3ab80278254a4644485defa5bfc5a95098f09945e16,24547193,0xb5c25565baf54320d283a1751a53420ce3429189,0x28c6c06298d514db089934071355e5743bf21d60
0.776788728414094,0,0,0.245976873,0,0,0,0xbb2021e6fdda6b202192d12e02265d554f4843b8f5e04a4adc88a9f6778dd499,24547193,0x92954ac479cd5f68f9385855f19a16b0db92b789,0x28c6c06298d514db089934071355e5743bf21d60
1.3319351453109245,0,0,0.245976873,0,0,0,0xc398de1a7e8c91059647aca977924fc81811e6658629a4f4d142d27c38dfb0da,24547193,0x8014aac9f2ad293eb5c7562add6f42f313762d15,0x28c6c06298d514db089934071355e5743bf21d60
5.638173397865275,0,1,0.245976873,0,1,0,0xda7fb1b89e3977a4bfbb4b3d848fe5aa321fac678b988ee71a4b18ecc0355d7c,24547193,0x4434fd7033ec9e2e03695cf5568cf9418cbcaa80,0x28c6c06298d514db089934071355e5743bf21d60
222.64693227076887,0,8,0.244849866,0,1,0,0x9d6d171cf5e1771d68538ccdd3036bf6cd0bd03d181a082662c2e77d409b6ddb,24547192,0x2d6ffec3acbdaff0f895e70fcc699246a2798102,0x28c6c06298d514db089934071355e5743bf21d60
0.6304912239643709,0,0,0.244849866,0,0,0,0xd7da80a1b135b4376347a9b204819dd9cdb207621da05ae53990e2c37c33ffcb,24547192,0xe7f223ff86f544f014b385081cceb6dec826c19d,0x28c6c06298d514db089934071355e5743bf21d60
0.00185,1,0,1.045344829,0,0,0,0xc92e9d35445a3da660eabdd02243b9b1399d148dad7c7c2c103996bbab25fc44,24547191,0x28c6c06298d514db089934071355e5743bf21d60,0x85e5815eb3e8859a50f1bccf7ccbfa21ec644a15
1.06327607,0,1,1.043941138,0,1,0,0x7f66b6fa8c2a14666654fd89de6eaab8f0e85d0b99a75410def73a54c3d53ff7,24547190,0x28c6c06298d514db089934071355e5743bf21d60,0x842569ea507cc3ac56809682e307dd4f4283af31
0.11285,1,0,1.043123911,0,0,0,0x351927ac5e10e424707c60edf316c31774113e7ec7e52b0b4ca08ccc80c9b395,24547185,0x28c6c06298d514db089934071355e5743bf21d60,0xe988f2478516d9f39b47b6fd9e7b5788aa4fae8f
0.138072,1,0,1.045928693,0,0,0,0xd162605027943c6c9da270134bf54b932d9822849007c6baf515e35a16343023,24547181,0x28c6c06298d514db089934071355e5743bf21d60,0x8c1fc368f5305b7d13e9a0afcfd364aaf985b67a
0.00679793,1,0,1.04633786,0,0,0,0x0bd5619f4c3c331dc39338a7a63f45ce007a0be0ad7680fbe865bfc15c042890,24547177,0x28c6c06298d514db089934071355e5743bf21d60,0xb79cb9947362dcbdda85267a99f3ada6593b2d0c
0.00374001,1,0,1.048610601,0,0,0,0xfa010e5100a0860e1cdf5acb6742b72361198556c0f6ef1f58248aad4d427176,24547175,0x28c6c06298d514db089934071355e5743bf21d60,0x8b06472a7290dffdb5f290a60d0abd40ed8e0596
0.0874623,1,0,1.049616626,0,0,0,0xbdf99ad20ebfa2e2fa2038ea55a72badb5c5d5a0f4b2447183b3e7566961fecf,24547170,0x28c6c06298d514db089934071355e5743bf21d60,0xba525e2c78ca85bebedd01065a18d0b57e889031
0.04329407,1,0,1.048606487,0,0,0,0x0bc634d8194f7cfd502603a63d2993db882e02edb83366adecc36bd4a34c5e3b,24547169,0x28c6c06298d514db089934071355e5743bf21d60,0x2949c75e27b52a56120484585f8448c7649daf48
0.07985,0,1,1.052828981,0,1,0,0x46570b9fbf465f84443198470fda4c9d615b2dd99b53f48ad86438068e70c565,24547163,0x28c6c06298d514db089934071355e5743bf21d60,0x9e2d63a9831d6e0b1d58d59f330faea6ce383158
0.1893603,1,0,1.052679795,0,0,0,0x61b3d44d4eb88f57031ca7a63abdec61bf594d6c76e545986177ecf4af1f19b9,24547162,0x28c6c06298d514db089934071355e5743bf21d60,0x46b731e45ce429736755ea91ba9c2b63154211d6
0.02785,1,0,1.056105854,0,0,0,0xfa020d6083f14353ba8630677c67a34d5eefcf997795a2c14a51194c14c04482,24547160,0x28c6c06298d514db089934071355e5743bf21d60,0x815a867ad5c497f29a2cd02ef2e1d0f800120bcf
0.24985,1,0,1.051158463,0,0,0,0x4fb54598c9b5bff9c38f4485d7cc9ad4f36e18cf1cc7c00ac8ccba7c927b249c,24547151,0x28c6c06298d514db089934071355e5743bf21d60,0xe495c08e18e1f0875c2337198cf0cbeb6946e524
0.01137479,0,2,1.044399806,0,1,0,0x6114823634859c1444cbeb85b0348abbe2c550484f3d396f22798e094eec1df7,24547149,0x28c6c06298d514db089934071355e5743bf21d60,0xca80a814392c4ce3aa4f47222d4d552b004b6948
0.23938527,1,0,1.045676634,0,0,0,0xa1baad499e517d3425d2029cb96a55b31fa066d40c76ae75557e9004798706b6,24547145,0x28c6c06298d514db089934071355e5743bf21d60,0x32403e5d30f271cd1b77c7983c3912a44a7fec94
0.985594905119701,0,0,0.240604201,0,0,0,0xda3c886be3a838c10fe89b3522e1c45161f27d56c775aa4c25e29723e176e1e9,24547144,0x4f62858ea340cde13561596b3aa7a26671eedf31,0x28c6c06298d514db089934071355e5743bf21d60
0.00385,1,0,1.040604201,0,0,0,0x2b738662f523a6108b8c250e2f915070cb5a15cfc5d7860ea379902471533244,24547144,0x28c6c06298d514db089934071355e5743bf21d60,0xd92b3b8c7d31fad44d2eb654f39da726dca9f056
0.986,0,1,0.243442682,0,1,0,0xde3821eebb4fcf3dd4e27ce19ac5e1045ed55f954d0de25dadf4f6f730151326,24547143,0x85bd92916d712db468cbb9d3983a089833578ee2,0x28c6c06298d514db089934071355e5743bf21d60
28.179834571969835,0,7,0.243442682,0,1,0,0x38b1e8ffa2ce35a3c07b0b7b520591bc31eeb08f7628ffc6eaef4ece7c92db77,24547143,0xed89da9dd83a0d703991ee833969489278b260e7,0x28c6c06298d514db089934071355e5743bf21d60
0.549992662944138,0,0,0.243442682,0,0,0,0xd71d53d802b83516ad5c1e18ea15756eec5954d6ea92c6a9eb0574d0b914275a,24547143,0x0b6f11510b07d91ec7c8375968379f91f121a9c1,0x28c6c06298d514db089934071355e5743bf21d60
199.99989202348348,0,0,0.243442682,0,0,0,0xdcc1e9d8e5bac52d5861083df8ec9dd3c031d5d85a79e0e146a5661545a9f5b8,24547143,0xf047299c3836e033dde7687574e816f25f611be4,0x28c6c06298d514db089934071355e5743bf21d60
4.999994913877396,0,0,0.243442682,0,0,0,0x1697a6d5c3dc689596ca963e1d209479f5b3fbf6861513da8f7cc62e76d599fd,24547143,0x583a6af94d43359deea53bb4403ba04f93273a3f,0x28c6c06298d514db089934071355e5743bf21d60
0.999994333395742,0,0,0.243442682,0,0,0,0x963726ce9300b1cd0f7119357598c1c80ae613547bab3fb58b653755869ce465,24547143,0x7d66a67778ee8cde7f4ca5fab58000e473ef32cd,0x28c6c06298d514db089934071355e5743bf21d60
0.8339014131056368,0,0,0.243442682,0,0,0,0x5dd96de03900854d3e423331e441b36e7d6ec29ef527f43c4251648ddcf6ae36,24547143,0xd1d991cbecb244b98e0e669eb06ec6a5af6977c4,0x28c6c06298d514db089934071355e5743bf21d60
1.269993192234512,0,0,0.243442682,0,0,0,0x2ad1feb2f7e2db58ab07ab4770218a6c650a7c7c7259f33f7ec4184f6d4eb35f,24547143,0xa198e392a8f17f5b6a1fdf3c9c54ff7033aa9363,0x28c6c06298d514db089934071355e5743bf21d60
1.690170058413268,0,0,0.243442682,0,0,0,0x86fc2cfb12b49db8c3ea970ce5bcf530eeac59c687f231eeffd46bc1de39b49e,24547143,0xdfd75d47dca743b791f050777247517966092c13,0x28c6c06298d514db089934071355e5743bf21d60
1.268994123912518,0,0,0.243442682,0,0,0,0xbc8c7a7571b9e4d9702a5d15d1f94fb87bf1cb058d7dae837d18f38196fce3e7,24547143,0x4db50fb121ade7241b622c0775e29931ba2eb494,0x28c6c06298d514db089934071355e5743bf21d60
1.5595472253975549,0,0,0.246385252,0,0,0,0x9550e656aec19b5e04a704904968e00d6677aca1734190da87c43a537de2d78c,24547142,0x7dff00150b65a6d888b0eb2694291f281bb62de2,0x28c6c06298d514db089934071355e5743bf21d60
0.520378379030493,0,0,0.246385252,0,0,0,0x09089e6b16e72dc50f0cdf196214978e137977918795eedbfb995f09b3fe124f,24547142,0xdcacba9574c67567ea820dfb5fdb04fce65a00c8,0x28c6c06298d514db089934071355e5743bf21d60
0.92819007,1,0,1.04944799,0,0,0,0x7f1243a6bd6ca21f848a40e734b32091923b0242c0cba33d3bf1750cc07cce2a,24547140,0x28c6c06298d514db089934071355e5743bf21d60,0x505db2cc6a1df1c06f9afed2eb6ff122bbf8fa7e
33.52985,0,3,1.050277043,0,1,0,0xcb700be294c9687bce294e22dcc285260ab634e273c51901dcd1053aca389d46,24547135,0x28c6c06298d514db089934071355e5743bf21d60,0x706d743bad2f76955366610da65c7941d1233736
1.281442848358902,0,2,0.249216844,0,1,0,0x8bdb10bd82af3711a6e4105cb305d24f01d5a2696028ca2a521933bb82c612ae,24547134,0x560da6830689737a1cf1f242d215c401a36d24ce,0x28c6c06298d514db089934071355e5743bf21d60
0.526900913227204,0,0,0.249216844,0,0,0,0xe1ed33cb769b17d20921a33e7a477261777cab4e2cc2cc5605b8db9c163207e2,24547134,0xf609d51ba78e8a644810d0809fd65e20433d1e21,0x28c6c06298d514db089934071355e5743bf21d60
0.02789,0,2,1.044200762,0,1,0,0x01ed4533497b3a4a10680c3d2161c1b0611e41ef9d851e7e016d4db32e1c3556,24547133,0x28c6c06298d514db089934071355e5743bf21d60,0x20b2496689b6193b79a06c96fd2705680ecbddc9
0.004255,1,0,1.040681623,0,0,0,0x0d70e203eb84c130e4b1581a8809d7174e8905748b3958b561280ce89e108121,24547131,0x28c6c06298d514db089934071355e5743bf21d60,0x777313a63521cba7eb3059fe0a10c0d7b73bc24f
4.9162287,1,0,1.04355959,0,0,0,0xfae46ca68d0cdf53a32e7a190e32adafdb492fe3d839ad1e29eecf52b4495ea6,24547126,0x28c6c06298d514db089934071355e5743bf21d60,0x85dc137379f537346607f78842ac11f632cd1a32
0.17267183,1,0,1.042452147,0,0,0,0x0a842024d2c636c95bc2bf7eb2ba1c449d0785ce75ce6fb9780e7cec5ff64173,24547123,0x28c6c06298d514db089934071355e5743bf21d60,0x1f28940af7253c1a56c917cb28b89df24c0eba90
0.00555,1,0,1.042371836,0,0,0,0xff76dff2ec8c8cc91987c484902982a3f8f97a6070a36ec8e237e6ecb55f3a63,24547120,0x28c6c06298d514db089934071355e5743bf21d60,0x6b61bcb48a4ab15d41f1ac29011d756d8f60d6bd
30.96389828,1,0,1.041077967,0,0,0,0xcb13535149fb7253f27e08e05d27b27d0b442c6228771ef7d1a143bf7ddc7fb7,24547115,0x28c6c06298d514db089934071355e5743bf21d60,0x97b04a74e1ff181cf833497cfe98781fdad5036c
2.019994962858268,0,2,0.234610586,0,1,0,0x55f685d456e6a2fedb2d4cbfd157b8bfc8d2f62244a83ccb91e53ff9bb5dc5c8,24547111,0xa285d425be8d521dd768df678fd98a0b998843b4,0x28c6c06298d514db089934071355e5743bf21d60
0.4905725,0,0,0.234610586,0,0,0,0xb328ab83a91437264814b80f5ea79e06b21a04b1f6e5522cc11e400c7543d92b,24547111,0x3345264e6ed3d7aab734667e26eee865722957d0,0x28c6c06298d514db089934071355e5743bf21d60
0.00228437,1,0,1.035935412,0,0,0,0x07061c1d2fe8e1778228b81d97a1cb76f364f301ce258fb16203fe3d5b14f3ae,24547107,0x28c6c06298d514db089934071355e5743bf21d60,0x864a4827c5001366ffdc8650d9bd52b0fa0ca638
0.0106392,1,0,1.035935412,0,0,0,0x2e4c8c830f9065909f0fe64f1232acade90dde5c0dbfaed538bcb98fd051d668,24547107,0x28c6c06298d514db089934071355e5743bf21d60,0x25e386c1b755f9494decda12f7e61c05f52f923a
0.00756462,1,0,1.04312071,0,0,0,0xa211e8df449e5f4a7a9b1c923975c0dd097a403af8276bef04af4fb0b806ce31,24547102,0x28c6c06298d514db089934071355e5743bf21d60,0xe63ee962379ed8d322ff62229bbdf3d3249159c8
0.10992587,1,0,1.048237409,0,0,0,0xaf2d412b0ef94e5cbe65f0405ddd0240be508d0df0bdad8d8042e2cbccac5741,24547097,0x28c6c06298d514db089934071355e5743bf21d60,0xa730fc4c0546732130b0f087f3410400b910ad68
0.03575487,1,0,1.048237409,0,0,0,0x901f2cde713375cfa57d1e3b1403ab8e6d6050f327ac456b7ac794ba5f2ed4ed,24547097,0x28c6c06298d514db089934071355e5743bf21d60,0x155b2a0b7fa66e93a9c5d2cd53c27268963997c9
1.99785,1,0,1.04079035,0,0,0,0x8c4541469ea2940248f09c222d0ec6185bd5cec379b50be39673eb7b34df64ac,24547093,0x28c6c06298d514db089934071355e5743bf21d60,0x37b73c37941fe971a6e57779e4ef5c6748a1fe38
43.079187460056055,0,8,0.236266787,0,1,0,0xca6cb2169d7755abbf9e65b4718859bce22c269da1bdd4189b255e8a156b178d,24547092,0x06fd4ba7973a0d39a91734bbc35bc2bcaa99e3b0,0x28c6c06298d514db089934071355e5743bf21d60
270.0,1,0,1.036991738,0,0,0,0x8d72a43446809b89effdef54df7a016c9eb70f46e1251ded60097a3a5a8fbe48,24547088,0x28c6c06298d514db089934071355e5743bf21d60,0x9b38908551c116f0f6742ed796060374a353f37e
60.254910160520616,0,9,0.241005248,0,1,0,0xdb57b89c9a16c29df1a148bacd8856b1931a0000510fdc75dd536e9e5d1fd839,24547087,0x86a067030a9668c13ff2a8c4d5415afc776d4c63,0x28c6c06298d514db089934071355e5743bf21d60
0.4897480563033695,0,0,0.235282764,0,0,0,0xea9caa45c2e071d7445a240c0e7e860c5bdf5e3c574d017b88a44872139927a5,24547079,0xdd2730b34c1321b64ff7c190d23735242468a825,0x28c6c06298d514db089934071355e5743bf21d60
5.534878965536908,0,3,0.235282764,0,1,0,0x88e97ec89a315fdcc90f0f75ee8de7e2bf6f76b5e0452bdd19013744478d9f56,24547079,0x560da6830689737a1cf1f242d215c401a36d24ce,0x28c6c06298d514db089934071355e5743bf21d60
1498.999918677987,0,22,0.235282764,0,1,0,0x06a126984043fd6ef8fadd20c4821a63831068572a3a909adf08cf5d58bcc0aa,24547079,0xeae7380dd4cef6fbd1144f49e4d1e6964258a4f4,0x28c6c06298d514db089934071355e5743bf21d60
0.48826410459298,0,0,0.235282764,0,0,0,0x47540ebadaaaea5bb1ea0875d58b764e0873fed6957c352a5742f0f38a059402,24547079,0x0a2286e942b26e67fe52ce10dcb3a87563715bac,0x28c6c06298d514db089934071355e5743bf21d60
0.6338796931010857,0,0,0.235282764,0,0,0,0xf9c4f86d2bde5e5355df07277e886bd3f7b2d5f21494b389719697710b6976cb,24547079,0x665141e0ed6d2e3db53861de6990239e2701f1cb,0x28c6c06298d514db089934071355e5743bf21d60
0.646285458474531,0,0,0.235282764,0,0,0,0x36e36a9b5cfbf7d6e9ea536d35cd178ecbf27f59954b6dc0409a1789e7e2635c,24547079,0x85f19c2e4ffab41cff6d147328812e5d0f23479b,0x28c6c06298d514db089934071355e5743bf21d60
22.99335485451383,0,11,0.235282764,0,1,0,0xb24d867193528b9279de14d180307c51b87f5ac7cfe97c72a428211a50312f4e,24547079,0x483a910a7479af5bd1333014af97ee5c733a7052,0x28c6c06298d514db089934071355e5743bf21d60
0.880653709609984,0,0,0.235282764,0,0,0,0xedab988a060fbee0d21088fcbb347ffcd20c0d3215d1396e94f85b52a6175d0d,24547079,0xa60350dbefce861f64cd0a9ff2475114e0cdb876,0x28c6c06298d514db089934071355e5743bf21d60
1499.9999838528345,0,2,0.235282764,0,1,0,0x51414f2314144d7401fdb8187556cd56c72e5e070d288ee2cd8a04af8fb744bf,24547079,0x9a7226c3f2c4663af5786bdca118ce1d8d06ba73,0x28c6c06298d514db089934071355e5743bf21d60
2.3973506442079837,0,0,0.235282764,0,0,0,0x20704adcc7e33c7a8ad36d7341263e148e6a81d845bb2de47b3c677df167bcb2,24547079,0x9abb75a6453a343d6bcf758461ba0b1df110338d,0x28c6c06298d514db089934071355e5743bf21d60
0.77512,0,0,0.235282764,0,0,0,0x08c1ac394146bd65748511d03f867670ce9a07c4600b6b645e54d3aadabc9a3b,24547079,0xca406706496432a01eefa0567ed6c30a7acaece2,0x28c6c06298d514db089934071355e5743bf21d60
1.025104537375462,0,1,0.235282764,0,1,0,0x21d6a0bda5c50760a702db7a9b27ca087fe9c0adeefe52e63db338a9cf3b714d,24547079,0xc57e24e187681f5acbb5487a91c903739f36124e,0x28c6c06298d514db089934071355e5743bf21d60
0.955495088107726,0,0,0.235282764,0,0,0,0x428f7b4d2d507a3be82efae5cfa3656f4ec351cb0c68fae199dadd2e42b5de7a,24547079,0x5471421f3052150db40e5d136453b3aecc6e00a4,0x28c6c06298d514db089934071355e5743bf21d60
0.527593198230788,0,0,0.235282764,0,0,0,0xe7bf481ac9eab94ed47c2b1e9990bf882209861e2d095a58c017ae06bded9daa,24547079,0x7d4767e329d92b9ce8fc781d4716c7f4098e1a78,0x28c6c06298d514db089934071355e5743bf21d60
28.999994356668488,0,1,0.235282764,0,1,0,0xeaed8c82776cee1f872f0aa9bfe95ddd69eb43d8f586fdb40d3bc5810b7f951c,24547079,0xe5e0f95c48b73d3a928a07c7496445b04c06085f,0x28c6c06298d514db089934071355e5743bf21d60
0.46942889,1,0,1.034163467,0,0,0,0xa38a17cdfca3a8c18a421e78e61c9265e71f9489880d78eed58c05945f2929f3,24547077,0x28c6c06298d514db089934071355e5743bf21d60,0x8e01ce6a695a95eab038a1a26af87721df5b769a
0.02724502,1,0,1.03886361,0,0,0,0x8301e3baabbabbb73890cfe004098a8f2802839e2ba9847dbccd6cb2d58468eb,24547071,0x28c6c06298d514db089934071355e5743bf21d60,0xc7421fa5f7d5b91bc675dab0f4a8291cc8f602df
0.09985,1,0,1.040316263,0,0,0,0x5b2a5a766d712d85bc2f416f7726161685f943bd0c656c775382c5f772c2328c,24547066,0x28c6c06298d514db089934071355e5743bf21d60,0xed443803c2b651d9c347d54bab67510bad1cb133
0.02443997,1,0,1.039380876,0,0,0,0xa51749fd905cdf86683be267111bdbf3a6a0a8e4a4231236f4b475b111b87071,24547065,0x28c6c06298d514db089934071355e5743bf21d60,0xa955fc2826c9b41b86419bce2dd651a244a5bf26
0.002247,1,0,1.041464316,0,0,0,0x79bb84f337849cb1f29a71332c26f950efebe1ef895be55a6bbfd0c60af0e574,24547060,0x28c6c06298d514db089934071355e5743bf21d60,0xc99c91bdad85aee491bdf162a75dedc23020881d
0.078771,0,1,1.04091465,0,1,0,0x7341cc09549ac163b2fab7dd8669a18a62556a873af8b2a38520db5b417759f3,24547059,0x28c6c06298d514db089934071355e5743bf21d60,0x46b731e45ce429736755ea91ba9c2b63154211d6
0.005762,1,0,1.042717503,0,0,0,0xb070ac744604355df262f52009a5e93fd251884b32cd464efe33dc8173523cfc,24547058,0x28c6c06298d514db089934071355e5743bf21d60,0xc15d02354571781fb88db3cf2c3065ec1ec4b3d2
0.0467788,0,1,1.038763927,0,1,0,0x28244d1042b413936d301c5b366ff55104ae76a2cba204830e974d518b86e187,24547053,0x28c6c06298d514db089934071355e5743bf21d60,0x64cb608b87c2b5dac1092a2f448192d8f24b7820
0.01579371,1,0,1.038763927,0,0,0,0xa2a5bc6e01e4d668f3c61a5c864747160e9bcb452b979e513b9c7d3b6d7acc80,24547053,0x28c6c06298d514db089934071355e5743bf21d60,0x6460be00a44d464082924c6f6f5d9c670689a1e8
0.0396507,1,0,1.044425704,0,0,0,0x2e721daf79450bbdea5a80bb2f0d3d517f75a1d821a6b01f21569912f248436b,24547049,0x28c6c06298d514db089934071355e5743bf21d60,0x8c1a1bb0034a7218a94e3028e17d947156cda753
24.99985,0,5,1.045446993,0,1,0,0x44fd766718b598d690d725d4b5db18aec645b861eda1b651c47befe40cef7967,24547045,0x28c6c06298d514db089934071355e5743bf21d60,0x1dc07382c40c90625fd41c87d3eca2c54630ab92
0.0337161,0,1,1.039534815,0,1,0,0x4e61e382bfac8b00b34cd9296db709d6b6c069334bca31b430a621372d1dab52,24547043,0x28c6c06298d514db089934071355e5743bf21d60,0x53e1c07bf0282e84fd5b600b2b1f90e8bc14d4f1
107.13536799068576,0,9,0.239534815,0,1,0,0x3104dbae64ec95240ee1ecf0c355109b5165073d44462d15f699e453ec8fc9a4,24547043,0x2d6ffec3acbdaff0f895e70fcc699246a2798102,0x28c6c06298d514db089934071355e5743bf21d60
0.702563843542925,0,0,0.239534815,0,0,0,0x3feb503c23d2a6c16d7af651f68e550e22f5abb8bcd5147f09fa3f824452cbe4,24547043,0xf1203a49934f4d71fe231394123efd0e9d37680f,0x28c6c06298d514db089934071355e5743bf21d60
0.9399075732464416,0,0,0.239534815,0,0,0,0xcefc30bfc97ceda94c89aefa790b00808a3a32c34343f1308256b2ded30549e1,24547043,0xb06c53b54cd28b2d4259a00049d5aa87a747f376,0x28c6c06298d514db089934071355e5743bf21d60
0.5066628410743025,0,0,0.241182291,0,0,0,0xf6ea3777467c56c4ee70204534b5807c794124ebe1857977810927531601e3e8,24547042,0x50890f75721caa22a32f357e02e73d36ca5e5eb4,0x28c6c06298d514db089934071355e5743bf21d60
13.999794970527644,0,1,0.241182291,0,1,0,0x3681d9687f493dd26df191fc153cbb7f02d8566cad781987d1a314b74c977e79,24547042,0xe40d548eb4fa4d9188fd21723f2fd377456c0876,0x28c6c06298d514db089934071355e5743bf21d60
1.519369619887606,0,0,0.241182291,0,0,0,0x96194ab1bff11e94cc93696a1a8c0bbc795a9d0eacc036e2637ebb54ef57a641,24547042,0x05bdbaf30c70a0ddf72ea3d492d4c508ddbf3737,0x28c6c06298d514db089934071355e5743bf21d60
0.0062436,1,0,1.044102523,0,0,0,0x2e8cdb89f248fe57c0925f2637a9ad2baee85a0abc340c6270f46d5fc9b7a019,24547025,0x28c6c06298d514db089934071355e5743bf21d60,0x690a63b080867d7f5f00fae7f2b5285b31bc90d2
0.00914669,1,0,1.037837074,0,0,0,0xdcc81f3154f846ad073af96dc31c2053f0e10604f73a226ce8e1b619b1156583,24547022,0x28c6c06298d514db089934071355e5743bf21d60,0x3e5bf630d8404b5e657a20883cd6217d6ea2d5bc
1.84229679,1,0,1.041903085,0,0,0,0x47a32a845a61d0a95e81831e8d0a853a06e2287a1cd6e95b88f8a47f191059da,24547020,0x28c6c06298d514db089934071355e5743bf21d60,0x04f6cb4716c2bfe642e2eb5f89dd80776b1785a3
0.01155691,1,0,1.04737673,0,0,0,0x7f429fb5ed0acb71fcb73ff9a72fe50827f1d77c6e678c78080b52fad6457296,24547014,0x28c6c06298d514db089934071355e5743bf21d60,0x6ba2a7f7a6ab3e220f3cf22a4db7c30e00bb7b2e
0.19985,0,1,1.04737673,0,1,0,0xb895ae4cd10181dab261f8095d622b80da856e061457e87172efa8c99ebcc9f3,24547014,0x28c6c06298d514db089934071355e5743bf21d60,0x505db2cc6a1df1c06f9afed2eb6ff122bbf8fa7e
31.89387374,0,2,1.046089345,0,1,0,0x6801d16e24126ae52da92f423d9602655d4d1d8d7f1a2cd821c582d17df39b94,24547013,0x28c6c06298d514db089934071355e5743bf21d60,0x15f46551f5d736c9b8861c1d1358e29183f7a6c7
13.5,1,0,1.047908918,0,0,0,0x3eef95f7d9017f067a02462625dfce59462f70e854d8ac0eb44d60f2c537d7a7,24547012,0x28c6c06298d514db089934071355e5743bf21d60,0x2180276472633eeb7ed2a3f1403e9a87747d3049
0.01702595,1,0,1.047556819,0,0,0,0x970ee0abc5ad36bf34ed294e77d92c4e069a3dc95b481ad443317b81ab114be3,24547011,0x28c6c06298d514db089934071355e5743bf21d60,0x008ac6de2f091b8f8de8a80c0c31b535a3e7659b
62.32973862862784,0,2,0.253661266,0,1,0,0xb7bd2bd49763a0e591e260d6379db7d146ffc18f89c328bd1af2d31e8e55e3db,24547000,0xb46a0f71fded6ceb00b1c9278e0ac7e22c242df5,0x28c6c06298d514db089934071355e5743bf21d60
0.86457094,1,0,1.056424719,0,0,0,0x6744fb42ad50e352212d06dde2567cce98c9b81682364c617368e7f6379fb7a3,24546995,0x28c6c06298d514db089934071355e5743bf21d60,0x493fbf94864e89f83b5a482cbfa06a9778d49f86
149.99997483686792,0,0,0.257021202,0,0,0,0x209e40da455af962180f3fb5a8b8d3bc1e59f33e8181c9639f392ffa6a1dbf68,24546993,0x959f897add5d826e658e14895f6ea0bbb1d60261,0x28c6c06298d514db089934071355e5743bf21d60
2.104010096938627,0,0,0.257021202,0,0,0,0x4039939b8a9b0ddb5bab5e9b02efb6680a5ffc707eee6627996e88c0e23d3b53,24546993,0x3eab0fb15aab96137b10f0de994296dad0420cd3,0x28c6c06298d514db089934071355e5743bf21d60
9.999956384050996,0,0,0.257021202,0,0,0,0x4a65514dc1760f252e14a410be3db54d3f072f48468f0667f1281e564e1f157f,24546993,0xda2e1a4dd166d8e62493f226a7e221527d6a50ac,0x28c6c06298d514db089934071355e5743bf21d60
1.899714957730908,0,0,0.257021202,0,0,0,0x545f8194771e19b8fbcc36416292ef122200e1047db08aaa1bd8ad01cb16e30f,24546993,0x36031f7cf9b84d6cf39b209102a267b3eec7d384,0x28c6c06298d514db089934071355e5743bf21d60
43.09999228622066,0,0,0.257021202,0,0,0,0x6cf5563ca197f263ceef54688c3057aef16a64b4dcbb97bd1505ef9350fbc6f7,24546993,0xb838370635329070d14aa758f8cccee7dc9397bc,0x28c6c06298d514db089934071355e5743bf21d60
2.1863037,0,0,0.257021202,0,0,0,0x79b7e4f886ab005c9addee52a8c242506f1d90ef94dd149dcccbcb6f636e6343,24546993,0x99784b72deea74faa8546405291accf42078e29f,0x28c6c06298d514db089934071355e5743bf21d60
1.3160651155127705,0,0,0.257021202,0,0,0,0x89b9485e2b22a321e7a7ef35d9258dfbb86a09e4e2cc144ac367516dc28622db,24546993,0xbfef9bc7754af64e530a1df5160e0bb001cd6c19,0x28c6c06298d514db089934071355e5743bf21d60
1.7177101215903694,0,2,0.257021202,0,1,0,0xdbee926891c901230041eda23469f7ddf0ff4ccd5404b9cfc4bb35797057bc39,24546993,0x09f1191c26f8e39d6a69bba889c917f2776b5827,0x28c6c06298d514db089934071355e5743bf21d60
0.5321695408030629,0,1,0.257021202,0,1,0,0xec8cac35904a498fb86e5eab0c08f55abb6f4b50e7ee8d42df4f1fad456fb41b,24546993,0x9cacc323760a6e6830c34e2afffa26d22115221e,0x28c6c06298d514db089934071355e5743bf21d60
0.986,0,0,0.257021202,0,0,0,0xf313dc07dd5861d4920fccf006c584a857345020b86f06988d549c40c41dd20a,24546993,0x92eb6261c21354611a071275d321ee5f83206bb7,0x28c6c06298d514db089934071355e5743bf21d60
0.8718090989586006,0,0,0.257021202,0,0,0,0xfeeb65cd11d627d82023e6a66e7d048c4e48fad4ada0224281cb663d15a9d6b5,24546993,0x00e52e0818f53ac1be2f5b6eca67556f8a20126b,0x28c6c06298d514db089934071355e5743bf21d60
0.52995010892005,0,0,0.25680762,0,0,0,0x1dfcf24edb4dbc56d0f1fbf7bff0be2891c8a11e6a2359b44081cfc7447d4e01,24546992,0xc8403f00b18928c6fc1d3f01fb089d05c08889e4,0x28c6c06298d514db089934071355e5743bf21d60
25.031758225114316,0,0,0.25680762,0,0,0,0x260d4dd24f27587d65a6cefe97bc6c84d1b9055f46e10103d74ede2ebf93c29e,24546992,0x05eaae5661539b66785f19be3e06706e86dc5c3b,0x28c6c06298d514db089934071355e5743bf21d60
101.14040304106295,0,2,0.25680762,0,1,0,0xa49cdb68422b23bdcd00501a8b306461f0f2f1135006762e675d9fb4e799525c,24546992,0x3c7201f61c491ae4772138fe150008d546c450d9,0x28c6c06298d514db089934071355e5743bf21d60
1.999994957730908,0,2,0.25680762,0,1,0,0xca31628c63043b398ffaf60105f869fe0bea63ae81190c65caa4aeaea2b33a60,24546992,0xf966921c6a34f895d54809b5ad17b546bde1a88a,0x28c6c06298d514db089934071355e5743bf21d60
0.4980272673703281,0,0,0.25680762,0,0,0,0xdeb0e597f5c379ba12091a37574c8d761816c933451c43400a900ecdb74b762a,24546992,0xee3954fece38573bdc694ae72cecc7e20958e02a,0x28c6c06298d514db089934071355e5743bf21d60
0.01186119,1,0,1.049323782,0,0,0,0x2424353b44f4080edfabe955f27eacfef7d316eef9eda46c1e47a7441d2b7867,24546988,0x28c6c06298d514db089934071355e5743bf21d60,0xe126fa7bbcd621a671499893463a53fb06f3b67d
62.01595,0,1,1.055671588,0,1,0,0x254855380b85f9b317ba7cb66583439f3a03068f5ce626945bc70d80adbcf7cd,24546986,0x28c6c06298d514db089934071355e5743bf21d60,0x36c1cdb634829d9b2281ad623f3ed4c36b27980b
0.03204,0,1,1.043874197,0,1,0,0x010f92d9cffc3856ab5c6fb2aadf674a126dc2dd4a73e1deedda4d2bbd5cf23b,24546982,0x28c6c06298d514db089934071355e5743bf21d60,0x06b02a9dd0b83972eb0e190f9e0f1c73aba9f9df
10.076274,1,0,1.042928778,0,0,0,0x175d91abb42cf4d77555cee0e6d83ef0f16c2a7fe6105e95316cbd90fa3a81fa,24546981,0x28c6c06298d514db089934071355e5743bf21d60,0xf78b2eda7c1e20ff9906b31fe3612195bce9d6ce
5.87859152,1,0,1.043948103,0,0,0,0x279a04012a98ae07e12bd2118dbaf8105e48b3e2c2ff614dea83d8a07b27bc3c,24546973,0x28c6c06298d514db089934071355e5743bf21d60,0x54416e77281e0439036ddeb84e56302b264ea1a8
0.06747931,1,0,1.042045033,0,0,0,0x445ac3a59bf22a1615f454c732469bff2c4a24e078c427c48b117c8e68d25b29,24546967,0x28c6c06298d514db089934071355e5743bf21d60,0xca7ea61d5db82dab2feabb6577ffe062dc2ec4c2
0.00185,1,0,1.033645555,0,0,0,0xd28337a8eb99e1770d8adb4b381604d84a2baded3fdc3e2a8ded18f324bc28c6,24546962,0x28c6c06298d514db089934071355e5743bf21d60,0x4b909c6282333c6d7ab275cfc4a3f2c9500de807
0.04905872,1,0,1.042940593,0,0,0,0xeb4da68f4826e1671f81caaef2457a39de6e860b75a3d514b2dceed4b95fdfa9,24546957,0x28c6c06298d514db089934071355e5743bf21d60,0x1b995ce64e3f5fb17949752371ee93a00210b9fa
0.00747845,1,0,1.045754952,0,0,0,0xbf910894586a72a74da0587e7bdf2d8d94b184f171e126d9431087176eaf7965,24546956,0x28c6c06298d514db089934071355e5743bf21d60,0xaf56ace0537f07f0715fc7dd266e3dc76c401a1a
0.10509784,0,2,1.043815701,0,1,0,0x931523698b4a04bb68fae4c65231b9082e4f2ebd3e33ac25cd41ba564180fe87,24546951,0x28c6c06298d514db089934071355e5743bf21d60,0xb8b2447a914250cfe73be410134161ef087b95fb
0.02085,1,0,1.041734391,0,0,0,0xc2bb4f75eac463a0218042d73512ddd6441e69426c80bdd06c21b701fdfdfd9e,24546950,0x28c6c06298d514db089934071355e5743bf21d60,0xfddc7cd692ceed96e0d7dfb4988989349183a17e
0.00193,1,0,1.046240873,0,0,0,0x23eadea25c2d2d15df0f6f8ee623faa27bb0179ac4bbae5c61daf30f024c7630,24546949,0x28c6c06298d514db089934071355e5743bf21d60,0xa14bb031c8538f147efb3c2b54d085ea2d496aec
0.05842973,1,0,1.046253761,0,0,0,0xd4b8470f06a7dc117c9b78a1d8235e34ab0b110e212c9909aeee15d451dba10a,24546945,0x28c6c06298d514db089934071355e5743bf21d60,0x33cd9f4e15fe515d3b95f2ff1892c1979cc7c52e
0.03379504,1,0,1.047034284,0,0,0,0x4f9f1462ae097448598108ac6bdd70fd5ee072369018d697e1023fedd995a7ff,24546944,0x28c6c06298d514db089934071355e5743bf21d60,0xcdb3937a9cd544db453ad3ad4ccf2fadff4d7745
0.50781459,1,0,1.049731837,0,0,0,0xdfc5790280533bd5eb62817fad1bc275e697b42086dd962f8041623eb85ea582,24546941,0x28c6c06298d514db089934071355e5743bf21d60,0x37cd8f601bda438b9765831ede3affba03e80f15
701.0,1,0,1.0465324,0,0,0,0xb5e89899c12396be78681e50e3a00c7ab87812474a8c9def82c39bcbf6cf0501,24546938,0x28c6c06298d514db089934071355e5743bf21d60,0xe401a6a38024d8f5ab88f1b08cad476ccaca45e8
0.89985,1,0,1.044796091,0,0,0,0x74a1c7f81462244f67d092aed04f5e46b432072e178b2844f4a3dec34116391f,24546936,0x28c6c06298d514db089934071355e5743bf21d60,0x553e1eeec279da4b16b2f5c41bef8747835643c8
0.07512877,1,0,1.044320347,0,0,0,0x0e1641566569f8bed84e11fb9103e5f10e8ea4f0ba62b363d29d3a88d90afe2c,24546933,0x28c6c06298d514db089934071355e5743bf21d60,0xe3d151901318f4e8b3722e3165d1a97c0b324743
0.9999803833847014,0,0,0.233479113,0,0,0,0x304e21d8338ca2fe200922a5a5938589f0ecd5536a7b7df4420d1b9e4346841b,24546929,0xb2ac3250504adf8f39f279ce62f30ddedd8bd134,0x28c6c06298d514db089934071355e5743bf21d60
2.719995175819121,0,0,0.233479113,0,0,0,0x489dcdea082118a8b78f9373036cde93b5d755b39bd7520780a122cb3ad1cbdc,24546929,0x826b5743b2869b78f38e2e39aa0f63b820ffecd1,0x28c6c06298d514db089934071355e5743bf21d60
0.529701846190293,0,0,0.233479113,0,0,0,0x547bf219aed422986617facb1ff3932d3f187850ae4b4cc65444feca7ba6cf35,24546929,0x11ed3d7e3116d1df730221f4fbfc672cbc264708,0x28c6c06298d514db089934071355e5743bf21d60
1492.9999668219243,0,23,0.233479113,0,1,0,0x57b6d294c13aa40d2005d07778c0f00ce92d8f85d780c39db828a7e78ba90a76,24546929,0xeae7380dd4cef6fbd1144f49e4d1e6964258a4f4,0x28c6c06298d514db089934071355e5743bf21d60
2.140728423814238,0,0,0.233479113,0,0,0,0x584c3d67739c94a65a6b5bcfb47beb3672c900fa036d4e0d10afa42b0747a50c,24546929,0xc5b86451a281f68803932f714e8a7018119e67ba,0x28c6c06298d514db089934071355e5743bf21d60
1.437688044583811,0,0,0.233479113,0,0,0,0x5d93e3fda38673089ffa354e66f94ebedd7fff2dae091f144d70598849574bf4,24546929,0x5f1c4f276ee2cf36abe7b1e962c68b329f2a67fe,0x28c6c06298d514db089934071355e5743bf21d60
7.927718491596604,0,1,0.233479113,0,1,0,0x700e3d65ba9d2a72cccc8c7af7e5e83c05243ad2749ce3daaecd58f204cdc9fc,24546929,0x3eab0fb15aab96137b10f0de994296dad0420cd3,0x28c6c06298d514db089934071355e5743bf21d60
5.031985256715256,0,3,0.233479113,0,1,0,0x7151bfd04ed5ce8dae5f9bea1cfb4e02e7dae1eb8493e45094c2304f9b8c748d,24546929,0x9dc8649ddf5900c4b909029fef1b1d2fe02b1aef,0x28c6c06298d514db089934071355e5743bf21d60
1.2203193693033552,0,0,0.233479113,0,0,0,0x7585eb534a3f016a6e489feb167d675ce040a2d27f8f5371cd33ef47c816532a,24546929,0x81971806b1739cf928efc155dfec0b300655ca1d,0x28c6c06298d514db089934071355e5743bf21d60
10.882666487608828,0,1,0.233479113,0,1,0,0x853b80a79da0f1303e0ca0ffc18c47c5cb9450841935f35f1ac66e458048383a,24546929,0xcde5d48fca07f9c52300d2e65632dd71ed169b90,0x28c6c06298d514db089934071355e5743bf21d60
0.4929160105792847,0,0,0.233479113,0,0,0,0xa2284bb16102e79da276dd56d9339009059c5eedb7a2c002239754b63843e522,24546929,0xf2772f8e7a0f89fa6dfbbf3fc729c250ddd92ecb,0x28c6c06298d514db089934071355e5743bf21d60
4.980748045683811,0,0,0.233479113,0,0,0,0xa5e08cd797635c615e74781db0610e6ce5f4b3e8fcd47018373bf3eed006f675,24546929,0x385063b8b3a3b1d297045ff1c2a7b4bb7c5e74db,0x28c6c06298d514db089934071355e5743bf21d60
1.28869304351383,0,4,0.233479113,0,1,0,0xc00d82101098706e4f5379902781a972d3383a42aa263e816cbcc7dd199518da,24546929,0x760c018064046f53144d38723de2d8cb0916fa6f,0x28c6c06298d514db089934071355e5743bf21d60
0.6230229077245986,0,0,0.233479113,0,0,0,0xc081c55eb22a0497ad487be7b9d76e056e237e1cd3d397e89c47f67155e3ab2c,24546929,0x4344f697046025e9a7f79352844b508146c39243,0x28c6c06298d514db089934071355e5743bf21d60
0.489383798006383,0,0,0.233479113,0,0,0,0xef7795f01cea3c423c9d163372f8b5b97c74e52c191c207cf7249c4aaaf2ee15,24546929,0x600f61f809fb017886e89444a67b23042b149f97,0x28c6c06298d514db089934071355e5743bf21d60
0.92229293,0,1,1.041049578,0,1,0,0x95220fa58578443f2a2f2f7d903b33ba907e48be599af3ca92c0319fe7cd57b8,24546926,0x28c6c06298d514db089934071355e5743bf21d60,0xfe3964edb4ba5b4ef443abfd1d99f4a5a2471a4c
0.00485,1,0,1.042212866,0,0,0,0xf1fa8cac761ebddba4532c675afe9d54f8cc218d5cee1e0a0c70ba213742644d,24546921,0x28c6c06298d514db089934071355e5743bf21d60,0x116fd3870baf51857b041ce1592642d505a6446e
0.05671434,1,0,1.041721845,0,0,0,0xcd4c63dba459878b76b2b50a32218a93b6d2ffc62f03d5b90193b798dedda796,24546911,0x28c6c06298d514db089934071355e5743bf21d60,0x88ad8df5695942dd2b88a7c5607a4e6a2d24d8aa
0.09985,1,0,1.039645677,0,0,0,0x7555897e10c3b61c524fa910430010d8985343d79a188b7f1c07ee0811f1b27e,24546910,0x28c6c06298d514db089934071355e5743bf21d60,0xad7b3bdf559eb43f9890d8a6cebf6862085b279b
0.05940909,1,0,1.035023429,0,0,0,0xd61d69a8fe01fef00524928ada8832abb05a08785232ea21ce24c7788ace2451,24546906,0x28c6c06298d514db089934071355e5743bf21d60,0xb35c50fb50925226bd53e1e35c7eb2193b6a795f
0.12389,1,0,1.038445288,0,0,0,0xf018db221f2e748a688066650ddbd2019d94b880aa61a4371a2f2e710d9db3c5,24546904,0x28c6c06298d514db089934071355e5743bf21d60,0xc834b0827490ed0c85ae0b192242412934eb05f1
0.00134,0,0,1.043824123,0,0,0,0xd3a800aedfbf32da1eb03bd2e95c941c2ca496f8090885bb2fca305d64988ba8,24546895,0xe69f81b825d7dc31ee9becef4dbeab5cf30e3abb,0x28c6c06298d514db089934071355e5743bf21d60
0.09992668,1,0,1.044937319,0,0,0,0x257d973b33dc044bec79c4293ddff6db60ec99c1a2b0e651adfc41f353318d32,24546894,0x28c6c06298d514db089934071355e5743bf21d60,0x8f4ef7b9f3caf563bf626162aaa3883661d3e1f0
0.874549057745246,0,1,0.24507077,0,1,0,0x2727864d2a4bfaf692d646f3369225ed1ec990a76380f4212e679f47ff9d73bd,24546893,0x00e52e0818f53ac1be2f5b6eca67556f8a20126b,0x28c6c06298d514db089934071355e5743bf21d60
24.109635259679493,0,12,0.24507077,0,1,0,0x4248c0eda39e01b7456fb0a14cdc869cb52c089802eb712e96add467535bafe9,24546893,0x483a910a7479af5bd1333014af97ee5c733a7052,0x28c6c06298d514db089934071355e5743bf21d60
1.864615166375031,0,5,0.24507077,0,1,0,0x60bee64caefcb62139d4a275f70676107fd54ff9aa24fa18523f7dee79c68ab0,24546893,0x760c018064046f53144d38723de2d8cb0916fa6f,0x28c6c06298d514db089934071355e5743bf21d60
1.082994843875964,0,0,0.24507077,0,0,0,0xad3b0850bc780a5a9f352c11e829c416d3fe9dfe920d673694f82fd302053638,24546893,0xc5170483c96897b56e86dd6b5a7c79186ffb7893,0x28c6c06298d514db089934071355e5743bf21d60
11.79293938813808,0,1,0.24507077,0,1,0,0xbb3fc0e6bbd6984d2baf816d9e43f301143b60a513d1b8b9bd97e91adcc5f54d,24546893,0x88bbcaeeaf0dca4ad50e8aab9387cd78c60be758,0x28c6c06298d514db089934071355e5743bf21d60
29.99988762954745,0,0,0.24507077,0,0,0,0xbdaff7eabd4c5eae269a0d5003acf55e0c214828572d1a962303cee4810e180d,24546893,0xe866175fb72d2f9f2218b7feceb7c971ce6d7e94,0x28c6c06298d514db089934071355e5743bf21d60
5.087876985191191,0,0,0.24507077,0,0,0,0xc77b3e8a4843b52bbcdee221d2831e5b03585ee81d3bbeaf7ead6a18a53e21e4,24546893,0x0a9f719aae80851de481383b4f7572a2d6680893,0x28c6c06298d514db089934071355e5743bf21d60
0.9995402250444224,0,0,0.24507077,0,0,0,0xcb7af47340ab8f5ba132f032640cb58b0d90b7a744783aef4878a44e7baa9c8a,24546893,0xdad55365b8a22cbceab77daceb66076d40a2651c,0x28c6c06298d514db089934071355e5743bf21d60
0.5531984831154502,0,0,0.24507077,0,0,0,0xe24458c60e14bf4a53d0b1d5ba3cbbb2bcc40f78e03a1464ec3f3e9c852ccd0d,24546893,0xb09ddf325f8191355a1a0215099cb4ee662a35d5,0x28c6c06298d514db089934071355e5743bf21d60
157.84382186364522,0,0,0.24518582,0,0,0,0x13b301da0e66b66ef3955279ba32bc0a79cac1bc9cebd2368a655150fcebde6a,24546892,0x5e6cadc194c0c6dd2d10596354be4a11b49ebf34,0x28c6c06298d514db089934071355e5743bf21d60
0.5341782822640984,0,0,0.24518582,0,0,0,0x661dc3b335f102a5fdeb15662b99ba53e99e247ebaed3591b2530510b79d08bb,24546892,0x10298f8d11becd9690da8946e3de9e92fa18e6ec,0x28c6c06298d514db089934071355e5743bf21d60
10.799962389528364,0,0,0.24518582,0,0,0,0xb24128b830143e468daf563be9ae357550ccd35ffc379d63a87b708084abc2fd,24546892,0x7ff423f83622434edc4eb3ea8212394a115e4c76,0x28c6c06298d514db089934071355e5743bf21d60
0.01388,1,0,1.04518582,0,0,0,0x5dfd9032880365730d88d6c345d919d7fb4a93ba8bd8adbae0bc6a3f14bed499,24546892,0x28c6c06298d514db089934071355e5743bf21d60,0x2162f03a58674d425857500ad4a06e3986bdafab
1.08201421,1,0,1.047868083,0,0,0,0x59af4c81ad49360bcd436bf686937385c40c6fe79e7c154e7662a0218c180d8a,24546888,0x28c6c06298d514db089934071355e5743bf21d60,0x0a7009d71cbeac95f30fa0dd222927b95bcac87a
7.79160887,1,0,1.040489216,0,0,0,0xf387599d675c03fa7da240a05657e158dfb86f3b5b67ece50050f1c066792ff6,24546879,0x28c6c06298d514db089934071355e5743bf21d60,0x6618b7e0999570b24d2f2d7c9168d74ed50ec024
270.0,1,0,1.03676544,0,0,0,0x0e22e3c8323c9c7821512769a21620a19e3740dc2f407eeb0537812659b2db46,24546875,0x28c6c06298d514db089934071355e5743bf21d60,0x8dad6eab3b3e5493cdc677dd9224caded95b1b3b
0.01603813,1,0,1.040796887,0,0,0,0x81203ca8f312b988a76670c177b438bb15b80506baa9e11388e170245eddd560,24546870,0x28c6c06298d514db089934071355e5743bf21d60,0xacbe6c73b39153801cb3edf605c08f2b35422b9e
0.11985,1,0,1.036129911,0,0,0,0xb3aa812bc7e45a5ad66f295e7691e998cd2c7b78bc8a23c4cb26af04ab2463ca,24546853,0x28c6c06298d514db089934071355e5743bf21d60,0x01ef0c3df339e653d871dc70b5da263350284bf6
0.23836628,1,0,1.038557268,0,0,0,0xee2bb3276e345696af36669d357dca8c258f662fedc69a3c12bea3e84eb063a4,24546849,0x28c6c06298d514db089934071355e5743bf21d60,0x4d01ba0be8e8d4e69a41ba3097bcadda5d1385ab
1386.9999710091456,0,24,0.239863892,0,1,0,0x914ecc281867b203d221c673d903c02667dc564b0a0a9538fdda79f127d76310,24546844,0xeae7380dd4cef6fbd1144f49e4d1e6964258a4f4,0x28c6c06298d514db089934071355e5743bf21d60
1.462950113470104,0,0,0.239863892,0,0,0,0x80a82e72f766c8dadd67d8014171eecd428316f1b535093119078522fe24940d,24546844,0xadf602bc3c6e440a8f3ee2fac07cb4ede6c5ceab,0x28c6c06298d514db089934071355e5743bf21d60
1.425971160579523,0,0,0.239863892,0,0,0,0xd7a986f7234a48d628041971c8a33e2a1cec0fc2653da7034ab9e96517f57ab3,24546844,0xf605abebaca7dc93b5411f0605870a164460ca3f,0x28c6c06298d514db089934071355e5743bf21d60
0.493410561966023,0,0,0.239863892,0,0,0,0x23e8ee4c66e07e38bdd74f3f9923e0c1dfab6be312ed83eb48324abb09037bf5,24546844,0x2d9b36790416bfe944fb609bb6c01f7a43755dba,0x28c6c06298d514db089934071355e5743bf21d60
2.4349556664641767,0,0,0.239863892,0,0,0,0xe0c198acd4c4f63ca70f422e2c75605c65d7bc5bec4d664db81aea98c529f364,24546844,0x243739f02d79553929567d06623dbbdb89fbb470,0x28c6c06298d514db089934071355e5743bf21d60
6.050308299804327,0,0,0.239863892,0,0,0,0xca69aaf215b4bff21686c6c9456aff172b4fb242e848dc10357549b4d3f78388,24546844,0xca4ef5214c70d10341d3fae1286ba89eb9ba83bf,0x28c6c06298d514db089934071355e5743bf21d60
10.715104127538112,0,0,0.239863892,0,0,0,0x607e99cd890fde589facc995b512cab3576ce616e4831abf417358001e6e7d5a,24546844,0x3da1f2315add25e4b56e0e340ce7e7a62e8aa8b7,0x28c6c06298d514db089934071355e5743bf21d60
0.4938527551753764,0,3,0.239863892,0,1,0,0x19ddadc0961c24101a944b6414d059fa216c32a1e6ac63ebeb0d99e5a09f7716,24546844,0xa285d425be8d521dd768df678fd98a0b998843b4,0x28c6c06298d514db089934071355e5743bf21d60
0.9470448834290696,0,0,0.239863892,0,0,0,0x2e7435e2aea084b0308c5eff28d7eb165c792001fdc9f3590ca0f7fa6949862b,24546844,0x754a31b1f4cc603ac143247ebf3d76d76216e0f5,0x28c6c06298d514db089934071355e5743bf21d60
0.7484617854881944,0,0,0.239863892,0,0,0,0x8f75e7dd5e99aa7f5a9557baeced3f1bd07aa122078bf4f9fb68a74721b8e4c3,24546844,0x436733ebc583128b8ec4268c539443b134cbbbaa,0x28c6c06298d514db089934071355e5743bf21d60
32.999993776679965,0,0,0.241601189,0,0,0,0x802079d66020b220c17d1dced4dad9f0ac6a70d5200b9a7d4516b8bbb7ccff7b,24546843,0x53876ca013b62269d02c43755c847318c20f4f71,0x28c6c06298d514db089934071355e5743bf21d60
1.285352539769344,0,6,0.241601189,0,1,0,0xbc82dca41a4a436d7960eeb0a133317ef347c064c9841b36692020e9fede8fd7,24546843,0x760c018064046f53144d38723de2d8cb0916fa6f,0x28c6c06298d514db089934071355e5743bf21d60
0.02950052,1,0,1.039793158,0,0,0,0xd48cd24e2a19cd96897d5d313b173093b82a9233c4b18b94f4e236c56528bd76,24546842,0x28c6c06298d514db089934071355e5743bf21d60,0x3791b6533e67619d1743b53e241e864847f11fe6
1.94751805,1,0,1.041850106,0,0,0,0x51be9cc6c5ef29be96e97333ae073ee1be6ca933ce991713a49ab425ba873cef,24546840,0x28c6c06298d514db089934071355e5743bf21d60,0x1d8c8fb9a47e2d4319d0624c1e9674bd802c51b3
0.007404,1,0,1.042391412,0,0,0,0x45ad5f661ac8bc36d028552b74ed10fa73a0c7fa6aa30077b3834ca63aa3c0bb,24546835,0x28c6c06298d514db089934071355e5743bf21d60,0xdffe73f807e438b35e1a633629070d8f9ee38e84
0.6692214188364648,0,0,0.241250031,0,0,0,0x357c22dd6af4dcdd5833694cef678b050ca89e5043b31f4c1638cb7e72b1a1e2,24546834,0x60a913e173ed1cf5bb5955004eeba1aadcfe4830,0x28c6c06298d514db089934071355e5743bf21d60
0.9679329600236544,0,0,0.241250031,0,0,0,0x74d81f8ac3770b2315ec510049c29edc6baa36665db864793b0eebcb255be3bb,24546834,0x8db2122c417377fb9cca84137d8f5f3a6632e3dd,0x28c6c06298d514db089934071355e5743bf21d60
0.0689,1,0,1.037566673,0,0,0,0x343e175a5c9c434bfd967e49310a0aaa066e5ae03b30f9fb297041de7f511615,24546823,0x28c6c06298d514db089934071355e5743bf21d60,0x8b56f8ecd06c92d1cfbb860bda333f6fdf4d4e89
0.05819452,1,0,1.039521059,0,0,0,0x490bab7a7bbc682fe6c2206f80e1b8045dbecb0bb276fb3b07f59571f7ececc6,24546817,0x28c6c06298d514db089934071355e5743bf21d60,0xe09c297497c85a1c94befcf490c8c2de25a1cc8f
0.00937804,1,0,1.039195934,0,0,0,0xbcc109d3a93a877a7a3210fce0f2e953a56788726ae56335a519603dd6a98a90,24546807,0x28c6c06298d514db089934071355e5743bf21d60,0xa2844d92d8b5d2db77127e8067cb56a0facbb04c
0.00524887,1,0,1.038662411,0,0,0,0x3fbfd99290eacb2d0e8883cfa9d6c7dd819eccee22ca607be224aeb6db709aec,24546796,0x28c6c06298d514db089934071355e5743bf21d60,0xa919ecc2cd393c18e4ec442ba41bd73e6830eff4
4.70215,0,1,0.240108052,0,1,0,0xef658df0a1fe6cf9a1e00f57cc5fe22a05e40981d6fa88664430fbfb0a2af1e1,24546794,0x36031f7cf9b84d6cf39b209102a267b3eec7d384,0x28c6c06298d514db089934071355e5743bf21d60
1.2877899423784336,0,0,0.240108052,0,0,0,0xa70cb016fd28ed13f48d0ff7e2951ab3fb057a4ce5430ab923b21dfd9137d5cd,24546794,0x9f66d0a78069938a0f6cbb170b6176809ec1a9aa,0x28c6c06298d514db089934071355e5743bf21d60
5.073656478100096,0,3,0.240108052,0,1,0,0x668cc1be3197ebc684efb6c8c4d79e1ffd75799018408e7752a25bfaf77cf6d0,24546794,0xf966921c6a34f895d54809b5ad17b546bde1a88a,0x28c6c06298d514db089934071355e5743bf21d60
0.6124691637317735,0,0,0.240108052,0,0,0,0xd205d2ef2909325ce92a1a543e1dbc58093a8d0ea667c9d3d8493f38617c3127,24546794,0x231316d003ff8d2e2aab000eb03c034e727a17a3,0x28c6c06298d514db089934071355e5743bf21d60
0.00215021,1,0,1.039671964,0,0,0,0x8b99c2e44b75a52f4f9240cc673fba0abb9e35896f8a167cb612dec32c1cc600,24546787,0x28c6c06298d514db089934071355e5743bf21d60,0x889ef8b79e40c6f1e872aa58c260a25985f32ba6
0.032452,1,0,1.041111254,0,0,0,0x2a77de54ea00ca653932db5bed555c43de682a56930f454b716d724751af01b5,24546783,0x28c6c06298d514db089934071355e5743bf21d60,0x995d2a0572e403bab8dc2989a60737b4e3bd4e58
1.106357951194742,0,0,0.242391936,0,0,0,0xf9310711fdcd9ebe9e26573e532fa1c07d9bcd1785e158375631092cefe4627b,24546780,0xed39693e5937c12783d9944cc18232697fdfcff4,0x28c6c06298d514db089934071355e5743bf21d60
4299.999994480686,0,0,0.242391936,0,0,0,0x4e01a7006e4d802ca6933243477b46a607b4f44f0d4d6fd019637c980c3b1df1,24546780,0x9a21cf1552630a00eed185f3aaf7af3751226e42,0x28c6c06298d514db089934071355e5743bf21d60
9.436794470047278,0,0,0.242391936,0,0,0,0x020de993b00057c185f3e9712da364897fc9283319252924b8ccce5be835548a,24546780,0x125e92af60d6cc8203b1539c1b36464047410d40,0x28c6c06298d514db089934071355e5743bf21d60
0.644382757811644,0,0,0.242391936,0,0,0,0x7957e7be93bbe96461498e184e4639f08d89242941a55fa99f8dd5c61c7c8514,24546780,0xec17115d55152eb709e02370fc2f93c36c8784b9,0x28c6c06298d514db089934071355e5743bf21d60
0.8372761383124997,0,0,0.242391936,0,0,0,0xfe914f0379108493ef8427804a3baccf76696b5802f1cf9a34c5a994331dc6aa,24546780,0xba2fe2ee1a97c5a5ab541b8b99aca17a6f926702,0x28c6c06298d514db089934071355e5743bf21d60
0.7451704213125195,0,0,0.242391936,0,0,0,0x6954dc22be2db5eee3b0514364acff15ff2f2d1ef24fae4d16a3ca48052786a4,24546780,0xc6bc1ef39ae7681206647f833d86eedf207dec26,0x28c6c06298d514db089934071355e5743bf21d60
1.864342563979807,0,7,0.242391936,0,1,0,0x254bd18fc85698344a86fb495f1c2a374312e6fe6f7d04236a8e0f45bd64ac20,24546780,0x760c018064046f53144d38723de2d8cb0916fa6f,0x28c6c06298d514db089934071355e5743bf21d60
0.499839441370903,0,0,0.242391936,0,0,0,0x75030abc2a4f8f3aa57ed39bd2e21e13a6c83b7f00d0c13385f0701e8e912b35,24546780,0xaed747ec300d0fc36f3d91da1b37a1f6eb05e64d,0x28c6c06298d514db089934071355e5743bf21d60
53.48063600722379,0,10,0.242391936,0,1,0,0x95fcc5ca3927e904381e7225b171cdd7deac6a95fe886d43736e309af900a6a7,24546780,0x86a067030a9668c13ff2a8c4d5415afc776d4c63,0x28c6c06298d514db089934071355e5743bf21d60
0.01422209,1,0,1.039384392,0,0,0,0xdaace3f69b34a46b8c93a1cea80651c454c24f7c702c0a9ba0a7b61c8765e364,24546775,0x28c6c06298d514db089934071355e5743bf21d60,0x39aaca5943eaa8a254079cfae2e1a18f81aa16ba
0.154695,1,0,1.042274296,0,0,0,0x0a89f306c1a9e2306c9f8898a1da188e9fa7268fa1923599f50cf9f19433253f,24546768,0x28c6c06298d514db089934071355e5743bf21d60,0x7350189413e7041fdef286f680c286d5ed06d75d
0.01329914,1,0,1.037420385,0,0,0,0xcb22c1f9f7df10e09764e6cbd024acc6e2de526a6bdb6db57d28553dbd934fbf,24546761,0x28c6c06298d514db089934071355e5743bf21d60,0xe2396363486535bcb4461a340ffcb4c2ad5e593e
2.49965,1,0,1.040032972,0,0,0,0x1d653f1d30db934dc68382d4c1c84d60131e99c3619359e035ee2f0b3b1d9e9c,24546757,0x28c6c06298d514db089934071355e5743bf21d60,0x9685d2427e37349273cb67c81664a76f909aa61d
0.02985,1,0,1.042184667,0,0,0,0xe97db89ed3750678bcf59d16ae7f855ba7b44348912e1c3a00bc09e6d3c6e62d,24546752,0x28c6c06298d514db089934071355e5743bf21d60,0x42f961952c039b1c1537d37ed17044d63d52a784
0.03235564,1,0,1.042279538,0,0,0,0x182fea6750da5dcb564c6ca1b49e6287f0eb74055da3f29ed15609b4db6e20ad,24546751,0x28c6c06298d514db089934071355e5743bf21d60,0x07628888c48d38ccf77768b27c00e99a7acf35ee
0.008118,1,0,1.037874034,0,0,0,0x2186a7adcc2af5476aa4e2242497938e8119a4593815c8bcf21f5af50bd483cb,24546745,0x28c6c06298d514db089934071355e5743bf21d60,0xf924bfe98cc17f71dfb34d5649847e50ce6c52f1
24.999940277591037,0,7,0.238076445,0,1,0,0x5a6d4e77b963a8573a088076c82adc7668d4750c4e60ec4ab9a52b80e9962ead,24546744,0x5b702b24b00a37b61ff9d71d91fed1a629edd1df,0x28c6c06298d514db089934071355e5743bf21d60
0.9240295827757932,0,0,0.238076445,0,0,0,0x03e7f6ccf7f119237d461a08f9ddfa60bd4f45fa737c93b2f3b04418680194a9,24546744,0x7046d0bbea24fa05ef220427627ac0f61b77fb56,0x28c6c06298d514db089934071355e5743bf21d60
4.995,0,0,0.238076445,0,0,0,0x4edd950f4be941cb7ffba2021ef11bd7a547a1ff42049a693d99efabf6b7f67c,24546744,0xd510d45ba25e475c6044b2bc65d4a2a1455a7d83,0x28c6c06298d514db089934071355e5743bf21d60
0.563698,0,0,0.238076445,0,0,0,0xb043d837a7f7ef68e1d5a41f74d7c4e11a8a820f7858e3ed99f2301524b5da09,24546744,0x59fa1af537c9d218eba9b1a116ab045b156c1936,0x28c6c06298d514db089934071355e5743bf21d60
0.6499563692112534,0,0,0.238076445,0,0,0,0x1faeae6f46e227712dcff3cd284078985ecfb635a5d398a51e75894718183a10,24546744,0x41e40a0a6e218c41ac8cbb3739cac2d0d733efde,0x28c6c06298d514db089934071355e5743bf21d60
0.01129159,1,0,1.038076445,0,0,0,0xa452f44556525844f7e083d66830ef588b30dfb79a8dc1e6091005496f886e3d,24546744,0x28c6c06298d514db089934071355e5743bf21d60,0x299a917031882c84e8ce19a6087c45f2c018eb20
1.338818658297368,0,8,0.237429533,0,1,0,0x91b8e637361a1ccc884a3076d2c2073595808d94ace7f9088a0cd866b0d6d422,24546743,0x760c018064046f53144d38723de2d8cb0916fa6f,0x28c6c06298d514db089934071355e5743bf21d60
185.76780312465627,0,3,0.237429533,0,1,0,0x96d0517ca8ad40951b68fa9cd2507dff3c5901fdf004c8a06d1e46c2879b8c3a,24546743,0x3c7201f61c491ae4772138fe150008d546c450d9,0x28c6c06298d514db089934071355e5743bf21d60
2.04493639653044,0,0,0.237429533,0,0,0,0xcb92938963388299f7f38f24fa047e5036113c9ec6c4d546976be6b2e80bc568,24546743,0x1764e0a59ace035458b71e3260bd3c28282a6418,0x28c6c06298d514db089934071355e5743bf21d60
5.073911014951255,0,0,0.237429533,0,0,0,0xfc628db538906297e42d6c471032896e114e9557137d33e30213d9140b9fe7bc,24546743,0x9d49aa74c460d219a5a53d0622cdb980d265c14b,0x28c6c06298d514db089934071355e5743bf21d60
0.00556504,1,0,1.038361667,0,0,0,0x9c7df81c02cdb834176ef65aabf87ae3fda8c026875d46255b18f0d230073b33,24546742,0x28c6c06298d514db089934071355e5743bf21d60,0xf4af11ebeb8a3200e2806571bbb856b013577f0d
0.05890133,1,0,1.035044763,0,0,0,0xec9d8b445dabd2f77e9b26eb879382c07db2c6187fc6351b245fcf0ecb57cc69,24546733,0x28c6c06298d514db089934071355e5743bf21d60,0x74cda92ffe873c76650166c3131150546caaed62
0.08199845,1,0,1.032450776,0,0,0,0xad96b6cfa9e4dd78bc04b825f3acb023c9425a8c8e05ba95166b2525fdb40c59,24546728,0x28c6c06298d514db089934071355e5743bf21d60,0x560750235aaf163f25ec0df22c1e24503cf8d892
0.00185,1,0,1.033665208,0,0,0,0x83aac2053aaff752d249591a41408499ac7d6cae2c6b51044f77946c0714d88e,24546701,0x28c6c06298d514db089934071355e5743bf21d60,0x11069916dfddf07d6456dc7c14a222f45dcc22e8
0.00514476,1,0,1.028366258,0,0,0,0x2e636dd1c5508f335122e5d7cb8959be1ad78ab18e948d495e7052cb8885204c,24546698,0x28c6c06298d514db089934071355e5743bf21d60,0x238ca47dd1416db6d09b0831eb773af64d0fbf00
0.9268265414351028,0,0,0.230870737,0,0,0,0xb3a3ed2d9c1a4c99e742523e9609dcc169275630d76f8c158076a99ec6c693f6,24546694,0x1fb7d2b69786389ba4e8a65f68248fca766db392,0x28c6c06298d514db089934071355e5743bf21d60
0.4884737642262976,0,0,0.230870737,0,0,0,0xe72be627353f04fb2577e6d0840172ab69cb5a3d53152a415ece426a6c12ce8b,24546694,0x6ee105004316acbebc486487b9d9c21399cdc6fc,0x28c6c06298d514db089934071355e5743bf21d60
4.418480020441071,0,0,0.230870737,0,0,0,0x3629799f8d63875cd198e24effc87ace8d40a822f11504c473eb25229187b274,24546694,0xdee2917c96e759fe21c4ddc2995e613a1365e3e9,0x28c6c06298d514db089934071355e5743bf21d60
1.014301695760806,0,0,0.230870737,0,0,0,0x4875dfc9c093e14e956339dae493108ba8b5a6042390522fb4f1438a651e0d18,24546694,0xb965a42a2af6165adfdc9179a194308f76b3a325,0x28c6c06298d514db089934071355e5743bf21d60
123.4394902176587,0,1,0.230870737,0,1,0,0x497f44d35f693213625f3f06524f06cf57d17459f9c1508eab7edf8b7954c714,24546694,0x32d03f46ba2857c8e6a920ab3fed1f24d35d85d1,0x28c6c06298d514db089934071355e5743bf21d60
0.628670273946535,0,0,0.230870737,0,0,0,0x175e92d1dc43e23f7ad7f473ea9323af768483d2fac57242a7080d4c257a1bbd,24546694,0x212ae8a9b9eda9706d97e3d660b2aca4579f4086,0x28c6c06298d514db089934071355e5743bf21d60
0.949994995992488,0,0,0.230870737,0,0,0,0xe706c193724d6f2e60ca28655d275e207b3b6a732163e63af6a9b7525d4f377d,24546694,0xcd34bd107041bcfe2e9a391a2094a2b5e05d87be,0x28c6c06298d514db089934071355e5743bf21d60
4.087988676843951,0,0,0.230870737,0,0,0,0x09ee7e2115995ad88cf03622e7cdb6b222187fb10c66c97b81b5597ab6cc4740,24546694,0x5cf5054ed809e3dbf054bc744b1343a2cbdfc8ce,0x28c6c06298d514db089934071355e5743bf21d60
1.6356757997492388,0,0,0.232520717,0,0,0,0x823d5e7b2c36b8ea70f47d1e960391abf2d6ffe8ff86fca8fb2f2a2a337c7412,24546693,0x800fb0d8fc6e02d3514f54e88a303d721402b8a5,0x28c6c06298d514db089934071355e5743bf21d60
2.90681539,0,0,0.232520717,0,0,0,0xccbc5903e7faeb7c8773960feb7d4067059745badbce421a33131607ae1c679a,24546693,0xb6cb37343a9167209ab88f964aaac24c98fd76af,0x28c6c06298d514db089934071355e5743bf21d60
0.00185,1,0,1.033857179,0,0,0,0x2501706ed420493289a14735a2258b31da6b66668e6da9f547b244f020710dcd,24546691,0x28c6c06298d514db089934071355e5743bf21d60,0x5e1489a7a5175c121907b48dbc593b837bac061a
0.00185,1,0,1.030224692,0,0,0,0x10066a729ca8b74a602406e2cdf5313bd7bd90e490aa4788794b155d0e695a52,24546684,0x28c6c06298d514db089934071355e5743bf21d60,0x617eed528c5e29c26e6b601b476ddae35842d0ff
0.01515216,1,0,1.030865333,0,0,0,0xf0a88afb849f947ec440768a0846f3bd330951fbd7124dad4cf4eef65e4395fb,24546682,0x28c6c06298d514db089934071355e5743bf21d60,0xf4300d528ba2a392ba3758249e312722e948ba0e
0.00185,1,0,1.031254902,0,0,0,0x7e49a0ecb48f266089903348bb954d0cbd757ef27622edf0ac4bfa4d627d2290,24546676,0x28c6c06298d514db089934071355e5743bf21d60,0x92e37d4b646dfb9b2dba87656aaafbacf964e630
0.10130009,1,0,1.032186998,0,0,0,0x6e2cd8d13a1e3572a97cfebacac0763ed1937745778bf162595ea5c5b59b279c,24546675,0x28c6c06298d514db089934071355e5743bf21d60,0x89d58aa1e3663ac6e6f3186c43e702bd74f2616a
1.87657859,1,0,1.031611934,0,0,0,0xff79fa3d4170fb36868d42a835803580781b67d1781486395fe56fffa348a389,24546674,0x28c6c06298d514db089934071355e5743bf21d60,0x0002c24609016510adbac3a63d67ef07095e4663
0.00305,1,0,1.031179441,0,0,0,0x38860dbcff43dd9de3e7a54dfa77df96e51e1dd5f4e813827e2cc3f97f51e650,24546663,0x28c6c06298d514db089934071355e5743bf21d60,0x63f6380d3882a25dafb0524daa0d8ee075c50ab6
0.0144354,1,0,1.030904161,0,0,0,0x74bb3fde3124210a08e00d3cce6f13bb8c4fbe4658d6b736223f645b92d4de4a,24546655,0x28c6c06298d514db089934071355e5743bf21d60,0x801b49eb0b2e98db93d5167f5e4f83af05a6f5b6
0.01067277,1,0,1.033073701,0,0,0,0xa44ee7383c287cd9277133efe765aaf9b963223dac67ddcbcc828ef54bd64e71,24546651,0x28c6c06298d514db089934071355e5743bf21d60,0xf96e692b86983b6eb6239361dd625cf372bdba4c
107.66506103402462,0,9,0.233675282,0,1,0,0xc442e55abe56809b76502366bba3fca89fae694195cce30547c82d3dee29547b,24546647,0x06fd4ba7973a0d39a91734bbc35bc2bcaa99e3b0,0x28c6c06298d514db089934071355e5743bf21d60
0.10985,1,0,1.035273697,0,0,0,0x4aeb85218c16e9f69d590b7bc22c0d157ccc9a2ba6453c9b93848ffaca20d243,24546645,0x28c6c06298d514db089934071355e5743bf21d60,0x78693a466a6029979f4e42c728b1f40c4e65fa59
0.63675,1,0,1.037820166,0,0,0,0xcf69e94de08824ffae1d4d8fdd63a3b02ca31fe7dc54fa3c9bee23b49c8d70f2,24546640,0x28c6c06298d514db089934071355e5743bf21d60,0x69b1a84259922810e3c51984ab3cd5fa80b3ad5d
0.5070309299603448,0,0,0.238286072,0,0,0,0x0b180c65f0f138ef11027399f4983f95887aa7fd31922caa5e01de37d027a87f,24546630,0x230500439cc0b82c45b0761f711e778a402cb37b,0x28c6c06298d514db089934071355e5743bf21d60
2.231714562273857,0,0,0.238286072,0,0,0,0x5799c0c65d9de4c03f8762221bd64bbc5d29d2c9661c2d2e1dcdc175fab4d97f,24546630,0xfe9529b753b412941127fea1981e5ce0a85c101e,0x28c6c06298d514db089934071355e5743bf21d60
0.5461585075113933,0,0,0.238286072,0,0,0,0x335cefda58f1c432569fd330306b7a69e6dd66fcf728bf2a3fce45fac0de255a,24546630,0x8af805ee105609c54296a08505d337dfe2717e1e,0x28c6c06298d514db089934071355e5743bf21d60
0.757255167997315,0,0,0.238286072,0,0,0,0x91e68d07eccf7aacfc581f12ba2f52dd53256e2f8fc93b8a8f5d4ef8a8b5e8ac,24546630,0xfa6afde5e272e912a409c444fb02df25012a654a,0x28c6c06298d514db089934071355e5743bf21d60
99.99946122590856,0,3,0.238286072,0,1,0,0xe69f924e2fa26b3e7ec8adfcb9778946adc72199111a32bfe884b5725c8c41f3,24546630,0xb46a0f71fded6ceb00b1c9278e0ac7e22c242df5,0x28c6c06298d514db089934071355e5743bf21d60
19.999973485460515,0,1,0.238286072,0,1,0,0x4dd851a40b98ef519c6394621b27622f873c86d0dc1cf3361d52cc266805eafa,24546630,0xf95b8114495026193b91e17e0af6e11c4aa49125,0x28c6c06298d514db089934071355e5743bf21d60
2.6113895277909487,0,1,0.238286072,0,1,0,0x64d76bdc04e7fae045aa3a848f2d5890da1d3882d5d28fe2e17da7fca3bb6339,24546630,0xdee2917c96e759fe21c4ddc2995e613a1365e3e9,0x28c6c06298d514db089934071355e5743bf21d60
0.48625645,0,0,0.238286072,0,0,0,0x2d3da64b8a8aada5e37360c95299e295c6cba9030224d89eb8ba59599e6d94ed,24546630,0xd77b4aa0a101ffa27a0d4e025e896d9084183cd6,0x28c6c06298d514db089934071355e5743bf21d60
0.9092197687246606,0,1,0.238286072,0,1,0,0x61f1242ab42f0685cd17221efdbe2450c0d598921f33ab51ffaea7f86c9e0d0b,24546630,0xcd34bd107041bcfe2e9a391a2094a2b5e05d87be,0x28c6c06298d514db089934071355e5743bf21d60
0.40081807,1,0,1.03714366,0,0,0,0xdc3f5c7b74c9d90c820a88761992e4be80cf843e6cdf4022d78e702c4bbc9363,24546624,0x28c6c06298d514db089934071355e5743bf21d60,0xbc9271d432d918f912ce0ecfcd0601030d45adb4
0.00324856,1,0,1.03714366,0,0,0,0x1943dbca2aa0551be0b9b3ed8a9647e8353bf621f17d3f249f12c104e73df695,24546624,0x28c6c06298d514db089934071355e5743bf21d60,0x06d2a229fbd2890e58a988ae87dc25b878b8116e
0.00937377,1,0,1.039985907,0,0,0,0xbc24935eebbb5af1e0c0af6e1c110707c71c661a2f1aa3192f84fa07bf5af8f1,24546621,0x28c6c06298d514db089934071355e5743bf21d60,0x0f5db7a58bf5721258dfc1f66e847e73dbc6ae8d
0.0052446,1,0,1.040948231,0,0,0,0xbe11fb7d48fb60490017a022dceb458899019382198d0df103cc3f02fa5f2b72,24546617,0x28c6c06298d514db089934071355e5743bf21d60,0x5b3d0ecf7678092824d505815cda4e395120b2d0
0.0181892,1,0,1.041067146,0,0,0,0x2f804bb65b5be3b33b669e4ae5c361da2a05293796cfef0c574857396c8d48ab,24546614,0x28c6c06298d514db089934071355e5743bf21d60,0x9bcf091fde4ce267da834202d4570eb4812150ef
0.50380224,1,0,1.046663179,0,0,0,0x1e7365016a88a44f79f82af4bb8f398eb70fcdc28d5e2b8a77176282883b32ce,24546612,0x28c6c06298d514db089934071355e5743bf21d60,0x9100835575c4969989ca4de8bd56be66498592f0
183.1878950548185,0,4,0.238743669,0,1,0,0x4b41a7445456e448653258fc1fe39dc9d7595e4902360e21b633393f1ed3b667,24546604,0x3c7201f61c491ae4772138fe150008d546c450d9,0x28c6c06298d514db089934071355e5743bf21d60
0.00230041,1,0,1.041887147,0,0,0,0xb2cc7a9821f5f5c1db158089d81af03ce6d94c3f4a678cb7477cdea5e5be8eda,24546601,0x28c6c06298d514db089934071355e5743bf21d60,0x25fc14a4f7aab99c3cb634a35b4c8636cfa1f0c5
1.0603214821238152,0,0,0.24161278,0,0,0,0x5032d4ef54483eaa4791139b216447313e9e4b8c1077b781e33dfb76e3abc63d,24546595,0xc5deaac5a21f4c4eb7638f94eb78d28654146ed2,0x28c6c06298d514db089934071355e5743bf21d60
2.199994359542266,0,12,0.24161278,0,1,0,0x99add925fa40374bb18266b62d12875751317d0564d4cf1a3fcf145015f631fd,24546595,0xd275c77cc1dd410ede0690dd8a9b3af729e4dcc4,0x28c6c06298d514db089934071355e5743bf21d60
0.5593643068563274,0,1,0.24161278,0,1,0,0x8ee5ec2628fc730b29c92a4c287dc68b9ed02a29bec08473c5dba0ff5dfba35f,24546595,0x3433bb52d14063e0b754121c61cc33670ab3bd4b,0x28c6c06298d514db089934071355e5743bf21d60
5.400563023276232,0,0,0.24161278,0,0,0,0xf213e63c51c58b6865e30687de667a164039db3b426e3a44e9504c8681954179,24546595,0x45b3d569963d3ae2520c09499629350a0083d213,0x28c6c06298d514db089934071355e5743bf21d60
0.659994565700493,0,0,0.24161278,0,0,0,0x733de67337707e01429bd22f87ec0be789172f6af05bc9c03d86455115976c90,24546595,0xebf7aa85a8a8089e12b20a3745f6443e0e5a5c9c,0x28c6c06298d514db089934071355e5743bf21d60
303.1799736687391,0,4,0.24161278,0,1,0,0x8e6b9423be3d8152ce10ebda4df53ba5be8361d2c5b01d129e05dfcacf28e42e,24546595,0x08dc8ffc2db71ea07537d1328b3be0799b604396,0x28c6c06298d514db089934071355e5743bf21d60
107.09987350684985,0,0,0.24161278,0,0,0,0xc3a9ba9be63a2b3f255f98205416d7028b3c61fbeabcde58b427d0be570bb290,24546595,0x192e75ee7923aaac6e8bf094611b813cb985786e,0x28c6c06298d514db089934071355e5743bf21d60
0.527442808302867,0,0,0.24161278,0,0,0,0x64d76d95e753b761e26a9fb21a26ee3d6bf6075a14baef6ea7b3ce1e2a56afeb,24546595,0x835213a91aba86d29c4780302b8a6c9f502aa558,0x28c6c06298d514db089934071355e5743bf21d60
0.99999499136581,0,0,0.242150292,0,0,0,0xfdc1e6540045d961fcd9d72def3b67e7cb96167e57340fe32fafded507398a0a,24546594,0xf4bb564830ff2e45e42f25668aeeab2448ee64c1,0x28c6c06298d514db089934071355e5743bf21d60
0.885009740487497,0,0,0.242150292,0,0,0,0xf6eb9bfb515662ff29378e85d1592953f211faf5110946347272c4c900fa42d6,24546594,0xe67921cf54a07bf75393dbd4b4f87d81922f0e05,0x28c6c06298d514db089934071355e5743bf21d60
1.019610477524814,0,0,0.242150292,0,0,0,0x87034e1b6e40129efa8a2aa8d9caec6bc19d2236342003c4442699fb0242f6d1,24546594,0xa7436afc3d59e11d023bf5c01ce58ec5c3902043,0x28c6c06298d514db089934071355e5743bf21d60
0.24823658,1,0,1.043725022,0,0,0,0x3880ee481e555cd452c00d6d922888001b5998ea806853a618c8a9a13af0eb8b,24546589,0x28c6c06298d514db089934071355e5743bf21d60,0xb9905129c51280691e20e69e5e771a4cff9b2b0a
62.80685,1,0,1.040231353,0,0,0,0x090aa9a710f7eb0eeeb2a3afdbacb894f1296fe65c6fec10447dc23fda8640de,24546588,0x28c6c06298d514db089934071355e5743bf21d60,0x3555cb828d5e86ed71425580fc7e53514826f326
66.99985,1,0,1.04041783,0,0,0,0xf142e690a1d46db39fe2c5b844cdcee64802e6ae3a8da352c266929bf3e6a205,24546583,0x28c6c06298d514db089934071355e5743bf21d60,0x478271c960137418c9d90082dddbf68aa72e4367
0.00563345,1,0,1.039955284,0,0,0,0xa1924016eba99b47ce0cb12a6038efaaba3810e34400890aae8557ae136299a6,24546573,0x28c6c06298d514db089934071355e5743bf21d60,0xf299756da9d7b08295765557beffa639195d4932
0.0905,1,0,1.040066144,0,0,0,0x101b273a16b9128276bac9f172a2fe07af5e53669668281280c5fcb81eecf1f0,24546564,0x28c6c06298d514db089934071355e5743bf21d60,0x2f06c9eae7d95cdb30ae77a3b8f47f8bebf3ca9f
0.0082416,1,0,1.043668688,0,0,0,0x1ac5c64c4f265c7a650b1f1ac084709c3fbe5415a8c24dc8873a46d4ab560f1d,24546556,0x28c6c06298d514db089934071355e5743bf21d60,0x27981ba0fdcf205cf21f758adb3921e382e6af21
1.4884798131364108,0,0,0.238819943,0,0,0,0x16870ea153148a9fd3a80f60c61f4da01fd7bbaa8b2ae5636942ad59f5937c02,24546555,0xcdbdaddc2fb11154faea9f9d3ff26620cce4961d,0x28c6c06298d514db089934071355e5743bf21d60
0.663466404265006,0,0,0.241283866,0,0,0,0x40c5a3c790c0d262d9f825912a6d5077a6dfc2ef63e02036f2748320fc42b13e,24546546,0x1e197ae8055d2014738325f3aeb9b533e8e3e8e1,0x28c6c06298d514db089934071355e5743bf21d60
14.49999332909821,0,0,0.241283866,0,0,0,0x4973652627a3610bba0cb4aac3ee3451acd535d344635aca710228a44d55cbd9,24546546,0x7bf04a51bb4f93af20656ce0024c5e2e6fbc7226,0x28c6c06298d514db089934071355e5743bf21d60
29.99989372519354,0,0,0.241283866,0,0,0,0x6f6a48ada570f7d8dd41f88590ccd9960132a53764f0f58f38633ed22f4f8579,24546546,0xae29ee079f46bb1bff9ab7c63ec122a0bdb5ac71,0x28c6c06298d514db089934071355e5743bf21d60
0.71760987,0,0,0.240608391,0,0,0,0x52858c3e187d86fc1bee038374591b0672453cf72fa7b59ec8ccdb6e1e01b5d8,24546544,0x32178a45aae6c7bbc6025f5200a8ef9ee982e95e,0x28c6c06298d514db089934071355e5743bf21d60
1.4765978588245252,0,0,0.240608391,0,0,0,0x5b4cadd3ac4e0cac2f2aa84aa123d140085ff4f54c3f6a0fa9b56da0d3d7ef1f,24546544,0x5e4e30bcdf78e1d03429d1fb3bb41c7b7234bf16,0x28c6c06298d514db089934071355e5743bf21d60
8.86710631295517,0,11,0.240608391,0,1,0,0x70ed3f11d4a5ff170a77ed3cb4224c188c029c06b28ba45d8d3af32a3603c77c,24546544,0x86a067030a9668c13ff2a8c4d5415afc776d4c63,0x28c6c06298d514db089934071355e5743bf21d60
3.223111272127763,0,1,0.240608391,0,1,0,0xe6c2329a14bc2e073dbddda7b2007a3f946aee7a611fe7a367022c90847b7299,24546544,0x231316d003ff8d2e2aab000eb03c034e727a17a3,0x28c6c06298d514db089934071355e5743bf21d60
4.99985,1,0,1.043429699,0,0,0,0x22b0c6e995a47dd6d9cba0384b772137d5dc06753ba68d241550c48a022a310d,24546535,0x28c6c06298d514db089934071355e5743bf21d60,0xc0b7d8de1c2c7ebfc483d72b5750cf07a4e85a2e
0.2418199,1,0,1.044220441,0,0,0,0xcbd2d30f0fe2f460307a93319b1957ae360b91e4978d78849903bd39d079be80,24546533,0x28c6c06298d514db089934071355e5743bf21d60,0x609d44a608a1c80bb8c9c07a8eeab7bb8bdf2826
0.05318,0,1,1.04238713,0,1,0,0x794c98d4ab6d0f29689c6d1537667ae360ea77aaa537a716f5a027de0addaa3c,24546525,0x28c6c06298d514db089934071355e5743bf21d60,0x9cd80d37ace39214c9481108c119ef338d18cd3d
0.30601177,0,1,1.04238713,0,1,0,0x844cc399cb2b7591a76b57895d5bb77c2ed0b206c025d7c2c1ba37432f9d4a62,24546525,0x28c6c06298d514db089934071355e5743bf21d60,0x1d20f1ef5c5c48c4360484a845fc79dd3dd789e3
0.12067615,1,0,1.040876499,0,0,0,0x454dbef0d88928f73051881b5a011ad1b1f336fbd37c736e45ec66336af84a91,24546521,0x28c6c06298d514db089934071355e5743bf21d60,0xbc43691ba9eb7adfe469f090ad570f3ffa29cd36
0.06392077,1,0,1.042071444,0,0,0,0x088c2f821b54efb7cde5ab06ce6aa40b12cb94a6cd3f004a6fdd4e5f676dff5c,24546520,0x28c6c06298d514db089934071355e5743bf21d60,0xdf86eca886e8d5ab2f6e4be352536f3ae2e93d63
0.7302575244374611,0,0,0.24255798,0,0,0,0x450a70a0a4d4514e586a94f88569f76369f2681a297ca5fd2424f1e7463bec18,24546512,0x4267dcf1a614791aaf2e55b8ab742298d7744667,0x28c6c06298d514db089934071355e5743bf21d60
0.05976274,1,0,1.04255798,0,0,0,0x3392d49c64cffe6846032455d6f065091a8e4420d217155e0782490fa30029b8,24546512,0x28c6c06298d514db089934071355e5743bf21d60,0x9f82bfbf0513a1f4dd405c7853cb953650f5bf7d
0.00285,1,0,1.039004312,0,0,0,0xfbe339b1ea9b99bcf4e3b41a2e5d6016525c2156e20e2690bfb4601a10121be8,24546505,0x28c6c06298d514db089934071355e5743bf21d60,0x7c9d6c080f1bc87a0e553e8c77188add6083fa8b
0.35118,1,0,1.039840025,0,0,0,0x65e4bc0842194b524d9eeed71c98030991e144e29b0177e998883cdd40e24a1d,24546500,0x28c6c06298d514db089934071355e5743bf21d60,0xc1596eabc7fdcfb36a5662dbf9dc4299fde0c199
8.620057812018828,0,2,0.244749667,0,1,0,0x863b8ed6a80eaf57234bb16d9bab5afb44981cd626d304d7cc1c586aba037ba2,24546496,0x88bbcaeeaf0dca4ad50e8aab9387cd78c60be758,0x28c6c06298d514db089934071355e5743bf21d60
0.9102277176255468,0,0,0.244749667,0,0,0,0x2952fb81ee43a394ae143f6559d3bb358373093fd07a3a8bb3a1bd1203f92ec9,24546496,0xd85fc9b30699ddc21580512e7daaef1358409e60,0x28c6c06298d514db089934071355e5743bf21d60
0.12305,1,0,1.043520861,0,0,0,0x9b2ba8355d96879b0fa3631e2cb6d7d6398f97ee1cd64fe66d4e5af212e245bd,24546495,0x28c6c06298d514db089934071355e5743bf21d60,0xa1cb69b9cdf58fe739627104b812c0792029b4c4
2520.9997135737744,0,25,0.246735189,0,1,0,0x253a911e8c23c4655c43c16385d53e572ed5bb0e9d15fbe15e2ca4e8d38917cc,24546494,0xeae7380dd4cef6fbd1144f49e4d1e6964258a4f4,0x28c6c06298d514db089934071355e5743bf21d60
0.0101397,1,0,1.046735189,0,0,0,0xcc0d3e721d6a7b147d42b60b52266fc895329b279e632a9e6602f7823b451894,24546494,0x28c6c06298d514db089934071355e5743bf21d60,0xe6d18283ef92764ca0422143e93d36a5ab50cf1f
1.19587146324163,0,0,0.244694791,0,0,0,0xd16eb85b9bb365f1fd6ea6835404468dc5092d71cc4ee1e5b9a4519f1d9cd5cb,24546482,0x02f2de5939fcdfefe8533977c6bd71d557a8455d,0x28c6c06298d514db089934071355e5743bf21d60
0.98864951,0,0,0.244694791,0,0,0,0xc34bec763b96292ed2a90453c7ab0d7662ec01170bfe43f94b9c7dd2bce173e2,24546482,0xe68adc9c0ced96f8eb9cf5de6dcfda690b123438,0x28c6c06298d514db089934071355e5743bf21d60
0.5519689286476679,0,2,0.244694791,0,1,0,0xf6ff2b7ea95033cb999ed35708fb86131c8af3827f5cf2877abd3806b7f1e1f1,24546482,0x4801e920fa49e214220d1f00f03f9714b2f7123e,0x28c6c06298d514db089934071355e5743bf21d60
0.5133500777137454,0,0,0.244694791,0,0,0,0xe3c80accf07d014ac326d2a6444b6a5b670600de5b7ba2fae8fdcdf0679f72f8,24546482,0x65c1973432f4d5490b5649f4346e2bf79546c58d,0x28c6c06298d514db089934071355e5743bf21d60
1734.166669627369,0,0,0.244694791,0,0,0,0x4bf0d9643167d485e23b00e2a3bec04d9be98030607581e0f5f41c031ea2963b,24546482,0x73ecd40f5f89697c517b0661f90122728267a956,0x28c6c06298d514db089934071355e5743bf21d60
2.0132453983273813,0,0,0.244694791,0,0,0,0x3d0f26bcd99bf9b80fa9253ad1b9c44f1f3614889f1ba74bdfb90d0fb1414c33,24546482,0x01f680ea8ebb5e60f36bd8bc217183a91b27fa4d,0x28c6c06298d514db089934071355e5743bf21d60
19.999886356732432,0,0,0.244694791,0,0,0,0xa7f3eb722b6726e1c5baa3bfbdf3d2dad887d5c0e05456928ca6917e8e8ea08b,24546482,0x1b9a88fe1061d6b528850e8a340e0559ec01705d,0x28c6c06298d514db089934071355e5743bf21d60
0.01008878,1,0,1.038207648,0,0,0,0xfac6154631ab335b498e324dd5b70ae5fcc005f0430839c734e73fa05906265f,24546480,0x28c6c06298d514db089934071355e5743bf21d60,0xe6383362372f1eaff9db6bd7ccd9d1fb692f11ad
0.13322317,1,0,1.044664982,0,0,0,0x396298f101201829fed28ff16b926475756b947a808e26c93614e711efee908b,24546471,0x28c6c06298d514db089934071355e5743bf21d60,0x795f1cf79f368147199032061b61c14678ddcee8
0.0312863,1,0,1.045403176,0,0,0,0x67a1ed1b0d9e53aec2697c5b709975ec87ec957c59edadca9eaed7cc1f0f37e9,24546467,0x28c6c06298d514db089934071355e5743bf21d60,0x42a0b5682f97ab7cd0fe5e51b37a977e510a73be
0.01432443,1,0,1.04314211,0,0,0,0x1fc9aaca6b60869d16117971969d8265cfd5f0fd8e5997b846dc10597d3a6eca,24546460,0x28c6c06298d514db089934071355e5743bf21d60,0xaa8dbc71242c07e0e3b594bdea9eb0ee2356472d
0.12637635,1,0,1.045437484,0,0,0,0x73f7b886e03610d604a3ce53be50b2eab5ebbf9dd185a5a3911cac2b4651ad74,24546453,0x28c6c06298d514db089934071355e5743bf21d60,0x429ab02ccef3c77845b5e08f2aad87d95d82ef41
0.50746102,0,0,0.247223673,0,0,0,0x0f33c234462b3b5c7150a7b8f232cd76ffb7b17f010c5e6a6cd89c251d306bce,24546446,0x76ee04ca9717bfc48b326b9bd52f828c3fe4c375,0x28c6c06298d514db089934071355e5743bf21d60
0.892466964581885,0,1,0.247223673,0,1,0,0xaf7947df889fa02fc2a6b281c6937967371d6fa9e0d1407ad540ffd0900dd61c,24546446,0x835213a91aba86d29c4780302b8a6c9f502aa558,0x28c6c06298d514db089934071355e5743bf21d60
0.944994958017285,0,0,0.247223673,0,0,0,0xd2663e228a908d53fe70624676d6cacae9910d244837701e2cf820246f6208ee,24546446,0x0716c7c4a19033a4bd7a2218a75069356fdfcec5,0x28c6c06298d514db089934071355e5743bf21d60
4.377294448061651,0,13,0.247223673,0,1,0,0xe0a1dcee5bb813cc8949efbaaf411a2ea62dabe48323d065afc5906ea5620284,24546446,0xd275c77cc1dd410ede0690dd8a9b3af729e4dcc4,0x28c6c06298d514db089934071355e5743bf21d60
1.169958,0,0,0.250129938,0,0,0,0x030d8f5355cfaa9e77a1a47af0086b76852e146a3480e1cd5943638b0360a772,24546445,0xa965950419c5831b859ed9579162a1d1a722c955,0x28c6c06298d514db089934071355e5743bf21d60
0.999991484663884,0,0,0.250129938,0,0,0,0x840a089a3a4c5dac7f33e36a0513e983db146e97c6d118a81d404be056e89dc4,24546445,0x6bc575601739be907f0b21bd0a39c692d631d9ea,0x28c6c06298d514db089934071355e5743bf21d60
0.14689052,1,0,1.050129938,0,0,0,0x374c15094c0bda766d46d876dea58e6ecae5d539c2edfe29d62cd092fe0151de,24546445,0x28c6c06298d514db089934071355e5743bf21d60,0xbb51821a59d9c0de07bbb0bef97e44e638e9bf22
45.20042996,0,3,1.05372002,0,1,0,0xd956dbcbcbe2b4f45883bd88fd986aa568dfb0b7611450ead8296e5ac127d423,24546443,0x28c6c06298d514db089934071355e5743bf21d60,0x083059bcf35e4d458d381f25314404d8a6f787ef
0.06573559,1,0,1.048854112,0,0,0,0x933fa42d31547fa90b6495b96de7a53f7e59e3234ccde9bedc1dfd5fad237a01,24546437,0x28c6c06298d514db089934071355e5743bf21d60,0xb62443a0abc52871e1c42e2d42d0d99a043fd543
0.53857814,1,0,1.042795244,0,0,0,0x5e9fa645b8c806af97f35703b3af7ee323a7eec27207bec08657394af0788595,24546424,0x28c6c06298d514db089934071355e5743bf21d60,0x96a102cf5f5e4c6fa7dac60b57b220aa558461fe
0.04930225,1,0,1.043596048,0,0,0,0x2f7a3804fc5447f33904168ff3de4d295c69f50b5a0b611c6d3d9f389554f00e,24546414,0x28c6c06298d514db089934071355e5743bf21d60,0x2fecb5265b968964fec196eacd9c0e6b5c55d3bd
1.02985,1,0,1.038963642,0,0,0,0x67c6844c9ea1f98f501bab3479e9367c136731c32307d788b39592ac2bc51bd3,24546408,0x28c6c06298d514db089934071355e5743bf21d60,0x1170ca765e3bc2a219ebc86f65566c82557c190f
0.00272977,1,0,1.042473807,0,0,0,0x3e5de038037d84d1c39dd32e29851d819b610a7041f31f937369a7fe00515dca,24546398,0x28c6c06298d514db089934071355e5743bf21d60,0xc12156b3e91fae108457bb775b3e2c8d1da6d73e
49.86322488988203,0,13,0.243057875,0,1,0,0xdf3d329e51fcb0dac197724579ea15e1b19cf437bcda15c834e6569271e7b4f4,24546397,0x483a910a7479af5bd1333014af97ee5c733a7052,0x28c6c06298d514db089934071355e5743bf21d60
200.09999019000423,0,0,0.243057875,0,0,0,0x76725a072f52537c989132dee436546ad5aa7f4e969d85750badbbadb8ade09b,24546397,0x3af2c92d892056697ff095d8ded9695d25c93da3,0x28c6c06298d514db089934071355e5743bf21d60
0.5163032493758435,0,0,0.243057875,0,0,0,0xe6d19a3bfee9a28615c46e0ec693280f63d1a8a8537cdb9b50402b267fee7f9a,24546397,0x5888a75c5f870412660c116cce385f10907d8fea,0x28c6c06298d514db089934071355e5743bf21d60
1.6999555321277011,0,0,0.243057875,0,0,0,0xc7377e93d3dc6d30e3aa311855be0b5ed9409f8e87f4effc5447cab36ca0652c,24546397,0x9ba4eaf2425b6c21ac0d81f204e2bb5e93027263,0x28c6c06298d514db089934071355e5743bf21d60
0.58441943,0,0,0.243057875,0,0,0,0x167c595e25e7b88ac381e8922a4692fad02d33c672c5bf34ece234f79564e610,24546397,0x0a68bb29707a12c8398ea910b6d8c35c8cb8f270,0x28c6c06298d514db089934071355e5743bf21d60
0.5693966538539117,0,0,0.243057875,0,0,0,0xf589eeb5a992860942a61cea3156886e26053cf32b8bbea51b9dda1c0dd32348,24546397,0x4dce42aa99747631c3389567d4d636276ed9c6b0,0x28c6c06298d514db089934071355e5743bf21d60
0.4999806493317064,0,0,0.238274572,0,0,0,0xa89c9cf08c22470e4d64ba21afb3be6aa4f2dcc80b8951dcda3ae873b8863070,24546396,0xd08521127d0d9bab79e56a2af836a412e1d24806,0x28c6c06298d514db089934071355e5743bf21d60
2.99985,1,0,1.048213535,0,0,0,0xca9dd4b5c57a82b5557ebe421a7509cfeaf4b5eba057a36559ba4135a0813340,24546388,0x28c6c06298d514db089934071355e5743bf21d60,0x836219ebfafd339d1bbb41cef918ca19f1b58869
0.0201297,1,0,1.045245662,0,0,0,0xc5e3543be91289205e92a4503503ff5d65e1866d242d798a0dcc9221ef2b3977,24546378,0x28c6c06298d514db089934071355e5743bf21d60,0x05b805d81412af05ad62a8729933f2e0fed9162c
0.0554943,1,0,1.038871179,0,0,0,0x8382e913305b0823160ea8e0ae4933ab0d0c4ef2934a6175d8f4c2b340ecca99,24546370,0x28c6c06298d514db089934071355e5743bf21d60,0x240af7dffbdcfd6ce3a5dd1bd4d309c937a6b924
0.16,1,0,1.041351812,0,0,0,0x73b87924808978e7bb554b8cbdcd715ed02381651542d15532cd86a1eccaaa10,24546364,0x28c6c06298d514db089934071355e5743bf21d60,0x3d1c4f1e1b38efd0112658184d30347ee8e11067
0.00564449,1,0,1.04046499,0,0,0,0xd96b382fc6f826586b0780a6d09f185f0dea537e887c3f33eb885786c20a93e0,24546356,0x28c6c06298d514db089934071355e5743bf21d60,0x7f227a2838f0fd221844df29058227b7a7c5b588
20.95067051958118,0,0,0.246847028,0,0,0,0x66828ba8e621665c0a1f2dc4887adc5f3cbd31c3afde7c883ba8a0a3c9ef7ea2,24546347,0x5f63c81197ba579518e49f5e09264be341e1a7b2,0x28c6c06298d514db089934071355e5743bf21d60
1.02200459,1,0,1.046847028,0,0,0,0x7c5caac8d8bc773e97b76093ae53a98fd79e86e62805624606f959f4343e1b17,24546347,0x28c6c06298d514db089934071355e5743bf21d60,0xdf48710c9ae74eae055acdedb081eaf50a6bffcb
0.26951773,0,1,1.049664773,0,1,0,0x5f2fc65a53c30caab1065bf7400214d7d324060548d6aa4b6c8e6ff61ebd66eb,24546346,0x28c6c06298d514db089934071355e5743bf21d60,0x84c01391cb2018776730da7511d02a7f2f55ad74
0.06059,1,0,1.046012665,0,0,0,0xc2f437d13654381bb8fcead149a570a59249e9be1409a681feeb98afcea00291,24546343,0x28c6c06298d514db089934071355e5743bf21d60,0x66a7dc644e9dd0d05e558a751545a3f1552ddc03
0.00602493,1,0,1.047481304,0,0,0,0xab19502441103e739be6b268dedb3b84d47c8d9a69710f84d7f104f9f7387f18,24546336,0x28c6c06298d514db089934071355e5743bf21d60,0x45dc05021244acd12c770b50337c01e011531a35
0.25059105,1,0,1.047481304,0,0,0,0x1e17d503717ca35c852ccf0de4f1b03f69d13af537fb093b21e51b517af870a6,24546336,0x28c6c06298d514db089934071355e5743bf21d60,0xbc2b4c9ea05e4dbda3c3e2794a9b429579b8891f
0.9999845036244372,0,0,0.244964192,0,0,0,0x749374847eede225deb511433ef6bccccb03b5930cd774832458d52e8e013f0c,24546333,0xe9ed7c678740b4e4b9eee2f9143085ad6091fce0,0x28c6c06298d514db089934071355e5743bf21d60
0.01565,1,0,1.044460498,0,0,0,0xdc3a324efc044b1c8337c69b950c6b720fd6a57641d3b1d5bda5f80cd19afb00,24546331,0x28c6c06298d514db089934071355e5743bf21d60,0x3766f700ab5d8da22d5e839474433cf969f3b692
0.00578481,1,0,1.043246796,0,0,0,0x8a84f6b11f9d1b44cee02df73c147e7eb9f570335647018aa6022001187f5977,24546311,0x28c6c06298d514db089934071355e5743bf21d60,0x50569b5c69e2ff34ce801b15fdb37485852dc466
0.00341043,1,0,1.042018352,0,0,0,0x3ac54018ae589c0edce1fe0c91e32f879ad2dcec7d9b837361628d1b34d9fda1,24546307,0x28c6c06298d514db089934071355e5743bf21d60,0xd4c544049743c3b32c7441c8082feb87527d9cb5
6.7698977248102725,0,3,0.239162921,0,1,0,0x3a18f6558078ef6a50b80171901541eb0ebd6752e8378c28f54a67215c7c5491,24546297,0x88bbcaeeaf0dca4ad50e8aab9387cd78c60be758,0x28c6c06298d514db089934071355e5743bf21d60
1.443897973411651,0,0,0.239162921,0,0,0,0x333726baad6eb607749c5bd4c1f4a09931f79f052136d0b5968a9bb644a357de,24546297,0x4ce21bcf7207544f42674c3ae30a0ad2d6673e4f,0x28c6c06298d514db089934071355e5743bf21d60
0.6114614319564556,0,0,0.239162921,0,0,0,0xa71455ec43316eca648187ebc46c210c183d305b3a5245b02c5d67c5b0c13b13,24546297,0x84e5addfa8e90324a2d94726b71b42ac8a92b5db,0x28c6c06298d514db089934071355e5743bf21d60
4.958094111429063,0,14,0.239162921,0,1,0,0x18426dc593d4f707858d828d03be9685110d4bce9ac17da0d5debe58fa377039,24546297,0xd275c77cc1dd410ede0690dd8a9b3af729e4dcc4,0x28c6c06298d514db089934071355e5743bf21d60
5.251510839496272,0,0,0.239162921,0,0,0,0x231cd2945da8d6e63d2fe9b4f61dfe5bc9495a05f5bc89e104e2f79330f6b573,24546297,0x86b499104efb08a1c3ccf4c5e1b97a38ab8aadfb,0x28c6c06298d514db089934071355e5743bf21d60
1.2666350690470858,0,3,0.239162921,0,1,0,0xb078ec10a4d1805205e770901c600530f9d9d8a5f9c672b0a3f30218eea73d83,24546297,0x09f1191c26f8e39d6a69bba889c917f2776b5827,0x28c6c06298d514db089934071355e5743bf21d60
32.999994930572846,0,0,0.239162921,0,0,0,0x6eb43dbc7d6253c315164d854146c85942dabc5b41224f014a30965d70866d57,24546297,0x22540c30e62ba866ab72f518fb2b00a408653a29,0x28c6c06298d514db089934071355e5743bf21d60
2.015197339679005,0,0,0.242766032,0,0,0,0x445d8a410dd592ba44fa80d5e100df88f80cebf1515e48328b34f7ad8b1d1352,24546296,0x5ed66eeec045d7cc287e76470ea71993f9c82423,0x28c6c06298d514db089934071355e5743bf21d60
0.812451328705299,0,5,0.242766032,0,1,0,0xb31c0d438d464ea6fd6eb320e99f4eb31f7a9c71e7e31a01ec0d3328d2a0f29a,24546296,0x4baf3c7866922ee42ec2ba6046f270b8dd5432e7,0x28c6c06298d514db089934071355e5743bf21d60
9.9998875182554,0,3,0.242766032,0,1,0,0x288ce2acb1222acced5302ed9375528f455929fd4f2714228521048389ba34b5,24546296,0x768e1c2554461904222aad24e30ea51eb0a738a3,0x28c6c06298d514db089934071355e5743bf21d60
0.378594,1,0,1.042148707,0,0,0,0x90c200b271c765d88289cb38090aec588bc621a6a83312c9f410fb54516f2d37,24546287,0x28c6c06298d514db089934071355e5743bf21d60,0x2e6811e2f5890b9413b8b1d72438404426801f0b
0.04002546,1,0,1.04299583,0,0,0,0x50fd617bc7a15f6a878dba1c400deac537d39d861bee255227f2865207377e34,24546286,0x28c6c06298d514db089934071355e5743bf21d60,0xf79c59fcfcde70e0253dff191b47371335bb1f2f
31.63695223,1,0,1.039461962,0,0,0,0xad5ea2843dbd0a26258752f8a837194312e73e91a3529d1d0fdd6bc5faf2fffa,24546276,0x28c6c06298d514db089934071355e5743bf21d60,0xae8cbb7e810f59fd0dd939b2b6623756d91b174a
7.8252866,1,0,1.03946244,0,0,0,0x19bc74d5f547d5ff97f9141ae7b963a4009073d63771f6863dec12547ca88f64,24546265,0x28c6c06298d514db089934071355e5743bf21d60,0xe781868a477581a523649b67b2dedf4e0050f5d1
0.0146041,1,0,1.041200818,0,0,0,0x5357d56e5e9f927d054c345c55b0a6bf157266b4cf7538dde0b4f06dd11ffacd,24546254,0x28c6c06298d514db089934071355e5743bf21d60,0xb248ebd8ff1343c24a89a641ffcda9bf60be3354
0.00456618,1,0,1.040166985,0,0,0,0xfe2e7ffb50261a551ae53909f55228023da53555de69671df92e3b8048463ab5,24546249,0x28c6c06298d514db089934071355e5743bf21d60,0x7e1877e7ea180fe5872ad4bce5eee4c8290eec8f
6.728579545042831,0,0,0.241924711,0,0,0,0x76549d2ace4d6d063cb4f50f0212242084a4fb5a99160819a0184dce1c1816c5,24546248,0xcf010dea953633f39720279e653c164c759fe548,0x28c6c06298d514db089934071355e5743bf21d60
18.61957834527252,0,3,0.241924711,0,1,0,0x767a0438823432004b54cff01339a13a22dd0ba62360f69990532d284987fab1,24546248,0xd9b1d34494f7fc317c31e825a4039d14ff4d0f49,0x28c6c06298d514db089934071355e5743bf21d60
0.01593682,1,0,1.043308478,0,0,0,0xffe6962165872df0b1ad0084a90f6edd6a81f476fe3c280952c236e6ea38c114,24546246,0x28c6c06298d514db089934071355e5743bf21d60,0x08edb5387f0015e52bc8cd52903915fd43de1f4b
0.00375095,1,0,1.040510963,0,0,0,0x4b5dfd3c85cf2bb725041b4746ac329b60455b9a80139b4e65f50b2b48297e07,24546242,0x28c6c06298d514db089934071355e5743bf21d60,0x28629704ce8ab74a3be9fc724bdcb403ce4abe3a
0.5584409429648064,0,0,0.242673692,0,0,0,0x40e3a3ac25d42418809379e1143c4f4da7c3ba610dd0510895d8d9209be40ba8,24546238,0x2d5106fe3b81f132530b25e5cca94d2530348c1b,0x28c6c06298d514db089934071355e5743bf21d60
0.38105,1,0,1.043052246,0,0,0,0x48175cc6a7cd223047ae3790a6cfe8de6fe28b2ac39ee6475855c79e441dd337,24546229,0x28c6c06298d514db089934071355e5743bf21d60,0xa66f52a8edba5be91dd9ca431fb41ded93b62b88
0.01893605,1,0,1.042339194,0,0,0,0xac9ecec884c54b22cf8d8a4414ef03a9743e05fd04e0e0f6973870cef58b7705,24546224,0x28c6c06298d514db089934071355e5743bf21d60,0x33311ea8a8f4cace9f116caf77d424ca03c1e7ef
0.00257207,1,0,1.043099171,0,0,0,0x2eb1587d4af97be7b76d84883ea2206f3821a96bf24df06e84ddc51ee9783548,24546219,0x28c6c06298d514db089934071355e5743bf21d60,0x35acaa787bd9779e8c9cb5fbe6a22e8f68a30289
0.00228501,1,0,1.03837591,0,0,0,0xefb47d41ed9395f607226e3adc0da963358002504e08368e136ae9e6ab9cfeef,24546218,0x28c6c06298d514db089934071355e5743bf21d60,0x74ca3521fdd3ddc8314962c865a89bb875591eb3
101.21997264631916,0,0,0.241497275,0,0,0,0xbb18303bb5dc9fa2450221087b8a3ab4045ce04642451116b36b4abd0cf8d9ef,24546213,0x6c918a7e2fec81cea41366672cc9e7ced5ff633c,0x28c6c06298d514db089934071355e5743bf21d60
0.00185,1,0,1.041813593,0,0,0,0x3005e0a04ecbe38706aaa96eee6872021028df978a3df6d2e2d96153c235bc76,24546211,0x28c6c06298d514db089934071355e5743bf21d60,0xc7f98cce2efaffdbfc3a580fd51bd0d2a744d97a
17.654494092810737,0,15,0.246711379,0,1,0,0x02f3eb41bcc4f2d5a62af39688a2860f9a5b9b84b7cc7746c6bc6b40affd3b30,24546198,0xd275c77cc1dd410ede0690dd8a9b3af729e4dcc4,0x28c6c06298d514db089934071355e5743bf21d60
0.00555,1,0,1.045747076,0,0,0,0xf3b462e1015a90aad12ff521344acfa4094e49640bda68811d726bf05da632ca,24546197,0x28c6c06298d514db089934071355e5743bf21d60,0x2ae90bfc58c04a5df50dd40767bbe90dfc5bb0f5
3.149894915030579,0,0,0.241635233,0,0,0,0x31633548ed13642717f7c28db0e0c259b9997c522538b11e4b159239c06ff11f,24546188,0x27669041e598348c12584cceedb3ab1857d04a58,0x28c6c06298d514db089934071355e5743bf21d60
1.799988320563675,0,0,0.243338951,0,0,0,0x9db4f1a0738861f391e7006ccab8ac56944e5404ff7f946262b865aa8793400c,24546184,0x44b7648aee8c14da357c65eb9035f268e78d452f,0x28c6c06298d514db089934071355e5743bf21d60
1.196680442603053,0,0,0.243338951,0,0,0,0x3b8b907105eb93919acc5ed2cf96566b7716a05bc1fa8992b194e0c4f225a02f,24546184,0xc0d73b2173a8bdb56d0239ee3f55a9b1856b2e6d,0x28c6c06298d514db089934071355e5743bf21d60
0.508993143556031,0,0,0.243338951,0,0,0,0x6dbf040b4e7762d3dea8d7423623da8ed9f74476acae6f558064eb8263d52349,24546184,0x56925b145c879f6347e4f4c7f971ccff3e7c7786,0x28c6c06298d514db089934071355e5743bf21d60
1.239594789507363,0,0,0.243338951,0,0,0,0x1c85b95a12e9316fb58a5f29fd73053c453f0d53377b6b1c045416db48397922,24546184,0x538caa6b4c975dfa28de6a408a355352a8d4acad,0x28c6c06298d514db089934071355e5743bf21d60
10.06997028493036,0,5,0.243338951,0,1,0,0x6837cc40a4f2968a739cdf5821bff8da3936fcde887cd168394a0e881694498c,24546184,0x3c7201f61c491ae4772138fe150008d546c450d9,0x28c6c06298d514db089934071355e5743bf21d60
1.982653,0,0,0.243338951,0,0,0,0x724330473ca011c7cfee7688a4a252aca284e6857e15a29bd066cdef6b4836bf,24546184,0x669ee7c2a159f719454d6b366d4eb8896797e0ce,0x28c6c06298d514db089934071355e5743bf21d60
39.99998741898632,0,8,0.243338951,0,1,0,0x703e31458fd4316b1fd51d51767df493fe286764b72ddebccd8401d20f5115ef,24546184,0x5b702b24b00a37b61ff9d71d91fed1a629edd1df,0x28c6c06298d514db089934071355e5743bf21d60
0.9992805208082678,0,0,0.243338951,0,0,0,0x0eaea7a1bc404df8a2f0e56cd3059e34cf762b9df590521840061a4eefa68e01,24546184,0xe6d0a9d93e43463e36576c9fc4cacd5abb30d0ef,0x28c6c06298d514db089934071355e5743bf21d60
22.396764745945088,0,14,0.243338951,0,1,0,0x835eb97794b8c6d4480bc74cb88b88d503fafb07d812ff07ae792c03b69d7978,24546184,0x483a910a7479af5bd1333014af97ee5c733a7052,0x28c6c06298d514db089934071355e5743bf21d60
3.090702098635042,0,2,0.243338951,0,1,0,0x50af0eb3df5dd6db1065c88a59f7bcf664e8f9140aa502b3684e87fefc21cfe6,24546184,0xc4d76f0524ea7466356a1573cad9beccf0c8269d,0x28c6c06298d514db089934071355e5743bf21d60
0.5069836402458612,0,0,0.243338951,0,0,0,0x5dbbcf935445e3d745f7f189706370936faa11198070f2994b8c9ca2fe4b75a2,24546184,0xa04a92eb2a5c547633e8b91263aef78b158b6939,0x28c6c06298d514db089934071355e5743bf21d60
0.91104557,1,0,1.04881798,0,0,0,0x643797d33ce2439adde9763c2c7728563dea90f192d2452f48e8f8e5f65d8d5a,24546182,0x28c6c06298d514db089934071355e5743bf21d60,0x16a109109d2729c9270cd9c18470c8cfa3bacf3e
0.7291565,1,0,1.046175212,0,0,0,0x92d757ffd489588d528ab2006c3b04b1c6fb331e8345a36125ade339aced9e78,24546173,0x28c6c06298d514db089934071355e5743bf21d60,0x0cf6e2d4bef04d1cb7eda81b3236a2b1952ad2be
0.01,1,0,1.042536953,0,0,0,0x1b4d55869558c35c0b72613a71517423953262be642997fb723ec52aad7996d0,24546170,0x28c6c06298d514db089934071355e5743bf21d60,0xb071932b803a81f343ad4febd714b9f227fbcb18
0.038467,1,0,1.042680882,0,0,0,0xf65bd89a24da7bbb8f079a0d802d80813b064ce13c4627db49606c5cee20694d,24546168,0x28c6c06298d514db089934071355e5743bf21d60,0x6c95b644b78147a716df3c2c4adfe494e55b871f
0.49985,1,0,1.044166513,0,0,0,0xc16d9300cd22e9de7ea66edc8004b10f02f944c0ed78ade6a223d871f9011eb0,24546163,0x28c6c06298d514db089934071355e5743bf21d60,0xeafb1a7bb2da730911e246ba071a59551d581a40
1.669995129361598,0,1,0.235533298,0,1,0,0x2b2871b0d149c7a3e97303d611013093011ed9dbb121a66af8d2301e69270785,24546150,0x2057a43e2c1f8b55403586c669a1ccfdd4ec4401,0x28c6c06298d514db089934071355e5743bf21d60
115.99993890619083,0,2,0.235533298,0,1,0,0xa742ef9cc11929233ff6a85c11ba10bb51f7e0d8c7b84f9abe23e0f4960ec649,24546150,0xee845948e6806d12e966137caa07d49bbe632fe3,0x28c6c06298d514db089934071355e5743bf21d60
1.0027034772586074,0,0,0.235533298,0,0,0,0x9699c35fe07032a5e3aaa4fb6f9d27650a0b4d83a7b30a16c5089612abca0955,24546150,0x1e6979d8f96568c08113a8f1a1251c5f6c8dad84,0x28c6c06298d514db089934071355e5743bf21d60
0.699993665371988,0,2,0.235533298,0,1,0,0x4b220c8fc559ce0d3abab60b62b3f8b5110c8cf60cb3a1d1f37db9bebf0d483f,24546150,0xec8fc575eb1ab72e6f06254439e71010cfbbe9d6,0x28c6c06298d514db089934071355e5743bf21d60
14.99943733606889,0,4,0.235533298,0,1,0,0xe96b5be5acc303d89b43160e5ae28b752f23c9ff3ee51ba4fe3131cc486df70a,24546150,0xb46a0f71fded6ceb00b1c9278e0ac7e22c242df5,0x28c6c06298d514db089934071355e5743bf21d60
4.399994772649571,0,0,0.235533298,0,0,0,0xc5ea8bcfdd05f60aaeb99e2382353311ba7b1ead6986315d141c73445fd6e73a,24546150,0x667a0324286f2f4eef69fc99d7fbb249ae4263ac,0x28c6c06298d514db089934071355e5743bf21d60
5.781854999553708,0,0,0.235533298,0,0,0,0x5a9ab9199d3f647baf333ffb2fdaf146749f41ba683e31fdc53dc65ec0804f9e,24546150,0x2767b11afc19c8b2407a381843126d80c4de374a,0x28c6c06298d514db089934071355e5743bf21d60
0.580696379333362,0,0,0.235533298,0,0,0,0xfb5a7d9a2dadf011a008ea24a54d27153e15bd929031373faab76fcda6e318ff,24546150,0xdbc47d94cd48bf8ff799b77f7ff1894e737dddac,0x28c6c06298d514db089934071355e5743bf21d60
0.5554394552782141,0,0,0.235533298,0,0,0,0x10d4cd80d96786343f81a271b9c66b3f9fcb9fea752ca64fc260e94265bd920d,24546150,0x331a30d694cd2248f1f5c6c565e09ad704a99772,0x28c6c06298d514db089934071355e5743bf21d60
40.0,1,0,1.035533298,0,0,0,0x1b21fcee05b883c9f7d2af044cdc62e444579b0db45937c90d07a8e1d4c2c11c,24546150,0x28c6c06298d514db089934071355e5743bf21d60,0xfadd29afa654507d1bd040bb4bb8c30859203536
0.56088853,1,0,1.042893883,0,0,0,0xd9e16afc4c21d0266fbc59eef1e138e2b5dfd89feacce2c6049687cf007a001a,24546144,0x28c6c06298d514db089934071355e5743bf21d60,0xdc4bff7bbb1b437ec9f7f1b1f57da6eb93cc6f57
0.03265983,1,0,1.045485692,0,0,0,0x70af45b19de56a2c7f7e34523d2306db3f149a83eca6d1d1aac5264d4610bf00,24546143,0x28c6c06298d514db089934071355e5743bf21d60,0x2d9cf43d1824a760341f78d523fe1a69407e4d92
0.03484465,1,0,1.042193418,0,0,0,0xa9713440446da21d2b6a9e2be8f6d42ac2a7ff0c7711bed06c587f826ecf216a,24546132,0x28c6c06298d514db089934071355e5743bf21d60,0xe6c12a7f913f050204a5aad20af7beac15504b92
4.9863,1,0,1.048062124,0,0,0,0x468e0e8570ddeb4c70f276a6769de6a10d515da945dc1dfe144207954b0f74ae,24546124,0x28c6c06298d514db089934071355e5743bf21d60,0x1fb8be045db882c98974c526f8676e7d0b79ae95
0.40685,1,0,1.0447171,0,0,0,0x375e07744a743dcf4655582b7b7649d20587fb624793343b15521d4dc429c2f7,24546113,0x28c6c06298d514db089934071355e5743bf21d60,0x2aca2898f88965868c1abb78d5fc4bc7298e12a3
0.01174275,1,0,1.044840272,0,0,0,0x30ecac9e927bfae31b80190489694be4676bc969e47a976d55c5f08733fe3e39,24546112,0x28c6c06298d514db089934071355e5743bf21d60,0x77c35d222d49ac1a6b50209a01f70474fa0bffa2
0.00185,1,0,1.041675253,0,0,0,0x3cb370deede7d04d0a3ad02e86a062c623ff4250686fea9060fd4706b621ef0d,24546108,0x28c6c06298d514db089934071355e5743bf21d60,0xe6131fd851a46d29c806f50c2ada19b045237f5a
74.79985,1,0,1.039888667,0,0,0,0x5e68aefae0306c19e81be31a176bc2d6f3f5a56e7574f59e9dea3ee8d0ae2fb9,24546100,0x28c6c06298d514db089934071355e5743bf21d60,0xb8608d68109fe37e04649aad868fd70d5bf6709f
17.98549406237604,0,16,0.240246068,0,1,0,0x34d23610e558d44667af7acd31652fdf2607d8654e144d899eb5f6d6a79ee723,24546099,0xd275c77cc1dd410ede0690dd8a9b3af729e4dcc4,0x28c6c06298d514db089934071355e5743bf21d60
0.998831114702564,0,0,0.240246068,0,0,0,0xa6637b9214ec12b61325ffbedff80820fba17592f87698ba8f788293150e3ffa,24546099,0x604a02a29106f0d1c954557dc64a06fc9da4a463,0x28c6c06298d514db089934071355e5743bf21d60
0.7359123169440178,0,0,0.240246068,0,0,0,0x8ca289dcd3934ce0b9c9fb40ccdf5fc7107ee83a85767d472da0c98f068e3095,24546099,0xd2436ecb3e57f72f40b84f06bc1e179fc86963cf,0x28c6c06298d514db089934071355e5743bf21d60
0.5138644477534885,0,0,0.240246068,0,0,0,0x7d018aedd9ef9683dd04caf3daef851efa74e50625be00890badbf932db0b299,24546099,0xb3a4daf0017a0bc13a4aba38677d86dcd0e636db,0x28c6c06298d514db089934071355e5743bf21d60
0.53999303268321,0,3,0.240937201,0,1,0,0x4c3696abd32df9b2e47e5886bf3235478d2e47870aa33f695eaeabe9b915915e,24546098,0xec8fc575eb1ab72e6f06254439e71010cfbbe9d6,0x28c6c06298d514db089934071355e5743bf21d60
0.06818502,1,0,1.03721305,0,0,0,0x16924174025ed80c95c852e70677ab8150ae8c63baa5ba1f9448246e6ef32344,24546090,0x28c6c06298d514db089934071355e5743bf21d60,0xd65786fed4bb02bd1b909b1124562febe8ecd440
0.0165403,1,0,1.041445022,0,0,0,0x9387e36627200cbb34e40f163b1cda0d0291de5a8d9fdfb780ead5165139b8eb,24546071,0x28c6c06298d514db089934071355e5743bf21d60,0xf47310dbc13e2badd73d4751528a80416c1ca3b4
0.00982,1,0,1.04814989,0,0,0,0x3919715dcfb86219f8a4275d3dde3aea157c4facd9ab4385642b5e09a9c81270,24546058,0x28c6c06298d514db089934071355e5743bf21d60,0xffe21c094fd0a5a33dfbf9f532bb9d67531ee92f
0.03645,1,0,1.04814989,0,0,0,0x386f1c990a45c25f2fe274d80d20b25b91fd8d16dd1c32c68eda7345e0bf832a,24546058,0x28c6c06298d514db089934071355e5743bf21d60,0x19eddd2d5a3806a069e1ddf7d1581dfbfca1712f
1545.999994768247,0,26,0.246927868,0,1,0,0xc80f6f7eaf9744a865d96dce1445de2813c53b1d2b5607fb94461211cda385ae,24546049,0xeae7380dd4cef6fbd1144f49e4d1e6964258a4f4,0x28c6c06298d514db089934071355e5743bf21d60
5.390645803855015,0,0,0.246927868,0,0,0,0x967f157724c02c4d82fb2576c2be6e63d24dc10a68f58e22b5bc688703f4e805,24546049,0x108457ce5188dde25ae9c1192d5a0c07ca3aaa13,0x28c6c06298d514db089934071355e5743bf21d60
0.01666423,0,1,1.045393252,0,1,0,0xb43af125c5d9b5b6ea8b1b088338dc8ee1682462b6b0739bcf6f16d79190c770,24546047,0x28c6c06298d514db089934071355e5743bf21d60,0x2728d0fa57565e58da5d291bb621e00887a50c73
2.3594196931594245,0,0,0.239394101,0,0,0,0x0f903d51c5848a4c2c9579a93dcb23b0428f5c154b322b80f9f1ed1e86a65f5f,24546036,0x1738f51d4222ac6636f89ce91f3b79efb7dd2307,0x28c6c06298d514db089934071355e5743bf21d60
22.795794250729728,0,17,0.239394101,0,1,0,0x4437de280703ccdbe48382fce6df91fa0bac999a4240c42a47ad4f67e5c00c74,24546036,0xd275c77cc1dd410ede0690dd8a9b3af729e4dcc4,0x28c6c06298d514db089934071355e5743bf21d60
2.587849009482467,0,0,0.239394101,0,0,0,0x675aa16b3ce840011785e2c02beade27b9d80a7a56c0afab1e959b37abdcb65a,24546036,0x5eaf5412331b251d0f6f07da1e724ae8ef8fe31a,0x28c6c06298d514db089934071355e5743bf21d60
8.644537972021636,0,0,0.239394101,0,0,0,0x9a8e8d6457bd2cadb488c4ac9114a0dabe5e3f3d619edd250cba5f27457700e3,24546036,0xf6fbc38b8c2921a71ddc71bb8da3ef3f89e58e55,0x28c6c06298d514db089934071355e5743bf21d60
99.99999053769832,0,3,0.239394101,0,1,0,0xe148f47122ab9a05de6cdbba2ac8894e3f2d0eed67ca72b7bfb16513bddb3545,24546036,0x19442f436932bfb446bce8ea820bdf0f5a2443e2,0x28c6c06298d514db089934071355e5743bf21d60
1.894705319967181,0,0,0.239394101,0,0,0,0xf1ef5c5a0c076ce15d3773e9a1b878c9910c5e7709748a31c2e8e8dfd367278c,24546036,0x188194fc65b3d29636c1b7e0ef27a5778f53fda7,0x28c6c06298d514db089934071355e5743bf21d60
0.33217195,1,0,1.041812729,0,0,0,0x376b66c7524cdb51f4324f0442965e68da922c314b126e0e43730b55ae17af43,24546034,0x28c6c06298d514db089934071355e5743bf21d60,0x5a702f407277525d1ddb2fc1e6c731b20ce707f6
0.00485,1,0,1.044436074,0,0,0,0x2ca0c8d0b3e467bba57982e7649b92ff879f802eb7cb3bfd7b19d7e690f245b5,24546016,0x28c6c06298d514db089934071355e5743bf21d60,0x5991bdfdc4e495fe659bd8db6d28d017a6547eeb
0.00485,1,0,1.045255223,0,0,0,0x3dae37a3a9f7899e905fac9594b80e060d3e041b436fdfec9bb5025ba5dc27d1,24546003,0x28c6c06298d514db089934071355e5743bf21d60,0x42bf5681a3bec188d2e67e3f82f72d4df6f02585
3.14975,1,0,1.048225422,0,0,0,0x7627f2e454796c6791e292dfa848f3b223257396d82a9dfed8760870465fba86,24546000,0x28c6c06298d514db089934071355e5743bf21d60,0x1f8137749c6102401eaaab4fa25b72a00dd00aa8
7.627953615569068,0,1,0.250021252,0,1,0,0x7452a4563ea7d2e3a82f254bf06e5f770e58f14a4a77b87a2ab6469015ddc64f,24545999,0x2767b11afc19c8b2407a381843126d80c4de374a,0x28c6c06298d514db089934071355e5743bf21d60
1.0224068098892725,0,0,0.250021252,0,0,0,0x1119cac7af8b223aee3fc094482b87526be3ce4d0e79c4a222b4d53c57e0d3e8,24545999,0x95922c3239da17de586d1f94d620170f15f8e069,0x28c6c06298d514db089934071355e5743bf21d60
0.578955188969279,0,0,0.250021252,0,0,0,0xaa9e0e4eb198113e6021b0d8b4db6a982cad7305b5961ab30e1a336b99bd9239,24545999,0x5e935c99f0d892959d108f4e783215e2f1607858,0x28c6c06298d514db089934071355e5743bf21d60
0.4914845018428656,0,0,0.250021252,0,0,0,0x5609d7119bb21bcaa4e4e8b6f5e0c9613f69a041ff102e0b1fb7de265b265b1d,24545999,0xb8629ca6bcd73262d647fe9f6ae060b48fa7c12e,0x28c6c06298d514db089934071355e5743bf21d60
19.999943193171003,0,9,0.250021252,0,1,0,0x7eb789551c247174c25aa95138269d1889ed1160d665bba1384d17a6e1f7926a,24545999,0x5b702b24b00a37b61ff9d71d91fed1a629edd1df,0x28c6c06298d514db089934071355e5743bf21d60
1.4304089389090422,0,0,0.250317593,0,0,0,0x18ef54382386ad80b0a4215dbbb299322f9a204c2efa5a34097edfde950e19c4,24545998,0xf2c4e42070aa342c7a4c11f7d14650998ce5ec25,0x28c6c06298d514db089934071355e5743bf21d60
0.4871174931759521,0,0,0.250317593,0,0,0,0x2710654440fea9b7f85e8fae4869e379290a47e781a84da4c9d13c14fdc8cc8c,24545998,0x6c6f86561fa6044d7bf5a890ed5642c9854ef615,0x28c6c06298d514db089934071355e5743bf21d60
0.4878615,1,0,1.039430984,0,0,0,0xeeffb5bc27d45eb3e44b9648715c01cbe17d79af3878f4be67022509cb8a330b,24545991,0x28c6c06298d514db089934071355e5743bf21d60,0x29ba483b6b13069ad385210a84f6fa2373620f69
0.30756655,1,0,1.038318707,0,0,0,0xca584507af88e7bed00dfd6a6a6039b2cb0173ab73e814fd067a021d8b576c0f,24545981,0x28c6c06298d514db089934071355e5743bf21d60,0xda99714b4f6985a0d99a1f476d31234e88e7d6c0
0.245354,1,0,1.041765475,0,0,0,0xf3e9d5d537ce6981a66dca71355cde2e1956110f20ccd1fca4baea2b6dc684ec,24545976,0x28c6c06298d514db089934071355e5743bf21d60,0x2629119bdeba656714eff3bf62c25a7249730449
23.99985,1,0,1.041279616,0,0,0,0x66952069a3c15b3dd3d36f7fc8b687a40951d57ce36f2a93e88337fd1585ecbb,24545975,0x28c6c06298d514db089934071355e5743bf21d60,0x365a8a4c530b6332d72e90864b433fd8e8846dae
0.00328515,1,0,1.043021416,0,0,0,0x363cc543d37655c2ecabf0249e47d630b6e68fca234f73294ca1585620cc5291,24545962,0x28c6c06298d514db089934071355e5743bf21d60,0xe911930568d96cece122d21ceb3c10b30225da11
17.126757607738362,0,0,0.245098184,0,0,0,0x813cac0f2ea4274e0d104cfa8ded4f945e7fb573fc3ff2ea431dea651cde4943,24545949,0x96ebe2c90a4d080a7dc579ee6a4be321c40b77da,0x28c6c06298d514db089934071355e5743bf21d60
1.9999078751285688,0,0,0.245098184,0,0,0,0x60cf0dea2b96002c1151b0ee1be6c40c093ffe4bb87858996c4142e96a15832e,24545949,0x684da658cfbafdd52b1ef5c599d4ee5329187bd9,0x28c6c06298d514db089934071355e5743bf21d60
58.999994955629866,0,0,0.245098184,0,0,0,0xc5535a89a3331057bba20df40563baa512df24cce03cbbb02f4dd77f7cdd9332,24545949,0x54886181fe0e3301c99f6e2d268fe2027c7cf005,0x28c6c06298d514db089934071355e5743bf21d60
2.738446639609388,0,0,0.245098184,0,0,0,0x40c69911d342cd58fec60a9c9658ab904d9b16398ff8401d65f70b5fb8b27299,24545949,0xf287026e14c9834b64075cc2e1b1d8b5d13ee0e3,0x28c6c06298d514db089934071355e5743bf21d60
10.323169258734056,0,6,0.245098184,0,1,0,0x83d94968ed3bc2f4e72fdd80cf55698d4aa37d3678409791ba37dc593d3a2b9f,24545949,0x3c7201f61c491ae4772138fe150008d546c450d9,0x28c6c06298d514db089934071355e5743bf21d60
0.699994806864472,0,0,0.245098184,0,0,0,0xd76fa2495a44ed7fd9da89b089c18adcbac0bc68b49f1adccb1aea5361edb982,24545949,0xa4970e19fd7a6e714e97bbe3a413d2fed8afb11c,0x28c6c06298d514db089934071355e5743bf21d60
99.99999481039728,0,2,0.245098184,0,1,0,0xf1089d5dbcf244f0234f9198fab886a09d6931d0807b2be838c62a18c71a83a5,24545949,0xb984427237e5c9244221b949ba56027658f9f205,0x28c6c06298d514db089934071355e5743bf21d60
0.0997508,1,0,1.045098184,0,0,0,0xd6c20b7e74a9fc3ec6356a00681fc8bc00e17a16a7dedf13fe42364d530df92d,24545949,0x28c6c06298d514db089934071355e5743bf21d60,0xc63e1ae4c5d812e747696d8548b0c526346206b4
341.999473606819,0,27,0.249131093,0,1,0,0x2c11232cff8e141dba2b0777ee93b4f4e18cdc55f2422226b606a9dcf8690522,24545948,0xeae7380dd4cef6fbd1144f49e4d1e6964258a4f4,0x28c6c06298d514db089934071355e5743bf21d60
3.12247185,0,0,0.249131093,0,0,0,0xbbfddcd1bf1ae7b2fd631437899e43452edf1f74324ad98c38fbcf49f985bb1d,24545948,0x378e6c2bd78be585ff21182d2567f7257bb60e4e,0x28c6c06298d514db089934071355e5743bf21d60
4.405781302989931,0,0,0.249131093,0,0,0,0x158da47f19a4479645bab26f82a48178ad53d15260bd5d1df94b02a5fba1086b,24545948,0x2955f6ceba12f325ff27309f489c69c674cec2a7,0x28c6c06298d514db089934071355e5743bf21d60
2.572085101558926,0,0,0.249131093,0,0,0,0xecc80b6b4950685db6628cf18ed6d791048f69b762deddb1dac0dab709572910,24545948,0x2d5ba45fa44cc90fe5b14a6aaa92a71e43c9be51,0x28c6c06298d514db089934071355e5743bf21d60
0.10444558,1,0,1.043676712,0,0,0,0xda9b3bfea7516a26a64aff302a763e5740c2a5e82c88f79f5b698aa805b06555,24545947,0x28c6c06298d514db089934071355e5743bf21d60,0xe94bf5dcdc369a48a7c8f7e09648ae84c6bda249
0.0301087,1,0,1.036486308,0,0,0,0x0345e0ebb52433d020babf408139516faee2db7b269103898469def49de48b8c,24545942,0x28c6c06298d514db089934071355e5743bf21d60,0x91011ef96cd107a3794617d880e31f36cfad2ba7
0.06903451,0,1,1.045263372,0,1,0,0x6d1042700f74320e8e324db6c20a95509555d729bb136567b687473600426eac,24545929,0x28c6c06298d514db089934071355e5743bf21d60,0x8b56f8ecd06c92d1cfbb860bda333f6fdf4d4e89
0.00405916,1,0,1.041412399,0,0,0,0x49f1e0d523ba9309312ac15d65bb2b381550d9c4683231d639f151f57bd8888e,24545916,0x28c6c06298d514db089934071355e5743bf21d60,0x2e73be5ac9a3ae16ac091d35d5656758b5c156bb
8.724793974853798,0,18,0.236817799,0,1,0,0x2d6c612ecbccf1bfa6911f0939dff85e3c83120d7112f7163b41daa492457560,24545915,0xd275c77cc1dd410ede0690dd8a9b3af729e4dcc4,0x28c6c06298d514db089934071355e5743bf21d60
2.989829811560593,0,1,0.236817799,0,1,0,0xfbce62897a59ff3de6a2de1ac5afe76c23e05534d8de366fe38be9f801a662a5,24545915,0x993e3f9fdab394cd755c645a5a83a8deb84c4761,0x28c6c06298d514db089934071355e5743bf21d60
0.0144354,1,0,1.041097774,0,0,0,0xd864f796941a8627b7fddc25a740da751357e88b2b523b0c5c11c303b17d79de,24545912,0x28c6c06298d514db089934071355e5743bf21d60,0x1a93466b95388217669bbff389ce34fdb5063476
0.04179179,1,0,1.041097774,0,0,0,0x431b064b41c6ad137b8eef16df119891583116b36f4ae7baec0cdf8724a1285b,24545912,0x28c6c06298d514db089934071355e5743bf21d60,0x821ac55ae5e5be7b3806c42a0b5323f1d9d5a9e1
0.0701,0,1,1.046077332,0,1,0,0x109f171d06a3b20571407b941b808f67d91fb1d5ffd4c4e6f122fe1ffe7a3158,24545905,0x28c6c06298d514db089934071355e5743bf21d60,0x7812aacb2a0bcf950510d90ed407c65f186dca7f
54.99954515753706,0,3,0.244657997,0,1,0,0x7c5815b5c1d58924aebb3e14bf6b17c3ab8b71400a2a6e7c507425c44b2c6286,24545901,0xee845948e6806d12e966137caa07d49bbe632fe3,0x28c6c06298d514db089934071355e5743bf21d60
0.00185,1,0,1.044657997,0,0,0,0xb75c498cd694aaea616cfa4c70514e5b936714d1a5e5a5af89dc124a6954c823,24545901,0x28c6c06298d514db089934071355e5743bf21d60,0xc288bea05a2c281cc9bc6d152784997546ae8745
0.10536501,1,0,1.050983773,0,0,0,0x7eade725efcd6d8c6e6d287df534756c730d274d538d7135cfa0e200e9484040,24545899,0x28c6c06298d514db089934071355e5743bf21d60,0x5999cc88d8f43cc4f890966c36f90ed817cec88f
5.33898406552792,0,0,0.250983773,0,0,0,0xdf9137371cdf8e047660589102614b15f694286a5f6da438df56e4377255c3bc,24545899,0xd9b7191131048e3f87a58e28ec22486da5bba8cb,0x28c6c06298d514db089934071355e5743bf21d60
0.0025473,1,0,1.040466748,0,0,0,0x79cc303f7ebf352bfceaad5124714dd608ab265ba38f6d6e9e97d5985527090c,24545890,0x28c6c06298d514db089934071355e5743bf21d60,0x38eb13503057a3fdd86503980c85bd4ed32bf92c
18.99295,0,2,1.040466748,0,1,0,0x5ca4adbee0f40e50ddb693114068ebebcb3f4156875df33cdc7dc2ac39d8125b,24545890,0x28c6c06298d514db089934071355e5743bf21d60,0x4745cd44fef98ac9166fb14d94b4bc53e7d75419
2.177077196268934,0,0,0.247292168,0,0,0,0x7a745500d48fa6af52092214b837661fdf11e2fde565f07e332a12415845b8be,24545885,0x63cc1c510b157891101b08b539bd91b90b8cb6f4,0x28c6c06298d514db089934071355e5743bf21d60
0.6154087168384746,0,0,0.247292168,0,0,0,0x329836ec9f594fda981f8873b433c1379702fd604bce6b4a5bdb751310518efd,24545885,0xc4984c60e6f5650e7ef125172dd0109c5340fdf2,0x28c6c06298d514db089934071355e5743bf21d60
10.798594390528365,0,0,0.247292168,0,0,0,0xf664eb4bc44c6dff952f1ba26405858586d651e88f4851192c613c4943e99ca9,24545885,0x68999d9a266305e83af60782d345d99fd6e47501,0x28c6c06298d514db089934071355e5743bf21d60
45.665514761449685,0,15,0.247292168,0,1,0,0x8e11519a4b7d72895157e7461a3fe87cc94185ce6f85d072d6783ea80fb79691,24545885,0x483a910a7479af5bd1333014af97ee5c733a7052,0x28c6c06298d514db089934071355e5743bf21d60
99.5408239149683,0,0,0.247292168,0,0,0,0xd51f1bde3e9abba105077da45be02861471c5d4c6c8100894517b592c1866c0f,24545885,0xb6e62e902f04f76294bb191481db3fde9af195e1,0x28c6c06298d514db089934071355e5743bf21d60
0.9997303446502732,0,0,0.247292168,0,0,0,0xe06f8edcb93ad99f15da051bf66c900fb5b38cd175f9cefe7a23a276529000d2,24545885,0xa19f0403940f28a3e8abb54439a45fbd4fc9467f,0x28c6c06298d514db089934071355e5743bf21d60
0.6407802169629955,0,0,0.247292168,0,0,0,0xe48d6636fe811038e53d74811aae7662bc2247759f530d93e5b0700316b45385,24545885,0x04b1db7d046d634186b8047f0de9683754b318c0,0x28c6c06298d514db089934071355e5743bf21d60
0.5041470841597179,0,0,0.247292168,0,0,0,0x2d63dd6ccdace08afebd8c77f9b82846b4d28ae6e6c81f9897ec7b304aaaf4a7,24545885,0x4086074ec38b9f216a890be7f08989f6554e4438,0x28c6c06298d514db089934071355e5743bf21d60
17.442292875296214,0,19,0.247292168,0,1,0,0x03b5503e60b421d015495da6d20b76832a4d303fe47b697957eeac17cf37ba37,24545885,0xd275c77cc1dd410ede0690dd8a9b3af729e4dcc4,0x28c6c06298d514db089934071355e5743bf21d60
2.449941452560867,0,1,0.247292168,0,1,0,0x468e8889ca4e6b421d97093516090b7e8146eb1841a7e01924f089daf63c76c7,24545885,0x250ff3f80ce3c4bac793516e82d5acd8dcc2ea39,0x28c6c06298d514db089934071355e5743bf21d60
0.6199959329271589,0,0,0.247292168,0,0,0,0x70073d929aec4eaae09eae0db06a2185798356fe2972ffb85538e13e6eccd0c1,24545885,0x56f1aed8584e91b025c924109c9766a1e3f3efc7,0x28c6c06298d514db089934071355e5743bf21d60
1.009991013044162,0,2,0.247292168,0,1,0,0x51a3cb42c0774f3752dab871a78b344cfe85a93c6ef877ad2606143c5a303127,24545885,0x993e3f9fdab394cd755c645a5a83a8deb84c4761,0x28c6c06298d514db089934071355e5743bf21d60
0.61599510596638,0,1,0.247292168,0,1,0,0x73334305782a91781342ccc05d97fc84861030d393298926c536e0ea24600696,24545885,0xa4970e19fd7a6e714e97bbe3a413d2fed8afb11c,0x28c6c06298d514db089934071355e5743bf21d60
0.01985,1,0,1.056007973,0,0,0,0x58e4217cf8640d2bac0c109886437b005ea2249a7bf5039e2abe9776b056e743,24545873,0x28c6c06298d514db089934071355e5743bf21d60,0xfdf777603fd0e8f275961c90d1888c66ef988030
25.0,1,0,1.061069245,0,0,0,0x437c75b138d95409690eca881b4a35f59cea0578eb8dca254ba8520872abe425,24545866,0x28c6c06298d514db089934071355e5743bf21d60,0x9223df01bbd1837f8fb7d825d9cef4166a97b1c6
1.04989,1,0,1.063518719,0,0,0,0xa1f4d1eef37b51284dbdbb9ffa128630c423e7c666bcb201d4aea2459dc75972,24545863,0x28c6c06298d514db089934071355e5743bf21d60,0x4c9af439b1a6761b8e549d8d226a468a6b2803a8
2.9937797,1,0,1.064779154,0,0,0,0x4d70a57220a32e7c544d40d2c5735fbe7ab68fd40e729e5c489a1fc4e427c9c2,24545862,0x28c6c06298d514db089934071355e5743bf21d60,0x476d1b62afc919663799f645a140bb3c64704ec7
0.00895,1,0,1.069814967,0,0,0,0x047fe493b06588521e593b58762328760bf14b9e8a4cb60f345e94bfdc976371,24545857,0x28c6c06298d514db089934071355e5743bf21d60,0x325cdfd59cf62f6ac59c49b03bbfeec8ebe75177
69.72637303669433,0,7,0.277848319,0,1,0,0x30c9267b80ae64d948ec82d1f8a394d2c6f12921f11970b9061a6d4add189d99,24545849,0x3c7201f61c491ae4772138fe150008d546c450d9,0x28c6c06298d514db089934071355e5743bf21d60
0.711359189630553,0,1,0.277848319,0,1,0,0xf8ddb9bf854dc4da5aa60bc8a8528f41e92a701a26f14a1b7ea5aaa5fb837f2a,24545849,0x6866fb007c2db723e7ab8d0068ad54fdaef8faeb,0x28c6c06298d514db089934071355e5743bf21d60
0.4942153365899257,0,0,0.277848319,0,0,0,0xc25046796c48d1d92dcb053060a1106fe9346a968f7ad6e7d5426c1a0b9b95b5,24545849,0x1a83f502b78ba53507ae544be9086d9540752646,0x28c6c06298d514db089934071355e5743bf21d60
17.543393299826764,0,20,0.277848319,0,1,0,0x9fa4f9f61ab724cd5842925299be84df803e31e2d2009f8007646811a6f4bca0,24545849,0xd275c77cc1dd410ede0690dd8a9b3af729e4dcc4,0x28c6c06298d514db089934071355e5743bf21d60
2.012495188194933,0,0,0.279903845,0,0,0,0x52096c3266f08e3f33d7d32e240f4817af50efff43e24fff9dcd9b16f9be4fa4,24545848,0x0a78ccbca92cad780145884501d3a9d1aca8fbf1,0x28c6c06298d514db089934071355e5743bf21d60
0.5517367932442964,0,0,0.279903845,0,0,0,0xfb12c2c396c7453b1d1b1e18b93be39f9750997a60ba546977780089cffdc1c4,24545848,0x9e5662d5495b4edfdce77c42319c5f30865ea75c,0x28c6c06298d514db089934071355e5743bf21d60
2.998265476327201,0,0,0.279903845,0,0,0,0x97aeb747e83ebdc8ce34c77ec753defa1b2c160e3cb9e8bd2af3aba99590c1b0,24545848,0x74c17e295d92a1d351e82e249a6d7bd53487f68c,0x28c6c06298d514db089934071355e5743bf21d60
5.565433612287695,0,0,0.279903845,0,0,0,0x7c03c87bb8980ec23e06bfd851927ebe8ff1fb954db3478e360ba400019b8b82,24545848,0x7fb7f28c1b3999513db3cae711c8bc2df4756f89,0x28c6c06298d514db089934071355e5743bf21d60
0.59985,1,0,1.079903845,0,0,0,0x73b96adad70ba00190a7d3faa140d5668837dd9f1e79b54e72bd8fca771e1f19,24545848,0x28c6c06298d514db089934071355e5743bf21d60,0x37481e0daf1a32bc7babf574f699c71c48104312
2.18408985,0,3,1.08803648,0,1,0,0x6e4d2a63bd3f71a6da9957ed4a4a9b9056df26a921b0198dd46d32ced7495427,24545839,0x28c6c06298d514db089934071355e5743bf21d60,0x0e898b985e6a57f73d71531d60127ef69315287b
0.01132122,1,0,1.086447262,0,0,0,0x5e15d27e0988a54d4afce3839a127a3058531770ab78b30fc2b920d89ccba252,24545832,0x28c6c06298d514db089934071355e5743bf21d60,0x2248bee7e8656173e242fe660465ad9af94db1e2
0.02755697,1,0,1.068581453,0,0,0,0xd24dbf601e6202c78f899a6de08c8c3cee123312746bcdd7c8ac44e2a20663bc,24545821,0x28c6c06298d514db089934071355e5743bf21d60,0x01489e412a9cbb2b8ec8a1cbf6265e30464dd371
0.6415077,1,0,1.06448793,0,0,0,0xdeae167e6d690bb5c8ea78d15e675fbf5813d362cf8b35993ea52c38f76eadda,24545819,0x28c6c06298d514db089934071355e5743bf21d60,0x16eae19e1bb80a2e4f19a82bad2d9745feb78a8e
0.14586565,1,0,1.07148342,0,0,0,0xfa0f81499b15e131f1e668b4e8a5b7e567521adda6bde8678ee085b23194af4f,24545816,0x28c6c06298d514db089934071355e5743bf21d60,0xac46a86f8fbc8325b09af47a5d59f2b443d729c2
0.59775,1,0,1.067829695,0,0,0,0xedbf872a0f108a3c2e90a9ade1b1f888bbfdf877f6fb5dd65dafc31637be71d0,24545814,0x28c6c06298d514db089934071355e5743bf21d60,0x90373eb88d39222aef350c0f80ba99ec10382c0c
0.00452442,1,0,1.076287617,0,0,0,0x4dd9da404b97160ce4899ab113344125f51b2e04e5f45fff9eccb38fcb49b094,24545807,0x28c6c06298d514db089934071355e5743bf21d60,0xca6c9cfc2fcb9c4d20da2072b1dc601c644a1780
0.8123949722449061,0,1,0.262824488,0,1,0,0x9624fce4b8f73e0852eb09a9fcfe191ef88352fbb90b88024e0ecbbbe9d34924,24545800,0xf4ece79942eaa59a9ee78ef293f22ec558f04534,0x28c6c06298d514db089934071355e5743bf21d60
5.501628140559166,0,0,0.262824488,0,0,0,0xd87243d21b92578805d34dd0355c98d305faf43c88f313d6329f7fe784bb1bec,24545800,0xa347748d0efb080b59b1f2ec4ff40956a54a5e6e,0x28c6c06298d514db089934071355e5743bf21d60
7.27425083284635,0,3,0.262824488,0,1,0,0x5039ece6a09988865a6e279e6c6f1ba001de04a44235b6e18f11f11e9e20960e,24545800,0xc4d76f0524ea7466356a1573cad9beccf0c8269d,0x28c6c06298d514db089934071355e5743bf21d60
24.99999472790117,0,0,0.262824488,0,0,0,0x29e5d60825fd4d07c8146de3447b16c713123c2a101340179bfe1f4ddd4eb5ea,24545800,0x08ec88d58a49ab5702f517fdba88e6dc3bb16614,0x28c6c06298d514db089934071355e5743bf21d60
0.77665,0,0,0.262824488,0,0,0,0xcd3bfab7d50e4aa769caa02920f4bc2cbe62ba5704694ba410687c3b5958c671,24545800,0xa8e954627aff618f1919fd2ba931052019bd888d,0x28c6c06298d514db089934071355e5743bf21d60
11.999994707052313,0,5,0.262824488,0,1,0,0xa8e827883a490f2934f50ddbbc540237c0f7ba6de92faf21bc2c9a9e256bca4b,24545800,0x9f4e5bc9f391de5c824bd0d065fa716663c91ba3,0x28c6c06298d514db089934071355e5743bf21d60
12.494556215627806,0,0,0.262824488,0,0,0,0xd1e0784f6a0b771ee4347d86bebc51b12d7a282429b62c14d2c01ea66a3c0bbe,24545800,0xf239f4c0cfa316ad39bee7073d67f50f52ebb9a2,0x28c6c06298d514db089934071355e5743bf21d60
4.832766905967671,0,0,0.262824488,0,0,0,0x54db67542dc67ac758bb059d84166766f0116b795808cc12fd19946500263293,24545800,0xef7960eb0b732f70007f7c05daf6bb597aa742d6,0x28c6c06298d514db089934071355e5743bf21d60
92.91126188343324,0,10,0.262824488,0,1,0,0x9e0a0b6825d2f57eca78bbfae4359475d21a6a61863a65b15c3b2b9aa719b702,24545800,0x06fd4ba7973a0d39a91734bbc35bc2bcaa99e3b0,0x28c6c06298d514db089934071355e5743bf21d60
100.90254724144968,0,10,0.262824488,0,1,0,0x2adbc38886cfefced139e8ebf51e86e07bda2e8943c1c5bab5c676228e0e5c54,24545800,0x2d6ffec3acbdaff0f895e70fcc699246a2798102,0x28c6c06298d514db089934071355e5743bf21d60
15.119111621083114,0,4,0.262824488,0,1,0,0xdc9954873eb4e1528008560db1d4b5853bea804eb078b94d78353d4bb6361b8c,24545800,0x560da6830689737a1cf1f242d215c401a36d24ce,0x28c6c06298d514db089934071355e5743bf21d60
18.8578934878398,0,21,0.262824488,0,1,0,0xec0e0ec3f0b4464936cefb0f04eff06b8b1fa6782fecea985f045d3ef2895418,24545800,0xd275c77cc1dd410ede0690dd8a9b3af729e4dcc4,0x28c6c06298d514db089934071355e5743bf21d60
0.702422490463667,0,0,0.262824488,0,0,0,0xa48c13d02f65b84e24e55ea9f2146a6b37cd36831639f68229d98ecb24424055,24545800,0x71bf03755c0477811dc38acc5e7b0138477ffeda,0x28c6c06298d514db089934071355e5743bf21d60
0.7911484948292176,0,0,0.262824488,0,0,0,0x0cf6400e305f3fb4718d53efcc5c949f4134b715747f6d52d1cfeac0cbe9f776,24545800,0x1df7a48ca9dae74c0c511432a3ba1036dd2fbf1a,0x28c6c06298d514db089934071355e5743bf21d60
5.012592923681723,0,0,0.262824488,0,0,0,0x5d3c882849b83a5c2360bf9f2083a54542208180272db6f46e3b874637d83b7d,24545800,0x7752a891d7cfa80880300c95ee9ace46a4c4835a,0x28c6c06298d514db089934071355e5743bf21d60
499.9998837591218,0,1,0.262824488,0,1,0,0x93b36a6dc9fbdb893d8fd7079fa39e3feab5ab27a5419ac092d11dc778096d8e,24545800,0x9a21cf1552630a00eed185f3aaf7af3751226e42,0x28c6c06298d514db089934071355e5743bf21d60
2.399985598974097,0,4,0.262824488,0,1,0,0x6e35aeb23f24ebfd2eb22dd46703137f644de9feff6aeff5180407bdcc918cb5,24545800,0xec8fc575eb1ab72e6f06254439e71010cfbbe9d6,0x28c6c06298d514db089934071355e5743bf21d60
10.429757176833624,0,0,0.262824488,0,0,0,0xb8cd0d0763218084f35571dd87471813db22f415640744ae1c92649021a4c4f0,24545800,0x4bc0ff6424a24f655840abb8acf9684bea5840a3,0x28c6c06298d514db089934071355e5743bf21d60
0.0497001,1,0,1.062824488,0,0,0,0xaf478135dcf5292c13bf7e4a14aba639ad30f45eb0fb0cb732e507d19e3f14d7,24545800,0x28c6c06298d514db089934071355e5743bf21d60,0xc47345fe0311ce2e208a9c5b4a1ff536cb52012b
0.20085,1,0,1.065940609,0,0,0,0x51f6f4733d1efc3ed5479ba6dcde6ca51f499de92fe1c28ff04ae8218581bce3,24545799,0x28c6c06298d514db089934071355e5743bf21d60,0xc51db81b6cc3cc24d674956d7f3cb5452e4739ab
0.01413039,0,2,1.072091038,0,1,0,0xe2673fd43819c638d1ab61f800299d67ec441f82bc0c1667bbedb6bcd030d5a4,24545797,0x28c6c06298d514db089934071355e5743bf21d60,0x2728d0fa57565e58da5d291bb621e00887a50c73
0.3833661,1,0,1.059941413,0,0,0,0x95da541786788f4d058c3ed73b0f9677800dca128681555544f51b7dc1340624,24545791,0x28c6c06298d514db089934071355e5743bf21d60,0xf4d5876b4e89e9aa7c0aafc1445026f25a0f725d
0.2433063,1,0,1.065711815,0,0,0,0xb89df42e9fd3778da4a8f179b4568d5736554dfc3dccc9fa0250b7ef31f4dd38,24545774,0x28c6c06298d514db089934071355e5743bf21d60,0x8627218ff3e01b69ab98609d179ecad34c89e32d
0.0798104,1,0,1.076217245,0,0,0,0x8c9017a693e9c39ef090742c86f5614758e294429cf823913c61c6eb622495b1,24545768,0x28c6c06298d514db089934071355e5743bf21d60,0x8b3b1e258437a3a7baca2f776d9647ac4777ec7a
0.49985,1,0,1.0788472,0,0,0,0x38367f2b63e9df9a65a176b0f19e63ba08cb2383ad663e26f2b3faa827fb7566,24545764,0x28c6c06298d514db089934071355e5743bf21d60,0x6fd4462b7643353c511aeb8d4a9f9f65cf224f3f
4053.9999350971616,0,28,0.264526503,0,1,0,0x7316cc3e1f0e178410f05e2f5e1c39ec1ef34d5f28cd640f1f4a295cc7a4d68d,24545761,0xeae7380dd4cef6fbd1144f49e4d1e6964258a4f4,0x28c6c06298d514db089934071355e5743bf21d60
24.47905,0,1,1.058985734,0,1,0,0x7be8acf63fa1daa5ecb956ab036b4b935e62db285af17f018ce4ac55ef402b7e,24545759,0x28c6c06298d514db089934071355e5743bf21d60,0xa5e5250792502e489f9991293b749ca75fcb244b
0.251875,1,0,1.06824051,0,0,0,0xa8646b66f1d9e836fd955a23c3e2b6c45c456401f196afb3645ec57beee425e0,24545751,0x28c6c06298d514db089934071355e5743bf21d60,0x25f3f9132dc258000c55092ca80c31fd63b2f30e
0.00583454,1,0,1.071170151,0,0,0,0xfc2aa680c2ba2e9551f5cdf46bf199b8b676ee40d742e53fdb342379057c3d88,24545739,0x28c6c06298d514db089934071355e5743bf21d60,0x1b408da0acadfe9a0f0844689cb026f473a6e79e
0.0045796,1,0,1.063972003,0,0,0,0xf2968684a0bc3841b3787eea348eb80033157d29ed6dd74008b95d09f133598e,24545738,0x28c6c06298d514db089934071355e5743bf21d60,0x9c27371175d20a002c2cadec766d8a1f14bbc53f
27.14869039921655,0,11,0.267165316,0,1,0,0x432007c0651b36e9bd52e14f3c77f4ccd795aca3bf5b0e8b63631ed1501fd99d,24545735,0x06fd4ba7973a0d39a91734bbc35bc2bcaa99e3b0,0x28c6c06298d514db089934071355e5743bf21d60
0.5339939760676555,0,0,0.267165316,0,0,0,0xd43753905868325b1c36b4a3fa9eea01a1bdbc89724c0c949b79c8c15bfa0e0a,24545735,0x1d7c4a1e40db28e798bc8fed96189ca854d23cae,0x28c6c06298d514db089934071355e5743bf21d60
97.90352926722504,0,1,0.267165316,0,1,0,0xf481576cce817d7a0ced9ce16fcd9c42e6640ae718d82b466504859072de445b,24545735,0x2f872757e0c214ca8e628807503631a510f4df6d,0x28c6c06298d514db089934071355e5743bf21d60
1.02103963048665,0,0,0.267165316,0,0,0,0x964c3e49f7d9190c6c1194ad604f81775e0b52f9c33a3f2ce7d92a1e33679970,24545735,0x13e49aecac89934819424ca4e13be1a19eb9d128,0x28c6c06298d514db089934071355e5743bf21d60
0.8751615915154499,0,0,0.267165316,0,0,0,0xfe70571e56d8db9732e48379535320c2d7601050d4fa330c6fc5aa34a6d03219,24545735,0x9d5355fef677cde021c8d4b28d611b7d91ae6112,0x28c6c06298d514db089934071355e5743bf21d60
6.090694664067329,0,1,0.267165316,0,1,0,0x5f7e999e93fc9fe5db6c4088839104550a874f60b35a753064158f32f1775a84,24545735,0x68999d9a266305e83af60782d345d99fd6e47501,0x28c6c06298d514db089934071355e5743bf21d60
2.499995110872064,0,0,0.267165316,0,0,0,0xe2421245a7a44e334d76865e6710f10d9dea052c3f74429b295604fd1f11ef39,24545735,0x8ae033f99bbc9eb97d9c28c9c33ef5ad3bd2f57d,0x28c6c06298d514db089934071355e5743bf21d60
3.899984825084037,0,1,0.267165316,0,1,0,0x61677679a5445d990819eb7c43c20c81add3a8606c9cd801751a187d49286414,24545735,0x7ff423f83622434edc4eb3ea8212394a115e4c76,0x28c6c06298d514db089934071355e5743bf21d60
13.299994883801617,0,0,0.267165316,0,0,0,0xcbad19910ce634cdc09346558369cc22cd2cb9dfae86a0483d315f51c9cf7c30,24545735,0xf8c3398f545590c2a90a89ae8db6e167b0a3504d,0x28c6c06298d514db089934071355e5743bf21d60
1.015354310258555,0,0,0.267165316,0,0,0,0x4c0c10ba4f1221c145bd4b9fcd9f22b0b6093c2d71908e938fb27b15aa8df9fe,24545735,0x34743f59200fc4cb4d7b98f6007dd78c05bb68c3,0x28c6c06298d514db089934071355e5743bf21d60
0.8063246777168145,0,0,0.267165316,0,0,0,0x91e7330fae4233046b8a9934c091dbf4e16934f1e516eef11b564caabdaed344,24545735,0x001290bc747f9d6667b7bedbd2b84e52b9ee3055,0x28c6c06298d514db089934071355e5743bf21d60
2.979750540471331,0,0,0.267165316,0,0,0,0x3392f9d5f7b1791b0a445923de4af13d3c88220f3341b97926b524d627976d91,24545735,0xa7faad5a76beb26459b03d96f76213a87bc40768,0x28c6c06298d514db089934071355e5743bf21d60
40.68991803902265,0,5,0.267165316,0,1,0,0x4d78d13c89042be05df591a73074ff6592c90ddad0e717c1f974cd344336d8d7,24545735,0x08dc8ffc2db71ea07537d1328b3be0799b604396,0x28c6c06298d514db089934071355e5743bf21d60
2.5269472858509894,0,0,0.267165316,0,0,0,0xa18a3021ae22d9cf3de8abcbd89269b654aa4f6c17a5da2058c15d1d9b7c7959,24545735,0x355ff64f9fafa4391a434584a7d40b2c76d9f1c9,0x28c6c06298d514db089934071355e5743bf21d60
0.305377,1,0,1.060141461,0,0,0,0x9b679e05bb6414b2ad808c8aa14cbca6e68544bfd4e61ff61f614be320cf9be2,24545726,0x28c6c06298d514db089934071355e5743bf21d60,0x4dbaae432115cb8ff1c3c6e740978413c36cca2a
0.100346,1,0,1.055446197,0,0,0,0x824bf4c0638e64b83688f3dd34af7f4c245a6285852f96d922ae8a259870b1ea,24545716,0x28c6c06298d514db089934071355e5743bf21d60,0x897b40b8a0d12a87823a89f3ebc52ddd1b0bce5c
5.089230810791249,0,1,0.250951722,0,1,0,0xfb5d99022233fbdeef25faa61ada4fb1669c9e8bfa978cb88aa220aa877aa1bf,24545707,0xef7960eb0b732f70007f7c05daf6bb597aa742d6,0x28c6c06298d514db089934071355e5743bf21d60
0.002,1,0,1.049368697,0,0,0,0x7298fa206764f165201b054955d160a98f619154d48f3467a38de4c26e22adec,24545704,0x28c6c06298d514db089934071355e5743bf21d60,0xbfa5b0a86f0e39ab018cdd20b92d0f25e9b8ccec
5.538250261052675,0,0,0.245972001,0,0,0,0x76d3e0926cb22b641810b13541884e955a5d7fff39055ff6dd8f383be213f89e,24545701,0x605990988bfbb294f620dc5328d0da888514694a,0x28c6c06298d514db089934071355e5743bf21d60
2.39999416245717,0,0,0.245972001,0,0,0,0x5dd687263933003b3882e3814c8c7eece37e3674ff1186e502c1146b4e0dbf6c,24545701,0x06dc756765c90c9821c78737460953a651e4f454,0x28c6c06298d514db089934071355e5743bf21d60
0.4940466378168429,0,0,0.245972001,0,0,0,0xcee52844ae1856a9dfb419c81b681fe0a8fe6a78b5d4922e1c2dce7304e30e2a,24545701,0x30252e9c4939c78e816dafc3c5ba85f795b68ae9,0x28c6c06298d514db089934071355e5743bf21d60
1.01393827,0,1,1.045218436,0,1,0,0x5f979f24187abb138ee6cf8da5bb649d7d7845ca7acc2074dc5465dacfa87e7d,24545695,0x28c6c06298d514db089934071355e5743bf21d60,0xda511e642fd9e70c41b75e09daa9a995175b508f
0.002443,1,0,1.042252328,0,0,0,0xae39aec1a2c5a1e7cac1fdb72cc7675590ff47cc04de030a01e8ce861cb31455,24545692,0x28c6c06298d514db089934071355e5743bf21d60,0x54938f5f13b93867a001d3f54d67929f724b9327
0.2,1,0,1.041069682,0,0,0,0x93218dd073c2d954ff8df16a0976c0a23b084aad30040b7b7c1521f3e445a9c1,24545680,0x28c6c06298d514db089934071355e5743bf21d60,0x9de322e901ac8c2538e40eae761aaf473e29dba8
0.00960677,1,0,1.044707385,0,0,0,0x35e0e4e4140d547a6cf0d05fd593901509fc5f32b6c0054bace938b7f14453f9,24545669,0x28c6c06298d514db089934071355e5743bf21d60,0xf92394b9ce898404aad001f85d9c73cffbea9cac
0.25408403,1,0,1.046939744,0,0,0,0xd0cea6f3759101ef3de502d9b43807dae16ad1ccf93e4a2bcb781824a3f29b7f,24545661,0x28c6c06298d514db089934071355e5743bf21d60,0x357be6a90bcd79f4d967e3089ad80a063c0a08e2
0.00292502,1,0,1.045007328,0,0,0,0x7fda4ef2e5461d3be89ec989f878c39b58128c2f79643342c3612049f2609792,24545659,0x28c6c06298d514db089934071355e5743bf21d60,0x867c27765ac0a86f8da8a55ce7eabab46fdd0ed3
0.41165,1,0,1.047810227,0,0,0,0xd992c364c491fe54596315b0b0135bcd248b9820559c4062a98373f405db1c6b,24545651,0x28c6c06298d514db089934071355e5743bf21d60,0x1edea16819f7ab169a79ed3afeebdf5ef58721d8
1.1971303732246807,0,0,0.251043358,0,0,0,0x561b557a1eec7d7ec4526db39003ee0b6694eb9fe4e18a89970b10bb5e0bf804,24545650,0xb04f8e7ee49dade7c5c05b2691467f1d034dc820,0x28c6c06298d514db089934071355e5743bf21d60
0.8430886379369343,0,1,0.251043358,0,1,0,0xef6cd9ec4637ac1b9556f8156fa473fabe31fb8ceb1a9171dad41b09f81c1f79,24545650,0x3453f7bd3e3477560de95b454f535843cb214df5,0x28c6c06298d514db089934071355e5743bf21d60
0.509994242546929,0,0,0.251043358,0,0,0,0xd99e9987532bcca8851832e64daf4df94f3055b44450de5f42982ef1c8c2778e,24545650,0x6195570336b5e60ded8111ecc53237ee162b0b06,0x28c6c06298d514db089934071355e5743bf21d60
17.269393442142512,0,22,0.251043358,0,1,0,0x6940eebde49b0980a82bc9a0c30e694c4a0a2ab99dfadf37d8252033efaf1978,24545650,0xd275c77cc1dd410ede0690dd8a9b3af729e4dcc4,0x28c6c06298d514db089934071355e5743bf21d60
0.5904580464356944,0,0,0.251043358,0,0,0,0x15576f50aae9e90f6faa5ab64385a2b1143ff59cfd41dc28c269e6b43897151d,24545650,0x79e908d2db9a3ed159ae89964967e78b6c57c7af,0x28c6c06298d514db089934071355e5743bf21d60
12.597772800616449,0,0,0.251043358,0,0,0,0x5ce6c621a0783d1c32f7d8bb338ad7c52c64e3712987eb6ebef9222fc58b6d1f,24545650,0x03511e5d2c3b16ae412eaa405d30dd0b95e60bbb,0x28c6c06298d514db089934071355e5743bf21d60
0.5049120264919026,0,0,0.251043358,0,0,0,0x71f0d69e0a4724f00135b9b890557e15630e0a8953e9dfad53179ccf7fa65989,24545650,0x1835168e908b684a006209d260273138f7118b0d,0x28c6c06298d514db089934071355e5743bf21d60
30.37768117502626,0,8,0.250674121,0,1,0,0xbed414326ec748481e6245b73a77bfc926bcbc80d338cf78ee43ffb40d2763fc,24545649,0x3c7201f61c491ae4772138fe150008d546c450d9,0x28c6c06298d514db089934071355e5743bf21d60
0.03811296,1,0,1.05087491,0,0,0,0xfb4e937921f08a9c81b6888fee3c58ea7bac3ff4585112d456d503dd102347ae,24545642,0x28c6c06298d514db089934071355e5743bf21d60,0x35378979a9204e3f5385ba6d76b6c946c8e88722
0.43216661,1,0,1.057685956,0,0,0,0x89bd6ea11ba7006e068b1e87ff4315ced28d2208461d5918463950bfc9ae6e4b,24545639,0x28c6c06298d514db089934071355e5743bf21d60,0xfc1fe4be80bf181c08547d5e4ab520c5e93fa6ea
44.49985,1,0,1.057126437,0,0,0,0xae5454b0264a80ddefd3b0238e69d1e2db120d6c24932509b0253bcb6f303237,24545638,0x28c6c06298d514db089934071355e5743bf21d60,0x228daa03516a5fa664a5d3f099fe4228db1cf18d
32.99985,1,0,1.057075412,0,0,0,0x3eae4fa3153d6e3820a8b39ff52fe6c2b1d74670069b6c08da7fa41320d90123,24545632,0x28c6c06298d514db089934071355e5743bf21d60,0x81bf9a4d111f8c6fd78775be8b299ab87fb8c72e
0.1484013,1,0,1.053657891,0,0,0,0x0ac66d698ccd174f7793cacde2e549ece674bd3fef7f472ed90b1d269772a8db,24545626,0x28c6c06298d514db089934071355e5743bf21d60,0x488e4aa441600bf48c4bca8bf4f9941ec9614610
1.0428696960393369,0,0,0.250536205,0,0,0,0xdc87e69a287169145a8634b959e2e8c811f82b89d6486210174f19cf7f9d7899,24545616,0x493156ae133109dbfaf46468cdfad24028cdf810,0x28c6c06298d514db089934071355e5743bf21d60
0.01487226,1,0,1.050536205,0,0,0,0xd9a828655c979b9bf0e62b83f835accfc189c4c4b33507d0218397b0dcd14da9,24545616,0x28c6c06298d514db089934071355e5743bf21d60,0xb6a8dae7861168bca5fafa03e8aee6617befc6da
0.0072186,0,1,1.0564836,0,1,0,0xd0d9d5e9beca98e582c8de7496f31e3eb7d101296acd8ec17cf1d6b37c8092f5,24545609,0x28c6c06298d514db089934071355e5743bf21d60,0x9c27371175d20a002c2cadec766d8a1f14bbc53f
0.03064721,0,1,1.055736456,0,1,0,0x5ad92b4edb58b6b2b3f9a881551d5c106e6eed5926995d6064503b517fcd00c1,24545589,0x28c6c06298d514db089934071355e5743bf21d60,0x08edb5387f0015e52bc8cd52903915fd43de1f4b
0.6902137378253648,0,0,0.254139651,0,0,0,0x2574c30a5b48f56d7111e43f0e56149af3c95a5ac39301f12a2c8f8e84e4e78e,24545586,0x23c3ee52fa7164707dac610101ddb3e7d893b2da,0x28c6c06298d514db089934071355e5743bf21d60
0.5760339442335641,0,0,0.254139651,0,0,0,0x43f49a1611f875f9f939f7d6f0393674264d086693da0095e4be756492e9777e,24545586,0x67bd06a462a2662bb447cb92847d126d1941de30,0x28c6c06298d514db089934071355e5743bf21d60
6.090694611688121,0,2,0.254139651,0,1,0,0x69eec504d04970d57c2eea05eeafb5de159d98da9651803e575a5b5c5b90c205,24545586,0x68999d9a266305e83af60782d345d99fd6e47501,0x28c6c06298d514db089934071355e5743bf21d60
0.6919194532289551,0,0,0.254139651,0,0,0,0xec148a85b2db7209892925ec016c553793018ae007ec65c64b25592e4ab76a0b,24545586,0x98caa007d105e7d384595a776661df17d52da637,0x28c6c06298d514db089934071355e5743bf21d60
0.4957694834320551,0,0,0.254139651,0,0,0,0xf490b48e7acff403b71950d4e0ffa3d509d81df1183396199baa57da5f9e6686,24545586,0x164806a013b6fcd42b7c4ec64847dd14d846b1ca,0x28c6c06298d514db089934071355e5743bf21d60
0.11242,1,0,1.049680665,0,0,0,0xc432970a69d344bd37c2cb2f77954421d2a33d8f66cf8640304a2e189ca7e7a0,24545576,0x28c6c06298d514db089934071355e5743bf21d60,0x834f67ac0768a0953f2ff4826d98ec4e9b0633ac
0.01243793,1,0,1.045919228,0,0,0,0x5250534a53e1cbc07b02b19052706c3c11f81278f9db1623e7ac6f9113c9d751,24545572,0x28c6c06298d514db089934071355e5743bf21d60,0x04dc6899528c5fdffd41270753d1d27b6cdba9c6
0.642161290064176,0,0,0.252092747,0,0,0,0x702335d88ba855dd742b0dd7b1a758ee6f7b30fec38773ee0f682ccee23221d0,24545550,0x851b01b6e4879232f90e45baf8f880d12cc3f8ca,0x28c6c06298d514db089934071355e5743bf21d60
55.34099486996193,0,6,0.252092747,0,1,0,0x74dfaca90412618d9086ce883395d2798e790e84a6bd5c4d86be05618da76f92,24545550,0x9f4e5bc9f391de5c824bd0d065fa716663c91ba3,0x28c6c06298d514db089934071355e5743bf21d60
4.739975885174478,0,0,0.252092747,0,0,0,0x8383f49b163833e93863bee613cddd8df94d4b2ff9c2eeea6f55355cb08e720a,24545550,0x2da116b4fc65690ce7f2604ec48b8c3679d65ff9,0x28c6c06298d514db089934071355e5743bf21d60
13.875182165537844,0,12,0.252092747,0,1,0,0x872c30c026660592ea850ed2986b147020d02f041cbae5dce2f54acc955a2bdb,24545550,0x06fd4ba7973a0d39a91734bbc35bc2bcaa99e3b0,0x28c6c06298d514db089934071355e5743bf21d60
49.999697951426704,0,0,0.252092747,0,0,0,0x9b179b49addd1e1f805d8a1ba623cb0c0b7302efba70c33feb5eb76660339ad0,24545550,0x33da7aa524d6f3245630e1490804a45812f2a43d,0x28c6c06298d514db089934071355e5743bf21d60
344.99946183190696,0,29,0.252092747,0,1,0,0x9f95abe9840a8679f439a6b7f35561cd871898244e873e36374563ce7633d320,24545550,0xeae7380dd4cef6fbd1144f49e4d1e6964258a4f4,0x28c6c06298d514db089934071355e5743bf21d60
0.6199591988425134,0,0,0.252092747,0,0,0,0xbe85ea70511a585e1c64b95c98e51d66d586eaa8dda79fb4ab98036593d66be5,24545550,0xdc6de8f4b9ce529261553aaed638a22b5f4c08ce,0x28c6c06298d514db089934071355e5743bf21d60
23.80646415997477,0,12,0.249031321,0,1,0,0x6d13b6af84e68972a3dc2112bc7b7d9a5c7145993d2198837c0c9de08387a0d2,24545549,0x86a067030a9668c13ff2a8c4d5415afc776d4c63,0x28c6c06298d514db089934071355e5743bf21d60
1.080775942753545,0,1,0.249031321,0,1,0,0xdd2c41a5429040754ac10a067bb3f5447b2ddccec02b33ed851a469311911456,24545549,0xdbc47d94cd48bf8ff799b77f7ff1894e737dddac,0x28c6c06298d514db089934071355e5743bf21d60
1.008303542592425,0,0,0.249031321,0,0,0,0x569e0e4a4f03944f4da70efce8627b61d0433cabb30c7cfbdac34717a2da4bce,24545549,0x07da5b4f0f2b636fca32d7ec616ac3cfcbd78c11,0x28c6c06298d514db089934071355e5743bf21d60
2.466,0,0,0.249031321,0,0,0,0xfff01dd2098ac0d9d71b80aeefb8d723ee29473937441ac7e6842d1602fda625,24545549,0x8c1ae79ca245a022df9be31a5d26cbf41b097794,0x28c6c06298d514db089934071355e5743bf21d60
0.0096402,0,1,1.044073698,0,1,0,0xc5fe6184971938af16efcc1ede65e64bd6a81a340d50dd18204a08ff5de17dd0,24545546,0x28c6c06298d514db089934071355e5743bf21d60,0x801b49eb0b2e98db93d5167f5e4f83af05a6f5b6
0.37485,1,0,1.054855739,0,0,0,0x4b667e950f06917741332dd80384c05c642bacc8bc18777e8db3d9bb76ee0c16,24545530,0x28c6c06298d514db089934071355e5743bf21d60,0x9f6ae0370d74f0e591c64cec4a8ae0d627817014
0.006,1,0,1.058331185,0,0,0,0xc57c9cb3842d7b7594b4a3496a8ebe910d85ed0a4333789f602ffe5425aef465,24545526,0x28c6c06298d514db089934071355e5743bf21d60,0xd6d0bd7717ebebfdc8dd3ba9b2ec06a49cc8e694
0.09982491,1,0,1.056229264,0,0,0,0x00876bb501cfec3b0ba20437ac34e866eead91b3c2301f71144e852be7d9d5da,24545522,0x28c6c06298d514db089934071355e5743bf21d60,0x978cff6eaea9dcf2737f846019fd5ca352c8c1e7
0.00185,1,0,1.061096712,0,0,0,0x2693137e8bf6e8e96a76f348bd9079d7498b7c8dfc16100a46913ee0db502dcc,24545511,0x28c6c06298d514db089934071355e5743bf21d60,0xa8d25998d132d6a2dc649ac17d9f593b877e02e2
0.31133447,0,1,1.067644199,0,1,0,0xa35bcac9acde6e037a138caf60a8c3747e4971ac0ff11869e513666e688b66ef,24545506,0x28c6c06298d514db089934071355e5743bf21d60,0xda99714b4f6985a0d99a1f476d31234e88e7d6c0
0.0031467,1,0,1.064887978,0,0,0,0x8aac47643b84a2b136ad7c998ee097eb21ecaeae5d4ef63a175e0faf32a38c41,24545502,0x28c6c06298d514db089934071355e5743bf21d60,0x0927ddcc52c08e3347cc9652da2c34fe9c837d0f
2.057337084917524,0,1,0.260790342,0,1,0,0xfcfd79703b9718ba6e58f07e063c4f8508efad7956b83c45a7380913a6b96340,24545500,0x45b3d569963d3ae2520c09499629350a0083d213,0x28c6c06298d514db089934071355e5743bf21d60
16.960294192865458,0,23,0.260790342,0,1,0,0x4e37898ef2b4852c0ccff6db9ae6810ee8e4b8c9b1254a2493744348c40be54a,24545500,0xd275c77cc1dd410ede0690dd8a9b3af729e4dcc4,0x28c6c06298d514db089934071355e5743bf21d60
0.950275136507971,0,0,0.260790342,0,0,0,0xb025ed0b6116ccd422c1ac62877511b79f423e38b443bee9d22433e73ec93d48,24545500,0x9bc0f701dd3c0c4246f7f972c07a29e505a06bc4,0x28c6c06298d514db089934071355e5743bf21d60
0.7888647058626634,0,0,0.260790342,0,0,0,0x550c1719fcc61b264f9edda47be3f3479b7705fe52bef2a00da826a72cfba593,24545500,0x78c783211887c0f8cfb9b37d9b8605346263e1fd,0x28c6c06298d514db089934071355e5743bf21d60
0.8141421,0,0,0.260790342,0,0,0,0x787a4aa9e65c74ee20f9f4a20e4bae48a74bfe7a40f2dc758f65618c259959e5,24545500,0x80ada5db0a7d66e971a1c9899c1a073653fc01d1,0x28c6c06298d514db089934071355e5743bf21d60
1.226975661465725,0,0,0.260790342,0,0,0,0x84d9e085dbe6af5713556c2f7fe8d1ec34778df40c4d1a122bb0fe98a017a0fd,24545500,0x36e0646804da142bed33e9ba6b1b6c62fe36ddc4,0x28c6c06298d514db089934071355e5743bf21d60
2.555500500882815,0,0,0.260821675,0,0,0,0xe8181969df2e6595454f1804b7849e455689d4ee431dcba3fb9d4a451bb9d842,24545499,0xd1ea523a2da2230e7f88ec045dbb4a594f363ddb,0x28c6c06298d514db089934071355e5743bf21d60
19.99985,1,0,1.064167127,0,0,0,0x237e6fe9047fedbbc3e9c8dc07f089a5cb61d699ae987fb37cc51d561b092076,24545496,0x28c6c06298d514db089934071355e5743bf21d60,0x412759bb14ae26c8965ca6520e3fa6d9bc27f50a
39.99985,1,0,1.068059419,0,0,0,0xa08cc467bfd228ee20859cd7738ffa82bf12b5d24b2f5edd7fe2ba071e654a9c,24545494,0x28c6c06298d514db089934071355e5743bf21d60,0x795b6119dbccab340b1426d6d6359c443390dd40
0.117629,1,0,1.06767339,0,0,0,0x2815ab752261449366eeebc8ca8515385120dc0d1963012dfaf40d3b50063e18,24545492,0x28c6c06298d514db089934071355e5743bf21d60,0x2ac331eec12850295ac4a298f723db14e1ce44df
0.00185,1,0,1.063658261,0,0,0,0xd6b38fc8c6238efd4e551995e1364b79d4c45e4f1013560bef5afd30a5b23b79,24545484,0x28c6c06298d514db089934071355e5743bf21d60,0x3223389dcb4ec86091a03c27f675551636db696b
0.0019493,1,0,1.063333575,0,0,0,0x1e393fe1e6933d0ef807f5401cc7e93b2cae6ee80ec2635eff937ca0444ecaa7,24545473,0x28c6c06298d514db089934071355e5743bf21d60,0xb9ed6edd86f4775b18e9f1da078189c307880c19
0.01185,1,0,1.059380834,0,0,0,0x7742839ddc7bd85edf59b179acb3882b9c7ae41cb520b50e7decd4e20b55658a,24545472,0x28c6c06298d514db089934071355e5743bf21d60,0x3de63caaf3a8f3d8d6a2c5be365f2976a8897edb
0.00265,1,0,1.05132364,0,0,0,0x8f27957cb8b64bd9db9c550b4ff933507bc4878a461c5bcaf4b59e3067638fed,24545465,0x28c6c06298d514db089934071355e5743bf21d60,0x46a6373965bfee529af44b35d60b03478f2cda9f
19.99985,1,0,1.051036035,0,0,0,0x24d0bc4b243b4942363de2493bbaa68ec780ac50b6478e5cca327c212a70d9c5,24545464,0x28c6c06298d514db089934071355e5743bf21d60,0xe1339cbb0c67de13eb6972473ffd212c2d7fe329
0.02060404,1,0,1.049363125,0,0,0,0x2eba7549619c2cfcae976a68ff4daf9046d0595b8ffabfe48b28a01716245266,24545460,0x28c6c06298d514db089934071355e5743bf21d60,0x64d981f90a9c1999aad95829815dbc7328306805
4.796881580875059,0,13,0.261326733,0,1,0,0xa81b3536b5201e982d8ce326b94befb4aed2d10ff5a35a4ff688d66b64023fac,24545450,0x06fd4ba7973a0d39a91734bbc35bc2bcaa99e3b0,0x28c6c06298d514db089934071355e5743bf21d60
0.52034422,1,0,1.061326733,0,0,0,0x06253c5ac394062f41ff5faa8824e2a94e00ceb8cf92da816d7b9422266fcbec,24545450,0x28c6c06298d514db089934071355e5743bf21d60,0xf48b0147e5e3a3f7719c9ffdf42f469d7240711a
1.07884871,0,0,0.249454777,0,0,0,0x01d6f1a1f0de3f022e4140c5fbc603a9a3aebadcfe8800eda1bced21fcc3a9a3,24545437,0x30997f527dcaecc06dec0f9f0fe4004a77fe5338,0x28c6c06298d514db089934071355e5743bf21d60
0.596469972476457,0,0,0.249454777,0,0,0,0x2b07614075f61cf311412dc41a1ecf9cbe18dfe1f51ec0ac3eafb7cbe9416ea5,24545437,0xdb8abff2c76a20c715376fabffc4caba55ff77e2,0x28c6c06298d514db089934071355e5743bf21d60
0.583588348351705,0,0,0.249454777,0,0,0,0x3c21ac4062d83fa33c370462619a7cbaf2e549b056775b9aef311b2ee45738d4,24545437,0xf6bc0af818c72888639a1866a55a3edd015c6639,0x28c6c06298d514db089934071355e5743bf21d60
20.657435200181425,0,16,0.249454777,0,1,0,0x6d84122b4c6d90be8a164ac8f3b82957e40f27e2f84ec1b2288496c8e86aaf91,24545437,0x483a910a7479af5bd1333014af97ee5c733a7052,0x28c6c06298d514db089934071355e5743bf21d60
0.506170261764915,0,0,0.249454777,0,0,0,0x81cfd7f8392ded23df9da096e3e2184a8f7891f7964003e50c2684197626209e,24545437,0x2c5769556ce5fcd233158dbcb4298914e6414821,0x28c6c06298d514db089934071355e5743bf21d60
9.800194765790543,0,24,0.249454777,0,1,0,0x920b3c36eff67b7e5d1a24d0212837b1375237f12dcbdeaaa2763541aa9d4b0b,24545437,0xd275c77cc1dd410ede0690dd8a9b3af729e4dcc4,0x28c6c06298d514db089934071355e5743bf21d60
32.001741298657734,0,0,0.249454777,0,0,0,0x9454dc6e624548195955ee2a9ded35999704499c143360d8c0f5d88eca562ec2,24545437,0x75df70759820629cb8d3369b99e5c13bba434cf5,0x28c6c06298d514db089934071355e5743bf21d60
103.31827880963154,0,11,0.249454777,0,1,0,0xb359c026f43143a01b1f0819ef5437ec1dbb30c2872e89282a48f64a56fda9da,24545437,0x2d6ffec3acbdaff0f895e70fcc699246a2798102,0x28c6c06298d514db089934071355e5743bf21d60
1.051836409961933,0,0,0.249454777,0,0,0,0xbf3d3ef32361ae1683c70ddc5a58e39b691cba2488ff67921f7606ce76981c7e,24545437,0x5fac85125d3bbcbe2f6ef0a6614d16c42206140b,0x28c6c06298d514db089934071355e5743bf21d60
0.99999508845406,0,0,0.249454777,0,0,0,0xd58e2ff84167904f75dce55dbc0427f9efb8b940d7d406081c74f2d1ff4ffb95,24545437,0x2d3de7f69b61af6fa2cf1b382faac92f3ab20797,0x28c6c06298d514db089934071355e5743bf21d60
1.055161061577727,0,0,0.249454777,0,0,0,0xe16a42011715082dfd6e5fb6665b75c5ebcbe28b740e8a5387c3fff900c2e48a,24545437,0x1e7cc5a84ca981dfa9f23b64cf4d54d7a56efc67,0x28c6c06298d514db089934071355e5743bf21d60
0.00235,1,0,1.050081959,0,0,0,0x5c92e364fdd30521afafeaac3673de37c6014d76c0926d9981e74db868a3d4ba,24545435,0x28c6c06298d514db089934071355e5743bf21d60,0xe8eb4727dc6acf4c5b1c5b905d18c1b3aefa0c04
0.00235,0,13,1.051219333,0,1,0,0x71a3ee08005511edef9b1903c0819eca70d4b6574adc55336caf9e0e3f9e96fb,24545428,0x28c6c06298d514db089934071355e5743bf21d60,0xf804fad4dec8b0622b170bdc2bde03d44cc43f6c
0.0180318,1,0,1.046882913,0,0,0,0x7d85676d0c36f2b108ef4f9ba98fd237c6fde8bd4e2d91d63bbf4474a5825a75,24545423,0x28c6c06298d514db089934071355e5743bf21d60,0x158daceeec3408114ac9f48fd35f0677ef17fb42
0.0244254,1,0,1.047699847,0,0,0,0xd457c7cf213a01ae8283d4dc33d2cdbfec6a00b67322654db18fe887a41a95e0,24545420,0x28c6c06298d514db089934071355e5743bf21d60,0xc9ed4b91d2c13e57e0ee53bad820980d004a7b0d
0.10985,1,0,1.041005266,0,0,0,0xecc505711e417b6b6049e37f3b2d9a867a7eaf0b676f48effc603d2677ebc6d3,24545416,0x28c6c06298d514db089934071355e5743bf21d60,0x8382dafd1b1cbdba7c0c91ebcf9669c211ee9ec3
16.36211749,1,0,1.043875043,0,0,0,0x3b1e8360fcf58e64ee3d614aa4abb0ad7a7ad1945b55a19de8bb6efe201f0acc,24545411,0x28c6c06298d514db089934071355e5743bf21d60,0xb1a36b00ddb058b97b8f3251052cfd2db3b15573
16.362253763197177,0,14,0.240053116,0,1,0,0x790d70963ac4494c7e970cf6c9983e76b993e60c9b59b625a7644528b55e2fb5,24545410,0x06fd4ba7973a0d39a91734bbc35bc2bcaa99e3b0,0x28c6c06298d514db089934071355e5743bf21d60
24.99985,0,6,1.040105125,0,1,0,0xd711206865803045aa3dcbb55bca4ee71b29d42e7678ccc3bf29169cb8bb2947,24545409,0x28c6c06298d514db089934071355e5743bf21d60,0x1dc07382c40c90625fd41c87d3eca2c54630ab92
34.09985,1,0,1.037121544,0,0,0,0x0beadbb22597dc6490b76a6b66994e60c3ac8012bce896c80a3dd6a63402ba24,24545403,0x28c6c06298d514db089934071355e5743bf21d60,0xa2c698e3a1b34c1dd4516a081c1bd676551125a3
18.99349294866636,0,25,0.241401293,0,1,0,0x1abea1bacfd6730caecc8db1769959ac2dd6873be9213576972c640e2156a220,24545401,0xd275c77cc1dd410ede0690dd8a9b3af729e4dcc4,0x28c6c06298d514db089934071355e5743bf21d60
96.82999291975636,0,1,0.241401293,0,1,0,0x48ae9f9f0fd30aab1fe848bcdc8e7f5074b839a433402f473701ae8f2139474d,24545401,0x22540c30e62ba866ab72f518fb2b00a408653a29,0x28c6c06298d514db089934071355e5743bf21d60
0.00213459,1,0,1.04385647,0,0,0,0xe956556eb556644e77446e9263707ee45fe77b2cec17fee42e8d91ef1cb85bdb,24545395,0x28c6c06298d514db089934071355e5743bf21d60,0x05a7fd15c30ee77e806bc0a666ae340a04344a9f
0.00235,0,14,1.046317694,0,1,0,0xae7ec6e9695c7113cea26c2aedac867eaa875b8ed9d2e4cb070b735ec297a769,24545393,0x28c6c06298d514db089934071355e5743bf21d60,0xf804fad4dec8b0622b170bdc2bde03d44cc43f6c
0.35833872,1,0,1.044192584,0,0,0,0x0a9204b42795206aa8bc3f5f37acddca61dfca4e99d9c57d319f213b6fe6e5e6,24545387,0x28c6c06298d514db089934071355e5743bf21d60,0xa48caa903538feb5259412e492fca68c4d71e38d
0.00485,1,0,1.044533748,0,0,0,0xb0cc52a7e0e16486d311055e008bcccf12d648c08de1fce06a74fad759035d71,24545385,0x28c6c06298d514db089934071355e5743bf21d60,0x657c0450d42fde565b61f6d4bd70ff78c548093f
0.14985,1,0,1.046245573,0,0,0,0x687f241d3030e5d55ef6a52ea8ade4e784b8806af04b5483885c764398acde19,24545382,0x28c6c06298d514db089934071355e5743bf21d60,0xf4b7fc8329b9849dda2276b3edae38fdad929210
0.00235,0,15,1.048648569,0,1,0,0xe296f07abe96c6fc2e4ce5d4c9315dbc3779633b1439b43efa9675159d32a454,24545373,0x28c6c06298d514db089934071355e5743bf21d60,0xf804fad4dec8b0622b170bdc2bde03d44cc43f6c
0.09473973,1,0,1.048155292,0,0,0,0x8b3f28c54c8c49cdbfe451ff270d8f78bf597a6aa597d8752c2741c969a99888,24545372,0x28c6c06298d514db089934071355e5743bf21d60,0x4745af915a797e2af3d3526b38290a6af97c84f6
0.00198745,1,0,1.051695128,0,0,0,0x2182762c062c925cae31a283fb305c785da368a40df688791ac5f93bf578a93d,24545365,0x28c6c06298d514db089934071355e5743bf21d60,0x1bfc09e75f5e5909726ab768748b83963d84808c
31.970970016028595,0,15,0.25493671,0,1,0,0x79346288e5cabd5c342a402da1bcb8caf3ca804051a8d45d1b099768cb5db04d,24545357,0x06fd4ba7973a0d39a91734bbc35bc2bcaa99e3b0,0x28c6c06298d514db089934071355e5743bf21d60
4.30434994,0,0,0.244287527,0,0,0,0x31f1a82aef7c2dff1c287cbacfed1a74907c49801bc3ed3b03af53f4e10aafe1,24545351,0x4ba24320bb9ecc122d9474e189aab6071da07ddd,0x28c6c06298d514db089934071355e5743bf21d60
2.542378674099978,0,1,0.244287527,0,1,0,0x76acbb39d23e91d17323f8900849620066997d19770fb5962910422130a74182,24545351,0x5fac85125d3bbcbe2f6ef0a6614d16c42206140b,0x28c6c06298d514db089934071355e5743bf21d60
0.499152482064232,0,0,0.244287527,0,0,0,0x50befa5dadbec1ddd4f85d89a388adc4fae60a4d1dac12a67576b26c7c4c32e1,24545351,0x4544f99c03f311eef1caf12e03089e8769a84651,0x28c6c06298d514db089934071355e5743bf21d60
34.99999354583117,0,0,0.244287527,0,0,0,0xb90a965c8aba538417acb35d620fd7c565144c189b914682f4fe84fe4e2aeef7,24545351,0xb550beb70685fb935fd9cc41440916ae2f9aeb97,0x28c6c06298d514db089934071355e5743bf21d60
17.855794584936266,0,26,0.244287527,0,1,0,0xd1c019dd1a0fa980c92e768226869a82c75fc4fde2aa58b48f8bb380b5096c1b,24545351,0xd275c77cc1dd410ede0690dd8a9b3af729e4dcc4,0x28c6c06298d514db089934071355e5743bf21d60
1.089994907148397,0,0,0.244287527,0,0,0,0xaf4aa0bec73eb463ea03b8985820a26aa3a4c5da36709c1eae8ad4454e81e666,24545351,0xd776facb12675c3a18507d89d39bacc732239200,0x28c6c06298d514db089934071355e5743bf21d60
39.76879485007823,0,7,0.244287527,0,1,0,0xd25183c16ea7b1006aa309b9aa2996da5751028ab31673b7fdf2802a23fdddff,24545351,0x9f4e5bc9f391de5c824bd0d065fa716663c91ba3,0x28c6c06298d514db089934071355e5743bf21d60
3.9379553137394874,0,0,0.244287527,0,0,0,0x6bd5ce853494679da581492a06b3fdb751617258c8b465c21754a362203769a0,24545351,0x5b7dd298e7f14559b7dcf62f72468d0c9551d76a,0x28c6c06298d514db089934071355e5743bf21d60
0.53198522,0,0,0.244287527,0,0,0,0xd6e6e0dbd392217fea0ffd783921bfef60eb8c037f28a8f950fc36ea224dea06,24545351,0xe56a6eee7d325669f6f13585a36d7bb0fef5f401,0x28c6c06298d514db089934071355e5743bf21d60
0.573895,0,0,0.244287527,0,0,0,0x2d4429489b98d179f64c02dff6ec39b539fc748a440a8aedfde93dc5320ecc29,24545351,0x964dc939ea6c7a9e120b72271403e0b31845de03,0x28c6c06298d514db089934071355e5743bf21d60
0.6661,0,0,0.244287527,0,0,0,0x9776d412b04323ac04e8870343f0663855ee6746497e3e48f8e2893ffc0b57f3,24545351,0xea4b398fd5d04c3685928870bb781bacb5063440,0x28c6c06298d514db089934071355e5743bf21d60
3.59649059006962,0,0,0.244287527,0,0,0,0x604db5123b83ec83ce7ba91f709a11b1b6ba8d7962cee96e0171ba16b87b8f9f,24545351,0x908f4eba1e32408099aad6ec8ec0e04293809933,0x28c6c06298d514db089934071355e5743bf21d60
18.48296540759589,0,9,0.244157391,0,1,0,0x80dc38a623d259445adda0f0ec8f52d120402c0a085af8067b05b53ad64371a5,24545350,0x3c7201f61c491ae4772138fe150008d546c450d9,0x28c6c06298d514db089934071355e5743bf21d60
0.5137117303432959,0,0,0.244157391,0,0,0,0x12393b02f8b67f1c8dbceb67559791f9f891eb22c049e99cb035bafef27ca9f9,24545350,0x5e9941f61a508b781f6677a58a6dafbdd358ebb6,0x28c6c06298d514db089934071355e5743bf21d60
3.537594405000829,0,0,0.244157391,0,0,0,0x54743968245ddd7d8063558c9d436be1cc4b64c410b474a7b394493a0d23ce36,24545350,0x51415fbed9aa69616cc112743031d3c38c0ce179,0x28c6c06298d514db089934071355e5743bf21d60
2.616342031209732,0,0,0.244157391,0,0,0,0xab329b8f89259c06c957f9c7d237bbb5e13f08413fe830019479bd7e5434f288,24545350,0x85fb688188a5cda19e90d32a5957df4b9465722e,0x28c6c06298d514db089934071355e5743bf21d60
0.6242853217579496,0,0,0.244157391,0,0,0,0xb281d47e5e44436b1497a3f6cd9cbd97cf0f5c7026aefcdb9cd76d1ff7aba463,24545350,0x06e216951e4407fbc4a8faa09106d769587fa0ea,0x28c6c06298d514db089934071355e5743bf21d60
44.99743151156861,0,0,0.242524804,0,0,0,0x44f391f63da766fb2f757218253f13350e64cb74b3355aa3d588dabcec23820f,24545341,0x4437d9efb54f33c6123777337539f358e7bd8a74,0x28c6c06298d514db089934071355e5743bf21d60
3300.0000022272147,0,0,0.242524804,0,0,0,0x86398c0bc783a8fd9d64cae74bf9e28fc50925042917559f5526d867f18090bd,24545341,0x667cc3145f9f63bd796a1a62ef504aaa160550e5,0x28c6c06298d514db089934071355e5743bf21d60
0.511226381205362,0,0,0.242524804,0,0,0,0x8cce3f26f4d7842f7cef039e1109686839b3df335351cb193fd741d182d3d13b,24545341,0x601562548d3c605720b0fc152ec8721dd0c65814,0x28c6c06298d514db089934071355e5743bf21d60
1901.0,0,2,1.044294149,0,1,0,0x51f0a131dc9745065d59e823377f17507aa266bebc7b9ff845f2110c0a007a90,24545339,0x28c6c06298d514db089934071355e5743bf21d60,0xf8191d98ae98d2f7abdfb63a9b0b812b93c873aa
0.05979759,1,0,1.04139187,0,0,0,0x118b09fa3946dccff03d6e06cb4696af4eb103eae476ebb8a6e8c11961c13c1d,24545331,0x28c6c06298d514db089934071355e5743bf21d60,0x00a8d44955472e2fea813d1092c77617c56f32ac
0.2100003,1,0,1.052786862,0,0,0,0xfd52fa3017d013b744c4883752ac21b637a69784e09502babe37eb8931b809b0,24545324,0x28c6c06298d514db089934071355e5743bf21d60,0x43add94afe4d375fd8f1c00337ac9e3fc0b387f0
217.14089515,1,0,1.044462823,0,0,0,0xb4aced0a2b9bec6e29ec038efa9ef687ecba95139df3b6eda999da32ee858754,24545319,0x28c6c06298d514db089934071355e5743bf21d60,0x58b3d464ae276d7be20276ef4637eaf1b9256917
0.0110388,1,0,1.046995133,0,0,0,0xde23d90fa462933c59b441c5d550db13fb1d0d5cb51cef8ccca68ad0d82d4fb6,24545318,0x28c6c06298d514db089934071355e5743bf21d60,0x95fd81588177fedbf10edfb920b9d46cc2f22157
0.00485,1,0,1.044229876,0,0,0,0x1943b3af462c1a74221b141c482c589f37ead906319f4c6cea5b74a41b581150,24545317,0x28c6c06298d514db089934071355e5743bf21d60,0xad26500f4d98db0c8d8f4e986547306894e37a47
0.19334717,1,0,1.048757268,0,0,0,0xb6df301a9207a7185c285e4b499d179664562e1973a29b21e74e4322fbc9ae12,24545312,0x28c6c06298d514db089934071355e5743bf21d60,0xdb9b2e7d2588fec1657c956f8a7149c7fb74440c
24.99985,0,7,1.045063796,0,1,0,0x7e62d6dea9031c7ea15843a355ec89853a3fdb9bb2ddc78bc83a670c15510ac1,24545308,0x28c6c06298d514db089934071355e5743bf21d60,0x1dc07382c40c90625fd41c87d3eca2c54630ab92
0.00235,0,16,1.041345634,0,1,0,0x823190f41df536a619230efbf42e0fcf4e00a17957961772b932d874f7a8d7f4,24545305,0x28c6c06298d514db089934071355e5743bf21d60,0xf804fad4dec8b0622b170bdc2bde03d44cc43f6c
0.0343155,1,0,1.045074016,0,0,0,0xd233ef1be05674a7edd90bc995d333ef2fc6475a0b6db61661ef49c763bd4d91,24545301,0x28c6c06298d514db089934071355e5743bf21d60,0xc30e6ca295a91de0490d3690622a8bcecf2f3d58
0.6377788850945206,0,4,0.239555031,0,1,0,0x09ca89c4b6c3fe77f68929d299527ee8ac93fa05d285eda191e013c809e2d750,24545296,0xd0e83490a55e671b3cf39cd027f0f9035ec5a1ef,0x28c6c06298d514db089934071355e5743bf21d60
4.841291,1,0,1.042708183,0,0,0,0xbde90719fae586608d75dad77ae9c59d2aa429d58b6a539cc99482c0020aeb9e,24545293,0x28c6c06298d514db089934071355e5743bf21d60,0xb79b53f9fb99cfe6961fc596accca3db3498d653
0.05985,1,0,1.039913629,0,0,0,0x24a1959fefd3399ebd67428c052147bd8e354cc989b92b7b51d3935facbb7d4e,24545290,0x28c6c06298d514db089934071355e5743bf21d60,0xd519cad6fbdb66ddb282d182d2c816c7bab07601
1.1025965775830997,0,0,0.243154668,0,0,0,0x7d00f50385c86a2eb74d5b5fff860287388f14de20b1984b52274e8969b092e8,24545287,0x2938315aa1d7acc53b971cbee36a8338ae3513a9,0x28c6c06298d514db089934071355e5743bf21d60
21.00146488440467,0,17,0.243154668,0,1,0,0xa67ebf14321a6d850d7bf85ad8802afd7a28685c674919067fb2ad53f3dc4197,24545287,0x483a910a7479af5bd1333014af97ee5c733a7052,0x28c6c06298d514db089934071355e5743bf21d60
24.999977704004728,0,10,0.243154668,0,1,0,0x1546664c55de671667bd12a278a1e45c8c8561851106bbb90527346b7ceadb4a,24545287,0x5b702b24b00a37b61ff9d71d91fed1a629edd1df,0x28c6c06298d514db089934071355e5743bf21d60
0.5460524222778671,0,0,0.243154668,0,0,0,0x181f33aad97f41650d025b3754e927fff25ee0a258ed6f30f06b9e4bd6921259,24545287,0xfacfd941250b27fe1341f788e6d37552bed81a1c,0x28c6c06298d514db089934071355e5743bf21d60
6.998779166128827,0,0,0.243154668,0,0,0,0x1088e360348b38dd1620afe00fc49609a8901f5e1cc8345ffc2a6ee68b1a8227,24545287,0x9fc40509b01b9de8680a47c701fb16ef6ff2350a,0x28c6c06298d514db089934071355e5743bf21d60
7.462394048163005,0,27,0.243154668,0,1,0,0xb88da939babc7501d90f5b8cdf94a549f79822ccac2b3fccf1da5e2bcfa323ed,24545287,0xd275c77cc1dd410ede0690dd8a9b3af729e4dcc4,0x28c6c06298d514db089934071355e5743bf21d60
0.47140709,0,2,1.047236243,0,1,0,0x87e25855a9b37a1d6f5aa4f399d63cef887564b423b832f542f72bd0d432d2be,24545270,0x28c6c06298d514db089934071355e5743bf21d60,0xda511e642fd9e70c41b75e09daa9a995175b508f
0.06216848,1,0,1.047236243,0,0,0,0x16d34edb49679cef2ff555d66bd03b139f588be97e5b286d9f48d794b4bed3c3,24545270,0x28c6c06298d514db089934071355e5743bf21d60,0x70cdc89d47cfe2236255d0ea0d4ac00d9371566c
0.01649271,1,0,1.04307877,0,0,0,0xf86e82ecd0ca54159df3f3a3a1cf5da93cdb294dc810c8a31f95c5cc541f4773,24545265,0x28c6c06298d514db089934071355e5743bf21d60,0x8b72397afa0754425fb2baf61d7e37c3f33997b6
3.009346617024399,0,16,0.247672715,0,1,0,0x38228da6816d587d350fb9578ff963c75b8f19bc755522d8bbc1a1e4c2f23d9c,24545257,0x06fd4ba7973a0d39a91734bbc35bc2bcaa99e3b0,0x28c6c06298d514db089934071355e5743bf21d60
0.07448,1,0,1.046916333,0,0,0,0x149a6e47efb7f5fc6c5ad769119f23c79a2ead34c426978d379f8fc2474f76e8,24545256,0x28c6c06298d514db089934071355e5743bf21d60,0xd322fa64940a955e88c1335109d1fc240ad7ec54
0.2713839,1,0,1.041411396,0,0,0,0x7adcc783efd204321e997b5cc8fb2f94c6fa9a3ad9c00e149db81bd24ca32e1b,24545254,0x28c6c06298d514db089934071355e5743bf21d60,0x003654063a5bdfb9770aca517c654e41231b830b
24.99999465773879,0,8,0.245281989,0,1,0,0xb80e2e99fc2119733b4bb82b2439a96778142d6f6abd520825290e33d8428e93,24545251,0x9f4e5bc9f391de5c824bd0d065fa716663c91ba3,0x28c6c06298d514db089934071355e5743bf21d60
0.4958842102857348,0,1,0.245281989,0,1,0,0x07c426974c33859cbebe9c9fb51c10abf004805e65246e6f0fc14197a71da847,24545251,0x1835168e908b684a006209d260273138f7118b0d,0x28c6c06298d514db089934071355e5743bf21d60
21.658293949047493,0,28,0.245281989,0,1,0,0xc2c37eec6deaef22c7653e5ad2cac0c4d09ad6503a88e74d4abfe8fc29740a3c,24545251,0xd275c77cc1dd410ede0690dd8a9b3af729e4dcc4,0x28c6c06298d514db089934071355e5743bf21d60
27.295162219317707,0,0,0.245281989,0,0,0,0x195db1b47d843babb3a16bf76780e0b03639ecb8c2053294f29d05ed318f1d4c,24545251,0x1aabbbcc09c087279b5c1d46198cd36062d25f5b,0x28c6c06298d514db089934071355e5743bf21d60
0.0096333,1,0,1.045281989,0,0,0,0xa38a349bf7b43804628cfde71a1674fbc3226604b357bec95e25b829c1518d31,24545251,0x28c6c06298d514db089934071355e5743bf21d60,0xa3b2749d490bae88eacff9acd82accb3be1d958a
0.999991473090112,0,0,0.246629989,0,0,0,0x0f599b68ae6850827ebb7d2b3754fbfe54480ac064b19b7d754315b5e285faf0,24545250,0x6a74c3080e15a6a160ba2e9dda2ae0e507be70cf,0x28c6c06298d514db089934071355e5743bf21d60
0.524992374757935,0,5,0.246629989,0,1,0,0x2ba05c02fab9710528a8dfde0ddbe8390ad549aa49685970651cff8cff2cb1e4,24545250,0xec8fc575eb1ab72e6f06254439e71010cfbbe9d6,0x28c6c06298d514db089934071355e5743bf21d60
3.499994809397282,0,0,0.246629989,0,0,0,0xdc70e619f8952c7a08fcf9d53252fd41ffaf4acfc9c5af5d174b6dbb4a9828c5,24545250,0x346be5bdc3039b086d42ecacaf2f9e304e14b03d,0x28c6c06298d514db089934071355e5743bf21d60
0.544200330773356,0,0,0.246629989,0,0,0,0xbf6e80571077679eccdb9b3cc0f8f5db3818c3aa7404c11a0194403fb9e185eb,24545250,0x1c94409bda3b080b7aa6445c6fb34fd4ef2a3450,0x28c6c06298d514db089934071355e5743bf21d60
0.01985,1,0,1.045615954,0,0,0,0x375c454afddb0ec5b7b0e8cd0749363953f9875077ec69f786ffd4bd45ae475e,24545245,0x28c6c06298d514db089934071355e5743bf21d60,0xc5417c01b858d6398d17ca84ec3711664273ffa9
0.01478473,1,0,1.036573524,0,0,0,0x33c291c330ecccf73178dde4f611b35e5b02e7b3e97d3095b6f7a0388fefbf61,24545236,0x28c6c06298d514db089934071355e5743bf21d60,0xbe8753ef8543e9cf1a5bcb39927c124804e2ada9
0.03558383,1,0,1.04241457,0,0,0,0x2ea714561c42d81233250fb6dfbcaeeb6b7927e51b2817421307d7f9fd35b36d,24545223,0x28c6c06298d514db089934071355e5743bf21d60,0x3655f754215b38ae6e8324bead844e6bfa70343e
0.0284962,1,0,1.042927467,0,0,0,0xc987e2b31a6ab0f59416c1fdc8f366bf38228055e37640f95cd942d1cca9d5b7,24545222,0x28c6c06298d514db089934071355e5743bf21d60,0x458490c3289f4b86cf0138ae567df10dcc144719
0.011,1,0,1.038205872,0,0,0,0x6dfd5e5cc929a1b0d41c5f1feac55dd072393f4111ae0bac507027a1b2f51373,24545218,0x28c6c06298d514db089934071355e5743bf21d60,0x40707a433aee32a6b58c2230c08062af88ed8330
1.2769678579769486,0,0,0.237999215,0,0,0,0x800f67b110f1f90d18e272a4842ea7482d46938834fcb52686d11e4aaf943860,24545202,0xb754b00410d95150e3d96ff8171e943bc2230e51,0x28c6c06298d514db089934071355e5743bf21d60
0.7729214456855804,0,1,0.24317897,0,1,0,0x27c2cca14ae33e5c805ef6a2c8921410170ddf27a971dd63e4ad5e1bc784e9ca,24545200,0xecb31a210ffc6d28b9579626eaab78f2aafde72b,0x28c6c06298d514db089934071355e5743bf21d60
0.499994896218401,0,3,0.24317897,0,1,0,0x681122a21ecbf4d66bc96db877fcbb4d573ae770d24bb6e0fa55aaea11ece766,24545200,0xef69100ec271594ebdba4153a073e20cc3131886,0x28c6c06298d514db089934071355e5743bf21d60
0.578270920064176,0,1,0.24317897,0,1,0,0xc2a2f8a1a1dfd9a4704dd6287956f09c7f5ddb7e6ea7a0846e583a160dc03bb7,24545200,0x02f2de5939fcdfefe8533977c6bd71d557a8455d,0x28c6c06298d514db089934071355e5743bf21d60
1.1148011325885214,0,0,0.24317897,0,0,0,0xfb53896deb223aad70e09ffd4c9cbdc32666583d264a63214bab267e84454b14,24545200,0xdf6e543ed2639e840dfa7ac9091a132415916ef4,0x28c6c06298d514db089934071355e5743bf21d60
0.11078053,1,0,1.039786405,0,0,0,0xfa3c477cea888171e0bd8bf8533ff2203ec09f7dca0c373aff0b58e4322df195,24545198,0x28c6c06298d514db089934071355e5743bf21d60,0xe847d29c68f129022c5c8333589e598906a060d6
0.7504986,1,0,1.04051476,0,0,0,0x346dcfef7b8b9ba923021346cabc422cab91ba099ae4427f012fa52eab3f147f,24545187,0x28c6c06298d514db089934071355e5743bf21d60,0xcc975b2c0ead313917ab68e30cef4a254c232f12
0.00265512,1,0,1.044841031,0,0,0,0x4d5575c367f9196c366f5d05153f626de519700fed42029d51a8b9bfd0865593,24545183,0x28c6c06298d514db089934071355e5743bf21d60,0xed26a5d9e82b5986359ba235e2518a17c2aa27dc
0.00985,1,0,1.042532988,0,0,0,0x91676e3bd1ddadee2559021163462d65765f5822a9584db9e4bc650af1434f1e,24545182,0x28c6c06298d514db089934071355e5743bf21d60,0xd7438d1f4ec0d2a7e3150b62926553108baa05fd
0.1230267,1,0,1.04639751,0,0,0,0x4792bcda0bcda94fc9a0d7ecc993c8021c14e8453e497cd67d025cd75d1611b1,24545170,0x28c6c06298d514db089934071355e5743bf21d60,0x678d771e5d04a9e897f833115f50afe3622370f6
0.00963441,1,0,1.054450063,0,0,0,0x54de1003e3a87b35976945348f0300ccf09e781d59f3904a67599c05039fe8fa,24545155,0x28c6c06298d514db089934071355e5743bf21d60,0xa44e53b4ec68472108a8ad7f082f05933c0d4d40
10.63,0,2,1.04953887,0,1,0,0x3fbe3b4e849daf87834600c9af20d22e250607fac8dbef16f1bc9d9c7251652e,24545149,0x28c6c06298d514db089934071355e5743bf21d60,0x7ecad83c191d09ee764cc6d7e1580a102445f6d0
0.00305508,1,0,1.044036836,0,0,0,0x4bfad3117fe8be9bf9d2ce78148f6cd15eb8c80162e7bba913fddc5b9f0b12fb,24545148,0x28c6c06298d514db089934071355e5743bf21d60,0x857997d57a85e0d53b32f6ea4c07465b83ee0c64
0.00600954,0,1,1.045455795,0,1,0,0x3cde890158ec731d8b32eb0ddeb777aa68f8e6a7ac4f61658a01670ce75c5852,24545143,0x28c6c06298d514db089934071355e5743bf21d60,0x867c27765ac0a86f8da8a55ce7eabab46fdd0ed3
194.12605256,0,1,1.046711457,0,1,0,0x0083c57819e988d2be0ef7fc15eee98a5f9a74b7e32835995a9e79d80c6624ea,24545140,0x28c6c06298d514db089934071355e5743bf21d60,0xae8cbb7e810f59fd0dd939b2b6623756d91b174a
4.85378306486252,0,17,0.243610162,0,1,0,0x2ca2764ac8afc604c5bbcc4498782ec428fd6c1f2732de5b01fccff3dde23607,24545137,0x06fd4ba7973a0d39a91734bbc35bc2bcaa99e3b0,0x28c6c06298d514db089934071355e5743bf21d60
0.596263235753923,0,1,0.243610162,0,1,0,0xc844231808996ebf7b49d91daeb3de4064d31cf19b7d7b2dc9df7e96b22b54db,24545137,0xfacfd941250b27fe1341f788e6d37552bed81a1c,0x28c6c06298d514db089934071355e5743bf21d60
1.267884776462419,0,0,0.243610162,0,0,0,0xd421431aaf32bff3db956ccff87783451512bc00a6a42b07148d21eff0ccab22,24545137,0xee0f411ed044ebba7a0f3f6d2a1cdeb37f48ea27,0x28c6c06298d514db089934071355e5743bf21d60
3.329465780705299,0,0,0.243610162,0,0,0,0xd6912eef3777cd43d4e06cd250f7917bdb776d032b95a8fa0d67e795f0b8e3a5,24545137,0x6f3fd8d28cada8febf48942418186656e9ce6adc,0x28c6c06298d514db089934071355e5743bf21d60
1.716193002038674,0,0,0.243610162,0,0,0,0xf14b8adaf05c73defa2791f3a45bd3a7a474827b6baf6158852030a294b3f17b,24545137,0x7bbf47b11535b08547c4471a32b47905d3386207,0x28c6c06298d514db089934071355e5743bf21d60
0.06273998,0,1,1.04626984,0,1,0,0xc4726dbc4378dddd3b19e1b1e8d22629e9bdefcfd477000de58f99a21d409481,24545135,0x28c6c06298d514db089934071355e5743bf21d60,0x04dc6899528c5fdffd41270753d1d27b6cdba9c6
0.02066832,0,1,1.047105624,0,1,0,0xe03566cb9505d9d8b02b41d9547015c77bf9ad18fea949b92a2fe7b3f30188ba,24545129,0x28c6c06298d514db089934071355e5743bf21d60,0x64d981f90a9c1999aad95829815dbc7328306805
0.03143621,1,0,1.046681808,0,0,0,0x75803f5cbb84626da97c58f3abad4946c7a7c278d1b9a9925cf2a65658695faa,24545116,0x28c6c06298d514db089934071355e5743bf21d60,0x8b34073c7bc0d23e6de2aec47844c6301375f719
0.0002032990207564,1,0,1.002774922,0,0,0,0xc7b3fec396cfbcaa3a9a6ff5216351d10da6c5eba52653b57a13bb2f0ca56ba6,20605806,0xb6523fb60b0f7b0999c7dfe7a2d5f4a600db146d,0xe85f78abb12594f3e73dc68bae19d216ba328697
0.02088871,1,0,64.0,0,0,0,0x5de703fec384b4e31ab1e12137bb9181a03bebf528b4646583614a9dcfcd1e64,12324297,0xe85f78abb12594f3e73dc68bae19d216ba328697,0xa090e606e30bd747d4e6245a1517ebe430f0057e
0.045,1,0,90.0,0,0,0,0x4d061e80308d88fd823deab0b4c996ae9e2afcbd2e56775f408f6ebbd895d90c,12324284,0xe85f78abb12594f3e73dc68bae19d216ba328697,0xbe1814a971163ee97a643f30b305e649f4548b8c
0.19155435,1,0,92.0,0,0,0,0x3e2c207a57a7b13bd9771e5f1f970fed7e993d6b84cf34e34ab99e5eaa71bc16,12324284,0xe85f78abb12594f3e73dc68bae19d216ba328697,0x0f6e57e28d776cd016275b96dcdf190180005e62
2.71708194,1,0,92.0,0,0,0,0x529efdb4ce8217c68d84bb2bd848a3c67242529efff485456b07d819b277e225,12324284,0xe85f78abb12594f3e73dc68bae19d216ba328697,0xf1f19998fbbbc697a14c78f669bbbaf5b8a137f7
5.0,1,0,91.0,0,0,0,0x672b689965fabc405058e9b8a355969f44928a4b1ca0f89df773ae303c2ad878,12324275,0xe85f78abb12594f3e73dc68bae19d216ba328697,0x7c195d981abfdc3ddecd2ca0fed0958430488e34
5.0,1,0,91.0,0,0,0,0xe91641fdff6cde0cae795ecf352fea31e3376ccd689abac1abb2d62a7e3590d4,12324275,0xe85f78abb12594f3e73dc68bae19d216ba328697,0xb739d0895772dbb71a89a3754a160269068f0d45
5.0,1,0,91.0,0,0,0,0x312d956b7f414fdfc7156c52b0cbaff97275a8da8c2f37ab8b900f34c844cca3,12324275,0xe85f78abb12594f3e73dc68bae19d216ba328697,0xddfabcdc4d8ffc6d5beaf154f18b778f892a0740
5.0,1,0,91.0,0,0,0,0xe15f9c4b26565b2766b738e1b83db08f6b302569f87021e6d6eaf058cf206268,12324275,0xe85f78abb12594f3e73dc68bae19d216ba328697,0xeb2629a2734e272bcc07bda959863f316f4bd4cf
5.0,1,0,91.0,0,0,0,0x5c1e332f2e693bc3d9fb81b55f52e26321398908e43ced3e2a815f61fa7312f0,12324275,0xe85f78abb12594f3e73dc68bae19d216ba328697,0x95a9bd206ae52c4ba8eecfc93d18eacdd41c88cc
5.0,1,0,91.0,0,0,0,0x253fa02df0bc6785f6971b31738d9cc55e8c0cfa82dea9973c7caefa8d03d3ab,12324275,0xe85f78abb12594f3e73dc68bae19d216ba328697,0x3cd751e6b0078be393132286c442345e5dc49699
5.0,1,0,91.0,0,0,0,0x35d288cdc6949eb9590e0e03169ad335890fd60491ffa2f784c4be9c1627af3b,12324275,0xe85f78abb12594f3e73dc68bae19d216ba328697,0x71660c4005ba85c37ccec55d0c4493e66fe775d3
37.995,0,0,120.0,0,0,0,0x56e5e58b73f71ce9e9796be01646589d00cf53c1cda9be17b159c9b4fa4b021a,12324268,0x708396f17127c42383e3b9014072679b2f60b82f,0xe85f78abb12594f3e73dc68bae19d216ba328697
0.0030154314705505,0,0,17.313799035,0,0,0,0x78b6569f85785167e5a30c83416f05d71ddeb489f69074e0b097001075281a88,15774437,0xa5453505b4b93bbf350fde33909875791a6cab5c,0xe1a0ddeb9b5b55e489977b438764e60e314e917c
