value_eth,is_new_recipient,interaction_count,gas_gwei,blacklist_hit,repeat_tx,label
7.46762639,1,2,22.000001337,0,0,1
9.29128384,1,1,20.0,0,0,1
0.005,1,1,21.0,0,0,1
121.52390758,1,2,22.000001337,0,0,1
0.1,1,4,100.0,0,0,1
8.20617498,1,0,22.000001337,0,0,1
15.999971481573748,1,0,0.450152997,0,0,1
0.00485014,1,2,1.123530282,0,0,1
0.833494160762418,1,1,0.43362083,0,0,1
14.95892246,1,1,22.127224645,0,0,1
22.29999063,1,1,22.000001337,0,0,1
14.99142246,1,0,22.127224645,0,0,1
10.67392246,1,0,21.0,0,0,1
19.99392246,1,2,21.0,0,0,1
12.82402686,1,1,22.127224645,0,0,1
0.00185,1,2,1.095563765,0,0,1
0.00235,1,0,1.046317694,0,0,1
0.0100398,1,1,1.310672058,0,0,1
9.13005203,1,1,22.000001337,0,0,1
0.00193,1,3,1.046240873,0,0,1
2.31651129,1,1,21.0,0,0,1
0.01,1,2,20.0,0,0,1
15.7699344,1,3,22.127224645,0,0,1
50.0,1,1,20.0,0,0,1
5.01965,1,1,1.165292486,0,0,1
1.4095892478534822,1,0,0.321843841,0,0,1
10.86625763,1,2,22.127224645,0,0,1
0.25500371,1,3,1.158304637,0,0,1
2.204,1,0,22.667583079,0,0,1
4.999950148978994,1,0,0.377078153,0,0,1
27.98392246,1,3,21.0,0,0,1
0.005,1,0,20.0,0,0,1
0.00134,1,1,1.043824123,0,0,1
16.471890489971923,1,1,22.000001337,0,0,1
1.402756846965275,1,1,0.327010236,0,0,1
19.985921639,1,1,0.43476765,0,0,1
1.47167235,1,3,20.0,0,0,1
59.99392246,1,0,22.000001337,0,0,1
7.48738593,1,4,22.000001337,0,0,1
0.00994542,1,0,1.184147797,0,0,1
1.6999555321277011,1,0,0.243057875,0,0,1
0.514994440262348,1,0,0.517813986,0,0,1
22.409211851347845,1,2,0.304430225,0,0,1
10.98392246,1,1,22.127224645,0,0,1
6.642346,1,0,20.0,0,0,1
35.423,1,1,20.272024492,0,0,1
6.0122309,1,1,21.0,0,0,1
9.9920973,1,2,22.000001337,0,0,1
10.00392246,1,1,21.0,0,0,1
0.245354,1,2,1.041765475,0,0,1
0.0363135,1,2,1.126092759,0,0,1
0.005,1,0,20.0,0,0,1
12.303,1,1,20.0,0,0,1
3.48151,1,0,20.0,0,0,1
0.05000067,1,1,1.11040234,0,0,1
1.7772,1,1,21.0,0,0,1
2.01006804,1,1,21.0,0,0,1
0.6242853217579496,1,0,0.244157391,0,0,1
0.536,1,0,0.304430225,0,0,1
0.49985,1,1,1.0788472,0,0,1
0.097,1,2,22.105999998,0,0,1
19.99392246,1,0,20.159005428,0,0,1
0.00185,1,1,1.095563765,0,0,1
0.01,1,1,20.0,0,0,1
103.31827880963154,1,1,0.249454777,0,0,1
9.99349424,1,1,22.000001337,0,0,1
2.01759901,1,3,21.0,0,0,1
0.05318,1,0,1.04238713,0,0,1
6.839652567052158,1,1,0.3193392,0,0,1
6.8941,1,1,0.242126516,0,0,1
0.7099888935289604,1,0,0.4032001,0,0,1
0.06114871,1,2,1.13083176,0,0,1
0.804993563616424,1,2,0.330598925,0,0,1
10.37377037,1,2,22.127224645,0,0,1
86.51988364470017,1,0,0.450152997,0,0,1
7.08369826,1,0,22.000001337,0,0,1
26.28722593,1,1,20.0,0,0,1
0.5347916142203696,1,0,0.298840711,0,0,1
0.2761826,1,1,20.0,0,0,1
0.487858634790019,1,0,0.363883524,0,0,1
35.06078046,1,1,22.000001337,0,0,1
0.95360309,1,1,20.272024492,0,0,1
2.23375,1,0,1.181046031,0,0,1
0.05985,1,0,1.128293835,0,0,1
0.01,1,2,20.0,0,0,1
0.112408,1,2,20.0,0,0,1
3.149894915030579,1,1,0.241635233,0,0,1
1.0,1,0,21.833967631,0,0,1
9.71292246,1,0,22.000001337,0,0,1
20.4933396,1,1,22.000001337,0,0,1
4.996152,1,2,20.0,0,0,1
18.995,1,2,20.0,0,0,1
0.553413846388248,1,1,0.381102952,0,0,1
0.504,1,1,0.330598925,0,0,1
0.59775,1,1,1.067829695,0,0,1
5.565433612287695,1,0,0.279903845,0,0,1
0.00185,1,0,1.230408239,0,0,1
0.6839814952481,1,0,0.359952214,0,0,1
0.17958223,1,2,1.127609454,0,0,1
29.999559,1,1,22.000001337,0,0,1
4.405781302989931,1,0,0.249131093,0,0,1
0.2505559,1,1,22.0,0,0,1
0.002443,1,4,1.042252328,0,0,1
0.06189331,1,3,1.25715943,0,0,1
35.695,1,0,21.0,0,0,1
1.7772,1,0,21.0,0,0,1
9.18058733,1,2,22.000001337,0,0,1
17.543393299826764,1,2,0.277848319,0,0,1
5.995,1,0,20.0,0,0,1
2.0,1,0,6.0001,0,0,1
0.6029399489271763,1,2,0.330598925,0,0,1
100.90254724144968,1,1,0.262824488,0,0,1
28.56811906,1,0,25.076374645,0,0,1
24.73382247,1,0,22.000001337,0,0,1
7.09280246,1,1,22.000001337,0,0,1
0.04002546,1,2,1.04299583,0,0,1
1.01913919,1,0,1.163432049,0,0,1
3.92999489324163,1,0,0.290576309,0,0,1
0.616507431815281,1,0,0.35576282,0,0,1
0.25129664,1,2,20.340146304,0,0,1
49.1691978,1,0,20.0,0,0,1
4.5893,1,0,20.0,0,0,1
0.01419029,1,1,1.103725526,0,0,1
1.226975661465725,1,2,0.260790342,0,0,1
0.488719942554758,1,2,0.298840711,0,0,1
0.2713839,1,2,1.041411396,0,0,1
0.56461709,1,2,20.0,0,0,1
147.66985,1,1,1.118979058,0,0,1
7.9294739,1,1,22.000001337,0,0,1
0.02938224,1,2,1.10437308,0,0,1
6.84986045218917,1,2,0.411746065,0,0,1
9.01782246,1,1,22.000001337,0,0,1
15.119111621083114,1,3,0.262824488,0,0,1
0.8627384028664262,1,1,0.359952214,0,0,1
0.0053745,1,0,1.102203142,0,0,1
0.192408,1,0,20.0,0,0,1
1.855,1,0,24.670216374,0,0,1
18.995,1,3,20.0,0,0,1
7.306048,1,0,21.0,0,0,1
3.71634405,1,0,1.316845126,0,0,1
0.0024512,1,2,1.176582193,0,0,1
0.37219888,1,1,22.416545867,0,0,1
7000.0,1,2,26.03453828,0,0,1
18.094559,1,0,22.127224645,0,0,1
10.18548424,1,2,22.000001337,0,0,1
5.25008,1,0,20.012773603,0,0,1
0.005,1,0,30.5,0,0,1
0.30756655,1,0,1.038318707,0,0,1
7.72205443,1,1,22.000001337,0,0,1
0.5612865150199742,1,0,0.359008226,0,0,1
9.99392246,1,0,22.000001337,0,0,1
5.565433612287695,1,4,0.279903845,0,0,1
1.1763987425575169,1,1,0.341035159,0,0,1
0.49985,1,0,1.044166513,0,0,1
0.99951753,1,1,1.098070604,0,0,1
8.94625246,1,2,22.000001337,0,0,1
147.66985,1,2,1.118979058,0,0,1
0.00585,1,0,1.197458795,0,0,1
135.172,1,0,20.0,0,0,1
2.99985,1,0,1.048213535,0,0,1
74.98177536,1,2,22.000001337,0,0,1
0.01385,1,0,1.129396698,0,0,1
0.13312084,1,2,21.0,0,0,1
0.00499227,1,3,1.206337197,0,0,1
25.94292246,1,2,21.0,0,0,1
0.03297042,1,0,1.111149202,0,0,1
0.999994693004047,1,1,0.427844078,0,0,1
0.99500027,1,0,21.0,0,0,1
29.41227094,1,2,22.000001337,0,0,1
2.00985,1,1,1.148807348,0,0,1
2.65372,1,0,20.0,0,0,1
0.01244004,1,0,1.119103273,0,0,1
27.14869039921655,1,2,0.267165316,0,0,1
0.00685,1,1,1.088625074,0,0,1
29.924,1,0,30.0,0,0,1
1.1971303732246807,1,1,0.251043358,0,0,1
14.79239156,1,1,21.0,0,0,1
500.0,1,1,21.0,0,0,1
2.0,1,1,20.012773603,0,0,1
0.17469704,1,0,1.157865464,0,0,1
0.005,1,3,21.0,0,0,1
8.99392246,1,4,22.000001337,0,0,1
24.99999478728569,1,3,0.303189435,0,0,1
0.4940466378168429,1,1,0.245972001,0,0,1
20.77392246,1,1,22.000001337,0,0,1
0.09825637,1,0,1.118861435,0,0,1
0.499352257222798,1,0,0.316702001,0,0,1
2.009983556732844,1,1,0.243434082,0,0,1
14.755329,1,2,20.0,0,0,1
0.00235,1,2,1.048648569,0,0,1
0.9109882805725722,1,1,0.377078153,0,0,1
9.99392246,1,0,22.000001337,0,0,1
0.999991473090112,1,0,0.246629989,0,0,1
0.03506643,1,1,1.121845711,0,0,1
5.2205682,1,0,21.0,0,0,1
3.579288047223276,1,2,0.36210711,0,0,1
0.00992568,1,0,1.150256553,0,0,1
0.18328371,1,0,1.219651621,0,0,1
12.780389946861646,1,0,0.322326307,0,0,1
27.34758884,1,2,22.000001337,0,0,1
4.014,1,2,21.0,0,0,1
0.0197301,1,1,1.134952427,0,0,1
8.305,1,2,21.0,0,0,1
0.05777,1,0,1.379201226,0,0,1
7.27425083284635,1,2,0.262824488,0,0,1
0.500697715417177,1,0,0.429864307,0,0,1
0.5461585075113933,1,1,0.238286072,0,0,1
10.96962246,1,0,22.127224645,0,0,1
14.95792246,1,1,21.0,0,0,1
299.09892246,1,2,21.0,0,0,1
2.13092879,1,1,21.0,0,0,1
1.226697747156896,1,2,0.323981512,0,0,1
0.00963,1,1,1.153695467,0,0,1
0.23235113,1,0,1.195903666,0,0,1
0.99999374384023,1,1,0.255747922,0,0,1
6.728579545042831,1,1,0.241924711,0,0,1
0.24649024,1,3,1.155336494,0,0,1
0.6902137378253648,1,1,0.254139651,0,0,1
2.59281242,1,1,1.229613129,0,0,1
11.249951667808968,1,2,0.355042644,0,0,1
14.904423073175312,1,1,0.441464016,0,0,1
23.99392246,1,1,22.000001337,0,0,1
10.999980990181603,1,0,0.359008226,0,0,1
0.92819007,1,2,1.04944799,0,0,1
22.54864106,1,2,22.000001337,0,0,1
3.5,1,1,21.431542316,0,0,1
18.99349294866636,1,2,0.241401293,0,0,1
0.75755995,1,1,1.328775067,0,0,1
33.91415062,1,1,22.000001337,0,0,1
0.00485,1,4,1.044436074,0,0,1
0.00485,1,0,1.045255223,0,0,1
0.5190130192119663,1,2,0.309081792,0,0,1
17.58069821,1,0,22.127224645,0,0,1
1.6356757997492388,1,0,0.232520717,0,0,1
999.99892246,1,4,22.073836554,0,0,1
300.0,1,0,22.073836554,0,0,1
0.01,1,0,20.0,0,0,1
0.0039,1,2,1.15509193,0,0,1
0.005,1,2,30.0,0,0,1
0.02874884,1,1,1.11633354,0,0,1
0.5253,1,0,30.0,0,0,1
1.3945377,1,0,20.0,0,0,1
0.4878615,1,3,1.039430984,0,0,1
90.989559,1,2,22.000001337,0,0,1
2.9999279293327654,1,0,0.359952214,0,0,1
3.495,1,2,30.0,0,0,1
2.0,1,0,6.0001,0,0,1
9.68958,1,0,22.000001337,0,0,1
0.002408,1,0,20.0,0,0,1
1.26,1,2,20.0,0,0,1
8.395,1,0,30.5,0,0,1
0.283,1,0,20.0,0,0,1
0.553413846388248,1,2,0.381102952,0,0,1
0.698511911380603,1,0,0.250309999,0,0,1
3.149894915030579,1,1,0.241635233,0,0,1
1.082003279933263,1,3,0.321927375,0,0,1
9.23571603,1,1,22.000001337,0,0,1
9.99392246,1,1,22.000001337,0,0,1
30.83392246,1,0,22.000001337,0,0,1
341.999473606819,1,0,0.249131093,0,0,1
54.798559,1,0,22.000001337,0,0,1
0.52995010892005,1,2,0.25680762,0,0,1
0.02443997,1,0,1.039380876,0,0,1
0.10185,1,3,1.111814411,0,0,1
18.75126539,1,1,21.0,0,0,1
29.36842928,1,1,22.000001337,0,0,1
0.14586565,1,2,1.07148342,0,0,1
29.19392246,1,2,21.0,0,0,1
0.9999803833847014,1,1,0.233479113,0,0,1
77.00069324127934,1,1,0.355813575,0,0,1
0.18268398,1,2,1.181301682,0,0,1
0.0088,1,1,1.252406553,0,0,1
9.97864146,1,0,22.000001337,0,0,1
0.70835823,1,2,1.2032001,0,0,1
0.93552479,1,0,0.429864307,0,0,1
4.033399451682014,1,2,0.318718529,0,0,1
11.31692246,1,2,22.127224645,0,0,1
0.01034002,1,3,1.113990474,0,0,1
0.6199959329271589,1,3,0.247292168,0,0,1
131.95051446,1,2,21.0,0,0,1
0.570795007306769,1,1,0.254626787,0,0,1
20.4933396,1,2,22.000001337,0,0,1
204.9998817130436,1,1,0.485210834,0,0,1
1.08408,1,0,20.0,0,0,1
19.456533,1,0,50.0,0,0,1
199.9995804742055,1,0,0.321843841,0,0,1
0.00587342,1,1,1.205405213,0,0,1
0.8309181,1,2,1.11457672,0,0,1
2.125,1,2,0.333801551,0,0,1
8.77251432,1,1,22.000001337,0,0,1
9.99392246,1,1,22.000001337,0,0,1
0.518771997137197,1,0,0.399923023,0,0,1
0.0023475,1,1,1.180622199,0,0,1
1.96228038,1,1,1.10010148,0,0,1
55.34099486996193,1,1,0.252092747,0,0,1
22.995,1,1,30.0,0,0,1
1.864342563979807,1,1,0.242391936,0,0,1
0.00245914,1,0,1.178544249,0,0,1
6.69829,1,0,20.0,0,0,1
0.9999520317424228,1,2,0.36210711,0,0,1
2492.999559,1,2,22.0,0,0,1
0.00702921,1,0,1.142538581,0,0,1
60.254910160520616,1,0,0.241005248,0,0,1
0.0213,1,1,20.887260762,0,0,1
0.92864912,1,0,1.145710688,0,0,1
23.12202246,1,0,21.0,0,0,1
7.48432246,1,0,22.000001337,0,0,1
13.32544186,1,3,22.127224645,0,0,1
392.3872930437226,1,1,20.0,0,0,1
13.79243706,1,1,21.0,0,0,1
9.99392246,1,1,22.000001337,0,0,1
0.4884737642262976,1,0,0.230870737,0,0,1
24.14392246,1,0,22.000001337,0,0,1
0.2418199,1,1,1.044220441,0,0,1
2.909026922069458,1,0,0.454053409,0,0,1
8.19262246,1,1,22.000001337,0,0,1
49.299559,1,2,21.0,0,0,1
18.99295,1,0,1.040466748,0,0,1
19.98976797,1,1,21.0,0,0,1
0.0031226,1,1,1.122519797,0,0,1
9.99392246,1,0,22.000001337,0,0,1
3.695,1,2,20.0,0,0,1
3.565,1,0,20.0,0,0,1
249.9999948539381,1,3,0.303189435,0,0,1
0.21573228,1,0,1.054693889,0,0,1
0.437,1,1,21.0,0,0,1
0.01,1,3,10.0,0,0,1
7.61896808,1,2,22.000001337,0,0,1
2.54,1,1,20.0,0,0,1
0.05175,1,1,1.168603551,0,0,1
1429.0,1,1,1.247166554,0,0,1
9.92484006,1,1,22.000001337,0,0,1
592.37353273,1,0,20.0,0,0,1
0.005,1,1,20.873010101,0,0,1
19.999559,1,0,22.127224645,0,0,1
1.7177101215903694,1,0,0.257021202,0,0,1
26.054470086182874,1,0,0.43362083,0,0,1
25.44381746,1,1,22.000001337,0,0,1
0.09835,1,2,1.062865219,0,0,1
0.9152005,1,1,21.0,0,0,1
1.519369619887606,1,2,0.241182291,0,0,1
2.1782694,1,0,1.124359735,0,0,1
2.65372,1,0,20.0,0,0,1
11.05,1,0,1.040723317,0,0,1
799.99985,1,2,1.294270148,0,0,1
0.5988,1,0,20.0,0,0,1
0.48625645,1,2,0.238286072,0,0,1
0.01385,1,4,1.112354437,0,0,1
0.0029469,1,1,1.144522669,0,0,1
41.795,1,1,20.0,0,0,1
45.999559,1,1,22.000001337,0,0,1
0.11985,1,0,1.217852857,0,0,1
0.01,1,1,21.0,0,0,1
18.995,1,1,21.0,0,0,1
0.90668823332095,1,1,0.288183858,0,0,1
6.0122309,1,2,21.0,0,0,1
0.005,1,1,30.5,0,0,1
13.25222246,1,0,22.000001337,0,0,1
53.70392246,1,3,22.000001337,0,0,1
16.137,1,0,21.0,0,0,1
0.15,1,1,39.0,0,0,1
64.12550437324751,1,0,0.321927375,0,0,1
0.20685584,1,0,21.0,0,0,1
0.002408,1,0,20.0,0,0,1
24.995,1,3,21.0,0,0,1
0.005,1,1,21.0,0,0,1
18.75807246,1,0,22.000001337,0,0,1
29.45173853,1,3,22.000001337,0,0,1
1.7177101215903694,1,0,0.257021202,0,0,1
0.495,1,1,20.0,0,0,1
4.51184533,1,1,20.0,0,0,1
105.2866437040903,1,0,0.441464016,0,0,1
8.359659,1,0,22.000001337,0,0,1
269.99216449,1,0,20.0,0,0,1
32.999994930572846,1,2,0.239162921,0,0,1
0.04304,1,2,1.127837489,0,0,1
90.73,1,2,24.670216374,0,0,1
27.14869039921655,1,1,0.267165316,0,0,1
14.98392246,1,2,22.127224645,0,0,1
0.06818502,1,1,1.03721305,0,0,1
26.18862476,1,0,21.0,0,0,1
67.3002737,1,0,22.000001337,0,0,1
18.094559,1,1,22.127224645,0,0,1
4.68922876,1,1,20.012773603,0,0,1
5.936389259362617,1,0,0.373931154,0,0,1
8.35882246,1,0,22.000001337,0,0,1
0.1157398,1,2,1.126667813,0,0,1
0.00228437,1,0,1.035935412,0,0,1
27.99458,1,1,22.127224645,0,0,1
29.999559,1,1,22.000001337,0,0,1
0.2402,1,2,30.5,0,0,1
0.0054445,1,2,1.273333207,0,0,1
0.00233109,1,3,1.101544295,0,0,1
0.5584409429648064,1,0,0.242673692,0,0,1
99.99999053769832,1,1,0.239394101,0,0,1
0.999994872704218,1,1,0.294452624,0,0,1
0.005,1,2,21.0,0,0,1
500.0,1,1,20.0,0,0,1
21.658293949047493,1,0,0.245281989,0,0,1
0.56088853,1,1,1.042893883,0,0,1
0.0096402,1,0,1.044073698,0,0,1
3.999994887884278,1,1,0.299798668,0,0,1
26.06145961,1,1,21.0,0,0,1
12.694,1,0,21.0,0,0,1
0.695,1,1,20.0,0,0,1
8.97492246,1,0,22.000001337,0,0,1
8.99392246,1,1,22.000001337,0,0,1
7.147258917399159,1,1,0.322457127,0,0,1
0.649338824137896,1,0,0.458624863,0,0,1
0.999994872704218,1,0,0.294452624,0,0,1
2.90681539,1,1,0.232520717,0,0,1
0.005,1,0,22.0,0,0,1
1.23070288,1,1,21.0,0,0,1
10.14902566773965,1,2,21.0,0,0,1
14.99958,1,0,25.0,0,0,1
0.00937377,1,0,1.039985907,0,0,1
341.999473606819,1,0,0.249131093,0,0,1
18.395,1,1,21.0,0,0,1
0.00185,1,0,1.297739691,0,0,1
2.555500500882815,1,3,0.260821675,0,0,1
17.61539946,1,1,21.0,0,0,1
2.3140199473132728,1,0,0.391909125,0,0,1
0.002174,1,1,1.137021937,0,0,1
9.9956089,1,2,22.000001337,0,0,1
0.984,1,1,30.0,0,0,1
14.12300766,1,1,22.127224645,0,0,1
1.746,1,0,20.0,0,0,1
0.00185,1,2,1.145647935,0,0,1
1.5054,1,1,20.0,0,0,1
0.985,1,0,20.0,0,0,1
0.00696961,1,1,1.236737966,0,0,1
4053.9999350971616,1,0,0.264526503,0,0,1
1.269993192234512,1,2,0.243442682,0,0,1
4.219,1,3,20.0,0,0,1
7.98392246,1,1,22.000001337,0,0,1
16.47392246,1,1,21.0,0,0,1
0.01907977,1,1,21.954492566,0,0,1
0.949994995992488,1,1,0.230870737,0,0,1
7.48892873,1,1,22.000001337,0,0,1
16.01492246,1,2,21.0,0,0,1
26.46508384,1,1,22.000001337,0,0,1
44.90345939,1,3,22.000001337,0,0,1
12.99392246,1,2,22.127224645,0,0,1
0.343724,1,1,20.815012353,0,0,1
0.5421313457396583,1,2,0.591631254,0,0,1
0.55509786,1,2,21.0,0,0,1
8.49392246,1,1,22.000001337,0,0,1
0.42296354,1,1,21.0,0,0,1
0.58699489324163,1,2,0.307077589,0,0,1
0.01132122,1,1,1.086447262,0,0,1
1.653755,1,1,20.0,0,0,1
11.99392246,1,0,21.0,0,0,1
2.51248,1,2,21.0,0,0,1
0.01,1,0,1.042536953,0,0,1
9.499559,1,1,22.000001337,0,0,1
7.78262246,1,2,22.000001337,0,0,1
0.779994256804185,1,1,0.359008226,0,0,1
12.99192246,1,0,22.127224645,0,0,1
39.79392246,1,0,22.000001337,0,0,1
0.18328371,1,1,1.219651621,0,0,1
4.980748045683811,1,2,0.233479113,0,0,1
0.00314124,1,2,1.132332499,0,0,1
49.995,1,0,20.0,0,0,1
0.0874623,1,1,1.049616626,0,0,1
1.15019649,1,3,1.291849597,0,0,1
1.115,1,0,20.0,0,0,1
1.2877899423784336,1,1,0.240108052,0,0,1
27.295162219317707,1,2,0.245281989,0,0,1
0.005,1,1,20.0,0,0,1
0.01,1,1,20.0,0,0,1
5.1146,1,1,24.670216374,0,0,1
60.409880546787065,1,1,0.43476765,0,0,1
0.0024474,1,0,1.184147797,0,0,1
0.005,1,1,21.0,0,0,1
7.91092246,1,1,22.000001337,0,0,1
0.18003147,1,1,30.0,0,0,1
0.05175,1,0,1.168603551,0,0,1
0.01,1,1,21.0,0,0,1
0.01,1,0,20.0,0,0,1
0.005,1,0,21.596799909,0,0,1
0.00185,1,1,1.231712578,0,0,1
214.291844,1,0,21.0,0,0,1
0.015088,1,4,1.182388672,0,0,1
0.5007985469204478,1,0,0.359008226,0,0,1
9.999995059061956,1,2,0.322326307,0,0,1
2.6113895277909487,1,0,0.238286072,0,0,1
0.06392077,1,0,1.042071444,0,0,1
7.27447268,1,0,22.000001337,0,0,1
7.27447268,1,1,22.000001337,0,0,1
2.8013,1,0,1.047528733,0,0,1
7.98892246,1,1,22.000001337,0,0,1
43.09999228622066,1,0,0.257021202,0,0,1
2.999925590302273,1,1,0.243434082,0,0,1
0.655253353232027,1,1,0.4032001,0,0,1
20.02456382735765,1,0,0.337906168,0,0,1
0.5927550200737287,1,0,0.299798668,0,0,1
2.3140199473132728,1,0,0.391909125,0,0,1
0.3833661,1,2,1.059941413,0,0,1
28.06164785,1,1,22.000001337,0,0,1
9.995,1,3,21.0,0,0,1
0.04537103,1,3,20.0,0,0,1
0.00265512,1,1,1.044841031,0,0,1
0.12130017,1,2,50.0,0,0,1
18.54082246,1,1,21.0,0,0,1
0.0072719,1,1,1.13444624,0,0,1
0.00185,1,4,1.145710688,0,0,1
1.999992435812684,1,0,0.298044523,0,0,1
26.52792246,1,1,22.000001337,0,0,1
19.98892246,1,1,22.127224645,0,0,1
24.99985,1,1,1.281727018,0,0,1
20.31777376,1,1,20.0,0,0,1
0.9331935,1,1,1.159471856,0,0,1
0.6412529962541137,1,1,0.309081792,0,0,1
1.16383,1,2,22.528622017,0,0,1
1.388605,1,2,23.697264639,0,0,1
53.70392246,1,0,22.000001337,0,0,1
13.09392246,1,2,22.127224645,0,0,1
13.99728,1,0,22.000001337,0,0,1
3.242,1,1,21.0,0,0,1
0.02977773,1,2,1.108734859,0,0,1
0.00245,1,1,1.232821492,0,0,1
0.7880806576268811,1,1,0.387551877,0,0,1
17.99958,1,0,22.000001337,0,0,1
0.02702512,1,0,1.119658899,0,0,1
0.0002032990207564,1,0,1.002774922,0,0,1
2.719995175819121,1,2,0.233479113,0,0,1
0.4980101245290864,1,1,0.59198257,0,0,1
0.0182316,1,2,1.055696546,0,0,1
0.9033860434154752,1,2,0.321845711,0,0,1
0.9375942273098516,1,0,0.245976873,0,0,1
54.995,1,2,20.0,0,0,1
0.7201879644984552,1,0,0.348392543,0,0,1
2.165587991217773,1,1,0.384632145,0,0,1
1.045,1,1,21.0,0,0,1
0.61985,1,1,1.242557817,0,0,1
18.69392246,1,0,50.0,0,0,1
0.9092197687246606,1,0,0.238286072,0,0,1
0.54705687,1,0,1.169191189,0,0,1
2.00985,1,0,1.148807348,0,0,1
49.61485,1,3,1.107527945,0,0,1
150.0,1,1,20.42469852,0,0,1
9.191,1,0,21.0,0,0,1
11.46458,1,0,22.000001337,0,0,1
0.8123949722449061,1,1,0.262824488,0,0,1
24.38264,1,1,21.0,0,0,1
0.59985,1,0,1.058191121,0,0,1
0.739890743791429,1,0,0.339479526,0,0,1
2.5856106057121955,1,3,0.366007989,0,0,1
0.5866385955190654,1,0,0.286911168,0,0,1
17.26662706,1,1,22.127224645,0,0,1
0.18016469,1,1,1.290345017,0,0,1
22.31992246,1,1,21.0,0,0,1
29.48392246,1,2,21.0,0,0,1
0.01388,1,2,1.04518582,0,0,1
2.5895551110158865,1,2,0.348392543,0,0,1
0.06395,1,2,1.194374776,0,0,1
21.875061932396992,1,0,0.36210711,0,0,1
0.05021491,1,0,1.128467891,0,0,1
0.492634565663787,1,0,0.399923023,0,0,1
15.03987246,1,1,21.0,0,0,1
0.6493686396793225,1,1,0.242126516,0,0,1
186.31885,1,0,1.198834573,0,0,1
0.2124077,1,0,20.0,0,0,1
2.329216552381366,1,0,0.378871716,0,0,1
73.00985,1,0,1.121726547,0,0,1
3.18909333,1,0,1.148253723,0,0,1
0.2913,1,1,21.0,0,0,1
74.71199799785103,1,0,21.0,0,0,1
10.19392246,1,1,22.127224645,0,0,1
3.598656920750184,1,1,0.303189435,0,0,1
0.01,1,0,21.0,0,0,1
18.99295,1,1,1.040466748,0,0,1
14.98892246,1,1,22.000001337,0,0,1
0.0113,1,0,23.697264639,0,0,1
0.332,1,1,21.0,0,0,1
2.989829811560593,1,2,0.236817799,0,0,1
0.5031681675074541,1,1,0.43476765,0,0,1
0.0032466,1,0,1.117564505,0,0,1
9.99392246,1,2,22.000001337,0,0,1
2.840593623921746,1,0,0.458624863,0,0,1
7.42945946,1,1,22.000001337,0,0,1
0.005,1,0,30.5,0,0,1
2.01535361,1,1,1.180587332,0,0,1
2.99985,1,3,1.048213535,0,0,1
0.2,1,1,10.0,0,0,1
100.90254724144968,1,1,0.262824488,0,0,1
1.687263450671534,1,1,0.378871716,0,0,1
0.04711016,1,4,1.228652867,0,0,1
0.495,1,1,21.0,0,0,1
0.54870815,1,2,20.0,0,0,1
0.790290239939746,1,0,0.372385933,0,0,1
1.2177,1,1,20.0,0,0,1
0.0023,1,0,22.0,0,0,1
0.03295,1,0,1.104689992,0,0,1
1.4119654057026665,1,1,0.322326307,0,0,1
7.32332846,1,1,22.000001337,0,0,1
4.815,1,4,12.0,0,0,1
0.04960148,1,1,1.095013357,0,0,1
9.20692079,1,0,22.000001337,0,0,1
0.00485,1,1,1.150025366,0,0,1
0.53370813,1,0,21.0,0,0,1
134.99942964243652,1,1,0.377078153,0,0,1
5.2860037,1,3,20.0,0,0,1
1.1357588620655847,1,3,0.387551877,0,0,1
1.0911983973279442,1,2,0.339479526,0,0,1
0.92603764,1,1,20.0,0,0,1
0.25059105,1,3,1.047481304,0,0,1
6.2913,1,1,21.0,0,0,1
0.348,1,1,20.0,0,0,1
0.00328515,1,1,1.043021416,0,0,1
5.009615987878647,1,2,0.376846516,0,0,1
0.14689052,1,0,1.050129938,0,0,1
7.68792246,1,2,22.000001337,0,0,1
3.495,1,1,30.0,0,0,1
0.09985,1,1,1.040316263,0,0,1
39.99392246,1,2,22.000001337,0,0,1
500.0,1,1,20.873010101,0,0,1
1734.166669627369,1,2,0.244694791,0,0,1
0.30213407,1,1,1.258184501,0,0,1
10.527,1,0,20.272024492,0,0,1
39.98769453,1,0,22.073836554,0,0,1
5.9070396,1,1,22.917630378,0,0,1
22.23479416315764,1,1,0.321927375,0,0,1
0.7911484948292176,1,0,0.262824488,0,0,1
12.876309400758949,1,1,0.330598925,0,0,1
13.299994883801617,1,1,0.267165316,0,0,1
8.495,1,0,20.0,0,0,1
0.01,1,3,20.42469852,0,0,1
0.5499791596423161,1,0,0.427844078,0,0,1
0.21281672,1,2,1.195507819,0,0,1
65.83,1,2,20.0,0,0,1
2.599971707424853,1,1,0.24862494,0,0,1
16.960294192865458,1,3,0.260790342,0,0,1
1.616482,1,0,20.0,0,0,1
28.20386847,1,1,24.670216374,0,0,1
4.745,1,0,21.0,0,0,1
200.0,1,1,21.0,0,0,1
36.855,1,1,20.0,0,0,1
17.98549406237604,1,0,0.240246068,0,0,1
49.90827246,1,2,21.0,0,0,1
0.01579371,1,0,1.038763927,0,0,1
0.5340008,1,1,21.0,0,0,1
1.54048898,1,2,1.101344581,0,0,1
7.62047775,1,3,22.000001337,0,0,1
0.01132122,1,0,1.086447262,0,0,1
9.89392246,1,1,22.000001337,0,0,1
12.612244,1,0,22.127224645,0,0,1
10.195,1,1,20.0,0,0,1
1.864342563979807,1,2,0.242391936,0,0,1
0.01,1,2,20.40801424,0,0,1
0.9997303446502732,1,0,0.247292168,0,0,1
0.02674981,1,0,1.281646828,0,0,1
0.5340008,1,0,21.0,0,0,1
9.99492246,1,1,22.000001337,0,0,1
4.2347597,1,0,22.528622017,0,0,1
23.80646415997477,1,1,0.249031321,0,0,1
0.00246588,1,1,1.196605233,0,0,1
1.22282,1,0,1.175778141,0,0,1
500.0,1,1,20.0,0,0,1
18.395,1,0,21.0,0,0,1
0.641072990401699,1,1,0.313079429,0,0,1
1.51189,1,0,1.211743913,0,0,1
11.980003,1,2,23.369866721,0,0,1
16.01492246,1,2,21.0,0,0,1
0.17469704,1,1,1.157865464,0,0,1
0.06392077,1,1,1.042071444,0,0,1
2.79687443,1,2,20.0,0,0,1
0.07709905,1,0,1.060881535,0,0,1
0.06114871,1,1,1.13083176,0,0,1
0.5394099,1,2,1.11040234,0,0,1
0.15285,1,1,1.145970883,0,0,1
14.95792246,1,4,21.0,0,0,1
0.30756655,1,0,1.038318707,0,0,1
12.99433824,1,0,1.136930153,0,0,1
0.18328371,1,1,1.219651621,0,0,1
270.0,1,2,1.036991738,0,0,1
9.99392246,1,2,22.000001337,0,0,1
8.89516033,1,0,22.000001337,0,0,1
0.0312863,1,2,1.045403176,0,0,1
29.99392246,1,3,22.000001337,0,0,1
19.456533,1,2,50.0,0,0,1
6.466151477636995,1,0,0.341035159,0,0,1
0.42277835,1,2,20.0,0,0,1
1.75,1,2,20.0,0,0,1
5.9931,1,1,21.0,0,0,1
500.0,1,1,20.873010101,0,0,1
13.684408,1,0,20.0,0,0,1
0.41796353,1,0,21.0,0,0,1
0.553413846388248,1,0,0.381102952,0,0,1
12.25256061,1,1,22.000001337,0,0,1
92.91126188343324,1,1,0.262824488,0,0,1
9.00982978862282,1,2,0.308905138,0,0,1
12.99392246,1,2,22.127224645,0,0,1
4.474,1,2,20.0,0,0,1
0.09656783,1,0,20.0,0,0,1
2.499995110872064,1,2,0.267165316,0,0,1
0.5133413689291619,1,1,0.29455668,0,0,1
1899.999995059062,1,1,0.298840711,0,0,1
2.649817361986287,1,0,0.36210711,0,0,1
189.99997006043867,1,0,0.337906168,0,0,1
0.005,1,1,39.0,0,0,1
0.00485,1,1,1.042212866,0,0,1
32.53062246,1,1,21.0,0,0,1
0.00563345,1,1,1.039955284,0,0,1
9.20652816,1,0,22.000001337,0,0,1
0.607685433041998,1,0,0.359008226,0,0,1
1.096650453682529,1,0,0.321845711,0,0,1
1.095,1,1,20.0,0,0,1
0.698041,1,0,21.505775894,0,0,1
22.9238,1,0,20.272024492,0,0,1
87.49849296,1,0,22.073836554,0,0,1
0.00963,1,1,1.153695467,0,0,1
0.01244004,1,1,1.119103273,0,0,1
0.002408,1,0,20.0,0,0,1
0.5060081154576171,1,5,0.366651203,0,0,1
0.42214872,1,1,20.0,0,0,1
0.72069203,1,1,20.272024492,0,0,1
74.71199799785103,1,3,21.0,0,0,1
300.0,1,2,21.0,0,0,1
0.986,1,1,0.257021202,0,0,1
0.12367513,1,2,1.052521477,0,0,1
0.002247,1,1,1.041464316,0,0,1
28.809559,1,0,22.000001337,0,0,1
0.7336834288564242,1,0,0.359740198,0,0,1
9.13005203,1,3,22.000001337,0,0,1
0.72010637,1,3,1.131151539,0,0,1
18.79392246,1,1,22.127224645,0,0,1
0.01,1,0,20.42469852,0,0,1
22.76181906,1,1,21.0,0,0,1
2000.0,1,0,21.0,0,0,1
8.44460995,1,0,22.000001337,0,0,1
0.01,1,2,20.40801424,0,0,1
1.0079818049233855,1,3,0.377078153,0,0,1
3.14975,1,0,1.048225422,0,0,1
6.817531280488907,1,1,0.41884549,0,0,1
1.3716217830328097,1,2,0.377078153,0,0,1
0.17505,1,1,1.12846971,0,0,1
199.999559,1,1,22.000001337,0,0,1
0.00185,1,1,1.030224692,0,0,1
7.74630172,1,0,22.000001337,0,0,1
14.9920371,1,0,21.0,0,0,1
36.1192292915211,1,0,0.36776174,0,0,1
7.561,1,1,21.0,0,0,1
1.226975661465725,1,2,0.260790342,0,0,1
0.697929399664393,1,0,0.29455668,0,0,1
0.21992581,1,1,1.149050743,0,0,1
0.6412529962541137,1,2,0.309081792,0,0,1
0.804993563616424,1,1,0.330598925,0,0,1
0.01129159,1,0,1.038076445,0,0,1
7.51794946,1,0,22.000001337,0,0,1
4.255,1,4,20.0,0,0,1
0.052,1,0,20.0,0,0,1
0.0030154314705505,1,1,17.313799035,0,0,1
2.998265476327201,1,0,0.279903845,0,0,1
0.01,1,1,21.0,0,0,1
0.92229293,1,1,1.041049578,0,0,1
16.83212523,1,1,21.0,0,0,1
0.03645,1,2,1.04814989,0,0,1
0.0201297,1,2,1.045245662,0,0,1
0.00328515,1,0,1.043021416,0,0,1
123.4394902176587,1,0,0.230870737,0,0,1
34.80968356,1,2,22.000001337,0,0,1
8.49392246,1,3,22.000001337,0,0,1
16.19392246,1,0,21.0,0,0,1
7.833504892399579,1,0,22.000001337,0,0,1
0.005,1,1,30.5,0,0,1
1.32317875,1,1,1.298225464,0,0,1
0.3607887,1,1,1.368590573,0,0,1
0.02066832,1,2,1.047105624,0,0,1
2.298694,1,0,30.0,0,0,1
9.12022,1,1,20.0,0,0,1
4.895,1,0,20.0,0,0,1
6.771413,1,0,20.0,0,0,1
1.899714957730908,1,2,0.257021202,0,0,1
3.12247185,1,3,0.249131093,0,0,1
0.991,1,0,0.32510221,0,0,1
9.69392246,1,2,22.000001337,0,0,1
8.94792616,1,2,22.000001337,0,0,1
9.99392246,1,2,22.000001337,0,0,1
500.0,1,0,21.0,0,0,1
0.789779242993541,1,0,0.4032001,0,0,1
800.0,1,2,21.0,0,0,1
10.080895184,1,0,22.127224645,0,0,1
80.21813033,1,0,1.156527214,0,0,1
0.03295,1,3,1.104689992,0,0,1
27.71718,1,1,22.000001337,0,0,1
0.09,1,0,25.0,0,0,1
4.219,1,2,20.0,0,0,1
3.4113,1,3,22.528622017,0,0,1
0.145,1,1,30.0,0,0,1
19.59382246,1,0,25.076374645,0,0,1
0.03295,1,1,1.104689992,0,0,1
7.64779876,1,1,22.000001337,0,0,1
1.49998981342185,1,2,0.372385933,0,0,1
39.76879485007823,1,0,0.244287527,0,0,1
0.0030515,1,3,1.110805676,0,0,1
10.323169258734056,1,1,0.245098184,0,0,1
0.395,1,1,21.0,0,0,1
0.0913,1,0,21.661292598,0,0,1
9.99392246,1,2,22.000001337,0,0,1
9.46503069,1,2,1.288999815,0,0,1
1506.999979524033,1,0,0.362663268,0,0,1
54.798559,1,0,22.000001337,0,0,1
0.5100281,1,3,1.111271865,0,0,1
0.0101397,1,0,1.159168946,0,0,1
1.106357951194742,1,0,0.242391936,0,0,1
9.99885,1,1,1.27192864,0,0,1
9.99392246,1,1,22.000001337,0,0,1
9.32749246,1,0,22.000001337,0,0,1
24.99985,1,2,1.045446993,0,0,1
0.07695,1,2,1.155686376,0,0,1
0.14462983,1,0,21.0,0,0,1
8.19262246,1,2,22.000001337,0,0,1
0.84944559,1,1,21.0,0,0,1
0.007404,1,1,1.042391412,0,0,1
0.7326509469342746,1,1,0.391773707,0,0,1
57.11805909,1,0,22.000001337,0,0,1
0.03897765,1,4,1.116383476,0,0,1
7.46762639,1,1,22.000001337,0,0,1
234.32711228,1,1,21.0,0,0,1
0.03034565,1,1,1.121784292,0,0,1
19.99349552,1,1,22.127224645,0,0,1
0.55114693,1,2,1.127010236,0,0,1
0.00444087,1,0,1.199736337,0,0,1
0.003846,1,1,1.136159441,0,0,1
20.77392246,1,0,22.000001337,0,0,1
0.676,1,2,0.321828952,0,0,1
1.665,1,0,21.0,0,0,1
2.158,1,0,20.0,0,0,1
7.03742246,1,0,22.000001337,0,0,1
5.9070396,1,1,22.917630378,0,0,1
0.54796741,1,2,50.0,0,0,1
20.70447103,1,1,22.000001337,0,0,1
12.39985,1,1,1.118804696,0,0,1
0.03225,1,0,1.281111171,0,0,1
8.79392246,1,1,22.000001337,0,0,1
22.5083295,1,1,22.000001337,0,0,1
9.46342246,1,0,22.000001337,0,0,1
2.23318888,1,0,21.0,0,0,1
0.489383798006383,1,3,0.233479113,0,0,1
1.006327348998487,1,2,0.443922838,0,0,1
20.74222246,1,1,21.0,0,0,1
0.00238829,1,0,1.242557817,0,0,1
0.8030535173997104,1,2,0.242126516,0,0,1
0.0127485,1,0,1.051824522,0,0,1
3.299993521384564,1,1,0.250309999,0,0,1
0.8063246777168145,1,0,0.267165316,0,0,1
3.898596377,1,2,0.315062017,0,0,1
0.41796353,1,2,21.0,0,0,1
0.0913,1,0,20.0,0,0,1
0.29985,1,0,1.269141772,0,0,1
2.23318888,1,1,21.0,0,0,1
37.98958,1,0,22.000001337,0,0,1
7.23442246,1,0,22.000001337,0,0,1
0.983186450608673,1,1,0.259855462,0,0,1
144.999559,1,3,22.000001337,0,0,1
10.99392246,1,1,21.0,0,0,1
9.999559,1,0,22.000001337,0,0,1
5.134967239589078,1,1,0.474345778,0,0,1
0.5137117303432959,1,0,0.244157391,0,0,1
7.49028061,1,2,22.000001337,0,0,1
1.32317875,1,3,1.298225464,0,0,1
0.7083940450707178,1,0,0.48507515,0,0,1
0.07,1,0,20.0,0,0,1
1.04989,1,1,1.063518719,0,0,1
0.002408,1,0,20.0,0,0,1
0.580696379333362,1,1,0.235533298,0,0,1
0.70358601,1,1,0.4032001,0,0,1
0.2100003,1,0,1.052786862,0,0,1
0.02485,1,1,1.163508954,0,0,1
49.299559,1,1,21.0,0,0,1
0.005,1,0,22.000001337,0,0,1
0.01244004,1,2,1.119103273,0,0,1
11.999810987927814,1,1,0.330598925,0,0,1
0.99502962,1,1,20.272024492,0,0,1
23.069899,1,0,1.176751964,0,0,1
1.540556,1,0,20.0,0,0,1
0.08833909,1,0,22.667583079,0,0,1
0.01,1,1,20.0,0,0,1
0.5952256116548149,1,1,0.36210711,0,0,1
0.02540522,1,0,1.167524509,0,0,1
0.07512877,1,1,1.044320347,0,0,1
6.69829,1,1,20.0,0,0,1
0.5612865150199742,1,1,0.359008226,0,0,1
159.99392246,1,0,21.0,0,0,1
424.0,1,1,23.626598781,0,0,1
2.59281242,1,2,1.229613129,0,0,1
18.99392246,1,0,21.0,0,0,1
9.20768946,1,0,22.000001337,0,0,1
0.514994440262348,1,3,0.517813986,0,0,1
9.57014863,1,1,22.000001337,0,0,1
31.89387374,1,0,1.046089345,0,0,1
29.99392246,1,0,22.000001337,0,0,1
90.989559,1,2,22.000001337,0,0,1
0.00886267,1,1,1.112712835,0,0,1
0.305377,1,0,1.060141461,0,0,1
0.03685561,1,2,20.0,0,0,1
0.3607887,1,1,1.368590573,0,0,1
500.0,1,0,20.0,0,0,1
2.840593623921746,1,0,0.458624863,0,0,1
10.589644966,1,1,22.127224645,0,0,1
0.01,1,2,20.42469852,0,0,1
0.03558383,1,0,1.04241457,0,0,1
0.4528868,1,1,21.0,0,0,1
1.8011902987854504,1,0,0.485210834,0,0,1
1.023901494936809,1,0,0.384681819,0,0,1
76.494559,1,1,22.000001337,0,0,1
0.02522527,1,0,1.144919453,0,0,1
43.19392246,1,3,21.0,0,0,1
18.79392246,1,2,22.127224645,0,0,1
8.399980997859318,1,1,0.341590268,0,0,1
1.70352081,1,1,21.0,0,0,1
309.0299932311476,1,3,0.308912007,0,0,1
0.013972,1,0,1.056762984,0,0,1
5.702623358,1,1,0.327717943,0,0,1
9.46503069,1,0,1.288999815,0,0,1
2.64904924,1,1,21.0,0,0,1
17.833,1,1,21.0,0,0,1
3.77680065,1,2,21.157421146,0,0,1
18.7736328060679,1,0,0.254352718,0,0,1
1.26,1,3,20.0,0,0,1
0.0099789,1,2,1.135581276,0,0,1
0.04787167,1,0,1.099903999,0,0,1
12.26192246,1,1,21.0,0,0,1
0.12167054,1,4,21.0,0,0,1
21.62236246,1,1,22.000001337,0,0,1
0.70835823,1,0,1.2032001,0,0,1
31.79985,1,2,1.117301484,0,0,1
0.789789485972651,1,2,0.322326307,0,0,1
20.3744599,1,0,22.000001337,0,0,1
0.00213459,1,0,1.04385647,0,0,1
19.70421091,1,1,22.127224645,0,0,1
16.689559,1,0,22.000001337,0,0,1
0.6186492898587556,1,0,0.47940006,0,0,1
0.08833909,1,2,22.667583079,0,0,1
42.21052928,1,0,21.0,0,0,1
0.01,1,2,20.0,0,0,1
24.49917679798256,1,1,0.384681819,0,0,1
4.377294448061651,1,2,0.247223673,0,0,1
9.99392246,1,2,22.000001337,0,0,1
1.4186270059515642,1,1,0.330598925,0,0,1
0.02085,1,0,1.041734391,0,0,1
7.79815867,1,1,21.0,0,0,1
8.42739131,1,2,22.000001337,0,0,1
0.005,1,0,22.0,0,0,1
8.189559,1,0,22.000001337,0,0,1
300.0,1,0,20.0,0,0,1
0.99962963,1,0,20.0,0,0,1
9.99392246,1,1,22.000001337,0,0,1
0.00499227,1,2,1.206337197,0,0,1
9.14594126,1,1,22.000001337,0,0,1
0.005,1,2,21.596799909,0,0,1
1.1286882752720708,1,0,0.341590268,0,0,1
103.89391535,1,1,21.0,0,0,1
249.99892246,1,0,21.0,0,0,1
0.26955747,1,0,1.126691061,0,0,1
0.01,1,0,20.0,0,0,1
0.00228437,1,2,1.035935412,0,0,1
7.3626244,1,1,22.000001337,0,0,1
1.02103963048665,1,0,0.267165316,0,0,1
19.98292246,1,1,22.000001337,0,0,1
18.395,1,2,21.0,0,0,1
10.93690186,1,2,20.0,0,0,1
20.02456382735765,1,1,0.337906168,0,0,1
16.19392246,1,2,22.000001337,0,0,1
0.03611487,1,0,20.815012353,0,0,1
9.99392246,1,1,22.000001337,0,0,1
0.15738363,1,1,1.054101429,0,0,1
0.847894473635471,1,1,0.254626787,0,0,1
0.492503,1,0,21.0,0,0,1
32.53062246,1,0,21.0,0,0,1
54.798559,1,0,22.000001337,0,0,1
11.803,1,1,21.0,0,0,1
6.69829,1,0,20.0,0,0,1
2.00985,1,2,1.119048167,0,0,1
1262.9792323116783,1,0,0.322326307,0,0,1
154.99998795929744,1,1,0.501376731,0,0,1
4.0464,1,0,21.0,0,0,1
28.0291471,1,1,22.000001337,0,0,1
7.54259455,1,1,22.000001337,0,0,1
1899.999995059062,1,0,0.298840711,0,0,1
0.5531984831154502,1,2,0.24507077,0,0,1
0.01,1,2,21.0,0,0,1
3.899984825084037,1,0,0.267165316,0,0,1
0.01174275,1,3,1.044840272,0,0,1
0.12367513,1,1,1.052521477,0,0,1
1000.0,1,1,22.000001337,0,0,1
25.99392246,1,0,22.000001337,0,0,1
2.381,1,2,20.0,0,0,1
1.2370974711164189,1,0,0.308912007,0,0,1
0.696,1,0,0.32510221,0,0,1
0.00218249,1,1,1.247273595,0,0,1
0.03388943,1,1,1.134451216,0,0,1
10.00392246,1,0,21.0,0,0,1
0.03297042,1,0,1.111149202,0,0,1
28.31892246,1,0,21.0,0,0,1
0.00695,1,3,1.053421106,0,0,1
18.15224229,1,1,21.0,0,0,1
0.005,1,2,21.596799909,0,0,1
0.202408,1,4,20.887260762,0,0,1
7.50658716,1,0,22.000001337,0,0,1
9.99392246,1,1,22.000001337,0,0,1
90.73,1,1,24.670216374,0,0,1
0.05985,1,2,1.128293835,0,0,1
1.4095892478534822,1,1,0.321843841,0,0,1
0.799993897897511,1,1,0.377078153,0,0,1
0.01537759,1,2,1.267615099,0,0,1
10.00792246,1,2,22.127224645,0,0,1
7.2126,1,2,21.0,0,0,1
236.00129917,1,2,21.0,0,0,1
26.99392246,1,0,22.000001337,0,0,1
8.351635,1,0,20.0,0,0,1
0.00587342,1,0,1.205405213,0,0,1
23.04732246,1,1,22.000001337,0,0,1
0.002408,1,1,21.0,0,0,1
0.789791592876926,1,2,0.298840711,0,0,1
0.74930941,1,0,1.23429383,0,0,1
141.29682246,1,0,21.0,0,0,1
8.14392246,1,2,22.000001337,0,0,1
55.0,1,1,24.853240562,0,0,1
0.2,1,1,1.041069682,0,0,1
0.22180054,1,1,1.173033102,0,0,1
0.998362058412766,1,0,0.359952214,0,0,1
294.65217277,1,0,20.0,0,0,1
294.65217277,1,1,20.0,0,0,1
10.18892246,1,1,22.127224645,0,0,1
0.0032466,1,2,1.117564505,0,0,1
0.04817297,1,0,1.235321297,0,0,1
12.876309400758949,1,1,0.330598925,0,0,1
1e-05,1,2,9.783065739,0,0,1
81.808559,1,1,22.000001337,0,0,1
0.005,1,1,20.873010101,0,0,1
1.051836409961933,1,0,0.249454777,0,0,1
0.10285,1,2,1.151847917,0,0,1
0.015,1,4,20.0,0,0,1
2.65372,1,1,20.0,0,0,1
9.98392246,1,0,22.000001337,0,0,1
0.195,1,0,20.0,0,0,1
10.19392246,1,0,22.127224645,0,0,1
20.48392246,1,1,22.000001337,0,0,1
0.31952111,1,0,1.21078051,0,0,1
0.2102,1,1,20.0,0,0,1
0.13326,1,0,1.121784292,0,0,1
1.639,1,2,20.40801424,0,0,1
32.69898097,1,1,22.000001337,0,0,1
8.3719035,1,0,22.000001337,0,0,1
591.7373739645715,1,1,0.352441739,0,0,1
0.005,1,2,39.0,0,0,1
0.789790625841479,1,6,0.298044523,0,0,1
0.00563345,1,3,1.039955284,0,0,1
0.49537432,1,0,21.0,0,0,1
2.97959854,1,1,21.0,0,0,1
0.00960677,1,0,1.044707385,0,0,1
23.38839846,1,1,22.127224645,0,0,1
24.59392246,1,1,22.000001337,0,0,1
0.0467788,1,1,1.038763927,0,0,1
0.00563345,1,1,1.039955284,0,0,1
59.495,1,1,20.952480561,0,0,1
0.00305508,1,1,1.044036836,0,0,1
8.61308629,1,0,22.000001337,0,0,1
0.005,1,2,20.873010101,0,0,1
0.61000606,1,3,1.111219485,0,0,1
5.725989346460306,1,1,0.377078153,0,0,1
299.99892246,1,2,22.073836554,0,0,1
200.0,1,1,21.0,0,0,1
0.2,1,2,10.0,0,0,1
0.02702512,1,1,1.119658899,0,0,1
7.8252866,1,2,1.03946244,0,0,1
0.11985,1,1,1.147984292,0,0,1
9.99392246,1,1,22.000001337,0,0,1
1.0,1,3,21.0,0,0,1
7.435,1,1,20.0,0,0,1
5.993957811425868,1,1,0.3193392,0,0,1
0.43216661,1,1,1.057685956,0,0,1
4000.0,1,0,20.0,0,0,1
99.99946122590856,1,0,0.238286072,0,0,1
0.01034002,1,0,1.113990474,0,0,1
0.02789,1,1,1.044200762,0,0,1
141.29682246,1,1,21.0,0,0,1
6.08649,1,1,21.0,0,0,1
0.01710049,1,0,1.304082981,0,0,1
0.19947524,1,4,1.141590268,0,0,1
8.78562498,1,1,22.000001337,0,0,1
9.83392246,1,2,22.000001337,0,0,1
9.995,1,2,20.0,0,0,1
0.61000606,1,0,1.111219485,0,0,1
0.01385,1,0,1.112354437,0,0,1
339.8,1,2,22.073836554,0,0,1
19.999943193171003,1,0,0.250021252,0,0,1
0.01702595,1,1,1.047556819,0,0,1
1.106357951194742,1,1,0.242391936,0,0,1
0.25670575,1,1,1.219346503,0,0,1
141.29682246,1,0,21.0,0,0,1
0.16396372,1,2,1.187339308,0,0,1
21.98033246,1,2,22.000001337,0,0,1
0.13326,1,0,1.121784292,0,0,1
3.9497,1,0,20.0,0,0,1
0.84870485,1,1,20.0,0,0,1
3.48300591261185,1,2,0.528775067,0,0,1
0.2325,1,0,1.167017298,0,0,1
8.60028,1,0,30.0,0,0,1
0.03635,1,3,30.0,0,0,1
1.5054,1,0,20.0,0,0,1
4.995,1,3,21.0,0,0,1
8.225680756042633,1,1,0.375136715,0,0,1
0.07885441,1,1,1.304972338,0,0,1
0.517752,1,3,1.269424558,0,0,1
0.005,1,2,30.5,0,0,1
0.848276718514367,1,2,0.399923023,0,0,1
159.99892246,1,2,21.0,0,0,1
3.598656920750184,1,1,0.303189435,0,0,1
0.00185,1,0,1.166350812,0,0,1
0.5598872481797477,1,2,0.36776174,0,0,1
0.693726185413198,1,2,0.355813575,0,0,1
0.9399075732464416,1,1,0.239534815,0,0,1
0.6176131540475506,1,1,0.450152997,0,0,1
0.00185,1,0,1.063658261,0,0,1
20.70447103,1,1,22.000001337,0,0,1
0.00714361,1,0,1.052611655,0,0,1
0.8616678,1,0,21.0,0,0,1
0.849818356031606,1,1,0.321469692,0,0,1
62.80685,1,0,1.040231353,0,0,1
4.6583,1,1,24.670216374,0,0,1
0.005,1,3,21.0,0,0,1
1e-05,1,1,9.783065739,0,0,1
0.527593198230788,1,0,0.235282764,0,0,1
0.9224162384142014,1,0,0.443922838,0,0,1
9.83182424,1,2,22.000001337,0,0,1
0.8710784170662006,1,0,0.387551877,0,0,1
28.76187641,1,0,22.000001337,0,0,1
1.4095892478534822,1,0,0.321843841,0,0,1
52.70738447319886,1,2,0.293232506,0,0,1
9.99995985131014,1,2,0.310805676,0,0,1
1.665,1,1,21.0,0,0,1
26.52792246,1,1,22.000001337,0,0,1
0.01018584,1,1,1.230590163,0,0,1
0.03484465,1,2,1.042193418,0,0,1
4.60974301,1,2,1.1524007,0,0,1
910.9997923957508,1,3,0.458624863,0,0,1
0.04985,1,1,1.050196908,0,0,1
0.7326509469342746,1,0,0.391773707,0,0,1
209.46777006997192,1,1,22.000001337,0,0,1
20.99392246,1,1,22.000001337,0,0,1
2.723992805406332,1,2,0.399923023,0,0,1
0.28431952,1,0,1.159151725,0,0,1
9.99492246,1,1,22.000001337,0,0,1
0.1,1,1,10.0,0,0,1
0.01141,1,0,1.140323326,0,0,1
12.07542246,1,0,21.0,0,0,1
0.99999374384023,1,0,0.255747922,0,0,1
3.262629565655697,1,0,0.29455668,0,0,1
0.0079531,1,2,1.270794493,0,0,1
0.7124395,1,1,1.096313384,0,0,1
16.960294192865458,1,0,0.260790342,0,0,1
0.01537759,1,2,1.267615099,0,0,1
0.69515483,1,0,23.369866721,0,0,1
0.97574576,1,1,20.0,0,0,1
10.67780131,1,2,21.0,0,0,1
0.005,1,2,20.873010101,0,0,1
3.999994887884278,1,0,0.299798668,0,0,1
0.00488477,1,2,1.102203142,0,0,1
0.07488963,1,3,1.116206701,0,0,1
0.09856973,1,2,1.048406719,0,0,1
0.00524887,1,2,1.038662411,0,0,1
7.48892873,1,1,22.000001337,0,0,1
5.419,1,0,24.670216374,0,0,1
0.25129664,1,0,20.340146304,0,0,1
0.2913,1,1,20.0,0,0,1
0.343724,1,2,20.815012353,0,0,1
10.99998813305853,1,0,0.308912007,0,0,1
0.989,1,3,52.31514469,0,0,1
0.776788728414094,1,2,0.245976873,0,0,1
0.02060404,1,0,1.049363125,0,0,1
0.01330965,1,2,1.146724213,0,0,1
0.00563345,1,0,1.039955284,0,0,1
0.00685,1,0,1.150177884,0,0,1
30.10735473,1,1,20.0,0,0,1
0.03484,1,0,1.27612587,0,0,1
0.00198745,1,1,1.051695128,0,0,1
9.99392246,1,1,22.000001337,0,0,1
12.46131246,1,2,22.000001337,0,0,1
99.99392246,1,1,21.0,0,0,1
0.03297042,1,0,1.111149202,0,0,1
108.51603025744576,1,0,0.516471891,0,0,1
0.10985,1,1,1.041005266,0,0,1
119.99392246,1,0,21.0,0,0,1
56.99908384,1,2,22.000001337,0,0,1
1.0,1,0,21.0,0,0,1
0.03484465,1,0,1.042193418,0,0,1
0.4087461,1,2,1.369853573,0,0,1
3.949,1,0,20.0,0,0,1
2.04493639653044,1,0,0.237429533,0,0,1
0.0316041,1,0,1.121631938,0,0,1
1.746,1,3,20.0,0,0,1
0.011,1,4,1.038205872,0,0,1
0.5000833027829227,1,1,0.4032001,0,0,1
0.845753503534467,1,1,0.341590268,0,0,1
16.89392246,1,0,22.000001337,0,0,1
1.4884798131364108,1,3,0.238819943,0,0,1
7.00622619,1,0,22.000001337,0,0,1
0.13322317,1,1,1.044664982,0,0,1
19.999973485460515,1,1,0.238286072,0,0,1
0.5522643630136419,1,0,0.35576282,0,0,1
0.005,1,1,20.0,0,0,1
0.002408,1,0,20.887260762,0,0,1
26.10733296,1,2,22.000001337,0,0,1
0.16833416,1,0,20.0,0,0,1
0.15285,1,1,1.145970883,0,0,1
0.00555,1,0,1.045747076,0,0,1
289.43880228791494,1,0,0.276020471,0,0,1
24.99985,1,0,1.045063796,0,0,1
29.99392246,1,0,22.000001337,0,0,1
117.99996256201489,1,0,0.377078153,0,0,1
179.9995190864121,1,0,0.393999948,0,0,1
0.01,1,0,20.0,0,0,1
10.37377037,1,0,22.127224645,0,0,1
18.395,1,1,21.0,0,0,1
0.4239,1,2,21.0,0,0,1
0.306,1,1,21.0,0,0,1
0.01186119,1,0,1.049323782,0,0,1
26.28501,1,3,1.094673508,0,0,1
87.611159,1,0,22.000001337,0,0,1
16.75448728,1,0,100.1,0,0,1
0.01413039,1,0,1.072091038,0,0,1
0.095,1,1,4.0,0,0,1
0.4989613464563065,1,1,0.474345778,0,0,1
2.5895551110158865,1,1,0.348392543,0,0,1
42.215,1,1,21.0,0,0,1
15.21992246,1,0,22.000001337,0,0,1
1.3945377,1,0,20.0,0,0,1
39.43262246,1,1,22.000001337,0,0,1
0.005,1,1,20.873010101,0,0,1
50.02838597108622,1,3,0.344539373,0,0,1
0.01387103,1,0,1.154524387,0,0,1
0.0357445,1,1,20.815012353,0,0,1
1000.0,1,0,21.0,0,0,1
24.00250252,1,0,23.369866721,0,0,1
0.9102277176255468,1,0,0.244749667,0,0,1
0.005,1,1,1.151327947,0,0,1
2.39999416245717,1,2,0.245972001,0,0,1
2.54,1,1,20.0,0,0,1
2.840593623921746,1,1,0.458624863,0,0,1
0.01579371,1,0,1.038763927,0,0,1
2.6996657320259905,1,0,0.399923023,0,0,1
10.00392246,1,0,22.127224645,0,0,1
0.01653316,1,1,1.105088501,0,0,1
0.799965450103871,1,0,0.245976873,0,0,1
18.53810568,1,1,21.0,0,0,1
7.0119,1,2,20.0,0,0,1
0.15738363,1,1,1.054101429,0,0,1
0.8019487465164092,1,1,0.29455668,0,0,1
0.491752029481656,1,1,0.485210834,0,0,1
9.98872246,1,1,22.000001337,0,0,1
9.999537999971922,1,1,22.000001337,0,0,1
35.88392246,1,1,22.000001337,0,0,1
16.362253763197177,1,1,0.240053116,0,0,1
2.1863037,1,0,0.257021202,0,0,1
18.25268161,1,1,20.0,0,0,1
19.70421091,1,0,22.127224645,0,0,1
0.17521002,1,0,1.318164402,0,0,1
1.605,1,1,20.0,0,0,1
0.0123,1,0,21.349091302,0,0,1
7.545447034,1,0,22.000001337,0,0,1
0.950273707269397,1,2,0.43362083,0,0,1
0.29985,1,0,1.269141772,0,0,1
13.59392246,1,0,100.1,0,0,1
0.00706889,1,0,1.121845711,0,0,1
2.542378674099978,1,1,0.244287527,0,0,1
24.999977704004728,1,1,0.243154668,0,0,1
11.24192246,1,1,21.0,0,0,1
12.379537999971925,1,0,22.127224645,0,0,1
0.1,1,3,20.0,0,0,1
0.499993657521137,1,2,0.330598925,0,0,1
26.16161896997192,1,2,50.0,0,0,1
0.6199591988425134,1,0,0.252092747,0,0,1
10.882666487608828,1,1,0.233479113,0,0,1
8.07392246,1,0,22.000001337,0,0,1
3.095,1,1,20.0,0,0,1
0.6176131540475506,1,1,0.450152997,0,0,1
0.68008360581742,1,1,0.251351082,0,0,1
119.20985679313188,1,2,0.321843841,0,0,1
2.225,1,3,21.0,0,0,1
0.04500066,1,4,20.0,0,0,1
1.28985,1,1,1.101093975,0,0,1
0.628670273946535,1,0,0.230870737,0,0,1
36.1192292915211,1,3,0.36776174,0,0,1
0.0301087,1,0,1.036486308,0,0,1
0.01748764,1,0,1.146486626,0,0,1
10.19392246,1,0,22.127224645,0,0,1
6.090694611688121,1,0,0.254139651,0,0,1
10.19274966,1,0,21.0,0,0,1
3.999882413710526,1,0,0.353262836,0,0,1
22.24747160161652,1,1,0.443922838,0,0,1
1.0155,1,1,22.0,0,0,1
0.00185,1,0,1.108905138,0,0,1
9.999537999971922,1,2,22.000001337,0,0,1
1.87657859,1,2,1.031611934,0,0,1
0.01085,1,1,1.124302526,0,0,1
0.01008878,1,1,1.038207648,0,0,1
500.0,1,1,20.0,0,0,1
0.005,1,0,20.0,0,0,1
13.38533722,1,3,100.1,0,0,1
7.37362536,1,3,22.000001337,0,0,1
0.9240295827757932,1,3,0.238076445,0,0,1
0.005,1,2,22.0,0,0,1
0.01,1,1,20.42469852,0,0,1
19.99392246,1,2,22.000001337,0,0,1
0.291,1,0,20.887260762,0,0,1
0.517752,1,0,1.269424558,0,0,1
0.06057173,1,1,1.054693889,0,0,1
0.29352993,1,1,20.0,0,0,1
29.99392246,1,0,22.000001337,0,0,1
2.9999279293327654,1,1,0.359952214,0,0,1
28.56811906,1,2,25.076374645,0,0,1
8.14250528,1,2,22.000001337,0,0,1
0.03185,1,3,1.181318926,0,0,1
7.93222246,1,0,22.000001337,0,0,1
0.08508053,1,0,21.0,0,0,1
1.009032383043952,1,1,0.251351082,0,0,1
14.98792246,1,0,21.0,0,0,1
0.06057173,1,2,1.054693889,0,0,1
0.1,1,0,20.0,0,0,1
0.02602935,1,1,1.122109536,0,0,1
0.005,1,1,21.0,0,0,1
0.599993529883095,1,0,0.321828952,0,0,1
9.999537999971922,1,1,22.000001337,0,0,1
7.91292246,1,0,22.000001337,0,0,1
1.0155,1,2,22.0,0,0,1
0.00985,1,1,1.090670504,0,0,1
100.0,1,1,100.0,0,0,1
185.76780312465627,1,2,0.237429533,0,0,1
0.492634565663787,1,1,0.399923023,0,0,1
0.10052978,1,1,1.173434931,0,0,1
204.9998817130436,1,2,0.485210834,0,0,1
5.04099,1,2,21.0,0,0,1
39.99985,1,1,1.129102158,0,0,1
0.7781709,1,1,1.159008226,0,0,1
16.19392246,1,2,21.0,0,0,1
8.495,1,1,20.0,0,0,1
107.13536799068576,1,2,0.239534815,0,0,1
0.02060404,1,2,1.049363125,0,0,1
2.989829811560593,1,0,0.236817799,0,0,1
0.553413846388248,1,1,0.381102952,0,0,1
45.50785848,1,2,1.050244602,0,0,1
500.0,1,1,22.127224645,0,0,1
0.00185771,1,1,1.242001393,0,0,1
69.72637303669433,1,0,0.277848319,0,0,1
0.842891551846235,1,2,0.344539373,0,0,1
0.0143,1,0,1.180587332,0,0,1
2.5895551110158865,1,1,0.348392543,0,0,1
0.667886,1,1,0.254626787,0,0,1
1.8876953045446685,1,0,0.322457127,0,0,1
0.0052446,1,0,1.040948231,0,0,1
0.6230229077245986,1,2,0.233479113,0,0,1
0.04940335,1,2,1.094181687,0,0,1
0.697929399664393,1,0,0.29455668,0,0,1
0.492503,1,0,21.0,0,0,1
9.97864146,1,1,22.000001337,0,0,1
0.534556095069479,1,0,0.341590268,0,0,1
14.49392246,1,1,21.0,0,0,1
0.00429066,1,3,20.0,0,0,1
0.6863,1,1,21.0,0,0,1
15.99392246,1,2,21.0,0,0,1
2.104010096938627,1,0,0.257021202,0,0,1
15.21992246,1,2,22.000001337,0,0,1
12.89885599133905,1,0,21.0,0,0,1
0.005,1,2,30.5,0,0,1
25.995,1,1,21.0,0,0,1
0.09985,1,1,1.039645677,0,0,1
0.03003396,1,2,1.163998845,0,0,1
14.99392246,1,1,21.0,0,0,1
0.9679329600236544,1,0,0.241250031,0,0,1
0.995,1,0,20.0,0,0,1
9.99392246,1,2,22.000001337,0,0,1
9.995,1,0,21.0,0,0,1
190.56915,1,2,1.160221549,0,0,1
2.54,1,3,20.0,0,0,1
10.67392246,1,0,21.0,0,0,1
99.99392246,1,1,22.000001337,0,0,1
591.7373739645715,1,2,0.352441739,0,0,1
1000.0,1,0,21.0,0,0,1
0.313709,1,0,1.06037898,0,0,1
0.15,1,1,39.0,0,0,1
50.02838597108622,1,1,0.344539373,0,0,1
0.977832,1,0,1.159008226,0,0,1
39.99985,1,1,1.129102158,0,0,1
0.18003914,1,1,1.124488769,0,0,1
0.04985,1,0,1.167681364,0,0,1
0.00485014,1,0,1.123530282,0,0,1
0.5007985469204478,1,0,0.359008226,0,0,1
0.01129159,1,2,1.038076445,0,0,1
3.433994490463667,1,3,0.337906168,0,0,1
1.0013,1,1,22.416545867,0,0,1
0.195,1,0,41.0,0,0,1
159.99892246,1,0,21.0,0,0,1
9.99392246,1,2,22.000001337,0,0,1
14.99339746,1,3,21.0,0,0,1
1.995,1,1,21.661292598,0,0,1
37.26103212676423,1,0,0.333112388,0,0,1
1.88,1,0,20.0,0,0,1
7.70392246,1,0,22.000001337,0,0,1
7.97592246,1,0,22.000001337,0,0,1
0.991261990810682,1,0,0.310805676,0,0,1
26.52792246,1,1,22.000001337,0,0,1
0.04079595,1,1,23.369866721,0,0,1
0.991261990810682,1,0,0.310805676,0,0,1
0.7609495850063832,1,1,0.300207963,0,0,1
0.00374001,1,1,1.048610601,0,0,1
2.58960796,1,0,30.0,0,0,1
9.99492246,1,1,22.000001337,0,0,1
5.98836184,1,1,1.10010148,0,0,1
8.94584846720191,1,2,22.000001337,0,0,1
3.995,1,1,30.0,0,0,1
12.42092246,1,0,21.0,0,0,1
5.251510839496272,1,1,0.239162921,0,0,1
0.46315362,1,0,20.0,0,0,1
9.999909216302497,1,2,0.286911168,0,0,1
0.14305205,1,3,20.0,0,0,1
25.03175822511432,1,2,0.25680762,0,0,1
0.04930225,1,0,1.043596048,0,0,1
8.56423356,1,1,22.000001337,0,0,1
0.5449062225490894,1,0,0.399923023,0,0,1
2.602,1,0,20.0,0,0,1
0.005,1,0,20.873010101,0,0,1
0.01140694,1,2,1.155105752,0,0,1
3.928,1,0,0.485210834,0,0,1
1000.0,1,4,21.0,0,0,1
1.595,1,0,21.0,0,0,1
0.38105,1,1,1.043052246,0,0,1
0.273611,1,1,30.0,0,0,1
18.337,1,1,21.0,0,0,1
0.00564449,1,0,1.04046499,0,0,1
0.03665,1,1,1.130461026,0,0,1
7.99912566,1,0,22.000001337,0,0,1
1.81601652,1,1,20.0,0,0,1
0.14586565,1,1,1.07148342,0,0,1
3.299993521384564,1,1,0.250309999,0,0,1
4.975518925331991,1,0,0.339479526,0,0,1
0.07411567,1,3,1.298025301,0,0,1
22.14651572842578,1,1,22.000001337,0,0,1
0.9995684264006982,1,0,0.322326307,0,0,1
0.492634565663787,1,0,0.399923023,0,0,1
7.23205335,1,1,22.000001337,0,0,1
3.579288047223276,1,1,0.36210711,0,0,1
0.00331153,1,3,1.095809195,0,0,1
0.00185,1,1,1.110560886,0,0,1
0.9240295827757932,1,1,0.238076445,0,0,1
0.005,1,0,21.0,0,0,1
47.99999326918332,1,1,0.299798668,0,0,1
0.01,1,1,20.0,0,0,1
7.42945946,1,1,22.000001337,0,0,1
5.089230810791249,1,2,0.250951722,0,0,1
0.01746329,1,1,1.237914773,0,0,1
0.00452442,1,0,1.076287617,0,0,1
0.09737807,1,3,1.107687314,0,0,1
0.0030154314705505,1,0,17.313799035,0,0,1
20.55505,1,3,1.095986973,0,0,1
29.989559,1,1,22.000001337,0,0,1
23.999559,1,1,22.000001337,0,0,1
27.58064355137063,1,2,0.294267018,0,0,1
29.36842928,1,1,22.000001337,0,0,1
0.005,1,0,20.0,0,0,1
0.5347916142203696,1,1,0.298840711,0,0,1
0.493410561966023,1,0,0.239863892,0,0,1
0.60428062,1,0,1.239094062,0,0,1
1.3032117576576103,1,1,0.254626787,0,0,1
0.01,1,1,21.0,0,0,1
0.6230229077245986,1,0,0.233479113,0,0,1
0.00914669,1,0,1.037837074,0,0,1
0.12389,1,1,1.038445288,0,0,1
0.0013,1,1,21.0,0,0,1
0.05985,1,1,1.173033102,0,0,1
0.2505559,1,2,22.0,0,0,1
50.02838597108622,1,1,0.344539373,0,0,1
1.009986608388578,1,0,0.313079429,0,0,1
0.00602493,1,1,1.047481304,0,0,1
27.41085,1,2,1.283314364,0,0,1
0.61985,1,1,1.242557817,0,0,1
43.4524403,1,4,1.280744203,0,0,1
0.506170261764915,1,0,0.249454777,0,0,1
0.01603813,1,2,1.040796887,0,0,1
18.7736328060679,1,3,0.254352718,0,0,1
0.5043945003323691,1,1,0.339781229,0,0,1
9.98192246,1,1,22.000001337,0,0,1
7.09881744,1,2,22.000001337,0,0,1
55.64414584997192,1,0,21.0,0,0,1
0.01,1,1,10.0,0,0,1
13.59392246,1,1,100.1,0,0,1
0.12,1,2,20.0,0,0,1
0.16078615,1,1,1.252005501,0,0,1
0.1213,1,1,20.887260762,0,0,1
15.617094516288548,1,2,21.0,0,0,1
0.00244306,1,0,1.24849985,0,0,1
0.906688457609392,1,1,0.321845711,0,0,1
3.77680065,1,0,21.157421146,0,0,1
13.98392246,1,1,22.127224645,0,0,1
44.49985,1,3,1.057126437,0,0,1
4.739975885174478,1,2,0.252092747,0,0,1
0.995,1,2,20.0,0,0,1
0.23905461,1,2,1.043648848,0,0,1
121.52390758,1,2,22.000001337,0,0,1
7.89211736,1,1,22.000001337,0,0,1
0.03388943,1,0,1.134451216,0,0,1
0.99999508845406,1,0,0.249454777,0,0,1
1.4186270059515642,1,1,0.330598925,0,0,1
20.71992246,1,1,22.000001337,0,0,1
0.24823658,1,0,1.043725022,0,0,1
2.495,1,2,30.0,0,0,1
0.005,1,4,21.596799909,0,0,1
0.563322249155706,1,0,0.458624863,0,0,1
0.00134,1,2,1.043824123,0,0,1
299.99392246,1,2,22.000001337,0,0,1
0.10509784,1,0,1.043815701,0,0,1
8.49392246,1,0,22.000001337,0,0,1
0.4955410839374258,1,1,0.485210834,0,0,1
18.995,1,0,20.0,0,0,1
0.01,1,0,20.0,0,0,1
9.99392246,1,3,22.000001337,0,0,1
35.06938529,1,0,22.000001337,0,0,1
209.46777006997192,1,1,22.000001337,0,0,1
2.08,1,0,22.0,0,0,1
29.999933405787992,1,3,0.330598925,0,0,1
0.01,1,3,20.40801424,0,0,1
1.051836409961933,1,0,0.249454777,0,0,1
0.6661,1,1,0.244287527,0,0,1
0.13786996,1,2,1.191041631,0,0,1
2.998265476327201,1,0,0.279903845,0,0,1
0.005,1,0,24.568222891,0,0,1
5.654516245335984,1,4,0.363883524,0,0,1
4.0464,1,0,21.0,0,0,1
0.789779242993541,1,0,0.4032001,0,0,1
10.799962389528364,1,1,0.24518582,0,0,1
16.08358162087097,1,0,0.293232506,0,0,1
0.095,1,1,21.0,0,0,1
9.56333546,1,1,22.000001337,0,0,1
0.6919194532289551,1,0,0.254139651,0,0,1
31.01192246,1,1,21.0,0,0,1
9.08715246,1,0,22.000001337,0,0,1
38.76494346,1,2,21.0,0,0,1
0.00895,1,0,1.069814967,0,0,1
500.0,1,2,22.073836554,0,0,1
0.83836817,1,2,0.341590268,0,0,1
1.258850328016432,1,0,0.36210711,0,0,1
14.955,1,3,21.309262042,0,0,1
8.3719035,1,0,22.000001337,0,0,1
0.01,1,1,8.0,0,0,1
0.00337181,1,1,1.211444054,0,0,1
18.505,1,2,20.40801424,0,0,1
1.195,1,0,23.369866721,0,0,1
12.31912246,1,0,25.076374645,0,0,1
6.7698977248102725,1,2,0.239162921,0,0,1
4.033399451682014,1,0,0.318718529,0,0,1
3.699992038576978,1,2,0.242126516,0,0,1
17.199159,1,2,22.000001337,0,0,1
0.9240295827757932,1,1,0.238076445,0,0,1
7.29054318,1,0,20.272024492,0,0,1
0.859888177919758,1,1,0.337946833,0,0,1
0.5969935005969662,1,2,0.346401616,0,0,1
3.9998950758559007,1,0,0.252285406,0,0,1
0.527593198230788,1,0,0.235282764,0,0,1
1.289986503377826,1,3,0.43476765,0,0,1
5.031985256715256,1,2,0.233479113,0,0,1
44.99999372434507,1,2,0.32051508,0,0,1
2.468,1,1,21.0,0,0,1
0.61211743,1,3,1.178854798,0,0,1
0.1113,1,0,21.0,0,0,1
8.99392246,1,2,22.000001337,0,0,1
4.6583,1,2,24.670216374,0,0,1
2.999995105624164,1,1,0.43476765,0,0,1
7.14607314,1,1,22.000001337,0,0,1
1.606,1,2,20.012773603,0,0,1
5.538250261052675,1,0,0.245972001,0,0,1
76.95845214744577,1,1,0.36210711,0,0,1
0.0316041,1,0,1.121631938,0,0,1
424.0,1,0,23.626598781,0,0,1
3.995,1,0,30.0,0,0,1
12.99392246,1,1,22.127224645,0,0,1
0.60664131,1,2,1.217852857,0,0,1
0.09279043,1,1,1.050588031,0,0,1
4.033399451682014,1,1,0.318718529,0,0,1
7.00583246,1,2,22.000001337,0,0,1
121.12503219,1,2,22.0,0,0,1
32.69898097,1,1,22.000001337,0,0,1
7.98892246,1,0,22.000001337,0,0,1
0.00185,1,0,1.110560886,0,0,1
0.6415077,1,2,1.06448793,0,0,1
24.99985,1,1,1.236913275,0,0,1
0.15738363,1,0,1.054101429,0,0,1
0.9331935,1,2,1.159471856,0,0,1
4.377294448061651,1,1,0.247223673,0,0,1
0.5000833027829227,1,2,0.4032001,0,0,1
0.22654182,1,1,1.183247914,0,0,1
9.995,1,1,21.0,0,0,1
0.01565,1,0,1.044460498,0,0,1
13.37692246,1,1,22.127224645,0,0,1
9.99392246,1,1,22.000001337,0,0,1
0.8536405,1,0,21.0,0,0,1
35.06078046,1,2,22.000001337,0,0,1
0.563698,1,0,0.238076445,0,0,1
0.298,1,1,20.0,0,0,1
27.98392246,1,0,21.0,0,0,1
0.506865180677382,1,0,0.427844078,0,0,1
0.6008160329416904,1,0,0.429864307,0,0,1
1.500205497914925,1,1,0.377696364,0,0,1
9.49392246,1,1,22.000001337,0,0,1
6.64870309910655,1,1,0.339479526,0,0,1
0.509994242546929,1,0,0.251043358,0,0,1
0.12167054,1,1,20.0,0,0,1
0.0493005,1,1,1.087567913,0,0,1
27.71718,1,2,22.000001337,0,0,1
0.8487686306779819,1,2,0.293232506,0,0,1
710.999464765504,1,1,0.332406987,0,0,1
1.0314174,1,3,1.036290325,0,0,1
11.995,1,0,20.0,0,0,1
0.0813,1,1,20.0,0,0,1
5.0,1,1,21.0,0,0,1
0.07898275,1,1,1.131600344,0,0,1
3.329465780705299,1,1,0.243610162,0,0,1
4.51184533,1,1,20.0,0,0,1
500.0,1,0,24.670216374,0,0,1
99.5408239149683,1,0,0.247292168,0,0,1
9.995,1,1,21.0,0,0,1
1.169958,1,0,0.250129938,0,0,1
7.08392246,1,1,22.000001337,0,0,1
0.848276718514367,1,1,0.399923023,0,0,1
0.01,1,1,20.0,0,0,1
25.97372512,1,1,1.114009945,0,0,1
1.0134,1,1,22.416545867,0,0,1
0.13326,1,0,1.121784292,0,0,1
25.03175822511432,1,0,0.25680762,0,0,1
203.88996226,1,0,21.0,0,0,1
28.68892246,1,3,22.000001337,0,0,1
0.15191913,1,4,1.120947435,0,0,1
27.34758884,1,0,22.000001337,0,0,1
1.1260107,1,1,1.051243454,0,0,1
0.906689367109459,1,1,0.288734486,0,0,1
0.5532208146756044,1,2,0.303189435,0,0,1
0.792490722223142,1,1,0.321845711,0,0,1
8.31262741,1,3,22.000001337,0,0,1
0.799993897897511,1,2,0.377078153,0,0,1
0.00185,1,0,1.185485128,0,0,1
0.7484617854881944,1,3,0.239863892,0,0,1
5.13915205,1,1,20.0,0,0,1
0.00602493,1,0,1.047481304,0,0,1
0.58485,1,1,1.106483053,0,0,1
0.697929399664393,1,2,0.29455668,0,0,1
7.50658716,1,3,22.000001337,0,0,1
0.09856973,1,1,1.048406719,0,0,1
0.11985,1,1,1.036129911,0,0,1
0.8141421,1,0,0.260790342,0,0,1
0.869988754982391,1,2,0.303189435,0,0,1
9.805,1,2,30.0,0,0,1
0.999994693004047,1,0,0.427844078,0,0,1
19.31596106,1,0,22.127224645,0,0,1
0.00185,1,3,1.041813593,0,0,1
1.3945377,1,0,20.0,0,0,1
0.00885,1,2,1.256647959,0,0,1
0.01,1,0,21.0,0,0,1
19.43263049997192,1,0,22.000001337,0,0,1
0.01666423,1,2,1.045393252,0,0,1
0.0284962,1,0,1.042927467,0,0,1
134.99942964243652,1,1,0.377078153,0,0,1
3461.999478805949,1,1,0.408033061,0,0,1
183.1878950548185,1,1,0.238743669,0,0,1
49.27156344900021,1,0,22.073836554,0,0,1
0.612,1,2,21.0,0,0,1
0.01008878,1,1,1.038207648,0,0,1
2.19449878455165,1,2,0.307077589,0,0,1
1.439994770645373,1,1,0.329899238,0,0,1
5.936389259362617,1,1,0.373931154,0,0,1
0.7777202,1,0,1.139420691,0,0,1
0.906688536061234,1,3,0.298840711,0,0,1
0.25059105,1,1,1.047481304,0,0,1
7.01844227,1,0,22.000001337,0,0,1
115.49802246,1,1,22.073836554,0,0,1
9.69392246,1,0,22.000001337,0,0,1
0.81174415,1,0,20.0,0,0,1
9.99392246,1,0,22.000001337,0,0,1
0.00456618,1,0,1.040166985,0,0,1
35.695,1,1,21.0,0,0,1
5.031985256715256,1,0,0.233479113,0,0,1
0.00997864,1,1,1.199570673,0,0,1
4.806408,1,1,20.0,0,0,1
341.999473606819,1,1,0.249131093,0,0,1
0.599993529883095,1,1,0.321828952,0,0,1
0.01141,1,0,1.140323326,0,0,1
0.950273707269397,1,4,0.43362083,0,0,1
3.495,1,1,20.0,0,0,1
0.81326393,1,3,20.0,0,0,1
3.809,1,1,20.012773603,0,0,1
500.0,1,4,21.0,0,0,1
0.01,1,1,20.0,0,0,1
7.00392246,1,1,22.000001337,0,0,1
14.49392246,1,1,21.0,0,0,1
0.609603826604372,1,3,0.310560886,0,0,1
222.64693227076887,1,1,0.244849866,0,0,1
5.7912,1,0,21.0,0,0,1
0.001,1,3,21.833967631,0,0,1
18.995,1,2,20.0,0,0,1
0.005,1,0,30.0,0,0,1
0.0036,1,4,1.148059449,0,0,1
0.01,1,0,20.0,0,0,1
2.087714409352102,1,1,0.372385933,0,0,1
0.01,1,2,21.0,0,0,1
10.06997028493036,1,1,0.243338951,0,0,1
149.99995142045734,1,0,0.43362083,0,0,1
0.6708,1,1,20.0,0,0,1
8.49392246,1,3,22.000001337,0,0,1
0.245354,1,2,1.041765475,0,0,1
4.660847,1,0,21.0,0,0,1
9.37642515,1,1,22.000001337,0,0,1
2.489894390528364,1,1,0.242126516,0,0,1
0.09737807,1,0,1.107687314,0,0,1
0.00235,1,1,1.046317694,0,0,1
9.98892246,1,2,22.000001337,0,0,1
0.24874108,1,0,22.0,0,0,1
0.40081807,1,0,1.03714366,0,0,1
10.665,1,0,21.0,0,0,1
10.292642525288644,1,1,0.378871716,0,0,1
0.10285,1,0,1.151847917,0,0,1
0.654093624150348,1,2,0.298840711,0,0,1
0.005,1,2,21.0,0,0,1
16.17892246,1,2,25.076374645,0,0,1
0.9999774449304408,1,2,0.321843841,0,0,1
0.01123,1,2,1.114816363,0,0,1
0.889365543035298,1,3,0.363883524,0,0,1
0.6771364126000423,1,1,0.254626787,0,0,1
2.761,1,1,20.0,0,0,1
7.50658716,1,0,22.000001337,0,0,1
0.5693966538539117,1,3,0.243057875,0,0,1
37.99999208135878,1,1,0.43362083,0,0,1
9.9814056,1,0,22.000001337,0,0,1
0.21596005,1,2,21.0,0,0,1
0.670032457494275,1,0,0.355813575,0,0,1
2.8013,1,1,1.047528733,0,0,1
0.521082414964597,1,0,0.443922838,0,0,1
424.0,1,1,23.626598781,0,0,1
11.228824525192469,1,1,0.29455668,0,0,1
1.3945377,1,2,20.0,0,0,1
0.0244254,1,0,1.047699847,0,0,1
0.01,1,1,21.0,0,0,1
0.01,1,2,20.0,0,0,1
0.0395,1,0,20.0,0,0,1
0.59997127,1,0,1.199570673,0,0,1
0.01,1,2,21.0,0,0,1
0.789792088241201,1,1,0.299798668,0,0,1
0.9092197687246606,1,0,0.238286072,0,0,1
2.59985,1,0,1.165546135,0,0,1
0.808192090356174,1,0,0.301544295,0,0,1
9.43392246,1,0,22.000001337,0,0,1
1.123,1,1,21.237703005,0,0,1
1.653755,1,1,20.0,0,0,1
9.09392246,1,1,22.000001337,0,0,1
21.892244466837425,1,0,0.254626787,0,0,1
46.641100730566414,1,1,0.322260467,0,0,1
0.01555552,1,3,1.21726417,0,0,1
1000.0,1,1,21.0,0,0,1
24.99392246,1,2,22.127224645,0,0,1
0.0874623,1,0,1.049616626,0,0,1
4.535,1,2,20.0,0,0,1
8.61308629,1,0,22.000001337,0,0,1
0.005,1,2,30.5,0,0,1
0.005,1,2,30.0,0,0,1
33.96344858,1,1,22.000001337,0,0,1
0.02060404,1,0,1.049363125,0,0,1
14.12300766,1,0,22.127224645,0,0,1
0.499992441003506,1,1,0.443922838,0,0,1
12.694,1,1,21.0,0,0,1
9.99392246,1,0,22.000001337,0,0,1
0.7909004793702723,1,2,0.321927375,0,0,1
0.7007607435239745,1,1,0.36210711,0,0,1
0.0049449,1,2,1.131307493,0,0,1
0.93552479,1,0,0.429864307,0,0,1
29.999537999971924,1,2,21.0,0,0,1
427.4849485689601,1,1,0.430478555,0,0,1
0.50289508,1,1,0.288183858,0,0,1
0.005,1,1,20.873010101,0,0,1
0.202408,1,0,30.0,0,0,1
3.223111272127763,1,0,0.240608391,0,0,1
0.00278945,1,2,1.190184754,0,0,1
53.66766402007625,1,0,0.4032001,0,0,1
261.90975569,1,3,20.0,0,0,1
4.9162287,1,2,1.04355959,0,0,1
0.1292,1,0,30.5,0,0,1
11.99392246,1,1,21.0,0,0,1
0.499970209525125,1,0,0.3193392,0,0,1
2.158,1,4,20.0,0,0,1
0.51834658,1,0,1.139921403,0,0,1
34.09985,1,2,1.037121544,0,0,1
10.00792246,1,0,22.127224645,0,0,1
339.8,1,0,22.073836554,0,0,1
14.785,1,1,20.0,0,0,1
12.379537999971925,1,1,22.127224645,0,0,1
0.22501961,1,1,1.128294667,0,0,1
0.7201879644984552,1,1,0.348392543,0,0,1
0.616507431815281,1,0,0.35576282,0,0,1
0.488719942554758,1,3,0.298840711,0,0,1
0.35118,1,3,1.039840025,0,0,1
7.03742246,1,1,22.000001337,0,0,1
19.999943193171003,1,0,0.250021252,0,0,1
17.00149422,1,1,21.0,0,0,1
5.031985256715256,1,0,0.233479113,0,0,1
1.3716217830328097,1,1,0.377078153,0,0,1
0.999991484663884,1,0,0.250129938,0,0,1
4.92007,1,1,21.0,0,0,1
1.616482,1,2,20.0,0,0,1
500.0,1,1,22.917630378,0,0,1
0.0742719,1,2,1.252801127,0,0,1
0.612,1,1,21.0,0,0,1
13.99392246,1,0,22.127224645,0,0,1
24.99985,1,4,1.177442044,0,0,1
3.12023555,1,2,1.23476765,0,0,1
36.34854702,1,0,21.0,0,0,1
0.46259322,1,1,20.0,0,0,1
800.0,1,2,21.0,0,0,1
1.269993192234512,1,3,0.243442682,0,0,1
0.697929399664393,1,1,0.29455668,0,0,1
1.28802556,1,1,20.0,0,0,1
12.42092246,1,1,21.0,0,0,1
0.00707212,1,0,1.17890924,0,0,1
4.44,1,1,21.0,0,0,1
0.5927550200737287,1,2,0.299798668,0,0,1
0.04930225,1,1,1.043596048,0,0,1
9.99392246,1,0,22.000001337,0,0,1
0.00304458,1,1,1.118643321,0,0,1
1.072333848567081,1,2,0.517813986,0,0,1
0.7892716005997013,1,2,0.29455668,0,0,1
0.9999803833847014,1,1,0.233479113,0,0,1
9.98392246,1,3,22.000001337,0,0,1
2.840593623921746,1,1,0.458624863,0,0,1
0.396,1,0,30.0,0,0,1
70.464,1,0,21.0,0,0,1
0.005,1,2,21.0,0,0,1
0.04711016,1,2,1.228652867,0,0,1
3.999882413710526,1,0,0.353262836,0,0,1
0.0343155,1,1,1.045074016,0,0,1
0.005,1,1,21.596799909,0,0,1
24.99454646720191,1,0,22.000001337,0,0,1
0.37095,1,1,30.0,0,0,1
24.97392246,1,4,22.000001337,0,0,1
18.995,1,1,21.0,0,0,1
3.28327844,1,1,20.0,0,0,1
0.145,1,0,30.0,0,0,1
27.99458,1,1,22.127224645,0,0,1
0.00485,1,3,1.251860799,0,0,1
2.00769446,1,0,1.248717784,0,0,1
11.7329385,1,1,22.000001337,0,0,1
0.0213,1,0,20.887260762,0,0,1
0.8019487465164092,1,0,0.29455668,0,0,1
39.99985,1,1,1.191674583,0,0,1
0.0159347,1,1,1.194266237,0,0,1
8.529059,1,1,22.000001337,0,0,1
23.460010426172406,1,4,0.310805676,0,0,1
0.5209692963082275,1,0,0.450152997,0,0,1
0.195,1,1,20.0,0,0,1
6.125,1,1,20.0,0,0,1
0.005,1,3,20.873010101,0,0,1
39.99998741898632,1,0,0.243338951,0,0,1
53.70392246,1,2,22.000001337,0,0,1
0.572,1,0,20.0,0,0,1
9.00093078,1,2,22.000001337,0,0,1
0.58699489324163,1,2,0.307077589,0,0,1
4.14235014,1,0,21.0,0,0,1
0.947015601749627,1,1,0.363883524,0,0,1
69.72637303669433,1,1,0.277848319,0,0,1
1.396641632581938,1,0,0.321828952,0,0,1
0.98864951,1,0,0.244694791,0,0,1
0.00805878,1,1,1.131059956,0,0,1
13.6763391,1,1,21.0,0,0,1
0.12003167,1,1,1.118915683,0,0,1
3.598656920750184,1,0,0.303189435,0,0,1
0.01,1,0,20.0,0,0,1
18.79392246,1,0,22.127224645,0,0,1
427.4849485689601,1,0,0.430478555,0,0,1
0.4938527551753764,1,0,0.239863892,0,0,1
5.087876985191191,1,1,0.24507077,0,0,1
2.99985,1,1,1.048213535,0,0,1
0.17958223,1,0,1.127609454,0,0,1
0.2832,1,1,20.0,0,0,1
0.6661,1,0,0.244287527,0,0,1
0.00960677,1,0,1.044707385,0,0,1
1.616482,1,2,20.0,0,0,1
20.342783820392626,1,1,0.388031055,0,0,1
20.90523328,1,2,20.0,0,0,1
3.45437501,1,0,20.0,0,0,1
0.005,1,1,21.0,0,0,1
0.659813507524814,1,3,0.359008226,0,0,1
0.005,1,0,21.0,0,0,1
0.02485,1,1,1.163508954,0,0,1
2.18604135,1,0,21.0,0,0,1
7.35320548,1,0,22.000001337,0,0,1
0.402408,1,2,20.0,0,0,1
2.64904924,1,1,21.0,0,0,1
1.3716217830328097,1,2,0.377078153,0,0,1
121.52390758,1,0,22.000001337,0,0,1
8.78856246,1,2,22.000001337,0,0,1
0.7673,1,2,0.308912007,0,0,1
0.343724,1,1,20.815012353,0,0,1
0.01018584,1,1,1.230590163,0,0,1
0.0032466,1,0,1.062132338,0,0,1
0.91104557,1,1,1.04881798,0,0,1
6.090694664067329,1,1,0.267165316,0,0,1
0.789791592876926,1,0,0.298840711,0,0,1
3.117,1,0,21.0,0,0,1
20.74222246,1,0,21.0,0,0,1
0.489383798006383,1,0,0.233479113,0,0,1
9.18058733,1,2,22.000001337,0,0,1
4.27201852,1,3,20.0,0,0,1
0.01004877,1,3,1.224597931,0,0,1
16.80606125,1,0,22.127224645,0,0,1
0.936066,1,1,21.0,0,0,1
0.00185,1,1,1.138305685,0,0,1
11.46458,1,0,22.000001337,0,0,1
24.59392246,1,2,22.000001337,0,0,1
7.82592246,1,1,22.000001337,0,0,1
0.7677932875834642,1,0,0.255747922,0,0,1
10.43040151,1,0,22.000001337,0,0,1
0.00375095,1,2,1.040510963,0,0,1
2.3140199473132728,1,0,0.391909125,0,0,1
1.056,1,0,20.0,0,0,1
8.24754705,1,3,22.000001337,0,0,1
1.02200459,1,1,1.046847028,0,0,1
0.005,1,1,20.873010101,0,0,1
0.02088871,1,1,64.0,0,0,1
0.07175749,1,1,1.178735192,0,0,1
9.20652816,1,2,22.000001337,0,0,1
0.25603688,1,0,1.140197608,0,0,1
5.50914663,1,0,27.72,0,0,1
9.995,1,2,30.5,0,0,1
0.5253,1,0,30.0,0,0,1
0.3182801,1,1,21.0,0,0,1
20.899356212860845,1,0,22.000001337,0,0,1
1.54048898,1,2,1.101344581,0,0,1
0.03162962,1,0,1.144539373,0,0,1
0.04500066,1,0,20.0,0,0,1
0.01173702,1,0,1.197622207,0,0,1
12.6026,1,0,21.0,0,0,1
0.63675,1,0,1.037820166,0,0,1
36.22532246,1,0,21.0,0,0,1
24.94016576,1,1,22.000001337,0,0,1
0.005,1,4,20.873010101,0,0,1
0.09985,1,0,1.119048167,0,0,1
0.58441943,1,0,0.243057875,0,0,1
1.687263450671534,1,2,0.378871716,0,0,1
3.009346617024399,1,0,0.247672715,0,0,1
2.294774082775397,1,0,0.458624863,0,0,1
3.922814491163116,1,1,0.327717943,0,0,1
11.803,1,0,21.0,0,0,1
11.12068246,1,4,21.0,0,0,1
0.00886267,1,1,1.112712835,0,0,1
0.09856973,1,1,1.048406719,0,0,1
7.32332846,1,1,22.000001337,0,0,1
0.0798104,1,1,1.076217245,0,0,1
0.616507431815281,1,1,0.35576282,0,0,1
0.86457094,1,2,1.056424719,0,0,1
22.636,1,2,0.35576282,0,0,1
24.99985,1,2,1.160651318,0,0,1
0.03987217,1,2,1.174043428,0,0,1
14.79239156,1,0,21.0,0,0,1
9.15290999,1,1,22.000001337,0,0,1
371.99967823658267,1,2,0.321845711,0,0,1
31.995,1,2,21.0,0,0,1
11.99392246,1,2,21.0,0,0,1
16.03366301,1,1,21.0,0,0,1
60.409880546787065,1,6,0.43476765,0,0,1
26.52792246,1,1,22.000001337,0,0,1
15.7235455,1,0,21.833967631,0,0,1
1.6501268423642692,1,1,0.399923023,0,0,1
14.785,1,0,20.0,0,0,1
0.2913,1,0,21.0,0,0,1
0.5138644477534885,1,1,0.240246068,0,0,1
8.28315986,1,2,21.0,0,0,1
0.05985,1,0,1.160791432,0,0,1
1.1072,1,0,4.0,0,0,1
5.26995986590025,1,0,0.321927375,0,0,1
0.07985,1,0,1.052828981,0,0,1
0.005,1,3,21.0,0,0,1
5.6931041,1,1,22.667583079,0,0,1
0.31857088,1,0,1.048001627,0,0,1
3.6987,1,0,20.0,0,0,1
7.54259455,1,1,22.000001337,0,0,1
24.276998386635288,1,2,0.363883524,0,0,1
0.14981886,1,2,21.0,0,0,1
1.0,1,0,21.833967631,0,0,1
0.24874108,1,0,22.0,0,0,1
0.31468,1,2,20.0,0,0,1
1.4043234859514917,1,0,0.312354437,0,0,1
0.23836628,1,0,1.038557268,0,0,1
24.99392246,1,3,22.000001337,0,0,1
4.995,1,0,20.0,0,0,1
9.995,1,2,20.0,0,0,1
1.396641632581938,1,1,0.321828952,0,0,1
0.002408,1,1,21.0,0,0,1
0.015,1,2,20.0,0,0,1
37.99999331655533,1,0,0.243434082,0,0,1
73.00985,1,2,1.121726547,0,0,1
0.00374001,1,1,1.048610601,0,0,1
0.014,1,2,24.670216374,0,0,1
0.05372264,1,2,1.097520027,0,0,1
0.005,1,2,30.5,0,0,1
1.0215201350587904,1,0,0.250309999,0,0,1
1386.9999710091456,1,0,0.239863892,0,0,1
27.14869039921655,1,0,0.267165316,0,0,1
0.00452442,1,3,1.076287617,0,0,1
2.21301646,1,1,21.0,0,0,1
0.5799266949356612,1,0,0.307077589,0,0,1
0.4994499,1,2,1.258220644,0,0,1
0.7003108284217727,1,1,0.294267018,0,0,1
1.019610477524814,1,2,0.242150292,0,0,1
8.444208718,1,1,22.000001337,0,0,1
0.25129664,1,1,20.340146304,0,0,1
1.36490222,1,0,0.341715468,0,0,1
37.98958,1,0,22.000001337,0,0,1
0.84944559,1,0,21.0,0,0,1
1000.0,1,0,23.216733376,0,0,1
8.604,1,2,20.0,0,0,1
0.00285,1,0,1.174753594,0,0,1
800.0,1,0,21.0,0,0,1
26.06145961,1,1,21.0,0,0,1
8.57797432,1,0,22.000001337,0,0,1
13.28104377,1,1,22.127224645,0,0,1
11.27954846,1,1,22.000001337,0,0,1
22.454559,1,1,22.000001337,0,0,1
0.005,1,5,30.5,0,0,1
0.10052978,1,1,1.173434931,0,0,1
3.262629565655697,1,0,0.29455668,0,0,1
15.999971481573748,1,1,0.450152997,0,0,1
0.02602935,1,0,1.122109536,0,0,1
16.22250465,1,1,22.127224645,0,0,1
0.616357460532294,1,0,0.517813986,0,0,1
0.00988087,1,0,1.117400583,0,0,1
6.497925546424631,1,0,0.418083789,0,0,1
0.00235,1,0,1.101907403,0,0,1
7.01844227,1,1,22.000001337,0,0,1
29.45173853,1,1,22.000001337,0,0,1
21.00146488440467,1,1,0.243154668,0,0,1
0.99985,1,0,1.129097862,0,0,1
0.06067715,1,1,1.237721638,0,0,1
26.98958,1,0,22.000001337,0,0,1
1.425971160579523,1,0,0.239863892,0,0,1
4.660847,1,1,21.0,0,0,1
0.24035272,1,0,1.173931154,0,0,1
16.362253763197177,1,1,0.240053116,0,0,1
1.051836409961933,1,1,0.249454777,0,0,1
0.508993143556031,1,0,0.243338951,0,0,1
0.52034422,1,2,1.061326733,0,0,1
0.04985,1,1,1.148275181,0,0,1
0.0636138,1,0,1.160785633,0,0,1
8.305,1,0,21.0,0,0,1
73.31985,1,1,1.099375244,0,0,1
17.61539946,1,0,21.0,0,0,1
0.005,1,0,21.0,0,0,1
0.880653709609984,1,0,0.235282764,0,0,1
9.26799296,1,1,22.000001337,0,0,1
0.1796,1,1,20.0,0,0,1
4.418480020441071,1,0,0.230870737,0,0,1
11.453206,1,2,4.0,0,0,1
9.64709543,1,0,22.000001337,0,0,1
0.005,1,2,20.873010101,0,0,1
53.66766402007625,1,3,0.4032001,0,0,1
24.999977704004728,1,0,0.243154668,0,0,1
23.90740372434507,1,1,0.307077589,0,0,1
5.2998,1,2,21.0,0,0,1
8.65105198,1,1,22.000001337,0,0,1
1.1628,1,0,20.170653562,0,0,1
0.06189331,1,0,1.25715943,0,0,1
19.8436743,1,2,22.127224645,0,0,1
715.9997722391104,1,0,0.447511577,0,0,1
0.11985,1,1,1.217852857,0,0,1
0.5696485656028617,1,0,0.399923023,0,0,1
0.08508053,1,1,21.0,0,0,1
0.00988087,1,2,1.117400583,0,0,1
0.982607286569974,1,1,0.245976873,0,0,1
0.00305,1,1,1.031179441,0,0,1
0.905,1,1,21.0,0,0,1
5.272558,1,2,21.0,0,0,1
9.99392246,1,0,22.000001337,0,0,1
7.29692246,1,1,22.000001337,0,0,1
0.245354,1,0,1.041765475,0,0,1
0.995,1,0,20.0,0,0,1
11.98892246,1,0,22.127224645,0,0,1
33.47392246,1,1,22.000001337,0,0,1
7.53608456,1,0,22.000001337,0,0,1
10.99998813305853,1,2,0.308912007,0,0,1
20.899356212860845,1,0,22.000001337,0,0,1
0.5081702655570003,1,0,0.418083789,0,0,1
0.24436674,1,0,1.059906569,0,0,1
9.99392246,1,1,22.000001337,0,0,1
0.11278164,1,0,20.887260762,0,0,1
9.9181247,1,0,30.0,0,0,1
1.169958,1,2,0.250129938,0,0,1
0.08427428,1,1,1.269300938,0,0,1
0.01285,1,1,1.23476765,0,0,1
0.015,1,1,20.0,0,0,1
12.81072246,1,2,21.0,0,0,1
0.16771969,1,1,1.400148068,0,0,1
3.999993082633705,1,3,0.388031055,0,0,1
5.555606161169152,1,6,0.458624863,0,0,1
0.422,1,1,20.0,0,0,1
24.99937,1,0,22.000001337,0,0,1
1.3319351453109245,1,0,0.245976873,0,0,1
41.99944174,1,0,21.0,0,0,1
9.92611368,1,2,21.0,0,0,1
4.745,1,0,21.0,0,0,1
0.79688825052037,1,3,0.250309999,0,0,1
0.01,1,1,20.0,0,0,1
23.70392246,1,0,21.0,0,0,1
0.9287470192213202,1,0,0.36210711,0,0,1
0.005,1,1,20.873010101,0,0,1
1.742,1,0,20.0,0,0,1
3.3996815,1,2,21.0,0,0,1
0.81174415,1,2,20.0,0,0,1
2.03462866,1,2,21.0,0,0,1
0.00695,1,0,1.053421106,0,0,1
1.982653,1,2,0.243338951,0,0,1
0.65537122,1,1,20.0,0,0,1
24.99994027759104,1,1,0.238076445,0,0,1
0.999991473090112,1,1,0.246629989,0,0,1
0.895,1,2,20.0,0,0,1
0.6338796931010857,1,5,0.235282764,0,0,1
9.86848866,1,1,20.0,0,0,1
0.01,1,0,21.0,0,0,1
0.6242853217579496,1,1,0.244157391,0,0,1
0.789791592876926,1,3,0.298840711,0,0,1
0.58576605,1,1,0.337906168,0,0,1
4.8891,1,0,20.0,0,0,1
0.9361329180075744,1,0,0.337906168,0,0,1
0.905,1,3,21.0,0,0,1
27.49992246,1,0,22.000001337,0,0,1
17.22853759,1,1,21.0,0,0,1
0.17469704,1,1,1.157865464,0,0,1
0.01002185,1,3,1.12008038,0,0,1
11.74068488,1,0,22.000001337,0,0,1
1.2799,1,2,20.0,0,0,1
2.055,1,2,21.0,0,0,1
54.32932300955691,1,1,0.307077589,0,0,1
0.4980101245290864,1,2,0.59198257,0,0,1
107.13782246,1,0,22.073836554,0,0,1
0.17601833,1,0,1.291708132,0,0,1
30.999537999971924,1,4,22.000001337,0,0,1
0.01123,1,0,1.114816363,0,0,1
0.8535683282605032,1,1,0.377078153,0,0,1
0.6154087168384746,1,1,0.247292168,0,0,1
13.627354,1,0,20.0,0,0,1
10.67780131,1,3,21.0,0,0,1
9.999995059061956,1,1,0.322326307,0,0,1
14.99392246,1,0,21.0,0,0,1
1.584408,1,1,20.0,0,0,1
0.00914669,1,2,1.037837074,0,0,1
23.90740372434507,1,0,0.307077589,0,0,1
0.63675,1,0,1.037820166,0,0,1
6.9850037,1,1,20.0,0,0,1
0.11985,1,1,1.095400399,0,0,1
1.082003279933263,1,4,0.321927375,0,0,1
5.28131,1,1,20.0,0,0,1
0.49999381430972,1,3,0.492602688,0,0,1
0.00285,1,1,1.039004312,0,0,1
0.0025481,1,0,1.145647935,0,0,1
2.40036733,1,2,1.101093975,0,0,1
1.6999555321277011,1,0,0.243057875,0,0,1
99.99892246,1,1,22.073836554,0,0,1
1e-05,1,1,9.783065739,0,0,1
0.00238829,1,0,1.242557817,0,0,1
53.66766402007625,1,1,0.4032001,0,0,1
12.99392246,1,2,22.127224645,0,0,1
165.72231176,1,1,22.073836554,0,0,1
52.98911568720191,1,2,22.000001337,0,0,1
0.01,1,0,20.0,0,0,1
7.23442246,1,0,22.000001337,0,0,1
1.23,1,1,20.0,0,0,1
0.31468,1,2,20.0,0,0,1
0.00314124,1,2,1.132332499,0,0,1
0.29352993,1,2,20.0,0,0,1
3.999993082633705,1,1,0.388031055,0,0,1
0.005,1,0,30.5,0,0,1
6.0122309,1,0,21.0,0,0,1
0.15191913,1,1,1.120947435,0,0,1
0.16396372,1,1,1.187339308,0,0,1
0.6230229077245986,1,1,0.233479113,0,0,1
3.9497,1,0,20.0,0,0,1
0.92229293,1,3,1.041049578,0,0,1
7.99392246,1,0,22.000001337,0,0,1
21.22630898,1,1,22.000001337,0,0,1
0.01593761,1,0,1.284387349,0,0,1
0.01,1,1,21.0,0,0,1
5.995,1,1,20.0,0,0,1
9.99958,1,2,22.000001337,0,0,1
0.31952111,1,2,1.21078051,0,0,1
10.19392246,1,4,22.127224645,0,0,1
0.32084565,1,0,1.131874371,0,0,1
0.005,1,2,20.873010101,0,0,1
12.003,1,1,20.0,0,0,1
2.397350644207984,1,2,0.235282764,0,0,1
0.8994,1,1,20.0,0,0,1
3880.999801592799,1,0,0.346456644,0,0,1
0.6124691637317735,1,1,0.240108052,0,0,1
9.49392246,1,3,22.000001337,0,0,1
11.99392246,1,1,21.0,0,0,1
15.03987246,1,0,21.0,0,0,1
1.18417972,1,1,22.0,0,0,1
18.15224229,1,0,21.0,0,0,1
0.48826410459298,1,1,0.235282764,0,0,1
300.0,1,3,20.0,0,0,1
4.895,1,1,20.0,0,0,1
21.64742246,1,1,22.000001337,0,0,1
16.1884,1,5,20.0,0,0,1
26.07492246,1,1,22.000001337,0,0,1
0.04960148,1,1,1.095013357,0,0,1
10.000882515539974,1,0,0.304430225,0,0,1
6.090694664067329,1,2,0.267165316,0,0,1
8.28315986,1,1,21.0,0,0,1
29.924,1,0,30.0,0,0,1
1.0079818049233855,1,2,0.377078153,0,0,1
8.3639088,1,0,22.000001337,0,0,1
5.102887,1,3,20.0,0,0,1
8.57797432,1,1,22.000001337,0,0,1
8.19262246,1,1,22.000001337,0,0,1
0.0013,1,0,20.0,0,0,1
3.818,1,1,21.0,0,0,1
19.9920973,1,1,21.0,0,0,1
0.005,1,0,20.873010101,0,0,1
76.95845214744577,1,0,0.36210711,0,0,1
0.49999381430972,1,3,0.492602688,0,0,1
0.00185,1,0,1.041675253,0,0,1
2.79687443,1,1,20.0,0,0,1
4.99985,1,1,1.043429699,0,0,1
90.60100228,1,1,21.0,0,0,1
17.06647474,1,1,22.127224645,0,0,1
19.96392246,1,2,21.0,0,0,1
5.092204,1,1,20.0,0,0,1
3.479994648330369,1,0,0.341590268,0,0,1
9.89392246,1,3,22.000001337,0,0,1
0.50781459,1,0,1.049731837,0,0,1
10.8775857,1,1,21.0,0,0,1
0.00370681,1,0,1.084900221,0,0,1
0.005,1,1,30.0,0,0,1
0.11985,1,0,1.131097477,0,0,1
1.402756846965275,1,0,0.327010236,0,0,1
73.78985,1,2,1.121218127,0,0,1
0.5138644477534885,1,1,0.240246068,0,0,1
39.47,1,2,20.0,0,0,1
0.11573,1,0,1.133537925,0,0,1
3880.999801592799,1,2,0.346456644,0,0,1
3.095,1,1,20.0,0,0,1
0.007404,1,0,1.042391412,0,0,1
1e-05,1,0,9.783065739,0,0,1
4.30434994,1,1,0.244287527,0,0,1
28.809559,1,1,22.000001337,0,0,1
0.01141,1,0,1.140323326,0,0,1
99.98892246,1,0,21.0,0,0,1
2.28999496396291,1,4,0.474345778,0,0,1
8.94792616,1,0,22.000001337,0,0,1
0.29552599,1,0,1.20925667,0,0,1
0.46259322,1,2,20.0,0,0,1
684.9998002154123,1,0,0.308912007,0,0,1
0.111883,1,1,20.0,0,0,1
0.01,1,1,20.0,0,0,1
165.72231176,1,0,22.073836554,0,0,1
13.875182165537844,1,1,0.252092747,0,0,1
0.5532208146756044,1,0,0.303189435,0,0,1
0.105352,1,0,21.0,0,0,1
3.495,1,1,30.0,0,0,1
3.928,1,1,0.485210834,0,0,1
0.99999374384023,1,1,0.255747922,0,0,1
0.730934165185301,1,0,0.321927375,0,0,1
5.31979354,1,3,21.0,0,0,1
500.0,1,0,20.0,0,0,1
1.014301695760806,1,3,0.230870737,0,0,1
20.99692246,1,2,22.000001337,0,0,1
0.725950674784377,1,0,0.341715468,0,0,1
0.75755995,1,0,1.328775067,0,0,1
0.0001926,1,1,21.486870188,0,0,1
2.3444323031553025,1,0,0.327010236,0,0,1
2.679,1,0,20.0,0,0,1
110.0905571991528,1,1,0.306108842,0,0,1
0.12204091,1,2,21.0,0,0,1
7.84392246,1,2,22.000001337,0,0,1
1.084,1,1,21.309262042,0,0,1
0.9109882805725722,1,0,0.377078153,0,0,1
9.69392246,1,2,22.000001337,0,0,1
0.46944508,1,1,20.815012353,0,0,1
13.9738033740512,1,1,22.127224645,0,0,1
16.99392246,1,1,22.127224645,0,0,1
19.258229,1,2,30.0,0,0,1
1.425971160579523,1,0,0.239863892,0,0,1
4.980748045683811,1,1,0.233479113,0,0,1
0.2980515,1,2,1.212978196,0,0,1
22.677295,1,0,20.0,0,0,1
0.04537103,1,3,20.0,0,0,1
0.00231436,1,1,1.227844078,0,0,1
0.0536961,1,0,1.111453018,0,0,1
29.99392246,1,3,22.000001337,0,0,1
0.999994333395742,1,2,0.243442682,0,0,1
5.390645803855015,1,0,0.246927868,0,0,1
35.06078046,1,3,22.000001337,0,0,1
9.99392246,1,1,22.000001337,0,0,1
1.28275535,1,1,23.369866721,0,0,1
0.9102277176255468,1,1,0.244749667,0,0,1
0.002,1,1,1.049368697,0,0,1
0.583588348351705,1,1,0.249454777,0,0,1
5.073656478100096,1,0,0.240108052,0,0,1
1.196680442603053,1,1,0.243338951,0,0,1
2.695,1,2,21.0,0,0,1
0.005,1,0,21.596799909,0,0,1
8.80392246,1,1,22.000001337,0,0,1
7.81692246,1,1,22.000001337,0,0,1
0.295,1,1,23.369866721,0,0,1
0.5081960773049455,1,0,0.384632145,0,0,1
1.14069160896447,1,4,0.348392543,0,0,1
0.01174275,1,2,1.044840272,0,0,1
0.00245,1,0,1.253661847,0,0,1
8.33692246,1,2,22.000001337,0,0,1
190.56915,1,3,1.160221549,0,0,1
9.52052246,1,0,22.000001337,0,0,1
2.2157786,1,0,20.0,0,0,1
1.226975661465725,1,2,0.260790342,0,0,1
0.005,1,1,30.0,0,0,1
0.552426154227972,1,1,0.321927375,0,0,1
0.11700857,1,0,1.19619103,0,0,1
0.05674427,1,0,1.112605689,0,0,1
0.883287854849794,1,1,0.322326307,0,0,1
0.00250222,1,0,1.204921199,0,0,1
10.09392246,1,2,25.076374645,0,0,1
8.85522246,1,1,22.000001337,0,0,1
13.28506442,1,3,22.000001337,0,0,1
0.544200330773356,1,0,0.246629989,0,0,1
0.22445572,1,3,1.180622199,0,0,1
0.01018584,1,0,1.230590163,0,0,1
0.04905039,1,0,1.191847561,0,0,1
10.19392246,1,1,22.127224645,0,0,1
0.01059727,1,1,1.123442473,0,0,1
0.095,1,0,20.0,0,0,1
0.02485,1,1,1.087874002,0,0,1
4.42723,1,1,21.0,0,0,1
10.958131283117368,1,1,0.288183858,0,0,1
1.899714957730908,1,1,0.257021202,0,0,1
0.01,1,1,4.000000001,0,0,1
0.487858634790019,1,0,0.363883524,0,0,1
8.94693415,1,2,1.160848917,0,0,1
7.78262246,1,2,22.000001337,0,0,1
0.646285458474531,1,0,0.235282764,0,0,1
2.13092879,1,4,21.0,0,0,1
17.543393299826764,1,2,0.277848319,0,0,1
2.10362202,1,0,21.0,0,0,1
0.07368474,1,1,1.225921739,0,0,1
0.00314124,1,1,1.132332499,0,0,1
0.4994499,1,1,1.258220644,0,0,1
0.005,1,1,20.0,0,0,1
0.16325708,1,2,1.163928927,0,0,1
0.14306,1,1,1.123631973,0,0,1
0.01,1,2,20.0,0,0,1
0.00646527,1,3,1.119101993,0,0,1
1.084,1,0,21.309262042,0,0,1
59.74575498,1,0,22.000001337,0,0,1
20.23085174,1,0,21.0,0,0,1
10.38545226,1,3,20.0,0,0,1
1.01393827,1,2,1.045218436,0,0,1
10.0,1,0,22.202634191,0,0,1
9.08715246,1,3,22.000001337,0,0,1
1.15019649,1,3,1.291849597,0,0,1
2.36,1,3,25.0,0,0,1
101.14040304106295,1,0,0.25680762,0,0,1
4.745,1,0,21.0,0,0,1
0.0088,1,0,1.252406553,0,0,1
12.99433824,1,2,1.136930153,0,0,1
7.95397046,1,1,22.000001337,0,0,1
36.399559,1,1,22.000001337,0,0,1
20.95131,1,2,21.833967631,0,0,1
19.995,1,5,30.0,0,0,1
397.5999798709,1,0,0.302633325,0,0,1
8.99392246,1,4,22.000001337,0,0,1
7.29054318,1,0,20.272024492,0,0,1
35.51647142828246,1,1,22.000001337,0,0,1
53.04257312,1,3,20.272024492,0,0,1
0.1113,1,1,21.0,0,0,1
0.5530901711281838,1,1,0.254626787,0,0,1
0.995,1,0,22.416545867,0,0,1
0.00305508,1,1,1.044036836,0,0,1
0.062932,1,0,44.104297439,0,0,1
0.4977363685400385,1,2,0.307077589,0,0,1
23.995,1,0,30.0,0,0,1
10.03944844,1,0,50.0,0,0,1
1.045690109551758,1,2,0.321828952,0,0,1
0.16078615,1,2,1.252005501,0,0,1
64.697,1,0,20.0,0,0,1
33.99823488404762,1,0,22.000001337,0,0,1
79.49392246,1,0,21.0,0,0,1
15.12692246,1,1,100.1,0,0,1
0.00452442,1,0,1.076287617,0,0,1
0.005,1,0,30.5,0,0,1
9.96592246,1,1,22.000001337,0,0,1
0.5461585075113933,1,0,0.238286072,0,0,1
0.36491912,1,2,1.222650617,0,0,1
28.39168348,1,1,20.0,0,0,1
999.99892246,1,0,22.073836554,0,0,1
1.99462963,1,1,20.0,0,0,1
3.055594919581069,1,1,0.327717943,0,0,1
23.460010426172406,1,2,0.310805676,0,0,1
1797.9994341304298,1,0,0.36776174,0,0,1
8.99392246,1,1,22.000001337,0,0,1
10.43892246,1,0,21.0,0,0,1
8.60028,1,0,30.0,0,0,1
0.97796428,1,0,21.0,0,0,1
0.0013,1,0,20.0,0,0,1
9.00392246,1,0,22.000001337,0,0,1
0.005,1,1,23.444264145,0,0,1
1.32317875,1,1,1.298225464,0,0,1
0.10985,1,0,1.041005266,0,0,1
7.78262246,1,1,22.000001337,0,0,1
0.995,1,1,21.0,0,0,1
0.00496266,1,0,1.191909125,0,0,1
9.45244446,1,1,22.000001337,0,0,1
56.99392246,1,2,22.000001337,0,0,1
10.583,1,0,20.0,0,0,1
28.32222423,1,2,22.000001337,0,0,1
0.00749504,1,0,1.267958666,0,0,1
9.999559,1,2,22.000001337,0,0,1
0.92229293,1,0,1.041049578,0,0,1
26.06145961,1,0,21.0,0,0,1
10.18892246,1,2,22.127224645,0,0,1
4.79633854,1,0,20.0,0,0,1
0.00185,1,1,1.301437971,0,0,1
0.16016038,1,0,1.105880504,0,0,1
0.06187212,1,1,1.048845549,0,0,1
0.305377,1,1,1.060141461,0,0,1
2.009983556732844,1,1,0.243434082,0,0,1
5.7912,1,0,21.0,0,0,1
0.00585,1,0,1.197458795,0,0,1
9.014325328282457,1,0,22.000001337,0,0,1
0.01387103,1,1,1.154524387,0,0,1
0.943686448924532,1,1,0.322457127,0,0,1
29.99392246,1,0,22.000001337,0,0,1
0.00328515,1,1,1.043021416,0,0,1
2.840593623921746,1,1,0.458624863,0,0,1
2.705,1,2,21.0,0,0,1
11.99999333181017,1,2,0.450152997,0,0,1
11.1978958,1,1,22.127224645,0,0,1
29.995,1,1,21.0,0,0,1
105.06868506,1,1,20.0,0,0,1
5.936389259362617,1,0,0.373931154,0,0,1
4.064969,1,0,20.0,0,0,1
0.01,1,3,20.0,0,0,1
4.975518925331991,1,0,0.339479526,0,0,1
0.12,1,0,20.0,0,0,1
0.015,1,3,20.0,0,0,1
10.8775857,1,1,21.0,0,0,1
0.01,1,0,20.42469852,0,0,1
1499.9999838528345,1,2,0.235282764,0,0,1
30.10735473,1,0,20.0,0,0,1
0.164,1,2,20.0,0,0,1
24.99994027759104,1,0,0.238076445,0,0,1
1.322268797011575,1,1,0.307077589,0,0,1
3.0,1,1,22.416545867,0,0,1
0.93552479,1,0,0.429864307,0,0,1
0.195,1,2,41.0,0,0,1
1.06327607,1,1,1.043941138,0,0,1
0.518771997137197,1,1,0.399923023,0,0,1
8.91231255,1,2,22.000001337,0,0,1
19.70421091,1,0,22.127224645,0,0,1
1.742434721012705,1,2,0.309081792,0,0,1
9.96392246,1,3,22.000001337,0,0,1
28.46412825,1,1,22.000001337,0,0,1
35.51647142828246,1,0,22.000001337,0,0,1
2.298694,1,2,30.0,0,0,1
22.29999063,1,1,22.000001337,0,0,1
0.547287049831407,1,1,0.339479526,0,0,1
0.5950372751347245,1,2,0.322326307,0,0,1
2.761,1,1,20.0,0,0,1
0.6609021515681092,1,1,0.317653231,0,0,1
1.28275535,1,1,23.369866721,0,0,1
8.111416829207993,1,2,22.000001337,0,0,1
0.00960677,1,2,1.044707385,0,0,1
0.5207513599896137,1,0,0.4032001,0,0,1
16.789510540404873,1,1,22.000001337,0,0,1
0.6199959329271589,1,1,0.247292168,0,0,1
3.035,1,1,21.0,0,0,1
0.16325708,1,0,1.163928927,0,0,1
0.11347801,1,1,1.121539168,0,0,1
0.005,1,0,21.0,0,0,1
0.05201881,1,4,1.271686851,0,0,1
0.7909004793702723,1,0,0.321927375,0,0,1
8.01992246,1,4,22.000001337,0,0,1
15.7235455,1,0,21.833967631,0,0,1
0.5294779562496398,1,0,0.304430225,0,0,1
1.2370974711164189,1,0,0.308912007,0,0,1
7.19392246,1,2,22.000001337,0,0,1
9.365,1,1,20.0,0,0,1
29.41227094,1,2,22.000001337,0,0,1
1.995,1,3,21.0,0,0,1
0.49985,1,2,1.044166513,0,0,1
11.46458,1,1,22.000001337,0,0,1
20.48392246,1,0,21.0,0,0,1
0.4871174931759521,1,0,0.250317593,0,0,1
19.99392246,1,3,21.0,0,0,1
0.25670575,1,2,1.219346503,0,0,1
12.18088322,1,1,22.127224645,0,0,1
4.806408,1,0,20.0,0,0,1
9.081559,1,0,22.000001337,0,0,1
1.028620134,1,1,0.363883524,0,0,1
0.01,1,0,20.0,0,0,1
0.01185,1,1,1.059380834,0,0,1
12.96996101,1,0,21.0,0,0,1
11.98892246,1,1,22.127224645,0,0,1
33.42985,1,1,1.169451507,0,0,1
0.8994,1,1,20.0,0,0,1
29.99988762954745,1,2,0.24507077,0,0,1
3.999994877376592,1,0,0.250309999,0,0,1
0.00365806,1,1,1.229575179,0,0,1
0.00270659,1,1,1.214574698,0,0,1
0.00556504,1,0,1.038361667,0,0,1
0.5584409429648064,1,3,0.242673692,0,0,1
17.19653501,1,3,0.428010974,0,0,1
0.906690226089049,1,1,0.288734486,0,0,1
2.329216552381366,1,0,0.378871716,0,0,1
1386.9999710091456,1,2,0.239863892,0,0,1
0.04244494,1,1,1.177139637,0,0,1
0.539558071299235,1,4,0.304430225,0,0,1
397.5999798709,1,0,0.302633325,0,0,1
0.192408,1,1,20.0,0,0,1
8.620057812018828,1,0,0.244749667,0,0,1
7.00583246,1,2,22.000001337,0,0,1
0.77512,1,1,0.235282764,0,0,1
0.04905872,1,1,1.042940593,0,0,1
13.96800226,1,2,22.000001337,0,0,1
5.638173397865275,1,1,0.245976873,0,0,1
17.06647474,1,1,22.127224645,0,0,1
29.999537999971924,1,1,21.0,0,0,1
0.653857292215183,1,2,0.517813986,0,0,1
5.009,1,2,30.5,0,0,1
0.5945757369636538,1,4,0.474345778,0,0,1
2.1863037,1,1,0.257021202,0,0,1
11.995,1,0,20.0,0,0,1
9.94954406731929,1,1,22.000001337,0,0,1
26.99392246,1,1,22.000001337,0,0,1
1.976516826140558,1,0,0.288734486,0,0,1
2.56676878,1,2,23.96083722,0,0,1
2.2350273442342203,1,3,0.443922838,0,0,1
0.01407718,1,2,1.236737966,0,0,1
0.00556504,1,3,1.038361667,0,0,1
9.1830867,1,1,22.000001337,0,0,1
11.98892246,1,0,22.127224645,0,0,1
9.110958020569605,1,3,22.000001337,0,0,1
9.97864146,1,2,22.000001337,0,0,1
0.521082414964597,1,5,0.443922838,0,0,1
1.25669171,1,1,1.209451299,0,0,1
0.0025481,1,1,1.145647935,0,0,1
25.01984438153039,1,3,0.450152997,0,0,1
17.855794584936266,1,0,0.244287527,0,0,1
0.16771969,1,1,1.400148068,0,0,1
9.95964716,1,1,22.000001337,0,0,1
1.616876588357085,1,0,0.348392543,0,0,1
7.93343776,1,2,22.000001337,0,0,1
77.99985,1,2,1.094181687,0,0,1
0.5340008,1,1,21.0,0,0,1
3.054234057422575,1,0,0.327717943,0,0,1
0.6863,1,1,21.0,0,0,1
9.43392246,1,1,22.000001337,0,0,1
5.525,1,1,20.0,0,0,1
1.095,1,1,20.0,0,0,1
13.999794970527644,1,1,0.241182291,0,0,1
5.99985,1,1,1.05803751,0,0,1
1.402756846965275,1,0,0.327010236,0,0,1
1.1286882752720708,1,1,0.341590268,0,0,1
4.418480020441071,1,0,0.230870737,0,0,1
0.00478063,1,1,1.129387478,0,0,1
0.378594,1,1,1.042148707,0,0,1
37.995,1,1,120.0,0,0,1
55.47535739,1,0,22.000001337,0,0,1
294.65217277,1,2,20.0,0,0,1
13.9941295,1,1,22.000001337,0,0,1
0.0874623,1,1,1.049616626,0,0,1
0.6349426325589403,1,0,0.443922838,0,0,1
22.19872627,1,1,20.0,0,0,1
24.276998386635288,1,0,0.363883524,0,0,1
3300.0000022272147,1,1,0.242524804,0,0,1
24.99985,1,1,1.045446993,0,0,1
0.0258797,1,1,1.201072222,0,0,1
9.995,1,2,21.0,0,0,1
9.99392246,1,0,22.000001337,0,0,1
13.684408,1,0,20.0,0,0,1
214.291844,1,2,21.0,0,0,1
3.009346617024399,1,0,0.247672715,0,0,1
0.0032466,1,0,1.117564505,0,0,1
0.01,1,2,20.0,0,0,1
9.99392246,1,0,22.000001337,0,0,1
0.5060081154576171,1,0,0.366651203,0,0,1
1.915,1,1,20.0,0,0,1
0.0278556,1,1,20.0,0,0,1
9.99392246,1,3,22.000001337,0,0,1
3.184,1,1,22.528622017,0,0,1
18.18392246,1,1,22.127224645,0,0,1
0.51834658,1,2,1.139921403,0,0,1
5.04099,1,1,21.0,0,0,1
0.616507431815281,1,2,0.35576282,0,0,1
0.10142,1,1,1.131307493,0,0,1
28.31892246,1,1,21.0,0,0,1
0.599991237563206,1,0,0.321843841,0,0,1
0.12177134,1,2,20.0,0,0,1
27.49992246,1,0,22.000001337,0,0,1
0.554943333057346,1,0,0.359740198,0,0,1
5.04099,1,2,21.0,0,0,1
2000.0,1,1,21.0,0,0,1
4.219,1,1,20.0,0,0,1
40.17782246,1,2,22.073836554,0,0,1
18.706191171211,1,1,0.299798668,0,0,1
29.98892246,1,1,22.000001337,0,0,1
4.999983400681158,1,2,0.299798668,0,0,1
0.005,1,1,30.5,0,0,1
1.392748599461653,1,2,0.355813575,0,0,1
1.5054,1,0,20.0,0,0,1
0.02311122,1,2,1.136485609,0,0,1
0.03484,1,1,1.27612587,0,0,1
0.432,1,0,21.0,0,0,1
0.002408,1,0,20.887260762,0,0,1
9.57237581,1,0,20.0,0,0,1
0.01,1,1,20.0,0,0,1
28.90648226,1,1,20.0,0,0,1
1.18417972,1,1,22.0,0,0,1
0.036,1,3,20.0,0,0,1
0.999994887703678,1,0,0.245976873,0,0,1
3.995,1,0,30.0,0,0,1
6.2863,1,0,20.0,0,0,1
0.02540522,1,2,1.167524509,0,0,1
21.657518480708053,1,3,22.000001337,0,0,1
7.70392246,1,0,22.000001337,0,0,1
3.937955313739488,1,3,0.244287527,0,0,1
19.99392246,1,1,21.0,0,0,1
0.500697715417177,1,1,0.429864307,0,0,1
0.00185,1,1,1.230408239,0,0,1
20.2874279,1,0,22.000001337,0,0,1
21.99,1,1,21.0,0,0,1
0.04329407,1,3,1.048606487,0,0,1
0.03014797,1,0,1.239094062,0,0,1
0.00524887,1,1,1.038662411,0,0,1
13.74680246,1,0,21.0,0,0,1
0.7371,1,0,0.308905138,0,0,1
7.99392246,1,3,22.000001337,0,0,1
28.32222423,1,0,22.000001337,0,0,1
2.19449878455165,1,0,0.307077589,0,0,1
69.33861919574203,1,1,0.43362083,0,0,1
0.575494921391773,1,1,0.427844078,0,0,1
9.69392246,1,0,22.000001337,0,0,1
9.78580076,1,0,22.000001337,0,0,1
12.18088322,1,2,22.127224645,0,0,1
0.005,1,2,21.0,0,0,1
9.99277778,1,1,20.0,0,0,1
0.09011836,1,2,1.094267018,0,0,1
0.03665,1,1,1.130461026,0,0,1
0.04002546,1,3,1.04299583,0,0,1
8.529059,1,0,22.000001337,0,0,1
0.00728575,1,1,1.195494896,0,0,1
0.560667380520613,1,0,0.443922838,0,0,1
0.5494606377188308,1,2,0.307077589,0,0,1
0.04554896,1,0,1.198309145,0,0,1
2.69,1,0,20.012773603,0,0,1
0.547350748160854,1,0,0.36210711,0,0,1
0.2863,1,0,20.0,0,0,1
3.009346617024399,1,0,0.247672715,0,0,1
39.99992242042164,1,0,0.341590268,0,0,1
0.6186492898587556,1,1,0.47940006,0,0,1
9.999956384050996,1,3,0.257021202,0,0,1
25.8994603369785,1,1,22.000001337,0,0,1
7.28392246,1,0,22.000001337,0,0,1
0.00235,1,2,1.041345634,0,0,1
0.792491477697113,1,1,0.325620822,0,0,1
55.058,1,1,21.0,0,0,1
8.97392246,1,2,22.000001337,0,0,1
16.76392246,1,0,21.0,0,0,1
10.01535046,1,2,22.127224645,0,0,1
1.30332602,1,3,1.253571012,0,0,1
0.6176131540475506,1,1,0.450152997,0,0,1
7.91292246,1,1,22.000001337,0,0,1
0.609603826604372,1,4,0.310560886,0,0,1
0.11985,1,1,1.095400399,0,0,1
0.529701846190293,1,0,0.233479113,0,0,1
3.60056264,1,0,21.0,0,0,1
0.005,1,0,21.0,0,0,1
0.10985,1,1,1.227991393,0,0,1
0.59985,1,0,1.058191121,0,0,1
9.77992246,1,2,22.000001337,0,0,1
9.99392246,1,0,22.000001337,0,0,1
7.99895,1,1,22.000001337,0,0,1
7.03742246,1,2,22.000001337,0,0,1
0.7888647058626634,1,1,0.260790342,0,0,1
11.07202246,1,0,22.000001337,0,0,1
137.6862229956772,1,0,0.424584311,0,0,1
9.97392246,1,1,22.000001337,0,0,1
0.00937804,1,1,1.039195934,0,0,1
0.00499227,1,1,1.206337197,0,0,1
32.8176,1,1,21.0,0,0,1
0.005,1,0,21.0,0,0,1
35.99495246,1,1,21.0,0,0,1
8.51790754,1,3,22.000001337,0,0,1
36.22532246,1,0,21.0,0,0,1
0.03665,1,0,1.130461026,0,0,1
0.06392077,1,3,1.042071444,0,0,1
0.538275744534076,1,1,0.36210711,0,0,1
0.01,1,1,21.0,0,0,1
0.517752,1,0,1.269424558,0,0,1
1.99785,1,3,1.04079035,0,0,1
8.444208718,1,1,22.000001337,0,0,1
6.964726,1,1,20.0,0,0,1
5.54962147,1,1,20.0,0,0,1
0.0662,1,2,20.0,0,0,1
49.99999324124007,1,2,0.299798668,0,0,1
0.566,1,1,0.363883524,0,0,1
0.005,1,1,21.0,0,0,1
0.23196405,1,0,1.209467003,0,0,1
0.5187611907181118,1,0,0.304430225,0,0,1
0.4999806493317064,1,1,0.238274572,0,0,1
8.52461746,1,0,22.000001337,0,0,1
1.01393827,1,2,1.045218436,0,0,1
7.8353576,1,2,21.0,0,0,1
5.13915205,1,1,20.0,0,0,1
0.5876,1,0,20.0,0,0,1
0.16016038,1,2,1.105880504,0,0,1
1.169958,1,0,0.250129938,0,0,1
0.001,1,0,22.528622017,0,0,1
0.22654182,1,0,1.183247914,0,0,1
2.087714409352102,1,1,0.372385933,0,0,1
0.005,1,0,39.0,0,0,1
0.9999774449304408,1,1,0.321843841,0,0,1
7.80576918,1,1,22.000001337,0,0,1
19.999943193171003,1,0,0.250021252,0,0,1
0.005,1,0,20.0,0,0,1
15.34393317,1,1,22.000001337,0,0,1
16.17892246,1,1,21.0,0,0,1
5.98836184,1,1,1.10010148,0,0,1
0.01092591,1,3,21.0,0,0,1
6.090694664067329,1,1,0.267165316,0,0,1
151.01892246,1,1,22.000001337,0,0,1
7.48738593,1,1,22.000001337,0,0,1
0.35118,1,0,1.039840025,0,0,1
9.018044719971924,1,4,22.000001337,0,0,1
0.00185,1,0,1.030224692,0,0,1
0.01,1,0,20.0,0,0,1
10.292642525288644,1,0,0.378871716,0,0,1
7.98392246,1,3,22.000001337,0,0,1
4.27201852,1,0,20.0,0,0,1
0.01773378,1,0,1.092747746,0,0,1
8.49392246,1,0,22.000001337,0,0,1
1.25669171,1,2,1.209451299,0,0,1
8.653333,1,0,20.0,0,0,1
1677.0,1,1,1.109111283,0,0,1
4.995,1,1,21.0,0,0,1
4.405781302989931,1,0,0.249131093,0,0,1
69.99999290411651,1,3,0.306108842,0,0,1
0.74930941,1,0,1.23429383,0,0,1
0.999994887703678,1,1,0.245976873,0,0,1
1.197,1,1,20.0,0,0,1
0.8621845921833935,1,1,0.29455668,0,0,1
9.99392246,1,1,22.000001337,0,0,1
13.495,1,1,21.0,0,0,1
36.399559,1,0,22.000001337,0,0,1
0.36491912,1,0,1.222650617,0,0,1
5.400563023276232,1,1,0.24161278,0,0,1
11.2255866,1,3,21.0,0,0,1
2.495,1,0,21.0,0,0,1
9.99392246,1,0,22.000001337,0,0,1
19.98892246,1,0,22.127224645,0,0,1
22.9238,1,0,20.272024492,0,0,1
29.995,1,0,20.0,0,0,1
19.99985,1,0,1.064167127,0,0,1
7.99392246,1,0,22.000001337,0,0,1
5.15614,1,1,4.0,0,0,1
9.99392246,1,2,22.000001337,0,0,1
4.691,1,2,21.0,0,0,1
4.804,1,1,20.0,0,0,1
0.00914669,1,3,1.037837074,0,0,1
0.01,1,1,20.0,0,0,1
0.0296409,1,1,1.200314535,0,0,1
1066.0,1,1,1.127025116,0,0,1
0.999992081358787,1,1,0.300207963,0,0,1
0.01399912,1,2,1.241464016,0,0,1
0.005,1,2,1.151327947,0,0,1
0.005,1,0,21.0,0,0,1
46.985,1,2,20.0,0,0,1
0.5938992199239403,1,2,0.327717943,0,0,1
0.9,1,2,21.0,0,0,1
10.67392246,1,2,21.0,0,0,1
0.6921658138956492,1,0,0.399923023,0,0,1
0.0052446,1,2,1.040948231,0,0,1
183.1878950548185,1,0,0.238743669,0,0,1
84.07916946,1,0,22.073836554,0,0,1
19.99392246,1,2,21.0,0,0,1
18.995,1,2,21.0,0,0,1
1.0013,1,1,22.416545867,0,0,1
30.99392246,1,1,22.000001337,0,0,1
12.303,1,1,20.0,0,0,1
0.00444087,1,1,1.199736337,0,0,1
0.005,1,0,21.0,0,0,1
0.00985,1,0,1.105637726,0,0,1
4.660847,1,0,21.0,0,0,1
9.99392246,1,0,22.000001337,0,0,1
0.9,1,0,21.0,0,0,1
0.005,1,1,20.0,0,0,1
5.073656478100096,1,2,0.240108052,0,0,1
0.883289531842258,1,1,0.298840711,0,0,1
11.803,1,0,21.0,0,0,1
105.01679344,1,0,20.0,0,0,1
0.52874697,1,0,20.0,0,0,1
2.047318852988565,1,2,0.485210834,0,0,1
0.4878615,1,0,1.039430984,0,0,1
22.84392246,1,0,22.000001337,0,0,1
0.5665944793515697,1,3,0.254626787,0,0,1
1.0995561782767445,1,0,0.32510221,0,0,1
0.99999508845406,1,1,0.249454777,0,0,1
0.00805878,1,1,1.131059956,0,0,1
19.99392246,1,2,22.127224645,0,0,1
0.06114871,1,2,1.13083176,0,0,1
8.56423356,1,0,22.000001337,0,0,1
1.0134,1,4,22.416545867,0,0,1
8.80392246,1,1,22.000001337,0,0,1
7.92259352,1,2,22.000001337,0,0,1
0.546967072703344,1,0,0.375136715,0,0,1
54.99954515753706,1,0,0.244657997,0,0,1
1.01393827,1,4,1.045218436,0,0,1
7.435,1,1,20.0,0,0,1
153.99892246,1,1,21.0,0,0,1
1.00227367,1,1,1.199923023,0,0,1
20.1828,1,0,20.0,0,0,1
9.68958,1,2,22.000001337,0,0,1
0.13312084,1,1,21.0,0,0,1
74.99392246,1,1,50.0,0,0,1
1.07905124,1,0,30.0,0,0,1
0.005,1,2,24.568222891,0,0,1
0.04960148,1,2,1.095013357,0,0,1
11.1978958,1,0,22.127224645,0,0,1
20.46315754,1,1,50.0,0,0,1
0.015,1,0,20.0,0,0,1
25.099559,1,2,22.000001337,0,0,1
14.943,1,1,21.0,0,0,1
53.66766402007625,1,0,0.4032001,0,0,1
0.05985,1,0,1.333253996,0,0,1
12.51636045,1,1,25.076374645,0,0,1
0.0497001,1,1,1.062824488,0,0,1
7.52392246,1,0,22.000001337,0,0,1
29.99392246,1,0,22.000001337,0,0,1
7.96203355,1,0,22.000001337,0,0,1
27.149469772860844,1,2,22.000001337,0,0,1
0.00985,1,2,1.24324789,0,0,1
0.01,1,0,20.0,0,0,1
0.59246925,1,2,1.050884697,0,0,1
99.5408239149683,1,0,0.247292168,0,0,1
1.014301695760806,1,0,0.230870737,0,0,1
0.92864912,1,2,1.145710688,0,0,1
0.2913,1,1,21.0,0,0,1
0.005,1,1,20.873010101,0,0,1
0.0151347,1,0,1.300377886,0,0,1
0.23196405,1,2,1.209467003,0,0,1
1.16383,1,0,22.528622017,0,0,1
29.45173853,1,1,22.000001337,0,0,1
0.02532577,1,3,1.118123622,0,0,1
14.99392246,1,2,21.0,0,0,1
0.4999753747314966,1,1,0.25848678,0,0,1
19.849,1,1,24.670216374,0,0,1
9.99392246,1,0,22.000001337,0,0,1
0.01260822,1,1,1.166332647,0,0,1
728.9994165077982,1,2,0.528775067,0,0,1
36.8399638810731,1,0,0.243434082,0,0,1
0.02311122,1,2,1.136485609,0,0,1
11.24091989,1,2,30.0,0,0,1
0.12177134,1,2,20.0,0,0,1
0.01437069,1,3,1.112694087,0,0,1
39.98769453,1,1,22.073836554,0,0,1
0.01,1,3,20.0,0,0,1
5.05897174,1,0,22.416545867,0,0,1
0.01,1,0,20.0,0,0,1
0.15285,1,1,1.145970883,0,0,1
0.195,1,1,20.0,0,0,1
11.24192246,1,0,21.0,0,0,1
0.165,1,0,20.0,0,0,1
10.799962389528364,1,0,0.24518582,0,0,1
9.37642515,1,1,22.000001337,0,0,1
0.007404,1,0,1.042391412,0,0,1
0.609603826604372,1,1,0.310560886,0,0,1
0.906689998440586,1,3,0.298840711,0,0,1
10.715104127538112,1,1,0.239863892,0,0,1
8.12392246,1,2,22.000001337,0,0,1
0.804993563616424,1,0,0.330598925,0,0,1
15.999559,1,3,21.0,0,0,1
0.0165403,1,0,1.041445022,0,0,1
9.57237581,1,0,20.0,0,0,1
299.98489658,1,0,22.000001337,0,0,1
0.00696961,1,2,1.236737966,0,0,1
3.695,1,1,20.0,0,0,1
9.99392246,1,2,22.000001337,0,0,1
165.54880151,1,0,22.000001337,0,0,1
2.199994359542266,1,1,0.24161278,0,0,1
0.6902137378253648,1,2,0.254139651,0,0,1
0.730934165185301,1,0,0.321927375,0,0,1
7.399973241240069,1,0,0.344539373,0,0,1
10.19274966,1,1,21.0,0,0,1
656.4499910152743,1,0,0.372385933,0,0,1
24.999977704004728,1,2,0.243154668,0,0,1
28.0291471,1,1,22.000001337,0,0,1
0.396,1,0,22.528622017,0,0,1
28.46412825,1,3,22.000001337,0,0,1
0.396,1,0,30.0,0,0,1
0.19155435,1,3,92.0,0,0,1
0.14306,1,2,1.123631973,0,0,1
5.77252491,1,1,30.0,0,0,1
92.91126188343324,1,0,0.262824488,0,0,1
0.15285,1,0,1.18443305,0,0,1
0.402408,1,0,21.0,0,0,1
37.26103212676423,1,1,0.333112388,0,0,1
8.165,1,3,20.0,0,0,1
0.5043945003323691,1,1,0.339781229,0,0,1
7.81692246,1,3,22.000001337,0,0,1
0.005,1,0,20.873010101,0,0,1
9.20692079,1,1,22.000001337,0,0,1
0.29352993,1,0,20.0,0,0,1
0.01985,1,1,1.050452896,0,0,1
0.599994978172581,1,1,0.441464016,0,0,1
19.96252246,1,1,22.127224645,0,0,1
8.097409,1,1,22.000001337,0,0,1
55.64414584997192,1,1,21.0,0,0,1
12.99392246,1,0,22.127224645,0,0,1
0.01478473,1,2,1.036573524,0,0,1
0.01185,1,0,1.059380834,0,0,1
0.5253,1,2,30.0,0,0,1
0.522408,1,4,20.0,0,0,1
2.66777,1,2,30.0,0,0,1
5.190517,1,1,25.0,0,0,1
17.126757607738362,1,0,0.245098184,0,0,1
73.31985,1,0,1.099375244,0,0,1
4.996152,1,0,20.0,0,0,1
26.18862476,1,2,21.0,0,0,1
0.04002546,1,2,1.04299583,0,0,1
26.28722593,1,0,20.0,0,0,1
39.98769453,1,3,22.073836554,0,0,1
4.841291,1,0,1.042708183,0,0,1
0.295,1,1,20.0,0,0,1
0.01419029,1,3,1.103725526,0,0,1
0.22654182,1,1,1.183247914,0,0,1
21.865059,1,0,22.000001337,0,0,1
19.99392246,1,1,21.0,0,0,1
17.269393442142512,1,2,0.251043358,0,0,1
0.789792088241201,1,0,0.299798668,0,0,1
0.790290239939746,1,1,0.372385933,0,0,1
9.99892246,1,0,22.000001337,0,0,1
1.125917086430162,1,0,0.259855462,0,0,1
19.96392246,1,1,20.159005428,0,0,1
0.93278274,1,0,21.0,0,0,1
29.99392246,1,0,22.000001337,0,0,1
3.827082,1,1,0.348392543,0,0,1
300.0,1,1,21.0,0,0,1
499.9795299736071,1,1,22.000001337,0,0,1
53.551,1,0,21.981996749,0,0,1
0.14985,1,0,1.046245573,0,0,1
0.01,1,0,20.0,0,0,1
0.04985,1,2,1.236476399,0,0,1
55.34099486996193,1,0,0.252092747,0,0,1
0.768594859699131,1,1,0.251824522,0,0,1
0.5896048,1,2,20.0,0,0,1
0.06573559,1,1,1.048854112,0,0,1
16.75448728,1,1,100.1,0,0,1
17.98549406237604,1,0,0.240246068,0,0,1
16.12196700422362,1,0,0.288183858,0,0,1
0.6176131540475506,1,1,0.450152997,0,0,1
0.03297042,1,0,1.111149202,0,0,1
0.46944508,1,2,20.815012353,0,0,1
11.24091989,1,2,30.0,0,0,1
2.191,1,0,20.0,0,0,1
85.75733018259551,1,2,0.321843841,0,0,1
16.80606125,1,0,22.127224645,0,0,1
9.817972957950506,1,1,0.322326307,0,0,1
159.99892246,1,2,21.0,0,0,1
4.713,1,1,20.0,0,0,1
0.01174275,1,1,1.044840272,0,0,1
0.5060081154576171,1,1,0.366651203,0,0,1
0.797843220134281,1,2,0.327717943,0,0,1
84.99242918,1,1,22.000001337,0,0,1
0.0072186,1,0,1.0564836,0,0,1
0.5612865150199742,1,1,0.359008226,0,0,1
55.88863573,1,0,21.0,0,0,1
0.0713,1,3,20.0,0,0,1
9.27692246,1,1,22.000001337,0,0,1
0.00224048,1,0,1.114414723,0,0,1
0.46944508,1,2,20.815012353,0,0,1
0.752075059061956,1,0,0.341590268,0,0,1
10.09392246,1,2,21.0,0,0,1
0.00235,1,2,1.048648569,0,0,1
0.47135466,1,0,1.362251741,0,0,1
0.670032457494275,1,0,0.355813575,0,0,1
5.2183,1,0,20.272024492,0,0,1
0.51,1,3,0.339479526,0,0,1
13.75192246,1,2,21.0,0,0,1
52.00392246,1,2,22.000001337,0,0,1
26.06145961,1,1,21.0,0,0,1
66.99999488788428,1,0,0.298840711,0,0,1
4.99985,1,1,1.108550323,0,0,1
8.99392246,1,2,22.000001337,0,0,1
12.99392246,1,1,22.127224645,0,0,1
0.517752,1,0,1.269424558,0,0,1
16.08362246,1,2,25.076374645,0,0,1
0.23524377,1,1,1.122043867,0,0,1
8.06832246,1,1,22.000001337,0,0,1
77.99985,1,1,1.094181687,0,0,1
14.49392246,1,1,21.0,0,0,1
1.595,1,1,21.0,0,0,1
0.00341043,1,0,1.042018352,0,0,1
17.1597123,1,1,30.0,0,0,1
0.12204091,1,0,50.0,0,0,1
3.938,1,1,21.0,0,0,1
0.01545948,1,1,1.118998184,0,0,1
0.510785750946119,1,1,0.458624863,0,0,1
41.17763813,1,1,1.176846516,0,0,1
0.6863,1,0,21.0,0,0,1
0.1300892,1,0,20.0,0,0,1
0.12389,1,0,1.038445288,0,0,1
0.6493686396793225,1,0,0.242126516,0,0,1
8.14638183,1,0,22.000001337,0,0,1
0.9092197687246606,1,1,0.238286072,0,0,1
0.12130017,1,2,20.0,0,0,1
24.995,1,1,21.0,0,0,1
3.449901268067099,1,2,0.25848678,0,0,1
38.81004646720192,1,0,22.000001337,0,0,1
7.35320548,1,1,22.000001337,0,0,1
0.563698,1,0,0.238076445,0,0,1
0.5696485656028617,1,1,0.399923023,0,0,1
0.995,1,0,21.0,0,0,1
16.1884,1,1,20.0,0,0,1
0.01,1,0,20.0,0,0,1
0.5220283583984004,1,1,0.321845711,0,0,1
1.195,1,1,20.0,0,0,1
0.00985,1,4,1.284341524,0,0,1
0.00245,1,0,1.253661847,0,0,1
16.19015064,1,0,21.0,0,0,1
33.91415062,1,0,22.000001337,0,0,1
0.005,1,1,24.568222891,0,0,1
0.005,1,0,20.0,0,0,1
23.91392246,1,2,21.0,0,0,1
8.97835791,1,1,22.000001337,0,0,1
4.399994772649571,1,1,0.235533298,0,0,1
99.98892246,1,1,22.000001337,0,0,1
0.0074424,1,0,1.197878476,0,0,1
1.0275202501012353,1,1,0.43476765,0,0,1
0.14833,1,1,1.184147797,0,0,1
5.2023,1,1,20.0,0,0,1
0.14833,1,3,1.184147797,0,0,1
0.37219888,1,0,22.416545867,0,0,1
6.9850037,1,2,20.0,0,0,1
0.0636138,1,2,1.160785633,0,0,1
0.00555,1,1,1.042371836,0,0,1
800.0,1,2,22.0,0,0,1
0.11285,1,1,1.043123911,0,0,1
0.005,1,2,21.596799909,0,0,1
99.99392246,1,1,22.000001337,0,0,1
1.095,1,0,20.0,0,0,1
0.1980516,1,1,1.081188583,0,0,1
11.27954846,1,0,22.000001337,0,0,1
2.574878719026015,1,0,0.418083789,0,0,1
0.1980516,1,4,1.081188583,0,0,1
0.045,1,0,20.0,0,0,1
0.01,1,2,21.0,0,0,1
1e-05,1,2,9.783065739,0,0,1
4.691,1,2,21.0,0,0,1
0.05064435,1,0,1.117169023,0,0,1
0.910979488046512,1,1,0.310560886,0,0,1
0.46944508,1,4,20.815012353,0,0,1
18.8578934878398,1,0,0.262824488,0,0,1
0.03265983,1,4,1.045485692,0,0,1
0.849994915343164,1,0,0.337906168,0,0,1
3.449901268067099,1,0,0.25848678,0,0,1
26.054470086182874,1,1,0.43362083,0,0,1
46.641100730566414,1,1,0.322260467,0,0,1
8.529059,1,0,22.000001337,0,0,1
8.2495561201093,1,1,0.4032001,0,0,1
10.195,1,1,20.0,0,0,1
92.91126188343324,1,2,0.262824488,0,0,1
9.20692079,1,1,22.000001337,0,0,1
7.32332846,1,2,22.000001337,0,0,1
0.41796353,1,0,21.0,0,0,1
7.147911345217849,1,1,0.458624863,0,0,1
8.3639088,1,1,22.000001337,0,0,1
0.1774,1,1,21.0,0,0,1
36.005,1,2,21.0,0,0,1
27.69745206,1,1,22.000001337,0,0,1
0.5137117303432959,1,2,0.244157391,0,0,1
7.538299,1,2,22.000001337,0,0,1
9.9181247,1,1,30.0,0,0,1
0.90668823332095,1,1,0.288183858,0,0,1
24.999977704004728,1,0,0.243154668,0,0,1
0.529701846190293,1,3,0.233479113,0,0,1
0.00245,1,0,1.125835974,0,0,1
0.05985,1,1,1.128293835,0,0,1
50.817,1,2,22.83811533,0,0,1
16.89392246,1,0,22.000001337,0,0,1
9.92484006,1,1,22.000001337,0,0,1
37.67991054040487,1,1,22.000001337,0,0,1
9.99392246,1,1,22.000001337,0,0,1
0.154695,1,2,1.042274296,0,0,1
1.995,1,1,21.661292598,0,0,1
9.995,1,3,23.369866721,0,0,1
7.545447034,1,0,22.000001337,0,0,1
49.99999324124007,1,0,0.299798668,0,0,1
0.00985,1,0,1.042532988,0,0,1
0.520474,1,0,23.369866721,0,0,1
0.612,1,3,21.0,0,0,1
0.01463336,1,0,21.0,0,0,1
0.25408403,1,1,1.046939744,0,0,1
2.3848839429973467,1,0,0.501376731,0,0,1
50.19855994639347,1,2,0.36157684,0,0,1
1.9800135,1,1,30.0,0,0,1
0.05958488,1,0,1.220980477,0,0,1
0.01653316,1,2,1.105088501,0,0,1
0.93278274,1,0,21.0,0,0,1
3.582501411240069,1,1,0.363883524,0,0,1
2.2399772392854795,1,1,0.427844078,0,0,1
0.52772251,1,0,1.362115208,0,0,1
1474.9999787617896,1,0,0.390272763,0,0,1
7.54259455,1,1,22.000001337,0,0,1
0.0913,1,1,21.661292598,0,0,1
0.944994958017285,1,1,0.247223673,0,0,1
0.89985,1,0,1.044796091,0,0,1
0.01,1,1,21.0,0,0,1
0.005,1,2,24.568222891,0,0,1
0.7504986,1,0,1.04051476,0,0,1
0.506,1,4,0.321927375,0,0,1
0.12167054,1,1,20.0,0,0,1
0.50380224,1,0,1.046663179,0,0,1
7.79160887,1,0,1.040489216,0,0,1
7.70092246,1,1,22.000001337,0,0,1
8.17562825,1,1,1.114115218,0,0,1
1.0215201350587904,1,0,0.250309999,0,0,1
12.98092246,1,1,22.127224645,0,0,1
500.0,1,1,24.670216374,0,0,1
1.606,1,0,20.012773603,0,0,1
3.3029575641394016,1,0,0.31440281,0,0,1
37.67392246,1,0,22.000001337,0,0,1
0.01,1,2,20.0,0,0,1
0.92229293,1,1,1.041049578,0,0,1
0.005,1,1,30.5,0,0,1
21.62236246,1,0,22.000001337,0,0,1
0.0025,1,1,1.178798906,0,0,1
0.1980516,1,1,1.081188583,0,0,1
3299.999993724345,1,2,0.378871716,0,0,1
90.73,1,0,24.670216374,0,0,1
2.695,1,0,21.0,0,0,1
0.54796741,1,0,21.0,0,0,1
3.48300591261185,1,0,0.528775067,0,0,1
11.99392246,1,4,100.1,0,0,1
0.49,1,0,0.458624863,0,0,1
2.97959854,1,0,21.0,0,0,1
0.01,1,0,20.0,0,0,1
10.080895184,1,0,22.127224645,0,0,1
427.4849485689601,1,0,0.430478555,0,0,1
7.3198214,1,1,22.000001337,0,0,1
1.18762054,1,0,1.169369111,0,0,1
0.842891551846235,1,1,0.344539373,0,0,1
3.329345,1,0,21.0,0,0,1
0.0143,1,0,1.180587332,0,0,1
0.00985,1,0,1.24324789,0,0,1
21.99,1,1,21.0,0,0,1
1.281442848358902,1,1,0.249216844,0,0,1
0.005,1,2,21.0,0,0,1
0.05890133,1,3,1.035044763,0,0,1
0.499970209525125,1,1,0.3193392,0,0,1
23.69932246,1,3,21.0,0,0,1
11.39847051,1,0,21.0,0,0,1
0.01399912,1,0,1.241464016,0,0,1
1.4095892478534822,1,0,0.321843841,0,0,1
28.76187641,1,0,22.000001337,0,0,1
2.572085101558926,1,1,0.249131093,0,0,1
500.0,1,1,22.073836554,0,0,1
1.28869304351383,1,1,0.233479113,0,0,1
0.5519689286476679,1,1,0.244694791,0,0,1
0.00485,1,1,1.088734486,0,0,1
399.63985,1,1,1.217294851,0,0,1
0.2913,1,1,21.0,0,0,1
8.49392246,1,1,22.000001337,0,0,1
29.99989372519354,1,1,0.241283866,0,0,1
392.3872930437226,1,3,20.0,0,0,1
39.47,1,2,20.0,0,0,1
6.466151477636995,1,0,0.341035159,0,0,1
5.638173397865275,1,0,0.245976873,0,0,1
0.00385,1,2,1.302784604,0,0,1
0.005,1,0,21.0,0,0,1
0.195,1,0,41.0,0,0,1
1.167414347952949,1,1,0.43362083,0,0,1
4.98351852,1,1,50.0,0,0,1
84.07916946,1,2,22.073836554,0,0,1
0.13786996,1,1,1.191041631,0,0,1
1.084,1,0,21.309262042,0,0,1
0.5137117303432959,1,4,0.244157391,0,0,1
9.98192246,1,1,22.000001337,0,0,1
0.02960876,1,0,1.207032224,0,0,1
499.9998837591218,1,1,0.262824488,0,0,1
18.505,1,2,20.40801424,0,0,1
0.02532577,1,1,1.118123622,0,0,1
0.670032457494275,1,0,0.355813575,0,0,1
25.995,1,0,21.0,0,0,1
115.49802246,1,1,22.073836554,0,0,1
0.01985,1,0,1.050452896,0,0,1
0.16354993,1,0,1.222896783,0,0,1
4.87522,1,2,20.0,0,0,1
19.31596106,1,0,22.127224645,0,0,1
0.10052978,1,3,1.173434931,0,0,1
0.01034002,1,0,1.113990474,0,0,1
21.43082751,1,0,21.431542316,0,0,1
0.22667068,1,1,21.0,0,0,1
0.19985,1,5,1.04737673,0,0,1
0.03685561,1,0,20.0,0,0,1
500.0,1,2,20.0,0,0,1
8.08442331,1,0,22.000001337,0,0,1
0.002408,1,2,25.0,0,0,1
5.565433612287695,1,1,0.279903845,0,0,1
17.442292875296214,1,3,0.247292168,0,0,1
0.005,1,2,20.0,0,0,1
5.087876985191191,1,3,0.24507077,0,0,1
0.01515216,1,1,1.030865333,0,0,1
30.99392246,1,1,22.000001337,0,0,1
3.28078026,1,1,1.18577904,0,0,1
2.35273773,1,0,21.0,0,0,1
5.073911014951255,1,3,0.237429533,0,0,1
0.10052978,1,1,1.173434931,0,0,1
1.00045,1,1,1.134806361,0,0,1
7.00349296,1,2,22.000001337,0,0,1
0.8536405,1,2,21.0,0,0,1
170.99892246,1,1,20.0,0,0,1
2.5856106057121955,1,3,0.366007989,0,0,1
0.402408,1,1,21.0,0,0,1
14.15356963,1,4,22.127224645,0,0,1
1.5054,1,1,20.0,0,0,1
23.90740372434507,1,1,0.307077589,0,0,1
0.00134,1,1,1.043824123,0,0,1
16.66250899,1,3,22.127224645,0,0,1
0.1796,1,0,20.0,0,0,1
12.96996101,1,1,21.0,0,0,1
1.132998494861434,1,1,0.242126516,0,0,1
0.002247,1,1,1.041464316,0,0,1
13.995,1,0,21.0,0,0,1
1000.0,1,1,23.216733376,0,0,1
21.64742246,1,3,22.000001337,0,0,1
9.110958020569605,1,2,22.000001337,0,0,1
8.444208718,1,1,22.000001337,0,0,1
0.00985,1,1,1.284341524,0,0,1
2.0,1,1,6.0001,0,0,1
0.02852646,1,1,1.129897665,0,0,1
0.12167054,1,0,20.815012353,0,0,1
26.18862476,1,0,21.0,0,0,1
0.8063246777168145,1,1,0.267165316,0,0,1
1734.166669627369,1,1,0.244694791,0,0,1
0.1010487,1,0,1.132078376,0,0,1
20.995,1,1,24.984572277,0,0,1
0.02950052,1,0,1.039793158,0,0,1
10.41432246,1,3,22.127224645,0,0,1
100.0,1,1,100.0,0,0,1
0.552426154227972,1,3,0.321927375,0,0,1
0.01985,1,0,1.045615954,0,0,1
0.789789485972651,1,0,0.322326307,0,0,1
0.08616792,1,1,1.04614637,0,0,1
29.924,1,0,30.0,0,0,1
59.99392246,1,1,22.000001337,0,0,1
50.0,1,2,20.0,0,0,1
85.75733018259551,1,2,0.321843841,0,0,1
0.291,1,2,20.887260762,0,0,1
8.58692246,1,0,22.000001337,0,0,1
0.0023475,1,2,1.180622199,0,0,1
0.26436703,1,0,20.0,0,0,1
149.99892246,1,0,22.0,0,0,1
0.0013,1,1,20.0,0,0,1
9.97278,1,0,22.000001337,0,0,1
10.799962389528364,1,1,0.24518582,0,0,1
1.0002497,1,0,20.0,0,0,1
2.0132453983273813,1,2,0.244694791,0,0,1
1.26,1,3,20.0,0,0,1
8.52461746,1,0,22.000001337,0,0,1
0.60664131,1,0,1.217852857,0,0,1
0.01092591,1,1,21.0,0,0,1
0.6591006542482535,1,1,0.307077589,0,0,1
0.00203557,1,0,1.119681719,0,0,1
2.23375,1,2,1.181046031,0,0,1
0.295,1,2,20.0,0,0,1
0.61078829,1,1,1.158667087,0,0,1
0.04930225,1,5,1.043596048,0,0,1
11.85516698,1,1,21.0,0,0,1
3.240090127977253,1,0,0.330598925,0,0,1
0.869988754982391,1,3,0.303189435,0,0,1
0.02129,1,1,1.112306834,0,0,1
0.57262,1,1,0.321845711,0,0,1
9.99004379,1,1,22.000001337,0,0,1
0.51,1,1,0.339479526,0,0,1
1.0032063289300457,1,0,0.321845711,0,0,1
0.01140694,1,0,1.155105752,0,0,1
3300.0000022272147,1,1,0.242524804,0,0,1
0.005,1,0,20.0,0,0,1
11.81319544,1,2,22.000001337,0,0,1
701.0,1,3,1.0465324,0,0,1
13.9738033740512,1,0,22.127224645,0,0,1
0.7008529600859642,1,0,0.305149481,0,0,1
2.76785601,1,3,21.0,0,0,1
1.051836409961933,1,0,0.249454777,0,0,1
0.23085,1,0,1.14579094,0,0,1
24.73382247,1,0,22.000001337,0,0,1
0.03225,1,0,1.281111171,0,0,1
0.05758183,1,3,1.056377793,0,0,1
23.99985,1,0,1.041279616,0,0,1
0.01748764,1,2,1.146486626,0,0,1
20.26,1,0,30.0,0,0,1
29.99392246,1,1,21.0,0,0,1
500.0,1,2,20.0,0,0,1
9.995,1,0,20.0,0,0,1
73.78985,1,2,1.121218127,0,0,1
45.50854239,1,2,22.000001337,0,0,1
2.998265476327201,1,2,0.279903845,0,0,1
74.98177536,1,1,22.000001337,0,0,1
0.05777,1,1,1.379201226,0,0,1
1.49998981342185,1,0,0.372385933,0,0,1
0.00185,1,3,1.041675253,0,0,1
0.5499791596423161,1,2,0.427844078,0,0,1
0.00885,1,2,1.256647959,0,0,1
0.251875,1,3,1.06824051,0,0,1
8.53612257,1,1,21.0,0,0,1
2.2399772392854795,1,0,0.427844078,0,0,1
0.01,1,0,5.0,0,0,1
27.98392246,1,0,21.0,0,0,1
0.002,1,0,1.049368697,0,0,1
0.0113,1,0,21.349091302,0,0,1
3.59649059006962,1,1,0.244287527,0,0,1
0.0013,1,1,20.0,0,0,1
0.841035412785044,1,0,0.310560886,0,0,1
0.49631579,1,2,0.377696364,0,0,1
0.00574166,1,3,1.146934759,0,0,1
0.00200677,1,2,1.132509702,0,0,1
0.4634859,1,0,1.106714237,0,0,1
7.54259455,1,2,22.000001337,0,0,1
0.01,1,3,20.0,0,0,1
10.8775857,1,1,21.0,0,0,1
0.5593643068563274,1,2,0.24161278,0,0,1
5.092204,1,1,20.0,0,0,1
0.4980272673703281,1,0,0.25680762,0,0,1
5.1146,1,0,24.670216374,0,0,1
9.92484006,1,0,22.000001337,0,0,1
115.49802246,1,1,22.073836554,0,0,1
0.01059727,1,1,1.123442473,0,0,1
0.0052446,1,2,1.040948231,0,0,1
0.00885,1,1,1.241811151,0,0,1
1.915,1,0,20.0,0,0,1
0.983186450608673,1,2,0.259855462,0,0,1
5.031985256715256,1,0,0.233479113,0,0,1
0.395,1,1,30.0,0,0,1
9.99392246,1,1,22.000001337,0,0,1
0.0023475,1,1,1.180622199,0,0,1
2.723992805406332,1,0,0.399923023,0,0,1
14.95792246,1,0,21.0,0,0,1
29.99997047911175,1,1,0.319681719,0,0,1
0.0396507,1,1,1.044425704,0,0,1
0.49285,1,1,21.0,0,0,1
38.76494346,1,2,21.0,0,0,1
9.84015287,1,0,30.0,0,0,1
1.23,1,2,20.0,0,0,1
9.78580076,1,0,22.000001337,0,0,1
20.23413746,1,1,22.000001337,0,0,1
8.17562825,1,1,1.114115218,0,0,1
9.58648,1,1,22.000001337,0,0,1
31.01192246,1,2,21.0,0,0,1
29.99988762954745,1,0,0.24507077,0,0,1
4.877113,1,3,30.5,0,0,1
0.17958223,1,1,1.127609454,0,0,1
0.01,1,0,20.42469852,0,0,1
0.03488,1,1,20.0,0,0,1
0.09982491,1,1,1.056229264,0,0,1
0.03611487,1,4,20.815012353,0,0,1
11.228824525192469,1,0,0.29455668,0,0,1
0.03611487,1,0,20.815012353,0,0,1
0.437,1,1,21.0,0,0,1
11.99985,1,0,1.139656145,0,0,1
189.9998468046892,1,3,0.288183858,0,0,1
2.599971707424853,1,2,0.24862494,0,0,1
0.00235,1,1,1.101907403,0,0,1
9.99392246,1,1,22.000001337,0,0,1
21.657518480708053,1,1,22.000001337,0,0,1
11.98892246,1,1,22.127224645,0,0,1
0.0536623,1,1,1.053630541,0,0,1
1.79768468,1,0,20.815012353,0,0,1
0.195,1,1,20.0,0,0,1
15.4974279,1,0,22.000001337,0,0,1
0.5904580464356944,1,1,0.251043358,0,0,1
18.69392246,1,0,50.0,0,0,1
0.998831114702564,1,1,0.240246068,0,0,1
0.52874697,1,0,20.0,0,0,1
12.04010165,1,4,22.881627171,0,0,1
81.808559,1,1,22.000001337,0,0,1
1.716193002038674,1,0,0.243610162,0,0,1
9.99392246,1,0,22.000001337,0,0,1
9.999559,1,1,22.000001337,0,0,1
0.097,1,1,22.105999998,0,0,1
0.005,1,3,22.0,0,0,1
1797.9994341304298,1,1,0.36776174,0,0,1
0.03645,1,0,1.04814989,0,0,1
0.9240295827757932,1,0,0.238076445,0,0,1
1.6501268423642692,1,0,0.399923023,0,0,1
32.999994930572846,1,0,0.239162921,0,0,1
21.658293949047493,1,1,0.245281989,0,0,1
0.7892716005997013,1,2,0.29455668,0,0,1
9.83392246,1,0,22.000001337,0,0,1
7.49392246,1,4,22.000001337,0,0,1
0.04985,1,1,1.167681364,0,0,1
8.93968675,1,0,22.000001337,0,0,1
0.01,1,0,60.0,0,0,1
5.134967239589078,1,0,0.474345778,0,0,1
5.273954299683518,1,0,0.355813575,0,0,1
99.99946122590856,1,0,0.238286072,0,0,1
1.1216766773525289,1,2,0.341035159,0,0,1
9.97392246,1,1,22.000001337,0,0,1
8.57797432,1,2,22.000001337,0,0,1
0.5589535,1,0,1.132509702,0,0,1
422.8366316520401,1,3,0.298840711,0,0,1
30.96389828,1,2,1.041077967,0,0,1
0.61599510596638,1,1,0.247292168,0,0,1
19.98976797,1,1,21.0,0,0,1
4.958094111429063,1,2,0.239162921,0,0,1
11.7329385,1,0,22.000001337,0,0,1
0.0062436,1,1,1.044102523,0,0,1
0.71760987,1,0,0.240608391,0,0,1
23.97792246,1,2,22.000001337,0,0,1
0.00228501,1,4,1.03837591,0,0,1
105.2866437040903,1,1,0.441464016,0,0,1
0.01893605,1,1,1.042339194,0,0,1
39.99392246,1,3,22.000001337,0,0,1
0.695,1,0,20.0,0,0,1
0.0036095,1,0,1.074514921,0,0,1
6.395,1,2,20.0,0,0,1
1.690170058413268,1,2,0.243442682,0,0,1
2.71708194,1,0,92.0,0,0,1
8.12392246,1,0,22.000001337,0,0,1
0.554943333057346,1,1,0.359740198,0,0,1
3.579288047223276,1,2,0.36210711,0,0,1
0.07,1,3,1.138680655,0,0,1
0.7250841527766164,1,1,0.321828952,0,0,1
0.09780054,1,0,1.047336824,0,0,1
1100.0,1,2,15.63206454,0,0,1
0.59985,1,0,1.058191121,0,0,1
0.00985,1,0,1.207809581,0,0,1
0.04554896,1,1,1.198309145,0,0,1
9.49392246,1,2,22.000001337,0,0,1
0.005,1,2,24.568222891,0,0,1
12.349,1,2,20.40801424,0,0,1
0.005,1,4,30.5,0,0,1
12.07542246,1,0,21.0,0,0,1
12.99433824,1,0,1.136930153,0,0,1
9.98392246,1,0,22.000001337,0,0,1
0.003846,1,1,1.136159441,0,0,1
299.99994346854555,1,1,0.485210834,0,0,1
1.014301695760806,1,3,0.230870737,0,0,1
9.37642515,1,0,22.000001337,0,0,1
0.995,1,1,22.416545867,0,0,1
7.52874114,1,1,22.000001337,0,0,1
4.999983400681158,1,1,0.299798668,0,0,1
114.72017711124492,1,0,0.458624863,0,0,1
2.49999089396257,1,1,0.384681819,0,0,1
0.9995684264006982,1,0,0.322326307,0,0,1
0.01,1,2,20.0,0,0,1
0.5095017486878384,1,1,0.474345778,0,0,1
7.79160887,1,0,1.040489216,0,0,1
4.914076,1,0,21.954492566,0,0,1
73.00985,1,1,1.121726547,0,0,1
0.756250817082962,1,0,0.245976873,0,0,1
154.99998795929744,1,1,0.501376731,0,0,1
0.488810077547532,1,3,0.48507515,0,0,1
39.87392246,1,1,22.000001337,0,0,1
9.99392246,1,0,22.000001337,0,0,1
8.33692246,1,0,22.000001337,0,0,1
22.73205,1,1,1.114357186,0,0,1
99.99999053769832,1,2,0.239394101,0,0,1
0.112408,1,0,20.0,0,0,1
19.99985,1,1,1.051036035,0,0,1
40.0,1,3,1.035533298,0,0,1
37.67991054040487,1,0,22.000001337,0,0,1
0.00498064,1,0,1.260904882,0,0,1
4.069197986221414,1,1,0.251351082,0,0,1
0.01004877,1,0,1.224597931,0,0,1
0.999,1,1,20.0,0,0,1
22.396764745945088,1,1,0.243338951,0,0,1
18.57538146,1,1,21.0,0,0,1
4.385,1,1,30.0,0,0,1
8.3719035,1,0,22.000001337,0,0,1
0.498274431352212,1,2,0.328991132,0,0,1
14.99958,1,1,25.0,0,0,1
0.9992805208082678,1,0,0.243338951,0,0,1
21.4934473,1,1,22.000001337,0,0,1
3.699992038576978,1,1,0.242126516,0,0,1
8.830959,1,2,22.000001337,0,0,1
37.402,1,0,21.0,0,0,1
10.43040151,1,1,22.000001337,0,0,1
248.99892246,1,1,21.0,0,0,1
1.3945377,1,1,20.0,0,0,1
0.005,1,1,21.0,0,0,1
0.01,1,1,20.40801424,0,0,1
8.620057812018828,1,0,0.244749667,0,0,1
4.958094111429063,1,3,0.239162921,0,0,1
12.04010165,1,1,22.881627171,0,0,1
0.699989396064973,1,0,0.308905138,0,0,1
0.2813,1,0,20.0,0,0,1
0.93552479,1,3,0.429864307,0,0,1
1.0944307799920645,1,2,0.441464016,0,0,1
0.9845880952141096,1,1,0.411746065,0,0,1
0.528,1,0,21.0,0,0,1
8.94625246,1,1,22.000001337,0,0,1
23.69932246,1,1,21.0,0,0,1
8.06832246,1,3,22.000001337,0,0,1
3.244092543756597,1,0,0.304430225,0,0,1
7.05514416,1,1,22.000001337,0,0,1
0.01,1,2,20.40801424,0,0,1
0.195,1,2,41.0,0,0,1
0.9805936415128118,1,0,0.372385933,0,0,1
1.8471082030805253,1,0,0.36210711,0,0,1
0.01,1,1,20.42469852,0,0,1
5.1824,1,1,30.0,0,0,1
8.225680756042633,1,1,0.375136715,0,0,1
29.19392246,1,3,21.0,0,0,1
9.999559,1,0,22.000001337,0,0,1
0.00985,1,0,1.109427103,0,0,1
14.428343977210664,1,1,0.3193392,0,0,1
0.4980101245290864,1,0,0.59198257,0,0,1
24.109635259679493,1,2,0.24507077,0,0,1
13.32544186,1,0,22.127224645,0,0,1
0.84870485,1,3,20.0,0,0,1
9.12022,1,3,20.0,0,0,1
0.7025794806545569,1,2,0.4032001,0,0,1
1386.9999710091456,1,0,0.239863892,0,0,1
9.995,1,1,21.0,0,0,1
0.93552479,1,2,0.429864307,0,0,1
1.28985,1,3,1.101093975,0,0,1
5.190517,1,0,25.0,0,0,1
0.0024512,1,0,1.176582193,0,0,1
0.5896048,1,4,20.0,0,0,1
0.991,1,1,0.32510221,0,0,1
2.231714562273857,1,0,0.238286072,0,0,1
0.02674981,1,1,1.281646828,0,0,1
0.5945757369636538,1,3,0.474345778,0,0,1
5.501628140559166,1,0,0.262824488,0,0,1
0.0913,1,0,21.661292598,0,0,1
0.5522643630136419,1,2,0.35576282,0,0,1
0.005,1,0,30.5,0,0,1
2.023025248796717,1,3,0.373931154,0,0,1
1.055161061577727,1,0,0.249454777,0,0,1
30.37768117502626,1,1,0.250674121,0,0,1
6.21587848,1,1,20.0,0,0,1
5.26995986590025,1,1,0.321927375,0,0,1
0.621819246667422,1,0,0.341590268,0,0,1
3.1,1,1,22.463230501,0,0,1
0.01,1,2,21.0,0,0,1
0.9224162384142014,1,2,0.443922838,0,0,1
20.2874279,1,2,22.000001337,0,0,1
0.01,1,2,20.0,0,0,1
84.07916946,1,0,22.073836554,0,0,1
9.99958,1,1,22.000001337,0,0,1
24.99999478728569,1,0,0.303189435,0,0,1
0.005,1,1,21.0,0,0,1
204.9998817130436,1,0,0.485210834,0,0,1
0.01,1,1,20.0,0,0,1
0.599994978172581,1,0,0.441464016,0,0,1
1.3945377,1,0,20.0,0,0,1
3.999994887884278,1,1,0.299798668,0,0,1
0.28785,1,0,1.166761082,0,0,1
2.222395754085726,1,0,0.376846516,0,0,1
22.995,1,0,21.0,0,0,1
10.14902566773965,1,1,21.0,0,0,1
0.0029469,1,0,1.144522669,0,0,1
0.8536405,1,3,21.0,0,0,1
9.99392246,1,1,22.000001337,0,0,1
0.0025473,1,1,1.040466748,0,0,1
0.0913,1,1,20.0,0,0,1
0.39739188,1,3,30.0,0,0,1
11.1978958,1,1,22.127224645,0,0,1
33.029397,1,0,22.000001337,0,0,1
0.01649271,1,3,1.04307877,0,0,1
0.539919256,1,1,0.330598925,0,0,1
0.005,1,0,21.596799909,0,0,1
8.08471268,1,0,21.0,0,0,1
70.90088201953309,1,0,0.329135044,0,0,1
20.02456382735765,1,2,0.337906168,0,0,1
0.16325708,1,1,1.163928927,0,0,1
4.85378306486252,1,0,0.243610162,0,0,1
309.0299932311476,1,0,0.308912007,0,0,1
0.5952256116548149,1,1,0.36210711,0,0,1
0.00985,1,2,1.24324789,0,0,1
0.792491514452615,1,2,0.344539373,0,0,1
0.07571328,1,1,20.0,0,0,1
11.213504,1,1,21.0,0,0,1
5.0,1,0,91.0,0,0,1
8.395,1,1,30.5,0,0,1
0.2,1,1,1.041069682,0,0,1
11.99392246,1,1,100.1,0,0,1
0.797843220134281,1,1,0.327717943,0,0,1
8.64070406,1,1,22.000001337,0,0,1
2.04493639653044,1,0,0.237429533,0,0,1
8.44460995,1,1,22.000001337,0,0,1
0.0412086,1,1,1.103279098,0,0,1
0.005,1,0,20.0,0,0,1
1.443897973411651,1,1,0.239162921,0,0,1
28.809559,1,1,22.000001337,0,0,1
0.73326159,1,1,23.0,0,0,1
0.50211081,1,0,0.300207963,0,0,1
0.00659066,1,2,1.193072109,0,0,1
42.21052928,1,2,21.0,0,0,1
9.99392246,1,1,22.000001337,0,0,1
0.095,1,0,21.0,0,0,1
16.76392246,1,1,100.1,0,0,1
16.45991355137063,1,1,0.294267018,0,0,1
1.084,1,0,21.309262042,0,0,1
0.50380224,1,1,1.046663179,0,0,1
5.603476,1,3,30.0,0,0,1
9.99892246,1,0,22.000001337,0,0,1
0.005,1,1,21.596799909,0,0,1
27.14869039921655,1,1,0.267165316,0,0,1
0.005,1,2,21.0,0,0,1
0.874549057745246,1,0,0.24507077,0,0,1
0.46259322,1,1,20.0,0,0,1
0.531987900322249,1,1,0.346401616,0,0,1
10.19392246,1,1,22.127224645,0,0,1
6.199990546787063,1,1,0.485210834,0,0,1
0.01399912,1,1,1.241464016,0,0,1
4.535,1,1,20.0,0,0,1
14.99142246,1,0,22.127224645,0,0,1
39.99998741898632,1,0,0.243338951,0,0,1
20.31777376,1,0,20.0,0,0,1
151.01892246,1,1,22.000001337,0,0,1
202.499559,1,0,21.0,0,0,1
0.00485014,1,2,1.123530282,0,0,1
7.98892246,1,1,22.000001337,0,0,1
23.99985,1,3,1.041279616,0,0,1
0.00944338,1,1,1.103577819,0,0,1
1.6356757997492388,1,3,0.232520717,0,0,1
0.005,1,2,20.873010101,0,0,1
1.0,1,0,1.140578411,0,0,1
0.00233109,1,2,1.101544295,0,0,1
4.395,1,1,30.0,0,0,1
0.5027126884669977,1,0,0.321828952,0,0,1
56.49852246,1,0,21.0,0,0,1
16.03366301,1,1,21.0,0,0,1
19.456533,1,0,50.0,0,0,1
0.03424529,1,3,1.109650144,0,0,1
46.85246333,1,1,1.059157573,0,0,1
10.527,1,0,20.272024492,0,0,1
0.99,1,0,21.486870188,0,0,1
0.19125,1,0,1.208205771,0,0,1
0.05985,1,0,1.142226463,0,0,1
11.09945934,1,2,21.0,0,0,1
16.75448728,1,0,100.1,0,0,1
0.00385,1,1,1.062001199,0,0,1
0.09780054,1,0,1.047336824,0,0,1
7.97592246,1,0,22.000001337,0,0,1
0.005,1,1,20.0,0,0,1
0.572,1,0,20.0,0,0,1
0.831692752336444,1,2,0.288183858,0,0,1
22.24747160161652,1,0,0.443922838,0,0,1
0.01,1,2,20.40801424,0,0,1
0.43216661,1,4,1.057685956,0,0,1
1.995,1,1,21.0,0,0,1
129.98985,1,3,1.193497223,0,0,1
0.885,1,0,21.0,0,0,1
5.335,1,3,21.0,0,0,1
15.995,1,1,20.0,0,0,1
0.01,1,2,20.0,0,0,1
9.978358462860845,1,2,22.000001337,0,0,1
1.0,1,0,20.012773603,0,0,1
0.00963,1,0,1.153695467,0,0,1
500.0,1,1,20.0,0,0,1
0.00305508,1,0,1.044036836,0,0,1
0.56461709,1,2,20.0,0,0,1
0.499839441370903,1,0,0.242391936,0,0,1
0.251875,1,2,1.06824051,0,0,1
50.009559,1,0,22.000001337,0,0,1
10.98392246,1,1,22.127224645,0,0,1
29.99392246,1,0,22.000001337,0,0,1
11.12068246,1,1,21.0,0,0,1
0.005,1,0,23.444264145,0,0,1
0.0013,1,1,50.0,0,0,1
0.499152482064232,1,0,0.244287527,0,0,1
0.549877256,1,1,0.300207963,0,0,1
1.2203193693033552,1,0,0.233479113,0,0,1
0.01593761,1,2,1.284387349,0,0,1
16.960294192865458,1,1,0.260790342,0,0,1
19.99392246,1,0,21.0,0,0,1
9.97392246,1,1,22.000001337,0,0,1
199.9999543990708,1,4,0.298840711,0,0,1
5.398,1,2,20.0,0,0,1
0.11573,1,0,1.133537925,0,0,1
0.18268398,1,2,1.181301682,0,0,1
0.5593643068563274,1,0,0.24161278,0,0,1
21039.84041092,1,0,1.176846516,0,0,1
0.0072186,1,0,1.0564836,0,0,1
13.99392246,1,0,22.000001337,0,0,1
0.56088853,1,2,1.042893883,0,0,1
20.23413746,1,1,22.000001337,0,0,1
0.68008360581742,1,2,0.251351082,0,0,1
0.5017813298214655,1,1,0.35576282,0,0,1
16.61,1,3,21.309262042,0,0,1
0.00485,1,4,1.044436074,0,0,1
0.699994806864472,1,0,0.245098184,0,0,1
0.251875,1,1,1.06824051,0,0,1
3.395,1,2,20.0,0,0,1
0.095,1,1,20.0,0,0,1
0.8616678,1,0,21.0,0,0,1
0.6343751811247299,1,1,0.43476765,0,0,1
16.45991355137063,1,1,0.294267018,0,0,1
0.10052978,1,2,1.173434931,0,0,1
0.6008160329416904,1,0,0.429864307,0,0,1
7.48738593,1,1,22.000001337,0,0,1
4.999983400681158,1,2,0.299798668,0,0,1
9.365,1,1,20.0,0,0,1
26.10733296,1,0,22.000001337,0,0,1
2.00985,1,0,1.148807348,0,0,1
499.9998837591218,1,0,0.262824488,0,0,1
0.005,1,2,20.873010101,0,0,1
9.99392246,1,0,22.000001337,0,0,1
0.5091335525812593,1,0,0.321845711,0,0,1
0.01,1,1,21.0,0,0,1
7.435,1,4,20.0,0,0,1
2.542378674099978,1,0,0.244287527,0,0,1
16.99392246,1,2,21.0,0,0,1
22.795794250729728,1,0,0.239394101,0,0,1
10.69392246,1,1,21.0,0,0,1
4.9951,1,1,30.0,0,0,1
0.01,1,1,21.0,0,0,1
0.5049120264919026,1,0,0.251043358,0,0,1
0.5982895476750778,1,0,0.298840711,0,0,1
0.7888647058626634,1,2,0.260790342,0,0,1
24.49917679798256,1,0,0.384681819,0,0,1
1.0314174,1,2,1.036290325,0,0,1
9.999537999971922,1,0,22.000001337,0,0,1
0.04930225,1,0,1.043596048,0,0,1
5.0,1,0,91.0,0,0,1
1.042734263774848,1,1,0.298840711,0,0,1
0.10992587,1,0,1.048237409,0,0,1
25.495,1,4,20.887260762,0,0,1
11.70892246,1,1,21.0,0,0,1
27.74680653,1,2,22.000001337,0,0,1
4.087988676843951,1,1,0.230870737,0,0,1
0.702563843542925,1,0,0.239534815,0,0,1
1.1763987425575169,1,1,0.341035159,0,0,1
14.01657746,1,0,21.0,0,0,1
12.46131246,1,0,22.000001337,0,0,1
10.589644966,1,2,22.127224645,0,0,1
17.47653992710869,1,0,22.219725733,0,0,1
4.996152,1,0,20.0,0,0,1
0.6591006542482535,1,0,0.307077589,0,0,1
0.01649271,1,1,1.04307877,0,0,1
13.24392246,1,0,22.000001337,0,0,1
26.56822892,1,0,22.000001337,0,0,1
0.5866385955190654,1,1,0.286911168,0,0,1
9.77992246,1,1,22.000001337,0,0,1
42.21052928,1,0,21.0,0,0,1
0.01132122,1,2,1.086447262,0,0,1
25.08515265,1,1,22.000001337,0,0,1
0.01285,1,0,1.23476765,0,0,1
25.99392246,1,1,22.000001337,0,0,1
9.77992246,1,2,22.000001337,0,0,1
5.083213,1,0,20.0,0,0,1
29.98392246,1,1,22.000001337,0,0,1
299.9996672540895,1,0,0.321843841,0,0,1
7.23442246,1,1,22.000001337,0,0,1
0.612028551222604,1,1,0.359008226,0,0,1
10.000882515539974,1,0,0.304430225,0,0,1
0.04002546,1,1,1.04299583,0,0,1
0.00485,1,0,1.251860799,0,0,1
0.07780881,1,3,1.336791159,0,0,1
0.892466964581885,1,0,0.247223673,0,0,1
0.14985,1,1,1.102727037,0,0,1
0.06367335,1,1,1.158340194,0,0,1
44.995,1,1,20.272024492,0,0,1
1.396641632581938,1,1,0.321828952,0,0,1
0.0039,1,0,1.15509193,0,0,1
0.00583454,1,0,1.071170151,0,0,1
1.0032063289300457,1,1,0.321845711,0,0,1
30.0,1,1,21.0,0,0,1
0.99,1,0,21.486870188,0,0,1
10.799962389528364,1,0,0.24518582,0,0,1
10.01535046,1,1,22.127224645,0,0,1
7.00392246,1,2,22.000001337,0,0,1
6.0122309,1,1,21.0,0,0,1
0.005,1,2,20.0,0,0,1
5.399953019805272,1,1,0.48507515,0,0,1
1.195,1,0,23.369866721,0,0,1
20.4933396,1,1,22.000001337,0,0,1
12.099993695632778,1,2,0.43476765,0,0,1
0.005,1,2,21.0,0,0,1
2.13092879,1,3,21.0,0,0,1
3.772966084274729,1,0,0.341590268,0,0,1
25.03175822511432,1,0,0.25680762,0,0,1
7.8252866,1,0,1.03946244,0,0,1
34.485,1,1,20.012773603,0,0,1
0.63724012,1,0,20.887260762,0,0,1
34.09985,1,2,1.037121544,0,0,1
0.011,1,0,1.038205872,0,0,1
9.99392246,1,1,22.000001337,0,0,1
1.99462963,1,0,20.0,0,0,1
10.195,1,0,20.0,0,0,1
7.9294739,1,1,22.000001337,0,0,1
0.0846,1,3,20.0,0,0,1
16.99392246,1,1,21.0,0,0,1
0.03635,1,0,30.0,0,0,1
29.99892246,1,1,22.073836554,0,0,1
300.0,1,3,20.0,0,0,1
7.835,1,3,20.0,0,0,1
0.0838,1,1,21.0,0,0,1
4.44981376,1,0,20.0,0,0,1
1.37641445,1,1,1.188167742,0,0,1
2.76785601,1,0,21.0,0,0,1
16.689559,1,1,22.000001337,0,0,1
0.15,1,1,23.7564799,0,0,1
18.99295,1,0,1.040466748,0,0,1
400.0,1,0,22.073836554,0,0,1
0.08616792,1,2,1.04614637,0,0,1
10.105,1,0,20.272024492,0,0,1
9.56333546,1,1,22.000001337,0,0,1
1.8876953045446685,1,1,0.322457127,0,0,1
0.02424001,1,1,1.134196423,0,0,1
24.995,1,0,21.0,0,0,1
8.53612257,1,1,21.0,0,0,1
0.1774,1,2,21.0,0,0,1
1.045690109551758,1,0,0.321828952,0,0,1
9.99392246,1,0,22.000001337,0,0,1
656.4499910152743,1,2,0.372385933,0,0,1
3.499994809397282,1,1,0.246629989,0,0,1
0.9999774449304408,1,0,0.321843841,0,0,1
0.4957694834320551,1,1,0.254139651,0,0,1
19.96594946,1,0,21.0,0,0,1
0.49,1,0,0.458624863,0,0,1
0.002408,1,0,20.0,0,0,1
0.0025,1,2,1.178798906,0,0,1
22.907592460827253,1,1,0.450152997,0,0,1
0.00185,1,0,1.231712578,0,0,1
99.99392246,1,0,21.0,0,0,1
0.00585,1,0,1.194392863,0,0,1
0.52995010892005,1,3,0.25680762,0,0,1
18.75807246,1,0,22.000001337,0,0,1
11.31406986,1,1,22.127224645,0,0,1
0.1987,1,1,20.0,0,0,1
303.1799736687391,1,2,0.24161278,0,0,1
9.89392246,1,0,22.000001337,0,0,1
1.275584568297368,1,2,0.341035159,0,0,1
6.793,1,2,21.0,0,0,1
0.11707794,1,2,20.0,0,0,1
9.49392246,1,0,22.000001337,0,0,1
0.30213407,1,1,1.258184501,0,0,1
13.495,1,1,21.0,0,0,1
6.999983286393126,1,0,0.359008226,0,0,1
121.12503219,1,1,22.0,0,0,1
7.23442246,1,2,22.000001337,0,0,1
0.01,1,1,21.0,0,0,1
15.999971481573748,1,0,0.450152997,0,0,1
0.06085,1,0,1.159952214,0,0,1
0.5613,1,1,20.0,0,0,1
0.2325,1,5,1.167017298,0,0,1
7.462394048163005,1,0,0.243154668,0,0,1
0.192408,1,1,20.0,0,0,1
7.97392246,1,0,22.000001337,0,0,1
1.6080548061938884,1,0,0.254626787,0,0,1
0.14981886,1,1,21.0,0,0,1
11.5026366099999,1,1,22.000001337,0,0,1
0.6154087168384746,1,0,0.247292168,0,0,1
1.3999877617106815,1,2,0.250309999,0,0,1
20.999931434843376,1,0,0.261304722,0,0,1
14.943,1,0,21.0,0,0,1
0.46944508,1,1,20.815012353,0,0,1
9.13005203,1,1,22.000001337,0,0,1
0.910989698947702,1,4,0.339479526,0,0,1
115.49802246,1,2,22.073836554,0,0,1
7.99392246,1,0,22.000001337,0,0,1
14.955,1,1,21.309262042,0,0,1
9.99392246,1,1,22.000001337,0,0,1
0.01,1,1,60.0,0,0,1
0.02932816,1,1,1.226371109,0,0,1
17.99958,1,1,22.000001337,0,0,1
0.11573,1,1,1.133537925,0,0,1
1499.9999838528345,1,0,0.235282764,0,0,1
24.99985,1,2,1.160651318,0,0,1
10.19392246,1,0,22.127224645,0,0,1
0.005,1,3,22.0,0,0,1
1.754889415353977,1,2,0.298840711,0,0,1
9.13005203,1,2,22.000001337,0,0,1
0.045,1,0,20.0,0,0,1
0.499992460827254,1,0,0.37890924,0,0,1
9.477,1,0,20.0,0,0,1
0.808192090356174,1,0,0.301544295,0,0,1
11.46392246,1,0,22.000001337,0,0,1
3.145152063736646,1,1,0.308905138,0,0,1
0.5081960773049455,1,0,0.384632145,0,0,1
1.0428696960393369,1,2,0.250536205,0,0,1
299.9996672540895,1,1,0.321843841,0,0,1
12.099993695632778,1,1,0.43476765,0,0,1
0.005,1,2,22.000001337,0,0,1
10.0,1,2,6.0,0,0,1
0.01579371,1,2,1.038763927,0,0,1
7.98892246,1,0,22.000001337,0,0,1
10.799962389528364,1,1,0.24518582,0,0,1
1.144,1,2,20.0,0,0,1
0.05765932,1,2,1.206811414,0,0,1
16.19392246,1,0,22.000001337,0,0,1
54.32932300955691,1,0,0.307077589,0,0,1
0.36491912,1,3,1.222650617,0,0,1
9.999995059061956,1,0,0.322326307,0,0,1
0.05415,1,0,1.127525907,0,0,1
0.250605,1,0,1.11650583,0,0,1
7.98392246,1,0,22.000001337,0,0,1
8.98362656,1,0,22.000001337,0,0,1
15.9832917,1,2,1.047623945,0,0,1
8.93950117,1,3,22.000001337,0,0,1
0.005,1,0,21.0,0,0,1
9.99392246,1,3,22.000001337,0,0,1
165.54880151,1,2,22.000001337,0,0,1
0.01,1,1,20.0,0,0,1
1.4782789689345952,1,0,0.306371403,0,0,1
12.39985,1,0,1.118804696,0,0,1
1.289986503377826,1,1,0.43476765,0,0,1
1.510483,1,0,22.917630378,0,0,1
99.99999053769832,1,0,0.239394101,0,0,1
2.005,1,0,30.0,0,0,1
74.98177536,1,0,22.000001337,0,0,1
9.97392246,1,0,22.000001337,0,0,1
0.03064721,1,1,1.055736456,0,0,1
0.6024,1,2,20.012773603,0,0,1
0.01487226,1,1,1.050536205,0,0,1
24.99392246,1,1,22.127224645,0,0,1
7.91092246,1,0,22.000001337,0,0,1
0.56088853,1,2,1.042893883,0,0,1
1.87657859,1,0,1.031611934,0,0,1
0.91483377,1,2,1.115959298,0,0,1
5.05897174,1,1,22.416545867,0,0,1
9.99392246,1,0,22.000001337,0,0,1
16.80606125,1,1,22.127224645,0,0,1
0.01,1,0,20.0,0,0,1
33.71392246,1,0,21.0,0,0,1
0.005,1,1,30.0,0,0,1
0.01,1,2,20.0,0,0,1
0.00574446,1,1,21.0,0,0,1
10.41432246,1,1,22.127224645,0,0,1
35.01247405,1,0,21.0,0,0,1
0.00883053,1,1,1.057392779,0,0,1
0.05201881,1,1,1.271686851,0,0,1
2.489894390528364,1,0,0.242126516,0,0,1
7.00392246,1,0,22.000001337,0,0,1
5.0,1,0,91.0,0,0,1
14.6903595,1,1,20.0,0,0,1
0.7250841527766164,1,1,0.321828952,0,0,1
0.07985,1,0,1.052828981,0,0,1
1.4186270059515642,1,1,0.330598925,0,0,1
0.04079595,1,0,23.369866721,0,0,1
39.98892246,1,1,22.000001337,0,0,1
174.96095203133905,1,1,21.0,0,0,1
18.995,1,1,21.0,0,0,1
22.907592460827253,1,0,0.450152997,0,0,1
0.10142,1,1,1.131307493,0,0,1
9.33264998,1,1,1.05954251,0,0,1
0.6167998150427699,1,3,0.321845711,0,0,1
0.31857088,1,3,1.048001627,0,0,1
2.79268986,1,0,1.099356472,0,0,1
14.49392246,1,1,21.0,0,0,1
0.664,1,1,21.0,0,0,1
6.839652567052158,1,0,0.3193392,0,0,1
2.01535361,1,2,1.180587332,0,0,1
0.005,1,5,21.596799909,0,0,1
2.586,1,3,0.327717943,0,0,1
0.87858808,1,1,0.474345778,0,0,1
4.999985342583911,1,1,0.243434082,0,0,1
0.005,1,0,21.0,0,0,1
0.995,1,2,21.0,0,0,1
0.905,1,1,21.0,0,0,1
0.6124691637317735,1,0,0.240108052,0,0,1
4.08532757,1,2,21.431542316,0,0,1
0.00555,1,3,1.042371836,0,0,1
5.031985256715256,1,1,0.233479113,0,0,1
0.0045796,1,2,1.063972003,0,0,1
1.733990506184613,1,1,0.288183858,0,0,1
3.12247185,1,0,0.249131093,0,0,1
2.989829811560593,1,1,0.236817799,0,0,1
0.005,1,1,20.873010101,0,0,1
32.999994930572846,1,0,0.239162921,0,0,1
0.995,1,0,20.0,0,0,1
4.75959059,1,0,0.321927375,0,0,1
1.83321752,1,0,1.143569978,0,0,1
9.97278,1,0,22.000001337,0,0,1
9.98392246,1,3,22.000001337,0,0,1
0.378594,1,3,1.042148707,0,0,1
0.923927379761661,1,1,0.308905138,0,0,1
0.01,1,0,20.42469852,0,0,1
2.574878719026015,1,0,0.418083789,0,0,1
13.96800226,1,1,22.000001337,0,0,1
0.07448,1,4,1.046916333,0,0,1
28.06164785,1,1,22.000001337,0,0,1
9.99392246,1,2,22.000001337,0,0,1
0.09397439,1,2,1.126342189,0,0,1
0.0075423,1,4,1.185957749,0,0,1
12.99192246,1,1,22.127224645,0,0,1
2.79687443,1,0,20.0,0,0,1
1.19999494482792,1,0,0.43476765,0,0,1
0.01,1,2,20.0,0,0,1
0.35118,1,3,1.039840025,0,0,1
53.04257312,1,1,20.272024492,0,0,1
5.77252491,1,0,30.0,0,0,1
0.03235564,1,0,1.042279538,0,0,1
28.76187641,1,0,22.000001337,0,0,1
19.99997499699249,1,3,0.337906168,0,0,1
49.1691978,1,2,20.0,0,0,1
19.96252246,1,0,22.127224645,0,0,1
1.606,1,0,20.012773603,0,0,1
0.730934165185301,1,0,0.321927375,0,0,1
4.166633833080804,1,0,0.384681819,0,0,1
39.99985,1,2,1.346607349,0,0,1
300.0,1,0,21.0,0,0,1
0.005,1,0,20.873010101,0,0,1
0.005,1,0,21.0,0,0,1
1000.0,1,1,23.0,0,0,1
0.0101397,1,1,1.046735189,0,0,1
0.5339939760676555,1,0,0.267165316,0,0,1
11.803,1,3,21.0,0,0,1
17.126757607738362,1,0,0.245098184,0,0,1
22.99335485451383,1,2,0.235282764,0,0,1
22.14651572842578,1,3,22.000001337,0,0,1
82.00548826,1,2,21.0,0,0,1
6.998779166128827,1,1,0.243154668,0,0,1
9.99392246,1,1,22.000001337,0,0,1
10.00392246,1,2,21.0,0,0,1
7.52392246,1,0,22.000001337,0,0,1
0.005,1,0,21.596799909,0,0,1
0.01,1,2,20.0,0,0,1
9.60874622,1,1,22.000001337,0,0,1
0.02960876,1,0,1.207032224,0,0,1
0.834743193602767,1,0,0.36776174,0,0,1
0.005,1,0,24.568222891,0,0,1
0.995,1,1,20.272024492,0,0,1
27.295162219317707,1,1,0.245281989,0,0,1
199.9995804742055,1,1,0.321843841,0,0,1
0.26951773,1,1,1.049664773,0,0,1
42.21052928,1,0,21.0,0,0,1
25.995,1,0,21.0,0,0,1
0.01092591,1,1,21.0,0,0,1
7.399922703322924,1,2,0.251824522,0,0,1
21.98033246,1,0,22.000001337,0,0,1
9.99482946,1,0,22.000001337,0,0,1
84.30372246,1,2,22.000001337,0,0,1
0.02454254,1,1,1.242557817,0,0,1
0.526900913227204,1,4,0.249216844,0,0,1
1000.0,1,0,21.0,0,0,1
0.8695029969587619,1,0,0.307077589,0,0,1
0.03143621,1,1,1.046681808,0,0,1
1.18762054,1,1,1.169369111,0,0,1
149.99999363302186,1,1,0.485210834,0,0,1
0.41796353,1,0,21.0,0,0,1
2.012495188194933,1,1,0.279903845,0,0,1
24.99994027759104,1,1,0.238076445,0,0,1
4.5893,1,0,20.0,0,0,1
0.07448,1,1,1.046916333,0,0,1
0.00185,1,3,1.108905138,0,0,1
12.99392246,1,1,22.127224645,0,0,1
0.045,1,1,90.0,0,0,1
5.0,1,0,91.0,0,0,1
3.74,1,0,21.0,0,0,1
34.999559,1,1,21.0,0,0,1
0.52874697,1,0,20.0,0,0,1
9.995,1,0,21.0,0,0,1
10.195,1,3,20.0,0,0,1
0.00305508,1,3,1.044036836,0,0,1
0.01375,1,0,1.156843701,0,0,1
1.2380009,1,0,20.0,0,0,1
6.031,1,3,20.40801424,0,0,1
1.3160651155127705,1,1,0.257021202,0,0,1
0.00995,1,0,1.286395202,0,0,1
16.789510540404873,1,1,22.000001337,0,0,1
1.606,1,0,20.012773603,0,0,1
0.002408,1,3,20.815012353,0,0,1
24.49917679798256,1,3,0.384681819,0,0,1
0.01,1,0,20.40801424,0,0,1
2997.9973632952333,1,1,0.43362083,0,0,1
0.44277838,1,1,21.0,0,0,1
3.433994490463667,1,2,0.337906168,0,0,1
24.67992246,1,1,22.000001337,0,0,1
7.48688432,1,1,20.0,0,0,1
9.999537999971922,1,2,22.000001337,0,0,1
0.0805,1,1,20.0,0,0,1
0.005,1,1,21.0,0,0,1
0.21407496,1,0,20.0,0,0,1
0.01,1,2,20.0,0,0,1
0.65537122,1,1,20.0,0,0,1
0.01,1,2,20.42469852,0,0,1
0.54870815,1,1,20.0,0,0,1
39.98892246,1,0,22.000001337,0,0,1
1.995,1,0,21.661292598,0,0,1
4.4131,1,0,20.0,0,0,1
0.02785,1,1,1.056105854,0,0,1
0.702422490463667,1,0,0.262824488,0,0,1
18.337,1,1,21.0,0,0,1
11.249951667808968,1,2,0.355042644,0,0,1
0.5236038700339477,1,0,0.298840711,0,0,1
1.4095892478534822,1,2,0.321843841,0,0,1
0.524992374757935,1,1,0.246629989,0,0,1
3.45437501,1,2,20.0,0,0,1
0.0608,1,1,21.486870188,0,0,1
0.63225,1,0,1.15876105,0,0,1
9.999995059061956,1,2,0.322326307,0,0,1
10.19392246,1,0,22.127224645,0,0,1
8.27681859,1,1,21.0,0,0,1
4053.9999350971616,1,1,0.264526503,0,0,1
5.9931,1,2,21.0,0,0,1
0.874549057745246,1,3,0.24507077,0,0,1
500.0,1,2,20.873010101,0,0,1
0.921667,1,1,50.0,0,0,1
0.05819452,1,3,1.039521059,0,0,1
7.035559,1,0,22.000001337,0,0,1
9.12022,1,0,20.0,0,0,1
10.90356147,1,1,22.000001337,0,0,1
0.01,1,0,20.0,0,0,1
77.99985,1,0,1.094181687,0,0,1
1.229992990167429,1,1,0.443922838,0,0,1
0.1,1,2,10.0,0,0,1
0.00514476,1,2,1.028366258,0,0,1
0.7897126657246046,1,0,0.36210711,0,0,1
8.98362656,1,0,22.000001337,0,0,1
0.99500027,1,2,21.0,0,0,1
7.84392246,1,0,22.000001337,0,0,1
1.2799,1,1,20.0,0,0,1
0.0182316,1,1,1.055696546,0,0,1
9.418567,1,3,20.0,0,0,1
3.055594919581069,1,3,0.327717943,0,0,1
0.531987900322249,1,0,0.346401616,0,0,1
0.63675,1,1,1.037820166,0,0,1
0.291,1,1,20.887260762,0,0,1
0.095,1,2,21.0,0,0,1
0.0913,1,1,20.0,0,0,1
3.88918230177762,1,1,0.321845711,0,0,1
19.834407705661167,1,2,0.298840711,0,0,1
0.989,1,1,52.31514469,0,0,1
5.993957811425868,1,1,0.3193392,0,0,1
0.2980515,1,3,1.212978196,0,0,1
24.735,1,2,30.0,0,0,1
0.12167054,1,0,20.815012353,0,0,1
0.93552479,1,0,0.429864307,0,0,1
0.5613,1,2,20.0,0,0,1
1.4946,1,1,0.35576282,0,0,1
6.031,1,0,20.40801424,0,0,1
6.738,1,0,22.0,0,0,1
4.914076,1,1,21.954492566,0,0,1
0.548,1,0,20.0,0,0,1
0.05985,1,1,1.039913629,0,0,1
96.03758,1,0,21.0,0,0,1
0.40712479,1,1,1.284285539,0,0,1
1.045690109551758,1,1,0.321828952,0,0,1
18.53810568,1,1,21.0,0,0,1
40.85307189,1,1,20.0,0,0,1
0.0030515,1,0,1.110805676,0,0,1
0.10925,1,1,1.258392781,0,0,1
0.495,1,2,21.0,0,0,1
0.01,1,1,10.0,0,0,1
11.89392246,1,0,25.076374645,0,0,1
0.893191911720271,1,1,0.3193392,0,0,1
0.03506643,1,0,1.121845711,0,0,1
6.08649,1,0,21.0,0,0,1
1.43009,1,0,0.245976873,0,0,1
0.0002032990207564,1,1,1.002774922,0,0,1
9.99392246,1,0,22.000001337,0,0,1
7.51794946,1,2,22.000001337,0,0,1
26.46508384,1,0,22.000001337,0,0,1
0.05128938,1,3,1.213027167,0,0,1
150.0,1,2,20.42469852,0,0,1
0.002847,1,2,1.104962228,0,0,1
4.42723,1,1,21.0,0,0,1
0.52,1,0,20.0,0,0,1
3.898596377,1,0,0.315062017,0,0,1
9.98892246,1,1,22.000001337,0,0,1
185.07999497272388,1,0,0.321845711,0,0,1
0.005,1,2,20.0,0,0,1
9.636537999971925,1,1,22.000001337,0,0,1
4.995,1,2,20.0,0,0,1
1.4499304030775482,1,0,0.322457127,0,0,1
1.894705319967181,1,0,0.239394101,0,0,1
9.99392246,1,2,22.000001337,0,0,1
4.395595,1,0,20.0,0,0,1
21.99,1,1,21.0,0,0,1
3.12023555,1,0,1.23476765,0,0,1
39.99985,1,2,1.136607505,0,0,1
5.009615987878647,1,0,0.376846516,0,0,1
33.71392246,1,0,21.0,0,0,1
26.98958,1,2,22.000001337,0,0,1
0.74896498,1,0,1.201410984,0,0,1
23.99392246,1,2,22.000001337,0,0,1
0.00185,1,2,1.044657997,0,0,1
10.07192246,1,2,22.127224645,0,0,1
16.3,1,0,1.116702001,0,0,1
0.2102,1,0,20.0,0,0,1
899.9895105404049,1,1,22.000001337,0,0,1
13.5,1,0,1.047908918,0,0,1
1.167414347952949,1,0,0.43362083,0,0,1
1.824,1,1,24.670216374,0,0,1
9.99392246,1,1,22.000001337,0,0,1
0.0364134,1,2,1.160739558,0,0,1
11.24192246,1,1,21.0,0,0,1
8.99392246,1,0,22.000001337,0,0,1
6.98982,1,0,1.12956208,0,0,1
0.10052978,1,1,1.173434931,0,0,1
0.005,1,2,21.0,0,0,1
0.536,1,1,0.304430225,0,0,1
10.00392246,1,2,22.127224645,0,0,1
0.0013,1,0,20.0,0,0,1
1.0911983973279442,1,1,0.339479526,0,0,1
0.18003914,1,1,1.124488769,0,0,1
28.99710583,1,1,22.000001337,0,0,1
9.999537999971922,1,2,22.000001337,0,0,1
0.7359123169440178,1,1,0.240246068,0,0,1
5.50914663,1,1,27.72,0,0,1
0.0363135,1,2,1.126092759,0,0,1
0.8994,1,0,20.0,0,0,1
17.22853759,1,2,21.0,0,0,1
0.4958842102857348,1,1,0.245281989,0,0,1
0.01600479,1,1,1.112625657,0,0,1
4.033399451682014,1,1,0.318718529,0,0,1
19.99349552,1,1,22.127224645,0,0,1
11.99985,1,0,1.139656145,0,0,1
23.99985,1,0,1.041279616,0,0,1
0.5589535,1,1,1.132509702,0,0,1
39.09716932,1,0,1.147139557,0,0,1
0.0701,1,1,1.046077332,0,0,1
30.07879508197448,1,0,0.517813986,0,0,1
23.922,1,0,20.0,0,0,1
0.8141421,1,1,0.260790342,0,0,1
0.202408,1,0,20.887260762,0,0,1
16.83212523,1,0,21.0,0,0,1
0.5904580464356944,1,1,0.251043358,0,0,1
1.028620134,1,0,0.363883524,0,0,1
50.05972346,1,2,21.0,0,0,1
1.01913919,1,1,1.163432049,0,0,1
0.10245909,1,0,1.101750817,0,0,1
0.06059,1,0,1.046012665,0,0,1
0.0013,1,2,20.0,0,0,1
3.727827234671728,1,1,0.388031055,0,0,1
3.329465780705299,1,1,0.243610162,0,0,1
7.14607314,1,1,22.000001337,0,0,1
5.2860037,1,2,20.0,0,0,1
0.005,1,0,20.0,0,0,1
21059.19384154,1,1,1.148059449,0,0,1
244.830087999972,1,0,22.000001337,0,0,1
13.899537999971924,1,1,22.000001337,0,0,1
44.90345939,1,1,22.000001337,0,0,1
0.59246925,1,2,1.050884697,0,0,1
201.17302898937487,1,0,21.0,0,0,1
0.01,1,0,21.0,0,0,1
0.10985,1,1,1.041005266,0,0,1
8.17562825,1,0,1.114115218,0,0,1
0.00886267,1,1,1.112712835,0,0,1
2.4733,1,2,20.0,0,0,1
0.14985,1,0,1.041261656,0,0,1
28.809559,1,0,22.000001337,0,0,1
0.09985,1,0,1.079247901,0,0,1
0.378594,1,3,1.042148707,0,0,1
3.60056264,1,3,21.0,0,0,1
9.99392246,1,0,22.000001337,0,0,1
0.01,1,1,20.42469852,0,0,1
37.402,1,1,21.0,0,0,1
5.12384667,1,0,24.670216374,0,0,1
0.0193076,1,1,1.115023276,0,0,1
1.864342563979807,1,2,0.242391936,0,0,1
14.95792246,1,1,21.0,0,0,1
20.342783820392626,1,2,0.388031055,0,0,1
6.21587848,1,0,20.0,0,0,1
16.789510540404873,1,2,22.000001337,0,0,1
500.0,1,2,20.0,0,0,1
8.02904488,1,1,22.000001337,0,0,1
0.0306449,1,0,1.092132988,0,0,1
9.694759,1,1,22.000001337,0,0,1
0.005,1,2,20.873010101,0,0,1
15.42138567827562,1,0,0.378871716,0,0,1
0.789778432286651,1,1,0.359952214,0,0,1
5.251510839496272,1,1,0.239162921,0,0,1
3.495,1,2,20.0,0,0,1
50.05972346,1,0,21.0,0,0,1
19.99392246,1,1,20.159005428,0,0,1
9.69392246,1,0,22.000001337,0,0,1
19.96594946,1,1,21.0,0,0,1
99.99392246,1,0,22.000001337,0,0,1
5.251,1,0,22.0,0,0,1
0.09992668,1,2,1.044937319,0,0,1
1.089994907148397,1,0,0.244287527,0,0,1
0.792491477697113,1,1,0.325620822,0,0,1
1.28802556,1,1,20.0,0,0,1
0.100346,1,3,1.055446197,0,0,1
0.00185,1,0,1.041675253,0,0,1
9.995,1,3,20.0,0,0,1
0.21813798,1,0,1.128955269,0,0,1
8.1790509,1,0,22.000001337,0,0,1
1.8011902987854504,1,1,0.485210834,0,0,1
29.66832246,1,0,22.000001337,0,0,1
0.01007721,1,3,1.149097479,0,0,1
20.70447103,1,2,22.000001337,0,0,1
0.01,1,1,21.0,0,0,1
0.03064721,1,2,1.055736456,0,0,1
3.449901268067099,1,1,0.25848678,0,0,1
10.70781246,1,0,21.0,0,0,1
0.10285,1,2,1.128315435,0,0,1
9.995,1,0,23.369866721,0,0,1
0.5027126884669977,1,3,0.321828952,0,0,1
0.005,1,0,20.0,0,0,1
1.009986608388578,1,1,0.313079429,0,0,1
14.428343977210664,1,2,0.3193392,0,0,1
0.005,1,2,21.596799909,0,0,1
0.5760339442335641,1,0,0.254139651,0,0,1
8.45392246,1,2,22.000001337,0,0,1
0.26436703,1,2,20.0,0,0,1
0.12177134,1,2,20.0,0,0,1
48.404,1,0,20.0,0,0,1
0.005,1,0,20.873010101,0,0,1
0.789790808008478,1,1,0.322326307,0,0,1
5.400563023276232,1,1,0.24161278,0,0,1
11.86392246,1,1,21.0,0,0,1
2.18408985,1,0,1.08803648,0,0,1
10.99998813305853,1,1,0.308912007,0,0,1
2.5856106057121955,1,2,0.366007989,0,0,1
0.8309181,1,2,1.11457672,0,0,1
0.052,1,0,20.0,0,0,1
0.00203557,1,2,1.119681719,0,0,1
0.0077421,1,0,1.1289198,0,0,1
0.23235113,1,1,1.195903666,0,0,1
15.19652696,1,1,22.008407867,0,0,1
0.5341782822640984,1,0,0.24518582,0,0,1
0.0013,1,1,20.0,0,0,1
0.3833661,1,2,1.059941413,0,0,1
1.00062481,1,0,20.272024492,0,0,1
5.2023,1,0,20.0,0,0,1
0.14488717,1,1,1.184681819,0,0,1
7.74630172,1,1,22.000001337,0,0,1
0.202408,1,1,20.887260762,0,0,1
26.07492246,1,1,22.000001337,0,0,1
0.81326393,1,2,20.0,0,0,1
0.5501585298328,1,0,0.418083789,0,0,1
0.49985,1,0,1.0788472,0,0,1
0.06367335,1,2,1.158340194,0,0,1
27.99458,1,2,22.127224645,0,0,1
0.5650675634280766,1,1,0.346401616,0,0,1
17.06647474,1,2,22.127224645,0,0,1
3.495,1,1,20.0,0,0,1
0.15114156,1,2,1.220562431,0,0,1
4.1383,1,1,24.670216374,0,0,1
1.616482,1,5,20.0,0,0,1
16.689559,1,1,22.000001337,0,0,1
0.998831114702564,1,0,0.240246068,0,0,1
8.53612257,1,2,21.0,0,0,1
16.14742246,1,3,100.1,0,0,1
8.74480593,1,0,22.000001337,0,0,1
2.62295355,1,0,1.287110746,0,0,1
1.665,1,1,21.0,0,0,1
0.00235,1,1,1.111453018,0,0,1
3.244092543756597,1,2,0.304430225,0,0,1
16.99392246,1,2,22.127224645,0,0,1
27.71718,1,0,22.000001337,0,0,1
0.553413846388248,1,0,0.381102952,0,0,1
16.80606125,1,4,22.127224645,0,0,1
18.75807246,1,1,22.000001337,0,0,1
0.01407718,1,0,1.236737966,0,0,1
0.61000606,1,1,1.111219485,0,0,1
0.095,1,2,20.0,0,0,1
2.199994359542266,1,0,0.24161278,0,0,1
500.0,1,0,20.0,0,0,1
55.058,1,2,21.0,0,0,1
1.196680442603053,1,0,0.243338951,0,0,1
0.0258797,1,0,1.201072222,0,0,1
1797.9994341304298,1,0,0.36776174,0,0,1
6.499994884740263,1,2,0.48507515,0,0,1
500.0,1,1,21.0,0,0,1
0.01,1,1,21.0,0,0,1
10.69392246,1,0,21.0,0,0,1
0.6101025871941801,1,2,0.399923023,0,0,1
0.489383798006383,1,1,0.233479113,0,0,1
9.99392246,1,1,22.000001337,0,0,1
0.6101025871941801,1,0,0.399923023,0,0,1
27.99392246,1,1,22.000001337,0,0,1
0.5209692963082275,1,0,0.450152997,0,0,1
1.04989,1,0,1.063518719,0,0,1
13.28104377,1,1,22.127224645,0,0,1
21.657518480708053,1,1,22.000001337,0,0,1
0.5031681675074541,1,1,0.43476765,0,0,1
7.48432246,1,2,22.000001337,0,0,1
48.54187020360708,1,3,22.000001337,0,0,1
0.563322249155706,1,1,0.458624863,0,0,1
7.511,1,1,21.309262042,0,0,1
0.0894,1,0,20.0,0,0,1
1.4659552,1,0,21.0,0,0,1
2.13,1,1,21.0,0,0,1
0.01,1,2,20.42469852,0,0,1
0.00272977,1,1,1.042473807,0,0,1
0.09985,1,1,1.079247901,0,0,1
0.005,1,1,21.0,0,0,1
0.03815,1,1,1.15463077,0,0,1
0.0047451,1,0,1.055967146,0,0,1
9.57237581,1,0,20.0,0,0,1
21.658293949047493,1,3,0.245281989,0,0,1
0.01243793,1,0,1.045919228,0,0,1
4.0464,1,1,21.0,0,0,1
9.39831024,1,2,22.000001337,0,0,1
10.99392246,1,0,22.000001337,0,0,1
0.30213407,1,3,1.258184501,0,0,1
22.5083295,1,1,22.000001337,0,0,1
9.98892246,1,1,22.000001337,0,0,1
22.12835,1,0,1.112801496,0,0,1
0.84944559,1,3,21.0,0,0,1
1.4765978588245252,1,1,0.240608391,0,0,1
1.3716217830328097,1,1,0.377078153,0,0,1
3.449901268067099,1,0,0.25848678,0,0,1
74.99392246,1,0,50.0,0,0,1
0.563698,1,0,0.238076445,0,0,1
0.7007607435239745,1,2,0.36210711,0,0,1
25.8994603369785,1,1,22.000001337,0,0,1
1.540556,1,2,20.0,0,0,1
45.153766,1,3,20.0,0,0,1
0.1774,1,1,21.0,0,0,1
0.23085,1,0,1.14579094,0,0,1
2.466,1,0,0.249031321,0,0,1
0.63500086,1,1,30.0,0,0,1
0.5138644477534885,1,4,0.240246068,0,0,1
2.59985,1,2,1.165546135,0,0,1
1.0,1,1,1.098622457,0,0,1
1.595,1,1,21.0,0,0,1
0.11078053,1,0,1.039786405,0,0,1
1.0134,1,2,22.416545867,0,0,1
7.51794946,1,3,22.000001337,0,0,1
0.499993657521137,1,0,0.330598925,0,0,1
9.65724384,1,0,22.000001337,0,0,1
8.87214946,1,1,22.000001337,0,0,1
0.55509786,1,0,21.0,0,0,1
0.005,1,0,24.568222891,0,0,1
0.03034565,1,0,1.121784292,0,0,1
0.59433473,1,0,50.0,0,0,1
0.01,1,2,20.0,0,0,1
3.518473,1,1,21.0,0,0,1
22.04391445,1,0,30.0,0,0,1
0.781553,1,2,20.0,0,0,1
12.99392246,1,1,22.127224645,0,0,1
17.07761551,1,0,21.0,0,0,1
0.00278945,1,0,1.190184754,0,0,1
30.37768117502626,1,4,0.250674121,0,0,1
9.98892246,1,3,22.000001337,0,0,1
10.03944844,1,2,50.0,0,0,1
0.00600954,1,2,1.045455795,0,0,1
1.92566564,1,1,13.0,0,0,1
5.999994665866839,1,1,0.308905138,0,0,1
90.73,1,1,24.670216374,0,0,1
0.01585638,1,0,1.122631649,0,0,1
4.975518925331991,1,1,0.339479526,0,0,1
0.54870815,1,1,20.0,0,0,1
2.4663,1,0,20.0,0,0,1
0.01,1,2,20.0,0,0,1
0.0395,1,1,30.0,0,0,1
16.20561301,1,2,22.127224645,0,0,1
0.0764,1,0,21.0,0,0,1
0.02312589,1,0,1.103606153,0,0,1
1.8221259,1,1,1.199841177,0,0,1
1.9999078751285688,1,0,0.245098184,0,0,1
2.7924200786530973,1,2,0.304256367,0,0,1
0.062932,1,1,44.104297439,0,0,1
0.01,1,0,20.0,0,0,1
0.34589925,1,0,30.0,0,0,1
10.14083109,1,1,22.000001337,0,0,1
0.06922369,1,2,1.187339308,0,0,1
3.009346617024399,1,3,0.247672715,0,0,1
22.29999063,1,0,22.000001337,0,0,1
10.105,1,2,20.272024492,0,0,1
0.7301,1,1,23.697264639,0,0,1
19.995,1,1,30.0,0,0,1
0.005,1,0,20.873010101,0,0,1
9.99813962,1,3,22.000001337,0,0,1
0.00855,1,1,1.128536807,0,0,1
14.65291184,1,0,22.127224645,0,0,1
37.67991054040487,1,1,22.000001337,0,0,1
0.98864951,1,0,0.244694791,0,0,1
2.12981768,1,2,21.0,0,0,1
0.61000606,1,1,1.111219485,0,0,1
7.79815867,1,0,21.0,0,0,1
3.772966084274729,1,2,0.341590268,0,0,1
0.005,1,3,21.596799909,0,0,1
19.99392246,1,0,21.0,0,0,1
0.251875,1,2,1.06824051,0,0,1
23.803735485312725,1,1,0.436737966,0,0,1
51.9244473,1,3,22.000001337,0,0,1
3.495,1,1,30.0,0,0,1
0.0536623,1,1,1.053630541,0,0,1
7.511,1,1,21.309262042,0,0,1
2.0498072306554005,1,2,0.322457127,0,0,1
24.97392246,1,1,22.000001337,0,0,1
2.047318852988565,1,1,0.485210834,0,0,1
0.0096333,1,2,1.045281989,0,0,1
32.999994930572846,1,0,0.239162921,0,0,1
0.99502962,1,1,20.272024492,0,0,1
9.60374901,1,0,22.000001337,0,0,1
11.980003,1,0,23.369866721,0,0,1
0.095,1,1,21.0,0,0,1
7.03742246,1,1,22.000001337,0,0,1
0.53999303268321,1,0,0.240937201,0,0,1
2.542378674099978,1,3,0.244287527,0,0,1
165.72231176,1,0,22.073836554,0,0,1
19.99392246,1,4,21.0,0,0,1
0.00193,1,1,1.046240873,0,0,1
3.48151,1,1,20.0,0,0,1
8.1790509,1,0,22.000001337,0,0,1
0.0636138,1,0,1.160785633,0,0,1
1.23070288,1,0,21.0,0,0,1
56.49852246,1,2,21.0,0,0,1
0.01603813,1,3,1.040796887,0,0,1
0.00583454,1,0,1.071170151,0,0,1
41.17763813,1,2,1.176846516,0,0,1
0.21992581,1,1,1.149050743,0,0,1
0.45090965,1,0,1.202089291,0,0,1
11.453206,1,3,4.0,0,0,1
0.00285,1,0,1.136584068,0,0,1
0.848276718514367,1,1,0.399923023,0,0,1
0.7451704213125195,1,0,0.242391936,0,0,1
87.83541846783878,1,1,22.000001337,0,0,1
2000.0,1,2,21.0,0,0,1
0.03436008,1,2,1.131447078,0,0,1
2.999995105624164,1,1,0.43476765,0,0,1
1.0134,1,0,22.416545867,0,0,1
0.885,1,1,21.0,0,0,1
0.833494160762418,1,1,0.43362083,0,0,1
2.623,1,2,30.5,0,0,1
8.72345,1,4,1.1387007,0,0,1
0.7781709,1,4,1.159008226,0,0,1
17.22853759,1,0,21.0,0,0,1
0.827509454578449,1,1,0.372385933,0,0,1
20.86669252898078,1,1,0.517813986,0,0,1
0.01387103,1,1,1.154524387,0,0,1
0.50289508,1,0,0.288183858,0,0,1
0.05985,1,0,1.039913629,0,0,1
0.18003914,1,1,1.124488769,0,0,1
7.78913078,1,1,22.000001337,0,0,1
44.99999372434507,1,0,0.32051508,0,0,1
1.106357951194742,1,0,0.242391936,0,0,1
0.792491477697113,1,3,0.325620822,0,0,1
10.715104127538112,1,1,0.239863892,0,0,1
4.44981376,1,0,20.0,0,0,1
0.00185,1,1,1.031254902,0,0,1
0.0805,1,0,20.0,0,0,1
7.95051056,1,1,22.000001337,0,0,1
27.69745206,1,1,22.000001337,0,0,1
2.723992805406332,1,2,0.399923023,0,0,1
18.75807246,1,2,22.000001337,0,0,1
29.42207037,1,0,22.000001337,0,0,1
7.280941375291357,1,0,0.316702001,0,0,1
55.058,1,2,21.0,0,0,1
0.48811573,1,1,1.106626885,0,0,1
0.0066432,1,1,1.149119078,0,0,1
0.005,1,1,20.0,0,0,1
0.00485014,1,0,1.123530282,0,0,1
29.9385327426,1,1,22.000001337,0,0,1
21.99953532828245,1,3,22.000001337,0,0,1
0.0493005,1,1,1.087567913,0,0,1
189.99997006043867,1,2,0.337906168,0,0,1
2.923889569244497,1,2,0.321927375,0,0,1
0.9152005,1,1,21.0,0,0,1
7.927718491596604,1,2,0.233479113,0,0,1
9.995,1,2,21.0,0,0,1
25.99690642,1,0,22.000001337,0,0,1
0.0013,1,1,20.815012353,0,0,1
8.28315986,1,2,21.0,0,0,1
0.4897480563033695,1,1,0.235282764,0,0,1
0.00993,1,0,1.117128761,0,0,1
99.99946122590856,1,2,0.238286072,0,0,1
17.963,1,0,10.0,0,0,1
2.01006804,1,0,21.0,0,0,1
0.5316109632946442,1,0,0.428010974,0,0,1
29.99392246,1,1,22.000001337,0,0,1
0.670032457494275,1,2,0.355813575,0,0,1
0.499991990145602,1,2,0.322326307,0,0,1
8.07392246,1,0,22.000001337,0,0,1
3461.999478805949,1,0,0.408033061,0,0,1
0.005,1,1,20.0,0,0,1
35.423,1,3,20.272024492,0,0,1
14.99339746,1,0,21.0,0,0,1
8.225680756042633,1,1,0.375136715,0,0,1
0.9835879967203764,1,2,0.251560849,0,0,1
0.5066628410743025,1,3,0.241182291,0,0,1
2.49965,1,0,1.040032972,0,0,1
0.03424529,1,3,1.109650144,0,0,1
19.96392246,1,0,20.159005428,0,0,1
0.04079595,1,1,23.369866721,0,0,1
28.56811906,1,3,25.076374645,0,0,1
0.42166724,1,0,21.0,0,0,1
4.51184533,1,0,20.0,0,0,1
8.27681859,1,0,21.0,0,0,1
7.99937,1,0,22.000001337,0,0,1
1.425971160579523,1,0,0.239863892,0,0,1
0.995,1,0,20.0,0,0,1
0.78611032,1,2,21.0,0,0,1
11.70892246,1,0,21.0,0,0,1
8.14250528,1,1,22.000001337,0,0,1
0.01,1,0,20.0,0,0,1
0.24985,1,2,1.051158463,0,0,1
5.057,1,1,21.969348338,0,0,1
9.36882806,1,2,22.000001337,0,0,1
13.09392246,1,0,22.127224645,0,0,1
2.495,1,2,21.157421146,0,0,1
0.2813,1,0,20.0,0,0,1
0.28014853,1,2,20.0,0,0,1
0.00754419,1,0,1.129135044,0,0,1
0.520474,1,0,23.369866721,0,0,1
0.29985,1,3,1.269141772,0,0,1
1.199982265684257,1,1,0.31440281,0,0,1
23.99392246,1,1,22.000001337,0,0,1
524.4099677219285,1,0,0.591631254,0,0,1
0.7911484948292176,1,1,0.262824488,0,0,1
0.00578481,1,2,1.043246796,0,0,1
0.03635,1,1,30.0,0,0,1
0.005,1,1,20.873010101,0,0,1
7.49392246,1,2,22.000001337,0,0,1
14.755329,1,1,20.0,0,0,1
0.5025,1,3,0.36210711,0,0,1
0.01399912,1,0,1.241464016,0,0,1
165.54880151,1,2,22.000001337,0,0,1
1500.0,1,3,20.0,0,0,1
0.01,1,1,21.0,0,0,1
4.033399451682014,1,3,0.318718529,0,0,1
0.58441943,1,2,0.243057875,0,0,1
0.0395,1,1,30.0,0,0,1
1.8221259,1,1,1.199841177,0,0,1
3.772966084274729,1,1,0.341590268,0,0,1
0.01,1,2,20.0,0,0,1
0.01,1,1,20.0,0,0,1
2.1782694,1,4,1.124359735,0,0,1
0.01002402,1,1,1.119797448,0,0,1
0.28785,1,1,1.166761082,0,0,1
17.37202146,1,1,21.0,0,0,1
42.70394618,1,1,50.0,0,0,1
9.282,1,0,22.0,0,0,1
9.99392246,1,0,22.000001337,0,0,1
0.005,1,0,30.5,0,0,1
0.0113,1,0,23.697264639,0,0,1
10.47999086987935,1,1,0.427844078,0,0,1
0.00185,1,1,1.174753594,0,0,1
0.00185,1,2,1.108905138,0,0,1
0.06573559,1,1,1.048854112,0,0,1
7.399974652837473,1,1,0.243434082,0,0,1
0.01,1,3,21.0,0,0,1
2.69,1,1,20.012773603,0,0,1
30.99392246,1,1,22.000001337,0,0,1
28.06164785,1,1,22.000001337,0,0,1
1.999964710821596,1,1,0.254626787,0,0,1
1.4884798131364108,1,0,0.238819943,0,0,1
7.53392246,1,2,22.000001337,0,0,1
1.281442848358902,1,0,0.249216844,0,0,1
9.77992246,1,2,22.000001337,0,0,1
110.036159,1,3,21.0,0,0,1
0.09064124,1,0,1.160061156,0,0,1
0.12,1,2,20.0,0,0,1
0.36491912,1,0,1.222650617,0,0,1
15.21992246,1,1,22.000001337,0,0,1
2.495,1,0,21.157421146,0,0,1
0.58485,1,2,1.106483053,0,0,1
1.075,1,1,20.0,0,0,1
0.72010637,1,1,1.131151539,0,0,1
0.002408,1,3,20.0,0,0,1
0.488810077547532,1,1,0.48507515,0,0,1
50.05972346,1,2,21.0,0,0,1
0.995,1,3,30.5,0,0,1
20.71992246,1,1,22.000001337,0,0,1
19.53431533,1,1,25.076374645,0,0,1
0.01,1,1,20.0,0,0,1
7.54259455,1,1,22.000001337,0,0,1
0.21345,1,0,24.670216374,0,0,1
0.12167054,1,2,20.0,0,0,1
30.37768117502626,1,0,0.250674121,0,0,1
84.30372246,1,1,22.000001337,0,0,1
0.663466404265006,1,1,0.241283866,0,0,1
1.894705319967181,1,0,0.239394101,0,0,1
3.149894915030579,1,2,0.241635233,0,0,1
0.03488,1,0,20.0,0,0,1
5.418877,1,2,30.5,0,0,1
0.5313,1,0,21.486870188,0,0,1
0.5100281,1,1,1.111271865,0,0,1
6.08649,1,1,21.0,0,0,1
9.018044719971924,1,2,22.000001337,0,0,1
1498.999918677987,1,2,0.235282764,0,0,1
14.99985,1,3,1.142942232,0,0,1
7.29002246,1,1,22.000001337,0,0,1
16.99392246,1,1,22.127224645,0,0,1
0.03225,1,3,1.281111171,0,0,1
52.70738447319886,1,0,0.293232506,0,0,1
0.578270920064176,1,1,0.24317897,0,0,1
0.03488,1,0,20.0,0,0,1
14.49912859,1,0,0.43476765,0,0,1
7.29692246,1,0,22.000001337,0,0,1
29.995,1,0,21.661292598,0,0,1
0.5316109632946442,1,3,0.428010974,0,0,1
1.291,1,0,21.0,0,0,1
0.910979488046512,1,2,0.310560886,0,0,1
1.3716217830328097,1,0,0.377078153,0,0,1
1.864342563979807,1,0,0.242391936,0,0,1
0.00985,1,0,1.207809581,0,0,1
9.98392246,1,1,22.000001337,0,0,1
0.15,1,1,23.7564799,0,0,1
132.8648323,1,1,20.0,0,0,1
1.0436052,1,1,1.251860799,0,0,1
5.77252491,1,2,30.0,0,0,1
0.56461709,1,0,20.0,0,0,1
0.01141,1,1,1.140323326,0,0,1
0.37095,1,0,30.0,0,0,1
6.2913,1,2,21.0,0,0,1
1.519369619887606,1,1,0.241182291,0,0,1
149.99892246,1,0,22.0,0,0,1
5.99500252,1,1,1.0,0,0,1
22.73205,1,1,1.114357186,0,0,1
0.0554943,1,0,1.038871179,0,0,1
199.9999543990708,1,2,0.298840711,0,0,1
0.0118,1,0,1.132030314,0,0,1
23.80693516,1,1,22.000001337,0,0,1
9.636537999971925,1,1,22.000001337,0,0,1
0.00696961,1,0,1.236737966,0,0,1
0.02665764,1,2,1.21534148,0,0,1
13.38533722,1,1,100.1,0,0,1
0.10536501,1,0,1.050983773,0,0,1
799.99985,1,0,1.294270148,0,0,1
219.90892246,1,1,22.073836554,0,0,1
0.984,1,0,30.0,0,0,1
0.005,1,5,20.0,0,0,1
18.995,1,2,21.0,0,0,1
0.21192547,1,0,1.183192944,0,0,1
0.002408,1,1,20.0,0,0,1
0.015,1,0,20.0,0,0,1
1.239594789507363,1,1,0.243338951,0,0,1
5.09493547,1,1,22.416545867,0,0,1
0.01,1,1,20.0,0,0,1
4.925,1,2,20.0,0,0,1
0.34589925,1,0,30.0,0,0,1
0.790995156023639,1,1,0.243434082,0,0,1
0.005,1,3,20.0,0,0,1
0.01,1,0,20.0,0,0,1
3.08900244,1,1,20.0,0,0,1
10.99392246,1,0,21.0,0,0,1
0.0113,1,2,20.0,0,0,1
0.00235,1,1,1.048648569,0,0,1
0.98622,1,1,0.399923023,0,0,1
0.498274431352212,1,1,0.328991132,0,0,1
1.127470340789672,1,4,0.321845711,0,0,1
2.204,1,0,22.667583079,0,0,1
0.9995402250444224,1,0,0.24507077,0,0,1
0.0536623,1,0,1.053630541,0,0,1
0.63724012,1,1,20.887260762,0,0,1
1.75,1,2,20.0,0,0,1
25.099559,1,2,22.000001337,0,0,1
592.37353273,1,1,20.0,0,0,1
9.7868137,1,0,22.000001337,0,0,1
0.9268265414351028,1,1,0.230870737,0,0,1
8.23682513,1,0,0.43362083,0,0,1
0.005,1,3,20.873010101,0,0,1
0.5938992199239403,1,1,0.327717943,0,0,1
9.5313166376,1,4,22.000001337,0,0,1
8.351635,1,1,20.0,0,0,1
17.37202146,1,0,21.0,0,0,1
24.99985,1,0,1.177442044,0,0,1
1.02103963048665,1,1,0.267165316,0,0,1
5.251,1,0,22.0,0,0,1
9.50392246,1,1,22.000001337,0,0,1
1.1971303732246807,1,0,0.251043358,0,0,1
18.995,1,1,20.0,0,0,1
2.90681539,1,2,0.232520717,0,0,1
0.014636,1,4,1.103725526,0,0,1
3.12247185,1,2,0.249131093,0,0,1
12.303,1,2,20.0,0,0,1
0.05318,1,1,1.04238713,0,0,1
0.07898275,1,0,1.131600344,0,0,1
40.17782246,1,1,22.073836554,0,0,1
13.32544186,1,0,22.127224645,0,0,1
24.995,1,0,21.0,0,0,1
12.49392246,1,1,22.000001337,0,0,1
0.05174407,1,0,1.204512407,0,0,1
0.164,1,3,20.0,0,0,1
2.65372,1,3,20.0,0,0,1
2.5269472858509894,1,1,0.267165316,0,0,1
0.0126147,1,1,1.151926513,0,0,1
0.0054377,1,1,1.107083779,0,0,1
0.04985,1,1,1.236476399,0,0,1
1.3966493137326594,1,1,0.309081792,0,0,1
14.99392246,1,1,21.0,0,0,1
10.14902566773965,1,1,21.0,0,0,1
1.0155,1,3,22.0,0,0,1
0.01,1,1,20.0,0,0,1
25.28958,1,0,22.000001337,0,0,1
0.01,1,1,21.0,0,0,1
400.0,1,2,22.073836554,0,0,1
0.00185,1,0,1.301437971,0,0,1
0.859889938650919,1,0,0.322326307,0,0,1
35.08847,1,2,22.000001337,0,0,1
5.61793138,1,0,21.0,0,0,1
0.00385,1,2,1.040604201,0,0,1
0.812451328705299,1,1,0.242766032,0,0,1
33.029397,1,0,22.000001337,0,0,1
12.82402686,1,2,22.127224645,0,0,1
0.01479156,1,0,1.131286094,0,0,1
4.999994913877396,1,3,0.243442682,0,0,1
0.005,1,1,30.5,0,0,1
0.00314124,1,1,1.132332499,0,0,1
0.906688536061234,1,1,0.298840711,0,0,1
13.8373375,1,2,21.0,0,0,1
0.14444811,1,2,1.198309145,0,0,1
0.00235,1,0,1.046317694,0,0,1
51.9244473,1,0,22.000001337,0,0,1
0.01,1,0,21.0,0,0,1
0.0031226,1,0,1.122519797,0,0,1
10.41432246,1,0,22.127224645,0,0,1
17.19653501,1,1,0.428010974,0,0,1
0.16354993,1,0,1.222896783,0,0,1
0.06573559,1,0,1.048854112,0,0,1
0.03295,1,2,1.104689992,0,0,1
42.70394618,1,3,50.0,0,0,1
17.269393442142512,1,0,0.251043358,0,0,1
0.0024474,1,2,1.184147797,0,0,1
19.99392246,1,1,21.0,0,0,1
0.032452,1,1,1.041111254,0,0,1
0.00937377,1,1,1.039985907,0,0,1
1.1763987425575169,1,1,0.341035159,0,0,1
24.99999478728569,1,0,0.303189435,0,0,1
23.99392246,1,1,22.000001337,0,0,1
0.5053245254476463,1,1,0.450152997,0,0,1
4.13781319,1,1,21.0,0,0,1
8.225680756042633,1,0,0.375136715,0,0,1
0.01,1,2,20.0,0,0,1
1.2877899423784336,1,4,0.240108052,0,0,1
0.718173754626134,1,0,0.304430225,0,0,1
0.00285,1,0,1.119946375,0,0,1
7.96203355,1,0,22.000001337,0,0,1
0.7379822200055858,1,1,0.474345778,0,0,1
0.04212663,1,1,1.162440281,0,0,1
12.694,1,1,21.0,0,0,1
5.0,1,1,21.0,0,0,1
99.99392246,1,0,22.000001337,0,0,1
7.44482299,1,1,22.000001337,0,0,1
20.48392246,1,1,21.0,0,0,1
7.45646746,1,1,22.000001337,0,0,1
1.082994843875964,1,0,0.24507077,0,0,1
0.09473973,1,1,1.048155292,0,0,1
10.0,1,2,22.202634191,0,0,1
0.7760504612875274,1,1,0.303189435,0,0,1
0.31468,1,0,20.0,0,0,1
0.6708,1,1,20.0,0,0,1
0.6377788850945206,1,1,0.239555031,0,0,1
1.690170058413268,1,0,0.243442682,0,0,1
0.10982,1,0,1.1784578,0,0,1
0.05765932,1,0,1.206811414,0,0,1
0.9322814028660654,1,1,0.341590268,0,0,1
199.999559,1,1,22.000001337,0,0,1
0.03034565,1,0,1.121784292,0,0,1
0.5421313457396583,1,0,0.591631254,0,0,1
0.01137479,1,0,1.044399806,0,0,1
19.99997499699249,1,2,0.337906168,0,0,1
30.96389828,1,1,1.041077967,0,0,1
49.1691978,1,1,20.0,0,0,1
99.99392246,1,0,22.000001337,0,0,1
0.05819452,1,2,1.039521059,0,0,1
0.739993509282368,1,0,0.36210711,0,0,1
0.02789,1,1,1.044200762,0,0,1
26.374559,1,1,22.000001337,0,0,1
27.58064355137063,1,1,0.294267018,0,0,1
9.99392246,1,0,22.000001337,0,0,1
0.9033860434154752,1,0,0.321845711,0,0,1
0.01437069,1,1,1.112694087,0,0,1
24.99985,1,0,1.236913275,0,0,1
0.89985,1,2,1.044796091,0,0,1
37.98958,1,0,22.000001337,0,0,1
1.716193002038674,1,1,0.243610162,0,0,1
0.5613,1,0,20.0,0,0,1
110.22954532700346,1,1,0.4032001,0,0,1
0.00185,1,0,1.137699861,0,0,1
0.548995032649983,1,0,0.245976873,0,0,1
15.617094516288548,1,1,21.0,0,0,1
0.058936,1,1,30.5,0,0,1
0.0244254,1,1,1.047699847,0,0,1
2.865,1,1,20.272024492,0,0,1
9.99958,1,4,22.000001337,0,0,1
2.0498072306554005,1,3,0.322457127,0,0,1
0.14981886,1,0,21.0,0,0,1
0.40081807,1,0,1.03714366,0,0,1
3.77680065,1,0,21.157421146,0,0,1
18.79392246,1,0,22.127224645,0,0,1
3.809,1,3,20.012773603,0,0,1
30.99392246,1,1,22.000001337,0,0,1
0.16,1,0,1.041351812,0,0,1
4.713,1,3,20.0,0,0,1
22.09485,1,2,1.121751303,0,0,1
7.70092246,1,0,22.000001337,0,0,1
0.999994872704218,1,0,0.294452624,0,0,1
294.65217277,1,1,20.0,0,0,1
9.282,1,2,22.0,0,0,1
0.36968181,1,1,1.091671132,0,0,1
5.0,1,0,91.0,0,0,1
111.79128609265288,1,1,22.000001337,0,0,1
0.56486414,1,3,1.140057923,0,0,1
500.0,1,2,21.0,0,0,1
5.38196667,1,0,20.0,0,0,1
33.47392246,1,1,22.000001337,0,0,1
0.49206872,1,1,1.044102541,0,0,1
55.058,1,2,21.0,0,0,1
2.204,1,0,22.667583079,0,0,1
18.995,1,0,20.0,0,0,1
16.120359,1,1,22.000001337,0,0,1
1.510483,1,3,22.917630378,0,0,1
11.94562475,1,0,50.0,0,0,1
8.50472246,1,2,22.000001337,0,0,1
8.85522246,1,0,22.000001337,0,0,1
0.00244306,1,1,1.24849985,0,0,1
0.51,1,1,0.339479526,0,0,1
7.03742246,1,2,22.000001337,0,0,1
13.87500746,1,1,21.0,0,0,1
3.827082,1,1,0.348392543,0,0,1
4.996152,1,0,20.0,0,0,1
1.22282,1,0,1.175778141,0,0,1
4.125537558445996,1,1,0.372385933,0,0,1
0.005,1,0,22.0,0,0,1
397.5999798709,1,1,0.302633325,0,0,1
0.05021491,1,0,1.128467891,0,0,1
8.189559,1,2,22.000001337,0,0,1
1545.999994768247,1,0,0.246927868,0,0,1
5.835162491281936,1,3,0.294267018,0,0,1
28.0291471,1,1,22.000001337,0,0,1
0.4024,1,1,20.0,0,0,1
0.51851051,1,2,1.235517093,0,0,1
13.8373375,1,2,21.0,0,0,1
0.00695118,1,0,1.221494354,0,0,1
16.789510540404873,1,0,22.000001337,0,0,1
49.1691978,1,2,20.0,0,0,1
35.423,1,0,20.272024492,0,0,1
7.92259352,1,0,22.000001337,0,0,1
0.06392077,1,1,1.042071444,0,0,1
0.01067277,1,3,1.033073701,0,0,1
0.5066628410743025,1,3,0.241182291,0,0,1
0.50380224,1,4,1.046663179,0,0,1
1.4304089389090422,1,0,0.250317593,0,0,1
7.64779876,1,1,22.000001337,0,0,1
299.99892246,1,0,22.073836554,0,0,1
5.50914663,1,0,27.72,0,0,1
32.999993776679965,1,0,0.241601189,0,0,1
0.26951773,1,1,1.049664773,0,0,1
0.906688457609392,1,1,0.321845711,0,0,1
0.61985,1,2,1.242557817,0,0,1
9.63963768,1,2,22.000001337,0,0,1
0.105352,1,1,21.0,0,0,1
4.1383,1,1,24.670216374,0,0,1
81.808559,1,0,22.000001337,0,0,1
0.005,1,1,24.568222891,0,0,1
0.2761826,1,1,20.0,0,0,1
0.00583454,1,0,1.071170151,0,0,1
0.01710049,1,0,1.304082981,0,0,1
24.99985,1,1,1.312382681,0,0,1
72.14011146,1,0,25.076374645,0,0,1
5.069,1,1,21.0,0,0,1
2.586,1,0,0.327717943,0,0,1
62.20595285,1,2,22.000001337,0,0,1
0.00328515,1,0,1.043021416,0,0,1
0.03484,1,0,1.27612587,0,0,1
10.99392246,1,4,22.000001337,0,0,1
2.191,1,1,20.0,0,0,1
28.999994356668488,1,0,0.235282764,0,0,1
10.37377037,1,1,22.127224645,0,0,1
0.02066832,1,2,1.047105624,0,0,1
217.77577621171432,1,1,0.31440281,0,0,1
7.48738593,1,2,22.000001337,0,0,1
90.989559,1,1,22.000001337,0,0,1
29.66832246,1,0,22.000001337,0,0,1
1.8653827761309127,1,2,0.245976873,0,0,1
0.705583,1,0,1.211873184,0,0,1
0.995,1,1,21.0,0,0,1
2.37033654,1,1,1.138220883,0,0,1
7.52392246,1,2,22.000001337,0,0,1
10.05812246,1,0,22.000001337,0,0,1
0.005,1,1,21.0,0,0,1
6.9015,1,1,21.0,0,0,1
0.395,1,1,30.0,0,0,1
0.00185,1,2,1.145710688,0,0,1
0.6124691637317735,1,2,0.240108052,0,0,1
0.31857088,1,0,1.048001627,0,0,1
0.522408,1,2,20.0,0,0,1
9.99813962,1,1,22.000001337,0,0,1
39.99985,1,0,1.191674583,0,0,1
2.06109742,1,1,20.0,0,0,1
0.11573,1,1,1.133537925,0,0,1
0.6154087168384746,1,0,0.247292168,0,0,1
0.00710134,1,0,1.137421822,0,0,1
39.42720172,1,1,21.0,0,0,1
27.149469772860844,1,0,22.000001337,0,0,1
55.058,1,1,21.0,0,0,1
20.995,1,2,24.984572277,0,0,1
0.19125,1,0,1.208205771,0,0,1
0.005,1,2,21.0,0,0,1
7.45646746,1,0,22.000001337,0,0,1
0.195258,1,1,1.074084082,0,0,1
8.49392246,1,1,22.000001337,0,0,1
0.01,1,0,20.0,0,0,1
0.04711016,1,0,1.228652867,0,0,1
4.069197986221414,1,1,0.251351082,0,0,1
0.422,1,2,20.0,0,0,1
0.26035,1,1,1.04307533,0,0,1
0.00495,1,0,1.308411482,0,0,1
5.54962147,1,4,20.0,0,0,1
0.13251471,1,1,1.13783783,0,0,1
1.0436052,1,2,1.251860799,0,0,1
7.462394048163005,1,0,0.243154668,0,0,1
0.9999861745287127,1,2,0.359740198,0,0,1
800.0,1,2,21.0,0,0,1
18.706191171211,1,1,0.299798668,0,0,1
1.813372025751404,1,0,0.341035159,0,0,1
0.0144354,1,0,1.041097774,0,0,1
0.004255,1,1,1.040681623,0,0,1
