value_eth,is_new_recipient,interaction_count,gas_gwei,blacklist_hit,repeat_tx,label
4.0029046040743195,1,1,20.0,1,0,1
0.8444657898786281,1,0,20.0,1,0,1
0.0661149943830316,1,1,20.0,1,0,1
5.0,1,1,32.4406867587027,1,0,1
5.0,1,1,20.0,1,0,1
5.0,1,1,29.819053436830018,1,0,1
0.020542891493370494,1,1,20.0,1,0,1
0.6769186577027302,1,0,20.0,1,0,1
0.9062265558837319,1,0,20.0,1,0,1
5.0,1,0,23.19521568631651,1,0,1
5.0,1,0,29.29269185241005,1,0,1
5.0,1,0,20.0,1,0,1
5.0,1,0,29.031908759163304,1,0,1
0.18987718859233896,1,0,20.0,1,0,1
0.8143133596905672,1,1,20.0,1,0,1
5.0,1,1,29.112073296478883,1,0,1
0.0655320427133514,1,1,20.0,1,0,1
0.0950205141797448,1,1,20.0,1,0,1
0.0047914606692639715,1,1,25.43967362470851,1,0,1
5.0,1,0,27.771487627277292,1,0,1
0.006740381200923411,1,1,20.0,1,0,1
0.1863257071708191,1,1,31.61800283464073,1,0,1
5.0,1,0,28.117430929517397,1,0,1
5.0,1,0,32.041394361364965,1,0,1
0.1737149747880324,1,0,29.844088907381554,1,0,1
0.0018810143419433327,1,0,22.47967660190833,1,0,1
0.7075009057213536,1,0,20.0,1,0,1
0.4770790342590828,1,1,20.0,1,0,1
5.0,1,0,20.0,1,0,1
0.029534887491246192,1,1,20.0,1,0,1
1.1648783864303742,1,1,20.0,1,0,1
0.17882184026439332,1,1,29.051964034886815,1,0,1
0.5648589072258975,1,0,55.65673147235087,1,0,1
0.005694356724869969,1,0,24.822895791483887,1,0,1
0.04388248250295459,1,0,20.0,1,0,1
1.8381604672437744,1,0,20.0,1,0,1
0.18524305081837023,1,1,20.0,1,0,1
1.3705334404507077,1,1,20.0,1,0,1
2.3844092781677326,1,0,25.953051607603996,1,0,1
5.0,1,0,32.87023356342844,1,0,1
0.33113844298942324,1,1,22.089007567726853,1,0,1
5.0,1,1,25.04395964788654,1,0,1
0.7134651629946408,1,1,20.0,1,0,1
1.377369114182716,1,1,20.0,1,0,1
0.005769136640012502,1,0,33.665802794559,1,0,1
5.0,1,0,20.0,1,0,1
0.007104482008125102,1,0,20.0,1,0,1
4.716235100901432,1,1,20.0,1,0,1
5.0,1,1,21.794776801503623,1,0,1
2.374433861492226,1,1,20.0,1,0,1
0.8665352423783889,1,1,24.680468954126756,1,0,1
0.16457131487998153,1,1,20.0,1,0,1
0.18895817263479137,1,0,25.252771247034143,1,0,1
5.0,1,0,20.0,1,0,1
0.0748903219574017,1,0,20.0,1,0,1
5.0,1,1,24.794181819197803,1,0,1
0.02641459625729289,1,0,20.0,1,0,1
0.9882246812616736,1,0,20.0,1,0,1
0.005497846428340762,1,0,20.0,1,0,1
0.2592946413475634,1,0,20.0,1,0,1
5.0,1,0,32.50137810052992,1,0,1
0.006938147993490435,1,1,28.9051787073561,1,0,1
3.0501983837370616,1,0,20.0,1,0,1
0.5832787722928805,1,1,20.0,1,0,1
0.4008915318608783,1,0,20.0,1,0,1
5.0,1,0,20.0,1,0,1
0.0024397572262034204,1,0,20.0,1,0,1
5.0,1,1,29.665209176219808,1,0,1
5.0,1,0,29.637926874297197,1,0,1
3.0786502235831654,1,1,20.0,1,0,1
5.0,1,0,24.951776124457382,1,0,1
5.0,1,1,29.900267722909742,1,0,1
0.0005,1,0,20.0,1,0,1
0.7646333039298465,1,0,20.0,1,0,1
0.14903479405510944,1,1,25.57289727637532,1,0,1
0.059529207764337885,1,0,20.0,1,0,1
5.0,1,1,26.425063323916802,1,0,1
5.0,1,1,29.00886245100784,1,0,1
0.009821728519527936,1,0,20.0,1,0,1
0.004991871754958307,1,1,20.0,1,0,1
0.008956120257314772,1,0,24.440321584030986,1,0,1
0.010825165679134314,1,0,20.0,1,0,1
4.474864222722889,1,1,20.0,1,0,1
5.0,1,0,20.0,1,0,1
5.0,1,0,20.0,1,0,1
5.0,1,1,29.468496970906187,1,0,1
5.0,1,1,30.989115592039955,1,0,1
0.08450178944905755,1,1,20.0,1,0,1
1.8521032623219758,1,0,20.0,1,0,1
5.0,1,1,24.857475194941934,1,0,1
5.0,1,0,30.211572999789038,1,0,1
0.6639379418390565,1,1,25.80086045049679,1,0,1
5.0,1,0,20.0,1,0,1
0.07395177654528237,1,1,20.0,1,0,1
5.0,1,1,20.0,1,0,1
5.0,1,1,20.0,1,0,1
5.0,1,1,33.28295059529008,1,0,1
0.013279001690988812,1,1,20.0,1,0,1
0.014578906266313876,1,0,20.0,1,0,1
0.5437046397927319,1,1,20.0,1,0,1
0.9293360514141416,1,0,20.0,1,0,1
5.0,1,0,23.3906202065545,1,0,1
0.6820485244547204,1,1,20.0,1,0,1
0.9606373316586987,1,0,20.0,1,0,1
1.0766260778447179,1,1,27.144430846488184,1,0,1
5.0,1,0,30.72735921144356,1,0,1
5.0,1,0,29.7971372326187,1,0,1
1.310685180250442,1,1,27.046372660671565,1,0,1
0.6254802901185981,1,1,20.0,1,0,1
5.0,1,0,22.860743489310362,1,0,1
5.0,1,1,27.206427264164546,1,0,1
0.7508613063909564,1,0,20.0,1,0,1
5.0,1,0,20.0,1,0,1
0.009106353154453498,1,1,21.82425086159553,1,0,1
5.0,1,1,22.832880728787963,1,0,1
5.0,1,1,30.660625616041436,1,0,1
1.0959160156034036,1,0,21.01165256490181,1,0,1
0.08014363126556312,1,1,24.247405162118827,1,0,1
5.0,1,0,20.0,1,0,1
0.8172418340017704,1,1,20.0,1,0,1
5.0,1,1,20.0,1,0,1
0.12047835464290012,1,0,20.0,1,0,1
0.2661325559553097,1,1,20.0,1,0,1
3.2317537705115074,1,0,20.0,1,0,1
5.0,1,0,21.167463611548868,1,0,1
0.121946941589853,1,1,20.0,1,0,1
5.0,1,1,20.0,1,0,1
0.015840802379829856,1,1,20.0,1,0,1
0.5431324352382949,1,0,20.0,1,0,1
5.0,1,0,24.088101708375152,1,0,1
5.0,1,1,28.59375955178014,1,0,1
5.0,1,0,20.0,1,0,1
0.15501850085382426,1,1,20.0,1,0,1
0.0706800897636331,1,0,29.56506837149051,1,0,1
5.0,1,0,23.369884689843555,1,0,1
2.068416063295418,1,1,29.99291823014622,1,0,1
0.8805647031989878,1,1,41.15075017977557,1,0,1
5.0,1,0,25.15670811441187,1,0,1
2.1613076728083476,1,1,20.0,1,0,1
5.0,1,0,29.02168904310021,1,0,1
2.865004520318183,1,1,20.0,1,0,1
5.0,1,0,25.99675928943959,1,0,1
5.0,1,0,29.388944750108568,1,0,1
0.983968180495121,1,1,20.0,1,0,1
5.0,1,0,29.550107392871226,1,0,1
1.0622847835050826,1,1,20.0,1,0,1
0.04083645716408625,1,0,20.0,1,0,1
5.0,1,0,26.816912679218774,1,0,1
0.03085189669789904,1,0,64.64944720162846,1,0,1
5.0,1,0,31.61686028054873,1,0,1
0.02342812760512424,1,0,20.0,1,0,1
5.0,1,0,25.449615219357305,1,0,1
5.0,1,0,28.385486198161384,1,0,1
0.7122031882634217,1,1,20.0,1,0,1
0.7681846474678486,1,0,20.0,1,0,1
0.9626065247353724,1,0,20.0,1,0,1
0.002025542717235032,1,1,20.0,1,0,1
5.0,1,1,22.219794303761358,1,0,1
0.49251084584784555,1,1,42.94389141838955,1,0,1
2.7250222507941335,1,0,29.705809975581918,1,0,1
5.0,1,0,51.947459649991416,1,0,1
5.0,1,1,33.67453671243012,1,0,1
0.06904877840082875,1,0,20.0,1,0,1
0.1524825575006201,1,0,30.73107373045984,1,0,1
0.006428337293573937,1,0,27.675328394469812,1,0,1
1.2642179528642048,1,1,20.027846646265417,1,0,1
5.0,1,1,22.326120667858834,1,0,1
4.244229571938662,1,1,23.524396200138593,1,0,1
5.0,1,1,24.818543175340125,1,0,1
0.4312013917168711,1,0,20.0,1,0,1
4.487322025693869,1,0,52.34982025868088,1,0,1
0.03312789013576188,1,0,20.0,1,0,1
1.2061685313615353,1,0,20.0,1,0,1
0.007231315431792802,1,0,20.928637051733496,1,0,1
5.0,1,1,28.83097887268995,1,0,1
5.0,1,1,22.95203293861139,1,0,1
5.0,1,0,26.222963224437787,1,0,1
0.039076671910270484,1,1,22.550859620282214,1,0,1
0.8997567573390371,1,0,20.0,1,0,1
0.2875622971690284,1,1,20.0,1,0,1
5.0,1,1,20.0,1,0,1
0.03986070044796944,1,1,20.0,1,0,1
0.28200383716080507,1,1,20.0,1,0,1
5.0,1,0,27.338249276886508,1,0,1
0.003756250846856088,1,1,20.0,1,0,1
0.8139977592074104,1,0,20.0,1,0,1
5.0,1,0,24.15715914898716,1,0,1
0.15363057121477774,1,1,27.720494973091576,1,0,1
5.0,1,1,20.0,1,0,1
5.0,1,0,23.911030434663854,1,0,1
2.8265164942719045,1,0,20.0,1,0,1
3.8250642409816704,1,0,20.0,1,0,1
5.0,1,0,39.437335433506505,1,0,1
1.469571473662866,1,0,21.26225035240595,1,0,1
0.0991230969448793,1,0,20.0,1,0,1
0.2491217498537178,1,0,20.0,1,0,1
0.11740925815507051,1,1,27.497328800711898,1,0,1
5.0,1,1,26.85728389864513,1,0,1
1.6166621154141172,1,1,20.0,1,0,1
0.011031997868631085,1,0,28.60686471409858,1,0,1
0.007053611797078961,1,1,28.89346527318858,1,0,1
5.0,1,0,20.0,1,0,1
1.6218977795601426,1,1,20.0,1,0,1
0.002995577420065245,1,0,20.0,1,0,1
5.0,1,0,20.318259456076476,1,0,1
5.0,1,0,30.577231328156916,1,0,1
0.0025990129870997174,1,0,20.0,1,0,1
0.8251625182811427,1,0,28.58054436894759,1,0,1
5.0,1,1,27.994033616633427,1,0,1
5.0,1,0,27.759724382152726,1,0,1
5.0,1,1,22.787879664802105,1,0,1
4.030202993775486,1,0,20.0,1,0,1
5.0,1,0,20.0,1,0,1
0.010110138815488598,1,0,20.0,1,0,1
0.04598850011602455,1,0,20.0,1,0,1
1.3459384788529534,1,1,20.0,1,0,1
5.0,1,0,20.0,1,0,1
5.0,1,1,28.89276370321371,1,0,1
0.10069203511483621,1,1,26.209690496423086,1,0,1
0.7428337838659079,1,1,20.0,1,0,1
5.0,1,1,25.174702593290775,1,0,1
0.004443220788480314,1,0,20.0,1,0,1
5.0,1,1,30.57320776412855,1,0,1
0.06955380936838901,1,0,20.0,1,0,1
3.6985193399251863,1,1,23.306590405782774,1,0,1
5.0,1,1,30.53121055773559,1,0,1
1.2638006583768888,1,0,20.0,1,0,1
0.07257581315038984,1,0,20.0,1,0,1
0.5406523087183683,1,0,20.0,1,0,1
2.698673198525845,1,0,24.918202776051444,1,0,1
5.0,1,0,22.364847935305605,1,0,1
0.059375203589910476,1,0,20.0,1,0,1
0.010838666597526879,1,1,20.0,1,0,1
0.6266267141820786,1,0,24.092851247340267,1,0,1
0.003801920170611127,1,1,20.0,1,0,1
0.013449444184406413,1,1,31.239385523365335,1,0,1
0.02675332602695447,1,1,20.0,1,0,1
5.0,1,1,20.0,1,0,1
5.0,1,0,20.0,1,0,1
5.0,1,0,25.329805851465718,1,0,1
0.8089245350699018,1,0,20.0,1,0,1
5.0,1,0,27.52020122925081,1,0,1
5.0,1,1,20.0,1,0,1
5.0,1,0,20.0,1,0,1
0.010391751320301887,1,0,29.94174051127137,1,0,1
5.0,1,0,21.23703806110217,1,0,1
0.9663516248844816,1,0,20.0,1,0,1
2.8310549480155918,1,1,22.16101920216919,1,0,1
0.004392772129832095,1,1,27.288814342123374,1,0,1
2.299505148291286,1,1,20.0,1,0,1
5.0,1,0,22.345344816205632,1,0,1
0.6761965087524172,1,0,20.0,1,0,1
1.4528209734296211,1,0,25.93364603420527,1,0,1
0.006445589011833397,1,0,20.0,1,0,1
0.1757888682530353,1,0,20.0,1,0,1
5.0,1,1,20.0,1,0,1
2.9431992189205034,1,1,20.0,1,0,1
5.0,1,0,25.253676002417205,1,0,1
0.07136061030841825,1,1,20.0,1,0,1
3.98950934585992,1,1,23.834834589648434,1,0,1
5.0,1,1,24.68051894394602,1,0,1
0.0034119470650341,1,1,20.0,1,0,1
5.0,1,1,29.430263711366276,1,0,1
5.0,1,0,22.89264225329307,1,0,1
0.1839622522856302,1,0,20.0,1,0,1
5.0,1,1,20.0,1,0,1
2.6301481572523566,1,1,23.072504263163385,1,0,1
1.3855940364626156,1,0,23.730329587092218,1,0,1
1.0890103613235436,1,1,20.0,1,0,1
0.8729581163247067,1,0,20.0,1,0,1
0.007798667528036461,1,0,20.0,1,0,1
5.0,1,1,28.358317519390503,1,0,1
5.0,1,0,26.14604415380668,1,0,1
5.0,1,1,22.88221580252547,1,0,1
0.005857161205777476,1,0,20.0,1,0,1
5.0,1,0,20.0,1,0,1
5.0,1,1,28.32395651594343,1,0,1
5.0,1,1,25.235002149089333,1,0,1
5.0,1,0,23.176915364706286,1,0,1
0.0432237877602555,1,0,20.0,1,0,1
5.0,1,1,34.21419538784985,1,0,1
0.0018837115420844244,1,1,20.0,1,0,1
5.0,1,0,20.0,1,0,1
0.009092422560497715,1,1,20.0,1,0,1
2.1871722766144805,1,0,20.0,1,0,1
0.010478841470798595,1,1,21.893653575381407,1,0,1
5.0,1,1,25.38244166435107,1,0,1
5.0,1,0,28.218894015826038,1,0,1
0.006529775073404283,1,0,20.0,1,0,1
5.0,1,0,20.0,1,0,1
5.0,1,1,20.0,1,0,1
0.003210248179192161,1,1,20.0,1,0,1
5.0,1,0,20.0,1,0,1
2.4498971236959823,1,0,20.0,1,0,1
0.06301385844254255,1,1,20.0,1,0,1
5.0,1,1,147.00140062010962,1,0,1
0.7618704267220315,1,0,20.0,1,0,1
0.40921620240708695,1,0,20.0,1,0,1
0.014002839012933406,1,1,20.0,1,0,1
0.7387436595368745,1,0,20.0,1,0,1
5.0,1,1,25.85021628559346,1,0,1
0.027081227241589383,1,0,20.0,1,0,1
0.47489100786789523,1,0,20.0,1,0,1
0.02729131216705025,1,1,20.0,1,0,1
1.344347119657509,1,0,20.0,1,0,1
5.0,1,0,22.450495916518133,1,0,1
0.19903697966402387,1,0,20.0,1,0,1
5.0,1,0,26.40712751602873,1,0,1
5.0,1,0,27.879952447917752,1,0,1
5.0,1,1,22.086185561411295,1,0,1
5.0,1,1,20.0,1,0,1
0.7329160332386426,1,0,25.63143469984288,1,0,1
5.0,1,1,24.136244251352625,1,0,1
0.01457278037273586,1,1,20.0,1,0,1
5.0,1,0,20.0,1,0,1
5.0,1,0,30.470080125553274,1,0,1
0.013496117819969254,1,1,22.46530396574943,1,0,1
5.0,1,1,23.960596001184975,1,0,1
5.0,1,1,30.708960268197465,1,0,1
0.003403657768629481,1,0,20.0,1,0,1
1.1699144251758347,1,1,20.0,1,0,1
0.0060081762442761215,1,1,22.16289494951194,1,0,1
0.883504915760879,1,0,20.0,1,0,1
0.020441329001663767,1,0,20.0,1,0,1
1.5928453563023552,1,1,22.542291376628697,1,0,1
0.9915137579655008,1,1,20.0,1,0,1
0.00843644940425983,1,0,26.580095456615968,1,0,1
5.0,1,0,21.760239921113076,1,0,1
5.0,1,1,31.619884037742807,1,0,1
5.0,1,0,20.74240872857752,1,0,1
0.641745602088448,1,1,20.0,1,0,1
3.450929258710747,1,0,20.0,1,0,1
0.7040651578933023,1,1,20.0,1,0,1
1.0644698909025891,1,1,27.9831195135011,1,0,1
0.0016883713444121391,1,0,20.0,1,0,1
0.0034197120882871346,1,0,20.0,1,0,1
5.0,1,0,20.0,1,0,1
5.0,1,1,30.019940038666782,1,0,1
5.0,1,0,22.770913965153326,1,0,1
0.047513969176147974,1,0,20.0,1,0,1
5.0,1,1,31.454485308496086,1,0,1
5.0,1,1,26.52886049546175,1,0,1
5.0,1,0,29.271414387815227,1,0,1
1.1382513118524813,1,0,20.0,1,0,1
1.505782287632345,1,1,27.531256100919933,1,0,1
0.04651931702982273,1,1,20.0,1,0,1
0.4655130718481981,1,0,20.0,1,0,1
5.0,1,1,27.892015478014194,1,0,1
0.7149519911918069,1,1,22.642691357452236,1,0,1
0.04575485543682708,1,0,20.0,1,0,1
5.0,1,0,32.59015170603475,1,0,1
0.006338428485067891,1,0,20.0,1,0,1
0.7931054091088355,1,0,20.0,1,0,1
0.03400273614975222,1,1,20.0,1,0,1
0.028787086248875396,1,0,20.0,1,0,1
5.0,1,0,24.610045202722066,1,0,1
5.0,1,0,20.0,1,0,1
0.6162114110610455,1,0,20.0,1,0,1
5.0,1,1,20.0,1,0,1
1.8308061841479955,1,0,25.049481359827375,1,0,1
5.0,1,0,28.529202531396827,1,0,1
0.03749415446657575,1,0,20.0,1,0,1
5.0,1,0,20.0,1,0,1
5.0,1,1,26.56410689802836,1,0,1
5.0,1,0,29.930854595504936,1,0,1
5.0,1,0,26.19847220823967,1,0,1
5.0,1,0,32.97425482789208,1,0,1
0.8993865521009494,1,0,25.054805874830468,1,0,1
5.0,1,1,27.460008817401203,1,0,1
5.0,1,0,20.0,1,0,1
0.01094660774830061,1,1,20.0,1,0,1
2.0069267647475084,1,0,20.0,1,0,1
5.0,1,0,26.393494963478634,1,0,1
1.0483695960320327,1,1,20.0,1,0,1
0.021049396918006925,1,1,20.0,1,0,1
5.0,1,1,20.0,1,0,1
5.0,1,1,21.223213269982917,1,0,1
5.0,1,1,25.328780600120346,1,0,1
1.2719326364350216,1,1,21.852968186151713,1,0,1
5.0,1,0,31.117186280140036,1,0,1
1.060476453247636,1,1,20.0,1,0,1
0.0020952806077803323,1,0,20.0,1,0,1
5.0,1,0,26.270874213996716,1,0,1
5.0,1,0,27.00232930988088,1,0,1
2.013208202556233,1,1,24.30833714451041,1,0,1
0.8006684903756149,1,1,20.0,1,0,1
3.9812086185691706,1,0,25.59038802332928,1,0,1
0.5871229686057292,1,1,22.159403211875762,1,0,1
0.37137074677089893,1,1,21.623786074242997,1,0,1
5.0,1,1,20.0,1,0,1
2.6078011359679256,1,1,20.0,1,0,1
1.2716926921530904,1,1,32.798572071611936,1,0,1
1.1149292698450095,1,0,23.27405767428861,1,0,1
2.4623324940771214,1,0,20.0,1,0,1
0.01639756032377798,1,1,23.984519300239402,1,0,1
0.42607392411545325,1,1,21.150656037949997,1,0,1
0.0005,1,0,24.578411048706307,1,0,1
5.0,1,1,28.09164939066312,1,0,1
2.47010748417483,1,1,27.259556750902206,1,0,1
5.0,1,0,30.63979639114691,1,0,1
5.0,1,1,20.0,1,0,1
5.0,1,0,32.131671184450006,1,0,1
5.0,1,1,22.815798489445992,1,0,1
5.0,1,1,28.56427705410368,1,0,1
0.010050592116522301,1,0,30.75426878298969,1,0,1
5.0,1,0,20.0,1,0,1
5.0,1,0,30.226122118127282,1,0,1
0.09255520531011811,1,0,20.0,1,0,1
0.0049206806463487724,1,1,20.0,1,0,1
3.5943587602408,1,0,26.729507153441695,1,0,1
5.0,1,1,29.222180030702248,1,0,1
1.0388424220205552,1,1,20.0,1,0,1
0.7603151004344405,1,0,24.091607277062153,1,0,1
2.641690042151112,1,1,20.0,1,0,1
0.6483833226445159,1,0,20.0,1,0,1
5.0,1,1,20.0,1,0,1
1.3632942010054516,1,0,33.12027549306067,1,0,1
0.16455799062602489,1,1,20.0,1,0,1
5.0,1,1,26.03537453408877,1,0,1
0.06491659415784808,1,0,20.0,1,0,1
5.0,1,1,22.550017130540628,1,0,1
3.8202849370092613,1,1,20.0,1,0,1
5.0,1,0,20.0,1,0,1
0.9686415263589723,1,0,26.453206013582566,1,0,1
5.0,1,1,27.24345719230678,1,0,1
0.7396731831888277,1,1,20.0,1,0,1
0.5075031334052073,1,0,20.0,1,0,1
5.0,1,1,20.0,1,0,1
3.9393268146850584,1,0,25.020479503521564,1,0,1
5.0,1,1,26.707173461220272,1,0,1
0.4076009162606269,1,0,20.0,1,0,1
2.346058688623956,1,1,27.29290152488613,1,0,1
0.020330670864872315,1,0,20.0,1,0,1
0.9304120865544425,1,0,20.0,1,0,1
0.02949104706027813,1,0,20.0,1,0,1
5.0,1,0,32.66491429198713,1,0,1
0.0019252864723632475,1,0,27.139876960657187,1,0,1
5.0,1,1,31.71001744643872,1,0,1
0.9238283103906545,1,1,20.0,1,0,1
0.04244974103212613,1,0,20.0,1,0,1
0.7985729567861073,1,1,20.0,1,0,1
5.0,1,0,38.13591498116203,1,0,1
0.014833959308928207,1,0,20.231325123806553,1,0,1
5.0,1,1,22.53185770077005,1,0,1
2.298149092679183,1,1,30.245741843937683,1,0,1
5.0,1,0,20.0,1,0,1
0.013572351455783215,1,1,20.0,1,0,1
0.008335818592984693,1,0,27.307930299748065,1,0,1
0.6795145091939824,1,0,27.756497079254583,1,0,1
1.133409667879027,1,0,20.0,1,0,1
0.013433594638658009,1,0,30.553250471278872,1,0,1
5.0,1,0,25.214201082267927,1,0,1
5.0,1,1,20.0,1,0,1
3.5173796150679397,1,0,20.0,1,0,1
0.7146625442797139,1,0,20.0,1,0,1
2.9615597505787155,1,0,20.0,1,0,1
0.003374801693515759,1,1,20.0,1,0,1
0.13691574030572665,1,1,20.0,1,0,1
2.626976328348269,1,1,22.435126446576096,1,0,1
5.0,1,0,20.0,1,0,1
1.4012644484560304,1,1,20.0,1,0,1
0.07716016334058684,1,0,20.0,1,0,1
3.119267436260032,1,1,23.190924591634836,1,0,1
5.0,1,1,30.244521274192444,1,0,1
0.021854277776329922,1,1,24.256936462796897,1,0,1
5.0,1,0,21.71720522924523,1,0,1
0.004855347411666889,1,1,20.0,1,0,1
0.46161674749495596,1,1,20.0,1,0,1
5.0,1,1,27.315636568564564,1,0,1
0.18339167055019356,1,1,20.0,1,0,1
0.021692179453868112,1,1,20.0,1,0,1
0.3429453423727938,1,1,20.0,1,0,1
0.018183465831845293,1,1,20.0,1,0,1
0.8829250352092743,1,0,20.0,1,0,1
0.012439126241789484,1,1,20.0,1,0,1
1.3216625066683807,1,1,20.0,1,0,1
1.9775040452239052,1,0,21.259163614526322,1,0,1
0.5568971189405134,1,0,20.0,1,0,1
2.6845376911326233,1,0,20.0,1,0,1
0.7737502030461877,1,1,20.0,1,0,1
5.0,1,0,29.49051159180996,1,0,1
5.0,1,1,28.988780513266423,1,0,1
0.11533329837837904,1,0,20.0,1,0,1
5.0,1,1,20.0,1,0,1
2.5012853103466326,1,1,20.0,1,0,1
0.9520852484590365,1,1,22.340579805885067,1,0,1
0.05875146247342626,1,1,20.0,1,0,1
1.702265425656173,1,0,20.0,1,0,1
0.5783991416155821,1,0,21.675254276309005,1,0,1
1.2409822818288108,1,0,38.028722195155545,1,0,1
0.07445927806721267,1,0,20.0,1,0,1
0.5668053282039499,1,1,22.21439022365485,1,0,1
5.0,1,1,24.087174403295098,1,0,1
0.016575043871061575,1,0,20.0,1,0,1
2.864122743648152,1,1,20.0,1,0,1
0.2980134114846284,1,1,20.0,1,0,1
0.0044537650579126375,1,0,26.287243786799696,1,0,1
0.017982116220555462,1,1,27.920642102348427,1,0,1
0.011629050579296198,1,0,20.0,1,0,1
0.009661285868357803,1,0,20.0,1,0,1
5.0,1,0,30.932556486967595,1,0,1
2.457069662827361,1,0,20.0,1,0,1
5.0,1,1,23.605904895943144,1,0,1
5.0,1,1,24.821722618689453,1,0,1
0.004942475392727335,1,0,20.0,1,0,1
5.0,1,0,20.0,1,0,1
5.0,1,1,24.784095311960023,1,0,1
5.0,1,0,28.92363557813939,1,0,1
5.0,1,0,20.332344652727485,1,0,1
0.008076484102842145,1,0,20.0,1,0,1
0.039190679908600645,1,0,20.0,1,0,1
5.0,1,0,31.40204792929642,1,0,1
0.46203403658254555,1,1,20.0,1,0,1
5.0,1,0,20.0,1,0,1
1.6798202952050065,1,0,21.42184402218498,1,0,1
3.242146998535306,1,1,20.0,1,0,1
0.7840314062795372,1,0,20.0,1,0,1
0.9905270488017951,1,1,20.0,1,0,1
5.0,1,0,29.522934496135466,1,0,1
1.81847557478095,1,0,20.0,1,0,1
0.6957224872485539,1,0,20.0,1,0,1
0.012390495810647231,1,1,20.0,1,0,1
0.003064140276419221,1,0,20.0,1,0,1
5.0,1,0,29.64736580403242,1,0,1
5.0,1,1,26.054065022683385,1,0,1
0.0434473871446292,1,1,20.0,1,0,1
1.7863561793999905,1,1,20.0,1,0,1
5.0,1,0,31.03381931425262,1,0,1
0.0022515878742686416,1,0,20.0,1,0,1
5.0,1,1,20.0,1,0,1
5.0,1,1,26.674185586622993,1,0,1
5.0,1,1,27.64068272491267,1,0,1
0.08557385043473666,1,1,20.0,1,0,1
0.9392525999248862,1,1,20.0,1,0,1
0.21985281504999848,1,1,20.0,1,0,1
5.0,1,1,20.0,1,0,1
5.0,1,1,27.83226210186255,1,0,1
0.008134998114463768,1,1,27.748113021731772,1,0,1
5.0,1,1,27.04111528499357,1,0,1
0.05523534267197292,1,0,20.0,1,0,1
5.0,1,0,27.72830299572912,1,0,1
0.3725804243767384,1,1,26.13951722996516,1,0,1
0.7287544729005742,1,0,20.0,1,0,1
0.13845329471921136,1,1,20.0,1,0,1
5.0,1,1,29.44354923968283,1,0,1
0.48288478947695507,1,1,20.0,1,0,1
5.0,1,1,20.0,1,0,1
0.5436231043413511,1,1,20.0,1,0,1
0.007765896153298039,1,0,29.81935603130313,1,0,1
0.25632674431969504,1,1,30.625864522678885,1,0,1
1.8924224882825844,1,1,20.0,1,0,1
5.0,1,0,32.35213056892688,1,0,1
5.0,1,0,20.0,1,0,1
0.12196702615890402,1,0,29.18876842746539,1,0,1
1.2836380015351752,1,0,20.0,1,0,1
5.0,1,1,26.300735042591594,1,0,1
5.0,1,1,20.0,1,0,1
1.7224899763941073,1,1,20.0,1,0,1
0.004367660769746286,1,1,20.0,1,0,1
0.9976153344029524,1,1,20.0,1,0,1
2.2340657931234573,1,0,20.0,1,0,1
5.0,1,1,20.0,1,0,1
0.003996792572370108,1,1,20.0,1,0,1
5.0,1,0,27.531772050066273,1,0,1
0.0027723258018054766,1,0,20.0,1,0,1
5.0,1,1,28.374254135273425,1,0,1
0.24843681589787792,1,0,43.49792946894474,1,0,1
3.099032330033576,1,1,30.18799892309717,1,0,1
5.0,1,0,20.0,1,0,1
0.8411260416012613,1,1,20.0,1,0,1
1.1216470531998328,1,1,20.0,1,0,1
5.0,1,0,20.0,1,0,1
0.007626115761679056,1,0,20.0,1,0,1
5.0,1,1,20.0,1,0,1
0.0032679173912049386,1,1,20.0,1,0,1
1.8012646477159275,1,0,20.0,1,0,1
0.12304289525950562,1,0,20.0,1,0,1
5.0,1,1,20.0,1,0,1
5.0,1,1,31.973749908387656,1,0,1
0.1282428380619168,1,1,20.0,1,0,1
5.0,1,1,29.69643988265261,1,0,1
5.0,1,1,24.3780053573756,1,0,1
1.124993255797059,1,0,30.108611290173172,1,0,1
5.0,1,0,22.38384044007396,1,0,1
5.0,1,1,29.67145219664565,1,0,1
0.9818564883086681,1,0,20.0,1,0,1
5.0,1,0,30.66963492736385,1,0,1
0.3744684470940661,1,1,28.275962790413182,1,0,1
5.0,1,1,25.290794756554515,1,0,1
1.258632629924638,1,1,20.0,1,0,1
5.0,1,1,23.497991662291,1,0,1
5.0,1,0,26.140462807781432,1,0,1
5.0,1,1,21.088570315382018,1,0,1
5.0,1,1,20.0,1,0,1
5.0,1,0,31.006629646149435,1,0,1
5.0,1,1,29.88115015773487,1,0,1
5.0,1,0,30.91327540886632,1,0,1
0.19048395732770093,1,0,25.134697254752957,1,0,1
4.455827766203467,1,1,20.0,1,0,1
5.0,1,1,29.92897189656252,1,0,1
0.8905282715392668,1,0,20.0,1,0,1
5.0,1,1,20.0,1,0,1
1.702235275058896,1,1,20.0,1,0,1
0.004013552037221336,1,1,20.0,1,0,1
5.0,1,0,24.038379935394268,1,0,1
0.8346343527567687,1,1,20.0,1,0,1
5.0,1,0,29.716027413419205,1,0,1
5.0,1,1,23.259809148588992,1,0,1
5.0,1,1,26.39416631273214,1,0,1
1.215749263990339,1,1,20.0,1,0,1
0.0030571196336113414,1,0,20.0,1,0,1
0.7202153507199419,1,0,20.0,1,0,1
0.0027348284482111526,1,0,20.0,1,0,1
5.0,1,0,30.715423973368786,1,0,1
4.035837691304486,1,0,21.528137873404248,1,0,1
0.7553963662994545,1,0,20.0,1,0,1
2.3004527011000357,1,1,20.0,1,0,1
0.01142329455974312,1,1,24.40734976436787,1,0,1
5.0,1,1,20.0,1,0,1
5.0,1,0,30.843770697206022,1,0,1
5.0,1,1,30.34748730596038,1,0,1
0.9803745212145942,1,0,20.0,1,0,1
0.8608428873467696,1,1,20.0,1,0,1
0.013140338778433671,1,1,26.0428430590379,1,0,1
0.5934365164870604,1,0,20.0,1,0,1
5.0,1,0,28.506563205922046,1,0,1
0.0513414104881119,1,1,20.0,1,0,1
5.0,1,0,32.05502490521926,1,0,1
0.663069639321949,1,0,20.0,1,0,1
5.0,1,1,26.42812375622316,1,0,1
5.0,1,1,31.703897094249555,1,0,1
1.040961728323533,1,0,20.0,1,0,1
0.6608757197122446,1,1,20.0,1,0,1
0.021148057067129054,1,1,20.0,1,0,1
0.6740074397422394,1,0,20.0,1,0,1
5.0,1,0,31.35165367182919,1,0,1
5.0,1,1,22.046712240114466,1,0,1
0.3695293792603008,1,1,20.0,1,0,1
0.011763020535584118,1,1,20.0,1,0,1
5.0,1,1,30.652575349684327,1,0,1
0.6366194851501078,1,1,22.539625830034066,1,0,1
3.4171844859818266,1,1,26.211109304998843,1,0,1
5.0,1,0,27.496675546480272,1,0,1
5.0,1,0,20.0,1,0,1
3.1771845571981,1,0,20.0,1,0,1
0.008934754882935988,1,1,30.882394783998294,1,0,1
5.0,1,0,29.30433865623998,1,0,1
5.0,1,0,31.31555614456226,1,0,1
5.0,1,0,22.380718789899333,1,0,1
0.0073704392334490755,1,1,25.325476754737785,1,0,1
0.05566621505891923,1,0,39.61916854205551,1,0,1
5.0,1,0,20.0,1,0,1
1.354008743281742,1,1,20.0,1,0,1
5.0,1,0,23.83703357908806,1,0,1
5.0,1,0,21.94538549350108,1,0,1
5.0,1,0,20.0,1,0,1
5.0,1,0,31.33274052268737,1,0,1
5.0,1,0,27.931372891869596,1,0,1
0.013954670390853753,1,1,30.3450069161458,1,0,1
5.0,1,0,28.873004709221334,1,0,1
0.01968827167972662,1,0,20.0,1,0,1
1.7680553731575566,1,0,20.0,1,0,1
0.8277140307430916,1,1,20.0,1,0,1
0.6892762081390938,1,1,20.0,1,0,1
0.6736130472277434,1,0,20.0,1,0,1
0.824085392001323,1,1,20.0,1,0,1
0.006076997521119906,1,0,30.900769617379837,1,0,1
5.0,1,1,20.0,1,0,1
0.2694253887235047,1,1,20.0,1,0,1
5.0,1,0,26.252330177111006,1,0,1
0.004246961357679424,1,1,22.044427331259552,1,0,1
0.9216264730227183,1,0,20.0,1,0,1
5.0,1,0,20.0,1,0,1
0.4136882218975448,1,1,20.0,1,0,1
5.0,1,1,29.30100333840539,1,0,1
0.7640313330822062,1,0,20.0,1,0,1
3.9761006784809223,1,0,23.780275155729083,1,0,1
5.0,1,1,20.0,1,0,1
5.0,1,0,110.47624934512302,1,0,1
5.0,1,1,23.81557187917304,1,0,1
0.10884856883629734,1,1,23.563446947455983,1,0,1
5.0,1,0,20.0,1,0,1
0.06528899539359523,1,0,20.0,1,0,1
5.0,1,1,23.854936375802723,1,0,1
0.008356527917596576,1,0,20.0,1,0,1
1.6486271260459353,1,1,21.668899342280003,1,0,1
5.0,1,0,20.0,1,0,1
5.0,1,1,26.945003733685983,1,0,1
5.0,1,1,28.49459230534461,1,0,1
5.0,1,1,25.144833783700555,1,0,1
5.0,1,0,26.372188531708506,1,0,1
0.5254263142065645,1,0,20.0,1,0,1
5.0,1,1,30.982837683897074,1,0,1
0.5645198035201875,1,1,20.0,1,0,1
1.0804112004109292,1,0,20.0,1,0,1
0.4410202614942468,1,0,20.0,1,0,1
0.014164886935573863,1,1,20.0,1,0,1
5.0,1,0,26.934788598519326,1,0,1
0.006551620692453249,1,0,30.382916465459537,1,0,1
2.3812541229291324,1,1,20.0,1,0,1
5.0,1,1,30.030965332963774,1,0,1
5.0,1,0,32.18238750597612,1,0,1
0.1301523166292316,1,1,21.159081887688146,1,0,1
0.0025127676700419247,1,1,20.0,1,0,1
5.0,1,1,23.53553783307368,1,0,1
0.0020114579035751656,1,1,20.0,1,0,1
5.0,1,0,25.901374184312072,1,0,1
0.010299063046337043,1,0,20.0,1,0,1
5.0,1,1,22.40631792144702,1,0,1
3.482509684331531,1,0,22.626801074654843,1,0,1
0.005933970976269227,1,0,20.0,1,0,1
1.0578783419214326,1,0,20.948069325102896,1,0,1
0.014122420781764048,1,1,20.0,1,0,1
5.0,1,0,31.989988710834197,1,0,1
4.932071312683335,1,1,26.952956549707263,1,0,1
5.0,1,0,24.266944119849096,1,0,1
0.0021755232609759812,1,0,20.0,1,0,1
5.0,1,1,22.47169470742016,1,0,1
0.7748691004210388,1,0,20.0,1,0,1
0.0029886720462894553,1,0,20.0,1,0,1
5.0,1,0,29.170798085778177,1,0,1
0.03559822830947893,1,0,20.0,1,0,1
0.14952026908475208,1,0,20.0,1,0,1
5.0,1,0,26.820140861231128,1,0,1
0.0019448886382886854,1,0,20.0,1,0,1
0.07472978588858664,1,0,20.0,1,0,1
0.006595514525440791,1,1,29.43920725465029,1,0,1
4.0432041650951325,1,1,20.0,1,0,1
0.5225889887059374,1,0,29.986221592011336,1,0,1
5.0,1,1,26.002902368896876,1,0,1
0.7961060009367593,1,1,20.0,1,0,1
5.0,1,0,29.681803388251296,1,0,1
2.62425011494845,1,0,20.0,1,0,1
3.5635760630320927,1,0,95.26644610108421,1,0,1
5.0,1,1,25.89312878110148,1,0,1
0.9081303229455031,1,1,20.0,1,0,1
5.0,1,1,29.363819447425104,1,0,1
1.4273880776931331,1,1,20.0,1,0,1
0.1831299149168474,1,0,20.0,1,0,1
0.033270374146530515,1,1,20.0,1,0,1
0.04192740984097524,1,0,20.0,1,0,1
5.0,1,0,20.0,1,0,1
5.0,1,1,20.0,1,0,1
0.9061751889058486,1,1,20.0,1,0,1
3.8110568672241434,1,0,28.66858546666904,1,0,1
0.10492674408233496,1,0,20.0,1,0,1
0.10221105043742335,1,1,39.09566752987171,1,0,1
0.5750288039879512,1,0,20.0,1,0,1
1.0568355734570722,1,0,24.861383944203837,1,0,1
5.0,1,1,29.76435069846721,1,0,1
5.0,1,0,32.08040447699173,1,0,1
0.6589112402043167,1,0,20.0,1,0,1
5.0,1,1,31.77382049697757,1,0,1
0.004535976936447772,1,1,35.732147176866924,1,0,1
4.072455153577059,1,0,22.020636355076228,1,0,1
5.0,1,1,20.0,1,0,1
5.0,1,0,26.612673126196455,1,0,1
0.7893352258872028,1,1,20.0,1,0,1
0.013172118205562194,1,0,20.0,1,0,1
5.0,1,1,25.575429819896122,1,0,1
5.0,1,1,23.77445221398225,1,0,1
5.0,1,0,22.743006134996932,1,0,1
2.5975048055091023,1,0,20.0,1,0,1
0.040569982110140436,1,1,20.0,1,0,1
1.2734686307059513,1,0,20.0,1,0,1
0.008855070361057649,1,1,20.0,1,0,1
0.13948654360081272,1,0,20.0,1,0,1
3.5834031857925477,1,0,20.0,1,0,1
0.006715297505022852,1,1,27.214667641950157,1,0,1
0.014934284087459266,1,1,21.96900985913796,1,0,1
0.007056591985619111,1,0,34.83319403232772,1,0,1
5.0,1,1,23.339210594057633,1,0,1
3.6232210233203634,1,0,20.0,1,0,1
5.0,1,1,36.2183156561951,1,0,1
1.8349885481172414,1,0,20.0,1,0,1
0.6981643827142331,1,0,20.0,1,0,1
0.6563412897377923,1,1,22.78907365171404,1,0,1
5.0,1,1,29.692629531229084,1,0,1
5.0,1,0,28.738489504807536,1,0,1
5.0,1,0,20.0,1,0,1
0.3045639529382795,1,1,20.0,1,0,1
0.6910058615140018,1,0,29.134286600990464,1,0,1
0.04727666839683566,1,1,20.0,1,0,1
5.0,1,0,30.11081988274354,1,0,1
5.0,1,1,32.55541865195481,1,0,1
1.5479465289660455,1,1,25.761731179401764,1,0,1
0.03428488191700428,1,0,20.0,1,0,1
0.0019299777411212087,1,1,20.0,1,0,1
3.1566099941008128,1,0,20.0,1,0,1
3.784165909884931,1,0,20.0,1,0,1
0.5802584205643456,1,0,20.0,1,0,1
5.0,1,0,26.24342952728209,1,0,1
5.0,1,1,24.127301590073582,1,0,1
0.010619845024853747,1,0,28.909639011064172,1,0,1
3.7402255784396736,1,0,29.06812032575987,1,0,1
0.008559514163480874,1,0,20.0,1,0,1
5.0,1,0,31.022986244292234,1,0,1
0.05098260322770705,1,0,20.0,1,0,1
3.1667322206699557,1,1,20.0,1,0,1
5.0,1,0,29.292461169841566,1,0,1
0.5609215777746438,1,0,20.0,1,0,1
0.6847751153856596,1,0,20.0,1,0,1
3.3826865001699535,1,0,20.0,1,0,1
0.8698713443786658,1,0,20.0,1,0,1
5.0,1,0,20.0,1,0,1
5.0,1,1,20.0,1,0,1
0.1949375120833818,1,1,20.0,1,0,1
0.9873309000099393,1,1,21.88080392001772,1,0,1
5.0,1,0,20.0,1,0,1
0.05743343165185558,1,1,20.0,1,0,1
0.7090392049264008,1,1,20.0,1,0,1
0.01814531487971941,1,0,29.44064167596749,1,0,1
0.008327593401153887,1,1,23.24769164246554,1,0,1
0.08040451046343489,1,0,20.0,1,0,1
5.0,1,1,32.93099187899768,1,0,1
5.0,1,0,30.517149499160762,1,0,1
0.5450107820583648,1,0,20.0,1,0,1
0.7392542629543333,1,0,29.938477923069293,1,0,1
2.3672149327378333,1,0,28.442719589977305,1,0,1
0.2097724811092789,1,0,39.01300424059586,1,0,1
0.6807892780957073,1,0,20.0,1,0,1
5.0,1,1,25.38681291789228,1,0,1
0.014048202180662472,1,0,21.833896951859995,1,0,1
5.0,1,0,32.55472836017246,1,0,1
5.0,1,0,29.174271194995683,1,0,1
1.060055819414285,1,0,20.0,1,0,1
5.0,1,0,23.59887921113578,1,0,1
5.0,1,0,31.976917398589762,1,0,1
5.0,1,0,25.96347266828268,1,0,1
5.0,1,0,30.32001458160923,1,0,1
5.0,1,1,31.189691461814082,1,0,1
0.0018593970163930241,1,1,20.0,1,0,1
0.007026320252637844,1,0,27.817227251569932,1,0,1
5.0,1,0,20.0,1,0,1
5.0,1,0,24.43225855177797,1,0,1
5.0,1,0,32.384212346715074,1,0,1
0.004452179973211274,1,1,20.989483184785254,1,0,1
5.0,1,1,20.0,1,0,1
5.0,1,0,27.60947298373609,1,0,1
0.803858001629477,1,0,20.0,1,0,1
0.9108312365489374,1,1,20.0,1,0,1
0.004276381833571806,1,0,31.309318519313628,1,0,1
1.1201889767826942,1,1,20.0,1,0,1
3.0869932677741034,1,1,23.501018954239896,1,0,1
5.0,1,1,25.57411327706709,1,0,1
5.0,1,0,23.158416549510576,1,0,1
5.0,1,0,32.120649987748436,1,0,1
0.002382748933900796,1,1,20.0,1,0,1
5.0,1,1,29.614023341436997,1,0,1
5.0,1,1,31.87731991560572,1,0,1
0.12443296779197877,1,0,20.0,1,0,1
5.0,1,0,20.0,1,0,1
0.0019024652432210617,1,1,20.0,1,0,1
5.0,1,0,20.0,1,0,1
5.0,1,0,27.83250992412111,1,0,1
5.0,1,0,21.494335642845016,1,0,1
5.0,1,0,30.44371413108017,1,0,1
0.034361515796116605,1,1,20.0,1,0,1
2.1261575182255457,1,1,20.0,1,0,1
0.012206037107905854,1,0,20.0,1,0,1
0.6688248027317418,1,0,20.0,1,0,1
0.008527902638817746,1,1,20.0,1,0,1
5.0,1,0,26.055589320712997,1,0,1
0.764403517352996,1,0,20.0,1,0,1
0.755429506017841,1,1,20.0,1,0,1
0.1550737076564807,1,1,20.0,1,0,1
1.3526208573990743,1,1,20.0,1,0,1
2.887964860419403,1,1,20.0,1,0,1
0.5405258165520522,1,1,20.0,1,0,1
0.8748303510633126,1,0,20.0,1,0,1
1.0634276303631707,1,1,20.0,1,0,1
1.1404953859179017,1,0,20.0,1,0,1
5.0,1,1,20.0,1,0,1
0.0959994790240935,1,1,20.0,1,0,1
5.0,1,1,20.0,1,0,1
0.083119957360271,1,1,32.492452262169664,1,0,1
5.0,1,1,30.22116957580506,1,0,1
0.8484420364818286,1,0,20.0,1,0,1
0.007144653006496178,1,0,33.47674076043335,1,0,1
5.0,1,1,24.524220641628826,1,0,1
0.004792992101706316,1,1,31.46471247293928,1,0,1
5.0,1,1,27.920063462081163,1,0,1
5.0,1,0,20.0,1,0,1
2.188426217044587,1,1,41.754360268435164,1,0,1
5.0,1,0,21.95933114886491,1,0,1
0.13600332014335234,1,1,20.0,1,0,1
5.0,1,0,24.520440528415154,1,0,1
0.006749703815448954,1,1,20.0,1,0,1
0.08532553779765202,1,0,20.0,1,0,1
0.007377912707314854,1,0,20.0,1,0,1
0.6047059686289671,1,0,20.0,1,0,1
0.13985720976206237,1,0,20.0,1,0,1
0.003550888364770278,1,0,22.84896888016552,1,0,1
5.0,1,1,22.822392250976726,1,0,1
5.0,1,0,31.369480512684596,1,0,1
5.0,1,1,31.421459223760206,1,0,1
5.0,1,0,56.0769107837051,1,0,1
5.0,1,1,23.050480174754007,1,0,1
0.9892836135282845,1,1,20.0,1,0,1
0.9152302576855347,1,0,21.43385171971479,1,0,1
0.08383276925030221,1,1,20.0,1,0,1
1.7418530580244498,1,0,27.471753634468733,1,0,1
0.003803262451718114,1,1,20.0,1,0,1
1.5624939279903665,1,0,24.269283736753323,1,0,1
0.025063652530223007,1,0,20.0,1,0,1
1.3986866114386438,1,0,22.900845348031652,1,0,1
0.05844390718961058,1,1,20.0,1,0,1
5.0,1,0,25.39898815568746,1,0,1
5.0,1,1,33.14327801323959,1,0,1
0.01359633176066336,1,0,20.0,1,0,1
0.13850519189261054,1,0,58.19724420603748,1,0,1
0.014802086977422264,1,0,20.0,1,0,1
5.0,1,0,24.653416589587366,1,0,1
0.004814600329535013,1,0,22.796724988852763,1,0,1
4.807276925408913,1,1,126.41230595639755,1,0,1
0.22021597471612592,1,0,20.0,1,0,1
0.6297885266419544,1,1,20.0,1,0,1
0.571909425264078,1,1,20.0,1,0,1
0.08451197751383492,1,1,20.0,1,0,1
0.0188036682880782,1,1,20.0,1,0,1
4.856814508379389,1,1,20.0,1,0,1
0.01377011722389478,1,0,20.0,1,0,1
0.008524981427368513,1,0,20.0,1,0,1
5.0,1,1,20.0,1,0,1
1.2432924026947423,1,0,20.0,1,0,1
5.0,1,0,20.0,1,0,1
5.0,1,1,30.94687454192859,1,0,1
3.1001624897815736,1,1,28.258544315318186,1,0,1
5.0,1,1,28.621348037687646,1,0,1
5.0,1,1,32.01354749927324,1,0,1
0.014264822858564013,1,0,22.361453909392733,1,0,1
5.0,1,0,27.834449794834217,1,0,1
0.7422527981276192,1,1,28.50907159275784,1,0,1
5.0,1,0,29.40576241655841,1,0,1
0.2791870814574342,1,1,20.0,1,0,1
0.005154476844541078,1,1,22.93982930609646,1,0,1
4.956193780541512,1,0,28.1404337469305,1,0,1
0.6111450177827482,1,1,20.0,1,0,1
0.1518885658546002,1,0,20.0,1,0,1
5.0,1,0,20.0,1,0,1
1.8632248863475434,1,0,25.42425984229489,1,0,1
0.9493686905421638,1,1,20.0,1,0,1
0.6765290261346518,1,0,20.0,1,0,1
0.5586002401599851,1,1,21.042397586711395,1,0,1
0.010605475238602448,1,0,20.0,1,0,1
0.02798401961555824,1,1,20.0,1,0,1
0.011975007135401401,1,1,20.0,1,0,1
1.2676593144526047,1,0,20.0,1,0,1
0.011592977241538339,1,1,28.2254451819706,1,0,1
0.14282653260827424,1,0,30.925949296932597,1,0,1
5.0,1,1,29.07719287543713,1,0,1
0.0053009198389581845,1,0,20.0,1,0,1
5.0,1,1,36.82650173000663,1,0,1
0.011601254843204487,1,1,20.0,1,0,1
5.0,1,0,29.514256613455697,1,0,1
5.0,1,0,20.0,1,0,1
0.7261399739486953,1,0,20.0,1,0,1
0.006750046770909257,1,1,20.0,1,0,1
0.8251950821076637,1,0,22.353094134451087,1,0,1
5.0,1,1,22.309086043137953,1,0,1
5.0,1,0,29.75759937840304,1,0,1
5.0,1,0,22.23040979156962,1,0,1
0.1478438911160295,1,0,20.0,1,0,1
0.032253899402057445,1,1,26.488673535107303,1,0,1
5.0,1,1,25.354952651697108,1,0,1
5.0,1,1,26.040086458562616,1,0,1
5.0,1,1,31.549751014588864,1,0,1
5.0,1,1,20.0,1,0,1
0.01918755979786837,1,0,20.0,1,0,1
0.9112347417990349,1,0,20.0,1,0,1
0.8113411209442121,1,0,23.914058201939362,1,0,1
5.0,1,0,20.0,1,0,1
5.0,1,0,27.375650823319116,1,0,1
5.0,1,1,32.16832446263802,1,0,1
1.4748303173212487,1,0,23.689225789103325,1,0,1
5.0,1,1,20.0,1,0,1
5.0,1,0,30.576138684950237,1,0,1
0.021936329094741403,1,1,25.91988186469272,1,0,1
4.869643936762418,1,1,25.245148700927015,1,0,1
1.362056145718776,1,0,20.0,1,0,1
0.34462587945523526,1,0,20.0,1,0,1
0.009933969913456894,1,0,20.0,1,0,1
0.25328140935513804,1,0,23.681502460642918,1,0,1
0.06514740720017725,1,0,26.25776652262052,1,0,1
5.0,1,0,20.0,1,0,1
5.0,1,1,26.13199465755088,1,0,1
0.0522026825183558,1,0,20.0,1,0,1
5.0,1,1,22.490466346915806,1,0,1
5.0,1,1,24.813382474179072,1,0,1
0.0060853130505074725,1,0,20.0,1,0,1
5.0,1,1,22.47357759475783,1,0,1
0.7891395682050232,1,0,20.0,1,0,1
0.9869030454313281,1,0,20.0,1,0,1
5.0,1,0,23.626321965482962,1,0,1
5.0,1,1,20.0,1,0,1
1.8522800190523014,1,0,29.60182655307655,1,0,1
0.45891735331011535,1,0,20.0,1,0,1
5.0,1,0,20.0,1,0,1
5.0,1,0,23.878626087709684,1,0,1
2.6754706706213285,1,0,36.92324824632738,1,0,1
2.647202959747792,1,0,33.5822000193457,0,0,1
4.305599094653035,1,0,30.0,0,0,1
4.570990512417573,1,0,35.855618891006614,0,0,1
3.0760243879735416,1,0,30.0,0,0,1
2.1456091207919705,1,0,44.24340522424708,0,0,1
3.9338767888538055,1,0,30.0,0,0,1
3.5557135346740165,1,0,34.08910978420695,0,0,1
2.881906177524777,1,0,36.09108073389474,0,0,1
2.901454145439485,1,0,30.0,0,0,1
2.972856790897392,1,0,30.0,0,0,1
2.3569690830308603,1,0,30.0,0,0,1
3.075883154054738,1,0,30.0,0,0,1
1.229495629675292,1,0,41.016475962877365,0,0,1
3.2807352991856895,1,0,30.0,0,0,1
2.984818428062786,1,0,39.9040613241665,0,0,1
2.6822506404928355,1,0,30.0,0,0,1
2.2959747029967263,1,0,36.75827427853238,0,0,1
3.4871213632167053,1,0,30.0,0,0,1
2.9399011928621874,1,0,30.0,0,0,1
1.4033584955236291,1,0,30.0,0,0,1
2.497810752763091,1,0,33.01245887673654,0,0,1
1.3060215669717246,1,0,30.0,0,0,1
2.5166776520193954,1,0,30.0,0,0,1
3.1313275957276736,1,0,30.0,0,0,1
2.564115852723543,1,0,37.12700149250422,0,0,1
2.3665200831688478,1,0,38.860125893863966,0,0,1
2.12459716836968,1,0,30.0,0,0,1
2.5270900137707297,1,0,30.0,0,0,1
1.2772427970152478,1,0,30.0,0,0,1
4.97560301057472,1,0,30.0,0,0,1
3.221356547444803,1,0,34.79630295321216,0,0,1
3.5447030006509763,1,0,30.0,0,0,1
1.7325626090203707,1,0,30.0,0,0,1
4.693619046675794,1,0,30.0,0,0,1
3.2846561235838703,1,0,30.0,0,0,1
2.6574957711373304,1,0,74.47907103830089,0,0,1
3.852856108759623,1,0,30.0,0,0,1
2.217401553358962,1,0,30.0,0,0,1
4.738562751820126,1,0,30.0,0,0,1
1.6772564976717264,1,0,53.56231470485165,0,0,1
4.332442038936387,1,0,30.0,0,0,1
4.866433263465843,1,0,30.0,0,0,1
2.966970362441475,1,0,30.0,0,0,1
4.5066395979749565,1,0,30.0,0,0,1
1.2862513751441171,1,0,34.960491825767505,0,0,1
3.4823556635256736,1,0,47.7058167181693,0,0,1
2.4249305274522177,1,0,31.59765635329352,0,0,1
2.457245498272318,1,0,30.0,0,0,1
2.801453309180315,1,0,30.0,0,0,1
3.3871055087655293,1,0,32.472127031504066,0,0,1
3.4640540240398137,1,0,30.0,0,0,1
2.11309048009415,1,0,30.0,0,0,1
2.5357838469974388,1,0,30.0,0,0,1
1.9981050231206279,1,0,30.0,0,0,1
3.530161190278603,1,0,30.0,0,0,1
1.4081393335570862,1,0,30.0,0,0,1
2.6942979290344953,1,0,33.983864185466274,0,0,1
4.9139495088036815,1,0,30.0,0,0,1
4.9551132768844965,1,0,30.0,0,0,1
3.0718530136641373,1,0,30.0,0,0,1
1.9898400390773339,1,0,34.013671098405936,0,0,1
3.3339837270099615,1,0,32.22826428321375,0,0,1
2.953843142549978,1,0,30.0,0,0,1
1.1699468422269863,1,0,30.0,0,0,1
4.95637877372947,1,0,34.189357944821666,0,0,1
2.308669002757207,1,0,30.0,0,0,1
2.5971185490329054,1,0,30.0,0,0,1
3.054244109078016,1,0,30.0,0,0,1
4.5214797906887165,1,0,32.80836792213613,0,0,1
4.196478385831874,1,0,30.0,0,0,1
1.822200584650389,1,0,31.707105617971273,0,0,1
3.8657852328148414,1,0,30.0,0,0,1
4.498258845510504,1,0,30.88900393082135,0,0,1
3.857055664281673,1,0,34.76901058888199,0,0,1
1.5567372944424158,1,0,35.16512366944115,0,0,1
3.155594010459642,1,0,30.0,0,0,1
4.354231739968319,1,0,30.0,0,0,1
1.782468328097516,1,0,30.0,0,0,1
3.154149176741581,1,0,30.0,0,0,1
3.6782019538408117,1,0,30.0,0,0,1
3.5414799248297757,1,0,30.0,0,0,1
1.426416154334468,1,0,34.98664951556301,0,0,1
2.1098232825400625,1,0,30.0,0,0,1
3.208531440026867,1,0,32.98100740771906,0,0,1
1.8350528110254314,1,0,30.0,0,0,1
2.334848200243345,1,0,30.0,0,0,1
2.660305379604248,1,0,30.0,0,0,1
1.0544960052091579,1,0,30.0,0,0,1
3.04169179059058,1,0,30.0,0,0,1
4.979026252714263,1,0,30.0,0,0,1
2.6330713659816007,1,0,30.0,0,0,1
2.09719356652137,1,0,30.0,0,0,1
2.0119815467697193,1,0,30.0,0,0,1
3.0606977250526723,1,0,30.0,0,0,1
2.824041752735923,1,0,30.0,0,0,1
4.447940604222244,1,0,31.856406658649185,0,0,1
3.55697896738907,1,0,34.61561461548296,0,0,1
2.5946086010313567,1,0,35.21642030409957,0,0,1
2.542987466361979,1,0,30.0,0,0,1
3.1887623626873287,1,0,36.772433244329235,0,0,1
2.0134722542504035,1,0,30.0,0,0,1
2.6913824269191537,1,0,30.0,0,0,1
2.1401604363810325,1,0,30.0,0,0,1
3.0618648109940576,1,0,30.0,0,0,1
3.1864094955956257,1,0,30.0,0,0,1
4.387237041623203,1,0,30.0,0,0,1
2.004708632973554,1,0,30.0,0,0,1
4.618899722364822,1,0,30.0,0,0,1
3.141073389249804,1,0,30.0,0,0,1
3.9073339248879044,1,0,30.0,0,0,1
3.4466863139526693,1,0,32.435992048202955,0,0,1
4.316155455698382,1,0,34.31868045482268,0,0,1
3.6525587021734145,1,0,30.0,0,0,1
1.0442941274314466,1,0,32.71943557158974,0,0,1
2.5611011606794216,1,0,32.33543760307442,0,0,1
4.753456906151674,1,0,30.0,0,0,1
2.8058103845723736,1,0,30.0,0,0,1
4.313538558873204,1,0,30.0,0,0,1
4.475839205085766,1,0,30.0,0,0,1
2.330311842256849,1,0,30.0,0,0,1
4.4308988361415595,1,0,50.82757065060996,0,0,1
2.5097399825712063,1,0,30.0,0,0,1
1.1014417160398953,1,0,30.0,0,0,1
3.7776299249735925,1,0,30.0,0,0,1
4.281157126895966,1,0,30.0,0,0,1
2.806430062135852,1,0,30.0,0,0,1
1.6936374495735942,1,0,30.0,0,0,1
3.461139128782417,1,0,56.9681402847993,0,0,1
3.9530272155590347,1,0,30.0,0,0,1
3.619267809166283,1,0,35.23699035117115,0,0,1
2.4231705605126885,1,0,30.0,0,0,1
2.4733175964433203,1,0,33.599731212289946,0,0,1
3.1963896955173903,1,0,30.0,0,0,1
1.7735747017161838,1,0,30.0,0,0,1
4.384705811765415,1,0,38.920253323427026,0,0,1
1.409276182967854,1,0,36.96929698651472,0,0,1
2.946198717960679,1,0,36.569362203585875,0,0,1
4.437756097837871,1,0,30.0,0,0,1
3.117671988132391,1,0,34.045590188448564,0,0,1
4.043797815986176,1,0,42.29054613193021,0,0,1
1.9583101584294047,1,0,30.0,0,0,1
2.7820498810943395,1,0,30.0,0,0,1
3.8522404676648416,1,0,30.0,0,0,1
4.553320915328891,1,0,34.98496184186958,0,0,1
3.57218249322606,1,0,30.0,0,0,1
1.9710660202129606,1,0,30.0,0,0,1
1.585171259310036,1,0,30.0,0,0,1
4.3661592873568935,1,0,33.41231757505298,0,0,1
3.2161435545023704,1,0,30.987998149361644,0,0,1
1.7354882490703276,1,0,35.11266763229898,0,0,1
2.9427069426292864,1,0,30.0,0,0,1
1.5052905963555236,1,0,30.0,0,0,1
1.4206865948703102,1,0,30.0,0,0,1
4.679907698034089,1,0,32.86591314414901,0,0,1
3.1785086883605893,1,0,30.0,0,0,1
1.995650514710524,1,0,30.0,0,0,1
4.525067157038674,1,0,30.0,0,0,1
4.9955369519959625,1,0,30.0,0,0,1
4.536808083115932,1,0,37.42117363481387,0,0,1
3.9903652202654496,1,0,35.03517415940894,0,0,1
4.848267633737496,1,0,30.0,0,0,1
1.7895489228584034,1,0,30.0,0,0,1
4.510774491648069,1,0,30.0,0,0,1
2.4349578961772167,1,0,30.0,0,0,1
1.1289516158984223,1,0,30.0,0,0,1
1.129511769975943,1,0,30.0,0,0,1
1.7513374028075241,1,0,30.0,0,0,1
4.117955445330778,1,0,30.800055552212527,0,0,1
4.586687107457973,1,0,30.0,0,0,1
1.5118491862312324,1,0,30.963828305201996,0,0,1
4.381530433114987,1,0,30.0,0,0,1
4.021889743409195,1,0,30.0,0,0,1
1.2088964014556445,1,0,30.0,0,0,1
3.9255582054894558,1,0,34.11475970628202,0,0,1
1.15351692408804,1,0,30.0,0,0,1
2.0503321251676745,1,0,32.48000787217298,0,0,1
3.123637599841789,1,0,30.0,0,0,1
4.637035747970245,1,0,35.96015269202836,0,0,1
1.421407150678152,1,0,35.96726314829224,0,0,1
2.393221441560588,1,0,30.0,0,0,1
3.3076673944033947,1,0,30.0,0,0,1
3.960821015161696,1,0,30.0,0,0,1
4.661554566831327,1,0,129.55498048179294,0,0,1
2.875400470662482,1,0,30.0,0,0,1
4.363597835377297,1,0,30.0,0,0,1
3.4680867854694952,1,0,31.934279077394624,0,0,1
1.8162158854020336,1,0,39.42508916669234,0,0,1
3.318350462520341,1,0,30.0,0,0,1
2.2552704338977363,1,0,34.55694915933389,0,0,1
3.8145696620261504,1,0,30.0,0,0,1
2.13816350930937,1,0,31.336799520525137,0,0,1
2.051376627922338,1,0,30.0,0,0,1
4.781453145975027,1,0,30.612240765647904,0,0,1
4.634797785731578,1,0,33.43308702252619,0,0,1
2.8069808842040977,1,0,39.5184111610818,0,0,1
4.0618698916097475,1,0,30.0,0,0,1
4.928250063064073,1,0,30.0,0,0,1
1.3545004779662735,1,0,30.0,0,0,1
3.424660998284201,1,0,30.0,0,0,1
2.0139901465858605,1,0,30.0,0,0,1
4.2000601566457245,1,0,30.0,0,0,1
1.4056434525076096,1,0,30.0,0,0,1
4.155241845879345,1,0,30.0,0,0,1
1.8024373107331622,1,0,30.0,0,0,1
2.82407743604412,1,0,36.256191454000636,0,0,1
4.255283123691813,1,0,30.0,0,0,1
1.26985394870439,1,0,30.0,0,0,1
4.712679100269124,1,0,30.0,0,0,1
1.8693934472872331,1,0,36.83489267097103,0,0,1
3.002912371341307,1,0,37.60977950384141,0,0,1
3.938276661851695,1,0,36.95880685616404,0,0,1
1.4939883808316674,1,0,30.0,0,0,1
3.4349825356677837,1,0,37.31439485065938,0,0,1
3.0622697489694333,1,0,32.871338262182135,0,0,1
3.3433369150753567,1,0,30.0,0,0,1
3.649981254722644,1,0,30.0,0,0,1
2.682512151827092,1,0,38.478251348058954,0,0,1
2.195076839670332,1,0,36.5306315466129,0,0,1
1.7354138902728082,1,0,30.0,0,0,1
4.756263952830548,1,0,30.0,0,0,1
2.6055031563221887,1,0,30.0,0,0,1
2.128897350110054,1,0,30.0,0,0,1
1.2101866456639137,1,0,30.0,0,0,1
4.004825692175146,1,0,30.0,0,0,1
3.1109825167677947,1,0,30.0,0,0,1
1.7638568301450084,1,0,30.0,0,0,1
4.573495364078672,1,0,38.59257143220867,0,0,1
4.735122458618782,1,0,30.0,0,0,1
4.522705244686614,1,0,30.0,0,0,1
3.243884152993345,1,0,30.0,0,0,1
2.493119018208508,1,0,30.0,0,0,1
1.647542946332209,1,0,30.0,0,0,1
2.508973250223088,1,0,30.0,0,0,1
3.4486825196726416,1,0,30.0,0,0,1
1.9062134793748995,1,0,30.0,0,0,1
2.855850887587968,1,0,30.0,0,0,1
3.292371479020416,1,0,35.39862275095956,0,0,1
3.9257379555946565,1,0,30.0,0,0,1
1.365404465343854,1,0,30.0,0,0,1
4.467985041323322,1,0,30.0,0,0,1
2.824297631497107,1,0,30.0,0,0,1
3.327724198230631,1,0,30.0,0,0,1
4.761267125800819,1,0,30.0,0,0,1
1.6719148535317943,1,0,30.09752784819894,0,0,1
4.537944086176358,1,0,38.92569643006954,0,0,1
4.217721698143513,1,0,30.0,0,0,1
4.976109465366186,1,0,31.52658156431374,0,0,1
2.5721691382612217,1,0,35.17125146992163,0,0,1
1.5073884258430743,1,0,34.92251509218763,0,0,1
1.0567046152746644,1,0,30.0,0,0,1
4.17038355216588,1,0,30.0,0,0,1
1.5463847698168265,1,0,30.0,0,0,1
2.224048470802513,1,0,34.42142497451816,0,0,1
4.949260150211581,1,0,30.0,0,0,1
2.7683797959090235,1,0,30.0,0,0,1
1.924822812826537,1,0,30.0,0,0,1
4.012934231748586,1,0,33.411463813367575,0,0,1
2.0862147370408053,1,0,30.0,0,0,1
3.124087501406545,1,0,42.95090526779126,0,0,1
1.629327949770242,1,0,30.0,0,0,1
2.8433316975292793,1,0,30.00224662407183,0,0,1
1.4344708401683417,1,0,33.49763170100738,0,0,1
4.092378859111502,1,0,30.0,0,0,1
2.460556081895198,1,0,31.345108746023744,0,0,1
2.2752147681640777,1,0,30.0,0,0,1
4.9751432207480555,1,0,30.0,0,0,1
4.318810105496613,1,0,30.0,0,0,1
3.215701021721744,1,0,30.0,0,0,1
4.776848946977497,1,0,30.0,0,0,1
1.8455949258658872,1,0,30.0,0,0,1
3.2939417262720383,1,0,30.0,0,0,1
4.716229015424119,1,0,30.0,0,0,1
3.2788261195500845,1,0,30.801063995055625,0,0,1
2.2319591310660587,1,0,30.0,0,0,1
4.246624049752091,1,0,30.0,0,0,1
1.555240507424331,1,0,32.736941944034896,0,0,1
1.6080011926314564,1,0,30.0,0,0,1
3.924499559811603,1,0,31.006416482207904,0,0,1
1.2773273980521878,1,0,30.0,0,0,1
1.202523131013709,1,0,33.470240617828274,0,0,1
2.5162988859083164,1,0,30.808058730038006,0,0,1
2.591625990139005,1,0,30.0,0,0,1
2.878601266677454,1,0,30.0,0,0,1
3.9629286177718512,1,0,30.0,0,0,1
3.2754118251694226,1,0,30.0,0,0,1
3.8541943090503854,1,0,30.0,0,0,1
1.19957818678074,1,0,38.644166466402204,0,0,1
2.2628130125101804,1,0,30.0,0,0,1
4.865627650075408,1,0,30.0,0,0,1
2.711061009408543,1,0,30.0,0,0,1
1.8899666847962742,1,0,31.590663695338122,0,0,1
4.96834477410647,1,0,32.87062339879361,0,0,1
2.6452725600936127,1,0,83.57131883928777,0,0,1
2.9151274172437707,1,0,44.96888024251048,0,0,1
1.8951887677167103,1,0,30.0,0,0,1
3.6254122955329895,1,0,30.0,0,0,1
1.828920292955333,1,0,38.114831464176895,0,0,1
3.439694278658292,1,0,34.86927930516183,0,0,1
4.0297569798815545,1,0,31.574979117222533,0,0,1
3.609591329844948,1,0,30.0,0,0,1
1.3615290777577744,1,0,30.0,0,0,1
1.3190963855310085,1,0,30.0,0,0,1
4.3694061896945335,1,0,30.0,0,0,1
4.618236407070467,1,0,30.0,0,0,1
1.5426414736894962,1,0,30.0,0,0,1
2.501840749034378,1,0,30.0,0,0,1
3.616267445315367,1,0,31.189647270296398,0,0,1
4.341923806251122,1,0,30.0,0,0,1
4.635940836113905,1,0,30.0,0,0,1
3.7947310215992167,1,0,30.0,0,0,1
1.5898980731960823,1,0,30.0,0,0,1
4.073403843663156,1,0,30.0,0,0,1
4.43609973532814,1,0,32.24534810208059,0,0,1
2.40522388118131,1,0,30.0,0,0,1
2.976610713921511,1,0,32.97981099754379,0,0,1
1.6655304364503118,1,0,30.0,0,0,1
2.2180779985780656,1,0,30.0,0,0,1
4.4791984604378,1,0,30.0,0,0,1
1.3553889231268603,1,0,30.0,0,0,1
4.049692491603821,1,0,30.0,0,0,1
1.390548296256048,1,0,30.0,0,0,1
2.1704816620282075,1,0,30.0,0,0,1
3.329649623250472,1,0,30.0,0,0,1
1.013253548989534,1,0,30.0,0,0,1
3.7014899696274135,1,0,40.3321578144818,0,0,1
2.264780672620265,1,0,30.0,0,0,1
3.994281240112592,1,0,30.0,0,0,1
4.900947018719853,1,0,30.0,0,0,1
2.665956364208039,1,0,30.0,0,0,1
1.119983578094419,1,0,30.0,0,0,1
4.395566307321639,1,0,30.0,0,0,1
2.098313396159871,1,0,30.0,0,0,1
1.5944659365350553,1,0,30.0,0,0,1
4.516847928237144,1,0,33.31070465886782,0,0,1
1.930118812756843,1,0,30.0,0,0,1
3.421141166993685,1,0,30.0,0,0,1
2.0159345812310625,1,0,34.02329409497754,0,0,1
3.849832779933364,1,0,30.0,0,0,1
3.594986368637775,1,0,30.0,0,0,1
3.036672853349982,1,0,30.0,0,0,1
3.220099614838085,1,0,30.823653400537058,0,0,1
1.908974122828246,1,0,30.0,0,0,1
1.0877072163442105,1,0,30.0,0,0,1
4.20283561801676,1,0,31.618037414001154,0,0,1
4.557205139352707,1,0,30.0,0,0,1
4.111477164868491,1,0,30.822488650904578,0,0,1
3.831699746411509,1,0,30.0,0,0,1
2.8876965127878393,1,0,30.0,0,0,1
3.3356124119290884,1,0,30.0,0,0,1
3.7665088217558975,1,0,30.0,0,0,1
1.1049126674102965,1,0,52.05321752594575,0,0,1
2.6946821367562723,1,0,35.481684989982966,0,0,1
1.898746028640193,1,0,30.0,0,0,1
2.4577963685854387,1,0,30.0,0,0,1
3.9969268469953954,1,0,30.0,0,0,1
2.4535453992310905,1,0,45.089908599092745,0,0,1
3.956378986310388,1,0,30.0,0,0,1
4.887325950822157,1,0,30.0,0,0,1
4.6935311612439214,1,0,42.16664601893099,0,0,1
4.310899423095222,1,0,30.251821916478548,0,0,1
4.4119632375193785,1,0,35.98320769255907,0,0,1
2.575729278221419,1,0,31.96864394505857,0,0,1
3.92632954651109,1,0,30.0,0,0,1
3.668054628662973,1,0,30.0,0,0,1
4.931568594049386,1,0,30.0,0,0,1
3.299594031711872,1,0,30.0,0,0,1
2.7190643577318263,1,0,30.0,0,0,1
4.349067360636216,1,0,30.0,0,0,1
3.99829339509689,1,0,30.0,0,0,1
1.4994468344041092,1,0,30.0,0,0,1
3.3851207564825754,1,0,30.0,0,0,1
3.3692266979043284,1,0,30.0,0,0,1
3.5264994185813783,1,0,30.0,0,0,1
4.7659923585331585,1,0,30.0,0,0,1
3.4081424859598597,1,0,30.0,0,0,1
4.480075421379212,1,0,30.0,0,0,1
2.433523259439462,1,0,32.29706803670838,0,0,1
1.2295158185837987,1,0,30.0,0,0,1
2.5008909567760442,1,0,30.0,0,0,1
3.13067763110434,1,0,30.0,0,0,1
4.333285511258361,1,0,30.0,0,0,1
3.5273952345795996,1,0,37.45551138178236,0,0,1
2.768808276094322,1,0,30.0,0,0,1
2.847490430994332,1,0,32.97724693793051,0,0,1
4.986629114533802,1,0,30.0,0,0,1
1.5653753523610856,1,0,30.0,0,0,1
1.8220643113710353,1,0,30.0,0,0,1
3.501125974751807,1,0,30.0,0,0,1
3.805621942609224,1,0,30.0,0,0,1
2.579916810065054,1,0,30.0,0,0,1
1.1285272310576913,1,0,30.0,0,0,1
3.088047779631046,1,0,30.0,0,0,1
1.5774405903640099,1,0,33.656387232493124,0,0,1
1.2241932461515734,1,0,36.06645092607826,0,0,1
2.379038533157632,1,0,34.85287256067933,0,0,1
1.5426108718253584,1,0,30.0,0,0,1
2.7559878511878986,1,0,30.0,0,0,1
4.046777854645606,1,0,35.33561534132862,0,0,1
1.1881841466309977,1,0,30.0,0,0,1
2.9995660386740566,1,0,46.018098094214956,0,0,1
2.9879216507032536,1,0,30.0,0,0,1
1.007101473942892,1,0,30.0,0,0,1
3.9530042968513355,1,0,30.0,0,0,1
1.3589436355285307,1,0,30.0,0,0,1
4.728221326191054,1,0,31.14628098547708,0,0,1
3.5574580784262135,1,0,31.98026111787633,0,0,1
2.151264527068065,1,0,30.125427228246753,0,0,1
4.701124053256869,1,0,30.0,0,0,1
2.6018420845936574,1,0,30.0,0,0,1
2.0410423295775266,1,0,35.4518821867843,0,0,1
2.5380030256968173,1,0,30.0,0,0,1
3.4463477641972795,1,0,30.0,0,0,1
3.894387948036432,1,0,33.02380579299728,0,0,1
3.647288110297672,1,0,36.55981918556244,0,0,1
4.6849467819975334,1,0,30.0,0,0,1
4.824684999363491,1,0,37.46018154387401,0,0,1
1.788251236889336,1,0,30.0,0,0,1
4.650169605493093,1,0,30.0,0,0,1
1.4267274630175852,1,0,30.0,0,0,1
4.827567128100381,1,0,35.02206696227784,0,0,1
2.037379388325971,1,0,30.0,0,0,1
2.0631566125313543,1,0,30.0,0,0,1
2.686182204203989,1,0,30.0,0,0,1
1.7269691539396463,1,0,30.58050283861262,0,0,1
4.3108746093036565,1,0,30.0,0,0,1
1.4989499205753005,1,0,30.0,0,0,1
2.757155214648601,1,0,30.0,0,0,1
4.628624043051049,1,0,30.0,0,0,1
3.541556394377015,1,0,30.0,0,0,1
3.42865937831241,1,0,30.0,0,0,1
4.97857689571549,1,0,30.0,0,0,1
1.090196329589443,1,0,30.0,0,0,1
2.2791747404207774,1,0,30.0,0,0,1
1.50007287158456,1,0,30.0,0,0,1
1.7383091158814579,1,0,30.0,0,0,1
1.8640179941099806,1,0,30.01396978054762,0,0,1
3.5075604422692113,1,0,30.0,0,0,1
2.08842809517487,1,0,30.0,0,0,1
3.656738034547499,1,0,30.0,0,0,1
3.9522786021420124,1,0,30.0,0,0,1
2.607651208769035,1,0,30.0,0,0,1
3.1453090975917233,1,0,30.0,0,0,1
1.5283686964101144,1,0,30.0,0,0,1
4.01055745987952,1,0,34.253159198699954,0,0,1
2.676473134994041,1,0,30.0,0,0,1
4.338540818547567,1,0,30.0,0,0,1
3.104878078784374,1,0,30.0,0,0,1
3.7870585735786046,1,0,30.0,0,0,1
2.4343307738085684,1,0,36.36238960541677,0,0,1
2.4870785165288543,1,0,32.131663727018655,0,0,1
2.746033766257109,1,0,30.0,0,0,1
3.5441368227474417,1,0,30.0,0,0,1
3.0261343258423645,1,0,30.249477519667106,0,0,1
4.21710579689872,1,0,31.77355034450961,0,0,1
1.2191895290427865,1,0,30.0,0,0,1
4.602170901023985,1,0,30.0,0,0,1
4.704146665111182,1,0,30.0,0,0,1
1.9763027554287036,1,0,30.0,0,0,1
1.403105400967196,1,0,30.0,0,0,1
3.2874249071485067,1,0,30.0,0,0,1
1.256680682329125,1,0,30.0,0,0,1
1.9188625900589797,1,0,39.3305444090522,0,0,1
3.0302641160596666,1,0,30.0,0,0,1
3.4552457270470898,1,0,30.0,0,0,1
1.7772193042799773,1,0,30.0,0,0,1
4.730951848164489,1,0,30.0,0,0,1
1.725292388095478,1,0,30.0,0,0,1
1.6146231885604356,1,0,30.0,0,0,1
1.6492799381036343,1,0,30.0,0,0,1
4.718099046321139,1,0,30.0,0,0,1
4.515084079091629,1,0,30.0,0,0,1
1.1321634570226409,1,0,30.0,0,0,1
3.906461286269341,1,0,32.08022468186125,0,0,1
1.2939548852469844,1,0,39.55426810576225,0,0,1
1.3012421754771797,1,0,30.0,0,0,1
1.3040808085496365,1,0,30.0,0,0,1
4.318483913262434,1,0,39.37011214376019,0,0,1
2.7097425303544633,1,0,39.55816109318293,0,0,1
3.228117952615443,1,0,32.49492382823647,0,0,1
1.1232546672242059,1,0,30.0,0,0,1
4.603566796547655,1,0,30.0,0,0,1
4.928090649304682,1,0,30.0,0,0,1
1.940714272540351,1,0,30.0,0,0,1
3.626060731792613,1,0,33.08201003622652,0,0,1
3.715211821929464,1,0,30.0,0,0,1
4.865120970613832,1,0,30.0,0,0,1
2.9350645954266437,1,0,30.0,0,0,1
1.9516583818078344,1,0,30.0,0,0,1
2.4411305371327274,1,0,30.0,0,0,1
3.5584468409175876,1,0,30.0,0,0,1
2.8899484722654982,1,0,30.0,0,0,1
1.317629720351813,1,0,30.0,0,0,1
4.229464926477087,1,0,30.0,0,0,1
4.457075058865017,1,0,30.606182689994764,0,0,1
2.913328669475583,1,0,30.0,0,0,1
3.093881530730444,1,0,30.0,0,0,1
2.9662931185167616,1,0,31.21079193999249,0,0,1
3.1189847845004706,1,0,30.0,0,0,1
1.4104893540024364,1,0,33.12157908043862,0,0,1
2.7345315492995708,1,0,30.0,0,0,1
2.7915012075999894,1,0,30.0,0,0,1
4.990857340096632,1,0,30.0,0,0,1
1.1946126941788515,1,0,30.0,0,0,1
2.2485557015514623,1,0,30.0,0,0,1
2.983981072967249,1,0,30.0,0,0,1
4.388941381609188,1,0,30.0,0,0,1
2.8449484600672608,1,0,39.07672087975814,0,0,1
2.164025791601855,1,0,30.0,0,0,1
3.1410728480263477,1,0,33.96799310055209,0,0,1
2.1881072171934437,1,0,30.0,0,0,1
3.1932858898301104,1,0,30.0,0,0,1
3.75944103539693,1,0,34.1023675743662,0,0,1
3.1231294183900755,1,0,30.0,0,0,1
3.438540864639543,1,0,30.0,0,0,1
1.1548697667679004,1,0,30.0,0,0,1
3.635200317688532,1,0,30.0,0,0,1
4.878701578730414,1,0,30.0,0,0,1
2.966579016427681,1,0,30.0,0,0,1
4.210832929175873,1,0,34.92952005949523,0,0,1
3.1956213611189535,1,0,30.0,0,0,1
3.8159948944565665,1,0,32.158815994202406,0,0,1
2.239648618281556,1,0,30.0,0,0,1
4.867456591145394,1,0,30.0,0,0,1
1.8605799296551901,1,0,30.0,0,0,1
1.636390491493454,1,0,30.0,0,0,1
1.182097568226249,1,0,30.0,0,0,1
3.1647622497131347,1,0,34.93881903826921,0,0,1
3.4756036417518477,1,0,30.0,0,0,1
3.5980878921146284,1,0,36.13027532581499,0,0,1
1.6889259390937785,1,0,35.441366426297066,0,0,1
3.605748366238674,1,0,35.56785130018038,0,0,1
1.6604262585034992,1,0,30.19899029223282,0,0,1
4.019972624284799,1,0,35.27260206249832,0,0,1
2.1009783736949497,1,0,30.0,0,0,1
2.6881836696299932,1,0,30.0,0,0,1
2.4689081775219583,1,0,30.0,0,0,1
2.47089218151949,1,0,30.0,0,0,1
3.8837739295164058,1,0,30.0,0,0,1
4.991091680396427,1,0,150.0,0,0,1
3.1093190061852676,1,0,37.513318733992705,0,0,1
2.6041555746548584,1,0,30.0,0,0,1
2.1747964511273685,1,0,30.0,0,0,1
3.497912916364793,1,0,34.016327069884454,0,0,1
2.804732860790874,1,0,30.0,0,0,1
4.091343473679663,1,0,30.0,0,0,1
3.4267565560604165,1,0,30.0,0,0,1
2.6476855530283228,1,0,36.371010439124795,0,0,1
4.812045013130673,1,0,30.0,0,0,1
1.0450583021148416,1,0,33.988706114939525,0,0,1
3.7579520984593193,1,0,33.25880286186412,0,0,1
2.6431658279480943,1,0,30.986680381177273,0,0,1
1.4864873290461782,1,0,33.22332674353781,0,0,1
1.370781807518613,1,0,30.0,0,0,1
3.5972759474777196,1,0,30.0,0,0,1
1.5910926017749198,1,0,30.0,0,0,1
4.424304181360096,1,0,30.0,0,0,1
2.2437119452193977,1,0,30.0,0,0,1
2.3753714429276562,1,0,30.0,0,0,1
3.6404977422349134,1,0,30.0,0,0,1
1.8806555296468148,1,0,30.17819184365208,0,0,1
1.0281568387308693,1,0,30.0,0,0,1
2.7833173605333896,1,0,30.0,0,0,1
3.111519113423422,1,0,30.0,0,0,1
2.7835821217661185,1,0,30.0,0,0,1
2.8319668199826706,1,0,33.631083820232675,0,0,1
3.6629555927676183,1,0,30.0,0,0,1
4.382755148384087,1,0,30.12309573325794,0,0,1
2.4620222501502957,1,0,30.0,0,0,1
4.1603742113658,1,0,30.0,0,0,1
1.2507350649814284,1,0,30.0,0,0,1
2.9210434235703997,1,0,33.670547923349844,0,0,1
2.5046076841390064,1,0,30.0,0,0,1
2.8637623132978534,1,0,34.24059357751658,0,0,1
1.3659114255831808,1,0,30.0,0,0,1
1.5553172991808077,1,0,30.0,0,0,1
2.173919840933272,1,0,30.0,0,0,1
2.094126505247251,1,0,30.0,0,0,1
2.5403863301647376,1,0,30.0,0,0,1
2.829035508479537,1,0,30.0,0,0,1
1.8846900641203619,1,0,35.8387146462308,0,0,1
3.476881745822099,1,0,30.0,0,0,1
2.5032862468311423,1,0,35.45502575715023,0,0,1
1.2405411227027585,1,0,34.94374830655833,0,0,1
1.9747868444576366,1,0,44.87628860937399,0,0,1
3.240589175411863,1,0,30.0,0,0,1
3.427508631774048,1,0,30.0,0,0,1
4.198643479361058,1,0,31.961629211102142,0,0,1
1.9819146401073957,1,0,30.0,0,0,1
3.2488597842431877,1,0,30.0,0,0,1
2.9044208764044637,1,0,35.145745015631775,0,0,1
4.394060696607248,1,0,30.0,0,0,1
3.9199669415470884,1,0,30.0,0,0,1
1.5279418309663546,1,0,43.64948197820787,0,0,1
4.835096604781745,1,0,30.0,0,0,1
2.420858556528191,1,0,30.0,0,0,1
4.818365555168897,1,0,30.0,0,0,1
2.14088419121292,1,0,30.0,0,0,1
2.8757553000811984,1,0,30.0,0,0,1
3.2018552574510806,1,0,35.50055678361591,0,0,1
1.2543668114391076,1,0,30.0,0,0,1
3.8626625426158014,1,0,30.0,0,0,1
1.4188414578545911,1,0,34.827354816666805,0,0,1
1.6566511084464017,1,0,30.0,0,0,1
2.160968815021386,1,0,30.0,0,0,1
4.842985177685108,1,0,30.0,0,0,1
4.89246512587416,1,0,30.0,0,0,1
2.957265769002818,1,0,35.25961286692443,0,0,1
3.133284425058408,1,0,30.0,0,0,1
1.847372469408468,1,0,30.0,0,0,1
2.6721665821556373,1,0,30.0,0,0,1
4.937673097413095,1,0,30.0,0,0,1
4.163168296076382,1,0,30.0,0,0,1
3.789595968494886,1,0,30.0,0,0,1
2.1136596568345305,1,0,30.0,0,0,1
4.052236996350295,1,0,30.0,0,0,1
4.866215628815333,1,0,30.0,0,0,1
4.951813019516042,1,0,31.45245622001013,0,0,1
3.3991686072934586,1,0,30.0,0,0,1
1.6429281911368632,1,0,30.0,0,0,1
4.856280227452136,1,0,39.213452982910084,0,0,1
3.1655149969028176,1,0,37.82565897865612,0,0,1
1.153362305837447,1,0,30.0,0,0,1
1.325988102291328,1,0,30.0,0,0,1
3.3090317408948096,1,0,30.02017282151497,0,0,1
4.341175348461503,1,0,30.0,0,0,1
4.7660857117413435,1,0,30.0,0,0,1
4.777744443720159,1,0,30.0,0,0,1
3.3144578153618576,1,0,30.0,0,0,1
4.925636843705963,1,0,36.908649184584,0,0,1
1.5983843764849492,1,0,30.0,0,0,1
1.3786706026819657,1,0,30.512878913737293,0,0,1
1.1211115488621801,1,0,30.0,0,0,1
4.096528430245229,1,0,30.0,0,0,1
4.666387782518239,1,0,30.0,0,0,1
4.359334831907763,1,0,30.0,0,0,1
4.75854476210406,1,0,30.0,0,0,1
3.1922713992959895,1,0,30.0,0,0,1
4.052165769393103,1,0,30.0,0,0,1
2.346839493181688,1,0,30.0,0,0,1
4.066315575506898,1,0,36.21913567723672,0,0,1
4.012183995026165,1,0,30.0,0,0,1
2.7424115096830333,1,0,30.0,0,0,1
1.1750625983169103,1,0,31.629169341386515,0,0,1
2.065051834854403,1,0,38.54431207286321,0,0,1
4.540740150811628,1,0,34.85295164724847,0,0,1
3.3490666351753866,1,0,37.19314615041802,0,0,1
2.620372991937692,1,0,30.0,0,0,1
4.789581317824883,1,0,30.0,0,0,1
2.4657675860485946,1,0,34.444565044014766,0,0,1
2.3123317174668716,1,0,30.0,0,0,1
4.081984086194698,1,0,30.0,0,0,1
2.4212185195649094,1,0,129.9731285039555,0,0,1
2.7849328880513293,1,0,34.425021900441756,0,0,1
3.889832129157913,1,0,30.0,0,0,1
2.7204807254124237,1,0,34.28233365011434,0,0,1
2.2891517660636707,1,0,30.0,0,0,1
1.061555345011266,1,0,30.0,0,0,1
4.44227865971083,1,0,30.0,0,0,1
3.1068151720505077,1,0,30.0,0,0,1
4.405327490431719,1,0,30.0,0,0,1
3.4713685041935145,1,0,30.0,0,0,1
1.8026655269215452,1,0,30.0,0,0,1
2.4526438040456124,1,0,32.830552428153155,0,0,1
2.6690327041716,1,0,30.0,0,0,1
3.9589039464650444,1,0,30.0,0,0,1
3.192692769832634,1,0,30.681079257684605,0,0,1
3.5460140264233377,1,0,30.0,0,0,1
4.012320677593782,1,0,34.1064101213643,0,0,1
2.095445299023106,1,0,30.0,0,0,1
4.527967193052733,1,0,31.401045544368728,0,0,1
2.8131077998594867,1,0,39.2272638105593,0,0,1
3.6444875670149686,1,0,30.0,0,0,1
1.8728091948431995,1,0,30.0,0,0,1
1.9334894399543607,1,0,30.0,0,0,1
3.939957614146035,1,0,30.0,0,0,1
2.4016243069693375,1,0,33.8278569541596,0,0,1
4.503831070996649,1,0,30.0,0,0,1
3.658988358541532,1,0,30.0,0,0,1
3.661715672469409,1,0,34.20212493318926,0,0,1
2.5210692175793628,1,0,33.506089551847964,0,0,1
4.610681279064048,1,0,30.0,0,0,1
4.7785578590920625,1,0,32.23922121096456,0,0,1
2.031756998542672,1,0,35.952879250833796,0,0,1
3.058250283286535,1,0,30.0,0,0,1
4.6277273898607705,1,0,30.0,0,0,1
1.405122180373422,1,0,35.7030162211645,0,0,1
2.1903159942422645,1,0,37.24414411663637,0,0,1
4.817706074181585,1,0,30.0,0,0,1
2.9398943529300237,1,0,30.0,0,0,1
4.806148711634627,1,0,39.18296529497755,0,0,1
2.5206731147202137,1,0,30.0,0,0,1
3.1099985578445177,1,0,30.0,0,0,1
2.816491552443876,1,0,30.0,0,0,1
2.828856686149753,1,0,30.0,0,0,1
4.670851709800618,1,0,30.0,0,0,1
3.7785713139992314,1,0,30.0,0,0,1
4.782925905105313,1,0,30.0,0,0,1
2.3181280244435962,1,0,30.0,0,0,1
4.975575554041422,1,0,30.0,0,0,1
3.830657804212267,1,0,30.0,0,0,1
1.5252408263624937,1,0,30.0,0,0,1
2.6517724233391955,1,0,30.0,0,0,1
1.994671196302456,1,0,30.0,0,0,1
1.941837391340067,1,0,30.0,0,0,1
4.718211350630488,1,0,30.0,0,0,1
4.839797976481538,1,0,37.1150369353427,0,0,1
1.0566668004349888,1,0,30.0,0,0,1
1.5521469550012892,1,0,30.931593943449457,0,0,1
2.1113807398850297,1,0,30.0,0,0,1
4.3909413638128605,1,0,30.0,0,0,1
3.444422994308764,1,0,32.92998861888323,0,0,1
3.261710880167412,1,0,38.72799302568016,0,0,1
3.3930974284152966,1,0,30.0,0,0,1
4.802348080117097,1,0,30.038964007045127,0,0,1
2.103161754980169,1,0,30.0,0,0,1
1.493288436579054,1,0,30.0,0,0,1
3.4312614726693305,1,0,30.0,0,0,1
4.875476312216248,1,0,34.49740133308023,0,0,1
3.840017053371712,1,0,30.0,0,0,1
4.568465444830044,1,0,35.022113668949956,0,0,1
4.584759380490585,1,0,30.744878369830605,0,0,1
1.8770283635648375,1,0,30.0,0,0,1
3.7423938228047455,1,0,35.49764897567956,0,0,1
4.448883567935789,1,0,30.0,0,0,1
1.4053635491520553,1,0,52.73356936770668,0,0,1
3.605913171936603,1,0,35.44122063124079,0,0,1
2.0880126578470377,1,0,30.0,0,0,1
4.286682039003201,1,0,30.0,0,0,1
1.8928304601775778,1,0,30.0,0,0,1
2.4936819963657397,1,0,35.87238702264791,0,0,1
3.7069703653862915,1,0,30.0,0,0,1
3.223304637483515,1,0,30.0,0,0,1
1.4799040741452711,1,0,37.17711556167741,0,0,1
1.9011805611892694,1,0,30.0,0,0,1
4.543360252435315,1,0,30.0,0,0,1
4.955118365478937,1,0,87.8956037936044,0,0,1
3.7758881603271828,1,0,30.0,0,0,1
1.0390586904034511,1,0,30.0,0,0,1
3.97360263139324,1,0,30.0,0,0,1
3.5713023394848267,1,0,30.0,0,0,1
2.6472814217754927,1,0,30.0,0,0,1
1.9121832500543294,1,0,30.0,0,0,1
1.6627914162902226,1,0,30.0,0,0,1
1.334147448752494,1,0,30.0,0,0,1
3.557081502027752,1,0,30.0,0,0,1
2.34909829432138,1,0,38.83079423965356,0,0,1
3.07205303642248,1,0,39.506443684052485,0,0,1
3.1008334719364257,1,0,30.0,0,0,1
3.429209935163223,1,0,30.0,0,0,1
3.378184043679629,1,0,30.0,0,0,1
3.0763069734093405,1,0,32.103242949476346,0,0,1
1.620471058074942,1,0,35.55826499943949,0,0,1
1.1081726550984272,1,0,30.0,0,0,1
3.304739204205766,1,0,30.0,0,0,1
2.6928799956454506,1,0,30.0,0,0,1
2.6404746333850304,1,0,30.0,0,0,1
2.7202626281148428,1,0,30.0,0,0,1
1.4541680804792714,1,0,30.0,0,0,1
1.7170718477223827,1,0,30.0,0,0,1
3.6486177447579404,1,0,53.08699980654752,0,0,1
3.0551258944950104,1,0,30.0,0,0,1
3.438649323249126,1,0,30.0,0,0,1
1.5173624909043002,1,0,30.0,0,0,1
4.256558486226133,1,0,30.0,0,0,1
2.4905589021967174,1,0,32.62019375683731,0,0,1
3.452287951228953,1,0,30.0,0,0,1
2.862612878720168,1,0,30.0,0,0,1
2.8732922826346106,1,0,33.90545176200761,0,0,1
4.114321882180501,1,0,36.962363350309076,0,0,1
1.4413954660261612,1,0,30.0,0,0,1
1.2991608791923426,1,0,39.55366829696283,0,0,1
1.40423321382079,1,0,30.0,0,0,1
4.981200554007337,1,0,37.52227447463837,0,0,1
4.708592517026577,1,0,35.15789283152925,0,0,1
3.802213903654924,1,0,30.0,0,0,1
2.7901832477455444,1,0,33.04529282850275,0,0,1
1.3402848427608864,1,0,30.0,0,0,1
4.28358276711359,1,0,32.83039830507325,0,0,1
1.7577703980665405,1,0,30.0,0,0,1
2.0913681946790006,1,0,30.0,0,0,1
4.363167768177798,1,0,37.98889093995101,0,0,1
2.029337628387734,1,0,30.0,0,0,1
4.378305956032056,1,0,30.0,0,0,1
4.143754252776149,1,0,30.0,0,0,1
4.349160963083034,1,0,30.0,0,0,1
3.697164807907084,1,0,30.0,0,0,1
2.408503286401983,1,0,30.0,0,0,1
3.612671499874334,1,0,33.51435831053196,0,0,1
4.316430864387436,1,0,30.0,0,0,1
3.9976782272009856,1,0,30.21940566594699,0,0,1
4.4481122419949335,1,0,38.00853846074681,0,0,1
4.934123908136552,1,0,30.0,0,0,1
3.7605810694808413,1,0,35.87024772739371,0,0,1
4.71250882161892,1,0,30.0,0,0,1
2.087111220443772,1,0,30.0,0,0,1
4.893930963389229,1,0,30.0,0,0,1
4.64129826625727,1,0,30.0,0,0,1
1.1649719112887458,1,0,30.0,0,0,1
3.3617911486023035,1,0,30.0,0,0,1
3.0118867795817286,1,0,30.0,0,0,1
4.262421010461168,1,0,30.67776898675541,0,0,1
1.5053605347979668,1,0,30.0,0,0,1
3.110557093654627,1,0,30.0,0,0,1
3.0050551848955203,1,0,32.95461919474966,0,0,1
2.58215611706214,1,0,30.0,0,0,1
4.9687310213390505,1,0,37.65599814989547,0,0,1
3.1581855843128155,1,0,30.0,0,0,1
2.6529776165163605,1,0,30.0,0,0,1
4.425613534896986,1,0,37.33563554048364,0,0,1
1.556217601447225,1,0,30.0,0,0,1
2.150249202101884,1,0,30.0,0,0,1
2.115567682143233,1,0,30.0,0,0,1
4.73480274124376,1,0,30.0,0,0,1
4.521318863993438,1,0,30.0,0,0,1
3.426737401196091,1,0,32.887054245353895,0,0,1
2.278517712583236,1,0,32.951588340198136,0,0,1
2.872415087652497,1,0,30.0,0,0,1
3.2845861556014024,1,0,30.0,0,0,1
3.1603473578071117,1,0,30.0,0,0,1
2.02374137860922,1,0,30.0,0,0,1
1.5219504160812543,1,0,30.0,0,0,1
4.63054542958983,1,0,30.0,0,0,1
3.563389371785918,1,0,34.12661768328817,0,0,1
1.5803695337077635,1,0,30.0,0,0,1
4.959373922214839,1,0,30.0,0,0,1
2.6451092645775267,1,0,30.0,0,0,1
3.931880472375433,1,0,30.0,0,0,1
1.706858884574865,1,0,30.0,0,0,1
4.731062785931404,1,0,32.78073953302195,0,0,1
1.3168292277959162,1,0,73.67214672801956,0,0,1
4.823286572601141,1,0,38.332627230977316,0,0,1
3.90849036689321,1,0,30.0,0,0,1
1.9089783053543203,1,0,30.0,0,0,1
1.7236229616500207,1,0,30.0,0,0,1
4.348403656882363,1,0,30.226608547565398,0,0,1
1.159695805404212,1,0,33.521560000883674,0,0,1
1.4571204711072294,1,0,30.109282306736254,0,0,1
3.6914243180965793,1,0,30.0,0,0,1
1.3094679707085013,1,0,30.0,0,0,1
3.164981580237194,1,0,30.0,0,0,1
3.2962112734309503,1,0,30.0,0,0,1
1.0714859728922783,1,0,30.0,0,0,1
2.508652723195681,1,0,30.0,0,0,1
1.1141225497308813,1,0,30.0,0,0,1
4.86754139224714,1,0,30.0,0,0,1
1.8612868595401677,1,0,30.0,0,0,1
3.758840113087741,1,0,30.0,0,0,1
3.695062500232348,1,0,30.0,0,0,1
4.088927532074386,1,0,30.0,0,0,1
2.3413103127269226,1,0,30.0,0,0,1
1.7375920273147374,1,0,30.0,0,0,1
3.1220088487679742,1,0,30.0,0,0,1
3.7773468259229825,1,0,30.0,0,0,1
4.021205355502627,1,0,30.0,0,0,1
1.1956616088598002,1,0,30.0,0,0,1
4.0106389869245795,1,0,30.0,0,0,1
1.4497290173181518,1,0,30.0,0,0,1
3.0985832846299814,1,0,30.0,0,0,1
3.221644223103477,1,0,30.0,0,0,1
1.508200771547613,1,0,30.0,0,0,1
4.855991703050004,1,0,30.0,0,0,1
3.5520656732392255,1,0,37.97621116910824,0,0,1
1.8955657753744912,1,0,30.0,0,0,1
1.2035907109411852,1,0,30.0,0,0,1
4.100093698259457,1,0,30.41756717254848,0,0,1
4.365262567465262,1,0,30.0,0,0,1
1.3625202607937767,1,0,53.36722734454909,0,0,1
2.0297227806316496,1,0,30.0,0,0,1
3.5695115199554572,1,0,32.20774351122521,0,0,1
2.675908543088655,1,0,30.0,0,0,1
2.370049154164815,1,0,30.0,0,0,1
2.6978051390863094,1,0,30.0,0,0,1
3.0212181901109263,1,0,30.0,0,0,1
1.73865035669178,1,0,30.0,0,0,1
2.552252796649784,1,0,30.0,0,0,1
1.2793017588647113,1,0,30.0,0,0,1
1.0242225626386294,1,0,30.0,0,0,1
4.90077332665415,1,0,30.0,0,0,1
1.219231442719455,1,0,30.0,0,0,1
1.1739115791493018,1,0,30.0,0,0,1
4.559847902757303,1,0,30.0,0,0,1
4.9041472410967515,1,0,33.228103118540496,0,0,1
4.378139303821776,1,0,30.0,0,0,1
1.5582018108965574,1,0,30.0,0,0,1
3.5581266794062993,1,0,34.25191865398665,0,0,1
3.787698096560377,1,0,30.0,0,0,1
4.0866500218823045,1,0,32.37856573652677,0,0,1
1.4515554743410117,1,0,37.79873609469154,0,0,1
2.5630109241338332,1,0,30.0,0,0,1
2.1043876951213374,1,0,39.021341280775374,0,0,1
3.6180640504087163,1,0,38.68616563991983,0,0,1
2.3744060611893474,1,0,31.441047880724184,0,0,1
3.0352904132433065,1,0,31.346154568349085,0,0,1
3.505749833561588,1,0,30.0,0,0,1
4.463242400472161,1,0,30.0,0,0,1
4.68366732967126,1,0,30.0,0,0,1
3.7737913608740303,1,0,30.0,0,0,1
1.625565252294161,1,0,34.01022096531844,0,0,1
4.555668574648774,1,0,30.0,0,0,1
1.8180622942319506,1,0,30.0,0,0,1
1.2127531635500834,1,0,30.0,0,0,1
2.7490846052771767,1,0,30.0,0,0,1
3.7385529827256545,1,0,30.0,0,0,1
1.597457388750362,1,0,30.0,0,0,1
2.197462879461473,1,0,30.0,0,0,1
1.3202397624683324,1,0,30.0,0,0,1
3.47282561418715,1,0,30.0,0,0,1
3.832951250156743,1,0,30.0,0,0,1
3.0787469831167265,1,0,30.0,0,0,1
2.777728352787428,1,0,30.0,0,0,1
4.390806782973971,1,0,30.0,0,0,1
2.676743001325593,1,0,30.0,0,0,1
2.767078554165347,1,0,37.116521004322976,0,0,1
3.3093123908744957,1,0,35.02581608404308,0,0,1
3.8153976956581492,1,0,150.0,0,0,1
4.108122194086551,1,0,30.0,0,0,1
1.1632798757541378,1,0,30.0,0,0,1
4.404626306167996,1,0,30.0,0,0,1
2.8052873755571834,1,0,30.0,0,0,1
4.62348986849276,1,0,33.248588658403285,0,0,1
3.1453728242188226,1,0,30.0,0,0,1
2.9033324211451528,1,0,30.0,0,0,1
1.781545784935882,1,0,30.0,0,0,1
2.878416499470468,1,0,33.31560053123906,0,0,1
2.9717186507949536,1,0,30.0,0,0,1
4.577913146855748,1,0,30.0,0,0,1
4.548344695755061,1,0,30.0,0,0,1
2.945658666635608,1,0,30.0,0,0,1
4.470269457838411,1,0,30.0,0,0,1
4.417562942640689,1,0,30.0,0,0,1
4.793540296005048,1,0,129.37039004665718,0,0,1
2.446413255804484,1,0,30.0,0,0,1
1.848912537012804,1,0,30.0,0,0,1
4.775697953368526,1,0,30.0,0,0,1
3.3394453895408387,1,0,30.0,0,0,1
2.866630399162306,1,0,30.0,0,0,1
2.6458331587690394,1,0,30.0,0,0,1
1.3390083159128419,1,0,30.0,0,0,1
1.8163778550127576,1,0,30.0,0,0,1
2.1663306125436157,1,0,30.0,0,0,1
3.205267662803496,1,0,30.0,0,0,1
3.066846766513032,1,0,30.0,0,0,1
3.1714656875302376,1,0,31.51710073012331,0,0,1
1.305845997342971,1,0,32.89645433838068,0,0,1
1.0390927808602513,1,0,30.0,0,0,1
2.8526078732428006,1,0,30.0,0,0,1
1.773930127570582,1,0,33.05616619695457,0,0,1
4.566720537344757,1,0,30.0,0,0,1
2.7236502795266873,1,0,30.0,0,0,1
2.4079693286892376,1,0,36.13331415742895,0,0,1
3.176022130037329,1,0,30.0,0,0,1
3.514407406872032,1,0,30.0,0,0,1
1.3278694509357232,1,0,30.0,0,0,1
3.965352767673541,1,0,30.0,0,0,1
1.5503154938842756,1,0,30.0,0,0,1
2.5469306061024533,1,0,30.0,0,0,1
2.427470480963203,1,0,30.0,0,0,1
3.2766474163088204,1,0,30.0,0,0,1
3.757870842682194,1,0,30.0,0,0,1
4.203273744011527,1,0,30.0,0,0,1
3.10858212487392,1,0,30.0,0,0,1
1.62156722721318,1,0,30.0,0,0,1
3.783815152540091,1,0,30.0,0,0,1
2.9151980600937426,1,0,30.0,0,0,1
3.3557332991113835,1,0,30.0,0,0,1
2.774829787964696,1,0,30.0,0,0,1
2.6651759618141466,1,0,30.0,0,0,1
3.8054355963150495,1,0,30.0,0,0,1
3.0964342994771825,1,0,30.0,0,0,1
4.471190023510498,1,0,30.0,0,0,1
3.973783891466195,1,0,37.72428483097725,0,0,1
2.905247292309559,1,0,30.0,0,0,1
1.856833279717713,1,0,30.0,0,0,1
1.0702984852557846,1,0,30.0,0,0,1
1.821599342402565,1,0,34.98253022302525,0,0,1
2.125079847495635,1,0,34.748127938188226,0,0,1
1.472452801619057,1,0,30.0,0,0,1
3.676364146007608,1,0,30.0,0,0,1
2.3043108796662786,1,0,30.0,0,0,1
1.1209823411936286,1,0,30.0,0,0,1
2.7475097288162584,1,0,30.0,0,0,1
4.137255382469329,1,0,30.0,0,0,1
2.3589914101050686,1,0,30.0,0,0,1
4.609326687374162,1,0,30.0,0,0,1
4.411173614076698,1,0,30.0,0,0,1
4.557513432990533,1,0,30.0,0,0,1
3.671159615413248,1,0,36.20213269323158,0,0,1
4.226381262473978,1,0,30.0,0,0,1
2.5559004273836154,1,0,30.0,0,0,1
3.7728761227297443,1,0,39.26586652276509,0,0,1
1.8956025239001977,1,0,30.0,0,0,1
1.8188750245287038,1,0,37.480167494140886,0,0,1
4.774460056923905,1,0,30.0,0,0,1
3.1952683140746565,1,0,30.0,0,0,1
1.2867102599161404,1,0,30.0,0,0,1
1.7892040855727114,1,0,30.0,0,0,1
2.8453576858511216,1,0,30.0,0,0,1
4.383570218424652,1,0,30.0,0,0,1
4.583812703938214,1,0,30.0,0,0,1
1.453830933505118,1,0,30.0,0,0,1
1.2481144075845751,1,0,30.0,0,0,1
1.486752743779585,1,0,30.481294434955508,0,0,1
3.685580770351329,1,0,30.0,0,0,1
3.1313180748808636,1,0,30.0,0,0,1
3.9515644717439247,1,0,30.0,0,0,1
3.373439390609829,1,0,30.0,0,0,1
1.3835411941778157,1,0,30.0,0,0,1
2.030527854068954,1,0,30.0,0,0,1
2.3262061032270216,1,0,30.0,0,0,1
3.8307857630463005,1,0,30.0,0,0,1
3.387408069162335,1,0,30.0,0,0,1
4.787294268047287,1,0,31.063302084499057,0,0,1
1.582090726564655,1,0,30.0,0,0,1
4.754505281151852,1,0,30.0,0,0,1
1.8806016755203983,1,0,30.0,0,0,1
2.3738680345490737,1,0,30.0,0,0,1
1.138316995643529,1,0,30.0,0,0,1
2.1861095309142415,1,0,35.783553897854965,0,0,1
1.7988268688213065,1,0,30.0,0,0,1
1.8690046434693892,1,0,30.0,0,0,1
3.2888153389297488,1,0,30.0,0,0,1
4.123148807730669,1,0,30.0,0,0,1
3.979829248056685,1,0,30.0,0,0,1
4.316591112330638,1,0,30.0,0,0,1
3.9253438654936144,1,0,30.0,0,0,1
4.906022357861001,1,0,30.0,0,0,1
1.0738935300706713,1,0,34.36766538187197,0,0,1
4.951584334662438,1,0,30.0,0,0,1
2.63931458241923,1,0,30.452502443890452,0,0,1
2.9112166305598794,1,0,30.0,0,0,1
3.3094001029313738,1,0,30.0,0,0,1
1.034093080703355,1,0,30.0,0,0,1
1.7268399325853028,1,0,30.0,0,0,1
2.783882355516089,1,0,30.0,0,0,1
4.07806930295679,1,0,30.0,0,0,1
4.480352362270086,1,0,30.0,0,0,1
1.5909343209989046,1,0,30.0,0,0,1
2.0519462290998316,1,0,30.0,0,0,1
3.4294815450158267,1,0,30.0,0,0,1
2.443932206735126,1,0,30.0,0,0,1
2.191652495663539,1,0,30.510269963053602,0,0,1
2.5332835474853317,1,0,30.0,0,0,1
3.8063831380315505,1,0,50.10677315277769,0,0,1
1.7944003364524481,1,0,30.0,0,0,1
1.2476240268071104,1,0,30.0,0,0,1
1.0138275981427083,1,0,30.0,0,0,1
3.106679669934002,1,0,30.0,0,0,1
2.0000694824923415,1,0,30.0,0,0,1
3.2465545587247817,1,0,62.11705895038119,0,0,1
4.52396607751842,1,0,32.886955181523064,0,0,1
2.1746318333300594,1,0,30.0,0,0,1
1.7342818505358624,1,0,30.0,0,0,1
1.0063012286351833,1,0,30.0,0,0,1
4.925411693162743,1,0,30.0,0,0,1
3.067306855445633,1,0,30.0,0,0,1
4.208377875391129,1,0,30.0,0,0,1
4.432397845616379,1,0,30.0,0,0,1
4.980857932738722,1,0,30.0,0,0,1
4.438531837535907,1,0,30.0,0,0,1
2.1762351502772943,1,0,30.0,0,0,1
3.2574664427381927,1,0,30.0,0,0,1
4.850942050721342,1,0,30.0,0,0,1
3.5335121001795717,1,0,30.0,0,0,1
4.0762550596757485,1,0,30.0,0,0,1
4.626647436657049,1,0,30.0,0,0,1
3.4546120184570657,1,0,30.0,0,0,1
3.769866223538684,1,0,30.0,0,0,1
3.353094650742274,1,0,30.0,0,0,1
2.3545500434721904,1,0,30.0,0,0,1
1.995180735341005,1,0,30.0,0,0,1
3.534137218408783,1,0,59.75933718736039,0,0,1
4.924494991679098,1,0,31.73059590178171,0,0,1
4.664549958014361,1,0,30.0,0,0,1
1.839437099024308,1,0,30.86007327073697,0,0,1
4.37102845014884,1,0,30.0,0,0,1
1.084430835316844,1,0,30.0,0,0,1
3.3577953443497344,1,0,30.0,0,0,1
4.721344494133442,1,0,30.0,0,0,1
4.8373417119533,1,0,30.0,0,0,1
3.4122316519294014,1,0,30.0,0,0,1
3.5232570891836783,1,0,30.0,0,0,1
2.559626300413808,1,0,30.0,0,0,1
3.8945537918044257,1,0,30.0,0,0,1
1.9828343915805382,1,0,30.0,0,0,1
1.135484754457262,1,0,30.0,0,0,1
4.341215440436873,1,0,30.0,0,0,1
1.2414489190386044,1,0,30.0,0,0,1
3.6588310872484726,1,0,30.0,0,0,1
2.747723502042823,1,0,30.0,0,0,1
1.173027696077086,1,0,30.0,0,0,1
1.6392634044497751,1,0,30.0,0,0,1
1.402876350776613,1,0,33.92458484779655,0,0,1
1.8576215319236882,1,0,33.49362663200037,0,0,1
3.541107809513861,1,0,30.0,0,0,1
3.2824848266785636,1,0,30.0,0,0,1
2.731744094092552,1,0,30.0,0,0,1
4.372213934858319,1,0,30.0,0,0,1
4.012311662972495,1,0,30.0,0,0,1
3.7308280617386016,1,0,30.0,0,0,1
3.395455606638838,1,0,30.0,0,0,1
3.784439248821327,1,0,30.0,0,0,1
1.9063754969775069,1,0,30.0,0,0,1
2.0392868927562007,1,0,30.0,0,0,1
2.1924612308250238,1,0,33.6667752977306,0,0,1
3.964250907311878,1,0,30.0,0,0,1
2.729098738068388,1,0,32.57589424333697,0,0,1
4.838015264471839,1,0,30.0,0,0,1
1.1608074623393687,1,0,30.0,0,0,1
2.532667190832129,1,0,30.0,0,0,1
1.618907313122429,1,0,30.0,0,0,1
4.26528274281993,1,0,30.0,0,0,1
2.9184350307973905,1,0,30.0,0,0,1
3.480067780283267,1,0,30.0,0,0,1
3.391798409392406,1,0,33.22316813347391,0,0,1
1.3162648149625684,1,0,70.02065412160546,0,0,1
4.134952730872062,1,0,30.0,0,0,1
4.287907149754205,1,0,30.0,0,0,1
3.429757182405577,1,0,30.0,0,0,1
2.1237893736400957,1,0,32.024220877804986,0,0,1
3.8963673018117078,1,0,30.0,0,0,1
3.8026631537032767,1,0,30.0,0,0,1
4.650155626418214,1,0,30.0,0,0,1
1.4693341531622903,1,0,30.0,0,0,1
4.639214872046804,1,0,30.0,0,0,1
4.548288138605518,1,0,30.0,0,0,1
2.1901096164530554,1,0,30.0,0,0,1
3.8647910649772865,1,0,30.0,0,0,1
2.05483262529877,1,0,30.0,0,0,1
1.9403832832421148,1,0,30.0,0,0,1
3.5661397439888334,1,0,78.61228432230187,0,0,1
1.2001333369413523,1,0,32.19393575435683,0,0,1
1.3859090316365887,1,0,30.0,0,0,1
3.640574491942553,1,0,30.0,0,0,1
4.807476764302237,1,0,30.0,0,0,1
1.1361551097330538,1,0,30.0,0,0,1
1.0916737611280367,1,0,33.25770593342004,0,0,1
1.2990867512311857,1,0,30.0,0,0,1
1.0066578171935574,1,0,30.0,0,0,1
4.713249820387914,1,0,30.0,0,0,1
2.8961678353940457,1,0,30.510715739125803,0,0,1
3.768454191759589,1,0,30.0,0,0,1
2.6655475179991557,1,0,30.0,0,0,1
4.98898004610416,1,0,30.71687373443296,0,0,1
2.919725544851485,1,0,30.0,0,0,1
4.7570635455692685,1,0,30.0,0,0,1
3.5984418044005984,1,0,30.0,0,0,1
4.790952749724758,1,0,30.0,0,0,1
2.98056703253401,1,0,30.0,0,0,1
4.515520377736058,1,0,30.0,0,0,1
2.335546908223415,1,0,30.0,0,0,1
3.6447935058157523,1,0,30.0,0,0,1
3.46873917542115,1,0,30.0,0,0,1
2.947344618928509,1,0,30.0,0,0,1
3.005930408349775,1,0,30.0,0,0,1
1.6804845224215357,1,0,30.980111477727093,0,0,1
4.624108454003781,1,0,30.0,0,0,1
2.816839240749225,1,0,38.63408392075384,0,0,1
1.6058766014026333,1,0,35.53372449490367,0,0,1
3.81731402161768,1,0,41.63663841484441,0,0,1
3.908644392781771,1,0,30.0,0,0,1
1.1804688555085878,1,0,31.807090255907873,0,0,1
2.3312808752759313,1,0,30.0,0,0,1
3.337042709359912,1,0,30.0,0,0,1
4.286330274481344,1,0,38.53466521379088,0,0,1
2.242420686172917,1,0,30.0,0,0,1
2.1986198030838944,1,0,30.0,0,0,1
3.946271861959791,1,0,30.0,0,0,1
1.8768176232335727,1,0,30.0,0,0,1
4.583994794919059,1,0,30.0,0,0,1
4.161662206599573,1,0,30.0,0,0,1
4.5722212408744305,1,0,30.0,0,0,1
2.4149828754450993,1,0,30.0,0,0,1
1.6629437370260014,1,0,36.132219048897156,0,0,1
3.3402309935434094,1,0,30.0,0,0,1
1.7598758656273623,1,0,30.0,0,0,1
2.064452638623171,1,0,30.0,0,0,1
2.6022704104693943,1,0,32.227945065418716,0,0,1
2.850913910161548,1,0,30.0,0,0,1
2.289653250189392,1,0,30.0,0,0,1
2.138879752433648,1,0,30.0,0,0,1
1.9869078241582265,1,0,30.0,0,0,1
3.760543609114342,1,0,30.0,0,0,1
2.223513695709953,1,0,37.69198638998637,0,0,1
3.7775912539366763,1,0,30.0,0,0,1
3.971538972923643,1,0,30.0,0,0,1
3.8569194921923096,1,0,30.0,0,0,1
4.657749331767648,1,0,30.0,0,0,1
4.817942653421812,1,0,30.0,0,0,1
1.5874424225351453,1,0,30.0,0,0,1
2.282348485397865,1,0,37.58419493550861,0,0,1
4.150666786551314,1,0,30.0,0,0,1
4.127212591965648,1,0,30.0,0,0,1
1.283772169839291,1,0,30.0,0,0,1
4.848148364955324,1,0,30.0,0,0,1
4.4248182918744074,1,0,30.0,0,0,1
4.596816688629839,1,0,30.0,0,0,1
1.8175391801249923,1,0,30.0,0,0,1
3.0036798612212565,1,0,30.0,0,0,1
2.7621688426658526,1,0,30.0,0,0,1
2.441194784624991,1,0,30.0,0,0,1
1.909420586965561,1,0,30.0,0,0,1
1.558426255656142,1,0,37.60563021725624,0,0,1
4.482033707081538,1,0,30.0,0,0,1
3.1217425905234277,1,0,30.0,0,0,1
3.4033064840282634,1,0,30.0,0,0,1
2.0464046473105917,1,0,30.0,0,0,1
4.740212325033944,1,0,30.0,0,0,1
4.745506595739343,1,0,30.0,0,0,1
3.685800362418563,1,0,30.0,0,0,1
2.2822119325873533,1,0,37.426561703992775,0,0,1
1.9313766829788608,1,0,32.549735604625646,0,0,1
3.3810852911275173,1,0,30.0,0,0,1
4.331516371041714,1,0,30.0,0,0,1
4.867935200875918,1,0,30.0,0,0,1
1.2727616191173285,1,0,30.0,0,0,1
2.3367860232285813,1,0,30.0,0,0,1
2.564597526049603,1,0,30.0,0,0,1
2.4761014971054216,1,0,30.0,0,0,1
3.671104783829254,1,0,36.89768304129453,0,0,1
3.1888259421624086,1,0,39.43410641134699,0,0,1
4.565496668286819,1,0,32.2869624413163,0,0,1
1.890204814573294,1,0,30.0,0,0,1
2.597327155265434,1,0,30.0,0,0,1
3.164638870045382,1,0,37.262692938834185,0,0,1
4.267187011274634,1,0,31.243158439407285,0,0,1
4.29295860634702,1,0,30.0,0,0,1
4.437488916033724,1,0,30.0,0,0,1
3.0765389110895938,1,0,36.57024439383193,0,0,1
1.9663976716114724,1,0,30.0,0,0,1
3.905022067628264,1,0,30.0,0,0,1
4.818694099913282,1,0,34.082034863038174,0,0,1
2.1411986583338747,1,0,37.77678253338206,0,0,1
1.7935259437186013,1,0,35.32551963729016,0,0,1
1.0899033584040763,1,0,37.07558110274866,0,0,1
3.6658714584190166,1,0,34.96446324860504,0,0,1
3.180060334206654,1,0,30.0,0,0,1
1.5388574531768113,1,0,30.0,0,0,1
1.798062873068187,1,0,30.0,0,0,1
3.6488903289351806,1,0,30.0,0,0,1
2.74406995915564,1,0,30.0,0,0,1
1.9329236456509524,1,0,30.0,0,0,1
3.4232928814549046,1,0,30.0,0,0,1
1.2106630886690946,1,0,30.0,0,0,1
1.0648112559191807,1,0,30.0,0,0,1
2.0435109404210277,1,0,30.0,0,0,1
2.1580750025793543,1,0,30.0,0,0,1
1.41747369463567,1,0,30.0,0,0,1
1.4594653246879825,1,0,84.974709501964,0,0,1
1.6712121180377886,1,0,36.82245663420672,0,0,1
3.8984351232560237,1,0,30.0,0,0,1
4.224663110285407,1,0,30.0,0,0,1
1.7264198227278755,1,0,30.0,0,0,1
3.627080313560144,1,0,30.0,0,0,1
1.9346100099451884,1,0,30.0,0,0,1
4.520234389993411,1,0,30.0,0,0,1
2.0757111364334024,1,0,31.303736503858147,0,0,1
1.5190856514934774,1,0,30.0,0,0,1
2.756583917727213,1,0,30.0,0,0,1
1.616851461405544,1,0,30.0,0,0,1
1.7934674001243258,1,0,30.0,0,0,1
2.3562513169235313,1,0,35.3675043187345,0,0,1
3.64288207930126,1,0,30.0,0,0,1
1.4674164351999779,1,0,30.0,0,0,1
2.13643605455416,1,0,30.0,0,0,1
4.433458512413195,1,0,30.0,0,0,1
2.0950774689878213,1,0,30.0,0,0,1
1.67378732819444,1,0,30.0,0,0,1
3.1344657579336657,1,0,30.016202353210623,0,0,1
1.1332635191247924,1,0,30.55346756089861,0,0,1
4.2158046662762985,1,0,33.04228644111491,0,0,1
1.8898465257844266,1,0,30.0,0,0,1
1.5314320177551246,1,0,38.22576620010453,0,0,1
4.232811052744721,1,0,36.38888595727459,0,0,1
4.371019650803508,1,0,30.0,0,0,1
3.9389260456982043,1,0,30.0,0,0,1
1.9383874787948545,1,0,33.28761736998118,0,0,1
3.1079556172130003,1,0,30.0,0,0,1
4.876264029920944,1,0,33.65097399253468,0,0,1
2.9110643956654445,1,0,30.0,0,0,1
4.798558906644191,1,0,30.0,0,0,1
3.7054735339867495,1,0,30.0,0,0,1
4.379983442312923,1,0,34.778328195529795,0,0,1
1.7696000382938175,1,0,30.98639476965192,0,0,1
4.706939366277091,1,0,30.0,0,0,1
4.413377897504104,1,0,30.0,0,0,1
4.140198624435128,1,0,30.0,0,0,1
4.7648923414268545,1,0,49.7979954515536,0,0,1
4.155515424160402,1,0,30.0,0,0,1
3.306988447330757,1,0,30.0,0,0,1
3.5947608180876776,1,0,32.40342839333132,0,0,1
4.283577077274051,1,0,30.0,0,0,1
3.9966316732718656,1,0,30.0,0,0,1
3.3671661649052904,1,0,30.0,0,0,1
3.392317367976096,1,0,30.0,0,0,1
4.521128481515434,1,0,30.0,0,0,1
1.0396464569961288,1,0,30.0,0,0,1
3.871814329855882,1,0,36.35140375809795,0,0,1
3.262643936611294,1,0,30.0,0,0,1
4.353175971689459,1,0,30.0,0,0,1
1.8217478523470452,1,0,30.0,0,0,1
3.1013742629583727,1,0,30.0,0,0,1
1.510577250507409,1,0,30.0,0,0,1
3.6374986927143507,1,0,34.198547266140565,0,0,1
4.055071435271902,1,0,30.0,0,0,1
3.4941298871434467,1,0,30.0,0,0,1
3.2190851189867873,1,0,35.21638109325248,0,0,1
2.3735158384767883,1,0,30.0,0,0,1
3.5591371347084477,1,0,30.0,0,0,1
4.598021744938074,1,0,34.224880477202746,0,0,1
3.8856731276015437,1,0,30.0,0,0,1
1.0918121639133958,1,0,34.260286925197875,0,0,1
3.0348857022479603,1,0,30.0,0,0,1
3.945667777884625,1,0,52.95802879785738,0,0,1
3.016652111605087,1,0,30.0,0,0,1
3.3654001820889285,1,0,33.16011314928805,0,0,1
4.646337635768381,1,0,30.0,0,0,1
4.495800257736232,1,0,30.0,0,0,1
1.3252576320846,1,0,33.92518578468631,0,0,1
3.042212829018401,1,0,30.0,0,0,1
3.489265263245198,1,0,30.0,0,0,1
4.408125492247638,1,0,30.0,0,0,1
2.0620024560117547,1,0,30.0,0,0,1
1.5594157590694802,1,0,30.0,0,0,1
3.388618414717007,1,0,31.967584941085736,0,0,1
2.8704485135313544,1,0,74.18809107229475,0,0,1
2.0308208056734927,1,0,30.0,0,0,1
4.771712565861092,1,0,30.0,0,0,1
2.2702239217062883,1,0,30.0,0,0,1
1.2211437190900787,1,0,30.0,0,0,1
1.2351969196208956,1,0,35.30761784302864,0,0,1
1.8043289666081175,1,0,33.496892091764266,0,0,1
1.4669432994911573,1,0,30.0,0,0,1
2.5787548283379556,1,0,30.0,0,0,1
1.3218588652637036,1,0,30.0,0,0,1
3.244660807977384,1,0,32.373026838938586,0,0,1
2.6335648980179425,1,0,30.0,0,0,1
3.3917006351326555,1,0,34.83921311235195,0,0,1
4.956946187696102,1,0,30.0,0,0,1
4.967606376011437,1,0,30.0,0,0,1
2.668116166521872,1,0,30.0,0,0,1
2.4682157347602414,1,0,30.0,0,0,1
3.7262115281996175,1,0,30.0,0,0,1
2.470718457012609,1,0,31.24063211518471,0,0,1
4.113126303931662,1,0,30.0,0,0,1
3.406583967853436,1,0,30.0,0,0,1
1.7979488916662243,1,0,39.0591980770609,0,0,1
2.65933527951665,1,0,30.0,0,0,1
4.454632194803885,1,0,30.0,0,0,1
3.2134131329191793,1,0,30.0,0,0,1
3.8396749002854578,1,0,30.0,0,0,1
3.8394028125136863,1,0,31.43951188398031,0,0,1
2.9286210883122816,1,0,30.0,0,0,1
2.1819655099037654,1,0,30.0,0,0,1
3.3853553592313856,1,0,30.0,0,0,1
1.4522322513271635,1,0,30.0,0,0,1
3.389482479152527,1,0,30.0,0,0,1
1.410954542287406,1,0,30.0,0,0,1
4.607192120940672,1,0,30.0,0,0,1
3.9754859770320357,1,0,31.714289198941344,0,0,1
1.7248399111848767,1,0,30.0,0,0,1
4.138641463323479,1,0,33.9213231338027,0,0,1
3.9034112504822405,1,0,30.0,0,0,1
3.9137790196637066,1,0,30.0,0,0,1
2.3411271339584254,1,0,30.0,0,0,1
3.0909635724621145,1,0,30.0,0,0,1
3.3430992203673315,1,0,36.45647283878005,0,0,1
2.507913144474003,1,0,33.37538129734429,0,0,1
3.2415955207221643,1,0,30.0,0,0,1
1.9760656242659933,1,0,30.0,0,0,1
4.4995387518106655,1,0,34.62590803844675,0,0,1
4.841346116842983,1,0,30.0,0,0,1
2.3069318033120907,1,0,30.0,0,0,1
2.369590350160565,1,0,30.0,0,0,1
1.8648404920531152,1,0,32.92385945464519,0,0,1
4.459117309316053,1,0,30.0,0,0,1
1.6534471792144259,1,0,30.0,0,0,1
4.195435398095203,1,0,30.0,0,0,1
4.329314553379676,1,0,32.14624363258678,0,0,1
2.264875866216791,1,0,34.27170263074357,0,0,1
4.107166376038639,1,0,37.951342659028036,0,0,1
2.811887968965484,1,0,30.0,0,0,1
2.3938104307968224,1,0,30.0,0,0,1
4.5735136850485,1,0,30.0,0,0,1
2.814112374748912,1,0,30.0,0,0,1
1.2209187584378798,1,0,30.0,0,0,1
3.5380856036226307,1,0,30.0,0,0,1
3.6320093018260655,1,0,30.0,0,0,1
3.5386019437463556,1,0,30.0,0,0,1
2.441275359110453,1,0,30.0,0,0,1
3.7144592854723975,1,0,30.0,0,0,1
2.1643772787316777,1,0,30.0,0,0,1
2.8574487037645975,1,0,30.0,0,0,1
1.8668268799051764,1,0,30.0,0,0,1
3.453009744570596,1,0,30.0,0,0,1
4.242003058484038,1,0,30.0,0,0,1
1.3906662518156696,1,0,34.55415783539227,0,0,1
1.1080493719274505,1,0,30.0,0,0,1
4.04453761426126,1,0,30.0,0,0,1
2.291519263370661,1,0,30.0,0,0,1
2.2953019143581215,1,0,34.615898327682615,0,0,1
3.258958124350148,1,0,127.16200329341373,0,0,1
2.9469502588083953,1,0,30.0,0,0,1
1.4862401207919977,1,0,30.0,0,0,1
4.041740525594461,1,0,35.278391601858374,0,0,1
1.7050859082120384,1,0,32.46280568612153,0,0,1
4.304112895267247,1,0,30.0,0,0,1
4.057390570177081,1,0,30.0,0,0,1
1.6689064204906865,1,0,30.0,0,0,1
4.032854682163816,1,0,30.0,0,0,1
3.643758115443015,1,0,30.0,0,0,1
4.927280491283346,1,0,30.0,0,0,1
3.8473155742592646,1,0,30.705182292630095,0,0,1
2.5608698126139147,1,0,30.0,0,0,1
3.480230572412953,1,0,30.0,0,0,1
3.6474888971544885,1,0,37.30305043377129,0,0,1
3.982601332745498,1,0,30.0,0,0,1
2.8745033859281923,1,0,30.0,0,0,1
4.310777723470666,1,0,30.0,0,0,1
2.14776709642454,1,0,30.0,0,0,1
4.853361223150732,1,0,30.0,0,0,1
2.241722548202056,1,0,30.0,0,0,1
1.1501846264271856,1,0,30.0,0,0,1
1.8005396758136163,1,0,30.0,0,0,1
4.709761685981686,1,0,85.68571979906767,0,0,1
4.160205520818973,1,0,32.492834085942064,0,0,1
2.7574835116072003,1,0,30.0,0,0,1
4.620621182454432,1,0,32.24181225901597,0,0,1
1.9865322015249651,1,0,30.0,0,0,1
1.9342329753630456,1,0,30.0,0,0,1
1.5158332112790158,1,0,30.0,0,0,1
2.769729193293418,1,0,30.0,0,0,1
3.0565024251109483,1,0,30.0,0,0,1
1.580564743112085,1,0,30.0,0,0,1
1.4584219835324204,1,0,30.0,0,0,1
2.5618075421563424,1,0,30.0,0,0,1
1.9304754839422098,1,0,30.0,0,0,1
3.2970559955704632,1,0,30.0,0,0,1
3.097340761156806,1,0,30.0,0,0,1
1.6499340195844634,1,0,30.0,0,0,1
1.0531080387249694,1,0,30.0,0,0,1
3.579158652544742,1,0,37.26755039710011,0,0,1
4.091541992316821,1,0,30.0,0,0,1
2.953090831643063,1,0,34.51822233070838,0,0,1
3.302003770945441,1,0,30.0,0,0,1
4.8468457195887815,1,0,30.0,0,0,1
4.070815548067463,1,0,30.0,0,0,1
2.3352394819248476,1,0,30.0,0,0,1
4.401206695449865,1,0,30.0,0,0,1
3.193968954526777,1,0,30.0,0,0,1
3.08773775701174,1,0,36.105875478594584,0,0,1
3.767487691536901,1,0,30.0,0,0,1
2.717939915880298,1,0,30.0,0,0,1
4.523090144691454,1,0,30.0,0,0,1
1.669137721023592,1,0,30.0,0,0,1
2.687653168777524,1,0,35.06363914929512,0,0,1
1.2594545376267754,1,0,30.0,0,0,1
3.8215771570531016,1,0,30.0,0,0,1
2.0811809027253054,1,0,31.394504869261098,0,0,1
2.701698690094129,1,0,32.161835245201296,0,0,1
4.54544882469154,1,0,32.196388477407396,0,0,1
1.7451421548425872,1,0,30.0,0,0,1
1.00900611334254,1,0,30.0,0,0,1
3.3124792013754853,1,0,30.0,0,0,1
2.7501809614699755,1,0,30.0,0,0,1
1.2198429084958975,1,0,30.0,0,0,1
2.184982695453494,1,0,30.0,0,0,1
1.9564240889225997,1,0,30.0,0,0,1
2.042472527686083,1,0,30.0,0,0,1
4.158649532961412,1,0,30.0,0,0,1
2.218999216988764,1,0,30.0,0,0,1
2.9585060130186402,1,0,30.0,0,0,1
2.0620803374005443,1,0,30.0,0,0,1
4.802160697560183,1,0,33.878859103682224,0,0,1
4.096855273543335,1,0,30.0,0,0,1
2.6931304528359155,1,0,30.0,0,0,1
3.9079334977174986,1,0,30.0,0,0,1
2.259300870380843,1,0,30.0,0,0,1
1.3289195529059614,1,0,30.0,0,0,1
2.7220888149525244,1,0,30.0,0,0,1
3.2583414197195655,1,0,30.0,0,0,1
2.3974186767561196,1,0,30.0,0,0,1
2.6061535527995994,1,0,30.0,0,0,1
3.8577152953713316,1,0,34.37854486663113,0,0,1
4.581789528237988,1,0,30.0,0,0,1
4.576424171819806,1,0,30.0,0,0,1
3.302767255227428,1,0,30.0,0,0,1
3.5179614291561037,1,0,30.0,0,0,1
3.1312450613914167,1,0,30.0,0,0,1
2.4849428750864604,1,0,31.721316417887934,0,0,1
3.9526387841490327,1,0,30.0,0,0,1
1.4449811349320085,1,0,30.0,0,0,1
4.5760566835609655,1,0,30.0,0,0,1
2.1348778764959166,1,0,30.282761596649486,0,0,1
1.8752886057484566,1,0,30.481925779140095,0,0,1
2.0959768293792633,1,0,30.0,0,0,1
4.246867738510581,1,0,32.5275859630459,0,0,1
2.0755780457519784,1,0,30.0,0,0,1
3.4381543360624494,1,0,48.38274462882918,0,0,1
2.3726310718524264,1,0,30.0,0,0,1
3.6256148588500117,1,0,43.79464204851359,0,0,1
3.366506165449665,1,0,30.0,0,0,1
4.991066090486035,1,0,34.28190081424332,0,0,1
2.2438239603016354,1,0,30.0,0,0,1
2.3992294947513884,1,0,30.0,0,0,1
1.7950702041842028,1,0,30.0,0,0,1
2.8556326885740857,1,0,148.47939923914765,0,0,1
4.349440847363312,1,0,30.0,0,0,1
1.8439921425080041,1,0,30.0,0,0,1
4.845639310881385,1,0,30.0,0,0,1
1.052629131178524,1,0,30.0,0,0,1
4.2205949205876205,1,0,30.0,0,0,1
3.766502967189446,1,0,31.484168236107987,0,0,1
4.621013895995771,1,0,30.0,0,0,1
3.0872500459186467,1,0,30.0,0,0,1
3.7238574656255548,1,0,33.51641659256799,0,0,1
1.197696248135411,1,0,30.0,0,0,1
2.5774207791147825,1,0,64.81095379953629,0,0,1
4.0827982268922804,1,0,30.0,0,0,1
1.435926745412321,1,0,31.32514257798336,0,0,1
4.129589611835909,1,0,30.25918475490986,0,0,1
2.2330932752025316,1,0,30.0,0,0,1
2.411956431837076,1,0,30.0,0,0,1
3.5894994317494597,1,0,34.140959546675695,0,0,1
1.3126558900776542,1,0,30.0,0,0,1
3.4985044042107845,1,0,150.0,0,0,1
4.654895700288213,1,0,30.0,0,0,1
1.3750571111253072,1,0,30.0,0,0,1
2.011989180327124,1,0,30.0,0,0,1
1.0547259552288817,1,0,30.0,0,0,1
3.071959988563876,1,0,41.01489844470581,0,0,1
3.9238407996476488,1,0,33.64837482172481,0,0,1
4.705592839169585,1,0,30.0,0,0,1
2.4721184208991476,1,0,32.4457005332913,0,0,1
1.5950049887628373,1,0,30.0,0,0,1
1.1163382627713143,1,0,30.0,0,0,1
2.300024861014972,1,0,30.0,0,0,1
3.048911249954538,1,0,31.021338751721302,0,0,1
4.603093611658772,1,0,30.0,0,0,1
1.8658061269209258,1,0,30.0,0,0,1
4.125196494629664,1,0,30.0,0,0,1
2.9236793929034466,1,0,34.673575282503336,0,0,1
4.470140063722763,1,0,30.0,0,0,1
4.452260598622516,1,0,33.16393221302777,0,0,1
4.430778370460358,1,0,30.0,0,0,1
2.6053808998826136,1,0,30.0,0,0,1
2.384837816594032,1,0,33.15103822409268,0,0,1
1.829154536817219,1,0,30.0,0,0,1
1.9137161007799746,1,0,30.0,0,0,1
3.464917061926051,1,0,150.0,0,0,1
4.84776471351506,1,0,31.66689375608818,0,0,1
3.423835424242438,1,0,30.0,0,0,1
2.6492699307216014,1,0,30.0,0,0,1
1.969688024405695,1,0,30.0,0,0,1
3.607877972888938,1,0,33.03867279609361,0,0,1
1.8437815544241234,1,0,30.0,0,0,1
1.3735042604666203,1,0,35.18243446340481,0,0,1
1.3741599580163082,1,0,30.0,0,0,1
4.40183748520957,1,0,30.0,0,0,1
2.5290224681066253,1,0,50.02302257459475,0,0,1
4.761360404098031,1,0,30.0,0,0,1
2.986967118353192,1,0,30.0,0,0,1
3.7660243353141043,1,0,30.0,0,0,1
4.30780685859086,1,0,30.0,0,0,1
4.497956691990538,1,0,30.0,0,0,1
1.6501979022383328,1,0,30.0,0,0,1
1.866693669640822,1,0,30.0,0,0,1
1.6003667168597668,1,0,31.625947065152538,0,0,1
2.782202362119463,1,0,35.21379220056119,0,0,1
1.6201381716802934,1,0,38.43839008854404,0,0,1
3.6034615000568984,1,0,30.0,0,0,1
2.4513077333573494,1,0,30.0,0,0,1
4.856286080236739,1,0,30.0,0,0,1
4.266348744912313,1,0,30.0,0,0,1
3.897120446552526,1,0,30.0,0,0,1
3.75485071411892,1,0,30.0,0,0,1
1.1584208726694194,1,0,30.0,0,0,1
1.334742381267048,1,0,34.43070063206041,0,0,1
2.728443953143022,1,0,30.0,0,0,1
4.658800524651328,1,0,30.0,0,0,1
1.3761127277696494,1,0,127.63881780946033,0,0,1
2.6805578925115094,1,0,30.0,0,0,1
4.175659653076781,1,0,30.0,0,0,1
2.279171200918057,1,0,30.0,0,0,1
4.717529555220597,1,0,30.0,0,0,1
4.7387993291974295,1,0,30.0,0,0,1
1.2278959421340438,1,0,30.0,0,0,1
3.4656121489711778,1,0,38.26103271825918,0,0,1
1.582288416229971,1,0,30.0,0,0,1
2.7640428985123537,1,0,30.0,0,0,1
4.591217736658963,1,0,36.28500612243541,0,0,1
1.2934682284760606,1,0,30.0,0,0,1
4.749442335035349,1,0,32.20063038228325,0,0,1
4.977840887021076,1,0,30.982320344039508,0,0,1
3.6809825914007437,1,0,30.0,0,0,1
2.4250866280922025,1,0,30.0,0,0,1
2.004050643551179,1,0,54.180761349245195,0,0,1
2.730430756303091,1,0,33.198041995281244,0,0,1
1.7193064655152894,1,0,30.0,0,0,1
1.0802259897031452,1,0,30.0,0,0,1
1.2509545044727082,1,0,97.13612429724469,0,0,1
3.6542624079953714,1,0,45.2228321447894,0,0,1
1.083022061397961,1,0,30.0,0,0,1
2.2058470162638337,1,0,33.79435581424214,0,0,1
3.7055575535407668,1,0,30.0,0,0,1
1.6991115445609615,1,0,30.0,0,0,1
2.3291080660795003,1,0,30.0,0,0,1
1.1257664049192146,1,0,30.0,0,0,1
1.4496899885240309,1,0,35.55394429104292,0,0,1
1.9037009118455464,1,0,30.0,0,0,1
1.504707577633984,1,0,30.0,0,0,1
2.888239770643539,1,0,37.65603821920651,0,0,1
1.507789903076953,1,0,36.31683406394632,0,0,1
2.220728130977995,1,0,37.68941761423601,0,0,1
3.8942732587781843,1,0,30.0,0,0,1
3.615410957990539,1,0,30.0,0,0,1
2.5319963292325656,1,0,35.81335800618737,0,0,1
4.72435222930082,1,0,30.0,0,0,1
4.148890195924478,1,0,30.0,0,0,1
3.428706230627145,1,0,30.0,0,0,1
2.747114808373559,1,0,30.0,0,0,1
1.2401447163427832,1,0,30.0,0,0,1
2.6514109293059174,1,0,30.0,0,0,1
3.1810650017467745,1,0,30.0,0,0,1
4.964070057317789,1,0,30.0,0,0,1
4.80642522769625,1,0,30.0,0,0,1
1.4488463198799462,1,0,30.0,0,0,1
4.917064566335455,1,0,30.0,0,0,1
4.018470519425824,1,0,30.0,0,0,1
3.727742626709557,1,0,30.0,0,0,1
4.614243865714406,1,0,39.4101435257091,0,0,1
2.300221909849778,1,0,30.0,0,0,1
2.597211293986253,1,0,30.0,0,0,1
4.48378780611317,1,0,30.0,0,0,1
1.4159652029196588,1,0,30.0,0,0,1
3.8366393888793864,1,0,33.17052915830532,0,0,1
4.239288761970553,1,0,30.0,0,0,1
4.540251812175489,1,0,38.55610423470474,0,0,1
1.8766911652903437,1,0,30.0,0,0,1
3.7169859648311188,1,0,30.0,0,0,1
1.3428718623513514,1,0,37.56589745397262,0,0,1
4.443849326327841,1,0,30.0,0,0,1
2.927197492714801,1,0,34.61319745049014,0,0,1
3.4966599357254124,1,0,30.0,0,0,1
4.405501627803957,1,0,32.865090008169965,0,0,1
3.0240949579303864,1,0,30.0,0,0,1
3.0346340951682595,1,0,30.0,0,0,1
2.8586244891186925,1,0,30.0,0,0,1
3.4027724944806685,1,0,30.0,0,0,1
3.869292979230181,1,0,30.0,0,0,1
4.2206729407688535,1,0,30.0,0,0,1
1.1192139555640606,1,0,30.0,0,0,1
2.3923090781795437,1,0,30.0,0,0,1
2.7301100957442155,1,0,30.446291751100446,0,0,1
1.3947735829001124,1,0,30.0,0,0,1
4.006485291534592,1,0,30.0,0,0,1
3.0915028713265897,1,0,30.0,0,0,1
1.0075311293877465,1,0,32.555648748023835,0,0,1
3.5254877730100733,1,0,30.0,0,0,1
2.3560879879639347,1,0,30.0,0,0,1
3.9074173812545894,1,0,30.0,0,0,1
1.7187805545821728,1,0,36.69390522160698,0,0,1
1.004837987781165,1,0,30.0,0,0,1
1.3472956806914076,1,0,37.50486376856426,0,0,1
2.7616003041639305,1,0,34.344266655170834,0,0,1
3.9920389794999447,1,0,30.0,0,0,1
3.415656139891014,1,0,51.11142117217654,0,0,1
1.0598664020498667,1,0,30.0,0,0,1
3.366433169526529,1,0,34.489617280416624,0,0,1
2.9286940909522823,1,0,35.86643440175538,0,0,1
4.186180090184331,1,0,30.0,0,0,1
2.0266643776726565,1,0,30.0,0,0,1
3.875725221125727,1,0,37.27901722401226,0,0,1
3.5271070141925747,1,0,30.0,0,0,1
3.4919645011416236,1,0,30.0,0,0,1
2.622221758115359,1,0,38.1869683343851,0,0,1
1.0513932364892282,1,0,30.0,0,0,1
1.7505691671544374,1,0,30.0,0,0,1
4.376998078916401,1,0,30.0,0,0,1
3.4673768435549834,1,0,35.40419931801624,0,0,1
3.3125630673371966,1,0,30.0,0,0,1
3.1027643967886798,1,0,31.21900315812697,0,0,1
1.3077260850562666,1,0,30.0,0,0,1
2.3906772332030872,1,0,30.0,0,0,1
3.4765992686405562,1,0,30.0,0,0,1
1.5022003656388243,1,0,72.09616432617767,0,0,1
4.683976420524472,1,0,31.197431352490234,0,0,1
1.2905921351063143,1,0,30.0,0,0,1
3.71914415417395,1,0,30.0,0,0,1
2.204967939759552,1,0,30.0,0,0,1
4.4546984591253365,1,0,30.0,0,0,1
4.307348050177863,1,0,30.0,0,0,1
2.332845336266704,1,0,30.0,0,0,1
2.8484531327601146,1,0,30.0,0,0,1
4.836445592878164,1,0,30.0,0,0,1
3.4316067854175922,1,0,30.0,0,0,1
1.0240093209461425,1,0,30.0,0,0,1
4.108964564560977,1,0,30.0,0,0,1
2.4452559066429878,1,0,30.0,0,0,1
2.1033629429549965,1,0,30.0,0,0,1
4.328563621051439,1,0,30.0,0,0,1
4.870108667433094,1,0,33.714296637060976,0,0,1
1.2481602998298889,1,0,36.73851212817984,0,0,1
2.561424899073484,1,0,30.0,0,0,1
2.1188605107982585,1,0,32.55210506836666,0,0,1
4.591015725058828,1,0,30.0,0,0,1
4.470779853878751,1,0,32.68868346041173,0,0,1
4.604468539809906,1,0,30.0,0,0,1
1.1706385050716324,1,0,30.0,0,0,1
1.2004389836474387,1,0,30.0,0,0,1
3.2056015387645895,1,0,30.0,0,0,1
1.6676059792786528,1,0,30.26060786496138,0,0,1
1.4506343086605877,1,0,30.0,0,0,1
2.041433419417305,1,0,30.0,0,0,1
3.8376024192458664,1,0,30.0,0,0,1
3.6866162984823982,1,0,30.0,0,0,1
4.140768495413916,1,0,33.455440381298686,0,0,1
1.2510111198264702,1,0,30.05838039665487,0,0,1
4.0656530800710815,1,0,30.0,0,0,1
2.96247008693572,1,0,30.0,0,0,1
2.2519808540071793,1,0,30.0,0,0,1
3.4411384600445585,1,0,30.0,0,0,1
4.198120553614796,1,0,32.93656755268474,0,0,1
1.4154998903844493,1,0,32.86097408834894,0,0,1
4.229169709193778,1,0,31.803383668780718,0,0,1
3.2777595345429495,1,0,30.0,0,0,1
3.4802161128792894,1,0,30.0,0,0,1
4.515808647571756,1,0,30.0,0,0,1
3.839950365923433,1,0,30.0,0,0,1
3.3340966567495625,1,0,30.0,0,0,1
2.344090601078477,1,0,30.0,0,0,1
3.041240646172992,1,0,30.0,0,0,1
4.346266354240482,1,0,36.80698659012187,0,0,1
4.982428899695927,1,0,43.47397931875375,0,0,1
4.024608461604172,1,0,30.0,0,0,1
4.160650260134311,1,0,30.350396674059205,0,0,1
3.7976722039909983,1,0,31.850188801859495,0,0,1
4.067801958894616,1,0,30.0,0,0,1
1.9727186106988381,1,0,30.0,0,0,1
2.695331892309712,1,0,30.0,0,0,1
3.223983937062633,1,0,119.48546244119653,0,0,1
3.197856521349327,1,0,30.0,0,0,1
3.3890711687213924,1,0,30.0,0,0,1
4.894139171718971,1,0,30.0,0,0,1
4.421082143685764,1,0,30.0,0,0,1
4.311332767225759,1,0,30.0,0,0,1
4.321480576504331,1,0,30.0,0,0,1
4.173332808124853,1,0,30.0,0,0,1
3.716814038954289,1,0,30.0,0,0,1
2.0261700689526787,1,0,33.68613938109367,0,0,1
4.423066351422011,1,0,38.47890388348381,0,0,1
2.1189233294902996,1,0,30.0,0,0,1
3.8995543088832374,1,0,31.234325918230777,0,0,1
1.4439348505686724,1,0,30.0,0,0,1
3.1891139702896423,1,0,30.0,0,0,1
2.2752023431413515,1,0,30.0,0,0,1
3.8178289823385247,1,0,30.0,0,0,1
4.4211471433518925,1,0,30.0,0,0,1
1.0621086625685132,1,0,34.019291090308464,0,0,1
1.457287666064555,1,0,30.0,0,0,1
4.702067295822745,1,0,30.0,0,0,1
1.9570839848469563,1,0,30.0,0,0,1
3.923157654980808,1,0,30.0,0,0,1
4.250186822153588,1,0,34.33518822809083,0,0,1
3.962201323454896,1,0,30.0,0,0,1
1.1284293094281206,1,0,30.0,0,0,1
3.941694562724874,1,0,30.0,0,0,1
4.846284959958087,1,0,30.0,0,0,1
2.475172683295087,1,0,30.0,0,0,1
3.8410204701331496,1,0,30.0,0,0,1
2.1058788167141302,1,0,30.0,0,0,1
4.98982144046208,1,0,30.0,0,0,1
1.8333601599704932,1,0,30.0,0,0,1
2.2222639186165285,1,0,30.0,0,0,1
1.6716223519169002,1,0,30.0,0,0,1
4.820709097860281,1,0,31.756901212002315,0,0,1
3.2857055087533946,1,0,30.0,0,0,1
1.9879398404432451,1,0,35.82891881297127,0,0,1
1.53802266304577,1,0,30.0,0,0,1
4.499227261248171,1,0,30.0,0,0,1
1.2506383419465945,1,0,38.42138321560434,0,0,1
3.5730520634693947,1,0,30.0,0,0,1
3.4405148557745076,1,0,30.0,0,0,1
4.08717982980782,1,0,30.0,0,0,1
3.7273848907507774,1,0,30.0,0,0,1
4.345900679828998,1,0,30.0,0,0,1
1.152125675747687,1,0,37.2624550779401,0,0,1
2.7211653487900036,1,0,30.0,0,0,1
1.3238643935535879,1,0,30.0,0,0,1
2.6208692690457807,1,0,38.80029729927289,0,0,1
3.2433029966976568,1,0,30.0,0,0,1
3.375099465510947,1,0,30.0,0,0,1
4.699073157694812,1,0,30.0,0,0,1
4.6868884603721845,1,0,30.0,0,0,1
2.2391463881005977,1,0,42.282853716712324,0,0,1
3.7962748896399945,1,0,150.0,0,0,1
3.8508295300030553,1,0,30.0,0,0,1
4.828607953394875,1,0,31.964714912267034,0,0,1
1.335736858377369,1,0,30.0,0,0,1
3.4686062384798713,1,0,34.83385331633133,0,0,1
2.6290542765455522,1,0,30.0,0,0,1
2.389312926350685,1,0,30.0,0,0,1
3.469976456746576,1,0,30.0,0,0,1
2.1181479482162024,1,0,30.0,0,0,1
1.1434662987437698,1,0,30.0,0,0,1
4.111170627256991,1,0,36.2919093592778,0,0,1
1.3471903538039198,1,0,30.0,0,0,1
2.3127930346433803,1,0,30.0,0,0,1
3.379703611785131,1,0,30.0,0,0,1
3.4949437266211607,1,0,30.0,0,0,1
3.6650602987035166,1,0,30.0537858681054,0,0,1
4.978014146755296,1,0,30.0,0,0,1
2.6055484718677344,1,0,30.0,0,0,1
1.5499777239831865,1,0,30.0,0,0,1
1.5517962925480022,1,0,30.0,0,0,1
3.0409945363739888,1,0,30.0,0,0,1
2.5349578293771273,1,0,30.0,0,0,1
4.65265474156222,1,0,30.0,0,0,1
3.0437272115823446,1,0,30.0,0,0,1
2.807816245175615,1,0,30.0,0,0,1
4.44942789328939,1,0,30.0,0,0,1
4.184433371810524,1,0,63.41664998665618,0,0,1
3.8555156905482977,1,0,30.0,0,0,1
3.109418105649474,1,0,30.0,0,0,1
1.9386885164146168,1,0,35.13333148408495,0,0,1
3.2698982862130923,1,0,30.0,0,0,1
1.463060682488598,1,0,30.0,0,0,1
3.147249666403609,1,0,30.0,0,0,1
4.405764608855708,1,0,30.0,0,0,1
3.060051645709604,1,0,32.25829110095046,0,0,1
1.2739051348891066,1,0,30.0,0,0,1
1.1252717274851647,1,0,30.0,0,0,1
4.441955339661533,1,0,34.330828515119634,0,0,1
1.8971339033525858,1,0,30.0,0,0,1
3.10279606673506,1,0,30.0,0,0,1
4.107155837842743,1,0,35.98412657753335,0,0,1
2.0128442584740154,1,0,30.0,0,0,1
3.94978472821708,1,0,30.0,0,0,1
1.3011702037227062,1,0,33.530568136431484,0,0,1
3.994453157087995,1,0,30.0,0,0,1
1.2559598043685352,1,0,31.782245224797947,0,0,1
2.108558261123387,1,0,30.0,0,0,1
2.026816897199788,1,0,30.0,0,0,1
4.565659805383153,1,0,30.0,0,0,1
3.1379200267473943,1,0,30.0,0,0,1
4.372302470101454,1,0,30.0,0,0,1
3.3291184655153034,1,0,32.94205664704754,0,0,1
4.227620352428386,1,0,31.836834729595395,0,0,1
3.2053671187422035,1,0,30.0,0,0,1
2.7996541488882354,1,0,37.73011538763521,0,0,1
3.631908358310118,1,0,34.691733535338315,0,0,1
2.145795671544123,1,0,30.0,0,0,1
4.674948613593826,1,0,36.19191814387851,0,0,1
4.632546894661601,1,0,30.0,0,0,1
1.2909314963284557,1,0,30.0,0,0,1
4.667151640713213,1,0,30.0,0,0,1
1.727459915803923,1,0,30.0,0,0,1
3.7250921104736587,1,0,30.0,0,0,1
4.292417522926808,1,0,30.0,0,0,1
1.964954352491012,1,0,30.0,0,0,1
1.4506212811281767,1,0,30.0,0,0,1
4.024714913485653,1,0,30.0,0,0,1
2.7697153801304366,1,0,30.0,0,0,1
2.9467337934112767,1,0,30.0,0,0,1
4.047444536318742,1,0,36.13893945957359,0,0,1
2.015183958005453,1,0,30.0,0,0,1
1.3886073094861482,1,0,30.0,0,0,1
4.830958896243159,1,0,128.99900388563657,0,0,1
3.798636586721049,1,0,36.594101244776745,0,0,1
3.60853831303406,1,0,30.0,0,0,1
2.3317687856919247,1,0,34.639224021939036,0,0,1
4.982824082852552,1,0,31.44217429510578,0,0,1
1.8901765294998887,1,0,30.0,0,0,1
1.7123953719131007,1,0,33.719405909516084,0,0,1
2.2731357796511427,1,0,30.0,0,0,1
3.9558181614952588,1,0,30.0,0,0,1
1.9480414170649154,1,0,30.0,0,0,1
2.2510458869167973,1,0,33.91209688797903,0,0,1
3.118509141433936,1,0,30.0,0,0,1
3.59978593413931,1,0,30.0,0,0,1
1.596864505081323,1,0,30.0,0,0,1
3.6185568348519515,1,0,30.0,0,0,1
2.524220725552149,1,0,30.0,0,0,1
2.384620955232991,1,0,30.0,0,0,1
1.3160721127722113,1,0,30.121504353490536,0,0,1
4.895845129130821,1,0,30.0,0,0,1
3.7724821864288405,1,0,33.51073221267812,0,0,1
1.3995248649068457,1,0,30.0,0,0,1
2.464947234763935,1,0,150.0,0,0,1
1.3202716386407718,1,0,30.0,0,0,1
3.16612838307379,1,0,30.0,0,0,1
3.8005856577358594,1,0,30.0,0,0,1
1.2262084808518598,1,0,30.0,0,0,1
4.688673195401545,1,0,32.00946849962274,0,0,1
2.4965405767535196,1,0,30.0,0,0,1
1.9391729060249947,1,0,30.0,0,0,1
1.5194240768450737,1,0,30.0,0,0,1
1.5825077555752647,1,0,37.54023452701096,0,0,1
4.399186217928907,1,0,30.0,0,0,1
2.920199097409634,1,0,30.0,0,0,1
4.193795373269177,1,0,30.0,0,0,1
1.9083124390348418,1,0,30.0,0,0,1
2.2718108754138115,1,0,30.0,0,0,1
2.6504590778360098,1,0,30.0,0,0,1
2.8180725113416076,1,0,30.0,0,0,1
1.390717193489273,1,0,30.0,0,0,1
1.1800105331718513,1,0,30.0,0,0,1
4.983582449911376,1,0,33.431858165210976,0,0,1
3.6661719842672147,1,0,30.0,0,0,1
1.219078426301765,1,0,30.0,0,0,1
4.090260551874437,1,0,51.17735551748221,0,0,1
2.444455859185423,1,0,30.0,0,0,1
4.1858416604050515,1,0,30.0,0,0,1
4.799208289143403,1,0,30.0,0,0,1
1.1062928413019057,1,0,30.0,0,0,1
4.857170976503188,1,0,30.0,0,0,1
1.6630432926878975,1,0,30.0,0,0,1
2.188930270403074,1,0,49.40245814329275,0,0,1
3.5077813878038793,1,0,30.0,0,0,1
3.8637141973695104,1,0,49.21221857653222,0,0,1
1.6809253545858271,1,0,30.0,0,0,1
1.547304591118709,1,0,30.0,0,0,1
2.14618437225896,1,0,30.0,0,0,1
2.302397268573994,1,0,30.0,0,0,1
2.272888435144382,1,0,30.0,0,0,1
1.6852472406817314,1,0,30.0,0,0,1
4.883230371841053,1,0,34.78478716599113,0,0,1
4.19228826389032,1,0,30.0,0,0,1
4.920082608722601,1,0,30.0,0,0,1
1.4146307730306629,1,0,30.0,0,0,1
1.3023116145378655,1,0,30.0,0,0,1
3.1438982004503893,1,0,50.381428063145016,0,0,1
3.457871510554115,1,0,30.0,0,0,1
3.5406283590614107,1,0,30.0,0,0,1
1.373028225492988,1,0,30.0,0,0,1
4.37518333246352,1,0,30.0,0,0,1
2.958854443032622,1,0,31.726975217168345,0,0,1
2.4725557756218413,1,0,34.00843194739196,0,0,1
3.0177522990572405,1,0,30.0,0,0,1
1.1618405774905174,1,0,30.0,0,0,1
1.8603062875126994,1,0,30.0,0,0,1
4.993960116167059,1,0,30.0,0,0,1
3.210236550357229,1,0,30.0,0,0,1
1.314163636618698,1,0,30.0,0,0,1
2.1713415896357358,1,0,35.47121982413196,0,0,1
1.7390989478225887,1,0,30.0,0,0,1
4.698802268771739,1,0,36.35428150358068,0,0,1
4.22484156707228,1,0,30.0,0,0,1
3.18761427459215,1,0,30.0,0,0,1
4.807126670889913,1,0,30.0,0,0,1
2.491477815070063,1,0,30.0,0,0,1
4.4598708008126415,1,0,30.0,0,0,1
2.8701680361790265,1,0,30.0,0,0,1
4.39452787188377,1,0,30.0,0,0,1
4.602753069667806,1,0,30.0,0,0,1
2.851857886521422,1,0,30.0,0,0,1
1.7120055894156798,1,0,30.0,0,0,1
1.7694954193389862,1,0,30.0,0,0,1
2.1554518566174887,1,0,30.0,0,0,1
1.8917649369607044,1,0,58.41838109726154,0,0,1
2.5530145786559775,1,0,34.00257946346972,0,0,1
3.0267245057221954,1,0,30.0,0,0,1
1.3484544507982825,1,0,30.0,0,0,1
4.638572874778084,1,0,30.0,0,0,1
1.009727334581406,1,0,30.0,0,0,1
1.5531613832621578,1,0,30.0,0,0,1
1.0336411041539244,1,0,30.0,0,0,1
4.9461130255424965,1,0,30.0,0,0,1
2.6426011278509924,1,0,30.0,0,0,1
1.7841027650927423,1,0,30.0,0,0,1
1.4746861614219968,1,0,34.06681615858418,0,0,1
2.4816475493125743,1,0,46.08854520106765,0,0,1
4.903596443411874,1,0,36.25996249870118,0,0,1
3.1949005233072643,1,0,30.0,0,0,1
2.416870095863135,1,0,37.383435195563756,0,0,1
2.4581634003725945,1,0,39.062202234776855,0,0,1
1.4693462003987805,1,0,37.616983571483615,0,0,1
3.068028867761242,1,0,30.0,0,0,1
2.696768806799031,1,0,30.0,0,0,1
3.915404754248377,1,0,38.52715750153744,0,0,1
1.7677905785492105,1,0,33.7501332023781,0,0,1
1.5493502334483744,1,0,30.0,0,0,1
3.3258426248575197,1,0,33.924870661280764,0,0,1
3.9680298562948013,1,0,33.416729390528744,0,0,1
2.99000104281282,1,0,32.48268848959025,0,0,1
4.160132301081339,1,0,30.0,0,0,1
4.364345961471039,1,0,30.0,0,0,1
4.666518650617979,1,0,30.0,0,0,1
2.512716240133283,1,0,30.0,0,0,1
4.617380893224746,1,0,35.798406165573454,0,0,1
3.836215510855677,1,0,30.0,0,0,1
3.499649861756252,1,0,30.0,0,0,1
3.215097071625958,1,0,30.0,0,0,1
1.0788789003808361,1,0,30.0,0,0,1
3.2413219293168027,1,0,30.0,0,0,1
4.115964889276674,1,0,33.32315700643959,0,0,1
4.953470493035891,1,0,30.0,0,0,1
2.732458672897592,1,0,30.0,0,0,1
4.960631340910368,1,0,30.0,0,0,1
1.6843545440529208,1,0,30.0,0,0,1
4.832799913218622,1,0,30.0,0,0,1
3.3586204230916485,1,0,30.0,0,0,1
3.650278368876445,1,0,30.0,0,0,1
3.294720654782572,1,0,30.0,0,0,1
4.93138557775101,1,0,31.08529889271339,0,0,1
1.1771892835508178,1,0,30.0,0,0,1
2.641859876306685,1,0,30.0,0,0,1
4.500929330470534,1,0,38.88812071428928,0,0,1
1.6683712883889386,1,0,30.0,0,0,1
3.2783760503332275,1,0,30.0,0,0,1
3.0943105197003757,1,0,30.0,0,0,1
4.229720305905438,1,0,30.0,0,0,1
4.673011786785486,1,0,30.0,0,0,1
2.035340021587658,1,0,30.0,0,0,1
3.772576222742075,1,0,30.0,0,0,1
3.1907519486687694,1,0,32.71767704987181,0,0,1
3.6511453916420944,1,0,30.0,0,0,1
1.8015112743120167,1,0,30.0,0,0,1
2.0906935596035345,1,0,31.73068499364681,0,0,1
3.1993857129722336,1,0,30.0,0,0,1
1.0117823188306336,1,0,31.882461547166482,0,0,1
3.865701095969222,1,0,30.0,0,0,1
1.6462727863960898,1,0,30.0,0,0,1
4.725207414627971,1,0,35.474249241079065,0,0,1
4.442428747411831,1,0,30.0,0,0,1
3.493404585554716,1,0,33.675138332570114,0,0,1
4.564230682175478,1,0,30.0,0,0,1
4.948980227364682,1,0,30.0,0,0,1
4.099825981192419,1,0,30.0,0,0,1
3.506529884772559,1,0,38.16851196664457,0,0,1
2.7971269980399147,1,0,30.0,0,0,1
4.25424920123219,1,0,30.0,0,0,1
3.8177431757856124,1,0,34.36515503848981,0,0,1
2.8905599614978303,1,0,30.0,0,0,1
3.000138709565828,1,0,30.0,0,0,1
1.9157438391699966,1,0,30.0,0,0,1
4.154360289194817,1,0,30.0,0,0,1
4.513323132427139,1,0,30.0,0,0,1
1.065934310922756,1,0,30.0,0,0,1
1.4475956133641912,1,0,35.55117104992311,0,0,1
4.9649429717316185,1,0,31.752159502872754,0,0,1
1.712430113450384,1,0,30.0,0,0,1
3.946113899893839,1,0,30.0,0,0,1
2.9233708948554415,1,0,30.0,0,0,1
3.085404832311304,1,0,30.0,0,0,1
1.433510136989756,1,0,30.0,0,0,1
1.551390964325254,1,0,30.0,0,0,1
3.3116420690799386,1,0,80.43196424171266,0,0,1
2.510519020698426,1,0,30.0,0,0,1
4.1898483550025265,1,0,37.5153444839157,0,0,1
4.887912383455522,1,0,30.0,0,0,1
4.249267422714943,1,0,30.0,0,0,1
2.623664068455464,1,0,30.0,0,0,1
2.928722410932447,1,0,30.0,0,0,1
1.6267520637494197,1,0,30.0,0,0,1
3.7827666213136943,1,0,30.0,0,0,1
2.789433751621279,1,0,31.93441144706327,0,0,1
4.429534892908496,1,0,32.0283303065383,0,0,1
3.6081185024877462,1,0,30.0,0,0,1
1.6821729646139238,1,0,34.621320587233114,0,0,1
2.643931813684408,1,0,30.0,0,0,1
3.7077959721396954,1,0,33.08501834797016,0,0,1
4.431689141623675,1,0,30.0,0,0,1
2.40322597431564,1,0,30.0,0,0,1
3.6779770361097297,1,0,30.0,0,0,1
1.694371314063738,1,0,30.0,0,0,1
4.618850862985255,1,0,30.0,0,0,1
3.300679213194539,1,0,30.0,0,0,1
4.074400887820623,1,0,30.0,0,0,1
2.5874057912878463,1,0,30.0,0,0,1
4.76216473942217,1,0,31.403749003022646,0,0,1
3.880427271990189,1,0,30.0,0,0,1
1.6146297474366174,1,0,30.0,0,0,1
3.2007421594642995,1,0,30.0,0,0,1
2.087007887310815,1,0,31.620725086184542,0,0,1
4.33343824444357,1,0,30.0,0,0,1
4.131297608100351,1,0,30.0,0,0,1
2.9781808007050103,1,0,34.80341367397829,0,0,1
2.2077064987996726,1,0,37.74237605024052,0,0,1
4.4107478630589485,1,0,30.0,0,0,1
4.401937313834951,1,0,30.0,0,0,1
3.020943563094138,1,0,35.84677931289899,0,0,1
3.8690276407806747,1,0,30.0,0,0,1
2.1420025847021744,1,0,30.0,0,0,1
2.395399575046801,1,0,30.0,0,0,1
4.776224047280607,1,0,33.44711914232117,0,0,1
3.945107350395549,1,0,30.0,0,0,1
1.2884821319208086,1,0,32.47337606049177,0,0,1
2.8309336822309277,1,0,30.0,0,0,1
2.582979521458741,1,0,30.0,0,0,1
1.9239570295813695,1,0,30.0,0,0,1
4.979767202891438,1,0,30.0,0,0,1
1.5431640031288256,1,0,30.0,0,0,1
2.2570679260625033,1,0,33.447561753067525,0,0,1
4.394874373846185,1,0,30.0,0,0,1
1.529098671964256,1,0,30.0,0,0,1
2.504555570149324,1,0,30.0,0,0,1
3.5367702421337914,1,0,30.0,0,0,1
2.3475830357293646,1,0,35.21835744128691,0,0,1
2.63528287821686,1,0,30.0,0,0,1
3.2004536838396946,1,0,30.0,0,0,1
4.8107475781182485,1,0,30.0,0,0,1
4.483627632904183,1,0,30.0,0,0,1
1.447851603101098,1,0,30.0,0,0,1
3.277718065713247,1,0,30.0,0,0,1
3.6131869699431967,1,0,32.64000768679193,0,0,1
2.303047321580701,1,0,30.0,0,0,1
2.0567880825061295,1,0,32.50492289087751,0,0,1
3.390932640398967,1,0,30.0,0,0,1
2.6599125506383854,1,0,30.0,0,0,1
4.620259560102735,1,0,68.83482819489227,0,0,1
1.6542177631921686,1,0,32.923863428922836,0,0,1
1.1643354504785877,1,0,30.0,0,0,1
4.598465197129061,1,0,30.0,0,0,1
4.584499491201816,1,0,36.06030858728966,0,0,1
2.6670807155781935,1,0,30.0,0,0,1
4.0155565327484695,1,0,31.031774679336706,0,0,1
4.382860562936523,1,0,30.0,0,0,1
2.019560988156965,1,0,30.0,0,0,1
3.6177762425810736,1,0,30.0,0,0,1
3.948599687589418,1,0,30.0,0,0,1
2.429968955260001,1,0,30.0,0,0,1
4.783979164177545,1,0,30.0,0,0,1
4.868610427591728,1,0,30.0,0,0,1
2.9469115023271697,1,0,30.0,0,0,1
1.3039995671870899,1,0,30.0,0,0,1
4.67587452934705,1,0,35.91977621682154,0,0,1
3.091897694864,1,0,30.0,0,0,1
1.5553085296691225,1,0,32.71575473168734,0,0,1
3.9283890651592737,1,0,30.0,0,0,1
3.7486144472218643,1,0,30.045153006271555,0,0,1
1.5594332258264862,1,0,30.0,0,0,1
2.0994217336142946,1,0,30.0,0,0,1
4.457045252851422,1,0,30.0,0,0,1
4.878340922946039,1,0,30.0,0,0,1
2.6210082801031294,1,0,32.03965336919688,0,0,1
1.5383448989011015,1,0,35.16516039003401,0,0,1
2.4079203799898115,1,0,33.85113809817799,0,0,1
3.0304691898356344,1,0,34.11322138205001,0,0,1
2.201695707688768,1,0,30.0,0,0,1
3.4452010189552245,1,0,30.0,0,0,1
1.0316941334925906,1,0,30.0,0,0,1
4.265905669897806,1,0,30.0,0,0,1
4.37862467703847,1,0,30.0,0,0,1
4.134020393396103,1,0,32.687844550106966,0,0,1
2.2137386755872304,1,0,30.0,0,0,1
3.5294875099533645,1,0,30.0,0,0,1
2.460860421480782,1,0,30.0,0,0,1
2.557098461886645,1,0,36.739923744397586,0,0,1
3.8364010573273535,1,0,30.0,0,0,1
4.374162559767267,1,0,30.0,0,0,1
4.32396654698165,1,0,30.0,0,0,1
1.9243503077093815,1,0,30.0,0,0,1
3.632114947615484,1,0,30.0,0,0,1
2.0682779867892918,1,0,30.0,0,0,1
3.513762761327545,1,0,30.0,0,0,1
2.4688193731070482,1,0,30.0,0,0,1
4.159834838294124,1,0,30.0,0,0,1
4.7498730983382025,1,0,31.252047980398086,0,0,1
2.1599244549350707,1,0,30.0,0,0,1
4.475257304084032,1,0,37.48281222958025,0,0,1
3.9600021881413245,1,0,30.0,0,0,1
3.264092746003841,1,0,30.0,0,0,1
3.09987975411084,1,0,34.37072531566383,0,0,1
2.277221678599992,1,0,30.0,0,0,1
1.813140253391457,1,0,33.980485580987704,0,0,1
1.3335448414665407,1,0,30.0,0,0,1
3.849795921569717,1,0,35.502308027357394,0,0,1
1.889764877146348,1,0,30.0,0,0,1
2.9815510805023653,1,0,30.0,0,0,1
4.559259646676985,1,0,30.0,0,0,1
3.684425549079607,1,0,30.0,0,0,1
1.676939175233802,1,0,30.0,0,0,1
3.9378153293705123,1,0,30.0,0,0,1
1.859335523819273,1,0,30.0,0,0,1
4.119637761562722,1,0,30.0,0,0,1
1.3108488687723119,1,0,30.0,0,0,1
1.5668365997242422,1,0,30.0,0,0,1
4.736761509062674,1,0,30.0,0,0,1
2.1211382905961136,1,0,30.0,0,0,1
1.6025432120695347,1,0,150.0,0,0,1
1.8596313535561468,1,0,30.0,0,0,1
2.444398931819816,1,0,30.0,0,0,1
4.350463534635993,1,0,30.0,0,0,1
1.6100850142478405,1,0,33.359381890999444,0,0,1
1.063002858262693,1,0,30.0,0,0,1
4.459965913760598,1,0,108.37634113278843,0,0,1
2.198634742630947,1,0,30.0,0,0,1
1.3076685665563454,1,0,30.0,0,0,1
1.111066855803271,1,0,30.0,0,0,1
4.5983092454422385,1,0,30.0,0,0,1
3.0925615687048267,1,0,33.99308581556282,0,0,1
3.441996567135712,1,0,30.0,0,0,1
3.4642243136877444,1,0,30.0,0,0,1
3.088775348971143,1,0,30.0,0,0,1
4.077045118899635,1,0,32.33251943131347,0,0,1
4.624344008890107,1,0,30.0,0,0,1
3.564309345876464,1,0,30.0,0,0,1
4.375536560689319,1,0,30.0,0,0,1
1.0384632701120413,1,0,30.0,0,0,1
2.920752855763678,1,0,30.0,0,0,1
3.416190294502751,1,0,30.0,0,0,1
1.8049261908856509,1,0,30.0,0,0,1
1.641187615645383,1,0,30.751400263200942,0,0,1
1.5449748896902156,1,0,30.0,0,0,1
2.1392803448732747,1,0,103.97137940399145,0,0,1
4.29364427233193,1,0,30.0,0,0,1
1.110595037500428,1,0,30.0,0,0,1
3.4097111051521414,1,0,30.0,0,0,1
1.2726154641512508,1,0,49.780959457811846,0,0,1
3.372785222603434,1,0,30.0,0,0,1
2.0088313580319377,1,0,30.0,0,0,1
1.629369826017681,1,0,31.367909237796038,0,0,1
2.8633310938708987,1,0,30.0,0,0,1
1.9244253603247836,1,0,30.0,0,0,1
2.513068352773321,1,0,30.0,0,0,1
3.5322027036102828,1,0,30.0,0,0,1
4.744919921460464,1,0,30.089248795254292,0,0,1
3.4712856360338744,1,0,30.0,0,0,1
3.028272870598212,1,0,32.424190054375,0,0,1
3.2280003425088144,1,0,30.0,0,0,1
2.888371933941278,1,0,30.0,0,0,1
3.2512425825115376,1,0,30.0,0,0,1
3.2807096131132343,1,0,30.0,0,0,1
2.9687802024092584,1,0,30.0,0,0,1
4.153488028233245,1,0,30.0,0,0,1
2.5629812643253285,1,0,30.0,0,0,1
1.4341894060438274,1,0,30.0,0,0,1
3.5722086663006336,1,0,30.0,0,0,1
4.184385444464239,1,0,30.0,0,0,1
4.120071077406473,1,0,30.902789373466383,0,0,1
2.0085265461965025,1,0,30.0,0,0,1
3.5880838672177333,1,0,30.0,0,0,1
4.994350566225418,1,0,30.0,0,0,1
1.4182602942147633,1,0,30.0,0,0,1
3.091021222954651,1,0,30.0,0,0,1
2.221549778586936,1,0,116.20168758591224,0,0,1
4.164892963025303,1,0,30.0,0,0,1
2.2989107921486465,1,0,44.49531179459747,0,0,1
3.934333707085115,1,0,30.0,0,0,1
1.6418171923748393,1,0,30.0,0,0,1
1.2678698539541577,1,0,30.0,0,0,1
1.4164093234114952,1,0,33.517185111701664,0,0,1
2.041167255740984,1,0,30.0,0,0,1
4.398057129409722,1,0,30.0,0,0,1
1.601735127504126,1,0,30.0,0,0,1
1.1335619119818636,1,0,30.0,0,0,1
4.413843322683366,1,0,30.0,0,0,1
2.4995290268689527,1,0,30.0,0,0,1
3.3549359052490186,1,0,30.0,0,0,1
1.3351941577706818,1,0,30.0,0,0,1
4.6293781743979485,1,0,30.0,0,0,1
3.017772409297673,1,0,30.0,0,0,1
1.358278357846265,1,0,30.0,0,0,1
3.5352449942368227,1,0,30.0,0,0,1
2.4622628605962773,1,0,30.0,0,0,1
2.41362821054775,1,0,30.216674004273518,0,0,1
2.6328743618260284,1,0,30.0,0,0,1
3.0324933033137973,1,0,30.0,0,0,1
3.477303862284821,1,0,30.0,0,0,1
1.5856515344390512,1,0,30.0,0,0,1
4.017465186296905,1,0,30.0,0,0,1
1.1085738522913635,1,0,34.59780512627131,0,0,1
3.7966914307564434,1,0,30.0,0,0,1
1.7331899184947321,1,0,32.50297962740552,0,0,1
2.7872962013983824,1,0,30.0,0,0,1
3.246204325036406,1,0,30.8229984830839,0,0,1
3.5895192968065466,1,0,30.0,0,0,1
4.1641415795879695,1,0,31.035312963665703,0,0,1
3.0647860451164246,1,0,30.0,0,0,1
4.520508607277501,1,0,34.66767317146132,0,0,1
4.820204383502121,1,0,30.0,0,0,1
4.904187439675829,1,0,39.521560257769615,0,0,1
2.2782458879289127,1,0,31.6925545187704,0,0,1
1.1286967218011013,1,0,30.0,0,0,1
3.8631870804158472,1,0,150.0,0,0,1
2.007590792514289,1,0,30.0,0,0,1
4.070746055155498,1,0,37.3372618126171,0,0,1
1.0200021820889438,1,0,38.8516366803692,0,0,1
4.108732809793743,1,0,30.0,0,0,1
1.280576267434673,1,0,33.26470182408752,0,0,1
4.517388128328795,1,0,30.0,0,0,1
3.605249081804186,1,0,30.0,0,0,1
1.6468486085336402,1,0,30.0,0,0,1
3.0312877663042013,1,0,30.0,0,0,1
3.0208054795961843,1,0,36.55838174002131,0,0,1
4.516154323875636,1,0,30.0,0,0,1
3.1293469084621583,1,0,30.0,0,0,1
3.20190768831944,1,0,30.0,0,0,1
2.2759994923043765,1,0,31.36958622284282,0,0,1
3.9140171493765257,1,0,35.32431357233749,0,0,1
1.2011928086296209,1,0,30.0,0,0,1
4.871812341778137,1,0,30.0,0,0,1
3.425003595117358,1,0,30.0,0,0,1
4.382661159647651,1,0,30.0,0,0,1
4.124267522141258,1,0,33.45116074434577,0,0,1
1.8726097754966644,1,0,30.0,0,0,1
2.1563042490271465,1,0,30.0,0,0,1
2.112044926577161,1,0,30.0,0,0,1
1.9020722422695941,1,0,37.34083536637287,0,0,1
1.063629168731139,1,0,34.28440909715826,0,0,1
4.30780580340762,1,0,129.4915078775131,0,0,1
3.151409920829486,1,0,30.0,0,0,1
3.364736220295815,1,0,32.75963622779882,0,0,1
2.9668135722777516,1,0,30.0,0,0,1
1.4974543578183535,1,0,32.74661283132025,0,0,1
2.7444115546214514,1,0,30.0,0,0,1
2.1745328473814816,1,0,30.0,0,0,1
4.568234186589748,1,0,30.0,0,0,1
3.8048324834397382,1,0,30.0,0,0,1
1.6506295616895725,1,0,36.86968178161656,0,0,1
3.807669326467273,1,0,30.0,0,0,1
3.193471034831919,1,0,38.732617855875965,0,0,1
1.3267092750391316,1,0,30.0,0,0,1
1.2782044169583067,1,0,30.0,0,0,1
1.5897493262975795,1,0,41.77220788488242,0,0,1
4.241989704818097,1,0,30.0,0,0,1
4.319796173047305,1,0,30.0,0,0,1
3.4327228401253516,1,0,30.0,0,0,1
1.0625052723260486,1,0,30.0,0,0,1
2.26848654368855,1,0,30.0,0,0,1
2.603634815622524,1,0,30.486331187648055,0,0,1
2.1375411480974797,1,0,30.0,0,0,1
3.3245104554433986,1,0,30.0,0,0,1
1.248845059244149,1,0,30.0,0,0,1
1.0798797689142545,1,0,38.34449290920859,0,0,1
3.3514672623218087,1,0,30.0,0,0,1
2.0581214447551157,1,0,37.02465154379477,0,0,1
3.746116917243729,1,0,30.0,0,0,1
4.110371349456592,1,0,30.0,0,0,1
3.4442286681459207,1,0,75.06819206668504,0,0,1
4.958781887975155,1,0,30.0,0,0,1
3.5717073350782687,1,0,30.97694283149365,0,0,1
4.0910013291853495,1,0,30.0,0,0,1
3.5640693347690853,1,0,30.0,0,0,1
4.221766833821366,1,0,31.59062768731946,0,0,1
2.5624076070600394,1,0,30.0,0,0,1
2.7374305977309783,1,0,30.0,0,0,1
2.340749953314845,1,0,30.0,0,0,1
3.305911733292646,1,0,30.0,0,0,1
2.4985718202063314,1,0,30.0,0,0,1
4.951447836697493,1,0,30.0,0,0,1
3.412014940428297,1,0,30.0,0,0,1
2.3428034216962943,1,0,30.0,0,0,1
3.0326641239706875,1,0,32.318869596963644,0,0,1
4.122451586718167,1,0,30.0,0,0,1
4.224469012540767,1,0,34.628728077073404,0,0,1
3.548406043235817,1,0,30.0,0,0,1
1.009322079299547,1,0,30.0,0,0,1
4.47445238820884,1,0,37.941476973052254,0,0,1
4.6392080564626825,1,0,33.831991852672175,0,0,1
4.486596432566191,1,0,33.17983119817324,0,0,1
3.684464030602195,1,0,31.093644870346658,0,0,1
1.1083978074631218,1,0,30.0,0,0,1
4.8031210298205025,1,0,30.0,0,0,1
1.2712300824583131,1,0,30.0,0,0,1
1.5979369771612069,1,0,30.0,0,0,1
3.5116044035380476,1,0,33.93076062068516,0,0,1
2.847237477141415,1,0,30.0,0,0,1
4.0190322795003945,1,0,33.2963165966068,0,0,1
3.532577117968332,1,0,31.92918083743203,0,0,1
1.0167599065432,1,0,30.0,0,0,1
3.5712597874175245,1,0,30.0,0,0,1
4.432879733722784,1,0,35.23700838842128,0,0,1
4.4085856077901315,1,0,30.0,0,0,1
1.6296321988167795,1,0,30.0,0,0,1
2.389446314919208,1,0,34.9319794095432,0,0,1
1.4781176208100417,1,0,51.5263289092886,0,0,1
4.005929339695545,1,0,30.0,0,0,1
3.5102419929301925,1,0,30.0,0,0,1
2.93773455107821,1,0,30.0,0,0,1
2.1990358665561356,1,0,30.0,0,0,1
4.148392658197002,1,0,30.0,0,0,1
4.16573367966714,1,0,30.0,0,0,1
2.964720430700818,1,0,30.0,0,0,1
1.4976828673879128,1,0,30.0,0,0,1
2.8614361049289947,1,0,30.0,0,0,1
4.584267253061423,1,0,30.0,0,0,1
3.3363415670967704,1,0,30.0,0,0,1
4.016003129720359,1,0,30.0,0,0,1
2.1786718701735546,1,0,35.12505310025722,0,0,1
2.3726539913730935,1,0,35.466863446605345,0,0,1
1.4684832160463772,1,0,30.0,0,0,1
2.3712203054756174,1,0,30.0,0,0,1
1.6784540077472028,1,0,30.0,0,0,1
3.1559193365680414,1,0,30.430015403127555,0,0,1
2.5752219650753383,1,0,30.0,0,0,1
4.343006750563639,1,0,30.0,0,0,1
2.5309124821873286,1,0,30.0,0,0,1
1.8493534479344111,1,0,30.56660594505871,0,0,1
1.3369394744543164,1,0,30.0,0,0,1
2.0102854475925636,1,0,30.0,0,0,1
3.789453253539715,1,0,34.58689954042838,0,0,1
3.5049234684621084,1,0,30.0,0,0,1
3.4797837607608066,1,0,30.0,0,0,1
4.4326828914337995,1,0,30.0,0,0,1
2.011237607875272,1,0,35.36607690166637,0,0,1
2.8831703791297287,1,0,31.661498620552624,0,0,1
1.6727377142666868,1,0,30.0,0,0,1
1.8751793852918834,1,0,30.0,0,0,1
2.4836738637961946,1,0,30.0,0,0,1
3.8283195999622412,1,0,30.0,0,0,1
4.33483758647465,1,0,30.0,0,0,1
2.2288559884623607,1,0,30.0,0,0,1
2.591057189946456,1,0,30.0,0,0,1
4.550642648806256,1,0,32.27136232066965,0,0,1
4.120960390427192,1,0,36.04393536744486,0,0,1
3.761340151899641,1,0,33.28094272473738,0,0,1
2.628573590806424,1,0,30.0,0,0,1
2.364236136865638,1,0,30.0,0,0,1
3.8937187281013697,1,0,30.0,0,0,1
1.3733058936340776,1,0,30.0,0,0,1
3.173865203157143,1,0,30.0,0,0,1
1.2432209294923755,1,0,31.419369392085223,0,0,1
3.4933503936494255,1,0,30.0,0,0,1
3.2736457244350583,1,0,30.0,0,0,1
1.2391708422031296,1,0,30.0,0,0,1
2.6794604312107904,1,0,150.0,0,0,1
1.7697996822964668,1,0,30.0,0,0,1
4.192488857551999,1,0,30.0,0,0,1
4.653131097426904,1,0,32.893667152943394,0,0,1
2.2587114013634193,1,0,30.0,0,0,1
1.1172757844243377,1,0,30.0,0,0,1
4.590618240104491,1,0,30.0,0,0,1
4.378089205952684,1,0,33.501690649928925,0,0,1
4.187394946763382,1,0,36.36650765106564,0,0,1
2.4255153207921674,1,0,37.29447061079111,0,0,1
1.3188262810293154,1,0,30.0,0,0,1
4.899484005362854,1,0,33.5681880287258,0,0,1
2.9736423689386946,1,0,30.0,0,0,1
2.4264449075790875,1,0,30.0,0,0,1
4.108842311975698,1,0,30.0,0,0,1
3.6828044045605983,1,0,30.0,0,0,1
1.1674623164000955,1,0,83.96574236539414,0,0,1
4.833590715895054,1,0,36.50846606729704,0,0,1
3.2242549054955383,1,0,30.0,0,0,1
1.7529542754137588,1,0,30.0,0,0,1
1.063878639121135,1,0,30.0,0,0,1
3.208950268652992,1,0,30.0,0,0,1
3.3761609914644493,1,0,35.298009838189344,0,0,1
1.3984986100862193,1,0,34.97429600504499,0,0,1
3.179712231474634,1,0,30.0,0,0,1
2.7268942033973604,1,0,30.0,0,0,1
2.7505077353046112,1,0,30.0,0,0,1
4.901046537665133,1,0,30.0,0,0,1
2.183542862928092,1,0,30.0,0,0,1
4.536642267905016,1,0,30.0,0,0,1
2.378076771832484,1,0,30.0,0,0,1
1.718006814621587,1,0,30.0,0,0,1
1.609063955278041,1,0,30.0,0,0,1
4.762552218430536,1,0,31.591807143057526,0,0,1
1.0931677948297107,1,0,30.0,0,0,1
1.876642554904556,1,0,30.0,0,0,1
2.3618959048320174,1,0,36.909442689126074,0,0,1
3.6271996482332254,1,0,30.0,0,0,1
2.5032028321084963,1,0,30.0,0,0,1
1.081654294230383,1,0,30.0,0,0,1
3.067838779556172,1,0,35.96430351772664,0,0,1
4.537862756789469,1,0,30.0,0,0,1
4.546284134550932,1,0,30.0,0,0,1
4.966380981917597,1,0,30.0,0,0,1
2.369570119044769,1,0,30.0,0,0,1
1.489851201946181,1,0,30.0,0,0,1
1.2781541320699472,1,0,30.0,0,0,1
4.468366767853421,1,0,30.0,0,0,1
3.9928551593792485,1,0,30.0,0,0,1
3.5102947624218643,1,0,30.0,0,0,1
2.9870413989713405,1,0,30.0,0,0,1
2.829362647382592,1,0,30.0,0,0,1
2.9758075720697312,1,0,30.0,0,0,1
2.4553785526949037,1,0,30.0,0,0,1
2.8987086465145366,1,0,30.0,0,0,1
1.8413179334433618,1,0,30.0,0,0,1
1.4710718079282517,1,0,30.0,0,0,1
1.8451806593234883,1,0,31.837174209233375,0,0,1
4.883855930509537,1,0,30.0,0,0,1
4.962745971672474,1,0,30.0,0,0,1
4.006045874081222,1,0,30.0,0,0,1
4.348764831531491,1,0,30.0,0,0,1
1.4142654448196494,1,0,30.0,0,0,1
1.4921064307594403,1,0,30.0,0,0,1
1.3706185650939235,1,0,30.0,0,0,1
1.2527826716298986,1,0,31.576468596651406,0,0,1
3.9893663883158457,1,0,30.0,0,0,1
1.225612288156538,1,0,30.0,0,0,1
4.796162255009464,1,0,30.0,0,0,1
3.6161481803003324,1,0,30.0,0,0,1
1.6835050671475988,1,0,30.0,0,0,1
4.270090316537335,1,0,35.09141228576563,0,0,1
4.294775048131445,1,0,41.87948855782497,0,0,1
3.2555551301857695,1,0,30.0,0,0,1
1.3639359494610725,1,0,30.0,0,0,1
2.603112524562394,1,0,35.54439667283425,0,0,1
3.1941492504453044,1,0,38.4592010879192,0,0,1
3.9751829363235975,1,0,30.0,0,0,1
2.1940149393193833,1,0,30.27008372773431,0,0,1
4.492628593869293,1,0,30.0,0,0,1
2.002951884035859,1,0,30.0,0,0,1
4.992793963186357,1,0,33.78369625962079,0,0,1
1.4602212127903584,1,0,31.664644108606343,0,0,1
4.331798398500721,1,0,52.492244776477136,0,0,1
1.528867524553848,1,0,30.0,0,0,1
4.037252208903042,1,0,30.0,0,0,1
4.449204914155363,1,0,30.0,0,0,1
2.2516741216907508,1,0,30.0,0,0,1
1.4053357086754517,1,0,31.34486811525326,0,0,1
4.999636634091765,1,0,30.0,0,0,1
4.88420897037096,1,0,31.53400274268413,0,0,1
4.027284368227681,1,0,30.0,0,0,1
2.545961447429835,1,0,35.10192248636731,0,0,1
1.5376025760919085,1,0,34.40141311609244,0,0,1
2.6722011672446997,1,0,30.0,0,0,1
3.8813703101412735,1,0,30.0,0,0,1
1.6094558772427132,1,0,30.0,0,0,1
1.0672015013275242,1,0,30.0,0,0,1
4.616141035210457,1,0,30.0,0,0,1
3.799959419651856,1,0,30.0,0,0,1
3.775360514893164,1,0,36.40991772350949,0,0,1
4.788743028621459,1,0,39.33236048574078,0,0,1
3.0828213560222015,1,0,30.0,0,0,1
2.2723078167787727,1,0,30.0,0,0,1
4.6377025812730555,1,0,30.0,0,0,1
4.943246284216695,1,0,30.0,0,0,1
1.081839680871111,1,0,37.46652949365134,0,0,1
2.3226915118532405,1,0,30.0,0,0,1
2.4496224211894098,1,0,30.0,0,0,1
1.4449112302332483,1,0,30.0,0,0,1
1.886293011683731,1,0,30.0,0,0,1
1.09783038713672,1,0,30.0,0,0,1
3.7856646279605988,1,0,30.0,0,0,1
1.427620600843316,1,0,30.0,0,0,1
4.550510316605133,1,0,30.0,0,0,1
3.3359018210602147,1,0,30.0,0,0,1
2.424636185383267,1,0,30.0,0,0,1
4.235548182163145,1,0,30.0,0,0,1
3.602681665686671,1,0,30.0,0,0,1
4.012091218861024,1,0,39.35539189710977,0,0,1
4.5111054748682875,1,0,32.62988775121656,0,0,1
4.230660131296405,1,0,30.0,0,0,1
4.1165703329857735,1,0,30.0,0,0,1
3.9193737854966546,1,0,37.43441531690465,0,0,1
2.5099536330138323,1,0,30.0,0,0,1
3.607324563734422,1,0,35.5589370112937,0,0,1
3.2627955333005363,1,0,30.0,0,0,1
4.85378354601729,1,0,30.0,0,0,1
3.0037421337800465,1,0,30.0,0,0,1
1.8872712807109475,1,0,30.0,0,0,1
2.830913418278722,1,0,30.0,0,0,1
2.658600445302007,1,0,30.0,0,0,1
2.874065446209207,1,0,35.39572099799355,0,0,1
3.3241217204462554,1,0,36.804106055274474,0,0,1
4.792090020371797,1,0,30.0,0,0,1
2.124321314196208,1,0,30.0,0,0,1
4.876515261542667,1,0,37.76447027376435,0,0,1
4.11833049241904,1,0,30.0,0,0,1
1.7316837070678535,1,0,30.0,0,0,1
2.121762426161686,1,0,30.0,0,0,1
4.637300999015861,1,0,32.17354422065596,0,0,1
4.205372326397542,1,0,30.0,0,0,1
1.5734431973953016,1,0,30.0,0,0,1
3.338274345908012,1,0,30.0,0,0,1
2.1079730304179787,1,0,32.59775331156677,0,0,1
3.519001372301386,1,0,30.0,0,0,1
1.694328029859935,1,0,30.0,0,0,1
2.4076516622476443,1,0,30.0,0,0,1
2.554113890419029,1,0,33.61844481461147,0,0,1
3.1508350340330824,1,0,48.27348211064153,0,0,1
1.9572679028262763,1,0,30.0,0,0,1
3.910985409752069,1,0,30.244034617142162,0,0,1
4.237066852888331,1,0,30.0,0,0,1
3.559958763508383,1,0,34.70791219074175,0,0,1
4.612326021509981,1,0,32.64372982750682,0,0,1
4.161980771173781,1,0,30.0,0,0,1
1.1760576998922216,1,0,30.0,0,0,1
1.3388849262584985,1,0,30.0,0,0,1
3.6398744970027175,1,0,30.0,0,0,1
3.887501921411565,1,0,30.0,0,0,1
4.8716197635158505,1,0,30.0,0,0,1
1.013330170899862,1,0,30.0,0,0,1
1.9478420374824372,1,0,30.0,0,0,1
4.327003813814215,1,0,36.89051646368744,0,0,1
4.566134292998136,1,0,30.0,0,0,1
2.857728789226033,1,0,31.394524738929587,0,0,1
2.935021859401021,1,0,35.79146256293567,0,0,1
4.414477366993857,1,0,30.0,0,0,1
2.8398747203245365,1,0,33.849804407904614,0,0,1
4.149713252816195,1,0,30.0,0,0,1
4.794920539145554,1,0,30.0,0,0,1
2.0473849399634405,1,0,30.0,0,0,1
2.0975996444490996,1,0,30.0,0,0,1
4.7544108248816705,1,0,30.0,0,0,1
2.697197169142501,1,0,30.0,0,0,1
1.0629085453988218,1,0,30.0,0,0,1
3.0099589320186424,1,0,30.0,0,0,1
3.4670405936219524,1,0,30.0,0,0,1
1.978951064400277,1,0,30.0,0,0,1
3.9096415411598717,1,0,52.70917131504164,0,0,1
1.931770581778033,1,0,30.0,0,0,1
1.4785972958073672,1,0,30.0,0,0,1
1.997462702062201,1,0,30.0,0,0,1
3.135639390294322,1,0,30.0,0,0,1
4.4231527026869415,1,0,54.42350049674729,0,0,1
3.117328778264627,1,0,31.79473720595047,0,0,1
4.39594208543574,1,0,30.0,0,0,1
1.2567455565880281,1,0,32.95176436532874,0,0,1
2.490345659295482,1,0,30.0,0,0,1
2.7407139804317766,1,0,35.06545829659476,0,0,1
4.206902911540215,1,0,30.0,0,0,1
3.4425872551014316,1,0,30.0,0,0,1
4.14014652912382,1,0,30.0,0,0,1
2.354226980519014,1,0,30.0,0,0,1
4.736131090199277,1,0,30.0,0,0,1
4.254626094928825,1,0,30.0,0,0,1
4.661942193093639,1,0,30.0,0,0,1
2.0511842738075496,1,0,30.0,0,0,1
1.0262769110605516,1,0,30.0,0,0,1
3.4619246811454865,1,0,30.0,0,0,1
2.9703156856495188,1,0,30.0,0,0,1
4.115816641334533,1,0,30.0,0,0,1
1.3899755960105975,1,0,30.0,0,0,1
3.381786479031361,1,0,31.798252366253553,0,0,1
1.7955935142051986,1,0,30.0,0,0,1
3.0583954806839215,1,0,30.0,0,0,1
1.633285346048218,1,0,30.0,0,0,1
4.649370200591159,1,0,35.05583148187984,0,0,1
1.7331085344402788,1,0,38.64905314312327,0,0,1
3.3003067022393764,1,0,30.0,0,0,1
1.0224386433947528,1,0,30.0,0,0,1
1.6257540595021083,1,0,30.0,0,0,1
2.997336781387748,1,0,30.0,0,0,1
1.1638466154360168,1,0,30.31775407081453,0,0,1
3.1711306265855463,1,0,30.0,0,0,1
1.7373361116460488,1,0,32.81338557658198,0,0,1
3.9061569257274824,1,0,30.0,0,0,1
4.473165956338624,1,0,30.0,0,0,1
4.034183969869714,1,0,30.0,0,0,1
1.2535613930129643,1,0,30.0,0,0,1
2.9853847937327322,1,0,31.90377136941754,0,0,1
1.4447074991660642,1,0,30.0,0,0,1
2.6362302658291616,1,0,30.0,0,0,1
4.358188106021429,1,0,30.0,0,0,1
1.1646412830267994,1,0,34.68767202886833,0,0,1
2.006608017605685,1,0,30.0,0,0,1
4.3062801068709256,1,0,30.0,0,0,1
2.6237102352715165,1,0,30.0,0,0,1
1.9414223805139423,1,0,30.0,0,0,1
4.797641760268666,1,0,30.0,0,0,1
1.6229212610385142,1,0,30.0,0,0,1
4.154431671237772,1,0,39.22908634708716,0,0,1
1.7123104193713705,1,0,30.0,0,0,1
4.852208373677438,1,0,30.0,0,0,1
4.14428478851778,1,0,37.58442846250354,0,0,1
2.105713994967422,1,0,34.85198320761489,0,0,1
4.934456855346907,1,0,30.0,0,0,1
1.4578385647598244,1,0,30.0,0,0,1
4.438387530920204,1,0,30.0,0,0,1
3.7977175480963044,1,0,30.0,0,0,1
1.6955374417097615,1,0,30.0,0,0,1
3.1854855838363894,1,0,30.0,0,0,1
1.0476992463727934,1,0,36.622023717615484,0,0,1
3.292510726213303,1,0,30.0,0,0,1
3.328814229736386,1,0,30.0,0,0,1
2.6341048610639017,1,0,36.48834822195517,0,0,1
4.297663141961255,1,0,32.77785918493752,0,0,1
4.722988100118389,1,0,30.0,0,0,1
3.1350474683636462,1,0,30.0,0,0,1
3.695814241444627,1,0,30.138871596800964,0,0,1
1.5834234991845904,1,0,30.0,0,0,1
4.992392105742862,1,0,30.0,0,0,1
4.43166453183084,1,0,32.24268541555922,0,0,1
4.796111014588179,1,0,30.0,0,0,1
4.1122569253574754,1,0,30.0,0,0,1
2.2916576422655184,1,0,30.0,0,0,1
1.8867257996838966,1,0,30.0,0,0,1
3.044190418469598,1,0,31.006234922639344,0,0,1
1.3303973051425757,1,0,33.21636465532528,0,0,1
3.2072739470291483,1,0,30.0,0,0,1
2.4796800157360375,1,0,30.0,0,0,1
3.9117359508679157,1,0,38.68864795049485,0,0,1
3.5027688600342457,1,0,30.0,0,0,1
1.9860804646279542,1,0,30.0,0,0,1
3.933767496460952,1,0,31.35956800633015,0,0,1
2.2444516869628575,1,0,30.0,0,0,1
1.9943689962542672,1,0,30.0,0,0,1
2.674214268726361,1,0,30.0,0,0,1
1.6314136621422164,1,0,30.0,0,0,1
2.3006402614727746,1,0,30.0,0,0,1
2.0393944415787164,1,0,30.0,0,0,1
1.0869196645425117,1,0,30.0,0,0,1
2.2035051527800413,1,0,30.0,0,0,1
2.8673336343617444,1,0,30.0,0,0,1
4.31895351258097,1,0,30.0,0,0,1
1.7219060872782532,1,0,30.0,0,0,1
2.309556175983531,1,0,36.29704702817734,0,0,1
1.1174953040695437,1,0,30.0,0,0,1
1.300432848562505,1,0,36.50820372220565,0,0,1
2.424459609268589,1,0,33.57502325690998,0,0,1
2.9997134903147376,1,0,30.0,0,0,1
3.9930479412393063,1,0,30.0,0,0,1
4.05272032322044,1,0,30.0,0,0,1
4.655914892482308,1,0,30.0,0,0,1
4.63118444504766,1,0,30.0,0,0,1
1.4059987273060046,1,0,30.0,0,0,1
1.4482099994839719,1,0,30.0,0,0,1
2.9871652070139274,1,0,30.0,0,0,1
3.3578947371221446,1,0,30.0,0,0,1
3.391561009779331,1,0,33.68108139589491,0,0,1
2.945104842119366,1,0,30.0,0,0,1
4.92479719375709,1,0,30.0,0,0,1
3.0358227778532068,1,0,35.029788335207975,0,0,1
4.7412438660915015,1,0,30.0,0,0,1
4.952765470255102,1,0,30.0,0,0,1
2.776087610385673,1,0,30.0,0,0,1
1.5350569132848926,1,0,30.0,0,0,1
2.3036721998979903,1,0,30.0,0,0,1
2.4341593668226937,1,0,30.0,0,0,1
4.553311861051883,1,0,30.0,0,0,1
4.846788987274672,1,0,30.0,0,0,1
1.6786164776857042,1,0,30.0,0,0,1
1.0802945304984952,1,0,30.0,0,0,1
4.3226522518506165,1,0,30.0,0,0,1
3.2345844788292566,1,0,30.0,0,0,1
4.0046889854383645,1,0,30.0,0,0,1
2.3266844429000297,1,0,30.0,0,0,1
1.6340790933389377,1,0,30.0,0,0,1
2.0586415126329873,1,0,37.67938711720475,0,0,1
1.19391734679217,1,0,30.0,0,0,1
2.543385699663086,1,0,30.0,0,0,1
1.396907513749674,1,0,35.56423378070194,0,0,1
2.8550861221461967,1,0,30.0,0,0,1
4.1968978488086925,1,0,30.0,0,0,1
1.1905212448726825,1,0,30.0,0,0,1
4.5868498747538515,1,0,30.0,0,0,1
1.492609492356317,1,0,30.0,0,0,1
3.6239232852942256,1,0,35.43004591964311,0,0,1
1.962142980847672,1,0,30.0,0,0,1
4.379672954383439,1,0,34.84204007666105,0,0,1
1.0414080863471824,1,0,30.0,0,0,1
2.6855487711689925,1,0,30.0,0,0,1
4.847608387541197,1,0,30.0,0,0,1
1.4515787402850981,1,0,38.73601727615823,0,0,1
4.042577391181601,1,0,35.18365326479949,0,0,1
3.9064716409207954,1,0,31.998105454457857,0,0,1
2.2766991298439616,1,0,30.0,0,0,1
1.241818383957082,1,0,30.0,0,0,1
4.332381500087725,1,0,34.606633056264535,0,0,1
4.619514692561344,1,0,30.0,0,0,1
1.5113227635466364,1,0,30.0,0,0,1
4.391311202485904,1,0,30.0,0,0,1
4.332893433713458,1,0,37.852796468178,0,0,1
3.3080915132637942,1,0,32.58265235796369,0,0,1
4.134126990788472,1,0,31.99553884617547,0,0,1
1.1579155239516359,1,0,30.0,0,0,1
2.984707947077711,1,0,30.0,0,0,1
4.867967331501671,1,0,31.374159464272026,0,0,1
4.100861860719504,1,0,32.92986326582694,0,0,1
2.0725375904367858,1,0,30.517417648763704,0,0,1
3.4941247982654624,1,0,30.0,0,0,1
1.8501992657111859,1,0,30.0,0,0,1
1.8885022739121893,1,0,30.0,0,0,1
1.7573834369809447,1,0,30.0,0,0,1
1.7599263814983228,1,0,36.64341465511836,0,0,1
2.9971642395563665,1,0,30.0,0,0,1
2.2391936841440487,1,0,31.452600789206716,0,0,1
4.111837663526472,1,0,30.0,0,0,1
4.576446970466957,1,0,30.0,0,0,1
2.950363796528728,1,0,30.0,0,0,1
1.7652596799640814,1,0,32.074528106048625,0,0,1
4.991996335873295,1,0,30.0,0,0,1
1.1881289529134178,1,0,30.0,0,0,1
3.1985761719769923,1,0,30.0,0,0,1
1.8785967056344175,1,0,30.0,0,0,1
4.750630363691945,1,0,30.0,0,0,1
2.2998529494516124,1,0,33.822891589566495,0,0,1
4.832172470246725,1,0,33.65025013834342,0,0,1
4.891205013306559,1,0,30.0,0,0,1
4.771899356662612,1,0,30.0,0,0,1
4.170899189365713,1,0,30.0,0,0,1
3.964862410081651,1,0,30.0,0,0,1
4.811084880003171,1,0,31.82234147763478,0,0,1
1.8946797839810579,1,0,30.0,0,0,1
4.2396093221718525,1,0,30.0,0,0,1
1.4539514602052965,1,0,30.0,0,0,1
2.4475118639012283,1,0,30.0,0,0,1
2.6073274659901235,1,0,30.0,0,0,1
4.981305691857598,1,0,30.0,0,0,1
2.2839066610051284,1,0,30.0,0,0,1
3.218934296014304,1,0,34.919651587775775,0,0,1
3.5339629131559196,1,0,30.0,0,0,1
3.7113557214374855,1,0,30.0,0,0,1
1.4806011334625473,1,0,30.0,0,0,1
3.236505309014656,1,0,37.21414969788783,0,0,1
3.5388866888032626,1,0,30.0,0,0,1
4.613394086702607,1,0,30.0,0,0,1
4.829173513360018,1,0,30.0,0,0,1
1.9401088142532918,1,0,30.0,0,0,1
1.8420754375793225,1,0,30.0,0,0,1
3.734985242812561,1,0,30.0,0,0,1
2.957934367423081,1,0,34.80596384885549,0,0,1
3.9742674844418144,1,0,30.0,0,0,1
4.393887778987006,1,0,30.0,0,0,1
1.0427386085306893,1,0,30.0,0,0,1
4.5149220048594945,1,0,30.0,0,0,1
2.0617392559026295,1,0,30.0,0,0,1
4.877587709326619,1,0,34.58854867531655,0,0,1
2.7210480303131077,1,0,30.0,0,0,1
4.409789913966467,1,0,30.0,0,0,1
1.7997419275656719,1,0,30.0,0,0,1
3.1006279419120406,1,0,30.0,0,0,1
1.2531521970016875,1,0,30.0,0,0,1
3.9393715673041707,1,0,30.0,0,0,1
4.768399349763917,1,0,30.0,0,0,1
4.372492156392843,1,0,30.0,0,0,1
3.7214122978444037,1,0,30.0,0,0,1
1.4757523896673264,1,0,30.0,0,0,1
4.9358391564287984,1,0,30.0,0,0,1
2.3758498024073984,1,0,30.0,0,0,1
3.5310914307806893,1,0,30.0,0,0,1
2.091920350103833,1,0,30.0,0,0,1
4.309288567836671,1,0,30.0,0,0,1
2.5136812660581067,1,0,30.0,0,0,1
2.5627100117058887,1,0,30.0,0,0,1
1.0179201099956035,1,0,30.0,0,0,1
3.3013410760620707,1,0,30.0,0,0,1
2.002926265024199,1,0,30.0,0,0,1
4.6873983054209365,1,0,30.0,0,0,1
4.132599595873385,1,0,30.0,0,0,1
4.808288083115249,1,0,30.0,0,0,1
2.5589811659738455,1,0,30.0,0,0,1
3.6469202380240695,1,0,30.0,0,0,1
2.8072078893041845,1,0,30.0,0,0,1
4.637349823464021,1,0,30.0,0,0,1
2.297044700576372,1,0,148.7794680380118,0,0,1
2.3141027925929847,1,0,30.0,0,0,1
2.4637740863664486,1,0,30.0,0,0,1
2.9911568718451798,1,0,30.0,0,0,1
4.550877073446916,1,0,30.0,0,0,1
1.8298699683776238,1,0,38.62108910598266,0,0,1
3.60523161402463,1,0,32.90881405928094,0,0,1
2.2238292032834646,1,0,30.0,0,0,1
1.3306449578034383,1,0,30.0,0,0,1
4.814627920532669,1,0,30.0,0,0,1
4.143116433900457,1,0,37.101087959808325,0,0,1
4.808075301659144,1,0,30.0,0,0,1
2.601078679233438,1,0,30.0,0,0,1
4.027920981811221,1,0,30.0,0,0,1
3.604579287850129,1,0,30.0,0,0,1
3.4760688192680114,1,0,30.0,0,0,1
1.16108143156131,1,0,30.0,0,0,1
1.2869164803659494,1,0,30.0,0,0,1
1.7810511732485863,1,0,42.93849233188475,0,0,1
3.9986158348759324,1,0,34.28641296464865,0,0,1
4.193368940877801,1,0,30.0,0,0,1
3.588883454492028,1,0,30.0,0,0,1
1.7682748024060047,1,0,32.5255880342455,0,0,1
4.110469053923964,1,0,30.0,0,0,1
1.4538739558628033,1,0,31.34419676093799,0,0,1
4.576093593998422,1,0,30.0,0,0,1
2.5390964553895374,1,0,30.0,0,0,1
3.908350780723879,1,0,30.0,0,0,1
1.677980225847604,1,0,30.0,0,0,1
2.2571301088687474,1,0,30.0,0,0,1
2.9810926562207345,1,0,30.0,0,0,1
2.985419950845099,1,0,30.0,0,0,1
1.3887990092549725,1,0,30.0,0,0,1
3.193275667519515,1,0,30.0,0,0,1
1.3004716636467641,1,0,30.0,0,0,1
4.6947199273293005,1,0,30.0,0,0,1
2.6870698530122072,1,0,41.005363496326595,0,0,1
2.756316059811383,1,0,35.92118731842483,0,0,1
3.3079741083423744,1,0,30.0,0,0,1
4.126698879772244,1,0,30.0,0,0,1
1.2781393545445172,1,0,30.0,0,0,1
3.811912181648751,1,0,30.0,0,0,1
4.642123379668066,1,0,31.09607208866357,0,0,1
2.7567869285582653,1,0,30.0,0,0,1
1.0530614350656897,1,0,33.177315927105695,0,0,1
1.9894740925331011,1,0,35.80840073083651,0,0,1
4.764183947873022,1,0,30.0,0,0,1
1.4720781942901984,1,0,30.0,0,0,1
1.0544543222103444,1,0,30.0,0,0,1
4.743440140669291,1,0,30.0,0,0,1
4.452102912954172,1,0,35.26576083625183,0,0,1
2.841568191855222,1,0,30.0,0,0,1
1.0215800080578292,1,0,30.0,0,0,1
3.3350821269333286,1,0,30.0,0,0,1
4.267047525475982,1,0,30.0,0,0,1
2.1442831381385075,1,0,30.0,0,0,1
1.6909418360055724,1,0,30.0,0,0,1
4.618634886490135,1,0,30.0,0,0,1
4.07170524205107,1,0,32.540503673442,0,0,1
2.792324924209808,1,0,30.0,0,0,1
4.620059099507971,1,0,30.0,0,0,1
3.4326239158387053,1,0,30.0,0,0,1
4.776354376090943,1,0,31.4999282385461,0,0,1
1.4126440239092006,1,0,30.0,0,0,1
2.7456597221196075,1,0,35.29350368993436,0,0,1
3.7168670141615623,1,0,30.0,0,0,1
2.6315895630346477,1,0,30.0,0,0,1
2.399063725108596,1,0,37.26493814263648,0,0,1
3.781695513586903,1,0,33.29018784455913,0,0,1
3.4227498063527406,1,0,30.129874401684624,0,0,1
2.1301566144199127,1,0,30.0,0,0,1
2.7760076680124475,1,0,38.7615175610416,0,0,1
3.827604901291374,1,0,30.0,0,0,1
3.507623373706495,1,0,30.0,0,0,1
2.8121052427982547,1,0,30.0,0,0,1
2.040019140768679,1,0,30.0,0,0,1
1.4583546018430011,1,0,30.0,0,0,1
4.360700581220866,1,0,30.0,0,0,1
4.281254292020439,1,0,30.0,0,0,1
3.453210783803265,1,0,30.0,0,0,1
3.285368597802909,1,0,30.0,0,0,1
1.545319125578088,1,0,37.230273135401916,0,0,1
2.7869261536843855,1,0,30.0,0,0,1
2.9354611525740646,1,0,30.0,0,0,1
2.845659831383627,1,0,30.0,0,0,1
1.9683663681861239,1,0,33.88405045992719,0,0,1
1.495246765954355,1,0,35.39556400301179,0,0,1
4.725512496044297,1,0,31.148592452070705,0,0,1
3.2253785954577707,1,0,30.0,0,0,1
4.45027758794458,1,0,36.40753764164677,0,0,1
3.6879403584879884,1,0,33.650546572370445,0,0,1
4.281235004867742,1,0,30.0,0,0,1
1.8639903764780246,1,0,34.91857424630613,0,0,1
1.4241367765935715,1,0,30.0,0,0,1
3.455481150028574,1,0,36.85604261317177,0,0,1
3.197386042560604,1,0,35.173146036317625,0,0,1
1.3858525218054654,1,0,30.0,0,0,1
3.445181446559325,1,0,30.0,0,0,1
1.7275965051794016,1,0,31.797529465665356,0,0,1
1.432668163374168,1,0,37.77893927117436,0,0,1
4.940914235880689,1,0,30.0,0,0,1
3.2228654266809795,1,0,30.913067181166994,0,0,1
2.3190691063113076,1,0,33.86593704064527,0,0,1
1.392223277640376,1,0,30.0,0,0,1
4.666889806937165,1,0,30.0,0,0,1
4.770316690897944,1,0,35.61018304381798,0,0,1
2.0278213745674947,1,0,30.0,0,0,1
2.7401003278948126,1,0,33.686390383771716,0,0,1
3.5821903060332794,1,0,36.123944485930146,0,0,1
1.4446271562969715,1,0,30.0,0,0,1
3.147829067443053,1,0,30.0,0,0,1
1.8745679681293628,1,0,30.0,0,0,1
1.9010554186195163,1,0,30.77566323175466,0,0,1
3.412246675260297,1,0,30.0,0,0,1
2.2402995108324166,1,0,30.0,0,0,1
3.2014117865706013,1,0,30.0,0,0,1
2.0492367914110425,1,0,30.0,0,0,1
2.950757687352151,1,0,33.9790816398972,0,0,1
4.728926409705643,1,0,30.0,0,0,1
2.9389014165877936,1,0,30.0,0,0,1
3.0054052598624272,1,0,37.19890943442157,0,0,1
2.9713604180194344,1,0,30.0,0,0,1
4.426249649137187,1,0,30.0,0,0,1
3.7269563415013107,1,0,30.0,0,0,1
1.1225011824725502,1,0,30.0,0,0,1
1.4718164718206697,1,0,30.0,0,0,1
3.31155106526242,1,0,30.0,0,0,1
4.0407235277076605,1,0,30.0,0,0,1
1.4680282638697397,1,0,30.0,0,0,1
3.0111384102499423,1,0,33.24229169444426,0,0,1
3.569980971544359,1,0,32.59538590742971,0,0,1
2.6032091767570606,1,0,38.347621757265365,0,0,1
3.7740286688463724,1,0,30.0,0,0,1
2.3705054322079695,1,0,30.0,0,0,1
3.4920748798163928,1,0,30.0,0,0,1
4.062841310596104,1,0,30.0,0,0,1
4.823267554159023,1,0,30.0,0,0,1
3.555580643691014,1,0,30.0,0,0,1
2.4063177269570426,1,0,119.04207815342623,0,0,1
3.8849625484548405,1,0,30.0,0,0,1
4.217918180032781,1,0,34.4912612467099,0,0,1
2.6585451402875377,1,0,32.483848280024915,0,0,1
2.4502680808464197,1,0,36.14478677489616,0,0,1
1.6098719793328997,1,0,30.0,0,0,1
3.7075985862512906,1,0,30.0,0,0,1
2.7794768259410465,1,0,30.0,0,0,1
1.5316347047040764,1,0,30.0,0,0,1
3.2458290125684797,1,0,32.25918039369388,0,0,1
4.959515116565381,1,0,30.0,0,0,1
1.2053186719094637,1,0,30.0,0,0,1
3.0620734951155977,1,0,30.0,0,0,1
4.74330241146594,1,0,30.0,0,0,1
4.836509466364452,1,0,30.0,0,0,1
2.3668882561328908,1,0,30.0,0,0,1
1.6864244325195772,1,0,30.382517878683576,0,0,1
2.682907306403281,1,0,30.0,0,0,1
2.2741159494560015,1,0,30.0,0,0,1
2.930343409463396,1,0,34.74463241200904,0,0,1
3.3838405090480883,1,0,30.0,0,0,1
4.072961136200827,1,0,31.90946972606718,0,0,1
3.536629561127691,1,0,36.57146359334655,0,0,1
4.568217426634772,1,0,30.0,0,0,1
3.942841002434089,1,0,30.696654869325215,0,0,1
3.0745897355017897,1,0,32.771967343887006,0,0,1
1.4771969658916446,1,0,30.0,0,0,1
4.215011023840683,1,0,30.0,0,0,1
3.8566638714722843,1,0,30.0,0,0,1
2.3446768189454317,1,0,30.0,0,0,1
1.9278290745492797,1,0,30.0,0,0,1
1.4868629497579626,1,1,30.0,0,1,1
0.21472816288810237,1,0,30.0,0,1,1
1.9175622108334276,1,0,30.225607901147743,0,1,1
1.8650030341022372,1,1,30.0,0,1,1
0.4374900384171284,1,1,30.0,0,1,1
1.0600301750264711,1,1,35.51734942518345,0,1,1
0.5762413649076497,1,0,30.0,0,1,1
1.935052146203599,1,0,30.0,0,1,1
1.2188587964029969,1,0,30.0,0,1,1
1.4602869489367802,1,2,30.0,0,1,1
1.9601938434885124,1,1,30.0,0,1,1
1.411402123807938,1,0,30.0,0,1,1
1.7673951103931362,1,1,30.0,0,1,1
0.6329936507199092,1,2,36.43808465397444,0,1,1
0.6129045652878825,1,2,30.0,0,1,1
0.9941538364630014,1,2,33.64167755035464,0,1,1
1.7866583269656544,1,0,30.0,0,1,1
0.2704163872353941,1,0,30.0,0,1,1
0.9944907516189219,1,2,30.0,0,1,1
1.6848342560006806,1,2,30.0,0,1,1
0.5194146677557072,1,0,30.0,0,1,1
1.3083057928492563,1,2,30.0,0,1,1
0.3259317399926758,1,1,30.0,0,1,1
0.21866886290176704,1,2,30.0,0,1,1
0.7740240936593734,1,0,30.0,0,1,1
1.650158215799531,1,1,30.0,0,1,1
0.27440497491144544,1,1,44.48311284333015,0,1,1
0.8566386425463615,1,2,30.0,0,1,1
1.511535141595057,1,2,30.0,0,1,1
0.864440436038447,1,1,30.0,0,1,1
1.0618518758987612,1,1,30.0,0,1,1
1.1006287906051802,1,0,30.0,0,1,1
1.834337780113496,1,1,30.0,0,1,1
1.7766050055400617,1,2,30.0,0,1,1
0.3145254972272661,1,0,30.0,0,1,1
1.4459786720311383,1,2,30.0,0,1,1
1.177255006564575,1,0,30.0,0,1,1
0.8381360420087198,1,0,31.641812163352633,0,1,1
1.0865865832528887,1,2,33.801517757302484,0,1,1
1.783649787281683,1,1,30.0,0,1,1
1.5915044840310688,1,2,38.920219056105196,0,1,1
1.222530670053633,1,2,30.0,0,1,1
0.5160867071343769,1,0,30.0,0,1,1
1.3135819789442587,1,1,30.0,0,1,1
1.0964433636546835,1,0,30.0,0,1,1
1.0043884030849182,1,1,30.0,0,1,1
1.8988937161999977,1,0,30.0,0,1,1
1.9867347405605693,1,0,30.0,0,1,1
1.9124468241566228,1,1,30.0,0,1,1
1.5299756775862605,1,1,33.225349263924954,0,1,1
1.2779615113599132,1,2,30.0,0,1,1
0.7749799621445812,1,1,30.0,0,1,1
1.9049253633492231,1,1,36.148093088029405,0,1,1
1.0201164646525005,1,2,31.050500289627106,0,1,1
0.5629341141801043,1,0,30.0,0,1,1
0.3993327104164893,1,1,32.793885129151676,0,1,1
1.704412004076476,1,1,30.0,0,1,1
0.7906964688501117,1,1,32.30016188415583,0,1,1
1.5791996051066526,1,0,30.0,0,1,1
1.3293050874857935,1,0,30.0,0,1,1
0.710340831120561,1,2,30.0,0,1,1
1.7312048336660932,1,2,30.0,0,1,1
1.7207746222740483,1,1,30.75857711196185,0,1,1
0.509281833313485,1,0,35.54216986887722,0,1,1
0.41914355604649045,1,0,30.0,0,1,1
1.2809185341443772,1,1,36.13564526718258,0,1,1
0.6201347730155353,1,2,30.0,0,1,1
0.7979381278280242,1,2,30.0,0,1,1
1.8860890456131578,1,1,32.02797720592728,0,1,1
0.5159984470626491,1,2,35.0839765130523,0,1,1
1.0468871145838188,1,0,30.0,0,1,1
0.7308274216057238,1,0,30.0,0,1,1
0.8262751743762224,1,1,30.0,0,1,1
0.8661657066152153,1,2,30.0,0,1,1
0.6679941270151568,1,2,30.0,0,1,1
1.5742847370613917,1,0,30.0,0,1,1
1.6613680200222534,1,0,30.0,0,1,1
1.171131089351602,1,0,30.0,0,1,1
1.8187461897994512,1,2,37.32651903070885,0,1,1
0.4459715357024463,1,2,30.0,0,1,1
1.1118732817493222,1,2,30.0,0,1,1
1.691173314792194,1,0,30.0,0,1,1
1.3176442058520166,1,1,30.0,0,1,1
1.9730059024519755,1,1,30.0,0,1,1
1.2723393389897755,1,2,30.0,0,1,1
1.9280515995726029,1,2,30.0,0,1,1
0.37767124075939773,1,2,30.0,0,1,1
0.2767247225024461,1,0,30.0,0,1,1
0.8417252779347499,1,1,60.286739459782254,0,1,1
1.7144000527139067,1,2,30.0,0,1,1
0.29091695183775773,1,1,51.77619674079709,0,1,1
0.6541324881890904,1,1,30.0,0,1,1
1.9730331851625853,1,0,30.0,0,1,1
1.3537372040342062,1,1,30.0,0,1,1
0.9075971782702894,1,2,30.0,0,1,1
0.34015105598044115,1,1,30.0,0,1,1
1.5594357542610584,1,2,38.28126207674359,0,1,1
1.8655508807073244,1,1,30.0,0,1,1
1.53477845082092,1,2,30.0,0,1,1
0.40954046863261917,1,2,30.0,0,1,1
1.1573520755522457,1,1,30.0,0,1,1
0.9249878582291711,1,2,37.40587179517448,0,1,1
1.827278949384305,1,0,31.92268105896642,0,1,1
1.572150466994822,1,1,30.0,0,1,1
1.6435485429228955,1,0,35.48018788303701,0,1,1
0.9447292938811322,1,2,30.0,0,1,1
0.2447744132728687,1,0,30.0,0,1,1
1.5669174544240037,1,1,36.89121062471148,0,1,1
1.3399755613326334,1,2,39.54512585594414,0,1,1
0.4546686709088984,1,2,30.0,0,1,1
1.5621943632235158,1,1,30.0,0,1,1
0.4687409974125999,1,0,33.13004077827246,0,1,1
1.5314323079146561,1,1,31.342705912120184,0,1,1
1.4845053103432215,1,1,30.0,0,1,1
0.21353122333511632,1,2,31.27654469585133,0,1,1
1.59459748335331,1,1,30.0,0,1,1
0.9337868419695246,1,2,30.0,0,1,1
1.1118496352283915,1,1,30.0,0,1,1
1.9364457103477428,1,1,30.0,0,1,1
1.85572869820541,1,0,35.356690791117416,0,1,1
0.88880254829655,1,0,34.39153531995993,0,1,1
1.4772319364122974,1,1,61.89990425618337,0,1,1
1.123554318154251,1,2,30.0,0,1,1
1.6799589499229775,1,2,30.0,0,1,1
0.7753826182411236,1,0,30.0,0,1,1
1.0476875712724636,1,0,37.2623734806213,0,1,1
0.40233737428340133,1,0,30.0,0,1,1
1.8680251670339791,1,1,30.0,0,1,1
1.8212940470224621,1,1,30.0,0,1,1
0.6969122865735655,1,0,37.733357344949546,0,1,1
1.2493519208131614,1,0,30.0,0,1,1
0.8810519397468264,1,1,30.0,0,1,1
0.4804314779161535,1,0,34.51086700428999,0,1,1
0.28104144859055585,1,0,30.0,0,1,1
1.6810980407130054,1,1,30.0,0,1,1
0.7204489740758113,1,2,30.58549522646111,0,1,1
1.1277953452382181,1,2,30.0,0,1,1
1.8248292919091185,1,0,30.0,0,1,1
0.2357940739060186,1,2,30.0,0,1,1
1.1853115172251798,1,2,40.317562666529355,0,1,1
1.919887518021041,1,0,30.0,0,1,1
1.6567120567016773,1,0,33.608813543960366,0,1,1
0.5947601753719121,1,0,30.0,0,1,1
0.5615765994772834,1,2,31.884733602518807,0,1,1
1.5724757287538373,1,0,30.0,0,1,1
0.3435150142763469,1,0,30.0,0,1,1
1.278852236544957,1,2,30.0,0,1,1
0.6213844373557926,1,0,30.0,0,1,1
1.710662966812018,1,1,30.0,0,1,1
0.8829490359040251,1,2,30.0,0,1,1
0.9469503747512102,1,2,38.08492262209143,0,1,1
1.6299476579932377,1,0,30.0,0,1,1
0.358557824380784,1,0,30.0,0,1,1
1.2817303611520965,1,1,30.0,0,1,1
1.9327156267383696,1,0,34.93184261515046,0,1,1
1.3706763347168587,1,2,30.0,0,1,1
0.34722563736791673,1,2,30.0,0,1,1
1.83535890856869,1,1,39.40590558464394,0,1,1
0.43210461235817976,1,1,30.0,0,1,1
0.8639240943633271,1,0,30.0,0,1,1
0.5270214637622685,1,2,30.0,0,1,1
1.4993349552717086,1,2,30.0,0,1,1
0.6768050739873315,1,2,30.0,0,1,1
0.6699963530151033,1,1,30.0,0,1,1
0.9444070347409301,1,2,30.0,0,1,1
0.714970309395081,1,2,30.96989035192091,0,1,1
1.6122035317468872,1,0,30.567990329880892,0,1,1
1.1480298151758872,1,2,30.0,0,1,1
1.200657420676436,1,0,30.0,0,1,1
0.49092715871429876,1,2,35.819756202162914,0,1,1
1.8442811830838022,1,0,36.45124370042185,0,1,1
0.8279940571178437,1,1,30.195586975133843,0,1,1
0.8792840827842945,1,0,30.0,0,1,1
0.636300664458533,1,0,34.20363440643353,0,1,1
1.9283376509116312,1,1,30.0,0,1,1
1.2926949304933848,1,2,30.0,0,1,1
0.3097211550950972,1,0,30.0,0,1,1
0.5467013949810549,1,2,31.795395889915422,0,1,1
1.0648035145265384,1,2,30.0,0,1,1
0.5381340908616717,1,2,30.0,0,1,1
1.2890640590614473,1,0,30.0,0,1,1
0.7542149972233025,1,2,30.0,0,1,1
0.829305770756493,1,1,32.9182389264524,0,1,1
1.615982142326136,1,0,31.773036139288152,0,1,1
1.1438709288903066,1,2,32.12010281978332,0,1,1
0.40345109504092586,1,0,35.39428299452395,0,1,1
0.8694104142443675,1,1,30.0,0,1,1
1.813415547917702,1,0,30.0,0,1,1
1.7230859183309974,1,1,30.0,0,1,1
1.5677159335431057,1,1,35.14947695095176,0,1,1
1.7183487784729454,1,2,34.36021008606147,0,1,1
0.36471609228757335,1,1,30.0,0,1,1
0.41991345448387796,1,1,150.0,0,1,1
0.2335465086679627,1,0,34.49157196040977,0,1,1
0.4250492377050332,1,0,30.0,0,1,1
1.6823854553529862,1,1,30.0,0,1,1
0.2682719546311819,1,0,30.0,0,1,1
1.0373222624837315,1,1,30.0,0,1,1
0.644809378848894,1,0,38.50109397188767,0,1,1
1.6984979529529636,1,1,30.0,0,1,1
1.6451576256004987,1,0,30.0,0,1,1
1.5787905047929949,1,0,30.0,0,1,1
0.8808615099195907,1,1,30.0,0,1,1
1.8660634068276627,1,0,34.50275623076273,0,1,1
1.812545179648283,1,2,30.0,0,1,1
1.371466832012356,1,1,30.0,0,1,1
1.302666287414654,1,2,30.0,0,1,1
0.8065021686739628,1,0,30.59250579267954,0,1,1
1.5245995322092296,1,0,30.0,0,1,1
1.8892811030780163,1,1,30.0,0,1,1
0.7691872745823451,1,0,34.63648348158144,0,1,1
0.7146732681885162,1,1,76.44615451736247,0,1,1
0.6744489115393479,1,2,30.0,0,1,1
1.96968267035656,1,2,44.193657161587446,0,1,1
1.1725717497376664,1,1,30.0,0,1,1
1.9416237605314162,1,0,31.80613738254184,0,1,1
1.3112830131059123,1,1,30.0,0,1,1
0.728230114644886,1,0,30.0,0,1,1
1.255512629762743,1,0,30.0,0,1,1
0.47980353179695023,1,2,34.74489095870915,0,1,1
1.0065805528034215,1,2,30.0,0,1,1
0.9971761057447084,1,0,30.0,0,1,1
1.2377697734979567,1,1,30.0,0,1,1
0.8970352316988366,1,1,30.0,0,1,1
1.0192457213395612,1,1,30.0,0,1,1
1.7770793503930884,1,2,30.0,0,1,1
0.5247042616211735,1,2,30.0,0,1,1
1.8607683022322097,1,0,30.0,0,1,1
1.1693748389294625,1,0,30.93496851686253,0,1,1
1.3319719014985758,1,2,30.0,0,1,1
0.3876771013084903,1,1,30.0,0,1,1
0.4614642529425416,1,1,37.07721968060418,0,1,1
1.5186272175439879,1,2,30.0,0,1,1
1.8211886098062944,1,2,30.0,0,1,1
1.1339397842941819,1,1,30.0,0,1,1
0.50154727575865,1,2,30.0,0,1,1
1.6344475985074358,1,1,34.5534168880886,0,1,1
1.8515562501339047,1,2,31.75779222652213,0,1,1
1.4063200177140092,1,1,34.31258053397354,0,1,1
0.5291541260736632,1,0,30.0,0,1,1
0.9424461554944574,1,0,30.0,0,1,1
1.891704691212803,1,1,44.62896482832168,0,1,1
0.5448446941554663,1,2,30.0,0,1,1
0.507355936423348,1,1,30.0,0,1,1
1.463222931253548,1,2,30.0,0,1,1
1.177589954049906,1,1,30.0,0,1,1
0.568520062007691,1,2,30.0,0,1,1
1.309734538053984,1,2,30.0,0,1,1
1.8860144817308298,1,2,30.0,0,1,1
1.73935408484526,1,1,30.0,0,1,1
0.2117575725191236,1,1,36.116758209812474,0,1,1
1.7782041664412702,1,1,30.0,0,1,1
1.3284236403149627,1,2,30.0,0,1,1
0.680826281909122,1,1,32.98240165921041,0,1,1
0.36815559237094897,1,0,30.0,0,1,1
1.9481714728562036,1,0,30.0,0,1,1
0.2522678182682417,1,0,34.627935451565484,0,1,1
0.5323149063707883,1,1,30.0,0,1,1
1.4082456368299303,1,2,30.0,0,1,1
1.5643077119793913,1,0,30.0,0,1,1
0.6799942805042765,1,2,30.0,0,1,1
1.5267268945767059,1,1,34.63305251322915,0,1,1
1.577311526466063,1,0,30.0,0,1,1
1.6449084110405885,1,0,31.131001521245047,0,1,1
1.557059358547938,1,0,36.65513911760228,0,1,1
0.25879260786409236,1,2,30.0,0,1,1
1.8061539449975461,1,0,39.375953597505024,0,1,1
1.213003191250517,1,0,30.0,0,1,1
0.9758860394775264,1,1,83.38630164983921,0,1,1
0.24398039461186993,1,1,30.0,0,1,1
1.2634410440428498,1,1,30.0,0,1,1
0.49296729994091854,1,1,30.0,0,1,1
1.1858139797678982,1,1,38.09010302724961,0,1,1
0.5405861739322119,1,1,33.24665296449024,0,1,1
1.4382482485966575,1,1,30.0,0,1,1
0.3599221995261104,1,1,30.0,0,1,1
1.2806874784672084,1,2,39.947113785974494,0,1,1
1.3588424154373475,1,2,30.0,0,1,1
0.9114413519837463,1,0,30.0,0,1,1
1.8508796420257632,1,0,30.0,0,1,1
1.1477892560992329,1,0,30.0,0,1,1
1.5509325313857822,1,2,30.0,0,1,1
1.000127200213739,1,1,30.0,0,1,1
1.6250858178542644,1,1,30.0,0,1,1
1.8153201169570021,1,2,30.0,0,1,1
0.9433798105303464,1,2,30.0,0,1,1
1.9412499326975727,1,2,35.078898018665505,0,1,1
0.4756317252798278,1,2,30.0,0,1,1
1.7231040242831104,1,2,32.7124179123732,0,1,1
1.1465026303660535,1,1,30.0,0,1,1
0.4491420660756379,1,2,32.56271225340802,0,1,1
1.3255982161260014,1,0,32.286960983863565,0,1,1
0.4363675676707821,1,2,30.0,0,1,1
1.797473292922146,1,1,30.0,0,1,1
1.6687774992922415,1,0,36.56745108808724,0,1,1
1.3777666884590332,1,1,35.84365962289599,0,1,1
0.619373662832106,1,2,34.862224004273216,0,1,1
1.9330455801786053,1,0,33.02677319349473,0,1,1
1.7356947239434657,1,0,30.0,0,1,1
1.4873798992815375,1,1,31.699900965002502,0,1,1
0.8576629821650208,1,2,30.0,0,1,1
1.0715009200469132,1,2,30.0,0,1,1
0.8085135059848918,1,2,30.0,0,1,1
1.7288954568010977,1,2,30.0,0,1,1
0.7559892434058579,1,2,30.0,0,1,1
0.628960187169256,1,0,30.0,0,1,1
0.5858230927707804,1,1,30.0,0,1,1
0.9220927074605929,1,2,30.845672598794124,0,1,1
1.3213428672188552,1,2,30.0,0,1,1
1.6969679114130791,1,1,30.0,0,1,1
1.8644736465507856,1,1,30.0,0,1,1
0.34415717877872876,1,0,30.0,0,1,1
0.2849398430009951,1,2,30.0,0,1,1
0.8529230136954982,1,1,37.21571104942805,0,1,1
1.6581860001245474,1,0,30.0,0,1,1
1.8333253056962573,1,1,30.0,0,1,1
0.5032115795818887,1,0,30.0,0,1,1
0.7143674970240645,1,1,30.0,0,1,1
1.8235311878768738,1,1,30.0,0,1,1
1.236469439500408,1,2,37.030590180608165,0,1,1
0.9338533689755937,1,2,34.213807770596844,0,1,1
0.6383627480840797,1,0,34.46238479746904,0,1,1
0.4032112890970686,1,0,31.88754065949115,0,1,1
0.3952088751650539,1,1,34.40999656306825,0,1,1
1.4133336632543025,1,2,30.0,0,1,1
1.4967457439592755,1,0,32.42199102060048,0,1,1
0.8582321286747578,1,2,30.0,0,1,1
1.2908004763167162,1,0,30.0,0,1,1
0.4808622900556899,1,2,30.0,0,1,1
0.237716441417304,1,1,30.0,0,1,1
0.3796865162230592,1,0,30.0,0,1,1
0.3905487932863853,1,2,30.0,0,1,1
1.9725870930502718,1,1,30.0,0,1,1
0.6248245544770048,1,1,30.0,0,1,1
0.44142430146798567,1,2,46.90893443967278,0,1,1
1.631696444333842,1,1,30.0,0,1,1
0.8599882180338385,1,1,30.0,0,1,1
0.5712695840890174,1,1,30.0,0,1,1
0.5966720263255592,1,0,30.0,0,1,1
0.4502689296829723,1,0,30.0,0,1,1
0.34382966997068615,1,1,30.0,0,1,1
1.4242449836782602,1,0,30.0,0,1,1
0.9919699979045118,1,2,30.0,0,1,1
0.4671913956032262,1,1,30.0,0,1,1
1.626401669713538,1,1,30.0,0,1,1
0.23442516132065455,1,2,30.0,0,1,1
0.9751481592227988,1,1,30.0,0,1,1
0.42914994362299397,1,2,30.0,0,1,1
0.24998820829043905,1,2,30.0,0,1,1
1.1911921344390335,1,0,30.0,0,1,1
0.4797794295773912,1,0,30.0,0,1,1
0.323331361254633,1,1,30.0,0,1,1
1.0617896736493035,1,0,30.0,0,1,1
1.7185450108078968,1,1,30.0,0,1,1
1.0741319295999894,1,2,30.0,0,1,1
0.34337769456638906,1,2,30.0,0,1,1
0.7478421930783434,1,2,32.79531510317359,0,1,1
1.0029665085479078,1,0,37.140845460078644,0,1,1
0.7060803599178083,1,2,30.0,0,1,1
0.8075656041364057,1,0,30.0,0,1,1
1.1003028871954204,1,1,30.0,0,1,1
1.8964459952045924,1,2,51.71636579279783,0,1,1
1.6487298457813333,1,2,30.0,0,1,1
0.5678775722802467,1,0,30.0,0,1,1
1.6134649828131966,1,1,30.0,0,1,1
0.9101801761200705,1,2,36.68571809000179,0,1,1
1.6682891506091915,1,1,30.0,0,1,1
1.3107928373581508,1,1,30.0,0,1,1
1.4221717643571123,1,1,31.613682760353303,0,1,1
0.851783985365272,1,1,30.0,0,1,1
1.4837448922036107,1,1,30.0,0,1,1
1.2182426390711834,1,0,38.11043328718364,0,1,1
1.3134294766328969,1,2,30.0,0,1,1
1.184681139461929,1,2,32.18450688053282,0,1,1
0.30042322886327216,1,0,41.61878988364363,0,1,1
1.0536458291671011,1,0,30.0,0,1,1
0.2922601909924821,1,1,30.0,0,1,1
0.503302356185655,1,1,30.0,0,1,1
1.0560661538039664,1,2,36.62606703471205,0,1,1
0.9311139156504089,1,0,30.0,0,1,1
0.2862864745491064,1,2,30.0,0,1,1
0.44700471175098244,1,0,30.0,0,1,1
1.037528895266438,1,0,30.0,0,1,1
1.9417871907186937,1,2,30.0,0,1,1
1.0755125674630484,1,1,30.0,0,1,1
1.590596317248759,1,0,30.0,0,1,1
0.9975047303960398,1,2,30.0,0,1,1
0.545104666176355,1,1,30.0,0,1,1
0.23812780227625763,1,0,30.0,0,1,1
0.8758874763809492,1,2,30.0,0,1,1
1.8550841635337876,1,0,30.0,0,1,1
0.7846842927300637,1,1,36.526897569753224,0,1,1
0.8633492846091564,1,0,30.0,0,1,1
1.4468951685085292,1,1,30.0,0,1,1
1.5264431078073464,1,0,30.0,0,1,1
1.2950921360046823,1,0,30.729327898033755,0,1,1
0.808809346435184,1,0,44.442875095529885,0,1,1
1.9014605852759046,1,2,30.0,0,1,1
0.8345187047272231,1,2,30.0,0,1,1
0.7256176557503322,1,0,30.0,0,1,1
1.7176873768966394,1,0,30.0,0,1,1
1.8833998734117126,1,1,30.0,0,1,1
1.9218138794808046,1,1,32.19254565114376,0,1,1
1.1597928211951412,1,2,35.46503392808441,0,1,1
1.7650845036750404,1,2,38.709499645585076,0,1,1
0.5306783232521965,1,2,32.905145362222086,0,1,1
1.8001983699798543,1,0,30.0,0,1,1
1.5647452571328602,1,0,30.0,0,1,1
0.918537012796891,1,0,30.0,0,1,1
0.641332012878584,1,1,30.0,0,1,1
1.5673696269018929,1,2,36.05568030114031,0,1,1
0.9750529904761209,1,2,37.27208868644592,0,1,1
1.9615078262655876,1,2,31.954939315750604,0,1,1
1.7382804957828917,1,2,30.0,0,1,1
1.6227758045656706,1,1,30.0,0,1,1
0.8008259018670574,1,1,30.23656579366759,0,1,1
1.480973114551284,1,0,30.0,0,1,1
1.5606647411793795,1,0,30.0,0,1,1
0.9370066453197314,1,2,56.7996982260133,0,1,1
0.37025116907145406,1,1,30.0,0,1,1
1.523510757399789,1,2,30.0,0,1,1
0.7300386485713282,1,2,30.0,0,1,1
0.43897157500442485,1,1,30.0,0,1,1
0.2768291862225683,1,0,30.0,0,1,1
0.7890643306558289,1,1,30.0,0,1,1
1.1178977311188774,1,2,30.0,0,1,1
0.2691132941161364,1,0,30.0,0,1,1
1.2141226049032932,1,1,30.0,0,1,1
1.8116963134865158,1,1,30.0,0,1,1
1.2762627677874365,1,2,30.0,0,1,1
1.144256890926879,1,0,30.0,0,1,1
0.6180776966076544,1,0,32.605655706730275,0,1,1
0.9906480665663813,1,1,36.431854376796146,0,1,1
1.2810190711657765,1,0,30.0,0,1,1
1.7571810886546118,1,1,30.0,0,1,1
1.787309791915073,1,0,30.0,0,1,1
1.013471420023373,1,1,30.0,0,1,1
0.5305956519470911,1,2,30.0,0,1,1
1.4732715060931258,1,2,30.0,0,1,1
1.9110257026348223,1,2,30.0,0,1,1
1.9242256175949992,1,1,30.0,0,1,1
1.9921748080765365,1,1,33.28508628972773,0,1,1
0.6540213194567362,1,0,30.0,0,1,1
1.7064625725796463,1,2,30.0,0,1,1
0.293067348939116,1,2,30.0,0,1,1
0.22706817756481892,1,1,50.76996478710681,0,1,1
1.4127802502455995,1,0,37.52936175301513,0,1,1
0.41578703198761113,1,2,30.0,0,1,1
0.8990477346416705,1,0,35.928747062473484,0,1,1
0.22241442238239284,1,0,30.0,0,1,1
0.356224433593193,1,0,30.0,0,1,1
0.5755813607579314,1,0,30.0,0,1,1
1.1980407165046127,1,2,30.0,0,1,1
0.7974933937182211,1,1,30.0,0,1,1
1.214942255695932,1,0,30.0,0,1,1
1.36815169126238,1,2,30.0,0,1,1
0.20605793596236532,1,1,41.69071345940206,0,1,1
1.725858316185144,1,2,30.0,0,1,1
0.3039420174724456,1,1,37.39341218556733,0,1,1
1.7714982962258632,1,0,52.644796790706586,0,1,1
1.956907988889458,1,2,30.0,0,1,1
1.8263364912718048,1,2,37.538396942640325,0,1,1
1.1759136289270973,1,2,34.874152354557886,0,1,1
1.5853978992108637,1,2,30.0,0,1,1
0.5108278474870369,1,2,88.24795372054804,0,1,1
1.8867664469409797,1,2,30.0,0,1,1
0.24199230890120715,1,2,30.0,0,1,1
1.1926625059355604,1,1,30.803993313225558,0,1,1
1.0301401248214237,1,2,30.0,0,1,1
1.6344120114551854,1,1,30.263833830483776,0,1,1
1.5410596774708505,1,0,30.0,0,1,1
0.7943221422673901,1,0,30.0,0,1,1
0.49435138021040187,1,1,30.0,0,1,1
1.6296922278866346,1,1,31.868286563157415,0,1,1
1.959459549218576,1,1,30.0,0,1,1
0.3761657923779363,1,0,33.16350130946227,0,1,1
1.5191967491416432,1,1,38.714028084023525,0,1,1
1.1282366887543147,1,1,30.0,0,1,1
0.7615751321713435,1,0,30.0,0,1,1
0.22600501315665966,1,1,30.0,0,1,1
1.5033208023167022,1,1,30.0,0,1,1
0.4376545218557286,1,1,30.0,0,1,1
1.731468314524453,1,0,30.0,0,1,1
0.67626327872054,1,2,31.088299457602993,0,1,1
1.2662193992615136,1,1,30.0,0,1,1
0.7116343793622808,1,1,32.867483865586856,0,1,1
1.464067491858433,1,0,30.0,0,1,1
0.41087082314683226,1,1,36.43651263291389,0,1,1
0.8174333160314213,1,1,30.0,0,1,1
1.1161266738953812,1,0,30.0,0,1,1
1.2538227183123924,1,1,30.0,0,1,1
1.2432401040101853,1,0,32.4074187661999,0,1,1
0.3429126413506258,1,1,30.0,0,1,1
0.26079736652325775,1,0,30.0,0,1,1
0.6269448563616582,1,1,30.0,0,1,1
0.2678713916482083,1,0,40.48281912362646,0,1,1
0.5970859870298212,1,1,30.0,0,1,1
0.30666580423338163,1,1,33.04664176635744,0,1,1
1.149222673789335,1,2,30.0,0,1,1
0.3881884939902248,1,1,35.52639635328496,0,1,1
0.9474364146319039,1,1,34.338665244782945,0,1,1
1.5852114341865005,1,2,30.0,0,1,1
1.5903096917603674,1,0,30.10419642454723,0,1,1
1.2119345928905856,1,0,35.339452649142586,0,1,1
0.25540589503071043,1,1,30.0,0,1,1
1.1660546433981434,1,0,30.0,0,1,1
0.6547881116064377,1,0,30.0,0,1,1
1.2231316953258418,1,2,30.0,0,1,1
1.8351400728617167,1,2,30.0,0,1,1
1.2779631517787668,1,0,30.0,0,1,1
1.8930525284546993,1,1,30.0,0,1,1
0.5755019524361346,1,1,30.0,0,1,1
0.6829810352324726,1,0,30.0,0,1,1
0.46773218518972437,1,2,35.33423129782896,0,1,1
0.3409983142104365,1,2,30.0,0,1,1
0.21890161576506068,1,1,30.0,0,1,1
1.8702816710807093,1,0,30.0,0,1,1
1.013118852006202,1,0,30.0,0,1,1
1.8899424571524714,1,1,34.87918443954999,0,1,1
1.7552035837220905,1,0,34.080160006734104,0,1,1
1.5390406219944417,1,1,34.90580557562565,0,1,1
1.8521189067931272,1,2,30.0,0,1,1
0.6752178024626367,1,1,30.0,0,1,1
1.7414779756530576,1,2,30.0,0,1,1
1.423963742364447,1,0,30.0,0,1,1
1.2791742763709322,1,2,30.0,0,1,1
1.3135976551951203,1,2,30.0,0,1,1
1.831083975547945,1,0,30.0,0,1,1
1.8720507258068146,1,0,30.346622410450575,0,1,1
0.5185343236417574,1,1,30.0,0,1,1
0.34537738133177354,1,1,30.0,0,1,1
0.6907563607372883,1,2,30.0,0,1,1
1.6583259334220333,1,2,36.51491425565193,0,1,1
0.37471133554040537,1,0,30.0,0,1,1
1.3911694639296455,1,1,38.511565321558976,0,1,1
0.9185823787203184,1,2,30.0,0,1,1
1.8421885665562485,1,0,49.12986046880567,0,1,1
1.6760350476012154,1,2,30.0,0,1,1
1.1140299296139835,1,2,30.0,0,1,1
0.8852004824097364,1,0,30.0,0,1,1
1.7022999968358876,1,0,82.42398351557078,0,1,1
0.6398232854668856,1,0,30.0,0,1,1
1.1780376424389851,1,0,30.0,0,1,1
1.876995114448512,1,1,34.34520820515721,0,1,1
1.2866579985909095,1,1,30.0,0,1,1
1.874155122538961,1,1,30.0,0,1,1
0.9956167330483081,1,2,30.0,0,1,1
1.332734648497402,1,1,30.0,0,1,1
1.8927125046440696,1,0,30.746576372298772,0,1,1
1.5270995437648152,1,2,30.0,0,1,1
1.83007449715439,1,1,30.0,0,1,1
1.6976751904293839,1,1,30.0,0,1,1
0.3400446144107567,1,1,30.0,0,1,1
0.6652415524368372,1,0,30.0,0,1,1
1.5346688288443544,1,2,30.0,0,1,1
1.8020728216512154,1,0,35.621006168349005,0,1,1
1.644157172271599,1,0,34.86797589598132,0,1,1
0.7636859780274659,1,1,30.0,0,1,1
1.3178802820306015,1,0,30.0,0,1,1
1.3905023633498765,1,1,36.755154912644024,0,1,1
0.9871634435869998,1,1,30.0,0,1,1
1.2578569240662014,1,2,30.0,0,1,1
1.9747933802782907,1,1,30.0,0,1,1
1.180433684055541,1,0,32.49329582534963,0,1,1
0.5498468954711069,1,1,30.0,0,1,1
1.1073891317723994,1,2,30.0,0,1,1
0.5163521419457663,1,0,30.0,0,1,1
1.438774587882442,1,0,30.875691388449447,0,1,1
1.8234238586172666,1,0,36.166997046584285,0,1,1
1.416560635643325,1,2,30.0,0,1,1
1.7797375579250545,1,0,30.0,0,1,1
1.5098422499911255,1,0,30.0,0,1,1
0.9874221629558528,1,0,38.147690665226946,0,1,1
1.1687526033859503,1,1,30.49936068357928,0,1,1
1.1586077709514748,1,2,30.0,0,1,1
0.9064889209850442,1,1,30.0,0,1,1
0.3672592458191575,1,0,30.0,0,1,1
1.463268180753655,1,2,30.0,0,1,1
0.2848910009184621,1,1,30.0,0,1,1
0.567285868985893,1,0,30.0,0,1,1
1.0169766356229883,1,0,36.56398421468371,0,1,1
1.9767533434371176,1,1,30.0,0,1,1
0.7523567925374937,1,0,30.0,0,1,1
1.6304686909378754,1,1,30.0,0,1,1
0.9550468257914855,1,1,30.0,0,1,1
0.5987999533737749,1,1,33.84233882985101,0,1,1
0.2478473967243467,1,0,30.0,0,1,1
0.3592058545333081,1,0,30.0,0,1,1
0.9501220627876685,1,0,30.0,0,1,1
0.920332216381728,1,0,33.66426995700739,0,1,1
1.327441901681687,1,0,38.11669176453537,0,1,1
0.3119939138112144,1,2,30.0,0,1,1
0.7110795604111901,1,1,31.25642169944621,0,1,1
0.24216332333038632,1,1,32.5223834820445,0,1,1
1.7694416750640587,1,0,30.0,0,1,1
0.9155796537858802,1,0,30.0,0,1,1
1.2517144435206502,1,0,30.0,0,1,1
1.4790034215033183,1,0,30.0,0,1,1
0.6823445941036284,1,1,30.0,0,1,1
0.44290813715354316,1,1,30.0,0,1,1
1.244488126547818,1,2,30.0,0,1,1
1.8260442649271074,1,2,30.0,0,1,1
1.8066433438825404,1,0,30.0,0,1,1
0.7548313561757214,1,2,30.0,0,1,1
0.6790882992034614,1,0,30.0,0,1,1
0.8364028536558301,1,2,35.99238218261883,0,1,1
0.6414445322918967,1,2,30.0,0,1,1
1.9361243675324626,1,1,30.0,0,1,1
0.2624007628029352,1,1,30.0,0,1,1
0.5443867689758859,1,1,30.0,0,1,1
0.25093791215459404,1,2,30.0,0,1,1
1.7371650698751575,1,2,30.0,0,1,1
1.0487129102103954,1,2,30.0,0,1,1
0.6104936870087575,1,0,30.0,0,1,1
0.9117090990332308,1,2,30.0,0,1,1
0.3909512627543077,1,2,30.0,0,1,1
0.3938050926397384,1,1,30.0,0,1,1
1.904393626257639,1,0,30.0,0,1,1
1.4529371000054938,1,2,30.0,0,1,1
1.3496460078824124,1,1,30.0,0,1,1
1.0509626087285853,1,2,32.22548141277667,0,1,1
1.0816742870439076,1,2,150.0,0,1,1
1.5896803936837502,1,1,30.0,0,1,1
0.2943041540454705,1,2,30.0,0,1,1
1.401394936695458,1,1,30.0,0,1,1
1.1909047798700538,1,2,30.0,0,1,1
0.7520596055328794,1,0,30.0,0,1,1
0.5882088776409209,1,2,65.98463329389561,0,1,1
1.7511595502009345,1,2,38.517115234028566,0,1,1
1.8768033353943976,1,1,30.0,0,1,1
0.37247878173204635,1,2,30.0,0,1,1
0.5056928485516802,1,1,35.974311529280826,0,1,1
1.40079692287669,1,2,30.0,0,1,1
1.5932241822576276,1,1,30.0,0,1,1
1.0844115704590012,1,0,30.0,0,1,1
1.8684064579665993,1,0,30.0,0,1,1
1.7714570509117968,1,2,38.79897290414194,0,1,1
0.4272572472977857,1,1,30.0,0,1,1
0.45640372145024666,1,2,30.0,0,1,1
0.354612843997746,1,0,30.0,0,1,1
1.7757577653740764,1,2,30.0,0,1,1
1.20373450250573,1,2,30.0,0,1,1
1.894506398109741,1,2,42.06993573152016,0,1,1
1.5126210375886786,1,2,30.0,0,1,1
1.5176003615026217,1,1,30.0,0,1,1
0.4252698011528514,1,0,30.27409443148748,0,1,1
0.3971378512740712,1,0,30.0,0,1,1
1.8757224058281123,1,1,30.0,0,1,1
1.0686822676448173,1,2,39.88048518384658,0,1,1
1.98906894838277,1,2,30.0,0,1,1
0.7814621094195782,1,1,35.9332958078572,0,1,1
1.3185494345002287,1,2,30.0,0,1,1
1.2310546323865843,1,0,31.67608700238496,0,1,1
0.3225402811330341,1,0,30.0,0,1,1
1.1339398511515628,1,0,30.0,0,1,1
1.8638882138534358,1,1,30.0,0,1,1
1.016965928433674,1,0,30.0,0,1,1
1.0507324746798712,1,0,30.035891469934242,0,1,1
1.4615255754880427,1,0,30.0,0,1,1
1.605275933508793,1,2,58.08434790008915,0,1,1
1.6903293905426862,1,0,34.03582594490774,0,1,1
1.0135407975394386,1,2,36.4149809134728,0,1,1
0.9992249369273607,1,0,30.0,0,1,1
1.0520412666875312,1,0,30.0,0,1,1
1.9441785024849711,1,2,30.0,0,1,1
1.8725290953824802,1,0,30.0,0,1,1
1.320947994432578,1,2,30.0,0,1,1
0.7117930885432724,1,0,30.0,0,1,1
1.8207486478029675,1,0,30.0,0,1,1
0.5076733240683411,1,1,30.0,0,1,1
0.3921509943703245,1,2,32.056770718273526,0,1,1
0.9462175168493332,1,0,30.0,0,1,1
1.4335463796691137,1,1,30.0,0,1,1
0.29466121141599555,1,2,39.61505357310109,0,1,1
0.763200978833056,1,0,30.0,0,1,1
1.611465810243095,1,1,30.0,0,1,1
1.3865948649055524,1,2,30.0,0,1,1
0.35204071988778424,1,1,30.068254916194018,0,1,1
0.5632607533823456,1,2,30.0,0,1,1
1.505306761373664,1,2,38.24960091026712,0,1,1
0.4099605334971139,1,1,30.0,0,1,1
0.2174679297315297,1,2,30.0,0,1,1
1.9868257115113181,1,2,150.0,0,1,1
1.3050808782221912,1,0,30.0,0,1,1
0.9721156891111375,1,0,30.0,0,1,1
1.2747405340967832,1,2,30.0,0,1,1
1.4063303106932283,1,0,31.47028028418175,0,1,1
1.0919025726669425,1,1,30.0,0,1,1
1.3845224722837723,1,0,30.0,0,1,1
1.4754258820543058,1,0,34.33572636158981,0,1,1
0.5230221346999477,1,2,30.0,0,1,1
0.9626766358966621,1,0,34.86725636175572,0,1,1
0.7482967895976802,1,1,30.0,0,1,1
1.6352279036719757,1,2,30.0,0,1,1
1.5858316255396063,1,1,30.0,0,1,1
1.6590902467933908,1,0,103.28259327932636,0,1,1
0.9874626997591691,1,1,39.550291210339005,0,1,1
1.2355941317512646,1,0,150.0,0,1,1
1.4700963745037967,1,1,33.697238412791826,0,1,1
0.77980167817122,1,1,36.19325960204353,0,1,1
1.9598349568328097,1,1,30.0,0,1,1
0.8815228481873247,1,2,30.0,0,1,1
1.1666275032730624,1,2,30.0,0,1,1
1.6882276415116828,1,2,30.0,0,1,1
1.544756993475607,1,1,30.0,0,1,1
1.1028386857489831,1,2,30.0,0,1,1
0.9349880293993087,1,0,30.0,0,1,1
1.346735849832656,1,0,30.0,0,1,1
0.984282811813999,1,1,42.526870454941125,0,1,1
1.2656151067766885,1,2,30.0,0,1,1
1.6399640011678873,1,1,30.0,0,1,1
0.41920743951235595,1,1,30.0,0,1,1
1.4552282450832157,1,2,30.0,0,1,1
0.2969003459363917,1,2,30.0,0,1,1
1.5212185368942321,1,0,30.0,0,1,1
0.5764779665962272,1,1,30.0,0,1,1
1.0880748144666754,1,2,30.0,0,1,1
0.6805860756088158,1,1,30.0,0,1,1
0.7794357966949523,1,2,30.0,0,1,1
1.3317034932107812,1,2,30.0,0,1,1
0.97611350003927,1,0,30.0,0,1,1
1.0776256754546185,1,2,33.049807866707525,0,1,1
1.9980936651820074,1,1,30.0,0,1,1
0.41890424139279303,1,0,30.0,0,1,1
0.8916862595794726,1,1,30.0,0,1,1
1.1543774593535254,1,0,30.0,0,1,1
1.6646713129459643,1,2,31.49497479702075,0,1,1
0.7083063177111613,1,1,37.41149296759276,0,1,1
0.9089244936003504,1,0,30.0,0,1,1
1.6782711922818863,1,0,34.73121150434646,0,1,1
1.1546678473553695,1,1,30.0,0,1,1
1.7409183142056572,1,0,30.0,0,1,1
0.3158262920927878,1,1,30.0,0,1,1
0.7167434039962886,1,0,30.0,0,1,1
1.2039558683587805,1,1,30.96433473519518,0,1,1
0.41957507800832583,1,1,30.0,0,1,1
1.0672168381884073,1,2,32.96357280504678,0,1,1
0.23174472052521622,1,1,30.0,0,1,1
1.108391491535819,1,2,30.0,0,1,1
1.8565681058790522,1,0,30.0,0,1,1
1.906972591949798,1,0,30.0,0,1,1
0.7744023119257875,1,1,30.809119435429473,0,1,1
0.20622145577165682,1,2,30.0,0,1,1
1.841867838573698,1,1,31.994334474786214,0,1,1
1.2209418347048269,1,2,30.0,0,1,1
1.2451190729653634,1,2,30.0,0,1,1
1.6671224707900902,1,0,33.386790918031906,0,1,1
0.9080333181412863,1,0,30.0,0,1,1
0.9562103938794828,1,1,35.46440197086142,0,1,1
1.7326765406658142,1,2,33.94468375220865,0,1,1
1.0847697563471783,1,2,30.0,0,1,1
1.5244548267410454,1,2,33.80370186526125,0,1,1
1.8290627679253484,1,0,30.0,0,1,1
0.9084654626983555,1,1,38.451924077537264,0,1,1
1.8000787498943738,1,2,30.0,0,1,1
0.7893178444226934,1,2,30.0,0,1,1
1.8732385850232292,1,0,30.0,0,1,1
0.7496663926136393,1,0,40.90923716661522,0,1,1
0.6216051117900434,1,2,38.79941736923806,0,1,1
1.4974785427161244,1,1,30.0,0,1,1
1.8595973779694357,1,0,30.0,0,1,1
1.582666115024587,1,0,30.0,0,1,1
1.5322193910440849,1,0,30.0,0,1,1
1.9514456993158107,1,1,38.984092060021396,0,1,1
1.2033974842187298,1,1,30.0,0,1,1
1.7977146364459273,1,2,33.257357203645476,0,1,1
0.266770226457718,1,1,30.0,0,1,1
0.437882105948354,1,0,150.0,0,1,1
0.688685040989731,1,1,30.066234865103123,0,1,1
1.9030248848221918,1,1,39.44664971146832,0,1,1
0.5544732570322518,1,0,30.0,0,1,1
0.8895490017522161,1,2,34.439912127578005,0,1,1
0.26395106542037683,1,2,30.0,0,1,1
0.3407396526408857,1,1,30.0,0,1,1
1.2487667702481342,1,2,30.0,0,1,1
0.37592813875011943,1,1,30.0,0,1,1
1.8185663291186145,1,2,30.0,0,1,1
1.794441213602521,1,1,30.0,0,1,1
1.3199864875593108,1,0,30.0,0,1,1
0.9133166721017099,1,1,40.882918201346726,0,1,1
1.7980793788495384,1,1,30.0,0,1,1
1.0780712324834507,1,0,30.0,0,1,1
0.5431063613160431,1,2,30.0,0,1,1
0.8221856242943735,1,1,30.0,0,1,1
0.8536578334081342,1,1,30.0,0,1,1
1.243656257553768,1,1,30.0,0,1,1
0.9221714526754639,1,2,30.0,0,1,1
1.672903151539091,1,0,30.0,0,1,1
1.3277200427621325,1,0,30.0,0,1,1
0.6538240132144095,1,1,30.0,0,1,1
0.9237456203386698,1,2,30.0,0,1,1
1.5018445951767136,1,1,30.0,0,1,1
0.6360432474875306,1,1,30.0,0,1,1
0.3649409117783834,1,1,37.017559246637774,0,1,1
1.4800614039448343,1,1,30.0,0,1,1
0.931983694871124,1,1,30.0,0,1,1
0.42370160643479726,1,2,30.0,0,1,1
1.0630449865099132,1,1,30.0,0,1,1
1.2085650177171807,1,1,31.838910284644463,0,1,1
0.2463632154087968,1,2,30.0,0,1,1
1.6240162116047856,1,2,32.51491582662645,0,1,1
1.0847198435942456,1,1,30.0,0,1,1
0.2459889780860091,1,1,31.31551367796463,0,1,1
1.7512152602679363,1,1,35.68670879070729,0,1,1
1.2534621186087882,1,1,30.0,0,1,1
1.9338543647504542,1,1,30.0,0,1,1
0.7061928321923625,1,0,37.59028810016032,0,1,1
0.9426966331633535,1,1,30.0,0,1,1
1.3932881673585908,1,0,30.0,0,1,1
1.8451667562890963,1,2,30.0,0,1,1
1.6240981698460204,1,1,30.0,0,1,1
1.3574345729921027,1,2,30.0,0,1,1
1.6319312747652805,1,0,30.0,0,1,1
0.3707158687585574,1,0,30.0,0,1,1
1.5035226302764149,1,1,30.0,0,1,1
1.2415306266701511,1,1,33.6056310079975,0,1,1
0.6936547118355989,1,1,30.0,0,1,1
0.6293885040113077,1,0,30.0,0,1,1
0.7188860750306152,1,0,30.0,0,1,1
0.4211709260611069,1,2,30.0,0,1,1
0.6918588167989845,1,2,30.0,0,1,1
0.32825527091014606,1,2,36.99657706884398,0,1,1
1.4109300624952157,1,1,30.0,0,1,1
1.1221310330340608,1,1,30.0,0,1,1
0.4298258152240987,1,1,30.0,0,1,1
1.4549517424766503,1,1,31.97354491711975,0,1,1
0.5204209922919313,1,0,30.0,0,1,1
1.0907943218337095,1,0,37.757899366910564,0,1,1
1.8561904958183926,1,0,30.0,0,1,1
1.5696543662750497,1,0,37.972101277999684,0,1,1
1.2514492597729125,1,1,30.0,0,1,1
1.2528546748188207,1,1,33.96152983750761,0,1,1
0.3155465568387967,1,2,30.25943781874277,0,1,1
0.968618711941871,1,2,32.64155559421518,0,1,1
0.7528191706768703,1,0,30.0,0,1,1
1.0543443368564425,1,1,30.0,0,1,1
1.9125634949346815,1,1,30.0,0,1,1
1.6157303165927306,1,2,35.15583516616644,0,1,1
1.297958132140972,1,1,50.33378443904863,0,1,1
1.4684414298290485,1,1,30.0,0,1,1
1.5150793296796914,1,2,35.77373306596295,0,1,1
1.0214716155118988,1,0,30.0,0,1,1
1.7594431216125186,1,0,30.322006579518302,0,1,1
1.3111507048738376,1,1,32.433359630680535,0,1,1
1.5284609537057097,1,0,34.02770002082862,0,1,1
0.2198877161571318,1,0,30.0,0,1,1
1.1682514633236158,1,2,30.0,0,1,1
0.8555321370730218,1,0,30.0,0,1,1
0.2997259535193212,1,0,30.0,0,1,1
1.3630401101876912,1,0,30.0,0,1,1
1.8717684679744067,1,2,30.0,0,1,1
1.5189603142941113,1,1,30.0,0,1,1
0.34380418834884957,1,0,30.0,0,1,1
0.302043274732748,1,0,30.0,0,1,1
0.8210578692900223,1,0,32.08787971269853,0,1,1
0.629386019170557,1,2,30.0,0,1,1
0.2496298041364724,1,1,30.0,0,1,1
0.2721296591974356,1,2,30.0,0,1,1
0.8212636613767705,1,1,30.008790887986617,0,1,1
0.4403698396618394,1,2,30.0,0,1,1
0.5503994386987833,1,0,30.0,0,1,1
1.7651336408406677,1,1,30.0,0,1,1
1.9886202428928978,1,1,30.0,0,1,1
1.6482426166387651,1,0,30.0,0,1,1
0.6189803258708128,1,0,30.0,0,1,1
0.5165153565603673,1,2,30.0,0,1,1
1.241256201572064,1,2,30.0,0,1,1
1.6110420866658668,1,0,35.322031026399756,0,1,1
1.3833974006624241,1,0,36.28419625395261,0,1,1
1.6467531872079966,1,1,30.0,0,1,1
1.076594854438758,1,0,30.0,0,1,1
1.9779824151381267,1,0,30.0,0,1,1
1.6163625652276539,1,0,36.87176161411116,0,1,1
0.2916945101925658,1,1,30.0,0,1,1
0.8552987279028121,1,1,41.311477748547,0,1,1
1.2073176493121611,1,1,33.10706707175042,0,1,1
0.6035558568342936,1,2,30.0,0,1,1
0.9260316466786096,1,1,30.0,0,1,1
1.3332992604222387,1,1,31.297093839835973,0,1,1
1.1939023365773258,1,2,30.0,0,1,1
1.7506097554464715,1,0,30.0,0,1,1
0.6725203383010169,1,0,30.0,0,1,1
1.8580578723407557,1,2,37.9044501939305,0,1,1
0.7798598264602228,1,0,43.97208353564967,0,1,1
1.8567123534031476,1,2,30.0,0,1,1
0.6469169008793372,1,1,30.0,0,1,1
1.1135775030555213,1,0,30.0,0,1,1
1.8780320461656006,1,2,33.32557387196477,0,1,1
0.6994975335044985,1,1,30.0,0,1,1
1.7277541672693584,1,0,30.0,0,1,1
1.1022156240640093,1,0,38.392385165228056,0,1,1
0.9556314755759605,1,2,30.0,0,1,1
1.3946402215227094,1,1,30.0,0,1,1
0.5573919984380369,1,0,30.0,0,1,1
1.385893999443843,1,1,30.0,0,1,1
0.5179274500813245,1,0,50.51847803773262,0,1,1
1.479559613839413,1,1,30.0,0,1,1
1.2991694892465324,1,1,37.73184681140513,0,1,1
0.4517474008543987,1,2,30.0,0,1,1
0.3812313206588741,1,0,30.0,0,1,1
1.2932358267863042,1,2,31.319992310290925,0,1,1
0.41867449666810974,1,1,30.0,0,1,1
1.3251690272360512,1,2,31.053784484673628,0,1,1
1.9982390191122408,1,0,30.0,0,1,1
0.4213566008438254,1,0,30.0,0,1,1
1.0528595895640263,1,1,30.0,0,1,1
1.8639261713088624,1,2,30.0,0,1,1
1.8867839947105705,1,0,48.82664738774301,0,1,1
0.25383992456679694,1,0,30.0,0,1,1
1.6544139614188742,1,0,33.80959267346269,0,1,1
0.629382467127338,1,0,30.0,0,1,1
1.5438231107846838,1,1,30.0,0,1,1
0.8390056572427531,1,1,30.0,0,1,1
0.6048001467025175,1,2,36.36770299994392,0,1,1
1.0472991242354917,1,0,31.360904670147836,0,1,1
0.5166536319745738,1,2,30.0,0,1,1
0.9635517970605139,1,2,30.0,0,1,1
0.9106743263078816,1,1,30.0,0,1,1
1.9331517819642616,1,0,30.0,0,1,1
1.1758222528736444,1,2,30.0,0,1,1
1.4547262524119466,1,2,35.140134701713045,0,1,1
0.5148903097575102,1,0,32.13963381832894,0,1,1
1.9951438712859815,1,2,30.0,0,1,1
1.0958252000206177,1,2,30.0,0,1,1
0.33541548527049203,1,0,36.986347390616956,0,1,1
1.2967144913828574,1,2,31.807909587275894,0,1,1
0.7726633474184088,1,0,47.06267792374927,0,1,1
0.7290783646630983,1,1,30.0,0,1,1
0.770633420189536,1,2,30.0,0,1,1
1.0107500582314521,1,0,30.0,0,1,1
0.7168257554281572,1,2,30.0,0,1,1
1.601619757703721,1,2,30.0,0,1,1
0.5221266179630215,1,1,30.0,0,1,1
0.4554906983012178,1,1,30.0,0,1,1
0.38804987808794433,1,1,30.0,0,1,1
0.9386492332256773,1,0,30.0,0,1,1
0.403175650708273,1,2,30.0,0,1,1
0.2451053298397199,1,2,30.0,0,1,1
0.7299297081603957,1,1,30.0,0,1,1
1.9640536417532306,1,1,30.0,0,1,1
0.21965079569495538,1,2,30.0,0,1,1
0.31496348321283474,1,1,30.0,0,1,1
1.2496434452611496,1,2,30.0,0,1,1
1.0961820555184003,1,1,30.0,0,1,1
0.3877610858064776,1,0,36.91312287030488,0,1,1
1.810504734099297,1,2,30.0,0,1,1
1.413976910666112,1,1,30.0,0,1,1
1.0904323936718903,1,1,37.17131443231388,0,1,1
1.178717484878989,1,1,31.378174604690518,0,1,1
1.6331103528422672,1,2,30.0,0,1,1
0.3765442910171717,1,1,30.0,0,1,1
1.879700489218931,1,0,30.0,0,1,1
0.40274223709171053,1,0,30.0,0,1,1
1.0253863867096793,1,1,30.0,0,1,1
0.6456478286333864,1,1,30.0,0,1,1
1.3973823529084515,1,1,36.71323860123028,0,1,1
1.711693987892571,1,2,33.502633206867145,0,1,1
1.3100088462853223,1,0,30.0,0,1,1
0.6031601205637327,1,1,44.41773785491694,0,1,1
1.6028819908020453,1,0,30.0,0,1,1
1.896791161088083,1,2,30.0,0,1,1
0.48977810534631583,1,0,30.0,0,1,1
0.6563192218675344,1,0,35.62033273021928,0,1,1
1.1532763170809541,1,0,30.0,0,1,1
1.5315904101861832,1,0,30.0,0,1,1
0.4285754384671039,1,2,34.498819300986284,0,1,1
0.2911714913609415,1,1,30.701961607566897,0,1,1
1.2205258113286601,1,0,30.80101261198072,0,1,1
1.6350076372771967,1,0,33.447613684748895,0,1,1
0.7357322117410023,1,2,30.0,0,1,1
1.2493723792148221,1,1,30.0,0,1,1
1.646212940248354,1,2,30.0,0,1,1
0.2518798652485368,1,1,30.0,0,1,1
0.8050952911830194,1,2,30.0,0,1,1
0.7457548865458503,1,2,30.0,0,1,1
1.501503968200524,1,2,30.0,0,1,1
1.3991942212623234,1,2,36.59091138487703,0,1,1
1.6882531414588209,1,1,30.0,0,1,1
1.1875596107645054,1,2,30.0,0,1,1
0.610202015997515,1,2,30.0,0,1,1
0.979586733384995,1,0,38.55260445817541,0,1,1
0.9128907281056515,1,2,30.0,0,1,1
1.4019466040899258,1,0,30.0,0,1,1
1.9170615293891091,1,0,30.0,0,1,1
1.023865582185535,1,2,30.0,0,1,1
1.3499186728415582,1,2,30.0,0,1,1
0.5198508585727761,1,1,34.43946744641831,0,1,1
1.2339105885856683,1,2,34.31151315728464,0,1,1
1.5111436062018933,1,0,30.063735323918827,0,1,1
1.574741859490442,1,2,30.0,0,1,1
1.9525258725342969,1,0,30.0,0,1,1
1.977613998415036,1,0,120.49640867698069,0,1,1
1.1278310197405177,1,0,30.0,0,1,1
1.7490752742183067,1,1,30.0,0,1,1
1.526829287403832,1,2,30.0,0,1,1
1.1442780141216156,1,2,34.95179714142526,0,1,1
0.25412318571848785,1,0,30.0,0,1,1
1.9586300849752196,1,2,30.0,0,1,1
1.9374077045610731,1,0,30.0,0,1,1
1.1326565976358445,1,1,30.0,0,1,1
0.8199858230995187,1,0,30.0,0,1,1
0.40121253885012337,1,1,30.0,0,1,1
0.29923926586070915,1,0,30.0,0,1,1
1.6461306603077792,1,0,30.0,0,1,1
0.9369915164875435,1,0,30.0,0,1,1
1.2130955271880104,1,2,30.0,0,1,1
0.742658261282509,1,2,30.0,0,1,1
1.3051920343664003,1,0,30.0,0,1,1
1.56578446484291,1,1,30.0,0,1,1
1.8072066022023734,1,2,30.46110281837639,0,1,1
1.0929517857339597,1,2,30.0,0,1,1
0.740332844378369,1,1,33.88191331853481,0,1,1
0.3382506591560376,1,2,30.0,0,1,1
1.737223890429173,1,0,30.0,0,1,1
1.7364219007659873,1,2,30.0,0,1,1
0.8360911064619274,1,0,30.0,0,1,1
0.5730686714597255,1,1,30.0,0,1,1
1.4121024152480193,1,1,30.0,0,1,1
1.5619871542014276,1,0,30.0,0,1,1
1.4992795533838044,1,1,35.614471646079046,0,1,1
0.32830856221990845,1,2,32.81669016774266,0,1,1
1.9716118343619649,1,2,32.98206505989887,0,1,1
1.1801365192224083,1,0,30.0,0,1,1
1.2950222395748987,1,1,30.0,0,1,1
0.2815834078737543,1,2,30.6405586055204,0,1,1
0.22124610966319883,1,1,33.50014477294232,0,1,1
0.42740014980345375,1,0,36.51673328467255,0,1,1
0.9037624407594682,1,0,30.0,0,1,1
1.9005935997217938,1,1,30.0,0,1,1
1.510438878110104,1,0,75.5012950429474,0,1,1
1.998611659716559,1,1,40.501519923754735,0,1,1
1.4237741481421073,1,0,30.0,0,1,1
0.37956668619177514,1,0,36.25492237412843,0,1,1
1.4500933989116322,1,1,30.0,0,1,1
1.3543941752948478,1,0,30.0,0,1,1
1.7953561994471687,1,2,30.0,0,1,1
1.1796393777053968,1,0,30.0,0,1,1
0.6420321997802935,1,0,30.0,0,1,1
1.5188907620461627,1,0,31.333595103360807,0,1,1
1.5561268995087085,1,1,30.0,0,1,1
1.1255705278864458,1,1,30.0,0,1,1
0.37068750760825875,1,0,33.99691912651309,0,1,1
0.9447959329110567,1,1,30.0,0,1,1
1.7118613442789397,1,0,30.0,0,1,1
0.7465346691364281,1,1,30.0,0,1,1
1.5169758227820904,1,0,30.0,0,1,1
0.6563170323336553,1,2,30.0,0,1,1
0.7916754817843512,1,1,30.0,0,1,1
0.8066843112737814,1,1,37.571390587844554,0,1,1
0.44396274424162846,1,0,30.0,0,1,1
0.8320960508376503,1,1,31.355172659796395,0,1,1
1.502509209136979,1,2,30.0,0,1,1
0.9223584746972204,1,0,31.874039994645344,0,1,1
0.7395246949780474,1,0,30.0,0,1,1
1.4612776149369318,1,1,46.19037952515511,0,1,1
1.1278618137221366,1,1,30.0,0,1,1
0.9845573312309528,1,1,30.0,0,1,1
1.6330807223179822,1,2,33.31258640402097,0,1,1
0.8875008075756126,1,0,39.29466039623933,0,1,1
1.1798260548786375,1,0,30.0,0,1,1
0.25719471876545114,1,1,30.0,0,1,1
0.8109490890705775,1,1,35.88873482345012,0,1,1
0.626426002255311,1,0,67.3009631092899,0,1,1
1.794349560460808,1,2,30.0,0,1,1
0.23789479424470705,1,1,30.0,0,1,1
1.4600817039393992,1,0,30.0,0,1,1
1.5611579748660098,1,1,30.0,0,1,1
0.798502266384155,1,0,30.0,0,1,1
0.6627766202192202,1,1,57.299690169351145,0,1,1
0.4967024453167488,1,2,30.0,0,1,1
0.6987874035725383,1,2,30.0,0,1,1
1.8450923708439824,1,0,31.096941838188776,0,1,1
0.2780065951041552,1,0,33.827075415850175,0,1,1
1.022087645748887,1,0,30.0,0,1,1
0.6758859933332714,1,0,30.0,0,1,1
1.452567691590571,1,1,30.0,0,1,1
0.8010245742407505,1,0,30.0,0,1,1
0.8227303423758212,1,0,34.78616376201415,0,1,1
0.3049302472683786,1,1,30.0,0,1,1
1.838893747933575,1,2,30.075104593369176,0,1,1
1.13885717928465,1,2,30.0,0,1,1
0.3241761071388208,1,2,30.0,0,1,1
1.5531027725462818,1,2,30.0,0,1,1
1.6040605436441728,1,2,30.0,0,1,1
1.0300517382108494,1,1,37.86161881294811,0,1,1
1.962430875269074,1,0,32.64424457858259,0,1,1
0.6068001480088547,1,2,40.256610672053824,0,1,1
1.7195851914089808,1,2,30.0,0,1,1
1.7235762549042526,1,1,30.0,0,1,1
1.1382076867300268,1,1,30.0,0,1,1
1.172194188395681,1,1,30.0,0,1,1
0.4021019272002243,1,1,33.19601456543081,0,1,1
0.43978311906731155,1,0,30.0,0,1,1
0.9610115801435439,1,2,30.0,0,1,1
1.8525841178326634,1,1,30.0,0,1,1
0.586145198062892,1,2,30.0,0,1,1
1.0550057801303026,1,1,134.61903997672482,0,1,1
0.31563921201185585,1,1,30.0,0,1,1
0.7386204008738368,1,0,32.8454078309947,0,1,1
0.8696094065777475,1,1,33.69207383865465,0,1,1
1.9331847076071829,1,2,30.0,0,1,1
0.5474708985573986,1,1,30.0,0,1,1
0.38129286748787816,1,2,30.0,0,1,1
0.29675508899423375,1,0,30.0,0,1,1
1.1396782826644565,1,2,34.02611785711081,0,1,1
1.1350137290161262,1,0,30.0,0,1,1
0.5525295524132485,1,1,34.20567878569937,0,1,1
0.6455324196254407,1,1,30.0,0,1,1
0.773931354264827,1,1,30.0,0,1,1
0.21700994792155479,1,1,30.0,0,1,1
1.670700358156009,1,2,30.0,0,1,1
1.5909896201483706,1,2,30.0,0,1,1
0.776457108687358,1,0,30.0,0,1,1
1.2337367903555567,1,2,30.0,0,1,1
0.7907238127234977,1,1,30.0,0,1,1
0.24822516441421363,1,1,30.0,0,1,1
1.2616200675804483,1,2,30.0,0,1,1
1.498915920539254,1,0,32.580496761469384,0,1,1
0.8009295610918543,1,1,30.0,0,1,1
0.6344693647341945,1,1,36.13533042648081,0,1,1
0.6756121029185538,1,1,30.0,0,1,1
0.8283730340864108,1,0,30.0,0,1,1
1.0416070047536665,1,2,30.0,0,1,1
1.5588540374172477,1,2,30.0,0,1,1
0.5582159604843973,1,2,30.0,0,1,1
1.4714255451242535,1,1,33.112856704781905,0,1,1
1.936185727697114,1,0,30.0,0,1,1
0.5244931244559891,1,2,30.0,0,1,1
1.1136785816889465,1,1,30.0,0,1,1
0.8502973589393736,1,0,30.0,0,1,1
1.2808191292969127,1,2,30.0,0,1,1
1.7855237193229017,1,2,30.0,0,1,1
1.7954168262742525,1,2,32.647326720310936,0,1,1
0.9974902972750015,1,1,30.645570159013005,0,1,1
1.5632301345604624,1,1,30.317638341270435,0,1,1
1.1203484369890424,1,0,30.0,0,1,1
1.5896127101374473,1,1,30.0,0,1,1
1.791850143782169,1,1,30.0,0,1,1
1.4812526254627487,1,2,30.0,0,1,1
0.30936204777726617,1,0,30.0,0,1,1
0.6415297613885753,1,0,30.0,0,1,1
1.6144022222494372,1,0,31.308898960665246,0,1,1
0.23536002713643134,1,0,30.0,0,1,1
1.1322901948019888,1,1,30.0,0,1,1
1.2987552686373456,1,2,30.0,0,1,1
1.6759929720223616,1,1,30.0,0,1,1
1.6519100228314814,1,1,30.0,0,1,1
0.3317244699094064,1,1,36.86042498625917,0,1,1
1.4234515312150495,1,2,30.0,0,1,1
1.622540862807131,1,1,32.813223805462925,0,1,1
0.3897916665031247,1,2,30.0,0,1,1
1.0737442554770056,1,0,30.0,0,1,1
1.3688448628869467,1,0,30.0,0,1,1
0.8163177802442259,1,1,30.0,0,1,1
0.8669581272226254,1,1,30.0,0,1,1
0.38517908404092716,1,1,30.0,0,1,1
1.5938580037302443,1,0,30.0,0,1,1
0.6268141786198169,1,1,30.0,0,1,1
0.9828589922247217,1,0,30.0,0,1,1
1.1294868564418186,1,1,30.0,0,1,1
0.3570497382736,1,0,36.44062772800709,0,1,1
0.976036720619607,1,0,30.0,0,1,1
0.4742552499582059,1,2,30.0,0,1,1
0.6185415692646702,1,1,30.0,0,1,1
0.841316079581677,1,0,30.0,0,1,1
1.0815148521308262,1,0,30.0,0,1,1
0.9815689131002736,1,2,30.0,0,1,1
0.3288430749456387,1,0,30.0,0,1,1
0.8306649898840011,1,1,30.0,0,1,1
0.2705972652627185,1,1,30.0,0,1,1
0.6514165094720139,1,0,30.0,0,1,1
0.3531978869915786,1,1,35.1284023558942,0,1,1
0.5012976036166217,1,2,30.0,0,1,1
1.104482905835614,1,0,30.0,0,1,1
1.8691587083008245,1,2,36.1414307990922,0,1,1
0.5505764984434149,1,1,30.0,0,1,1
1.5154516951837387,1,0,30.0,0,1,1
0.2786632688051799,1,1,30.0,0,1,1
0.8045285551181831,1,0,30.0,0,1,1
0.922492955576099,1,1,30.0,0,1,1
0.3950331846926363,1,0,30.0,0,1,1
1.346191889604479,1,2,32.2787451961958,0,1,1
0.46221197070715725,1,1,30.0,0,1,1
1.6412200109190358,1,2,30.0,0,1,1
1.2647456074041685,1,0,30.0,0,1,1
1.5343274396729634,1,0,30.0,0,1,1
0.49561963054920527,1,0,30.0,0,1,1
0.7707799954988035,1,2,30.0,0,1,1
1.4698550114126518,1,2,33.659475556952174,0,1,1
1.0160212995125246,1,2,30.0,0,1,1
1.3382147229055286,1,0,36.59721931668652,0,1,1
0.9442251601838347,1,2,30.0,0,1,1
1.4099810896977305,1,1,30.0,0,1,1
1.3547499017831681,1,0,38.48654735601544,0,1,1
0.7391102240209702,1,0,33.293625390673576,0,1,1
1.7870244307503271,1,2,32.86334327312741,0,1,1
1.5182992519062013,1,1,30.0,0,1,1
0.32279774257121185,1,0,30.0,0,1,1
0.2678671698559053,1,2,30.0,0,1,1
1.4890212447614979,1,1,34.30301825624771,0,1,1
1.3376570522111924,1,0,30.0,0,1,1
1.8640208608286768,1,1,30.0,0,1,1
1.4158441039049714,1,2,32.47888761044122,0,1,1
0.5747462774156595,1,0,30.0,0,1,1
0.2756741953644968,1,0,30.0,0,1,1
1.1583322581521678,1,0,30.0,0,1,1
1.0933340863042758,1,2,30.070317805099073,0,1,1
1.8872826516491112,1,0,30.0,0,1,1
1.4750679257118395,1,1,30.0,0,1,1
1.8200925697547004,1,1,30.0,0,1,1
1.5618199928693057,1,0,32.123455426635815,0,1,1
1.3891174551849301,1,1,30.0,0,1,1
1.213637739107063,1,2,33.1636283100959,0,1,1
1.2440638673836493,1,1,34.040237409394514,0,1,1
1.11342244705241,1,0,30.0,0,1,1
1.7101452280933027,1,1,31.46758584718563,0,1,1
0.6223375130416726,1,2,30.0,0,1,1
1.8473434329214617,1,0,30.0,0,1,1
1.2070872874588836,1,0,30.0,0,1,1
0.9873780165988284,1,1,30.724068770104317,0,1,1
0.57984787927514,1,1,30.0,0,1,1
0.6969135702991496,1,1,36.9807662137435,0,1,1
1.2514782312488837,1,1,30.0,0,1,1
0.47310377176183804,1,0,30.0,0,1,1
0.2059585978645845,1,2,30.0,0,1,1
0.6666064267389922,1,2,33.38114542294426,0,1,1
0.7473877321923281,1,0,30.0,0,1,1
1.8943668097167468,1,1,32.88417857829953,0,1,1
1.2472835613915354,1,1,30.0,0,1,1
0.930377200108788,1,1,87.6174672082517,0,1,1
1.9694000290351585,1,1,30.0,0,1,1
0.8613279951002244,1,1,30.0,0,1,1
1.9246501017357351,1,0,34.006322203957716,0,1,1
1.8946382842299492,1,2,30.0,0,1,1
1.4418137563846471,1,2,30.0,0,1,1
1.1454223515169168,1,1,30.0,0,1,1
1.6791408893390964,1,0,30.0,0,1,1
0.7830384978408158,1,2,30.0,0,1,1
0.8621453550581861,1,0,31.70982089733791,0,1,1
0.572392138320333,1,0,30.0,0,1,1
0.6597222552273986,1,0,30.961451683527837,0,1,1
0.4456235319927213,1,0,30.0,0,1,1
1.7312257680195664,1,1,30.0,0,1,1
0.20224664502326753,1,0,30.0,0,1,1
0.9640564824644628,1,0,30.0,0,1,1
0.8555915486248196,1,2,30.0,0,1,1
0.8978139520306843,1,2,30.0,0,1,1
1.7187712055901396,1,1,30.905028988760613,0,1,1
1.6779115354650693,1,1,30.0,0,1,1
1.3941146160054063,1,0,30.0,0,1,1
1.4403968900733704,1,2,30.0,0,1,1
1.6463595844205807,1,0,30.0,0,1,1
0.8930809525376764,1,0,30.0,0,1,1
1.0109632740646142,1,1,30.0,0,1,1
0.6405174112261388,1,0,30.0,0,1,1
0.6284955596440803,1,2,33.32034951573535,0,1,1
1.8823121009082606,1,1,30.0,0,1,1
1.5691681552560295,1,2,30.0,0,1,1
1.015379269687081,1,1,38.20919286393847,0,1,1
0.27018893579156145,1,0,30.0,0,1,1
1.5370416256865034,1,0,32.65617190511069,0,1,1
1.9073284614142212,1,2,30.83471884176995,0,1,1
1.8681297944226114,1,0,30.0,0,1,1
1.4854924801968779,1,2,37.082448670194445,0,1,1
1.3659287157333575,1,0,30.0,0,1,1
0.4175120240437877,1,2,39.50410026598368,0,1,1
0.35419349472533623,1,2,35.93289247339994,0,1,1
0.6773653525694008,1,1,30.0,0,1,1
1.2147374141842269,1,0,30.0,0,1,1
1.8437850331997578,1,2,30.0,0,1,1
1.7679740742264727,1,0,30.0,0,1,1
0.7509128657616446,1,2,30.0,0,1,1
0.8592357392012437,1,2,30.0,0,1,1
0.7586192070110298,1,2,30.0,0,1,1
1.1543083108996255,1,1,30.0,0,1,1
1.6560652131782494,1,1,30.0,0,1,1
1.6096119132889748,1,0,30.0,0,1,1
1.7953517269010104,1,1,30.0,0,1,1
1.1390959085279575,1,2,31.89945682324401,0,1,1
1.3846791932478315,1,0,30.0,0,1,1
1.9170295040204552,1,2,30.0,0,1,1
1.4159949821840694,1,1,30.0,0,1,1
0.5007086862766293,1,2,30.0,0,1,1
0.7883366418987925,1,0,30.0,0,1,1
0.336250054245562,1,0,30.0,0,1,1
0.39889354691865564,1,2,30.0,0,1,1
1.0853028214321667,1,0,30.0,0,1,1
1.5294256525903058,1,2,33.88874986824138,0,1,1
0.5400966911738188,1,2,33.462444816234765,0,1,1
0.7760277092087979,1,0,30.0,0,1,1
0.805792189682216,1,2,30.0,0,1,1
1.712220808494318,1,1,30.0,0,1,1
0.5312641477297192,1,2,30.0,0,1,1
0.26126840100207444,1,2,30.0,0,1,1
1.3229145591969276,1,0,30.2000662991876,0,1,1
1.1483328001282158,1,0,30.0,0,1,1
0.20487720915216878,1,0,30.0,0,1,1
1.5764458865458855,1,1,30.0,0,1,1
0.9629536371651652,1,1,30.0,0,1,1
1.186079055407348,1,2,30.0,0,1,1
1.4074638851325436,1,2,36.80489746139149,0,1,1
0.2924216448173385,1,0,30.0,0,1,1
0.5105791355702216,1,0,34.456193052731315,0,1,1
1.0336554244300993,1,1,30.0,0,1,1
0.509420948532052,1,2,30.0,0,1,1
0.4098487066815094,1,1,36.37757346948212,0,1,1
0.7849355926568389,1,1,30.0,0,1,1
0.9679905539423481,1,2,30.0,0,1,1
1.7297677623520824,1,1,30.0,0,1,1
1.27088813886488,1,0,33.03448190165242,0,1,1
1.8729145373515426,1,2,30.0,0,1,1
1.0229538039337966,1,0,30.0,0,1,1
1.0503520173187206,1,0,56.64684986447164,0,1,1
0.7606087264818819,1,0,30.0,0,1,1
0.3468102053295248,1,1,30.0,0,1,1
0.509614420253189,1,1,30.42380039994311,0,1,1
0.3218743773265331,1,1,30.0,0,1,1
1.4662084458800375,1,0,30.0,0,1,1
0.8282012864052248,1,1,30.0,0,1,1
0.25673089243970787,1,1,30.0,0,1,1
1.5539585230598123,1,0,39.64621007249815,0,1,1
0.6587149850780409,1,1,30.0,0,1,1
1.8083385172447695,1,0,30.0,0,1,1
1.6815502875448436,1,2,32.96679064878766,0,1,1
0.7467668768323519,1,1,30.0,0,1,1
0.624289899952345,1,2,36.43648720600086,0,1,1
1.987544171791878,1,1,30.0,0,1,1
1.6753630791299106,1,1,30.0,0,1,1
1.8679244864782019,1,2,30.0,0,1,1
0.2306667896221929,1,0,51.538657927560116,0,1,1
1.276994336218022,1,2,30.0,0,1,1
0.6799558986657377,1,0,30.0,0,1,1
0.874514486568567,1,2,30.0,0,1,1
0.3639357410512374,1,2,34.252238173992296,0,1,1
1.547058091073536,1,1,30.0,0,1,1
1.1461592862622807,1,1,30.0,0,1,1
1.6256414155358772,1,1,122.81302210228232,0,1,1
0.40967521405710317,1,1,30.0,0,1,1
1.9950916371557712,1,0,30.0,0,1,1
0.827401140005195,1,2,30.0,0,1,1
1.9125982381266686,1,0,30.0,0,1,1
1.417621177306669,1,0,30.0,0,1,1
0.39590114208907856,1,1,30.0,0,1,1
1.607580388869143,1,1,32.228149032802634,0,1,1
1.209194170945916,1,0,30.0,0,1,1
0.5396655698070598,1,1,30.0,0,1,1
0.5370261280847759,1,2,30.65362448738303,0,1,1
1.9156785289552611,1,0,30.0,0,1,1
1.9974133630285011,1,0,30.0,0,1,1
1.2370082969836151,1,2,30.0,0,1,1
0.5368760708511613,1,0,30.0,0,1,1
0.8124657913463991,1,2,30.0,0,1,1
0.5815247752082275,1,2,30.0,0,1,1
1.2934839396272366,1,1,30.0,0,1,1
0.9205002370248825,1,1,30.0,0,1,1
0.8805225592151829,1,2,30.0,0,1,1
1.6425525065956488,1,0,30.0,0,1,1
1.9344229333874157,1,0,30.0,0,1,1
0.5546464601118075,1,0,30.0,0,1,1
0.945962814085685,1,1,31.11126184433292,0,1,1
1.1657538423471716,1,2,30.0,0,1,1
0.6425706680253587,1,1,35.36529402041117,0,1,1
0.9234201062257523,1,2,30.0,0,1,1
0.30043415002287244,1,1,36.46798464160616,0,1,1
0.27419857719541674,1,2,30.0,0,1,1
1.6154490064148948,1,2,30.0,0,1,1
0.8103684836220058,1,0,30.0,0,1,1
1.4733643492818922,1,1,30.0,0,1,1
0.34924516077322726,1,1,30.731218817571026,0,1,1
1.4072003752773818,1,1,36.48611666180966,0,1,1
1.3760660817686328,1,2,30.0,0,1,1
1.678618823880426,1,1,30.0,0,1,1
0.5682934666708437,1,2,32.014172565235334,0,1,1
1.192011076951328,1,2,30.0,0,1,1
1.82212929649768,1,0,30.0,0,1,1
0.5957896317167977,1,0,35.40947781873606,0,1,1
0.42475645001967854,1,2,30.0,0,1,1
0.8205771862518405,1,2,30.0,0,1,1
1.9376229218379504,1,2,30.0,0,1,1
0.4833032298892339,1,0,31.932839137909227,0,1,1
0.4148021925142329,1,2,30.0,0,1,1
1.9959449533685956,1,0,33.841634927774614,0,1,1
0.9076814498856409,1,1,30.0,0,1,1
0.46864784237585844,1,2,30.814072951441638,0,1,1
1.2055151367286097,1,0,30.0,0,1,1
0.22494344276930855,1,1,30.477698374387977,0,1,1
0.9660349333632083,1,1,30.0,0,1,1
0.26519372479825365,1,1,30.0,0,1,1
1.2176094291720123,1,0,38.69718758715319,0,1,1
1.3245861093660787,1,1,30.52390564989633,0,1,1
0.2063498439497819,1,2,33.73287929754332,0,1,1
1.1228693627494288,1,0,30.0,0,1,1
1.9009171369494995,1,1,30.0,0,1,1
0.9165605144032902,1,1,33.05701552132801,0,1,1
1.9181051099216766,1,1,30.0,0,1,1
1.9342480018406827,1,2,30.0,0,1,1
0.6324497464233243,1,0,83.22098652575146,0,1,1
1.2392819428508417,1,0,35.700907031907704,0,1,1
1.6945623687747262,1,2,30.0,0,1,1
1.4764831429262497,1,2,30.0,0,1,1
1.568232425354587,1,0,30.0,0,1,1
0.6696718796265961,1,0,30.0,0,1,1
1.8527843620194653,1,1,39.15182134151955,0,1,1
0.6241594581073913,1,2,33.087228504191785,0,1,1
1.3606537141655561,1,1,33.719018642844965,0,1,1
1.7924810536077918,1,2,30.0,0,1,1
0.8470895163317982,1,1,30.0,0,1,1
1.1938399929857177,1,2,30.0,0,1,1
1.4429226567037374,1,0,30.0,0,1,1
1.8712778440083617,1,2,30.0,0,1,1
1.0064659366477524,1,2,37.50563090676577,0,1,1
1.2857668322542897,1,2,30.0,0,1,1
0.45522938614214525,1,0,33.59402182367803,0,1,1
0.3174010212541732,1,2,35.80558326425425,0,1,1
0.23858216944030275,1,2,30.200760161775285,0,1,1
1.0578510492991513,1,2,30.0,0,1,1
1.1822943940502888,1,0,30.0,0,1,1
0.3554430821457616,1,2,30.0,0,1,1
0.5259739996389905,1,2,30.0,0,1,1
0.6793417215769024,1,0,30.0,0,1,1
1.8042944765032856,1,0,30.0,0,1,1
0.37866855534733634,1,2,30.0,0,1,1
1.0814430223125806,1,2,30.374573739795487,0,1,1
1.620321187373218,1,1,30.0,0,1,1
1.766311958353016,1,1,30.0,0,1,1
1.4476437873331611,1,2,40.328230637705985,0,1,1
0.6779934779557549,1,1,30.0,0,1,1
0.4185532058890883,1,2,30.9828385393029,0,1,1
0.4842167662171312,1,2,30.0,0,1,1
1.5864953271866093,1,0,36.4484497195215,0,1,1
0.73375978384595,1,0,30.0,0,1,1
0.8081696202196762,1,0,30.0,0,1,1
0.5159429117536732,1,2,30.0,0,1,1
0.9823613593132874,1,0,30.0,0,1,1
0.8021756130965978,1,2,35.30860975496568,0,1,1
0.8426303508731852,1,1,30.0,0,1,1
0.2608224252543847,1,2,30.0,0,1,1
1.0326248630634487,1,1,30.0,0,1,1
0.4014041786535207,1,1,30.0,0,1,1
1.1642184621181721,1,0,33.106021313567325,0,1,1
1.4045306002541735,1,0,30.708191688671892,0,1,1
1.1829917667499588,1,0,30.0,0,1,1
0.4636463470883387,1,0,30.0,0,1,1
1.3096914000732678,1,0,30.0,0,1,1
0.9430370315709249,1,2,32.493923907897816,0,1,1
0.8469074785895454,1,2,30.0,0,1,1
0.46779751263376484,1,0,36.03648519055084,0,1,1
1.9897955359920838,1,1,30.0,0,1,1
0.9068101434576317,1,2,30.0,0,1,1
1.0214670770837815,1,0,30.0,0,1,1
0.36988826158883126,1,2,30.0,0,1,1
1.4158516038880034,1,1,38.1810492406464,0,1,1
0.7087853853868666,1,2,30.0,0,1,1
1.532297192437447,1,0,30.0,0,1,1
0.32082880682834936,1,2,30.0,0,1,1
0.7343072114908515,1,2,30.0,0,1,1
1.5421784985638223,1,0,30.0,0,1,1
0.9128132610342408,1,2,30.8519834893265,0,1,1
0.2617140885758029,1,0,30.0,0,1,1
1.621176255923835,1,0,30.0,0,1,1
1.9380754787060168,1,2,30.0,0,1,1
0.8777250690553873,1,2,30.0,0,1,1
1.3188709729203392,1,0,71.49949086551861,0,1,1
0.8707718456661495,1,2,30.0,0,1,1
1.1989685267130934,1,2,30.0,0,1,1
1.5294144404893666,1,0,30.0,0,1,1
1.3392425555073184,1,0,30.39905588483691,0,1,1
0.7664791277465817,1,0,30.0,0,1,1
0.5513393889339934,1,0,30.0,0,1,1
1.1798015931150154,1,0,30.0,0,1,1
1.3870962317487256,1,2,30.0,0,1,1
1.2340932995221008,1,0,34.54042057727888,0,1,1
0.43065344615255174,1,1,39.71655013724101,0,1,1
0.8390832641317902,1,1,30.0,0,1,1
1.5403675969327157,1,0,30.0,0,1,1
0.46414747900985526,1,2,30.0,0,1,1
1.7900867141199226,1,0,30.0,0,1,1
1.0397588865546303,1,0,39.634993392643516,0,1,1
1.6240923859421168,1,0,35.19948064737174,0,1,1
0.8134501225148096,1,2,30.0,0,1,1
0.846588081105488,1,2,33.500426901728645,0,1,1
1.9406510955250145,1,1,30.0,0,1,1
1.2212301261799694,1,1,30.0,0,1,1
0.3834321635561473,1,1,37.28287137676666,0,1,1
1.9237985112376539,1,1,30.0,0,1,1
0.8747311044395811,1,2,30.0,0,1,1
1.4784027779783773,1,0,30.0,0,1,1
0.4314110245744465,1,2,30.0,0,1,1
1.7395809170618879,1,2,30.0,0,1,1
1.9263309775659723,1,2,37.2917887569452,0,1,1
0.889127023933163,1,1,30.0,0,1,1
0.4604902588223924,1,0,30.0,0,1,1
1.2037640368609994,1,1,34.24144591551129,0,1,1
0.49121695887898,1,1,30.0,0,1,1
0.9958513225858237,1,1,30.0,0,1,1
1.3207833329618812,1,0,30.0,0,1,1
0.45073781823308323,1,0,34.69063224043014,0,1,1
1.9064336097055803,1,0,30.0,0,1,1
1.4700602164572911,1,2,30.0,0,1,1
0.8503044802285156,1,0,35.524280417478714,0,1,1
0.9482379654520201,1,1,30.0,0,1,1
1.7266127094738788,1,2,30.0,0,1,1
1.0568076045313355,1,1,30.0,0,1,1
1.9767451327013905,1,0,30.0099178328637,0,1,1
0.3119136938971481,1,0,30.0,0,1,1
0.6884064505959346,1,2,38.14958534927757,0,1,1
1.1332046815180352,1,1,30.0,0,1,1
0.44452071778297725,1,2,30.0,0,1,1
0.8412102460326627,1,2,37.53421291509567,0,1,1
1.135959676451883,1,1,30.0,0,1,1
0.6697838940497431,1,2,36.77734725045023,0,1,1
0.49629315635968546,1,1,39.055408615229695,0,1,1
0.6830219423661447,1,2,30.0,0,1,1
0.3486292282738971,1,2,30.0,0,1,1
0.552682673760212,1,0,37.911855426847175,0,1,1
0.3098273820143814,1,0,30.0,0,1,1
1.9145561953604302,1,2,30.0,0,1,1
0.48982538407438253,1,1,30.0,0,1,1
0.2022826167950654,1,2,30.0,0,1,1
1.923289537703274,1,0,30.0,0,1,1
1.565447581583613,1,1,34.87198189528701,0,1,1
0.680637873767255,1,0,38.8476537863769,0,1,1
1.782052460958766,1,0,33.185848593633324,0,1,1
1.7689250331389264,1,1,30.0,0,1,1
1.5337894139308328,1,1,30.0,0,1,1
1.2660014667861326,1,0,30.0,0,1,1
1.252488672143908,1,1,30.0,0,1,1
1.9440245424093554,1,1,30.0,0,1,1
1.037266122551818,1,0,30.0,0,1,1
1.655413870271909,1,2,30.0,0,1,1
0.40248411105054416,1,0,30.0,0,1,1
1.461489919422624,1,1,30.0,0,1,1
1.9812172556386176,1,2,30.0,0,1,1
0.21796052124049053,1,0,30.0,0,1,1
0.6642232826723429,1,0,150.0,0,1,1
1.6129026913470301,1,0,30.0,0,1,1
1.5208606508578415,1,1,37.497228923468235,0,1,1
1.5215523595074116,1,0,30.0,0,1,1
1.9684347600220848,1,0,30.0,0,1,1
0.37253939872323005,1,1,30.0,0,1,1
1.4151690179868006,1,0,31.024915701649046,0,1,1
1.3541361856214678,1,1,30.0,0,1,1
0.5703709250559112,1,2,30.0,0,1,1
0.583265500122394,1,2,32.04423540735522,0,1,1
1.3703819786777243,1,1,30.0,0,1,1
1.3781350440199973,1,0,30.0,0,1,1
1.2801283268793868,1,0,30.0,0,1,1
1.0314069398751207,1,2,30.0,0,1,1
1.436961916672064,1,0,32.852969194380265,0,1,1
0.779401158743134,1,0,32.38838926406538,0,1,1
0.6244446968725903,1,2,30.0,0,1,1
1.27176034029612,1,1,33.19168412159509,0,1,1
1.3111053843463092,1,0,30.0,0,1,1
1.662066429647022,1,2,30.0,0,1,1
0.9489343531646415,1,2,30.0,0,1,1
1.5754206952596344,1,2,69.57257599388763,0,1,1
1.8518808891697691,1,2,37.579223250759895,0,1,1
0.9661918888259202,1,1,30.0,0,1,1
1.1766425020699969,1,2,30.302910728095036,0,1,1
1.8384719266764673,1,0,30.0,0,1,1
0.7404502106766768,1,0,30.0,0,1,1
1.5007821225642242,1,1,30.0,0,1,1
1.2389968596980552,1,1,30.0,0,1,1
0.9451983208384607,1,2,30.0,0,1,1
1.7555552614964,1,2,30.0,0,1,1
0.4821107597397024,1,0,30.0,0,1,1
0.2637211071204501,1,0,30.0,0,1,1
0.5728562615370618,1,0,30.0,0,1,1
1.7772845362071563,1,2,30.0,0,1,1
0.8184803573347492,1,1,31.699489776701874,0,1,1
1.431143337913505,1,1,30.0,0,1,1
0.6155109843682811,1,2,30.0,0,1,1
1.0836080187763428,1,1,30.0,0,1,1
1.1411418348373696,1,1,30.0,0,1,1
0.6416746680093601,1,2,30.0,0,1,1
0.8973257753720065,1,0,36.85828954381572,0,1,1
0.6711887310051899,1,1,30.0,0,1,1
0.3812150999624686,1,2,30.0,0,1,1
0.9769752539327254,1,2,30.0,0,1,1
1.2145289146681173,1,2,30.0,0,1,1
0.3621057451118509,1,0,31.116065741493266,0,1,1
0.8442076285197087,1,1,30.0,0,1,1
1.0328577703035349,1,1,32.73838165061498,0,1,1
1.8785471773583278,1,0,36.346466614722395,0,1,1
1.2985797991076784,1,1,33.075084145941176,0,1,1
1.8960780649116755,1,0,30.366912325044062,0,1,1
1.1438892745669993,1,1,30.0,0,1,1
1.6458642905440377,1,1,150.0,0,1,1
0.37325320188050526,1,2,30.0,0,1,1
1.2159522650552563,1,2,31.923830863721605,0,1,1
0.8352833829328601,1,1,34.55666507004026,0,1,1
1.5111743359677767,1,1,39.326263218737026,0,1,1
1.779671241486845,1,2,30.0,0,1,1
1.4820663848711635,1,0,30.0,0,1,1
0.3589103582703649,1,0,30.0,0,1,1
1.3178991871772605,1,2,30.0,0,1,1
1.5393836524245745,1,2,31.15147462478934,0,1,1
0.25371467404408415,1,1,36.47856450521413,0,1,1
0.5055104643775623,1,2,30.0,0,1,1
1.424516481327992,1,2,30.0,0,1,1
0.7668474265487109,1,2,30.0,0,1,1
0.31193088197482527,1,1,30.0,0,1,1
1.8009557447493196,1,2,30.0,0,1,1
1.9139155863697532,1,1,39.47119858724021,0,1,1
0.8722505978988158,1,0,30.0,0,1,1
1.9871778751445284,1,0,35.003479653216765,0,1,1
1.741842656437718,1,2,30.0,0,1,1
1.2005436639137232,1,0,31.123527204266725,0,1,1
1.5450254530880152,1,0,30.0,0,1,1
1.8852365012062802,1,2,30.0,0,1,1
1.5091769118270129,1,1,32.16740186886626,0,1,1
0.8074708334713725,1,2,30.0,0,1,1
0.5474429439402322,1,2,30.0,0,1,1
0.9771541950424556,1,1,30.0,0,1,1
0.5360001257640294,1,1,30.0,0,1,1
0.23874234027072883,1,1,33.58072836089781,0,1,1
1.0207012518231695,1,1,30.0,0,1,1
0.7926598449277229,1,0,30.0,0,1,1
0.3715047083035543,1,0,36.470061891942954,0,1,1
1.7686298549323967,1,2,41.559584368839886,0,1,1
0.4213035290798273,1,2,30.0,0,1,1
1.33471683129963,1,0,30.0,0,1,1
1.2247683692772673,1,0,30.0,0,1,1
1.9621831915547967,1,1,30.0,0,1,1
0.6569101370509377,1,0,38.52370643169363,0,1,1
0.6239040051076508,1,1,30.0,0,1,1
1.3289588419771767,1,2,30.0,0,1,1
1.204859312676705,1,1,30.0,0,1,1
1.6612559436669545,1,2,38.150951844186785,0,1,1
0.5115184269033174,1,1,30.788505038209085,0,1,1
0.7411119592012245,1,2,30.0,0,1,1
0.20900576061060655,1,2,30.074487322505192,0,1,1
1.4988487519575833,1,1,37.76618906814797,0,1,1
0.785839820121669,1,2,30.0,0,1,1
0.6249605170531953,1,0,34.45481964443934,0,1,1
1.288877546118996,1,2,30.0,0,1,1
0.6530671657943854,1,2,33.96901897756271,0,1,1
0.30214995891774876,1,1,30.0,0,1,1
0.6252588687117729,1,0,30.0,0,1,1
1.7294973678664636,1,0,32.916286708063545,0,1,1
1.2716577686622428,1,0,30.0,0,1,1
1.0480941534630996,1,2,37.30259673100796,0,1,1
1.0845406429305535,1,0,30.0,0,1,1
1.9945342711905376,1,0,30.0,0,1,1
0.2566836586789668,1,2,30.0,0,1,1
0.49018814397924393,1,2,30.0,0,1,1
1.7579125691612867,1,0,30.0,0,1,1
1.1626977883783125,1,0,30.0,0,1,1
1.991111512893576,1,2,30.0,0,1,1
1.431061523146726,1,2,30.0,0,1,1
1.5021653266201476,1,2,35.850679597171855,0,1,1
1.2435800725033987,1,2,30.0,0,1,1
0.23123196288504508,1,2,30.0,0,1,1
1.8344180084142063,1,1,30.0,0,1,1
1.1414059281790607,1,0,32.23371690187883,0,1,1
0.21629562087835896,1,2,30.0,0,1,1
0.5778085563516127,1,0,30.0,0,1,1
0.8306838823115925,1,0,34.229575878416384,0,1,1
0.7151372117466763,1,1,30.0,0,1,1
0.24997267140612794,1,1,30.0,0,1,1
0.7044260602421026,1,1,36.6748420974201,0,1,1
1.813351125166897,1,1,30.0,0,1,1
1.2599071832812874,1,2,30.0,0,1,1
0.7885409091711524,1,2,30.0,0,1,1
0.3585992396077845,1,2,30.0,0,1,1
1.5523303391592838,1,1,30.0,0,1,1
1.4930413363452983,1,1,30.0,0,1,1
0.2042623745398267,1,0,32.85642142094062,0,1,1
1.9881390888730295,1,2,30.0,0,1,1
0.6781806255902096,1,0,30.0,0,1,1
0.6723219165720828,1,0,30.0,0,1,1
0.741859989295137,1,2,30.0,0,1,1
1.9310907526924987,1,2,30.0,0,1,1
1.713992935289355,1,2,30.0,0,1,1
1.347119540702077,1,0,30.0,0,1,1
1.0896750264534178,1,2,30.0,0,1,1
0.7886422846032082,1,1,30.0,0,1,1
0.8031182582998067,1,0,30.0,0,1,1
0.7861929854065637,1,0,113.26458224624137,0,1,1
1.7526794440993598,1,2,30.0,0,1,1
1.4263645539910392,1,2,30.0,0,1,1
0.932249319729485,1,1,30.0,0,1,1
1.9883899084640846,1,1,30.0,0,1,1
0.5194697983332432,1,2,30.0,0,1,1
0.3380195590866093,1,1,37.56620245371661,0,1,1
0.8626556023019569,1,2,30.0,0,1,1
1.967319651756837,1,0,30.0,0,1,1
0.24323396241146858,1,0,30.0,0,1,1
0.34580182161826617,1,1,30.0,0,1,1
0.8146096352710321,1,1,30.0,0,1,1
1.9773658338749986,1,0,30.0,0,1,1
0.8182083468830483,1,0,30.0,0,1,1
1.4205411509065005,1,0,30.0,0,1,1
1.7552542475762307,1,1,35.43013401147981,0,1,1
1.4070047185902528,1,2,31.082476860997534,0,1,1
0.36167285713002856,1,0,30.0,0,1,1
0.4673617485998173,1,2,33.31616509987759,0,1,1
0.6659274587848079,1,1,34.20023663158188,0,1,1
1.632749205380209,1,0,32.5642523342822,0,1,1
1.6434008774029927,1,0,30.0,0,1,1
0.5064510569188676,1,2,30.0,0,1,1
0.8823926557883743,1,0,30.0,0,1,1
0.4516520033765564,1,1,30.0,0,1,1
1.0515631632992943,1,1,30.0,0,1,1
0.8557229342395123,1,2,33.50055251634569,0,1,1
1.9857817144063785,1,1,30.0,0,1,1
0.8996774068079101,1,2,30.0,0,1,1
0.29005427912013865,1,2,44.35070853211945,0,1,1
1.1368785767017708,1,0,30.0,0,1,1
1.832928174244512,1,1,30.672646408376668,0,1,1
0.8650790650344191,1,1,30.0,0,1,1
1.6732943801802536,1,1,30.0,0,1,1
0.9501174655778182,1,1,35.56343072944812,0,1,1
1.223051439479209,1,2,30.0,0,1,1
1.104217041776996,1,2,30.0,0,1,1
1.7734957692463407,1,1,30.0,0,1,1
1.2224867228306304,1,0,34.22565975965603,0,1,1
0.8823251375242973,1,2,30.0,0,1,1
1.5805914864966617,1,2,33.616501750676655,0,1,1
0.29061021050075475,1,2,30.0,0,1,1
0.6905439757260927,1,1,30.504377050875632,0,1,1
0.7155785811010045,1,2,39.219087899532504,0,1,1
1.2240774072563734,1,2,30.0,0,1,1
1.7015099833164384,1,0,31.643560238102634,0,1,1
1.1968692887899695,1,0,30.0,0,1,1
1.024995369955535,1,0,30.0,0,1,1
0.31755841149326425,1,0,30.0,0,1,1
1.9460938663336123,1,0,30.0,0,1,1
0.7319756434902442,1,0,30.0,0,1,1
0.43339997541002123,1,2,39.50142118319472,0,1,1
1.6991633799906758,1,1,30.01804637670349,0,1,1
1.8026211842407545,1,2,30.411542960670282,0,1,1
0.7374667640242145,1,2,30.0,0,1,1
1.1874424634210639,1,0,33.83606676584297,0,1,1
1.6102171602437634,1,0,31.949497561381797,0,1,1
0.23906351611313256,1,1,52.40369513082991,0,1,1
1.9764606700431755,1,0,30.0,0,1,1
0.7831139533953528,1,1,35.11322406545091,0,1,1
1.0635816148241286,1,1,30.0,0,1,1
0.29102263146388657,1,2,32.928859442123674,0,1,1
0.2844890473858566,1,0,30.0,0,1,1
0.4009767343954088,1,0,30.568953183983517,0,1,1
0.7780175154301225,1,0,30.0,0,1,1
1.8587561655927238,1,0,30.0,0,1,1
1.1277823725485683,1,2,30.0,0,1,1
0.7863400980768951,1,1,30.0,0,1,1
1.0120559763283214,1,2,30.0,0,1,1
0.677086634331656,1,0,30.0,0,1,1
1.3232346820997452,1,2,30.0,0,1,1
1.11291243212075,1,2,30.0,0,1,1
0.8813856539356089,1,2,30.0,0,1,1
1.4350233593380985,1,1,30.0,0,1,1
0.9050311460495735,1,2,30.0,0,1,1
1.6517816617823378,1,1,30.0,0,1,1
1.2771481209399234,1,2,30.0,0,1,1
0.5638641794989002,1,2,46.20430208219622,0,1,1
0.49374190241312255,1,2,30.0,0,1,1
0.6607213096671467,1,0,32.787477731995274,0,1,1
1.852832555646974,1,2,32.30797808123343,0,1,1
1.682143429067685,1,0,30.0,0,1,1
1.9499904113626334,1,1,30.0,0,1,1
1.539781394017851,1,2,30.0,0,1,1
1.8459942571166301,1,0,30.0,0,1,1
0.8396362142434388,1,2,30.0,0,1,1
1.3157989799570469,1,0,30.0,0,1,1
0.9047069528619569,1,0,30.0,0,1,1
1.7567611103855805,1,0,35.109489374177166,0,1,1
1.9945527855303418,1,2,32.02175778755032,0,1,1
1.5419361927572732,1,2,30.0,0,1,1
1.6067648667129482,1,1,33.88547816875707,0,1,1
1.7856995213401707,1,0,30.0,0,1,1
0.37159323528966637,1,1,35.71531076349959,0,1,1
1.06723240974668,1,2,30.0,0,1,1
1.5184946819426683,1,2,30.0,0,1,1
1.289069870524624,1,2,30.0,0,1,1
1.1725870119538049,1,0,30.0,0,1,1
0.894467726753253,1,2,30.0,0,1,1
0.596810215884181,1,1,30.0,0,1,1
1.8603288190732594,1,1,31.754994490876154,0,1,1
1.5214300145602224,1,1,30.0,0,1,1
1.3043621064145823,1,2,30.0,0,1,1
0.35366753097632603,1,1,30.0,0,1,1
0.4010093421880082,1,0,30.0,0,1,1
0.978226613457625,1,1,30.0,0,1,1
0.4263091278835336,1,0,39.384763932991525,0,1,1
0.4680515779897849,1,2,30.0,0,1,1
0.3463735235575558,1,2,30.0,0,1,1
0.7292986970151367,1,1,30.0,0,1,1
0.22000105136933254,1,2,30.0,0,1,1
1.5180839302864813,1,2,30.0,0,1,1
1.2788160799852917,1,1,30.0,0,1,1
1.1137791086332047,1,0,30.0,0,1,1
1.97639508456477,1,2,30.0,0,1,1
1.067400485917629,1,1,30.0,0,1,1
1.7653793380059994,1,0,30.0,0,1,1
0.5408679659496327,1,2,30.0,0,1,1
0.6766517898468998,1,0,30.0,0,1,1
0.7913521774536634,1,0,38.02252392784935,0,1,1
1.9826139425747766,1,2,30.0,0,1,1
1.8336990481927098,1,2,30.0,0,1,1
1.0074745320261833,1,0,39.01941019686417,0,1,1
1.7200205424788855,1,1,30.0,0,1,1
0.6197638170985793,1,0,34.72650288772405,0,1,1
1.266696835453488,1,2,30.0,0,1,1
0.49134539586480175,1,2,30.0,0,1,1
1.2353730979085653,1,0,30.0,0,1,1
0.6000639682004474,1,0,38.38523473079399,0,1,1
1.254359270799108,1,1,30.0,0,1,1
0.9716134063241122,1,0,35.23730856967848,0,1,1
1.2057846120385753,1,1,30.0,0,1,1
0.4901488142413571,1,0,37.902846464583995,0,1,1
1.1116779020730996,1,2,36.88665349748327,0,1,1
0.7694637118913585,1,2,30.0,0,1,1
0.4590943638087133,1,0,30.0,0,1,1
1.1007094260660995,1,1,30.0,0,1,1
0.44917252163948307,1,2,30.0,0,1,1
0.9691484914392323,1,2,35.61784237445778,0,1,1
0.7816580839619436,1,1,31.294082850190623,0,1,1
1.1774271900200353,1,1,36.47054154859954,0,1,1
1.0708433848632652,1,2,40.922991256895074,0,1,1
0.4422391927937672,1,0,30.0,0,1,1
0.702225449169898,1,2,30.0,0,1,1
1.2021334601926643,1,0,37.653122542077874,0,1,1
1.70105537618399,1,2,30.0,0,1,1
0.3065923182139149,1,2,30.0,0,1,1
0.363558255867271,1,0,30.0,0,1,1
1.6344669221169306,1,1,30.0,0,1,1
0.8116927702349164,1,2,32.562430874303956,0,1,1
0.6623456831156272,1,0,30.0,0,1,1
0.6133326157237862,1,1,33.36435101793774,0,1,1
1.947273820071558,1,2,50.38773729302173,0,1,1
1.1193418683190455,1,1,33.42438696166706,0,1,1
0.48960980664162834,1,2,30.0,0,1,1
0.9308135656125338,1,0,30.0,0,1,1
0.6691619034191423,1,1,38.492916146923655,0,1,1
0.5036482064375369,1,2,30.0,0,1,1
1.9614503274920234,1,0,30.0,0,1,1
1.001178643208536,1,1,30.0,0,1,1
1.4442434277626448,1,1,30.0,0,1,1
1.81741345253137,1,2,30.0,0,1,1
0.5701209687302211,1,2,30.0,0,1,1
0.4304324256404042,1,1,30.0,0,1,1
0.6684634813263625,1,2,30.0,0,1,1
1.4826168587813435,1,1,30.0,0,1,1
0.8875744989304224,1,1,34.3927971251307,0,1,1
1.0803594694512266,1,0,30.0,0,1,1
0.23646089610202103,1,0,30.0,0,1,1
0.20765255078077258,1,0,30.0,0,1,1
0.9327388724573431,1,0,30.0,0,1,1
0.4706526517989156,1,2,30.0,0,1,1
1.6239803508221684,1,0,30.0,0,1,1
1.9123131840912464,1,2,43.686093670018224,0,1,1
1.8662592218146532,1,1,30.0,0,1,1
1.037986040482728,1,0,31.875993421972144,0,1,1
0.7163400825303723,1,2,30.0,0,1,1
1.070855740443214,1,1,30.0,0,1,1
0.3872571312336733,1,2,30.0,0,1,1
1.8990754203072222,1,2,30.0,0,1,1
1.4083434197687887,1,2,39.11139633615882,0,1,1
0.715787030760713,1,1,30.0,0,1,1
1.5666542814131355,1,0,36.57274353396965,0,1,1
0.6410067114435609,1,1,30.0,0,1,1
1.552621162381576,1,2,30.0,0,1,1
0.923279803280828,1,2,30.0,0,1,1
1.755067092807926,1,1,30.0,0,1,1
1.9816221327663317,1,0,35.32942335846784,0,1,1
0.7763696722113822,1,2,43.59826226943238,0,1,1
1.1921129663518022,1,1,30.0,0,1,1
0.6282772143112336,1,1,30.0,0,1,1
1.6406547053816285,1,1,30.0,0,1,1
1.085507705008095,1,1,34.94024304026575,0,1,1
1.9708317392514685,1,1,30.0,0,1,1
1.7964091507233622,1,1,30.0,0,1,1
0.690846283952276,1,0,30.0,0,1,1
0.415097838551411,1,1,30.0,0,1,1
1.3157372409501247,1,0,31.446404803277225,0,1,1
0.772490265919958,1,0,30.0,0,1,1
0.6566637203832254,1,2,30.0,0,1,1
1.1812148767604809,1,0,30.0,0,1,1
1.1687642048094606,1,2,30.0,0,1,1
1.1676823395683096,1,1,30.0,0,1,1
0.7296294152361849,1,2,38.04600198522388,0,1,1
0.47966250581455183,1,1,30.0,0,1,1
0.5305924528595846,1,2,30.0,0,1,1
1.496258440270365,1,1,33.1809321586886,0,1,1
1.0424843526893321,1,0,31.382586073196585,0,1,1
1.0448627437430786,1,1,30.0,0,1,1
1.958145564022712,1,1,44.0814917954456,0,1,1
1.852305087855334,1,0,30.0,0,1,1
0.31691768356528854,1,1,30.0,0,1,1
1.635802427420844,1,0,30.0,0,1,1
0.6462553686851776,1,1,30.0,0,1,1
1.500138683364989,1,0,45.16738943811681,0,1,1
0.5120209986896224,1,0,30.0,0,1,1
0.4616696577096378,1,1,30.0,0,1,1
1.8905641753994393,1,0,38.343164596670974,0,1,1
1.204948823073107,1,0,30.003163404691232,0,1,1
0.82935449197245,1,0,35.99650055916305,0,1,1
1.804013890730193,1,1,30.5306295720598,0,1,1
0.7216956917284283,1,0,30.0,0,1,1
0.3150077330939574,1,0,30.0,0,1,1
0.9106435329900353,1,2,30.0,0,1,1
1.4731084940762889,1,1,35.67288210901884,0,1,1
1.3916745436261004,1,2,30.587581638556784,0,1,1
1.0526769534480176,1,1,35.25837798053218,0,1,1
1.1183001427272787,1,1,34.202443217821234,0,1,1
1.1530429942716223,1,0,30.0,0,1,1
0.8741344278402343,1,0,30.0,0,1,1
0.3493358245032532,1,2,30.0,0,1,1
0.48406274031665064,1,0,30.0,0,1,1
1.5036909716860125,1,0,30.0,0,1,1
1.6580981043735272,1,2,30.0,0,1,1
0.9119254973966877,1,2,32.76494750117085,0,1,1
0.7926899859334593,1,1,30.0,0,1,1
1.2938373412239377,1,1,30.0,0,1,1
0.23918981713145046,1,1,31.112342474226157,0,1,1
1.2251477123281314,1,0,30.912950240953027,0,1,1
1.0442665377086746,1,0,30.0,0,1,1
0.9954721975241969,1,2,30.0,0,1,1
0.20259741378818297,1,2,30.0,0,1,1
1.8971604311797667,1,0,30.0,0,1,1
0.5120970196742635,1,1,30.0,0,1,1
0.40339096411271735,1,2,30.0,0,1,1
0.8945015653610893,1,0,30.0,0,1,1
1.6017875378963093,1,0,30.0,0,1,1
1.576999842072121,1,2,30.0,0,1,1
1.12125695444821,1,2,30.0,0,1,1
1.1885470179466868,1,1,30.0,0,1,1
1.0193768384592927,1,1,30.0,0,1,1
0.24553069188416768,1,0,101.07710110216271,0,1,1
0.7001472102260968,1,0,30.0,0,1,1
0.9001045408191093,1,1,30.0,0,1,1
1.1980134629283146,1,0,36.881519294467765,0,1,1
1.3862425626326722,1,1,30.0,0,1,1
1.9777468411570078,1,2,36.98266224058472,0,1,1
1.1132653976121187,1,2,30.0,0,1,1
1.4094302695487992,1,1,30.0,0,1,1
1.929158513653662,1,0,30.0,0,1,1
0.7016387243367725,1,2,30.0,0,1,1
1.0167189506557768,1,2,30.0,0,1,1
1.4977610741080944,1,1,33.28350782963254,0,1,1
1.2173013735974971,1,2,30.0,0,1,1
1.8077035160082306,1,1,36.87566098358585,0,1,1
1.2189435973517493,1,2,30.0,0,1,1
1.860248573937575,1,1,30.0,0,1,1
0.4674058890521148,1,0,30.0,0,1,1
1.646349501603487,1,0,32.74993239119561,0,1,1
0.5838848921726891,1,0,30.0,0,1,1
0.28841669929008096,1,2,50.918415529974496,0,1,1
0.4009713561205547,1,2,30.0,0,1,1
1.2452688563097567,1,1,30.0,0,1,1
0.7235105645767534,1,1,30.0,0,1,1
0.45912527065002334,1,2,30.0,0,1,1
1.3323627272038239,1,2,30.0,0,1,1
1.078324022663358,1,2,30.0,0,1,1
0.8849649374117401,1,1,30.0,0,1,1
1.1642784857247837,1,1,30.0,0,1,1
1.7505479295069883,1,1,31.498607382973454,0,1,1
1.5044432591369146,1,2,30.0,0,1,1
1.0913332355239962,1,2,30.0,0,1,1
1.6806548355135502,1,1,30.0,0,1,1
1.7525959934826052,1,2,30.0,0,1,1
0.8773125957180865,1,0,30.0,0,1,1
0.4696151572498015,1,1,30.0,0,1,1
0.4070798868174882,1,0,30.0,0,1,1
1.3499394474588948,1,2,30.0,0,1,1
1.8853309652878838,1,0,30.0,0,1,1
0.2693834141081511,1,0,30.0,0,1,1
1.0950606371677247,1,1,34.05484040387346,0,1,1
0.5496458703240251,1,1,30.0,0,1,1
1.156723821663815,1,1,30.0,0,1,1
1.7419910869136506,1,0,30.0,0,1,1
1.616488579959677,1,2,30.0,0,1,1
1.9483216331939996,1,2,30.0,0,1,1
1.0721531847364432,1,0,30.39667450645107,0,1,1
1.3941169891510552,1,2,30.78725923850581,0,1,1
1.81732121295066,1,2,30.0,0,1,1
1.4557115938684115,1,2,31.083889638750705,0,1,1
1.9355548082946819,1,1,34.090652764319614,0,1,1
0.6419885225587839,1,1,30.0,0,1,1
0.4429477437890832,1,1,39.460693191950995,0,1,1
0.46842588337027224,1,2,30.0,0,1,1
1.734339451150857,1,2,30.0,0,1,1
0.2951089268661698,1,0,30.0,0,1,1
1.6578531465414286,1,2,30.0,0,1,1
1.0353897165874204,1,1,30.0,0,1,1
1.444216971279693,1,1,30.0,0,1,1
1.5419928627741473,1,2,32.230854031511036,0,1,1
0.9639161065099564,1,1,30.0,0,1,1
0.46295086487411635,1,0,30.0,0,1,1
1.3105637599148887,1,2,34.260509309453454,0,1,1
1.921744041861047,1,0,48.20965723519797,0,1,1
0.2459845573152033,1,1,30.0,0,1,1
0.6085320239401794,1,1,30.0,0,1,1
1.773931779915013,1,0,30.0,0,1,1
0.32558798540688794,1,2,30.0,0,1,1
0.21823914969154976,1,1,30.0,0,1,1
1.7800464440040873,1,1,30.0,0,1,1
1.5826087747383664,1,0,30.0,0,1,1
0.6569836185957898,1,2,30.0,0,1,1
1.9396271344347744,1,0,30.0,0,1,1
1.4823622938044987,1,2,30.0,0,1,1
0.4143825522136092,1,0,30.0,0,1,1
1.0289410713890539,1,0,33.57595322945198,0,1,1
1.7571149776121155,1,0,30.0,0,1,1
1.4019295404392655,1,2,30.0,0,1,1
1.2544471365087424,1,2,30.0,0,1,1
0.9505996893334707,1,1,39.304039359531544,0,1,1
0.6464794872825345,1,2,30.0,0,1,1
1.304477278013273,1,1,32.935702215261514,0,1,1
0.4769111806915377,1,2,30.0,0,1,1
1.6578445507591781,1,0,35.859598219056245,0,1,1
0.5772357502238425,1,1,39.44378090452569,0,1,1
0.41701511276470205,1,1,37.12597957520503,0,1,1
0.32965261494382514,1,1,30.0,0,1,1
1.6668387686860722,1,2,33.80336209402441,0,1,1
1.0420382755470408,1,2,30.0,0,1,1
0.917591403343043,1,1,30.0,0,1,1
1.1381399395599419,1,2,30.0,0,1,1
1.2571611847479431,1,0,30.0,0,1,1
1.7852997965403232,1,0,30.0,0,1,1
0.8188353638109116,1,0,86.00136166917474,0,1,1
0.5367826210614214,1,0,35.10366143789381,0,1,1
1.7642978463829073,1,2,33.94904679623377,0,1,1
1.0650406732770379,1,1,30.0,0,1,1
1.2431049113708734,1,1,30.0,0,1,1
0.4846844746411645,1,1,38.00420410274679,0,1,1
1.751850536248626,1,0,30.0,0,1,1
1.8890681702465546,1,1,30.0,0,1,1
1.0056402171376697,1,2,37.422409915042046,0,1,1
0.23626822823798932,1,0,30.0,0,1,1
0.24870059287274182,1,0,30.0,0,1,1
0.7441415951243247,1,2,30.0,0,1,1
1.0852864786692291,1,2,30.0,0,1,1
0.9790558059691457,1,0,30.0,0,1,1
1.2239757469096302,1,0,30.0,0,1,1
0.663294857741545,1,2,30.0,0,1,1
0.5775366670574713,1,0,48.565026139265306,0,1,1
1.9534318766724628,1,2,35.12771515614482,0,1,1
0.7050630904817647,1,1,30.0,0,1,1
1.9037451600201203,1,2,30.0,0,1,1
1.2287277449313527,1,2,30.0,0,1,1
0.3259827755635891,1,0,30.0,0,1,1
1.2710203998355358,1,2,30.0,0,1,1
1.9739827412321436,1,2,30.0,0,1,1
1.711414857594798,1,0,34.115095064469486,0,1,1
0.746381084990289,1,2,30.0,0,1,1
0.37191099793502036,1,2,30.0,0,1,1
1.0287912250619056,1,0,30.0,0,1,1
0.3776531514016668,1,2,30.0,0,1,1
0.7358079639645683,1,2,33.720129878697996,0,1,1
1.8526029924438272,1,1,30.0,0,1,1
1.376396380139904,1,2,30.0,0,1,1
1.6101872414827465,1,1,30.0,0,1,1
1.1730529501868703,1,0,38.850365133155364,0,1,1
0.5026287921516343,1,1,30.0,0,1,1
0.47071296820701247,1,1,30.0,0,1,1
1.578372390337744,1,0,30.0,0,1,1
0.9727564243304987,1,1,35.65701407001387,0,1,1
1.0999986906143766,1,2,30.0,0,1,1
0.522043808637733,1,2,34.36207746922837,0,1,1
0.8510104120778881,1,2,30.0,0,1,1
0.43801151644609004,1,1,30.0,0,1,1
0.5681435224684385,1,2,36.26923012987348,0,1,1
1.7999956314582983,1,2,30.0,0,1,1
1.4900381665240663,1,2,30.0,0,1,1
1.7334826706870312,1,2,30.0,0,1,1
1.773512188267642,1,2,36.29433451134868,0,1,1
1.2612734183360834,1,1,30.0,0,1,1
0.747573686243884,1,2,31.48272447479575,0,1,1
1.0865875163239318,1,1,37.42668276481804,0,1,1
0.23394784352235096,1,2,37.162423900325976,0,1,1
1.6712149918283459,1,2,30.0,0,1,1
1.644737088916605,1,1,30.0,0,1,1
1.114995452793907,1,2,30.0,0,1,1
0.8795864558721842,1,2,30.0,0,1,1
0.5106825474072691,1,1,30.0,0,1,1
0.3360519301982894,1,2,30.0,0,1,1
0.784946090497143,1,2,30.795611518087686,0,1,1
1.8874542461164374,1,0,30.0,0,1,1
0.32376001740465377,1,0,37.14017014113466,0,1,1
1.9084503392776724,1,1,30.0,0,1,1
1.1516233602331227,1,0,30.0,0,1,1
0.9935813689797484,1,2,30.0,0,1,1
0.4213249557047418,1,2,30.0,0,1,1
0.3284770583050969,1,0,30.0,0,1,1
1.18003113619067,1,0,37.13472222219205,0,1,1
1.2775041272567005,1,1,33.34587980611089,0,1,1
0.9813737457697174,1,2,30.0,0,1,1
0.7171944371110475,1,0,31.07366759660627,0,1,1
0.2238184810997548,1,1,30.0,0,1,1
0.6800185636119438,1,0,38.675528350423846,0,1,1
1.4866799429874427,1,1,30.0,0,1,1
1.2908264790726909,1,1,30.0,0,1,1
0.48457185568691813,1,0,34.07951579758478,0,1,1
1.628188804288052,1,0,30.0,0,1,1
0.4672785264813989,1,1,35.107782119788254,0,1,1
1.6318321942286276,1,2,30.0,0,1,1
1.1227191058237274,1,0,30.0,0,1,1
1.4904860899747863,1,1,30.0,0,1,1
0.3494373151809629,1,1,30.0,0,1,1
1.5337779127647748,1,0,30.0,0,1,1
1.4986254470148845,1,0,33.323383991342176,0,1,1
0.5154559511309436,1,0,30.0,0,1,1
0.44757135599138637,1,1,30.0,0,1,1
1.5476528504923812,1,0,30.0,0,1,1
0.9490818177401492,1,2,30.0,0,1,1
1.3658351311145325,1,1,30.0,0,1,1
0.21629167294520438,1,0,30.0,0,1,1
0.5305679548245843,1,2,30.0,0,1,1
1.542663941215776,1,1,34.815071483123425,0,1,1
0.5579588790429856,1,1,30.0,0,1,1
0.3445076176466547,1,0,35.697472469834814,0,1,1
0.515178629524558,1,0,32.97485328989653,0,1,1
1.698322791542824,1,0,31.357305434922747,0,1,1
0.8237550740038899,1,1,30.0,0,1,1
1.154135958884299,1,2,30.0,0,1,1
1.2394926210614077,1,2,37.139756140027266,0,1,1
0.8707496321642452,1,2,30.0,0,1,1
0.3686563967681775,1,2,31.0173258929141,0,1,1
0.6622477456294419,1,2,33.193894627087786,0,1,1
0.48406054862752906,1,2,30.0,0,1,1
1.8371361630451641,1,1,30.0,0,1,1
1.5321576790340796,1,0,30.0,0,1,1
1.681493723641544,1,1,34.76743477246084,0,1,1
1.66204822259749,1,0,31.99290159566863,0,1,1
0.2039145838130258,1,0,30.0,0,1,1
1.5482132677878424,1,1,30.0,0,1,1
1.0677003055319854,1,1,33.954274225830375,0,1,1
1.594344376897395,1,1,32.99889163103116,0,1,1
1.9277179810217473,1,2,30.0,0,1,1
0.8438898875044825,1,2,30.0,0,1,1
1.2886137975315963,1,0,30.0,0,1,1
0.7482846262502063,1,0,30.0,0,1,1
1.8088523002647303,1,0,30.0,0,1,1
0.6572413383051858,1,2,30.0,0,1,1
0.8322515864036908,1,0,30.0,0,1,1
1.798302008366569,1,2,30.0,0,1,1
0.3815304776088353,1,2,30.0,0,1,1
1.0892275249533838,1,2,30.0,0,1,1
1.2463140045503411,1,2,30.0,0,1,1
1.2422326954642282,1,2,30.91112886533077,0,1,1
0.4161328053395529,1,0,32.66638174299238,0,1,1
0.27108317238401314,1,1,30.0,0,1,1
0.9499555787053044,1,1,30.0,0,1,1
1.0169462816794737,1,1,30.0,0,1,1
1.8967955140265884,1,0,30.0,0,1,1
1.5601942866241398,1,2,47.42594475211126,0,1,1
1.2775440363349528,1,1,35.951753197816295,0,1,1
0.5782044905962012,1,0,30.113257804507807,0,1,1
1.8226077170965214,1,0,37.2002767220943,0,1,1
0.5483502114881326,1,0,30.0,0,1,1
1.9052754015335023,1,1,30.0,0,1,1
1.9026837711978157,1,0,36.55290555089144,0,1,1
1.960205885135557,1,0,30.0,0,1,1
0.7094336913926034,1,1,64.48118332151755,0,1,1
0.4474740723882096,1,0,30.0,0,1,1
1.3317999401500167,1,1,40.089480369031705,0,1,1
0.9610998534960062,1,1,30.0,0,1,1
0.8992988991874027,1,0,30.0,0,1,1
1.2013551325242868,1,1,30.0,0,1,1
1.4410354806365007,1,1,30.0,0,1,1
0.7978241419940162,1,2,36.73053549762628,0,1,1
0.803206934658349,1,1,30.0,0,1,1
1.298647754747262,1,0,30.0,0,1,1
0.32835809788948633,1,2,30.0,0,1,1
1.4599037391756648,1,0,36.7219668474258,0,1,1
1.6382207729617224,1,0,39.088280552181324,0,1,1
1.7835539966466711,1,2,30.0,0,1,1
1.5568992719414982,1,2,30.0,0,1,1
1.1121383645380911,1,0,30.0,0,1,1
1.7728658738750027,1,2,30.0,0,1,1
1.0837781015362897,1,1,37.42876588677823,0,1,1
1.6167544754814316,1,1,30.0,0,1,1
0.31450107967228513,1,2,30.0,0,1,1
1.4762655380374416,1,1,30.0,0,1,1
0.3513816584513138,1,2,30.0,0,1,1
0.24986591094188526,1,0,30.0,0,1,1
1.1040363973727734,1,1,30.0,0,1,1
0.41500594016397296,1,2,30.0,0,1,1
0.7852124051181701,1,0,30.0,0,1,1
1.5936354093525877,1,2,30.0,0,1,1
1.1905103508320873,1,1,30.0,0,1,1
1.520080513348904,1,0,30.0,0,1,1
1.6103948194945255,1,1,30.859631589474212,0,1,1
1.064458028772611,1,2,30.0,0,1,1
1.9741543728325306,1,2,30.0,0,1,1
0.5637720550370475,1,0,30.0,0,1,1
0.3528363143433732,1,1,30.0,0,1,1
0.7732732032660825,1,2,30.0,0,1,1
1.5725177082736785,1,0,30.0,0,1,1
0.373232162316056,1,1,36.53890881462697,0,1,1
1.040133757886393,1,1,30.0,0,1,1
1.2284174360136169,1,1,30.0,0,1,1
1.6543340236739634,1,0,34.650568811244206,0,1,1
1.7226096582032056,1,2,30.0,0,1,1
0.6300820875413969,1,1,33.890524943606756,0,1,1
0.693370723581859,1,1,30.0,0,1,1
1.431135748875347,1,2,30.0,0,1,1
1.7476022278768049,1,0,30.0,0,1,1
0.5030453124027859,1,2,30.0,0,1,1
1.5007510969051807,1,2,30.0,0,1,1
0.6278083662948539,1,0,30.0,0,1,1
0.5252000990926173,1,0,30.0,0,1,1
0.8075985034962405,1,1,30.0,0,1,1
1.6303808353576,1,2,30.0,0,1,1
1.5365920697909707,1,2,30.0,0,1,1
1.061661045592902,1,0,30.0,0,1,1
1.4855372385086636,1,1,30.0,0,1,1
0.9305215687010895,1,1,30.824973971191472,0,1,1
0.5789168309147823,1,2,30.803960066708456,0,1,1
1.7174256382238686,1,1,30.0,0,1,1
0.29682254681393494,1,1,30.0,0,1,1
1.8218385174246485,1,1,34.796285250170925,0,1,1
1.619977702330423,1,0,30.0,0,1,1
1.5024451784978177,1,1,30.0,0,1,1
1.2244227048121492,1,0,30.0,0,1,1
1.658024245394234,1,1,31.2604123388779,0,1,1
0.25079569429888204,1,1,30.0,0,1,1
1.2638236622166925,1,2,34.676303681183775,0,1,1
0.6698724650521464,1,2,30.0,0,1,1
1.3506835151114942,1,0,30.0,0,1,1
1.4145034617180603,1,1,30.0,0,1,1
0.5865346547656134,1,2,30.0,0,1,1
0.47865169331919943,1,0,37.911787395236516,0,1,1
1.2574233730602091,1,0,30.0,0,1,1
1.8930381987233649,1,2,35.86834927277181,0,1,1
1.3942013742515513,1,2,30.0,0,1,1
1.0714863166912951,1,2,30.0,0,1,1
1.8838807166559772,1,2,30.0,0,1,1
1.6740493684940838,1,0,32.94707945856351,0,1,1
1.5190383756053876,1,2,30.0,0,1,1
0.9873060158757492,1,2,30.0,0,1,1
1.0845091493709704,1,0,30.0,0,1,1
0.6763156645744338,1,1,30.0,0,1,1
1.67038935229789,1,2,30.0,0,1,1
0.712395738777299,1,0,38.59991371791388,0,1,1
1.4667510093649654,1,2,30.0,0,1,1
1.7749281638799828,1,0,30.0,0,1,1
1.1938973049180563,1,2,30.0,0,1,1
0.48171609071145705,1,0,30.0,0,1,1
0.2447838177525823,1,0,30.0,0,1,1
1.4118302716797595,1,1,30.0,0,1,1
0.6043427562755301,1,2,30.035791601458374,0,1,1
0.27032061530655915,1,0,30.0,0,1,1
0.8179081736188587,1,1,31.982298434842818,0,1,1
1.247820852259292,1,1,30.0,0,1,1
1.1927587170964993,1,2,30.0,0,1,1
0.5013390196434988,1,1,30.0,0,1,1
1.2871745121610974,1,1,30.0,0,1,1
0.9393920304656858,1,0,30.0,0,1,1
1.0597324235523164,1,0,30.0,0,1,1
1.7739662669758949,1,0,36.95460929418512,0,1,1
0.3413534103513321,1,2,30.0,0,1,1
1.1501677650552178,1,1,30.0,0,1,1
0.512523389639182,1,0,33.32519709614942,0,1,1
0.5289915159188451,1,0,30.782217390706617,0,1,1
1.2988339748618265,1,2,30.0,0,1,1
1.4054763263893462,1,1,30.0,0,1,1
1.29120538648836,1,0,30.0,0,1,1
1.8622887495280667,1,0,30.0,0,1,1
1.6303913434290955,1,2,30.0,0,1,1
0.5574983306774157,1,0,30.0,0,1,1
1.3445552181831417,1,1,30.0,0,1,1
1.3166121997585194,1,2,38.758258381860166,0,1,1
1.363744664150583,1,0,30.0,0,1,1
0.9723444587450509,1,0,33.317419714691304,0,1,1
1.905717367283721,1,2,30.0,0,1,1
1.034715390845385,1,2,30.0,0,1,1
1.6208373749536966,1,0,30.0,0,1,1
1.0663549503817569,1,1,30.0,0,1,1
1.6173674503500313,1,0,30.0,0,1,1
0.912153464496563,1,2,30.0,0,1,1
0.20146763087333242,1,2,30.0,0,1,1
1.0997466518562014,1,2,30.650237643897643,0,1,1
1.1863960339626105,1,0,30.0,0,1,1
0.40810470313242475,1,2,31.955969734980656,0,1,1
1.397331625037456,1,0,42.08783991793313,0,1,1
1.736723232911402,1,0,30.0,0,1,1
1.7630129663018008,1,1,32.20980426423321,0,1,1
0.8784123215913593,1,2,30.0,0,1,1
0.938016622898499,1,0,32.0452649593186,0,1,1
1.7450938014959574,1,1,30.0,0,1,1
1.9969921953185368,1,2,30.0,0,1,1
0.29469044689666934,1,1,30.0,0,1,1
0.3112047436902797,1,2,30.0,0,1,1
0.29766673161847457,1,2,30.0,0,1,1
1.032466208104702,1,2,30.0,0,1,1
1.6121910396510695,1,1,30.0,0,1,1
0.3686274405206865,1,2,36.08647185345676,0,1,1
1.440105572067901,1,2,35.43992275510613,0,1,1
0.508089332961952,1,2,34.225925383904666,0,1,1
0.259330775901282,1,2,38.51147194725855,0,1,1
1.2720543508320028,1,1,30.0,0,1,1
1.2689480717706276,1,2,30.731895387106785,0,1,1
0.7099306619293302,1,2,132.9943922849588,0,1,1
0.780025920327486,1,0,35.21929965931308,0,1,1
0.8371802794470744,1,2,30.0,0,1,1
1.8726164940582275,1,2,30.0,0,1,1
1.75937546168336,1,2,36.25224780846929,0,1,1
1.149515452633786,1,0,30.0,0,1,1
1.9342223562583745,1,2,30.0,0,1,1
1.2470959584405477,1,2,35.50641528456079,0,1,1
0.38275804595472707,1,2,30.0,0,1,1
1.0768900732954245,1,1,35.283077832739636,0,1,1
1.8101367953665226,1,0,30.0,0,1,1
1.3927832653564376,1,2,30.0,0,1,1
1.9147998125374308,1,1,30.0,0,1,1
1.1555905821869774,1,0,30.0,0,1,1
1.8413250838188198,1,0,30.0,0,1,1
1.579858591836179,1,2,30.0,0,1,1
1.6808880160899244,1,2,30.0,0,1,1
1.984619802689811,1,1,31.188109803517378,0,1,1
0.7440356436389735,1,2,34.61922142184425,0,1,1
1.3305027365677664,1,1,30.0,0,1,1
0.6616148605166359,1,1,30.0,0,1,1
1.7370160674106552,1,1,30.0,0,1,1
1.2545756583243506,1,0,30.0,0,1,1
0.5165029692863561,1,0,51.49524841044456,0,1,1
0.9582421060623225,1,1,30.0,0,1,1
0.5271374448132513,1,1,30.0,0,1,1
1.024312457960268,1,0,30.0,0,1,1
0.33965625119377724,1,1,30.0,0,1,1
1.937505627764985,1,1,30.0,0,1,1
1.2739112821784677,1,1,30.0,0,1,1
1.9831918259710926,1,2,36.81632860046047,0,1,1
0.5127802872013234,1,0,30.0,0,1,1
0.8919479003983011,1,1,44.08680331737767,0,1,1
1.876230423539249,1,1,30.0,0,1,1
1.445536674200593,1,2,30.0,0,1,1
0.3260680988024228,1,1,30.0,0,1,1
1.7897329224666643,1,2,30.0,0,1,1
0.5399034349633993,1,1,30.0,0,1,1
0.6712597324767237,1,2,31.18683325300804,0,1,1
1.517158561268799,1,0,30.0,0,1,1
1.4792442648636572,1,0,30.0,0,1,1
1.3890704527656765,1,1,31.44899597238931,0,1,1
0.20973102085034406,1,0,30.0,0,1,1
0.6488865781476695,1,0,37.19954332305335,0,1,1
0.8208129040092917,1,0,30.0,0,1,1
0.9206009251673946,1,0,30.0,0,1,1
0.3330827248264632,1,0,30.0,0,1,1
1.4156805580098963,1,2,30.0,0,1,1
1.8042496446717193,1,0,35.516360406953105,0,1,1
1.981409869822971,1,2,30.135020126628312,0,1,1
1.6363647115252091,1,1,30.0,0,1,1
0.5646797510486323,1,2,30.0,0,1,1
1.120314415976881,1,2,30.0,0,1,1
1.8483232898843889,1,0,30.0,0,1,1
0.31987253196021764,1,0,30.0,0,1,1
0.610993012958765,1,2,30.0,0,1,1
0.6765233888899653,1,1,127.77549260003612,0,1,1
1.2972360735296102,1,1,34.843001804528484,0,1,1
1.9127358101393102,1,1,33.91025787037375,0,1,1
1.068661789482629,1,1,30.0,0,1,1
1.2150153822841,1,0,30.0,0,1,1
1.3517514367235535,1,2,36.7526494669034,0,1,1
1.7327603852117561,1,0,30.0,0,1,1
0.7153949629973704,1,2,32.71322300826019,0,1,1
1.3272481438090484,1,0,35.837887541441035,0,1,1
1.8655404253433476,1,1,30.0,0,1,1
1.8900815317396478,1,1,30.0,0,1,1
0.8887569485390905,1,2,30.0,0,1,1
0.4012296224301888,1,1,30.0,0,1,1
1.8639049089981752,1,1,30.0,0,1,1
1.8577378188293778,1,0,30.0,0,1,1
0.37503913939925015,1,2,30.0,0,1,1
0.3464180858846268,1,0,30.0,0,1,1
0.5332489884061684,1,1,30.0,0,1,1
1.3643280440992778,1,0,30.0,0,1,1
0.7447183214032804,1,1,30.0,0,1,1
0.6323589385319213,1,0,30.0,0,1,1
1.6393344075420013,1,2,31.42353908313869,0,1,1
0.6389975976459262,1,2,30.0,0,1,1
1.9287510179551264,1,2,30.0,0,1,1
0.9891887191738551,1,2,30.0,0,1,1
0.9606691641828,1,0,30.0,0,1,1
1.8985431330227869,1,2,30.0,0,1,1
0.416233952139488,1,0,30.0,0,1,1
0.4068969802272593,1,1,30.0,0,1,1
0.9804312653649896,1,1,30.0,0,1,1
1.256720329135197,1,0,30.0,0,1,1
1.1145174206480797,1,0,30.0,0,1,1
1.918843035379685,1,0,30.0,0,1,1
1.9876930890350597,1,1,30.932368574346533,0,1,1
0.27355641635678035,1,1,30.375512289617667,0,1,1
0.497865955412583,1,0,43.09669234733268,0,1,1
1.1965334477096865,1,2,30.0,0,1,1
1.9102337576890378,1,0,30.0,0,1,1
0.7038348189158241,1,2,30.0,0,1,1
0.8607326037002576,1,2,30.0,0,1,1
0.6159078142902144,1,2,30.0,0,1,1
1.9413653065160765,1,0,30.0,0,1,1
0.4769419295883415,1,1,30.0,0,1,1
1.2162140362437175,1,2,30.0,0,1,1
0.24131733959580118,1,2,30.0,0,1,1
1.2830109569701937,1,1,30.0,0,1,1
0.9064150848477994,1,2,30.0,0,1,1
1.2181710471281868,1,1,30.0,0,1,1
0.3444567386950447,1,2,30.0,0,1,1
0.36392574640057274,1,2,32.8547808360565,0,1,1
0.3660361158421423,1,0,30.0,0,1,1
1.703333571021872,1,2,30.0,0,1,1
1.5035186228205513,1,0,30.0,0,1,1
0.43107394059379067,1,0,30.0,0,1,1
0.7688834822761965,1,1,30.0,0,1,1
0.9855781554830643,1,1,30.0,0,1,1
0.3775441975325894,1,1,30.0,0,1,1
1.7119529089860617,1,1,30.538426351088578,0,1,1
0.8532854001601948,1,1,30.0,0,1,1
1.40688313345887,1,2,150.0,0,1,1
1.3555560967670588,1,2,34.866933440013966,0,1,1
1.8457423866513787,1,2,30.0,0,1,1
1.5354829715990646,1,1,30.0,0,1,1
0.26197295168713103,1,2,30.0,0,1,1
0.47912490837402766,1,1,30.0,0,1,1
1.000786863420686,1,2,51.06789571732674,0,1,1
0.36743576958284885,1,0,31.548123915741378,0,1,1
0.9052941227410944,1,2,30.0,0,1,1
1.9593490227660184,1,1,32.77221154799456,0,1,1
0.5698425088944459,1,0,37.30029928829909,0,1,1
1.4685150906099833,1,1,36.775196143739805,0,1,1
0.6678900275007372,1,2,30.0,0,1,1
0.26149099949839044,1,0,30.296402943165937,0,1,1
0.37713421223510246,1,1,37.85889757622191,0,1,1
0.38701083981591755,1,0,30.0,0,1,1
0.7382254311377618,1,2,30.0,0,1,1
1.928990802784479,1,1,30.0,0,1,1
1.3171895791941528,1,0,30.0,0,1,1
0.4213943055455976,1,2,30.91967087904659,0,1,1
0.3264611835017399,1,0,30.0,0,1,1
1.9473944930345544,1,0,30.0,0,1,1
0.5084514547722412,1,0,30.0,0,1,1
0.6868257159392526,1,0,34.87907004805227,0,1,1
1.7150338330541017,1,0,36.39661285019186,0,1,1
1.198809371833899,1,0,30.0,0,1,1
0.608011721849098,1,2,36.7789386881274,0,1,1
1.3960240576961604,1,0,30.0,0,1,1
0.8687519636535626,1,2,30.0,0,1,1
1.2468257811423997,1,2,32.62318965238198,0,1,1
0.3741916747869332,1,2,32.35879574991889,0,1,1
1.7843593022992916,1,0,30.0,0,1,1
1.2718574191338894,1,1,30.0,0,1,1
0.20780304787331688,1,1,30.0,0,1,1
1.206337379999737,1,1,78.67359014154418,0,1,1
0.8517301642205135,1,2,123.25131208007387,0,1,1
1.8299440646317844,1,2,30.0,0,1,1
0.4493896026039291,1,1,30.0,0,1,1
0.8006848517080445,1,0,30.0,0,1,1
1.5761761847819638,1,1,30.0,0,1,1
0.605420416628045,1,2,30.0,0,1,1
0.7636787593276044,1,2,30.0,0,1,1
1.5882352783139262,1,1,30.0,0,1,1
1.482196165494046,1,1,32.64925317500651,0,1,1
0.8474285335044882,1,2,30.0,0,1,1
1.0413458176689776,1,0,30.0,0,1,1
1.1942325082987502,1,0,30.0,0,1,1
1.7983244744329063,1,0,30.0,0,1,1
1.3907108112629814,1,1,30.0,0,1,1
1.2664979141915589,1,2,30.0,0,1,1
1.659688522914597,1,0,30.0,0,1,1
0.7477890662820106,1,2,30.0,0,1,1
0.9991536814097406,1,1,30.0,0,1,1
1.4359772777684066,1,0,30.0,0,1,1
0.9269785847602958,1,2,30.0,0,1,1
1.062343510231096,1,1,30.0,0,1,1
0.488690834261821,1,1,30.0,0,1,1
1.2980401595924018,1,0,30.0,0,1,1
1.3524225768134348,1,1,46.578442862935745,0,1,1
1.741134194518803,1,0,30.0,0,1,1
0.35373936259297123,1,1,37.09423348817015,0,1,1
1.8192430917598554,1,2,30.0,0,1,1
0.35467217643723836,1,2,30.0,0,1,1
1.541536753471403,1,1,30.0,0,1,1
1.2602295763360354,1,0,30.0,0,1,1
0.9309141039297733,1,0,34.04934352282011,0,1,1
1.8622590605280476,1,0,30.0,0,1,1
1.0218243419110575,1,1,30.0,0,1,1
0.24454523473216896,1,2,50.07373459674518,0,1,1
1.1370593859172797,1,2,30.0,0,1,1
1.1584249664013118,1,0,30.0,0,1,1
1.5398741718776714,1,2,32.18444604756215,0,1,1
0.8448477290443748,1,1,40.41755185789543,0,1,1
0.33308473570431624,1,1,30.0,0,1,1
0.8290406787848517,1,0,30.0,0,1,1
1.2847002776360323,1,2,35.63140674797193,0,1,1
1.1805549155785062,1,1,30.0,0,1,1
1.7245873160151368,1,2,30.0,0,1,1
0.6863643254561125,1,0,30.0,0,1,1
1.2246739110699854,1,2,30.0,0,1,1
1.9560596585000662,1,1,31.441252157661012,0,1,1
0.7645939979333198,1,1,30.93102972480205,0,1,1
0.9849801929827895,1,1,30.0,0,1,1
1.9896036957735066,1,1,30.0,0,1,1
0.45993412182622256,1,0,30.0,0,1,1
1.2324596793570093,1,2,30.0,0,1,1
0.8666283569581117,1,0,30.0,0,1,1
0.28305629943515404,1,1,30.0,0,1,1
1.5694091007468947,1,1,37.78287668885924,0,1,1
0.5578972223304306,1,1,30.0,0,1,1
1.8057003760976997,1,0,30.0,0,1,1
0.9521276763482269,1,2,30.0,0,1,1
0.46032559460839295,1,1,30.0,0,1,1
0.642826436657764,1,2,32.8310877990375,0,1,1
1.6991698496656862,1,1,30.0,0,1,1
0.8729830326473154,1,1,30.0,0,1,1
0.6612807994077397,1,1,30.0,0,1,1
0.6481031930677172,1,1,30.0,0,1,1
1.2497419609218738,1,0,30.0,0,1,1
0.6622838576193228,1,2,30.0,0,1,1
1.883599398408474,1,2,34.71959413160083,0,1,1
0.2888615897370662,1,1,30.0,0,1,1
0.48053884863064633,1,1,30.0,0,1,1
0.9721222947334851,1,1,30.0,0,1,1
0.5748972882996541,1,0,31.163183698324588,0,1,1
1.6015192526814481,1,0,30.0,0,1,1
1.8497764260782583,1,1,30.0,0,1,1
1.2803335340829647,1,0,34.573371009657215,0,1,1
1.7372347190989124,1,0,37.18324174679025,0,1,1
1.6410554177238548,1,0,30.251392971400477,0,1,1
0.4855283610168321,1,0,30.0,0,1,1
0.34066739670326474,1,1,30.0,0,1,1
1.3322589437549774,1,0,30.0,0,1,1
1.9685429618838703,1,2,34.25497909719792,0,1,1
1.6974337963318868,1,2,30.0,0,1,1
1.3093397733480896,1,0,30.0,0,1,1
0.39969800933982325,1,0,30.0,0,1,1
1.6034825419745948,1,0,30.0,0,1,1
1.4293447515744013,1,0,31.658572745994654,0,1,1
1.88098521622459,1,1,30.0,0,1,1
1.4769326209471385,1,0,33.290854684988346,0,1,1
0.3863514758041507,1,0,30.0,0,1,1
1.296552130724483,1,1,58.56248767364843,0,1,1
0.9267716382620084,1,2,30.796331397837317,0,1,1
0.9584883177037535,1,1,30.0,0,1,1
1.33931615635418,1,0,30.0,0,1,1
1.8194040189492038,1,2,30.0,0,1,1
1.5676053808306718,1,2,30.0,0,1,1
0.24014589512639484,1,2,30.0,0,1,1
0.4645981104223897,1,1,30.0,0,1,1
0.8537382385133696,1,0,30.0,0,1,1
1.432441464512846,1,2,30.0,0,1,1
1.3415504322932827,1,2,30.0,0,1,1
1.106636942127469,1,1,30.0,0,1,1
0.9742394651209234,1,2,30.0,0,1,1
1.621215029231731,1,2,30.0,0,1,1
0.3722545711271328,1,0,30.0,0,1,1
1.2710703657760591,1,1,30.0,0,1,1
1.6552875159756102,1,2,35.06307418853606,0,1,1
0.6903316078291932,1,2,30.0,0,1,1
0.5640524330180415,1,0,30.0,0,1,1
1.412227446356713,1,0,34.078991763809334,0,1,1
0.516135423697403,1,0,30.0,0,1,1
1.0788000900695254,1,1,33.00687848487865,0,1,1
1.8610888178615013,1,0,30.0,0,1,1
0.3092371866458722,1,0,30.0,0,1,1
1.836469955013705,1,1,30.0,0,1,1
0.5426548592754952,1,2,30.0,0,1,1
1.0682249038336185,1,1,30.0,0,1,1
0.4380131347620778,1,1,30.442395916058967,0,1,1
1.4777638163563747,1,2,30.0,0,1,1
1.9959925716278877,1,1,30.0,0,1,1
0.7437784545124746,1,0,30.13639000208148,0,1,1
1.8644499495512936,1,0,30.0,0,1,1
1.513936029779433,1,0,32.964524356006926,0,1,1
1.9377617394978166,1,0,30.0,0,1,1
1.4092316493746502,1,2,30.0,0,1,1
1.427610208713338,1,2,30.0,0,1,1
1.898738647651371,1,1,30.0,0,1,1
1.5093461899983711,1,1,30.0,0,1,1
1.725413833965873,1,0,30.0,0,1,1
0.712230624824862,1,1,34.24248884584793,0,1,1
0.5039868107446921,1,0,30.0,0,1,1
1.3520998671885152,1,2,30.0,0,1,1
0.6546935152633142,1,1,30.0,0,1,1
0.9737108779309152,1,0,30.0,0,1,1
1.7400452615762894,1,0,34.218228077281616,0,1,1
1.3359443062851224,1,1,30.0,0,1,1
1.8989795900497657,1,1,30.0,0,1,1
0.8384841410728385,1,0,30.0,0,1,1
0.7051195730498279,1,1,30.0,0,1,1
0.5846848955763924,1,2,30.0,0,1,1
1.9574638005383997,1,1,30.0,0,1,1
0.9733481578214651,1,1,30.0,0,1,1
1.8561414494865327,1,1,30.0,0,1,1
0.8208375737645013,1,2,30.0,0,1,1
0.7179086180935568,1,1,30.0,0,1,1
1.5875025646982968,1,2,46.62391168821836,0,1,1
1.312513916826834,1,2,30.0,0,1,1
1.144393290681333,1,0,32.32909462725304,0,1,1
0.9923966276691221,1,2,30.0,0,1,1
1.039581593098404,1,0,35.6901031802849,0,1,1
1.7020083826271042,1,0,30.0,0,1,1
0.47560369691249593,1,0,30.0,0,1,1
0.29187512754448297,1,2,30.0,0,1,1
0.21070819439472774,1,1,30.0,0,1,1
1.0910051323983923,1,1,30.0,0,1,1
1.6724070657990668,1,0,30.0,0,1,1
1.4077460597498108,1,1,30.0,0,1,1
1.9828081523333088,1,1,30.0,0,1,1
1.2979377758158266,1,1,32.77273000327972,0,1,1
1.1163667500060668,1,1,30.0,0,1,1
1.246921503509323,1,2,30.0,0,1,1
1.7879112786594755,1,1,30.0,0,1,1
0.22634965558497966,1,0,30.0,0,1,1
1.0397001134392365,1,1,30.0,0,1,1
0.9401060826136873,1,0,30.0,0,1,1
1.9159717720889253,1,2,30.0,0,1,1
0.5370667991207345,1,0,30.0,0,1,1
0.24598365699316038,1,2,43.84160397725435,0,1,1
1.3370269099839842,1,0,30.0,0,1,1
1.3250340880484255,1,1,39.57457330535044,0,1,1
0.7748088910399706,1,1,30.790329518539828,0,1,1
1.1715503610746056,1,2,30.0,0,1,1
1.2740153207135754,1,0,30.0,0,1,1
0.8354707000261852,1,2,35.828317734469216,0,1,1
0.9569211816727119,1,1,38.255683931321414,0,1,1
0.45523545584073083,1,0,30.269540667097758,0,1,1
1.5878449996491022,1,2,30.0,0,1,1
0.9005267325356117,1,1,31.002936020841254,0,1,1
1.3619007058022434,1,1,30.0,0,1,1
0.967933685285284,1,1,30.0,0,1,1
0.492060257886323,1,1,30.0,0,1,1
1.4611514820896785,1,2,30.0,0,1,1
0.9512059507343738,1,2,30.0,0,1,1
0.5336390314727555,1,2,38.736274767224636,0,1,1
1.8802950421393267,1,1,30.0,0,1,1
1.8079750792990656,1,1,35.096724932628646,0,1,1
1.5088848435615871,1,2,30.0,0,1,1
1.2369109134447385,1,1,30.0,0,1,1
1.3253405828155755,1,0,30.0,0,1,1
0.8483727251551538,1,2,33.58015490041941,0,1,1
0.673310099159317,1,1,30.0,0,1,1
1.2657152261102345,1,1,30.0,0,1,1
1.5320142064020792,1,0,30.0,0,1,1
1.0912575700277962,1,1,30.0,0,1,1
1.8119855993062353,1,2,30.0,0,1,1
0.8991314358793927,1,1,30.0,0,1,1
0.8776498416942558,1,0,31.300317263569617,0,1,1
0.9659378074621559,1,2,30.0,0,1,1
1.4675574783072975,1,1,30.0,0,1,1
0.24942114495536175,1,1,30.0,0,1,1
0.8368570616302782,1,0,46.13861778799965,0,1,1
1.5372540820557983,1,0,30.0,0,1,1
1.1985778388224422,1,0,30.025309605024063,0,1,1
0.7577817293224101,1,0,34.349734394397586,0,1,1
1.3820937695497595,1,1,31.026366251292558,0,1,1
1.8220370955078506,1,1,30.0,0,1,1
1.109227603418781,1,0,30.0,0,1,1
1.5306234633901343,1,1,30.0,0,1,1
0.5571480938218087,1,1,30.0,0,1,1
1.0513906721623634,1,1,30.0,0,1,1
0.7243275871936268,1,0,30.93045359098227,0,1,1
1.9870204608965452,1,1,30.0,0,1,1
0.5937202635680421,1,0,30.0,0,1,1
1.9053392756466552,1,2,32.770907915930565,0,1,1
0.935697426959538,1,1,30.0,0,1,1
1.097027578655676,1,2,30.0,0,1,1
1.1430053121350603,1,2,30.0,0,1,1
0.6352565819047091,1,1,36.274515256568144,0,1,1
0.6300860362894467,1,1,30.0,0,1,1
0.8768608200117884,1,2,30.0,0,1,1
1.5413615357573451,1,1,30.0,0,1,1
1.4613890406298173,1,1,30.0,0,1,1
1.9956898509457681,1,1,30.0,0,1,1
0.35907921972992446,1,1,30.0,0,1,1
1.5667334796397072,1,0,30.0,0,1,1
0.5508815076799243,1,0,30.0,0,1,1
1.1198365941685633,1,2,36.566791453476704,0,1,1
0.55348730579171,1,1,31.128483965002513,0,1,1
1.8849803522135566,1,2,30.0,0,1,1
1.112948494659221,1,1,34.69534993086907,0,1,1
1.045114929367846,1,0,30.0,0,1,1
0.7533222070285674,1,1,30.0,0,1,1
1.008116345013197,1,0,37.07091618313397,0,1,1
0.3992560271962886,1,2,39.20109436779116,0,1,1
1.4315409332530167,1,1,46.185730550754144,0,1,1
1.2272012858198647,1,0,30.0,0,1,1
0.37921407373923555,1,1,30.0,0,1,1
0.3842785676844411,1,0,30.0,0,1,1
0.7273320327572104,1,1,30.0,0,1,1
1.0515931058176484,1,2,38.95580444086608,0,1,1
0.6008013487288952,1,1,30.0,0,1,1
0.43640117746543694,1,1,35.58079959163187,0,1,1
0.3734148357782924,1,1,30.0,0,1,1
0.749193279657274,1,0,30.0,0,1,1
1.3333016429684064,1,0,30.0,0,1,1
1.4210575542251977,1,1,30.0,0,1,1
0.7091614962520669,1,1,31.325451322018832,0,1,1
0.9930461715708911,1,0,30.0,0,1,1
1.331227782569256,1,0,31.13935794869278,0,1,1
0.8480800404238449,1,2,30.0,0,1,1
1.9614958805990155,1,1,30.0,0,1,1
1.4469116721066277,1,0,30.0,0,1,1
1.2411587800668706,1,2,36.53763811059125,0,1,1
1.0962283601989806,1,2,30.0,0,1,1
1.0855039935106199,1,2,30.0,0,1,1
0.7251107930256633,1,0,30.0,0,1,1
0.33903412785613385,1,2,30.0,0,1,1
1.7082450932535447,1,1,30.0,0,1,1
1.8297395101619331,1,0,30.0,0,1,1
1.9541172152023785,1,1,30.0,0,1,1
0.9271533914880714,1,2,30.0,0,1,1
1.90353151851443,1,0,30.24322184816315,0,1,1
1.4642516008572402,1,0,30.0,0,1,1
0.9598196725676271,1,0,30.0,0,1,1
1.8533488727410974,1,2,30.0,0,1,1
1.943350823869128,1,0,30.0,0,1,1
1.1610772452555178,1,1,30.0,0,1,1
1.6033614072736408,1,0,30.0,0,1,1
1.5978776847605696,1,2,30.0,0,1,1
1.2959014083906524,1,2,35.3775740641179,0,1,1
0.960996334441143,1,1,30.0,0,1,1
0.44181725920308124,1,2,30.0,0,1,1
1.9963146205863715,1,0,30.0,0,1,1
0.32899663912165217,1,1,31.77104958986558,0,1,1
0.4427476296288786,1,2,35.6274876897812,0,1,1
0.8746178034299161,1,1,30.0,0,1,1
0.917389566905263,1,0,30.0,0,1,1
0.6808768865338206,1,1,30.0,0,1,1
0.3405424661828206,1,2,36.31873524245476,0,1,1
1.8189455711930262,1,0,30.0,0,1,1
1.1238653455810268,1,2,30.0,0,1,1
1.9457161260729179,1,1,30.0,0,1,1
1.7803387174589116,1,0,30.0,0,1,1
1.0892238675757322,1,2,38.921887342412184,0,1,1
0.8987999246484284,1,1,30.0,0,1,1
0.659086901921941,1,0,30.0,0,1,1
1.9874883923748476,1,0,30.0,0,1,1
1.2891033185807734,1,0,30.0,0,1,1
1.7132922869005895,1,1,37.64254467524459,0,1,1
1.9724059918300327,1,0,57.971355060321564,0,1,1
0.6031030424876653,1,0,30.0,0,1,1
1.8647136664665536,1,1,30.0,0,1,1
1.630060035685517,1,2,30.0,0,1,1
1.0183653813093856,1,2,30.0,0,1,1
1.9078265884165688,1,0,30.0,0,1,1
1.261811515543701,1,1,30.0,0,1,1
0.9086339671143988,1,0,30.0,0,1,1
0.48782960461970826,1,1,30.0,0,1,1
1.5102130614098777,1,2,30.0,0,1,1
1.5932552791285097,1,1,35.44893904498715,0,1,1
0.5724407628716848,1,1,31.363772900673016,0,1,1
0.8693148037631528,1,2,31.580291736495628,0,1,1
0.2990756333801373,1,0,30.0,0,1,1
1.2030576376972346,1,1,34.584180177529596,0,1,1
1.2801175382069052,1,2,30.0,0,1,1
1.7268596872035271,1,0,30.0,0,1,1
0.24707001698732556,1,2,30.0,0,1,1
0.4153650285233069,1,0,30.0,0,1,1
0.25682206314005473,1,2,126.84600380502894,0,1,1
1.9000074705520509,1,0,30.0,0,1,1
1.1231971685943696,1,2,30.0,0,1,1
0.6427998416062797,1,2,37.104811764522076,0,1,1
0.23438351953875106,1,0,30.0,0,1,1
0.3737357403254774,1,1,30.0,0,1,1
1.496284122988626,1,2,30.0,0,1,1
1.064510178464575,1,0,30.0,0,1,1
1.5219635240107399,1,0,30.0,0,1,1
0.6773438964661348,1,2,30.0,0,1,1
0.9911891166209597,1,0,35.0804846530863,0,1,1
1.3229525170909098,1,2,39.13571486054729,0,1,1
0.5821715146537434,1,2,30.0,0,1,1
0.717541302508041,1,0,30.0,0,1,1
0.45489345423283734,1,0,32.91106173953,0,1,1
1.4812319812456218,1,0,30.0,0,1,1
1.24812448441364,1,1,30.0,0,1,1
1.0004104727111858,1,2,30.0,0,1,1
1.22120645376513,1,2,31.889784830890736,0,1,1
0.5056197887892773,1,0,30.0,0,1,1
1.6631949224345552,1,1,30.0,0,1,1
1.5598426384536133,1,0,35.74528424742883,0,1,1
0.5276060898789561,1,1,30.0,0,1,1
1.7942813564551656,1,1,30.0,0,1,1
0.9091562798609167,1,1,30.396976597405246,0,1,1
1.0345468540697564,1,2,30.0,0,1,1
1.1562684088941075,1,0,30.0,0,1,1
1.627214504938142,1,1,36.057600011345,0,1,1
0.49521709872149017,1,0,30.0,0,1,1
0.6770332285508955,1,1,30.0,0,1,1
1.8855497073736374,1,2,30.0,0,1,1
1.8880403208144139,1,2,35.82815320965962,0,1,1
1.6561490406014454,1,2,30.0,0,1,1
0.5031800822435901,1,2,33.07220608395437,0,1,1
1.2709588168000674,1,1,30.0,0,1,1
1.0027470109190528,1,0,30.0,0,1,1
0.3453367223576236,1,1,30.0,0,1,1
0.3359856932247682,1,0,30.0,0,1,1
1.7423062246215109,1,0,36.92992268539862,0,1,1
0.3628987396759168,1,1,31.97168467096715,0,1,1
0.6885020659581642,1,2,30.0,0,1,1
0.47130430188019345,1,0,30.0,0,1,1
1.2351869105582212,1,0,30.0,0,1,1
1.568039108281059,1,2,30.77912447914448,0,1,1
0.6773289382217826,1,0,30.0,0,1,1
1.607683701935354,1,0,30.0,0,1,1
0.514942419391998,1,0,30.0,0,1,1
0.8421248226877114,1,2,30.0,0,1,1
0.637186253480611,1,1,30.0,0,1,1
1.017813930095591,1,0,34.878975392435606,0,1,1
1.9658154276734716,1,2,30.0,0,1,1
1.5262350040093318,1,1,36.307419344098385,0,1,1
0.5703694444676235,1,2,30.0,0,1,1
1.9395815955854652,1,0,30.0,0,1,1
1.4264120334477532,1,2,30.0,0,1,1
1.0175139795861627,1,0,30.0,0,1,1
1.8492548494003607,1,1,30.010976858778346,0,1,1
1.5730953040979307,1,1,30.0,0,1,1
1.5125481149790458,1,1,34.048651288446614,0,1,1
0.5616783640043725,1,1,30.0,0,1,1
0.43033596360488446,1,2,42.37273539091018,0,1,1
1.7581137877796869,1,2,30.0,0,1,1
1.4242797446803568,1,1,35.06359058173996,0,1,1
1.6710360364731704,1,1,30.0,0,1,1
1.5783573725907434,1,1,30.0,0,1,1
1.8255934847259223,1,1,30.0,0,1,1
0.8759376490588024,1,1,30.0,0,1,1
0.8303520555736366,1,2,30.0,0,1,1
0.6263526204633093,1,2,30.0,0,1,1
0.38977280716923146,1,0,36.63946071875791,0,1,1
1.0692138873811685,1,0,30.0,0,1,1
1.0967982554172213,1,2,31.067634618058097,0,1,1
0.40602918077543104,1,1,30.0,0,1,1
1.2863447600953237,1,1,30.0,0,1,1
0.8540603584737845,1,2,30.0,0,1,1
1.021234462789606,1,0,30.0,0,1,1
1.118044539385789,1,0,30.0,0,1,1
0.7589702222294572,1,1,30.0,0,1,1
1.4330994742923915,1,2,30.0,0,1,1
1.1177314790763473,1,2,30.0,0,1,1
0.994577055950753,1,2,30.0,0,1,1
0.9372700009609087,1,1,32.39507903513236,0,1,1
0.24268354504721362,1,0,46.06159938487229,0,1,1
1.588213018813703,1,1,30.0,0,1,1
1.9396817895042833,1,0,30.0,0,1,1
0.43575104130735104,1,1,30.0,0,1,1
0.7209962495856721,1,0,35.998313713411626,0,1,1
1.724453970525305,1,1,30.0,0,1,1
1.4756355680305349,1,2,30.0,0,1,1
0.7623137564873137,1,0,30.0,0,1,1
1.3691604343301746,1,2,30.0,0,1,1
1.8510314939423167,1,0,35.899806026237385,0,1,1
0.5954122159544328,1,0,35.64798889000306,0,1,1
1.4233462287386849,1,0,30.0,0,1,1
1.6615562237889945,1,2,30.0,0,1,1
0.3715483291647836,1,2,30.0,0,1,1
1.8821147142547345,1,0,37.36072458571839,0,1,1
1.92679511867406,1,0,30.0,0,1,1
1.5195213061517154,1,2,30.0,0,1,1
1.1280905128104808,1,1,30.0,0,1,1
1.2871255500241945,1,0,30.0,0,1,1
1.3671853189699246,1,0,30.0,0,1,1
0.4774371698435774,1,1,30.0,0,1,1
0.73079232463927,1,0,30.0,0,1,1
0.38158119614583874,1,1,30.0,0,1,1
0.8668310664802998,1,1,30.0,0,1,1
1.5411876720724889,1,1,30.0,0,1,1
1.793922394754539,1,1,32.48120620559487,0,1,1
0.8682983525357701,1,0,30.0,0,1,1
1.3089941245154555,1,1,34.6106038993925,0,1,1
1.2707061827485278,1,0,30.0,0,1,1
1.0505726772188018,1,2,30.0,0,1,1
1.4495756212047024,1,1,30.0,0,1,1
0.4714580231495407,1,1,31.625660344418996,0,1,1
0.3347258577590443,1,1,30.0,0,1,1
0.8264615857849695,1,0,30.0,0,1,1
1.944764495108355,1,2,30.0,0,1,1
1.915612656208302,1,0,30.0,0,1,1
1.3395334047935274,1,1,30.0,0,1,1
1.2416737067759998,1,0,30.0,0,1,1
1.3397855514529908,1,1,31.5456600289517,0,1,1
0.9728766317953228,1,1,30.0,0,1,1
0.7190978216855333,1,1,34.109854764046034,0,1,1
0.20999810540109443,1,0,30.0,0,1,1
0.23457089925949773,1,0,30.0,0,1,1
1.9498975200331967,1,1,63.65572459498927,0,1,1
1.540244016585322,1,0,31.390307939934313,0,1,1
1.4422757238315624,1,0,30.0,0,1,1
1.7199857943204782,1,2,30.0,0,1,1
1.292479734175231,1,1,141.47320859691743,0,1,1
1.4017505479989727,1,0,31.80195713608679,0,1,1
1.6222014922339332,1,1,30.0,0,1,1
0.4252939809209314,1,0,30.0,0,1,1
0.5377423270828188,1,2,32.3272336634526,0,1,1
1.2007380302753852,1,1,35.90342745154158,0,1,1
0.37439224445676644,1,2,32.56237987933723,0,1,1
1.3869623265880628,1,1,30.0,0,1,1
1.697961740649145,1,2,37.29224849577381,0,1,1
1.7076648606663756,1,2,31.037482962590875,0,1,1
0.7819646842623582,1,1,30.0,0,1,1
0.564837707867091,1,1,30.0,0,1,1
1.9256951599075707,1,2,38.58499063266152,0,1,1
1.8422984233127344,1,1,30.0,0,1,1
0.7643171908028692,1,0,34.65883460294909,0,1,1
1.8094854517691679,1,0,35.14591088248863,0,1,1
1.7858172700771089,1,1,49.75426279958765,0,1,1
0.8084587110688275,1,0,30.0,0,1,1
0.8537403007709099,1,2,30.0,0,1,1
1.8774130686482464,1,1,30.0,0,1,1
1.5353726089844335,1,1,30.0,0,1,1
1.311550478122493,1,0,38.06708287475341,0,1,1
1.915213688586717,1,0,30.0,0,1,1
1.756811385578121,1,0,30.0,0,1,1
0.33455529388057825,1,1,30.0,0,1,1
1.0978288739233724,1,2,30.0,0,1,1
1.8122842724420622,1,2,33.425339588552994,0,1,1
0.40009347732198225,1,2,30.0,0,1,1
0.33000732919483255,1,1,30.0,0,1,1
1.746301445307173,1,2,30.0,0,1,1
1.5992887882675555,1,0,30.0,0,1,1
0.5009686084044027,1,2,34.843964019651835,0,1,1
0.5259742944437776,1,0,30.0,0,1,1
1.6986943123463973,1,2,30.0,0,1,1
0.5764875803236602,1,0,43.542843707744055,0,1,1
0.459166781525124,1,2,33.2337139486939,0,1,1
1.8336035503437544,1,2,30.0,0,1,1
1.6490940633606024,1,1,30.0,0,1,1
0.9268138929471139,1,1,30.0,0,1,1
1.3268735795744846,1,0,30.0,0,1,1
0.9747145298068813,1,0,30.0,0,1,1
0.6940340452637095,1,0,30.0,0,1,1
1.9762440773942658,1,2,30.0,0,1,1
1.1821513796415741,1,0,30.0,0,1,1
1.3476154297319507,1,1,30.0,0,1,1
0.9348834814552882,1,2,30.0,0,1,1
1.1013339410769183,1,2,30.0,0,1,1
0.7178931638997479,1,0,31.748950584202575,0,1,1
0.9727052196688695,1,2,30.0,0,1,1
1.3300591518873457,1,0,30.0,0,1,1
1.661822958145761,1,2,30.0,0,1,1
1.6441967952876906,1,0,30.0,0,1,1
0.22055487820795394,1,2,30.0,0,1,1
1.1628127464755753,1,0,30.0,0,1,1
0.8719696753911983,1,2,34.27333916380664,0,1,1
1.2926791523813288,1,2,30.02974715145166,0,1,1
1.7870122490851907,1,0,30.0,0,1,1
1.5950679877829392,1,2,30.0,0,1,1
0.7953181246490859,1,1,30.0,0,1,1
1.5304914236132097,1,2,30.0,0,1,1
0.38248150320979823,1,2,30.0,0,1,1
0.4306825046901336,1,2,37.617512740048,0,1,1
0.6060022109905802,1,1,30.0,0,1,1
0.9195432426463799,1,2,30.0,0,1,1
1.1192235466219966,1,1,30.0,0,1,1
0.916124104297334,1,0,30.0,0,1,1
1.330035305420852,1,2,30.0,0,1,1
0.4235173160822291,1,0,45.93795249561047,0,1,1
1.1386639816602215,1,1,30.0,0,1,1
0.6903296284432714,1,1,39.100206717573414,0,1,1
0.8563675800064467,1,1,33.8432871580421,0,1,1
1.115992120660549,1,2,30.0,0,1,1
0.43878185062256936,1,0,30.0,0,1,1
0.8988202005722226,1,2,30.0,0,1,1
1.5693224788957774,1,2,30.0,0,1,1
0.6996249141684152,1,2,30.0,0,1,1
1.5762220564825176,1,2,37.38169693338528,0,1,1
0.615634661337783,1,2,38.093970580414286,0,1,1
1.5575108120466556,1,2,30.0,0,1,1
0.5499200358538757,1,2,30.0,0,1,1
1.9121858205772726,1,2,30.0,0,1,1
0.47677819286925205,1,2,30.0,0,1,1
1.999719929263842,1,0,30.0,0,1,1
0.6121818775353085,1,0,30.0,0,1,1
1.4783658987364081,1,1,30.0,0,1,1
0.7491956349469755,1,1,30.0,0,1,1
0.3479354636420049,1,0,38.77866135182725,0,1,1
0.2448059387443936,1,0,30.0,0,1,1
0.46511575416741197,1,0,30.0,0,1,1
0.9345353288028122,1,1,34.883340179391695,0,1,1
1.244383254737765,1,2,35.914292866003336,0,1,1
1.0613332741363595,1,2,31.313498376808308,0,1,1
1.3348255862391054,1,0,30.0,0,1,1
0.37248573797565687,1,1,30.0,0,1,1
1.4175679213339252,1,1,32.63102753910594,0,1,1
1.6133305010105456,1,2,30.0,0,1,1
0.6151751428850891,1,2,30.0,0,1,1
1.625446940989333,1,0,30.0,0,1,1
0.6500098973439374,1,2,30.0,0,1,1
0.9993357286584994,1,1,30.0,0,1,1
1.6504540701828816,1,0,30.0,0,1,1
1.436997300039708,1,1,32.79498231198502,0,1,1
1.1067175237533964,1,0,30.0,0,1,1
0.8653990119883341,1,0,30.0,0,1,1
1.2145938552902544,1,1,30.0,0,1,1
1.13559045347563,1,2,30.0,0,1,1
1.9485954541151287,1,1,30.0,0,1,1
1.6870734033177697,1,2,30.0,0,1,1
0.40957525390919214,1,2,30.0,0,1,1
0.9422879670224418,1,1,30.0,0,1,1
1.2571531466921662,1,1,32.85258892871937,0,1,1
1.4696523463060418,1,0,31.822671271002505,0,1,1
0.5192512602640776,1,0,30.0,0,1,1
1.6953723808667478,1,2,36.449981947225645,0,1,1
1.3339905802385745,1,2,30.0,0,1,1
0.32138661287364534,1,0,30.0,0,1,1
0.3063762933078167,1,1,30.0,0,1,1
1.4351208475697994,1,2,30.0,0,1,1
1.5599893682521142,1,2,30.0,0,1,1
0.7587466889638268,1,1,30.0,0,1,1
0.4915194290833456,1,0,30.0,0,1,1
0.24717922578035556,1,0,358.7876538335012,0,0,1
1.0655600650329269,1,0,312.90334256327253,0,0,1
0.6051412264885949,1,0,376.9886987521719,0,0,1
1.041254283898603,1,0,223.50328144958422,0,0,1
1.6622418492599382,1,0,224.94301335916356,0,0,1
0.8608392106648974,1,0,227.25274225983787,0,0,1
0.7794144586949463,1,0,190.10079416583696,0,0,1
1.0043000119951384,1,0,184.9844165368997,0,0,1
1.091888599435821,1,0,377.31580663661566,0,0,1
0.690803813544689,1,0,364.4358174963161,0,0,1
1.279856806019886,1,0,287.22625042051857,0,0,1
0.25219143648508907,1,0,315.154164775468,0,0,1
1.0750210527176045,1,0,209.62658839116722,0,0,1
1.368240865795786,1,0,155.71584437880733,0,0,1
1.0392763812079524,1,0,260.3965974851245,0,0,1
1.9608726217365775,1,0,317.3850770564121,0,0,1
0.4790627960188567,1,0,319.9652763083145,0,0,1
1.0154945396162642,1,0,301.067015838797,0,0,1
0.7252330196487711,1,0,381.3430912873058,0,0,1
1.825802675327515,1,0,202.3314650149016,0,0,1
0.5232902839352144,1,0,215.90574660662952,0,0,1
1.13856679124785,1,0,169.9068859747557,0,0,1
0.9637763396378958,1,0,384.10426747047114,0,0,1
1.8510065994677427,1,0,263.6647803839936,0,0,1
1.2036867743697064,1,0,250.42130344868488,0,0,1
1.038185639741624,1,0,396.4111614778657,0,0,1
1.2558348323719877,1,0,256.9368690707984,0,0,1
1.4805529488891989,1,0,233.71055154725548,0,0,1
0.25757445436731746,1,0,202.1707980115704,0,0,1
0.6441739345345537,1,0,259.9727130875539,0,0,1
0.6243055913698974,1,0,321.41444410040907,0,0,1
0.9480433701164808,1,0,378.5238867959836,0,0,1
1.2374662541054713,1,0,197.81516017068074,0,0,1
1.8486009414795879,1,0,323.0823672672924,0,0,1
1.2183861732612675,1,0,151.6578039466785,0,0,1
0.5266187563247733,1,0,350.22099902632857,0,0,1
1.1465416443231753,1,0,220.03630208563817,0,0,1
0.971433527479681,1,0,159.80533053862294,0,0,1
1.3623231873771742,1,0,248.56000249870624,0,0,1
1.346287529432916,1,0,373.1299216882563,0,0,1
1.3882600656512039,1,0,208.20779843316382,0,0,1
1.9951250385485966,1,0,221.82537344944754,0,0,1
0.24968964743555197,1,0,191.9422909909489,0,0,1
1.5720295865466052,1,0,395.4034660404434,0,0,1
1.7387216730111135,1,0,258.1747618959376,0,0,1
0.6412526722283718,1,0,386.95520977865937,0,0,1
1.5633078853098354,1,0,172.9670072795757,0,0,1
0.38896907212785786,1,0,262.1550719110606,0,0,1
1.176559082616893,1,0,268.57534147958955,0,0,1
0.7803112220713797,1,0,213.9799047531605,0,0,1
0.6103998947993035,1,0,274.3324950766916,0,0,1
1.364903073919471,1,0,237.63804999391152,0,0,1
0.9247234865386578,1,0,211.64294154613668,0,0,1
0.4989090083998678,1,0,241.32890938449788,0,0,1
1.291873091547439,1,0,308.7945881410956,0,0,1
1.1122603063707976,1,0,267.0393444344724,0,0,1
0.2760347878762758,1,0,252.31780747631979,0,0,1
1.6773662204837398,1,0,363.3911523721228,0,0,1
1.9761495422742819,1,0,311.23074466976294,0,0,1
0.8160663616428674,1,0,309.24182541660707,0,0,1
1.9771359523604688,1,0,205.5786597323652,0,0,1
1.9924779244205761,1,0,337.5140690742054,0,0,1
1.0358651993074657,1,0,159.221215699922,0,0,1
1.8572150095486557,1,0,203.4001643956371,0,0,1
1.6081119514559175,1,0,253.20118976232868,0,0,1
1.7020742045320278,1,0,372.2921495392753,0,0,1
0.42051394759882377,1,0,157.01019709757068,0,0,1
1.6045775384490333,1,0,261.2165017795495,0,0,1
0.6257718909519396,1,0,179.95424832323715,0,0,1
1.5454638462600525,1,0,207.51197010214148,0,0,1
0.6246164908173888,1,0,251.3398055297483,0,0,1
1.611060138745382,1,0,174.61949164387906,0,0,1
1.8087672919641316,1,0,357.3721983179255,0,0,1
1.103134280425452,1,0,170.73053931333797,0,0,1
0.97981518555737,1,0,296.3352322579285,0,0,1
0.46224702229313275,1,0,190.81736840596864,0,0,1
0.6247704774689813,1,0,176.6304511105623,0,0,1
1.9859877418887595,1,0,265.68099938880795,0,0,1
1.5154512549216679,1,0,236.35458441298107,0,0,1
1.5843661820774122,1,0,161.30327396018959,0,0,1
1.665214308671104,1,0,166.22668928711843,0,0,1
1.2505533575852446,1,0,224.79557656077185,0,0,1
0.9940056991910631,1,0,345.70860674315367,0,0,1
0.8265577667129933,1,0,362.84835034124455,0,0,1
0.24907628014843883,1,0,166.58932732005502,0,0,1
1.6574966784773844,1,0,192.9321969447077,0,0,1
1.7567896734033952,1,0,234.77260485333073,0,0,1
0.8173015047787002,1,0,312.5201809480633,0,0,1
1.1270376064499685,1,0,221.29105619640296,0,0,1
1.240440237057341,1,0,205.46525907800188,0,0,1
1.3834353947486062,1,0,297.06807217614244,0,0,1
1.3697955360925742,1,0,320.3597504079828,0,0,1
0.5540991911025702,1,0,271.8745006109018,0,0,1
1.4360029504064482,1,0,317.11725928133717,0,0,1
1.5545647539538223,1,0,151.02531492541314,0,0,1
0.2310800969645004,1,0,231.96458568142577,0,0,1
1.3121910481492172,1,0,302.3721358433663,0,0,1
0.9500918578853574,1,0,312.7362981558982,0,0,1
1.7932318255152242,1,0,198.6121568145371,0,0,1
1.8987182020489752,1,0,233.01424432162952,0,0,1
1.2507460992012607,1,0,206.59190259898133,0,0,1
0.9192972188921655,1,0,374.62991797454094,0,0,1
1.8885242817889625,1,0,224.01256623995187,0,0,1
0.6856391540189547,1,0,370.4992858695249,0,0,1
1.0865922504000165,1,0,370.9090074356095,0,0,1
0.8356215874589079,1,0,281.4261480897769,0,0,1
0.47653431448149136,1,0,367.70491660200554,0,0,1
1.8097356383033807,1,0,169.1672294702247,0,0,1
0.6508755072600387,1,0,181.54084337371955,0,0,1
1.6316138169418053,1,0,251.6793613400783,0,0,1
1.5557428149747654,1,0,322.9473503783678,0,0,1
1.4003077252208225,1,0,392.63720966556707,0,0,1
0.3961776747460273,1,0,266.71530690262136,0,0,1
0.9211562642874329,1,0,151.84546970172264,0,0,1
1.8683542848922754,1,0,195.37596391515828,0,0,1
0.8586510770125109,1,0,259.5013130743969,0,0,1
0.2365750187279632,1,0,322.495811869291,0,0,1
1.5060159703688234,1,0,296.6329742572484,0,0,1
1.4376705644357033,1,0,369.02664466409266,0,0,1
1.2442688495740712,1,0,216.39554362306563,0,0,1
0.8531580467256021,1,0,284.9991185627067,0,0,1
0.7810561774464377,1,0,186.06300320159718,0,0,1
0.6131714222248974,1,0,311.310489634885,0,0,1
1.2651463340634603,1,0,340.5880066005834,0,0,1
1.9930589361275768,1,0,278.35407930975816,0,0,1
1.610166173864969,1,0,262.0292605608923,0,0,1
1.378712212642896,1,0,196.46639762270834,0,0,1
1.2251048869901089,1,0,383.51756553870376,0,0,1
1.469592001488656,1,0,301.54239585285643,0,0,1
1.1034479252564278,1,0,353.79136534410463,0,0,1
1.7253698787043872,1,0,156.06291009869423,0,0,1
1.2473720878813601,1,0,212.82723850846088,0,0,1
0.6454163358607283,1,0,270.5982534308357,0,0,1
1.2139412994726329,1,0,284.05711828724895,0,0,1
0.6417344616668985,1,0,251.24303170240995,0,0,1
1.164203590337165,1,0,234.3215772341864,0,0,1
1.6482831503896958,1,0,262.5927116566126,0,0,1
1.5096065583512122,1,0,241.4932751313316,0,0,1
0.6866387068304762,1,0,160.0122474613011,0,0,1
1.5127286533704127,1,0,323.18661080227355,0,0,1
0.4228186924966959,1,0,342.8244604302712,0,0,1
1.3616231817607467,1,0,227.81228630100833,0,0,1
0.7667680697885404,1,0,391.4811309484946,0,0,1
1.3108650412897833,1,0,396.7298308726986,0,0,1
1.7522470984673937,1,0,292.14194422082033,0,0,1
0.44077628523115214,1,0,348.5223023857109,0,0,1
1.4536603550236826,1,0,286.3834244200549,0,0,1
1.4299773203051305,1,0,215.2749909862447,0,0,1
1.5624647414243555,1,0,167.50604711734127,0,0,1
1.9447359993255657,1,0,236.1083839984272,0,0,1
1.0693263327624238,1,0,196.34303766857155,0,0,1
0.4453546496253074,1,0,380.5718622539147,0,0,1
1.4527040677493699,1,0,392.80954107066054,0,0,1
1.181551908324285,1,0,282.9312235289147,0,0,1
1.6614221209093671,1,0,290.79995049592753,0,0,1
1.627374249714428,1,0,382.6208451050341,0,0,1
1.5196171680695354,1,0,336.86336028974074,0,0,1
0.9146800038112888,1,0,190.4972772007919,0,0,1
1.0562483060614754,1,0,387.9894766877853,0,0,1
1.8488899113726358,1,0,292.8377690778851,0,0,1
0.9847491136933428,1,0,155.16547381295183,0,0,1
1.2558825548262555,1,0,199.0542845833558,0,0,1
1.430326573894826,1,0,349.207697682697,0,0,1
0.40832476320541294,1,0,181.9414424639127,0,0,1
1.584946390030363,1,0,362.82481878646723,0,0,1
0.22691121700444186,1,0,346.58127156623186,0,0,1
1.9677337925273575,1,0,158.81416573034215,0,0,1
1.2231204694399256,1,0,232.76146364560765,0,0,1
0.5025049823918426,1,0,276.7193858719447,0,0,1
1.611544129388343,1,0,169.0061573292466,0,0,1
1.7201438858887503,1,0,294.9035485034293,0,0,1
0.5685861539768988,1,0,395.06516933577313,0,0,1
0.27425925207339663,1,0,300.0351226840103,0,0,1
1.1440911368968258,1,0,273.42911009255636,0,0,1
1.3530197644429562,1,0,366.7122162677299,0,0,1
0.5028734055224796,1,0,390.99235469290284,0,0,1
1.2108910493394036,1,0,375.2973814561497,0,0,1
1.1475036533237952,1,0,159.2389119491419,0,0,1
1.7544779937056048,1,0,174.90690133695216,0,0,1
1.6684952047123405,1,0,303.8647259671714,0,0,1
0.43752207992752434,1,0,206.6748333468331,0,0,1
1.4726343227985643,1,0,280.26263682207843,0,0,1
1.105161089171988,1,0,359.6271351535208,0,0,1
1.0392646944539874,1,0,384.61386940861183,0,0,1
0.4922042597690929,1,0,233.4010353580757,0,0,1
1.54575939009733,1,0,362.17718619566125,0,0,1
1.763058373678075,1,0,276.00051940425243,0,0,1
0.5699155823233437,1,0,314.64870339504,0,0,1
0.25293071954594365,1,0,181.3584709530956,0,0,1
1.2964696821781592,1,0,165.83833456707316,0,0,1
1.966308022508683,1,0,345.1008103925466,0,0,1
1.4218659182403288,1,0,299.6123531997017,0,0,1
0.6548683492643794,1,0,355.971575933362,0,0,1
1.7709188005097165,1,0,178.9458329964149,0,0,1
1.1685129951416517,1,0,192.9692811513405,0,0,1
1.117565941061384,1,0,165.7471499831978,0,0,1
0.3031025072256519,1,0,312.53179361794776,0,0,1
0.3092067306914222,1,0,303.89536433666035,0,0,1
1.2427418847311913,1,0,256.3884131315471,0,0,1
1.6520501623753903,1,0,183.82150677667823,0,0,1
1.555703597416807,1,0,155.9624569317649,0,0,1
1.8933767780856823,1,0,214.74235719866033,0,0,1
1.1049712590904404,1,0,150.70155675384885,0,0,1
1.317300489845613,1,0,387.1896614662188,0,0,1
1.3289407154670945,1,0,192.5497333483074,0,0,1
0.8843529039374909,1,0,216.3726954826927,0,0,1
0.20510922405686696,1,0,349.64339155130335,0,0,1
1.7100206112583531,1,0,398.73841683208025,0,0,1
0.3207653521744594,1,0,305.1369017605236,0,0,1
1.926675555774037,1,0,213.33018347533636,0,0,1
1.7189370317634756,1,0,263.2286998125625,0,0,1
0.38681113855987204,1,0,164.91265049256535,0,0,1
0.4196513532915368,1,0,177.2533119638617,0,0,1
1.526812468112674,1,0,327.3983578554699,0,0,1
1.1785998687105845,1,0,357.37170911823716,0,0,1
1.368041725706157,1,0,217.53469478726254,0,0,1
0.7219171994442692,1,0,334.5983593488161,0,0,1
1.790644738037556,1,0,310.092462946555,0,0,1
1.1773498165728378,1,0,277.41742761267295,0,0,1
1.2178444983547685,1,0,222.31524244739495,0,0,1
1.9830493744137085,1,0,396.30581451222713,0,0,1
1.5887854787900662,1,0,211.99121162052873,0,0,1
1.4398533275212217,1,0,202.1688452133835,0,0,1
1.7599662769511402,1,0,177.4860131870561,0,0,1
1.983706194703143,1,0,314.7483375386046,0,0,1
1.6625626515860679,1,0,375.3011637571429,0,0,1
1.6514995633769383,1,0,183.54032707824274,0,0,1
0.5444129093637429,1,0,176.1046507211301,0,0,1
1.77201996482107,1,0,376.10598764304757,0,0,1
1.7861835491126874,1,0,315.13788004403693,0,0,1
1.274694556930326,1,0,392.2554781303767,0,0,1
1.371129895072065,1,0,327.5732156003251,0,0,1
1.3227900575436804,1,0,342.9263243682649,0,0,1
1.1809081819214093,1,0,265.4300534947758,0,0,1
0.5300892125783536,1,0,209.5780003444497,0,0,1
1.3838645809882129,1,0,292.2851447854281,0,0,1
0.8829310084966047,1,0,239.55343254419276,0,0,1
1.1657044848440754,1,0,267.431381585189,0,0,1
1.8220014569920675,1,0,278.9211301095246,0,0,1
0.3965168962321002,1,0,156.6426858613982,0,0,1
1.9198190033632512,1,0,302.13516411138085,0,0,1
1.222748822711618,1,0,239.6337011181199,0,0,1
1.9096795973606258,1,0,353.0261620077073,0,0,1
0.5611673120975684,1,0,164.0750913841868,0,0,1
0.2977190886789689,1,0,289.04759689275244,0,0,1
1.317819222758021,1,0,240.00483709936577,0,0,1
1.148352705493786,1,0,173.32406564080458,0,0,1
1.5227962991916848,1,0,253.42366889124526,0,0,1
1.282610829385877,1,0,252.317913432848,0,0,1
1.1257163736849793,1,0,338.3269674644078,0,0,1
1.8245813663477009,1,0,188.00497505857672,0,0,1
0.7821349682367533,1,0,357.59545103632774,0,0,1
0.6887816370905862,1,0,161.9765786720829,0,0,1
1.6471855150939705,1,0,278.9268697883433,0,0,1
0.8329462452218752,1,0,312.25095265722456,0,0,1
1.213536940581821,1,0,153.58579715123616,0,0,1
1.3052871680497784,1,0,167.2826145572012,0,0,1
0.7300368387277807,1,0,218.37580030163048,0,0,1
0.840344923421763,1,0,245.3631156948789,0,0,1
0.27326001337439776,1,0,236.6275631272414,0,0,1
0.7031652047157206,1,0,392.8277469956829,0,0,1
0.7869661176091232,1,0,191.73573730341724,0,0,1
0.23025190753988958,1,0,372.68387797305394,0,0,1
1.681696213852694,1,0,386.14417173036054,0,0,1
1.7936286554730567,1,0,193.89802233861724,0,0,1
0.5191029592532816,1,0,339.6469618457957,0,0,1
1.2897917276485982,1,0,399.54732168886994,0,0,1
0.9955393735794236,1,0,211.96332821257968,0,0,1
0.43007124544019304,1,0,275.6839899750074,0,0,1
0.244934214886784,1,0,339.7088471624473,0,0,1
1.3943901402393444,1,0,333.6942090782503,0,0,1
0.3434404186250033,1,0,358.2912847405005,0,0,1
1.8038402990997477,1,0,237.05998382573222,0,0,1
1.6213837071721735,1,0,180.16498903507102,0,0,1
1.5037240674200456,1,0,319.1054275569227,0,0,1
1.7169709799249722,1,0,234.8904883284051,0,0,1
0.3919127488077345,1,0,311.51615652979956,0,0,1
1.328424385100127,1,0,268.35476598871605,0,0,1
0.5715077742813562,1,0,264.65181468373993,0,0,1
1.1355697342635345,1,0,370.37787997420963,0,0,1
0.8453909716687955,1,0,310.1148261893372,0,0,1
0.42030136838609045,1,0,306.1265810433342,0,0,1
1.522162639649659,1,0,392.7129430441905,0,0,1
0.7433676245036067,1,0,217.43609165765585,0,0,1
0.42122706360889606,1,0,322.1285298712394,0,0,1
1.7829470131447378,1,0,238.88091008430976,0,0,1
0.4423419614958213,1,0,299.7303225771443,0,0,1
0.5697497426885108,1,0,354.27751498056523,0,0,1
0.24268556508477804,1,0,380.69629600691616,0,0,1
1.1334318831357075,1,0,256.775412347484,0,0,1
1.6855609538709924,1,0,358.02263923932617,0,0,1
1.7322069200996437,1,0,233.766609246097,0,0,1
1.5388071329841064,1,0,315.25666834317235,0,0,1
1.0484237142825592,1,0,369.4085531073896,0,0,1
1.8010141413394973,1,0,321.3555308042448,0,0,1
1.5808379047641659,1,0,326.4334479773126,0,0,1
1.800632245865057,1,0,359.40667964177817,0,0,1
0.6310398491302234,1,0,213.11211468357564,0,0,1
1.2823148152082604,1,0,336.72395670116805,0,0,1
0.23884436244634902,1,0,309.41101238561833,0,0,1
1.138675802447619,1,0,286.4719016587589,0,0,1
1.7783935140682259,1,0,393.7727289602193,0,0,1
1.5292420084930067,1,0,253.12838289874117,0,0,1
1.597107367503799,1,0,208.7125061762502,0,0,1
0.7707620295445263,1,0,359.8164359965556,0,0,1
0.9166773796907757,1,0,196.280555063436,0,0,1
1.97526370690555,1,0,336.31838730741254,0,0,1
0.6810960818026988,1,0,382.0549728455607,0,0,1
0.3552315223837702,1,0,355.3954078039642,0,0,1
0.9002271916057076,1,0,308.28779899410966,0,0,1
1.5810271002664167,1,0,380.7882572403171,0,0,1
1.1425016441514868,1,0,272.2271803756349,0,0,1
0.2786789642358816,1,0,168.9182618403597,0,0,1
1.3965037807605543,1,0,333.7326996627969,0,0,1
1.5240908092513512,1,0,329.21110687876626,0,0,1
1.2849964537414842,1,0,366.34404829724417,0,0,1
0.5084096300659685,1,0,251.52483477212178,0,0,1
0.5438986919237548,1,0,186.26028705998965,0,0,1
0.9332055573445373,1,0,175.66756332046856,0,0,1
0.844772438500832,1,0,236.3488903909301,0,0,1
0.38338633850517423,1,0,348.2410852474452,0,0,1
1.7468135213406684,1,0,280.34225085427227,0,0,1
1.8643137534530854,1,0,192.60889124082064,0,0,1
0.45887380068192907,1,0,210.4547163391085,0,0,1
1.2122190776012287,1,0,237.10272310387847,0,0,1
0.9736044048707191,1,0,270.0716104480813,0,0,1
0.9362135554343749,1,0,359.8610145108822,0,0,1
1.244592582765833,1,0,398.08270028777724,0,0,1
1.018848049387383,1,0,299.8144414083128,0,0,1
1.0127062774934867,1,0,247.2956240766182,0,0,1
0.4585373268674996,1,0,195.84476205836796,0,0,1
1.479147386357868,1,0,277.75595679247084,0,0,1
1.2438725353157187,1,0,303.28024422953035,0,0,1
0.30080540596790084,1,0,231.73521048463385,0,0,1
0.8757816392180529,1,0,230.98085554900592,0,0,1
0.5920048050486709,1,0,357.1252311023349,0,0,1
0.9019354047376982,1,0,314.9910380669692,0,0,1
0.4139454859945913,1,0,262.56673055313007,0,0,1
1.298981969717206,1,0,289.428943792545,0,0,1
1.2467428903248736,1,0,276.18747447549976,0,0,1
1.2669949093334631,1,0,193.59375645491795,0,0,1
0.8589909249418994,1,0,367.5845323354665,0,0,1
1.4996757594018997,1,0,172.74993986746802,0,0,1
1.7167635711638751,1,0,203.256554005062,0,0,1
0.9494224205513808,1,0,290.42965236457843,0,0,1
0.9794940713800038,1,0,265.28346125157367,0,0,1
1.8172031878133783,1,0,298.83733021943556,0,0,1
1.2893016291706456,1,0,379.9245776549949,0,0,1
1.1174258949165012,1,0,221.4994458659623,0,0,1
1.5268611671307648,1,0,187.67839115196313,0,0,1
0.758257992804561,1,0,180.3219985917596,0,0,1
0.2589638062173261,1,0,164.76521970031413,0,0,1
1.463458922585963,1,0,347.68863112830934,0,0,1
1.362918043376615,1,0,264.3674474486523,0,0,1
0.9713731809934196,1,0,213.95030568859647,0,0,1
0.28252400713389914,1,0,318.51808714391154,0,0,1
1.8921243894082598,1,0,344.34044982719666,0,0,1
1.5153839600011052,1,0,384.28213507314393,0,0,1
0.8939822435609832,1,0,249.85936779710616,0,0,1
0.5618963420262151,1,0,322.35510003050524,0,0,1
1.1996189025267998,1,0,217.6571962662316,0,0,1
0.23826973014181693,1,0,366.3701733015247,0,0,1
1.0229682334302361,1,0,377.1736245325584,0,0,1
1.9791067316072672,1,0,307.56259879249086,0,0,1
1.5305576330999504,1,0,314.7373344961783,0,0,1
1.9728748642946918,1,0,314.9040289966482,0,0,1
0.912825511049602,1,0,297.8907611687565,0,0,1
0.3568267220846817,1,0,259.69572944959424,0,0,1
1.9371986590441084,1,0,335.0807839467391,0,0,1
1.7574459851904751,1,0,394.15567169013,0,0,1
1.212567385462811,1,0,336.451103919852,0,0,1
0.6137170494562314,1,0,227.39170973229096,0,0,1
1.5297455058438947,1,0,275.1090736442098,0,0,1
0.23461687387279728,1,0,299.2654925690414,0,0,1
1.8459749267614043,1,0,170.55329013685565,0,0,1
1.454927246798673,1,0,272.9979609017175,0,0,1
0.5164251726300062,1,0,175.6142699742095,0,0,1
0.4961667248636211,1,0,277.62891217088725,0,0,1
0.30435886864729955,1,0,171.74565909659276,0,0,1
1.5868800623464512,1,0,240.34189172775845,0,0,1
0.4301357090405192,1,0,388.6212805285288,0,0,1
1.1361267254990564,1,0,151.86588019240705,0,0,1
0.8447375643176209,1,0,218.56754236661453,0,0,1
1.1883376632200195,1,0,242.93444602753806,0,0,1
1.4506566664943936,1,0,297.50577257801456,0,0,1
0.5779304355512977,1,0,391.3606459331076,0,0,1
0.5608931054438459,1,0,309.93727562571223,0,0,1
0.8076798368862064,1,0,373.44521929153035,0,0,1
1.8833405684129891,1,0,190.65043163313553,0,0,1
0.9992556437389906,1,0,222.14962686261634,0,0,1
0.6625235957750091,1,0,371.765043192412,0,0,1
1.135191895319361,1,0,151.29432109760225,0,0,1
0.5246691170662864,1,0,263.4444374872213,0,0,1
1.5773447650624464,1,0,263.2217646272693,0,0,1
0.7746898158887374,1,0,386.5637060743645,0,0,1
1.9687485839453922,1,0,262.3050030939329,0,0,1
1.3338071457381704,1,0,376.5826545087448,0,0,1
1.3008168755468283,1,0,296.3302656792839,0,0,1
0.7229395134503109,1,0,224.9933002645859,0,0,1
0.5211307997763525,1,0,187.06654031033986,0,0,1
0.3399738220287041,1,0,272.5502930418016,0,0,1
1.7402090441941644,1,0,154.41080301940332,0,0,1
1.9633197196466239,1,0,233.80235491736113,0,0,1
0.587464066295618,1,0,280.766788480459,0,0,1
1.9881690081639578,1,0,289.5720232147264,0,0,1
1.308645351459853,1,0,260.9832248465488,0,0,1
1.616071707473424,1,0,390.9924603982844,0,0,1
1.9790323439136033,1,0,187.06046855005403,0,0,1
1.955483339612961,1,0,399.3732897013547,0,0,1
1.2224636851953423,1,0,322.84508941138915,0,0,1
1.148728240852747,1,0,356.248262531036,0,0,1
1.416358145972293,1,0,308.5813520538169,0,0,1
0.5955974534354039,1,0,203.73308781161316,0,0,1
0.899850228928512,1,0,337.6630836473704,0,0,1
1.6896515603261233,1,0,362.0475063867617,0,0,1
0.3976315248520166,1,0,337.98338957256203,0,0,1
1.026294185539192,1,0,368.4861056011971,0,0,1
0.768244966379577,1,0,165.8819302240178,0,0,1
1.2485003007217004,1,0,390.4878765205725,0,0,1
0.5409133064954907,1,0,384.79764150269796,0,0,1
1.8705049581139028,1,0,374.24826952664705,0,0,1
1.6250402465427223,1,0,309.351987946347,0,0,1
0.3462775747547185,1,0,361.6711532296646,0,0,1
0.7865481455873549,1,0,301.2257210289524,0,0,1
0.2777469792641951,1,0,273.05218000644203,0,0,1
0.42174727809862944,1,0,382.7525436044936,0,0,1
0.9625559197029692,1,0,201.88568108388972,0,0,1
0.7930229387727981,1,0,362.89410471480676,0,0,1
1.137112446548732,1,0,260.13648680087147,0,0,1
0.7236106924264099,1,0,222.98485150588107,0,0,1
0.7979234899759542,1,0,276.54877259754437,0,0,1
1.924718878548088,1,0,309.32487641305875,0,0,1
1.774830020499452,1,0,195.68361921278412,0,0,1
0.22407760733256932,1,0,337.7885903016007,0,0,1
1.2840969103224746,1,0,248.65749956162915,0,0,1
0.4558898379420415,1,0,325.92759631381136,0,0,1
1.620982769109082,1,0,189.28650044502794,0,0,1
1.7047132611422484,1,0,163.99422728477467,0,0,1
1.3886798075553306,1,0,190.38953256699338,0,0,1
1.4116991889188322,1,0,195.13460983639607,0,0,1
1.7325960777706948,1,0,340.38354748191273,0,0,1
0.3833061128626013,1,0,273.1414686275193,0,0,1
1.473802808873493,1,0,341.0060482579237,0,0,1
0.41588023468735535,1,0,336.7424963022593,0,0,1
0.27615253579466115,1,0,211.31497733220402,0,0,1
1.3494821655426026,1,0,377.726791552662,0,0,1
0.6897525065255627,1,0,342.2659698411397,0,0,1
0.2825834851126098,1,0,171.34301290297634,0,0,1
0.31363016420810513,1,0,293.08643364850604,0,0,1
1.963446362180969,1,0,253.17893560244684,0,0,1
0.6015707897831746,1,0,264.8691986132254,0,0,1
0.9341011291895747,1,0,241.77988719460393,0,0,1
0.6797516219973325,1,0,274.07217873855427,0,0,1
1.8835935654821396,1,0,238.90053547604396,0,0,1
0.33287893723019046,1,0,265.71078501663504,0,0,1
1.1777726005683078,1,0,286.1803541771246,0,0,1
1.0600241104623334,1,0,332.6500533778213,0,0,1
1.4457959827917566,1,0,187.87209970686249,0,0,1
1.8169706699486157,1,0,183.37895556220178,0,0,1
0.20071597895463325,1,0,274.4671632109463,0,0,1
0.22980750916278436,1,0,268.74634733991314,0,0,1
0.8791079655033611,1,0,290.9653250011966,0,0,1
0.9229135825119767,1,0,303.34553918579036,0,0,1
1.8028594982681725,1,0,218.52993643596676,0,0,1
0.7019585626397458,1,0,311.93326748582945,0,0,1
1.7270029512594312,1,0,273.91724314566693,0,0,1
0.36068509025172846,1,0,273.97246678149116,0,0,1
0.3393261656405654,1,0,298.4768608718758,0,0,1
1.5412166475144364,1,0,303.0303301408634,0,0,1
1.5727591432273507,1,0,304.22430233626653,0,0,1
0.37007551762243185,1,0,357.6522811618509,0,0,1
1.9874985319344793,1,0,274.87507614922583,0,0,1
0.3448332364488351,1,0,385.259326345827,0,0,1
1.7915301034081197,1,0,386.6038038325362,0,0,1
0.5490585550612563,1,0,233.84090932221517,0,0,1
0.23956895934741054,1,0,370.3131213866735,0,0,1
1.738626934734273,1,0,255.2356723145511,0,0,1
0.5318001389517957,1,0,393.5750366182723,0,0,1
1.1529515456488237,1,0,381.85069073463643,0,0,1
1.6882449498255383,1,0,259.87572540377494,0,0,1
0.47849285660619534,1,0,237.36174198785886,0,0,1
1.5339012585932128,1,0,321.5060739723285,0,0,1
1.1567744280884846,1,0,241.88950663406774,0,0,1
0.6605593247727164,1,0,315.09217096986674,0,0,1
0.27480138625262673,1,0,255.33446796065127,0,0,1
0.673280439099001,1,0,275.46947569899874,0,0,1
0.964569448678275,1,0,244.6795804386108,0,0,1
0.8622687690060733,1,0,349.17456282891806,0,0,1
1.4904164377089877,1,0,300.343535484309,0,0,1
0.9376869517659092,1,0,320.81223269023303,0,0,1
0.8846142522911415,1,0,355.2316800695202,0,0,1
1.662048423103775,1,0,349.0586090630372,0,0,1
1.0350700470852738,1,0,277.38161031969173,0,0,1
1.9738827343084202,1,0,213.55222935923098,0,0,1
1.2340311969237894,1,0,240.85005826436583,0,0,1
1.886975969283254,1,0,288.0085842328507,0,0,1
1.7879528872024917,1,0,209.69051718336235,0,0,1
0.9452634770025456,1,0,345.2058929791664,0,0,1
1.3028003278673432,1,0,207.3401970195804,0,0,1
0.45344213010617435,1,0,233.8005141182445,0,0,1
1.14863535162056,1,0,308.1849907594142,0,0,1
0.9631590632163847,1,0,324.42391752964926,0,0,1
1.070749229161459,1,0,248.66062635206177,0,0,1
0.5316933709911469,1,0,338.92431553016877,0,0,1
1.7591985658962483,1,0,375.49415315451324,0,0,1
0.34394691296776037,1,0,191.09922786819055,0,0,1
1.6061611047063291,1,0,378.9746810014018,0,0,1
1.8994227766022076,1,0,284.51898953311047,0,0,1
0.39140637164430925,1,0,262.2082172700013,0,0,1
0.9806322475907119,1,0,348.95879625823295,0,0,1
1.2529100388061718,1,0,346.01891258387855,0,0,1
1.984402435422885,1,0,320.6330586513211,0,0,1
1.757689326562558,1,0,252.12630114937474,0,0,1
0.9456120012499234,1,0,216.8169994904336,0,0,1
1.9422507324132867,1,0,240.08995197954386,0,0,1
0.7962783923445347,1,0,293.3213097618134,0,0,1
0.8119840972292538,1,0,290.993708182438,0,0,1
1.1112656230512168,1,0,380.9867914323615,0,0,1
1.6032363035064008,1,0,264.1671719063165,0,0,1
0.5459025869095451,1,0,316.65879738340243,0,0,1
1.5364398269121373,1,0,315.0113874220351,0,0,1
0.20486025611854686,1,0,332.9214452955674,0,0,1
0.6724635203595234,1,0,397.86472335948304,0,0,1
1.9540436977625706,1,0,350.5071393368912,0,0,1
1.3816391634325644,1,0,159.91280894239407,0,0,1
1.0326090045738858,1,0,352.90204003199483,0,0,1
1.5171733951883535,1,0,399.97287184249933,0,0,1
0.9834612914757743,1,0,159.47957318281294,0,0,1
0.39203933871735147,1,0,299.29651070933375,0,0,1
1.0956249367703124,1,0,299.85181413684745,0,0,1
1.9197234870707887,1,0,281.2282483623886,0,0,1
0.6906832234622099,1,0,368.82683075883125,0,0,1
0.29517481321475114,1,0,353.5804080488965,0,0,1
1.5344235657605179,1,0,193.01117882907334,0,0,1
1.0179286346031182,1,0,175.74986305899984,0,0,1
0.8024688025449396,1,0,191.64651258992143,0,0,1
1.0775703583688025,1,0,371.68055468296444,0,0,1
1.8739991457265355,1,0,174.60236324310176,0,0,1
0.6504486729207861,1,0,311.54325468781167,0,0,1
0.5609360076318157,1,0,320.81942265092357,0,0,1
1.1610406782532128,1,0,204.53008065610481,0,0,1
1.0339550066362428,1,0,207.4448438225204,0,0,1
0.4696357038212645,1,0,358.9288788984911,0,0,1
1.2451831714668569,1,0,255.02019649908937,0,0,1
1.2340826801553788,1,0,274.8683176760924,0,0,1
1.289775491037385,1,0,249.2885499654633,0,0,1
0.9443998656891159,1,0,195.79823091517724,0,0,1
0.7220877090955979,1,0,259.82155826147675,0,0,1
0.7909912349868184,1,0,217.32980772438808,0,0,1
1.7018428445850275,1,0,225.04071116815476,0,0,1
1.3251742108102473,1,0,200.42928251324398,0,0,1
0.916442530078456,1,0,306.6348085457595,0,0,1
1.3038804937857917,1,0,221.71416703002484,0,0,1
0.8293050766183008,1,0,191.41493130825847,0,0,1
1.7527662325188234,1,0,352.1060685466258,0,0,1
1.5097376378159773,1,0,293.96444499687755,0,0,1
0.38170758226560386,1,0,364.7214853382744,0,0,1
0.30110602059188313,1,0,345.35844550473143,0,0,1
0.2601513343317607,1,0,242.95480420771372,0,0,1
0.24956018492768672,1,0,290.41771092887313,0,0,1
1.094437966866397,1,0,396.74883814189997,0,0,1
0.5255152795052318,1,0,239.50608199358237,0,0,1
1.414159135599158,1,0,209.87598921930132,0,0,1
1.0689721653670716,1,0,190.79259808386809,0,0,1
0.3682583987499285,1,0,384.98145288929135,0,0,1
0.21049731251893578,1,0,212.39489293883128,0,0,1
0.26610454254162463,1,0,381.90544746746735,0,0,1
1.1600061503294274,1,0,297.9575522369251,0,0,1
1.255887755741322,1,0,297.51922495166707,0,0,1
0.8354259342577477,1,0,250.0557889859338,0,0,1
0.34202087689703015,1,0,248.9872075612615,0,0,1
1.8824399447749236,1,0,230.19114163820882,0,0,1
0.9302845640609507,1,0,332.35571549408564,0,0,1
0.9727554831002023,1,0,334.6890169778509,0,0,1
0.8866237721167929,1,0,282.80603311418133,0,0,1
0.30704126787881597,1,0,262.2341048861854,0,0,1
1.4788054704783322,1,0,308.90680251706385,0,0,1
1.3966582810040307,1,0,272.85202041448315,0,0,1
0.4960361288195212,1,0,356.0419296279883,0,0,1
0.6834481605377131,1,0,166.2874803587948,0,0,1
1.1844556947519382,1,0,375.65218427787977,0,0,1
0.8781792288980139,1,0,281.1242085988778,0,0,1
1.9962725559503165,1,0,277.3037366020445,0,0,1
1.0936597309688674,1,0,247.7441331008538,0,0,1
1.7880128566243052,1,0,283.0709363070076,0,0,1
0.5683029880371335,1,0,205.08187013695925,0,0,1
1.2011978255244509,1,0,274.32979016862777,0,0,1
0.7792317353990967,1,0,249.55637311671478,0,0,1
1.8821029793814479,1,0,223.49740440461443,0,0,1
1.1921249387260398,1,0,203.04843691365338,0,0,1
1.377102845190046,1,0,365.05311530235986,0,0,1
0.3368374134123425,1,0,362.54373098426026,0,0,1
1.0778369149428975,1,0,271.2795240652903,0,0,1
1.2430514998408995,1,0,207.8653961797959,0,0,1
0.7227252160760613,1,0,262.5939671899169,0,0,1
1.5243799740650432,1,0,381.4101532113651,0,0,1
1.0398439941819848,1,0,344.849502950539,0,0,1
1.2103587227866568,1,0,351.8901457362956,0,0,1
0.8496745956663274,1,0,325.6857071993811,0,0,1
1.4177095146440157,1,0,331.00298729961287,0,0,1
0.38570868007982784,1,0,187.40691877054556,0,0,1
1.1112094037350022,1,0,236.71162788932546,0,0,1
1.8121527817946543,1,0,357.9903710285785,0,0,1
0.6233309548424177,1,0,194.31838691778245,0,0,1
1.7632064551419173,1,0,168.79001544641102,0,0,1
1.7930928996004005,1,0,361.60238370100706,0,0,1
0.6147772141859424,1,0,345.1884522845952,0,0,1
0.34530428466563534,1,0,189.5326924135729,0,0,1
1.575953119832,1,0,282.03005769542665,0,0,1
1.9254476592475152,1,0,160.42496211672602,0,0,1
0.6602899686243572,1,0,187.13002930531056,0,0,1
1.843407096387778,1,0,214.31604084593732,0,0,1
0.5747013444364597,1,0,326.00163367266384,0,0,1
0.8467483791314905,1,0,226.2349875179384,0,0,1
1.7946308009247056,1,0,352.61979775622706,0,0,1
0.7473088277735385,1,0,155.88602907300913,0,0,1
1.5602521858134089,1,0,151.08114947195935,0,0,1
0.4645430033121574,1,0,224.94901227688752,0,0,1
0.8817792444478845,1,0,332.73722874671455,0,0,1
1.8933276450590621,1,0,387.88503677692637,0,0,1
0.6073082709383526,1,0,228.86048830942428,0,0,1
1.463062989010917,1,0,289.22819317967827,0,0,1
1.8551968660559428,1,0,160.33731707276633,0,0,1
1.6129185342509813,1,0,150.31543088488976,0,0,1
1.906380239010864,1,0,153.93962968897537,0,0,1
1.8987470811582594,1,0,174.33178121151252,0,0,1
0.4045453221425933,1,0,368.58707311912195,0,0,1
1.2829929051484548,1,0,310.3482550740105,0,0,1
0.9684110111573858,1,0,374.5780227555649,0,0,1
1.4289288210286626,1,0,358.7244519262871,0,0,1
1.5365885033810125,1,0,341.2730943697579,0,0,1
0.6414273834191642,1,0,238.42608347102868,0,0,1
1.6397620554040016,1,0,183.5038152704887,0,0,1
0.9365648397739694,1,0,175.84101036843427,0,0,1
1.382129282776795,1,0,156.2531303226007,0,0,1
0.9698712645537433,1,0,194.4437196776464,0,0,1
0.8230086655858035,1,0,154.78467544212228,0,0,1
1.4490144409650847,1,0,321.95103317411605,0,0,1
1.1754326240212893,1,0,247.21142323108026,0,0,1
1.7352632188501393,1,0,282.0390022724488,0,0,1
1.6148158399325137,1,0,269.7117303030178,0,0,1
1.7629993911038913,1,0,220.857923966824,0,0,1
1.5783892070282535,1,0,178.6327302749695,0,0,1
1.8503141147790347,1,0,285.5736401489273,0,0,1
0.4820003137305203,1,0,365.936164611481,0,0,1
1.3528668578201106,1,0,337.4257907010277,0,0,1
0.3483358576329628,1,0,382.86791785790524,0,0,1
1.099365151734696,1,0,238.99439823226643,0,0,1
1.750421695293159,1,0,361.42625419937843,0,0,1
1.5060756618164064,1,0,330.6414410522975,0,0,1
1.2492715376192287,1,0,385.75111314948697,0,0,1
1.4491746266029792,1,0,221.9409897389694,0,0,1
0.5119203321758463,1,0,350.907575553385,0,0,1
1.8754442119268995,1,0,277.0395231563672,0,0,1
0.5824500961492135,1,0,259.1850851833621,0,0,1
0.5005481116454834,1,0,266.43868567646683,0,0,1
0.45200581373154264,1,0,258.1459478677724,0,0,1
1.8851934927994942,1,0,369.2665311799496,0,0,1
1.0295421843397579,1,0,386.10327072903675,0,0,1
1.1595173911138215,1,0,315.7479391562248,0,0,1
0.8822450396389279,1,0,198.1945245342227,0,0,1
0.24910160839019616,1,0,255.12780275487933,0,0,1
0.3199926102328442,1,0,238.89815121131755,0,0,1
0.2283675255804961,1,0,317.746383055726,0,0,1
1.1701932586694759,1,0,167.58617630451383,0,0,1
0.5482705488553608,1,0,313.53212110072025,0,0,1
0.9238178015538878,1,0,266.701621103909,0,0,1
1.0285844064170488,1,0,215.26111248326325,0,0,1
1.158640661244558,1,0,165.88102106931257,0,0,1
1.807050481983088,1,0,163.24436326080442,0,0,1
0.27782135512851924,1,0,373.04475615615627,0,0,1
1.089612172732061,1,0,294.1818112602159,0,0,1
0.4373554853367636,1,0,287.89494010995344,0,0,1
1.8677333978622948,1,0,154.3754268819695,0,0,1
1.851422108257633,1,0,342.7484677169298,0,0,1
0.4518884225463582,1,0,202.65672738081457,0,0,1
0.4112466021757375,1,0,245.8509565747114,0,0,1
0.39776538202783884,1,0,311.6509533747871,0,0,1
0.37655032985742076,1,0,183.63219553331624,0,0,1
0.48457501422220084,1,0,349.1736017795922,0,0,1
0.4802400080017479,1,0,358.8218132784273,0,0,1
0.4943018093088859,1,0,279.8734166367832,0,0,1
0.4674366609158613,1,0,241.35416616591556,0,0,1
0.880245753522606,1,0,212.97371619619747,0,0,1
0.6570112332524601,1,0,330.9904786570555,0,0,1
0.9507418666590706,1,0,235.14079078160552,0,0,1
1.8087398370767358,1,0,352.3810221811175,0,0,1
0.8335382526975628,1,0,333.1109916699462,0,0,1
0.7156527848525862,1,0,238.2321899221201,0,0,1
1.8458379986510036,1,0,207.2210351204454,0,0,1
0.7788937268126939,1,0,239.43518969096831,0,0,1
0.41960985920630733,1,0,235.57363560932333,0,0,1
1.3141730467274844,1,0,389.16399504967694,0,0,1
0.7072306635994099,1,0,306.8289894193425,0,0,1
1.1359262666087862,1,0,314.3891912342393,0,0,1
1.5823763532402368,1,0,220.89023544286528,0,0,1
1.218024527156135,1,0,241.07193393660822,0,0,1
1.6557807699113627,1,0,266.5413558381306,0,0,1
0.8204633085103912,1,0,394.1782767378938,0,0,1
0.5036190718427447,1,0,316.8953596777062,0,0,1
0.9104009101553572,1,0,188.51327015581018,0,0,1
0.9414700947119252,1,0,397.73672454237806,0,0,1
1.488742870096246,1,0,217.32370936099528,0,0,1
1.4363106635921699,1,0,305.43221895806124,0,0,1
0.7568670562564903,1,0,368.7905883215297,0,0,1
1.8727860647981829,1,0,303.9399997765912,0,0,1
0.6960591714178134,1,0,381.48031633689004,0,0,1
1.9936348917050624,1,0,362.0237456674522,0,0,1
0.25886186099336433,1,0,158.75169795122716,0,0,1
1.412733112689853,1,0,321.70373387761333,0,0,1
1.3163799227876558,1,0,330.2129979968731,0,0,1
1.2528723979216503,1,0,242.9503051249454,0,0,1
1.6024486794007458,1,0,377.38279921261255,0,0,1
1.2635770368809807,1,0,350.2302680073854,0,0,1
1.2978513099713238,1,0,241.7678651769836,0,0,1
1.7792447919739707,1,0,205.77077669204994,0,0,1
0.5361373972794807,1,0,203.14536976302662,0,0,1
1.1560836020901866,1,0,205.1347585093043,0,0,1
1.4817820610573684,1,0,297.30577850118175,0,0,1
0.7541791604253603,1,0,310.6917698456116,0,0,1
0.5950723233086354,1,0,187.21875170027565,0,0,1
0.43202313074279663,1,0,287.132542175439,0,0,1
0.6728390449286458,1,0,212.57089622858803,0,0,1
1.3989400804084202,1,0,377.602055143941,0,0,1
1.3069377918914287,1,0,364.07659147622144,0,0,1
0.5091545301140781,1,0,178.90622110451218,0,0,1
1.084076720795582,1,0,213.0716750966328,0,0,1
0.5847855208106213,1,0,386.12943258563246,0,0,1
1.8847509598842402,1,0,224.7458389109264,0,0,1
1.5034416826817172,1,0,353.95658227662733,0,0,1
0.5119916150524287,1,0,162.61606081574118,0,0,1
0.7214821231166688,1,0,246.94909144116417,0,0,1
1.7355428938113278,1,0,303.6988734843808,0,0,1
1.2028197667785634,1,0,249.8861766266684,0,0,1
0.840719177809123,1,0,347.6626920154191,0,0,1
1.2771575227617165,1,0,394.9800557328029,0,0,1
0.9010685933300708,1,0,278.38309301406576,0,0,1
1.8405708544294042,1,0,265.9079036204637,0,0,1
1.7723734345193316,1,0,326.1277262149755,0,0,1
0.48869559856181677,1,0,338.4261925527592,0,0,1
1.419407388634189,1,0,164.94949169503883,0,0,1
1.7076582029088205,1,0,259.39734288176095,0,0,1
0.5802387910767828,1,0,274.93593509449806,0,0,1
1.7687177449693192,1,0,226.85418224593099,0,0,1
0.9552033627369401,1,0,339.7717545979488,0,0,1
0.7539087763227195,1,0,371.74475944832255,0,0,1
1.9713103627215194,1,0,361.33406752233043,0,0,1
1.4384088855103445,1,0,308.4454478857174,0,0,1
0.7229135227233372,1,0,348.5503711526379,0,0,1
1.1534424223211006,1,0,208.1568275223716,0,0,1
1.3582374284505752,1,0,156.41994260770983,0,0,1
1.4814887846024969,1,0,278.36376168257027,0,0,1
0.5769032563846044,1,0,252.49696949415295,0,0,1
1.3098794629138688,1,0,370.4284197854126,0,0,1
1.7250716577587832,1,0,347.27619057415006,0,0,1
1.646587479610157,1,0,245.46298068635576,0,0,1
0.729693377632952,1,0,154.35798440870525,0,0,1
1.9463468050091919,1,0,218.71874310516375,0,0,1
0.22265984539082392,1,0,240.10995278037336,0,0,1
1.6022283453900605,1,0,318.95892247639983,0,0,1
0.770800933880667,1,0,375.81931429889835,0,0,1
1.8941695866720956,1,0,205.23838778250337,0,0,1
1.7499019072420365,1,0,346.47776008166886,0,0,1
1.7860894773344032,1,0,332.1442772041124,0,0,1
0.6533615899477629,1,0,238.28834662772726,0,0,1
1.6335479229896437,1,0,154.0420424467336,0,0,1
0.7987756677016431,1,0,158.17605950200502,0,0,1
1.004975137076182,1,0,304.81117936130255,0,0,1
1.8278036372499158,1,0,361.78048505592403,0,0,1
1.4968161244168379,1,0,307.990809281423,0,0,1
1.3530200311127862,1,0,343.41943624295124,0,0,1
0.4321521096063637,1,0,275.7164783632292,0,0,1
1.1689098284158432,1,0,215.7155085716689,0,0,1
0.42232608486115697,1,0,159.94006365423323,0,0,1
0.3350428139671693,1,0,354.3363231575944,0,0,1
1.903844899962181,1,0,268.5578444905488,0,0,1
1.2663176467390544,1,0,369.11705319362534,0,0,1
0.2110630519405412,1,0,242.5472914783415,0,0,1
1.0442517686096073,1,0,218.99468701657597,0,0,1
0.7161392002414382,1,0,316.76201208116817,0,0,1
0.4770374053488081,1,0,301.0866315615858,0,0,1
1.6744184773046498,1,0,326.06023090561166,0,0,1
0.47649614091356945,1,0,172.7699766600515,0,0,1
0.4994300502142438,1,0,170.83818515306814,0,0,1
0.6186926870987313,1,0,292.7311806968953,0,0,1
1.4823962501690084,1,0,287.06821098359774,0,0,1
0.5433166736733085,1,0,173.23034766903112,0,0,1
0.7784478506717527,1,0,257.5474171134597,0,0,1
1.8242232578523023,1,0,308.401485984175,0,0,1
1.2172547521598172,1,0,285.50687067991623,0,0,1
0.5114155229048886,1,0,196.62603740142507,0,0,1
1.747825370382193,1,0,381.9531143969065,0,0,1
1.1218923127830756,1,0,158.59065213019701,0,0,1
1.7016100235936,1,0,218.143884605804,0,0,1
0.3417411994805418,1,0,166.8863627310699,0,0,1
0.4912789970708063,1,0,220.84252597880453,0,0,1
0.36526611295619876,1,0,321.32475674459556,0,0,1
1.0662246405664375,1,0,155.95216420365603,0,0,1
0.8972822201282444,1,0,159.69106486013555,0,0,1
0.9488168640405004,1,0,201.46434069132846,0,0,1
0.8597708493121998,1,0,156.92068383506538,0,0,1
0.9634685775650922,1,0,247.51391750462147,0,0,1
0.886220716707081,1,0,207.53703542102514,0,0,1
0.4873894529295857,1,0,230.53776440092648,0,0,1
1.2243492465711727,1,0,359.3034323235953,0,0,1
1.7645021863965984,1,0,258.0501183280992,0,0,1
1.9893470490726775,1,0,153.76219416536216,0,0,1
0.4111549264752861,1,0,286.7038210532147,0,0,1
0.9402220771213472,1,0,177.34595029480823,0,0,1
0.6339643928117322,1,0,164.83526481779498,0,0,1
1.220420668701624,1,0,231.82858780134947,0,0,1
0.8486577232894463,1,0,218.0264301523988,0,0,1
1.7799572038222742,1,0,177.9227023999857,0,0,1
1.8833676570797004,1,0,224.6082103170267,0,0,1
0.785157001142037,1,0,271.01578486406095,0,0,1
0.8415515747638687,1,0,212.78529123079247,0,0,1
1.1629332807125583,1,0,158.07481184273973,0,0,1
1.3439390806526827,1,0,373.15003748991666,0,0,1
1.5544261663917966,1,0,312.85103293775114,0,0,1
0.38012823133832474,1,0,326.6631550940816,0,0,1
0.29196673881629515,1,0,252.02277525564608,0,0,1
1.420810396858297,1,0,293.3348731528838,0,0,1
1.0616371678219254,1,0,325.7457429545742,0,0,1
1.410953892810448,1,0,239.17319665196973,0,0,1
0.742892536775873,1,0,357.819796273545,0,0,1
0.5099103856612768,1,0,343.0911913404899,0,0,1
0.40025268067367936,1,0,221.7710705987915,0,0,1
1.6154001338037245,1,0,233.19912532360547,0,0,1
0.9254530969346997,1,0,195.98022464707037,0,0,1
0.34917435858627793,1,0,275.65504310117706,0,0,1
0.6441794026506337,1,0,352.8301305884452,0,0,1
1.7507338526128755,1,0,291.0036691995484,0,0,1
1.0667717535949504,1,0,238.67109959356117,0,0,1
1.7360162194457385,1,0,252.55887535933965,0,0,1
1.901603347548777,1,0,323.1463031650268,0,0,1
0.32052312327594146,1,0,278.56677434453036,0,0,1
1.8978013326867875,1,0,288.17968573924776,0,0,1
0.8679184249120857,1,0,302.4190202698102,0,0,1
1.4568894240306578,1,0,334.6357836504039,0,0,1
0.9256303839999422,1,0,306.41431414825706,0,0,1
1.3063113589908224,1,0,321.08178185200063,0,0,1
1.4055787053137652,1,0,316.53187099750636,0,0,1
0.439373130698516,1,0,381.61633294981226,0,0,1
0.9760228137161415,1,0,334.11224151173576,0,0,1
0.5718647110201909,1,0,286.6404539819631,0,0,1
0.41475117493738023,1,0,374.4895262128739,0,0,1
1.2654984774444287,1,0,375.0993463625086,0,0,1
1.4244735330867568,1,0,237.8786684657419,0,0,1
0.6636221209748561,1,0,351.3258059793924,0,0,1
0.21318563343445335,1,0,395.6170277837389,0,0,1
1.9473673260372335,1,0,201.7112127119027,0,0,1
1.054728842985011,1,0,249.2412789663431,0,0,1
1.3732855773458186,1,0,253.8627562671172,0,0,1
0.335400972013017,1,0,302.6436256225918,0,0,1
1.316391666182249,1,0,390.6676247114877,0,0,1
1.572680859002027,1,0,226.40209849589104,0,0,1
0.285298220077867,1,0,338.43513124105186,0,0,1
1.1424299379713774,1,0,344.64053307221786,0,0,1
0.45562344467596405,1,0,324.0409239491805,0,0,1
0.46445530043613525,1,0,297.06845934973137,0,0,1
1.3066430932832838,1,0,292.93011558387354,0,0,1
1.3146644841086454,1,0,220.5130832985506,0,0,1
1.1967860718843077,1,0,184.31254671418338,0,0,1
1.1183040019253971,1,0,233.51501327082764,0,0,1
1.0459794462625125,1,0,207.39747603075693,0,0,1
1.0661982904081038,1,0,313.1560341699602,0,0,1
0.8020275924216527,1,0,363.28437721184855,0,0,1
0.6631936882656926,1,0,189.67322519213667,0,0,1
0.6781613561004776,1,0,314.86708021351217,0,0,1
1.834579760081915,1,0,180.46759092970336,0,0,1
0.6800741712940956,1,0,245.02447196314375,0,0,1
0.8741255817964888,1,0,193.29610883944355,0,0,1
1.1073513378553554,1,0,224.88568011259986,0,0,1
1.536847995091801,1,0,364.64375081561434,0,0,1
1.598775040810707,1,0,254.9348779655202,0,0,1
1.4990211680475833,1,0,177.14985322341596,0,0,1
0.7454560719064975,1,0,199.73742920876924,0,0,1
0.4935662195177801,1,0,360.9111621113103,0,0,1
1.6706477130510533,1,0,252.53993040799304,0,0,1
1.774075979006146,1,0,383.9948242347492,0,0,1
1.8432662312754748,1,0,290.3062175647101,0,0,1
1.7450169247283749,1,0,276.76999994448363,0,0,1
0.8504780749679439,1,0,264.044078049512,0,0,1
0.4763107533965504,1,0,343.364067726081,0,0,1
1.4067704924168356,1,0,358.9262936164085,0,0,1
1.368951469671899,1,0,181.76231511492665,0,0,1
0.6462179003422579,1,0,252.10366849109656,0,0,1
1.3163972330985771,1,0,220.69222347959095,0,0,1
1.9968370975091096,1,0,374.8457493697912,0,0,1
0.5033611116014465,1,0,333.6771890537226,0,0,1
0.8814406749293444,1,0,223.08166408613647,0,0,1
0.9038896279206259,1,0,252.09328025792507,0,0,1
0.5843572668780082,1,0,254.80167568003503,0,0,1
1.6185255159707883,1,0,382.95330785353366,0,0,1
1.4731451695609878,1,0,268.4208815069799,0,0,1
0.5905451249512398,1,0,154.60699088266338,0,0,1
1.7440323225762069,1,0,332.5213675048571,0,0,1
0.966440344956996,1,0,174.13586501869864,0,0,1
1.191635011484751,1,0,307.6849773213762,0,0,1
1.43280728759695,1,0,278.37495810505123,0,0,1
1.7734845592125625,1,0,340.6772277295198,0,0,1
0.6083030483550528,1,0,287.5360734873954,0,0,1
1.2662218319740624,1,0,193.8084606312575,0,0,1
1.4088362087700468,1,0,373.490401228364,0,0,1
1.7954855787525088,1,0,375.83200162822766,0,0,1
1.5901279250580582,1,0,255.17091529455143,0,0,1
1.8459824006659695,1,0,302.3545477790642,0,0,1
0.33541872868285233,1,0,288.10549218036897,0,0,1
0.965821796903849,1,0,283.5593933711694,0,0,1
0.7513915530592601,1,0,172.54990397519896,0,0,1
1.0949299761755065,1,0,273.4951955683465,0,0,1
1.6594590983998376,1,0,206.28710596334312,0,0,1
1.086609324727628,1,0,349.4619959450812,0,0,1
0.26327286437932995,1,0,362.2000263337253,0,0,1
1.407475034185702,1,0,154.67154493074014,0,0,1
0.2185277529720242,1,0,334.1836933243178,0,0,1
0.37595428500741734,1,0,178.7116273278485,0,0,1
1.5099109321541804,1,0,152.46283662218994,0,0,1
1.6958006741301401,1,0,153.41991302576398,0,0,1
0.7726060792437888,1,0,266.50182905762244,0,0,1
1.224211273408948,1,0,353.5281973437704,0,0,1
1.1849322163140674,1,0,227.85097743976314,0,0,1
0.30007662524807766,1,0,381.1573074332421,0,0,1
1.1807254565861764,1,0,255.28354732011456,0,0,1
0.21974659151855522,1,0,197.16369808100325,0,0,1
1.6759473480477767,1,0,264.76961419676365,0,0,1
1.546641858553557,1,0,306.73998412154805,0,0,1
0.7106807957104972,1,0,276.4265349125514,0,0,1
0.6721947694301763,1,0,260.1665854939216,0,0,1
0.5422210485646862,1,0,197.11384938256947,0,0,1
1.9149728455007902,1,0,324.83512069616677,0,0,1
1.7224179865867921,1,0,237.59934894181657,0,0,1
1.7079256798181723,1,0,392.64445316369233,0,0,1
1.0391841022580144,1,0,250.15833167181634,0,0,1
1.660738625528784,1,0,205.38962510821148,0,0,1
1.2648136394753475,1,0,364.91185579967794,0,0,1
0.7390314961929598,1,0,202.17203369020075,0,0,1
0.9747837965403583,1,0,192.028836425678,0,0,1
0.9363606184627167,1,0,329.62823901382046,0,0,1
0.83328454790599,1,0,224.53740245110225,0,0,1
0.6361340243377819,1,0,254.33716411380988,0,0,1
0.9168413831826072,1,0,262.76306096947224,0,0,1
1.2787255877414105,1,0,345.8874716094908,0,0,1
0.5531366979487183,1,0,293.5734748920046,0,0,1
0.45532325558870745,1,0,335.3468018596202,0,0,1
1.4424100454030298,1,0,396.8734606219076,0,0,1
1.1474091128272745,1,0,327.74090492683507,0,0,1
0.8339039908604482,1,0,219.71345342938773,0,0,1
1.8342235630244568,1,0,341.7372791465093,0,0,1
1.0303766585020675,1,0,362.4805174772705,0,0,1
0.7971257582235833,1,0,257.69872683933147,0,0,1
0.5892607609510643,1,0,314.884026483648,0,0,1
0.7817089870171501,1,0,272.5990487400031,0,0,1
0.6927451181841879,1,0,181.88780107661398,0,0,1
1.7602566145766607,1,0,332.2011392295966,0,0,1
1.8055785012023624,1,0,260.9117728406715,0,0,1
0.9426446677022422,1,0,236.60289037144133,0,0,1
0.6697141919571912,1,0,266.9340731066802,0,0,1
0.4346262427631387,1,0,295.5125830452981,0,0,1
1.4890358951148,1,0,339.2170953581286,0,0,1
1.7823565366032625,1,0,377.1729961802482,0,0,1
0.9400108373738867,1,0,321.06324777697785,0,0,1
1.7748172382765006,1,0,398.5731485027146,0,0,1
0.6455237070512829,1,0,189.37201491995526,0,0,1
1.2956841957604495,1,0,188.58397514982053,0,0,1
0.3459658168583378,1,0,347.6082351928545,0,0,1
1.213623930980509,1,0,308.3784140844841,0,0,1
1.3496260567177074,1,0,365.5286607097943,0,0,1
1.359883434938066,1,0,319.73604572398585,0,0,1
1.6018131026203328,1,0,153.14898211354526,0,0,1
0.37054148439527784,1,0,318.17395492958553,0,0,1
0.7014094645349656,1,0,202.9135635120698,0,0,1
1.447515567318214,1,0,261.73469800674354,0,0,1
1.2657353570973247,1,0,322.8780852314299,0,0,1
1.909014489943131,1,0,314.07197935466286,0,0,1
1.6115227731957744,1,0,245.634833952189,0,0,1
1.0477638025387708,1,0,328.2666481652775,0,0,1
1.1607454060998175,1,0,386.039077915614,0,0,1
1.3874580522317221,1,0,207.69304335244982,0,0,1
0.21841087423759403,1,0,179.85893500453832,0,0,1
0.8555826725241185,1,0,183.7546650569551,0,0,1
0.419423732322563,1,0,264.40275485926844,0,0,1
0.6309925203840805,1,0,224.55963865892815,0,0,1
1.6931127822754581,1,0,266.8688857031648,0,0,1
1.1872491709684978,1,0,171.0857670424628,0,0,1
1.7488284623227033,1,0,211.73308022923007,0,0,1
1.799872435123941,1,0,236.7911031531064,0,0,1
1.6507082152857167,1,0,383.4605916458878,0,0,1
1.5717355731735874,1,0,224.2594869008185,0,0,1
0.49897845103961314,1,0,162.05028350393997,0,0,1
0.6847267906542791,1,0,227.75794777414222,0,0,1
1.467340035436837,1,0,384.2208135069652,0,0,1
0.7418874472954045,1,0,256.80920642327595,0,0,1
0.8752692796194543,1,0,354.6422286424238,0,0,1
1.8854331018664543,1,0,216.81550140527384,0,0,1
1.4705633725856753,1,0,183.94466992242138,0,0,1
0.3919429807120375,1,0,274.16399034829,0,0,1
1.4981637147410793,1,0,325.4400051777525,0,0,1
1.6288173009074425,1,0,361.30091860306186,0,0,1
1.8439634802895006,1,0,210.25981840816462,0,0,1
1.4332229063829387,1,0,396.6630477884769,0,0,1
0.37227428406937335,1,0,272.3101887057273,0,0,1
1.5774971934846602,1,0,275.5717680084028,0,0,1
1.3813389299748504,1,0,364.63622593343473,0,0,1
1.021039788323156,1,0,251.8264626700535,0,0,1
1.5689686048454172,1,0,339.34513684175477,0,0,1
1.1452127203274909,1,0,291.9133594664588,0,0,1
1.8781233545172926,1,0,183.85139616292258,0,0,1
1.8768728439470688,1,0,158.2334192220551,0,0,1
0.6058087820675366,1,0,383.55085681252547,0,0,1
0.9930479436388133,1,0,366.6230324928858,0,0,1
0.5573362438991127,1,0,395.8868900194426,0,0,1
0.7952921351096698,1,0,318.5466751286576,0,0,1
0.6015677216070754,1,0,311.43183024393267,0,0,1
1.1214532986355472,1,0,202.1333329085339,0,0,1
0.20115896914488754,1,0,310.5749663529805,0,0,1
1.6245229395257654,1,0,272.10145473826515,0,0,1
0.48609237332165633,1,0,244.33346113883098,0,0,1
0.69342079644457,1,0,320.6132512695401,0,0,1
0.5148388005354801,1,0,171.24860613605898,0,0,1
0.8371158825865155,1,0,275.97224020006263,0,0,1
0.3386580551526336,1,0,339.52848906504,0,0,1
1.746033143678335,1,0,357.4952103486852,0,0,1
0.9469074140370215,1,0,272.5038284924923,0,0,1
1.8635959051096742,1,0,238.14637218879574,0,0,1
0.28453083655335304,1,0,293.09258127041994,0,0,1
0.5106724205189586,1,0,182.06230682743183,0,0,1
1.7044879190946578,1,0,172.86972016383282,0,0,1
1.034859464969033,1,0,354.7842782482221,0,0,1
0.30699763747883324,1,0,181.6251610762211,0,0,1
0.2840232540554214,1,0,254.31708060663374,0,0,1
1.8107358588751785,1,0,252.93649865343957,0,0,1
0.6710728640589422,1,0,395.7658354454054,0,0,1
0.939589821042714,1,0,326.2948817378862,0,0,1
1.8146161181868365,1,0,341.6353497472543,0,0,1
1.4017461962001474,1,0,317.47873903767425,0,0,1
1.5868066690808627,1,0,218.12893156138574,0,0,1
1.048701088803854,1,0,240.28119041629552,0,0,1
1.4514491335412092,1,0,195.81057875159496,0,0,1
1.25177482602796,1,0,285.5342436607584,0,0,1
0.5065198737505024,1,0,169.4778097108896,0,0,1
1.230836090526255,1,0,375.9664733812926,0,0,1
1.8660501294274814,1,0,199.11235326899416,0,0,1
0.8214191662553363,1,0,203.3750134446104,0,0,1
1.0889815442043846,1,0,271.14447914819675,0,0,1
0.9489524461432539,1,0,229.9444093726612,0,0,1
1.4395310698400967,1,0,191.63572546002794,0,0,1
1.3286315757460232,1,0,396.41486237036077,0,0,1
1.058702302885315,1,0,219.91161616857772,0,0,1
0.2851042376350956,1,0,334.88087916641217,0,0,1
0.6761653754331478,1,0,331.5201954152076,0,0,1
0.7661493008529427,1,0,211.1444579921105,0,0,1
1.518484138697828,1,0,219.42196102015777,0,0,1
0.9133175804425002,1,0,283.67052327824774,0,0,1
0.8809489253829097,1,0,365.2572765210649,0,0,1
1.0025544467983332,1,0,334.88368711587975,0,0,1
0.9775711050281002,1,0,225.76292093129103,0,0,1
1.4918077116661985,1,0,160.79760257393093,0,0,1
1.4065553591468904,1,0,301.8508991635307,0,0,1
1.5731622362348765,1,0,268.93329444999034,0,0,1
0.5733424486600847,1,0,235.97290591231754,0,0,1
1.5346098219165907,1,0,311.55280402292215,0,0,1
0.7331563355269131,1,0,387.9214630192654,0,0,1
0.20011184001652887,1,0,375.8729947101191,0,0,1
1.3512516967307013,1,0,316.41730024828576,0,0,1
0.22123438679098248,1,0,389.82100055318995,0,0,1
0.37638947866600314,1,0,248.90581666195283,0,0,1
0.2740372197598737,1,0,175.26403520607997,0,0,1
1.291453993966048,1,0,263.0669831975959,0,0,1
0.5741974797815805,1,0,315.0977997726084,0,0,1
1.6564981659722435,1,0,350.35518298697764,0,0,1
0.8413529617964179,1,0,384.49801578791596,0,0,1
0.8033211228848898,1,0,279.2879592748926,0,0,1
1.1266268694639106,1,0,243.26591211086048,0,0,1
1.5950723827061504,1,0,220.41640803510006,0,0,1
1.4535147789642677,1,0,301.71226648991916,0,0,1
0.5717789036248249,1,0,323.19111121198745,0,0,1
1.57431371046414,1,0,308.0999196191617,0,0,1
1.1122564332952025,1,0,198.78386565073973,0,0,1
1.9773294405657666,1,0,261.55095898189677,0,0,1
1.1302569801379239,1,0,168.568719863955,0,0,1
0.7151254676708385,1,0,280.0963095045701,0,0,1
1.570055391783934,1,0,203.5498832025098,0,0,1
0.25272326233098125,1,0,372.2935865716199,0,0,1
1.5043375284233347,1,0,352.0549817206862,0,0,1
1.1777235555295469,1,0,332.86342891149263,0,0,1
0.5161676063326255,1,0,178.10292151908183,0,0,1
0.2433861176388593,1,0,261.6996245208167,0,0,1
0.2838454506936885,1,0,195.05151896040826,0,0,1
0.34721669501127816,1,0,160.94377848615522,0,0,1
1.0779024278830251,1,0,250.6173654433456,0,0,1
1.4736556694105158,1,0,228.43300003601763,0,0,1
0.4408445647394695,1,0,379.5533178650139,0,0,1
0.48614518065691015,1,0,381.5176290733238,0,0,1
1.6652456135824099,1,0,383.7064745317183,0,0,1
0.6102620649299573,1,0,153.58314932194193,0,0,1
1.6902258152636773,1,0,279.7218295111319,0,0,1
0.37108076030474424,1,0,154.55968761795162,0,0,1
1.706469836925776,1,0,301.1181497819496,0,0,1
1.5186504316717226,1,0,277.10485421361864,0,0,1
0.46580114217873514,1,0,257.5948401364365,0,0,1
0.8082978209268541,1,0,163.15431056693555,0,0,1
0.7996021452991133,1,0,176.21744862704696,0,0,1
0.44091839542120137,1,0,228.25825577076938,0,0,1
0.8788131058729651,1,0,210.5020542000786,0,0,1
1.4201033549223627,1,0,194.70829584074096,0,0,1
1.5149882978117624,1,0,362.8213172202643,0,0,1
0.5652271739248931,1,0,157.12169575152242,0,0,1
1.4992126911683876,1,0,204.46881738030183,0,0,1
0.6799892155057998,1,0,379.25844253506955,0,0,1
0.27650673911198725,1,0,367.9268730005543,0,0,1
0.5503413869971514,1,0,238.81058064001127,0,0,1
0.8160269530177102,1,0,351.1032444923078,0,0,1
0.2646339399359111,1,0,188.0584931540411,0,0,1
0.37154369776382,1,0,310.10656893734836,0,0,1
0.8412452670752064,1,0,370.7961354113424,0,0,1
1.8642568666830197,1,0,267.99198198522816,0,0,1
1.3444441181776474,1,0,191.72001449271036,0,0,1
1.881880552844034,1,0,294.7002677892706,0,0,1
0.26702545003536804,1,0,337.0433456653602,0,0,1
1.76257416967346,1,0,366.40522832179556,0,0,1
0.44425464278465415,1,0,244.7832443481783,0,0,1
0.626499925684384,1,0,221.01975309983425,0,0,1
0.38056766689167776,1,0,321.39389334461885,0,0,1
0.9401547096830822,1,0,212.46554387042536,0,0,1
0.5644128938795483,1,0,210.6941895748609,0,0,1
1.5308344325042655,1,0,195.5913385200974,0,0,1
1.558866287952115,1,0,241.87267632723234,0,0,1
0.7228775161513248,1,0,259.81264665610234,0,0,1
1.6396208734508566,1,0,331.21498355378156,0,0,1
0.49457722350381705,1,0,176.9360189369841,0,0,1
0.2724560300352308,1,0,256.48789587856044,0,0,1
0.497073282021403,1,0,314.459617800341,0,0,1
0.6423978070737414,1,0,286.23788033565074,0,0,1
0.2905900199157592,1,0,346.9910343079739,0,0,1
0.39761542350536405,1,0,373.0791907481355,0,0,1
0.7448648576833843,1,0,203.18558417280246,0,0,1
1.734403762206644,1,0,377.16138651610834,0,0,1
1.7398499719454497,1,0,371.34159130789226,0,0,1
1.9884360294719996,1,0,240.96070622289295,0,0,1
0.3764133391281956,1,0,353.3301072758568,0,0,1
0.20331469075250733,1,0,278.80725005266237,0,0,1
1.2181005198413593,1,0,352.70936355507513,0,0,1
1.2858418605727227,1,0,337.0043844007638,0,0,1
0.6251150267387326,1,0,390.60069394336585,0,0,1
1.6346750881982737,1,0,205.27587828375889,0,0,1
1.920714688924949,1,0,334.0164139466812,0,0,1
0.7970366701475791,1,0,153.47392279388077,0,0,1
1.902504016835199,1,0,380.4360867428677,0,0,1
0.38769296800656494,1,0,199.72743038543814,0,0,1
1.0561531432219566,1,0,243.35802584109467,0,0,1
0.5549033747635683,1,0,360.7701955785893,0,0,1
1.2519772931019464,1,0,269.4132375476556,0,0,1
0.3280342576673705,1,0,315.94499972871273,0,0,1
1.1078532448465934,1,0,240.36037773484028,0,0,1
0.5117089905466966,1,0,288.85183726903506,0,0,1
0.9514114572316621,1,0,361.36397025781554,0,0,1
1.4384939615247854,1,0,373.1317393249849,0,0,1
0.8008134709915209,1,0,264.07412987919673,0,0,1
1.1728045542361254,1,0,330.0370514657393,0,0,1
1.9486901224198088,1,0,266.8050202683595,0,0,1
1.775570317639688,1,0,384.9119321364037,0,0,1
1.9945401266702907,1,0,331.88989581791657,0,0,1
0.5186742789858854,1,0,257.82028949128767,0,0,1
1.0894391073626855,1,0,274.5287580667612,0,0,1
1.611633114297196,1,0,195.78256589017877,0,0,1
1.8722054617007164,1,0,385.25089551209715,0,0,1
0.6336049423674932,1,0,213.763841268465,0,0,1
1.9779632108904315,1,0,195.33814241170566,0,0,1
0.9944304181391173,1,0,263.0292549915655,0,0,1
1.5897895811703064,1,0,331.54041759456675,0,0,1
1.1330915821485537,1,0,320.67656084666567,0,0,1
0.7356844360191801,1,0,213.64386707194905,0,0,1
0.3960207576300849,1,0,216.23758727897712,0,0,1
0.49133056362081373,1,0,208.90918661253528,0,0,1
1.3653121439894087,1,0,300.8069709763131,0,0,1
1.1969617232529584,1,0,389.275463859518,0,0,1
0.9789625290635251,1,0,372.35294408408026,0,0,1
1.3269685074017468,1,0,276.12675314602205,0,0,1
1.1133026558034476,1,0,244.4588905252051,0,0,1
0.45437220311432075,1,0,248.93317222128826,0,0,1
0.6707887078705312,1,0,351.55387665880494,0,0,1
0.9772246359768151,1,0,312.6488995186179,0,0,1
0.9160961599580508,1,0,160.31612386979273,0,0,1
1.824546184559489,1,0,168.91126903169473,0,0,1
1.8954469396686937,1,0,270.338694732145,0,0,1
1.1612970991452432,1,0,283.080593266056,0,0,1
0.6781704359880006,1,0,390.1520343192112,0,0,1
1.6379683777039429,1,0,185.26820153098777,0,0,1
0.5273034882967788,1,0,351.9215494362062,0,0,1
1.085900259798199,1,0,373.87376088790893,0,0,1
1.9896412177029026,1,0,244.4066176892063,0,0,1
1.7745806139787073,1,0,190.45015635145074,0,0,1
1.8732516408640143,1,0,211.5782893377844,0,0,1
0.37617907763655667,1,0,315.69588520897696,0,0,1
1.0318643214252248,1,0,167.4475490736051,0,0,1
1.5843864492170883,1,0,371.39968046003935,0,0,1
0.4808250395535277,1,0,339.1528526926612,0,0,1
1.5841349161870546,1,0,348.6124091608667,0,0,1
0.8152159961659788,1,0,335.08084100691195,0,0,1
1.7969810723768926,1,0,182.17497580678685,0,0,1
0.9516845038669888,1,0,332.7230242724023,0,0,1
0.6504815152234873,1,0,299.79749664467596,0,0,1
1.85035582956475,1,0,162.74140327776564,0,0,1
1.483025599158976,1,0,221.1593711314435,0,0,1
1.0333500724255276,1,0,255.77507338136772,0,0,1
1.929851957555272,1,0,285.7269865357436,0,0,1
1.2842966157233946,1,0,195.13190732629295,0,0,1
1.2566778417893179,1,0,281.8064698782784,0,0,1
0.8502104757234534,1,0,389.3999220137624,0,0,1
1.7024877134456151,1,0,238.65593783165264,0,0,1
1.2535077313721061,1,0,187.86912780675317,0,0,1
1.3189660203738325,1,0,267.17968680677063,0,0,1
1.8851795490720251,1,0,262.6452766647477,0,0,1
0.6858657651091977,1,0,379.2982925421488,0,0,1
1.6236412006168872,1,0,265.5891082821736,0,0,1
1.6593812673802184,1,0,210.83164980661786,0,0,1
0.3140926231172007,1,0,206.1205091985344,0,0,1
1.5002019890553298,1,0,158.63784665906408,0,0,1
1.6946860493033984,1,0,335.3475627846441,0,0,1
1.1654586358917893,1,0,216.95399827404384,0,0,1
0.4001292663711077,1,0,346.9871965821063,0,0,1
0.34207142510472754,1,0,287.58078636485885,0,0,1
0.24239330250247781,1,0,327.9116336676171,0,0,1
0.8589950478470543,1,0,200.79523217289807,0,0,1
1.3181869731028868,1,0,188.74979573117767,0,0,1
1.2262213903383488,1,0,254.5380989865475,0,0,1
1.1175965681019333,1,0,239.19574552754855,0,0,1
0.9510526405494071,1,0,276.53656990884514,0,0,1
1.425565562792911,1,0,337.0743005667534,0,0,1
1.789834216958141,1,0,377.2123056465519,0,0,1
1.6876710003445965,1,0,298.5775401664603,0,0,1
1.4870713771650723,1,0,206.46534164319075,0,0,1
0.7261893871002423,1,0,223.85320044123057,0,0,1
1.8928125073343132,1,0,376.4131803691378,0,0,1
1.7502013530910143,1,0,202.40930616295992,0,0,1
1.9059934229373272,1,0,173.7315736157773,0,0,1
1.3143016999763386,1,0,380.29018584371624,0,0,1
0.7993561795692887,1,0,156.66619559005463,0,0,1
1.0138794403945406,1,0,337.22679750496775,0,0,1
0.7892586640111292,1,0,186.4014897327947,0,0,1
0.8316759403212728,1,0,316.5929219463699,0,0,1
0.9660333157029855,1,0,196.6093522005043,0,0,1
1.8830082928934353,1,0,374.2873334007864,0,0,1
1.0954468197664,1,0,162.46671017169095,0,0,1
0.9278713888701704,1,0,226.12379995604869,0,0,1
1.350871403050051,1,0,345.75896328023543,0,0,1
0.7154197977201653,1,0,291.8291673485338,0,0,1
0.21585145972393346,1,0,255.46857068962936,0,0,1
1.5138097476894257,1,0,258.88440319833467,0,0,1
0.7984153833817764,1,0,275.57939550518375,0,0,1
0.6274701218104815,1,0,398.7185519767653,0,0,1
1.1630488551076308,1,0,318.4124660694813,0,0,1
0.4899779757393078,1,0,271.76505017875434,0,0,1
0.7003497860934738,1,0,230.46246343359087,0,0,1
1.1221384935933192,1,0,275.95084283632684,0,0,1
1.9539005538377388,1,0,380.65397395953084,0,0,1
0.6390566800801922,1,0,204.74303442853036,0,0,1
1.040663794230263,1,0,236.36982142761343,0,0,1
1.1504296448581053,1,0,166.2489801459604,0,0,1
1.4832352507947062,1,0,307.3076866055997,0,0,1
1.1396038011088703,1,0,341.7542565828644,0,0,1
1.5201247722252345,1,0,308.0065072434381,0,0,1
1.7555783179467106,1,0,352.958922385835,0,0,1
0.7090131334406176,1,0,342.687134834133,0,0,1
1.7041898086861333,1,0,393.1164759388719,0,0,1
0.6729137372946143,1,0,263.11001979936105,0,0,1
1.6568290185521166,1,0,171.017580189908,0,0,1
1.3459777400388573,1,0,283.849158466188,0,0,1
1.223361471797255,1,0,342.75301851534743,0,0,1
1.0350783384945952,1,0,251.73813293278357,0,0,1
1.1817654674585518,1,0,262.30810041157866,0,0,1
0.622242294803498,1,0,334.3394567261842,0,0,1
1.096519282553857,1,0,154.21009514818047,0,0,1
1.295311153812357,1,0,314.32033402917153,0,0,1
0.8868193322939659,1,0,326.80247142873367,0,0,1
0.8873066167257648,1,0,392.66747001217556,0,0,1
0.8253565045356548,1,0,332.487101111926,0,0,1
1.6722233430062299,1,0,182.72182228576673,0,0,1
0.8919954931345133,1,0,274.5757520841182,0,0,1
1.2445874861358808,1,0,251.4863685115164,0,0,1
1.949981823582043,1,0,250.23288066320742,0,0,1
0.25416991062675937,1,0,346.27263094663806,0,0,1
0.5958254244167218,1,0,295.27599794894894,0,0,1
1.8654062413216845,1,0,332.71861564911865,0,0,1
1.490069855079856,1,0,336.44921463073183,0,0,1
0.8776255199781351,1,0,322.0843575253492,0,0,1
0.36158505631555304,1,0,339.44260236622904,0,0,1
1.1250820772396093,1,0,204.6401327408122,0,0,1
1.6109663425192653,1,0,174.67804013832665,0,0,1
0.9612018546258692,1,0,190.31465614470181,0,0,1
1.7191654996920365,1,0,352.18782924848693,0,0,1
0.722878516268088,1,0,389.01581234822623,0,0,1
1.0912893663545915,1,0,384.2069623538432,0,0,1
0.36233069069458884,1,0,153.2090981640463,0,0,1
1.146027264424978,1,0,398.7678752385759,0,0,1
1.7499007732413723,1,0,371.63249749714305,0,0,1
0.4739642561099669,1,0,199.71236434308844,0,0,1
1.297220884483871,1,0,289.35044095336417,0,0,1
0.7656653436891816,1,0,396.1528217406841,0,0,1
0.8361474360558769,1,0,267.74831722034173,0,0,1
0.21544815292955732,1,0,388.3604703267191,0,0,1
1.1593852641458677,1,0,285.9529841242283,0,0,1
1.9735921505292686,1,0,236.09080775990236,0,0,1
0.46435401373944823,1,0,190.13231459314923,0,0,1
0.6216577873531033,1,0,176.01893463213344,0,0,1
0.6073407289842256,1,0,326.67142041338525,0,0,1
1.2118361976973215,1,0,231.89444539940052,0,0,1
0.5418346489731031,1,0,251.93312336328404,0,0,1
1.9129780779603067,1,0,384.3021490533033,0,0,1
1.4533825547689914,1,0,199.96167510479893,0,0,1
1.3255330984173193,1,0,243.3187451575392,0,0,1
0.2071500637025701,1,0,377.39128454754893,0,0,1
1.0470466548676785,1,0,385.14876640509976,0,0,1
1.6569832792124672,1,0,350.6878591631327,0,0,1
1.1125891016987168,1,0,245.78631117916706,0,0,1
1.5289013913674525,1,0,181.3645928603314,0,0,1
1.4277038872791372,1,0,347.3524145315875,0,0,1
1.8730423708667405,1,0,359.7595103294885,0,0,1
0.8599608242483492,1,0,328.7110593065237,0,0,1
1.6856603514103607,1,0,234.34783731337978,0,0,1
0.668775715611098,1,0,313.1065038762554,0,0,1
1.2035572879934298,1,0,325.5679837607304,0,0,1
1.3122991662399635,1,0,371.8576211171704,0,0,1
0.9968922220565912,1,0,184.78849334721275,0,0,1
0.3842578501052209,1,0,215.95623963148444,0,0,1
0.9815644756648985,1,0,250.92463916349718,0,0,1
0.5545739736885817,1,0,352.9125704613002,0,0,1
1.0771654605331105,1,0,373.4253123865401,0,0,1
0.23712283113271046,1,0,219.60344920255787,0,0,1
1.0701487078136114,1,0,276.03598923029654,0,0,1
0.8791919196897715,1,0,301.92809310304676,0,0,1
0.22431570098881204,1,0,191.36693492351475,0,0,1
1.3209658743169086,1,0,348.0938653602915,0,0,1
0.7634064355565688,1,0,267.72537496729626,0,0,1
1.2482729252222609,1,0,373.66980786340577,0,0,1
1.7946527933176295,1,0,287.0863431050193,0,0,1
1.7559375024852564,1,0,358.2657061700861,0,0,1
1.1064252580660023,1,0,162.2723389780358,0,0,1
1.0482671451549246,1,0,259.71505386743763,0,0,1
1.159953509929958,1,0,254.78507620147943,0,0,1
0.9025795898236952,1,0,198.4844049959502,0,0,1
0.7311727180256027,1,0,290.4093898412341,0,0,1
0.4837418527516538,1,0,337.62564150529363,0,0,1
1.8471621528868656,1,0,273.32909771356583,0,0,1
0.3109560062281383,1,0,357.9887870699288,0,0,1
0.8212055390528095,1,0,223.24490481390978,0,0,1
0.49959244754122617,1,0,224.5881217995866,0,0,1
0.3089613678424955,1,0,191.70727525691322,0,0,1
0.5109515133526735,1,0,346.0339183424483,0,0,1
1.0207377639065325,1,0,186.99902170015756,0,0,1
1.2061051354836168,1,0,187.44174400827518,0,0,1
1.8098559665410034,1,0,151.7569939859727,0,0,1
1.4309095986381857,1,0,247.0670517255096,0,0,1
1.6435337646932164,1,0,259.2259043331858,0,0,1
1.1959450906622044,1,0,262.7788407879707,0,0,1
0.5622792772290338,1,0,341.5424733776233,0,0,1
1.7297393290877219,1,0,253.67410618103702,0,0,1
1.0541278811015051,1,0,151.06533627495642,0,0,1
1.5882486578249357,1,0,302.3616690898343,0,0,1
0.2114319398449746,1,0,192.80732857593364,0,0,1
1.0021494359386784,1,0,156.25887937928655,0,0,1
0.8099863527843738,1,0,344.34344835497575,0,0,1
0.7349644376405267,1,0,211.45865673798255,0,0,1
1.4147225865410105,1,0,338.822476346096,0,0,1
1.68417797714364,1,0,310.4311063364345,0,0,1
1.7551220019185783,1,0,370.8277544258733,0,0,1
1.6413153590290444,1,0,239.53970938130684,0,0,1
1.6609938684305376,1,0,312.51931738200574,0,0,1
1.7031501203555102,1,0,292.0559954614938,0,0,1
1.4484199540762117,1,0,345.6971878971161,0,0,1
1.5678418816970208,1,0,232.33383322411993,0,0,1
0.598087828128264,1,0,299.872381463901,0,0,1
1.9230466179155357,1,0,285.2183713577702,0,0,1
1.105659319921742,1,0,160.89600789195873,0,0,1
0.672964443927401,1,0,158.50130410746527,0,0,1
1.0181816088651678,1,0,375.7508049925075,0,0,1
1.681877585506468,1,0,310.1905419501587,0,0,1
1.446478975431387,1,0,303.2820507061284,0,0,1
0.47468850263053997,1,0,335.7752449299588,0,0,1
0.9895646397467077,1,0,153.9139559234965,0,0,1
1.5592378711694221,1,0,208.01913269364292,0,0,1
1.4491564036374904,1,0,312.5312975744885,0,0,1
0.5412319357338041,1,0,329.59682897395317,0,0,1
1.5371612153886927,1,0,307.40425710859637,0,0,1
1.4147172778298058,1,0,252.75376974461602,0,0,1
0.6398756248805907,1,0,297.2172408916126,0,0,1
0.7536383367612207,1,0,324.9727946195919,0,0,1
0.9549281082763923,1,0,251.5988279527453,0,0,1
1.4127099978448479,1,0,290.9987638768282,0,0,1
1.9125938441135084,1,0,169.74626174646897,0,0,1
1.9905368606493017,1,0,192.38843549981362,0,0,1
1.4406391616902057,1,0,343.1435447903378,0,0,1
0.9423908474749076,1,0,245.00118350865,0,0,1
0.3232226596552523,1,0,344.50914968410495,0,0,1
1.267376696898898,1,0,318.5713049311417,0,0,1
1.067109661911173,1,0,240.65195785565385,0,0,1
1.4072957414779008,1,0,342.7129824775756,0,0,1
1.936044003891224,1,0,181.58956166631216,0,0,1
0.5002506391037591,1,0,190.14720383407206,0,0,1
0.8671156436046832,1,0,252.28832393677715,0,0,1
1.2370713531668527,1,0,313.94986084998357,0,0,1
0.8312845209217865,1,0,224.4411390805011,0,0,1
0.5168893290767669,1,0,230.8058267909464,0,0,1
1.2773844910212355,1,0,365.4295204217563,0,0,1
0.27088606870347287,1,0,374.9715529370659,0,0,1
0.8786777251435514,1,0,378.1342853884072,0,0,1
1.9508533256706306,1,0,155.4947817051276,0,0,1
1.0607734946676568,1,0,349.6023968750428,0,0,1
0.3828601545376636,1,0,340.4536888641269,0,0,1
1.7017201710350234,1,0,214.53667129585733,0,0,1
0.5222698760026442,1,0,206.6577665867885,0,0,1
0.6514968218436386,1,0,158.71407523890608,0,0,1
1.9323874703821844,1,0,355.51720053125246,0,0,1
1.5951841134361282,1,0,301.8822253169068,0,0,1
0.7794343095028053,1,0,153.9605581725195,0,0,1
1.3650849629604547,1,0,206.3148507177811,0,0,1
1.0779799741327833,1,0,357.69325974026265,0,0,1
1.8064943850753512,1,0,300.5302421796273,0,0,1
1.2085285980300238,1,0,363.94569590226394,0,0,1
1.3894610701448515,1,0,186.6763682014202,0,0,1
0.46844807310234027,1,0,388.1486205505022,0,0,1
0.6497549171974016,1,0,201.85827076245155,0,0,1
0.24777673062199834,1,0,225.87952222834514,0,0,1
1.2588399065865132,1,0,381.521055036469,0,0,1
1.2125324320078774,1,0,228.22674342794602,0,0,1
0.7540677036404655,1,0,298.7989897952823,0,0,1
0.6178397747219155,1,0,236.02390915318276,0,0,1
1.0154596095282054,1,0,334.9213164855855,0,0,1
0.38680844279127147,1,0,227.84670459644207,0,0,1
1.7353181004147877,1,0,260.32142637943383,0,0,1
1.697386034323018,1,0,170.94393357944807,0,0,1
1.273062422862826,1,0,380.2354735845679,0,0,1
1.8228433819672796,1,0,376.5075889768654,0,0,1
1.304275203137433,1,0,351.0494760376282,0,0,1
1.0836463862656471,1,0,368.2735973071729,0,0,1
1.2799639907402114,1,0,300.68515945734356,0,0,1
0.353786323284615,1,0,171.36581856115168,0,0,1
0.5914809912346213,1,0,167.64781693076725,0,0,1
1.204975199804598,1,0,346.5200747025509,0,0,1
0.40204171056470955,1,0,279.270808217806,0,0,1
1.6572671170220887,1,0,219.25107534242795,0,0,1
0.5064036866105908,1,0,159.36663951477007,0,0,1
0.9532101214658721,1,0,396.0110470095925,0,0,1
1.0722204125482158,1,0,174.17390610615735,0,0,1
0.4842744802553214,1,0,241.06621329085328,0,0,1
0.635898127661623,1,0,320.05008719277333,0,0,1
1.0719041999936016,1,0,305.77441960217436,0,0,1
0.3922185060953403,1,0,181.59453988986175,0,0,1
0.5369011735211242,1,0,305.11313040960397,0,0,1
0.2417464926915143,1,0,234.10031066725887,0,0,1
1.1116087612895653,1,0,192.65130629860974,0,0,1
1.6801065930769568,1,0,304.26777487821346,0,0,1
1.6594630540098303,1,0,375.11202231837694,0,0,1
0.8388136750786965,1,0,337.8808283287368,0,0,1
1.437396883016096,1,0,190.61742887510272,0,0,1
1.9818347163636219,1,0,193.52945991368478,0,0,1
0.9621304229409045,1,0,267.3329721674481,0,0,1
1.8448927110801718,1,0,155.28254008788483,0,0,1
1.6013819144008483,1,0,155.18623974154988,0,0,1
0.5183052744514549,1,0,212.97829215927598,0,0,1
0.9996205288368658,1,0,176.67523648791965,0,0,1
1.8754322239963066,1,0,286.67950291024033,0,0,1
0.5015996424247104,1,0,160.8599269496327,0,0,1
0.3037440868307524,1,0,210.88248103851075,0,0,1
0.6810767532157104,1,0,164.5508674929614,0,0,1
0.20873950340227737,1,0,282.61561435683655,0,0,1
0.42877911441413097,1,0,238.1541112978163,0,0,1
0.9672869425273056,1,0,170.75729474584983,0,0,1
1.5759852175653226,1,0,238.59152152727836,0,0,1
0.584697848188934,1,0,150.16218311509215,0,0,1
1.7293832545457486,1,0,356.36344776918486,0,0,1
1.978216220088598,1,0,240.93188863048658,0,0,1
1.0355226353838427,1,0,316.4741533702561,0,0,1
1.985841484219613,1,0,327.1908678179512,0,0,1
1.2400638767280547,1,0,288.72901058482057,0,0,1
0.3084065829072047,1,0,297.2107244336108,0,0,1
0.399023560440129,1,0,257.1549361974214,0,0,1
1.123288898241637,1,0,251.86191607661874,0,0,1
1.85926611392286,1,0,226.4877098030123,0,0,1
0.37726543493372844,1,0,167.80937944475244,0,0,1
1.2290874072506075,1,0,237.36635850034992,0,0,1
1.6598031507619584,1,0,265.6289167117372,0,0,1
1.9695692074228994,1,0,183.4332939184431,0,0,1
1.8344027725316512,1,0,377.01086633438814,0,0,1
0.39087898938231935,1,0,152.09476729431972,0,0,1
0.3382431966510274,1,0,205.94603930619238,0,0,1
0.5694736085558174,1,0,319.952315606702,0,0,1
0.7037999548964284,1,0,355.867462271347,0,0,1
1.7584486652969125,1,0,268.4362971029725,0,0,1
1.3613818872333814,1,0,297.15230359757356,0,0,1
1.8960035862101488,1,0,218.25047694906624,0,0,1
0.9539262162795017,1,0,388.58381578655826,0,0,1
0.9382275093860097,1,0,311.04106283606495,0,0,1
0.7033060376980691,1,0,182.86651390407647,0,0,1
0.9875323795655098,1,0,334.107094091737,0,0,1
1.6236514309477728,1,0,181.94304442305003,0,0,1
1.454057954200514,1,0,250.8398124386535,0,0,1
1.6215171402547972,1,0,272.8042023166837,0,0,1
1.6952517056605243,1,0,330.6031568507693,0,0,1
0.20772354349914954,1,0,399.0818892219119,0,0,1
0.627115059047052,1,0,242.8719448306449,0,0,1
1.3776551063859916,1,0,318.93417534894945,0,0,1
1.0031926253785604,1,0,318.09873073565564,0,0,1
0.41141450549788705,1,0,196.04731432548485,0,0,1
0.3166233026053712,1,0,310.7121495884237,0,0,1
1.8980300893619872,1,0,369.8545639679169,0,0,1
1.727209913589391,1,0,288.9335918926107,0,0,1
0.7742833945956915,1,0,269.94415321904063,0,0,1
1.350727657993332,1,0,311.8874157075776,0,0,1
0.4641618940629704,1,0,351.7121028628284,0,0,1
0.4429508397796627,1,0,206.31910914581653,0,0,1
0.8005486574517877,1,0,190.77586613151644,0,0,1
0.7062301322917133,1,0,312.80890778298533,0,0,1
1.9628916928651805,1,0,158.6459176769303,0,0,1
0.2438435224506756,1,0,356.31809765568346,0,0,1
1.1851246160592355,1,0,225.51844729197398,0,0,1
1.7374209023928953,1,0,177.74494549255712,0,0,1
0.246631376218866,1,0,341.16827093181666,0,0,1
1.1967087259218028,1,0,205.72302612019993,0,0,1
0.883988619128161,1,0,250.35663396706167,0,0,1
0.5886127141306138,1,0,253.46688713461657,0,0,1
0.6236611473561472,1,0,355.0579446235191,0,0,1
1.666000553285633,1,0,216.10590729379072,0,0,1
1.0360158008171876,1,0,308.29976479212394,0,0,1
0.2825874096186501,1,0,399.6607411707508,0,0,1
0.9358891398461007,1,0,299.83844789740846,0,0,1
1.6701031410459628,1,0,185.24346520595003,0,0,1
1.4404814456745558,1,0,220.816049117305,0,0,1
1.9189162674627152,1,0,283.78027389813417,0,0,1
1.5915604646239738,1,0,230.57520421456377,0,0,1
0.5077070772495411,1,0,279.1389301046087,0,0,1
0.32028958735496477,1,0,285.80564413258594,0,0,1
1.0326023581703236,1,0,333.8829459731064,0,0,1
1.0006589115921052,1,0,305.7369447110662,0,0,1
1.1858595333588526,1,0,324.4857611696975,0,0,1
1.4089725161272701,1,0,204.57664336306567,0,0,1
0.6577791933427852,1,0,255.80288462944208,0,0,1
1.978973521836109,1,0,356.28246400054377,0,0,1
1.0905746848797817,1,0,338.05541154219793,0,0,1
1.4869423579137044,1,0,195.5097645258545,0,0,1
0.9351198566364063,1,0,165.99147741432472,0,0,1
1.431959835147626,1,0,313.29201492167084,0,0,1
1.9701135266734937,1,0,261.0193797187494,0,0,1
0.47645654523385583,1,0,252.61847345039143,0,0,1
0.9846659888189031,1,0,156.2546918638163,0,0,1
1.454645500564822,1,0,245.4138080228275,0,0,1
1.7423391081724158,1,0,194.67552206960943,0,0,1
1.3469378104800072,1,0,158.5880844117409,0,0,1
0.6163122148095729,1,0,249.7242907823947,0,0,1
1.3612810734148815,1,0,356.2039934469294,0,0,1
1.3209213870327496,1,0,372.84269843602397,0,0,1
0.2785605780057969,1,0,209.54579144212917,0,0,1
1.2924091199308854,1,0,218.74326851804403,0,0,1
1.1586527982628088,1,0,174.64213137022125,0,0,1
0.7210453439071294,1,0,377.32465363617445,0,0,1
0.6300517180443614,1,0,166.3034572670988,0,0,1
1.5821960999847562,1,0,384.3190141140485,0,0,1
0.3168564842643378,1,0,310.36172100669586,0,0,1
0.712108367296511,1,0,346.62459959594946,0,0,1
1.4619238823254612,1,0,204.99614015663255,0,0,1
0.5765706688215293,1,0,301.87894886419934,0,0,1
0.41169072107894833,1,0,177.19923011368363,0,0,1
1.9692107118770192,1,0,314.66649246474196,0,0,1
1.2181365431509543,1,0,300.09008370099144,0,0,1
0.6837773152583987,1,0,355.97338073435026,0,0,1
0.47713763175278534,1,0,311.2283684928743,0,0,1
0.21279136768293477,1,0,392.881944397343,0,0,1
1.5495537176116532,1,0,272.5829569415577,0,0,1
0.8434929618872422,1,0,287.9772674332898,0,0,1
0.5502136271875551,1,0,168.96307493758582,0,0,1
1.8263560283641047,1,0,177.0616880049847,0,0,1
1.453395809583196,1,0,193.37536190804582,0,0,1
1.6587392315300808,1,0,179.5987753738025,0,0,1
1.3803316238910204,1,0,184.32686478747829,0,0,1
1.8500792744276149,1,0,215.11782389243064,0,0,1
0.8200126304815096,1,0,219.61201579996012,0,0,1
0.4815378000503035,1,0,323.89198172375666,0,0,1
0.21200560740179397,1,0,271.60828407919746,0,0,1
0.26087019033472686,1,0,381.7622167174974,0,0,1
1.736946859127852,1,0,235.73407635802818,0,0,1
1.3067444535290171,1,0,165.8531882523405,0,0,1
0.2820064755140636,1,0,361.04707389947635,0,0,1
0.3921074160534125,1,0,360.6683888348192,0,0,1
1.4537195675562617,1,0,240.8220882515197,0,0,1
0.8927980106989646,1,0,167.60169017546755,0,0,1
1.593930265507989,1,0,370.21886254388966,0,0,1
1.885803198300119,1,0,383.38453753936096,0,0,1
1.5607991227811435,1,0,399.2920308805946,0,0,1
0.526836903486055,1,0,247.76229014843727,0,0,1
1.3694061178797252,1,0,181.782844776892,0,0,1
1.2716162879789872,1,0,244.44720764628033,0,0,1
1.7262497451231533,1,0,296.3918140115851,0,0,1
0.5605138173760253,1,0,160.81746664738438,0,0,1
1.4940571796293276,1,0,218.55370650520007,0,0,1
1.2796099723994916,1,0,385.4864081514216,0,0,1
1.059623974226643,1,0,161.0464168673858,0,0,1
0.7239531815829303,1,0,187.7370835394225,0,0,1
0.24685773586235488,1,0,295.2559784668077,0,0,1
1.6500814789532439,1,0,389.43353808616405,0,0,1
0.3933731421568835,1,0,385.0794333198555,0,0,1
0.879266262505161,1,0,214.38005741427918,0,0,1
1.093078784070854,1,0,303.4398760194359,0,0,1
0.7934941809206264,1,0,391.25254793897557,0,0,1
1.3924135743279964,1,0,307.41988461607025,0,0,1
0.7912774557217204,1,0,205.3918560202633,0,0,1
1.1293638680445408,1,0,323.4107140564587,0,0,1
0.37134705667815104,1,0,277.8089503971758,0,0,1
0.9820913537524123,1,0,273.44467625805913,0,0,1
1.249400900852334,1,0,272.0941107630413,0,0,1
1.75128569621993,1,0,178.13189827218685,0,0,1
0.5268648826361735,1,0,347.35884186046576,0,0,1
0.8095434443421508,1,0,236.7389227378281,0,0,1
0.6667245901170804,1,0,196.18809002964375,0,0,1
0.4747973173306944,1,0,260.21458335922784,0,0,1
0.8941113591948713,1,0,310.76124543264916,0,0,1
1.8350070144988655,1,0,288.3604199943002,0,0,1
0.8712892895042597,1,0,354.7745732141684,0,0,1
0.6898957281526008,1,0,360.82800157921736,0,0,1
1.9244761030471393,1,0,305.1470037243435,0,0,1
1.4878527398788473,1,0,287.92678424184953,0,0,1
0.8654145281426413,1,0,291.6826876716667,0,0,1
1.5487733409605586,1,0,248.27642346488904,0,0,1
1.3493801583799918,1,0,267.3175248624066,0,0,1
1.7387112193485943,1,0,281.6780288955739,0,0,1
0.3998160738787866,1,0,350.21778639704905,0,0,1
1.1717466109650547,1,0,336.4664204920807,0,0,1
1.4638238874304081,1,0,198.89530077075088,0,0,1
1.9958149634302227,1,0,394.4567724122383,0,0,1
1.2831308396627854,1,0,391.3368445106205,0,0,1
0.45324061533492,1,0,219.80530229963875,0,0,1
1.948770877671593,1,0,399.7131626331739,0,0,1
1.0257876234421728,1,0,281.2769109326521,0,0,1
1.078760607757123,1,0,206.68392600538544,0,0,1
0.6556640575960972,1,0,330.1244401344517,0,0,1
1.664532313874754,1,0,161.98894704947472,0,0,1
1.152738488005193,1,0,321.9089168132381,0,0,1
1.9530232222871293,1,0,358.7508070669602,0,0,1
1.1342510039109825,1,0,237.63670895980277,0,0,1
0.5250002248144517,1,0,233.65632889122384,0,0,1
1.5865511786908868,1,0,218.10577932121473,0,0,1
0.46586183409690846,1,0,251.87369317274113,0,0,1
0.7100271080689748,1,0,293.3596041725126,0,0,1
1.8910752843964644,1,0,340.5147856523615,0,0,1
1.9574583745633318,1,0,371.6541122293152,0,0,1
1.597995318006635,1,0,287.1398058233771,0,0,1
0.5724145552688946,1,0,268.7472738906885,0,0,1
1.535458036997163,1,0,243.6708605601138,0,0,1
1.2692971871900856,1,0,298.83701718938994,0,0,1
1.0041310963638355,1,0,186.21682249588974,0,0,1
1.003043576672802,1,0,266.73893915486616,0,0,1
1.0154900268294171,1,0,277.197269153147,0,0,1
0.7802440152115933,1,0,307.32319372210884,0,0,1
1.1684601903875156,1,0,167.13003484261992,0,0,1
0.2657672623083361,1,0,257.4200225947128,0,0,1
1.7272846170589207,1,0,340.4423102633781,0,0,1
1.8146741583619805,1,0,346.01031179862525,0,0,1
0.9034730662994603,1,0,285.80188846825763,0,0,1
1.9074229447563527,1,0,367.9722425391452,0,0,1
1.5970608696490125,1,0,338.69179997983974,0,0,1
1.7261870005930913,1,0,349.3235706875168,0,0,1
1.8043015760706833,1,0,348.2421949371765,0,0,1
0.81257319317531,1,0,332.1491811660618,0,0,1
1.662886108584095,1,0,364.0593863159695,0,0,1
0.4612327210043604,1,0,174.2195093593028,0,0,1
1.958664994040327,1,0,275.93938438308294,0,0,1
1.2714988282207051,1,0,356.35960763562025,0,0,1
1.4494574674552514,1,0,177.3265509197022,0,0,1
0.7515307542109517,1,0,188.7988189299588,0,0,1
0.25735830994625536,1,0,250.40241749196818,0,0,1
0.4935712379390213,1,0,291.0143400993223,0,0,1
0.4557295973817412,1,0,330.97661033802717,0,0,1
0.9963785255124402,1,0,290.2068427000369,0,0,1
0.7265657831446224,1,0,204.15778131778688,0,0,1
1.8998897698767938,1,0,361.97423312892886,0,0,1
1.7147448405800794,1,0,216.2454519065465,0,0,1
1.1717319447028165,1,0,364.50592491651685,0,0,1
1.7342877671824228,1,0,273.76789897867184,0,0,1
1.2531395811175898,1,0,160.11915684345593,0,0,1
1.8560367980485535,1,0,269.88768806641735,0,0,1
1.5412609922578804,1,0,313.5141016732447,0,0,1
1.5233363224818,1,0,369.9898273815085,0,0,1
0.6948151277740555,1,0,295.5326705521593,0,0,1
1.6300366429208126,1,0,397.85907837072676,0,0,1
1.5902559861644823,1,0,245.18523750887016,0,0,1
0.34569749163350194,1,0,211.4258917875797,0,0,1
0.3042074117953279,1,0,260.8401888661922,0,0,1
1.786251365077366,1,0,314.60658452830785,0,0,1
1.9619395643015602,1,0,173.74532329278586,0,0,1
1.288345229418631,1,0,172.5015888556144,0,0,1
0.5074305285196635,1,0,306.0742863497764,0,0,1
0.9581402924472828,1,0,245.95704903132008,0,0,1
0.23788805883934802,1,0,345.8057324544384,0,0,1
1.6791086234622523,1,0,215.92351311484782,0,0,1
0.3856872281033099,1,0,258.36079201258303,0,0,1
0.8032712068800645,1,0,278.7545816505117,0,0,1
1.2128676906969162,1,0,385.58756369162927,0,0,1
1.4565113060067831,1,0,151.83541158460125,0,0,1
1.8327364981083736,1,0,204.24844448245796,0,0,1
0.959265509417542,1,0,173.00740813767518,0,0,1
0.5438524556823188,1,0,397.8291257656083,0,0,1
0.39601642295055195,1,0,183.05259677469547,0,0,1
1.385388481165642,1,0,355.7991057640336,0,0,1
0.4318544782160301,1,0,280.0154772241872,0,0,1
1.384810014050686,1,0,345.6086942916339,0,0,1
1.0212231263568143,1,0,225.42780733398644,0,0,1
0.9497456260599395,1,0,268.8660333863389,0,0,1
0.6696496392756827,1,0,394.4703759997443,0,0,1
1.8231692471435055,1,0,173.79999764929167,0,0,1
1.489136576725878,1,0,305.1636953054212,0,0,1
1.1444161971139788,1,0,389.58201104710713,0,0,1
0.962809972474608,1,0,181.6684474506448,0,0,1
0.8488026783333436,1,0,360.0095083269938,0,0,1
0.9184956410654057,1,0,219.02991514720856,0,0,1
1.736552483587154,1,0,200.16538545468396,0,0,1
0.9585461683464462,1,0,191.6229176036347,0,0,1
0.20792178230709085,1,0,333.9065611203248,0,0,1
1.8618417994206269,1,0,158.95052145810072,0,0,1
1.2671409674106897,1,0,255.12850657897252,0,0,1
0.49822034001260673,1,0,324.2340670530623,0,0,1
0.42785547391425977,1,0,184.90725402007905,0,0,1
0.8778440962271536,1,0,206.01982667414632,0,0,1
1.3020221540559163,1,0,188.11935548131714,0,0,1
1.8905074946480185,1,0,156.52659414342008,0,0,1
0.298015063610651,1,0,264.1267849754833,0,0,1
0.8349972882499441,1,0,274.18920174814355,0,0,1
0.6629090026665616,1,0,386.42487577051776,0,0,1
0.9581391080713337,1,0,332.01894874072855,0,0,1
1.6257734585177104,1,0,392.5384763200087,0,0,1
0.48538651094835317,1,0,339.22671105041377,0,0,1
1.8829516063800242,1,0,394.6904162767669,0,0,1
0.6615941343739989,1,0,212.05095405452766,0,0,1
1.5548807281705623,1,0,191.89939042564635,0,0,1
1.351049482569095,1,0,247.8264864742842,0,0,1
1.186003227516238,1,0,272.9442397014338,0,0,1
1.718989452764444,1,0,356.1647466466121,0,0,1
1.2928769540235892,1,0,285.36210648858685,0,0,1
1.6084381480716816,1,0,388.1178295813022,0,0,1
1.2604768651072622,1,0,222.13099467806325,0,0,1
1.496838053198485,1,0,294.7287046812995,0,0,1
0.2854801655993091,1,0,312.9134048466851,0,0,1
1.3611953439911888,1,0,188.96666076216823,0,0,1
1.8001941989004702,1,0,346.3783197782916,0,0,1
1.3706090297037352,1,0,309.84993893652904,0,0,1
1.6726300580265738,1,0,197.97740075608002,0,0,1
1.9837488821607132,1,0,253.37858471231266,0,0,1
0.4812512055168046,1,0,310.188426711988,0,0,1
1.4404011209050245,1,0,333.3484873501959,0,0,1
1.8150370050348148,1,0,254.34223575553247,0,0,1
0.2517432920339173,1,0,330.6218795719197,0,0,1
0.5125818194129875,1,0,215.168972018766,0,0,1
0.6493724945630508,1,0,226.25069383467908,0,0,1
1.7845061107089206,1,0,152.94232483155042,0,0,1
1.959017272709738,1,0,271.8895900098548,0,0,1
1.8443126036962345,1,0,197.08393833007307,0,0,1
1.0532073871688716,1,0,300.51261634978425,0,0,1
1.4017804061789831,1,0,391.4143047839553,0,0,1
0.3871199729381171,1,0,399.91255628521895,0,0,1
1.9623438693042767,1,0,243.60115472012797,0,0,1
1.8992793991332315,1,0,333.4064264033235,0,0,1
1.2733679848809374,1,0,390.17679519826333,0,0,1
0.45762989883403915,1,0,280.8554466212641,0,0,1
1.9053927524018437,1,0,233.48268632812778,0,0,1
1.8124270078480722,1,0,188.94670808637179,0,0,1
1.9832265057005831,1,0,194.01586282840967,0,0,1
1.1141364470201929,1,0,363.5225575101043,0,0,1
0.8267142002809904,1,0,214.74900235046385,0,0,1
0.8788834185501906,1,0,217.66630551006432,0,0,1
1.094790014417354,1,0,336.6651274182607,0,0,1
1.8421198695336696,1,0,359.20170356994595,0,0,1
0.4316405415676325,1,0,202.11051719549428,0,0,1
1.3673476450667723,1,0,322.157122937099,0,0,1
1.8473186727704434,1,0,261.6486181532816,0,0,1
0.6927898703244257,1,0,219.18568377616504,0,0,1
1.1453901619290585,1,0,280.05874439835287,0,0,1
1.6300314136589706,1,0,344.37244946952006,0,0,1
1.1265504840667662,1,0,174.87286963778288,0,0,1
1.1494508028813646,1,0,167.7810556334762,0,0,1
1.5799106649976455,1,0,377.9333696198555,0,0,1
0.4964694402941194,1,0,390.85142571319545,0,0,1
1.4868484513516278,1,0,282.1407293800369,0,0,1
1.8449430162440985,1,0,185.903675338026,0,0,1
0.383417881690214,1,0,169.63957434441167,0,0,1
0.30835149003994944,1,0,188.99932134053915,0,0,1
0.3574757060525373,1,0,220.65701959869838,0,0,1
1.5237207387069611,1,0,320.9643494910018,0,0,1
0.9041906409695197,1,0,177.5611816248772,0,0,1
1.0360810595972993,1,0,184.2345549448303,0,0,1
1.5110448559299534,1,0,328.25820274892504,0,0,1
1.141571342087432,1,0,214.35137480903376,0,0,1
1.2802275813464994,1,0,204.01403407785222,0,0,1
1.7311485321546403,1,0,295.6616002475655,0,0,1
1.0122681594431704,1,0,169.69706225799692,0,0,1
1.7746809524267826,1,0,307.27656826537213,0,0,1
1.141754562964711,1,0,154.80593767010168,0,0,1
0.9233516569711628,1,0,208.2567112148384,0,0,1
0.6698969497361187,1,0,262.62441264109066,0,0,1
1.5145595105767586,1,0,307.73549287062264,0,0,1
1.319492277115493,1,0,200.96182154605236,0,0,1
1.6547365455979108,1,0,369.79931572678015,0,0,1
1.1840667171304506,1,0,379.75637037974195,0,0,1
1.7603172756149208,1,0,270.1809455131866,0,0,1
0.7174003650433025,1,0,218.10288833022145,0,0,1
1.5149082066458233,1,0,177.62102327547268,0,0,1
0.9079807869490011,1,0,384.6735913076557,0,0,1
0.4050497731761817,1,0,183.39339026271688,0,0,1
1.1509639145143062,1,0,224.67243509477026,0,0,1
0.6163981302099353,1,0,232.23966367910168,0,0,1
0.3111321519531675,1,0,217.08940194585534,0,0,1
0.8537813011184652,1,0,150.5141621704273,0,0,1
1.9595700557858318,1,0,201.77520721254555,0,0,1
1.8093838277064225,1,0,337.12740858742916,0,0,1
1.9636420483610078,1,0,201.35054682225683,0,0,1
0.25143251858824056,1,0,341.01861497110656,0,0,1
0.4751454753694012,1,0,253.97263930801006,0,0,1
0.6231800869687718,1,0,170.25497875020912,0,0,1
1.5261448951482373,1,0,356.74482330934757,0,0,1
1.9606056607362041,1,0,308.78793986479195,0,0,1
0.9314849581095646,1,0,303.03143647784395,0,0,1
1.2504542085918586,1,0,187.5555640812098,0,0,1
0.3591998698247628,1,0,305.83752421011786,0,0,1
1.3325893955478956,1,0,349.13737483578154,0,0,1
1.820001950421524,1,0,399.0932919043263,0,0,1
1.3866279378475668,1,0,317.70979014095224,0,0,1
1.3759886162424955,1,0,258.04456070664116,0,0,1
1.0774560785998313,1,0,354.7187248785137,0,0,1
1.0099581088500014,1,0,162.59519619843056,0,0,1
0.865681344451936,1,0,254.82156323805663,0,0,1
1.676356506372082,1,0,333.0503879936364,0,0,1
1.3604977929781603,1,0,239.86041111278155,0,0,1
0.7393182113515924,1,0,164.72927344990126,0,0,1
1.1321853117853347,1,0,177.7349118922068,0,0,1
0.4082661138935353,1,0,191.7973414265123,0,0,1
0.28237535034958444,1,0,357.81942179424937,0,0,1
0.44527713567203836,1,0,330.2081722537886,0,0,1
1.7616153833835988,1,0,340.966503430702,0,0,1
0.6630015814753325,1,0,377.3325324233758,0,0,1
1.9335666302593553,1,0,225.65127241723334,0,0,1
0.8089197727479496,1,0,335.7688757396419,0,0,1
0.9374691753646822,1,0,241.14477271134436,0,0,1
1.6616807016295148,1,0,346.42153457838435,0,0,1
0.6030991307852813,1,0,323.97354976491613,0,0,1
1.8369259650172,1,0,397.44956152077305,0,0,1
1.376179738633555,1,0,339.26759658272806,0,0,1
0.3118251306012174,1,0,151.47635762307482,0,0,1
1.921914881821021,1,0,324.95259924963693,0,0,1
0.717467863515107,1,0,175.41063300158189,0,0,1
0.6175295658557634,1,0,286.52389789220814,0,0,1
1.8168183113622236,1,0,189.33042437087516,0,0,1
0.785712580672018,1,0,273.6819525845441,0,0,1
1.5007990885826483,1,0,348.15637295841293,0,0,1
0.2614832327273627,1,0,222.2776427581383,0,0,1
1.857880189780809,1,0,188.1714927169909,0,0,1
0.9365842924794461,1,0,228.62366740842486,0,0,1
0.5214873931428755,1,0,193.41338914526625,0,0,1
1.9662413704206385,1,0,195.89047040634583,0,0,1
1.5351927056046906,1,0,324.30629529095296,0,0,1
1.6282303589679807,1,0,326.080930417917,0,0,1
1.1014854516942183,1,0,282.28532475321026,0,0,1
1.4392737420471946,1,0,213.05537205246196,0,0,1
0.7235815043485967,1,0,282.4124027724142,0,0,1
1.132569193627845,1,0,387.13578120839605,0,0,1
0.8850982963472405,1,0,245.92311461586996,0,0,1
0.9652155251122123,1,0,255.8911956637518,0,0,1
0.20771225708913177,1,0,273.5657268421139,0,0,1
1.6595280004510182,1,0,194.60288678377532,0,0,1
0.5923045082971381,1,0,211.1783939525965,0,0,1
1.052410754250427,1,0,322.7357735845076,0,0,1
1.386094378920663,1,0,190.39368371913548,0,0,1
0.2619967707926234,1,0,301.1277756253319,0,0,1
0.8163724242005432,1,0,246.47254656567912,0,0,1
0.6748858779877667,1,0,226.57074580696826,0,0,1
0.43913871453381803,1,0,287.4375811879053,0,0,1
1.6641543496393925,1,0,206.4213655667591,0,0,1
1.1749298855482537,1,0,227.4168970320493,0,0,1
1.0212792192644822,1,0,281.1341510087928,0,0,1
0.4384701031182335,1,0,314.32318429903034,0,0,1
1.1253757925635781,1,0,359.08800035408905,0,0,1
0.6813059111353439,1,0,356.1646261372681,0,0,1
0.4278563424191276,1,0,274.4347957509976,0,0,1
1.1482909333011555,1,0,168.55458476994843,0,0,1
1.4272136771870683,1,0,197.0153344980632,0,0,1
0.3021924186781324,1,0,150.11719045658558,0,0,1
0.3011753964657898,1,0,196.39993757671715,0,0,1
1.5294497503546713,1,0,157.68412010076986,0,0,1
0.5721592436243353,1,0,328.6836862917452,0,0,1
0.4765475524415613,1,0,286.53888360692713,0,0,1
1.9318518345617621,1,0,158.93274424573565,0,0,1
0.5239949176791655,1,0,304.4116023591164,0,0,1
1.4322921216669273,1,0,353.5375705170221,0,0,1
1.6669706662884636,1,0,157.13382175607146,0,0,1
0.791848635503313,1,0,181.76245626790086,0,0,1
1.0335377231371288,1,0,267.8010716036918,0,0,1
1.1974937452267553,1,0,160.5766182207987,0,0,1
0.5610386632830189,1,0,155.31928743616908,0,0,1
0.7328064016903146,1,0,295.6043001444041,0,0,1
1.9335497841185758,1,0,290.644383586785,0,0,1
0.6923992366101821,1,0,351.66286301140934,0,0,1
1.662172299417393,1,0,169.47487994805718,0,0,1
1.1632340164868245,1,0,374.29844766593214,0,0,1
1.3623054476073766,1,0,154.65812434386757,0,0,1
1.0230518871191192,1,0,225.34026785462203,0,0,1
1.2589265865231487,1,0,162.16772813053515,0,0,1
1.1721792893200706,1,0,211.0653767623216,0,0,1
1.067427940386262,1,0,353.7924253335568,0,0,1
1.6451142903938065,1,0,181.28474488177375,0,0,1
1.7843832519935325,1,0,200.46993192892495,0,0,1
0.6599956099567141,1,0,302.84194464672044,0,0,1
0.44453887841493733,1,0,155.4156120368394,0,0,1
1.6601938504260505,1,0,300.6053086388156,0,0,1
0.5814136038533158,1,0,373.5939261294417,0,0,1
1.7592080964239727,1,0,167.3890433364953,0,0,1
0.3846830995333954,1,0,151.47617043738555,0,0,1
0.36380727862226603,1,0,251.4877483406085,0,0,1
0.5269678731818526,1,0,362.26507646085565,0,0,1
0.22132435597056566,1,0,383.79829211613685,0,0,1
1.5457445836246464,1,0,350.2923059046967,0,0,1
0.9148699557086508,1,0,312.3330216926631,0,0,1
1.9015341779759287,1,0,256.63910204095885,0,0,1
0.8575732209106031,1,0,347.2435920492484,0,0,1
1.4653955017279137,1,0,339.1730607735773,0,0,1
1.4296273513995887,1,0,195.9060753040967,0,0,1
0.7844796878365015,1,0,328.9447090185355,0,0,1
1.8067639679224912,1,0,348.1445454184818,0,0,1
0.9161777981880965,1,0,375.2189820847741,0,0,1
1.1924830189921591,1,0,332.4045862411847,0,0,1
0.9167526850563241,1,0,333.0980220239929,0,0,1
0.9836152531027442,1,0,375.4041020893109,0,0,1
0.29844527402701915,1,0,198.56858711715248,0,0,1
0.7583622825761891,1,0,287.5087594276132,0,0,1
1.9069996029994747,1,0,373.37484871152384,0,0,1
1.6965918670726219,1,0,307.9121478869224,0,0,1
1.784311089399695,1,0,382.8357478695601,0,0,1
1.4831162224474688,1,0,162.6070714529302,0,0,1
1.3758448102715057,1,0,203.48919485411653,0,0,1
1.817461107389934,1,0,205.33625581579128,0,0,1
1.1681523826992117,1,0,169.63261667369113,0,0,1
1.848733340230317,1,0,305.681207413367,0,0,1
0.9473467199213454,1,0,250.3632905866203,0,0,1
1.2757067997514386,1,0,210.61702540830652,0,0,1
1.0490158914636651,1,0,331.933730330566,0,0,1
0.2342854066208262,1,0,319.04273980751475,0,0,1
0.5581261030652696,1,0,159.8040364795097,0,0,1
1.870149161492157,1,0,259.875760072448,0,0,1
1.2765804624593342,1,0,330.0555736900907,0,0,1
0.2838226076602865,1,0,175.842445340092,0,0,1
1.9410063313699375,1,0,348.7377790234788,0,0,1
1.8704007536188156,1,0,304.01271167803594,0,0,1
1.4815835193914908,1,0,329.53257408417016,0,0,1
0.7096682152308103,1,0,212.60031978813095,0,0,1
0.7309577588168539,1,0,336.92506801276375,0,0,1
1.7574554498541906,1,0,193.42407589072303,0,0,1
0.3090761013637372,1,0,365.0853555290903,0,0,1
0.6272492047192462,1,0,201.4991649757256,0,0,1
0.49951934744233273,1,0,217.05665124382767,0,0,1
1.4893923312478519,1,0,317.7136603121449,0,0,1
0.8871645001917652,1,0,233.38702687031747,0,0,1
1.8487073564021803,1,0,227.26240661509877,0,0,1
1.645243708876844,1,0,165.6373105974155,0,0,1
1.9723843979250306,1,0,355.0263156637341,0,0,1
0.738198098535318,1,0,264.8405812237254,0,0,1
1.0548651181113646,1,0,248.26270506032466,0,0,1
1.3876636439651522,1,0,211.38412098060354,0,0,1
1.9545386387598722,1,0,288.8060397444024,0,0,1
0.8203672024570361,1,0,289.89523012520493,0,0,1
0.7883199832829053,1,0,150.58817330050996,0,0,1
1.3281651271902357,1,0,171.4006954051864,0,0,1
1.3975007024569093,1,0,303.23100443887375,0,0,1
0.5401049914529704,1,0,220.99284845836561,0,0,1
1.0180534515847461,1,0,395.9523412903936,0,0,1
0.8792606944101586,1,0,212.14524544156592,0,0,1
0.9580329623639097,1,0,188.01221313213816,0,0,1
0.45283185164957895,1,0,161.15964192224172,0,0,1
1.3666609889099284,1,0,321.62995779175355,0,0,1
0.5375427599459328,1,0,222.65459542877875,0,0,1
0.24574835949380727,1,0,218.4918353633518,0,0,1
1.0927771976187224,1,0,177.60875839015935,0,0,1
0.2694782424731773,1,0,163.11808003017225,0,0,1
1.3989472480338725,1,0,207.59012565809638,0,0,1
1.2698476127158336,1,0,249.15451847280846,0,0,1
1.2201244528417743,1,0,315.5155904411562,0,0,1
0.37137911972700355,1,0,175.29923565476292,0,0,1
0.4229606482643031,1,0,241.5414312224409,0,0,1
1.3976869552752675,1,0,398.1032775116902,0,0,1
0.25797273867148945,1,0,320.2806670364951,0,0,1
0.4086325881656455,1,0,399.79852630492763,0,0,1
1.574784073401438,1,0,169.8520410120714,0,0,1
0.5005424331639268,1,0,251.21871578120195,0,0,1
1.0923293605146507,1,0,207.55728608019857,0,0,1
0.3773060415857835,1,0,385.39058294149993,0,0,1
0.623141587892076,1,0,376.3216701503188,0,0,1
1.782859680510898,1,0,292.25392411968187,0,0,1
1.555765274638045,1,0,226.78223428293535,0,0,1
0.5393373094251738,1,0,286.2141045767495,0,0,1
0.5862056286989387,1,0,367.7805651943747,0,0,1
1.0528035652140948,1,0,293.4667516690865,0,0,1
1.3381272012461314,1,0,341.315963110869,0,0,1
1.248172762803657,1,0,321.94113475344903,0,0,1
0.7123774327506904,1,0,174.38364414656147,0,0,1
1.9041338122614029,1,0,339.46755282765076,0,0,1
