value_eth,is_new_recipient,interaction_count,gas_gwei,blacklist_hit,repeat_tx,label
0.28431952,0,4,1.159151725,0,0,1
749.9993040779159,1,3,0.377078153,0,0,1
0.105352,0,0,21.0,0,0,1
12.134848,1,0,23.697264639,0,1,1
0.907376981336791,1,4,0.322326307,0,1,1
185.07999497272388,0,4,0.321845711,0,0,1
28.107959,0,4,22.000001337,0,1,1
7.99392246,0,1,22.000001337,0,0,1
31.705930149971923,1,4,21.0,0,0,1
0.32084565,1,0,1.131874371,0,1,1
69.09987777930947,1,1,0.337906168,0,0,1
3.818,0,3,21.0,0,0,1
0.295,1,4,23.369866721,0,0,1
4.51184533,0,5,20.0,0,0,1
0.699993665371988,1,7,0.235533298,0,0,1
0.985594905119701,1,6,0.240604201,0,0,1
56.99908384,1,3,22.000001337,0,0,1
0.00235,1,6,1.110805676,0,0,1
1.0,0,0,20.0,0,0,1
0.005,1,6,30.5,0,0,1
9.32223959,0,3,22.000001337,0,0,1
0.0048,1,6,20.0,0,0,1
5.603476,0,7,30.0,0,0,1
0.14488717,0,5,1.184681819,0,0,1
0.4,0,7,20.887260762,0,0,1
0.01985,1,0,1.039586454,0,0,1
14.98792246,1,1,21.0,0,0,1
0.49785,1,5,1.134952427,0,0,1
7.99392246,1,4,22.000001337,0,1,1
49.99760374720192,1,0,22.000001337,0,1,1
18.69392246,0,5,50.0,0,0,1
0.05985,0,0,1.333253996,0,0,1
0.01,1,7,21.0,0,0,1
0.02676,1,1,1.287841094,0,0,1
0.5081702655570003,1,3,0.418083789,0,0,1
0.005,1,6,21.596799909,0,0,1
12.14392246,1,4,21.0,0,0,1
0.49061112,1,5,0.321927375,0,0,1
9.999559,1,5,22.000001337,0,0,1
8.86710631295517,1,7,0.240608391,0,1,1
14.49912859,1,3,0.43476765,0,1,1
8.94625246,0,7,22.000001337,0,1,1
23.069899,0,4,1.176751964,0,0,1
0.4999837453848227,1,7,0.288183858,0,0,1
23.98458,0,5,21.0,0,0,1
0.005,0,1,21.596799909,0,1,1
5.190517,1,5,25.0,0,0,1
2.495,1,7,21.157421146,0,0,1
0.25148763,1,1,21.0,0,0,1
0.2100003,1,6,1.052786862,0,0,1
0.495,1,0,20.40801424,0,1,1
0.0357445,1,6,20.815012353,0,0,1
18.7736328060679,0,6,0.254352718,0,0,1
3.827082,1,1,0.348392543,0,0,1
29.783259,0,5,22.000001337,0,0,1
299.09892246,0,0,21.0,0,0,1
1.595,1,4,21.0,0,0,1
0.03295,1,7,1.104689992,0,0,1
5.087876985191191,1,1,0.24507077,0,1,1
18.57538146,1,1,21.0,0,0,1
0.33985,1,3,1.17765594,0,0,1
0.01,1,2,20.0,0,0,1
3.949,1,0,20.0,0,0,1
0.505,0,3,21.0,0,0,1
69.33861919574203,1,2,0.43362083,0,1,1
0.00583454,1,0,1.071170151,0,0,1
0.8994,1,2,20.0,0,0,1
194.12605256,1,0,1.046711457,0,0,1
8.93950117,1,7,22.000001337,0,0,1
0.6176131540475506,1,7,0.450152997,0,0,1
1.0903735230631433,1,2,0.330598925,0,0,1
1220.999699556707,1,7,0.341590268,0,0,1
0.599994978172581,0,3,0.441464016,0,0,1
1.0001713485362296,1,7,0.294267018,0,0,1
0.00328515,1,1,1.043021416,0,0,1
0.5190130192119663,1,2,0.309081792,0,1,1
0.02977773,1,5,1.108734859,0,0,1
294.65217277,1,1,20.0,0,0,1
0.29985,1,6,1.179919032,0,1,1
0.812451328705299,0,3,0.242766032,0,0,1
9.68958,1,3,22.000001337,0,0,1
0.302408,1,3,22.0,0,0,1
14.70406756,0,6,21.0,0,1,1
0.5754129843704392,1,0,0.242126516,0,0,1
0.42166724,1,6,21.0,0,1,1
0.9268265414351028,1,6,0.230870737,0,1,1
24.9593595,0,6,22.000001337,0,0,1
0.965187854724067,1,7,0.322326307,0,0,1
0.596469972476457,1,6,0.249454777,0,0,1
11.81319544,1,4,22.000001337,0,0,1
0.5055438,1,3,1.107687314,0,0,1
30.09392246,1,3,22.000001337,0,0,1
0.0030154314705505,1,6,17.313799035,0,1,1
1901.0,1,3,1.044294149,0,0,1
0.001,1,4,20.012773603,0,0,1
1.44493248,1,0,20.0,0,0,1
5.555606161169152,1,2,0.458624863,0,0,1
0.05285,1,2,1.200415361,0,0,1
0.0201297,1,3,1.045245662,0,0,1
0.799993897897511,0,4,0.377078153,0,0,1
20.342783820392626,0,5,0.388031055,0,0,1
9.99892246,1,3,22.000001337,0,0,1
1.281442848358902,1,1,0.249216844,0,0,1
0.01666423,0,4,1.045393252,0,0,1
3.9497,0,0,20.0,0,0,1
5.84956474,0,6,20.0,0,0,1
0.679316243421552,1,6,0.298840711,0,0,1
0.803738836980196,1,1,0.372385933,0,0,1
1386.9999710091456,1,2,0.239863892,0,0,1
30.307,0,0,20.0,0,0,1
300.0,1,2,20.0,0,0,1
0.40712479,1,0,1.284285539,0,0,1
3.36619267,1,7,30.0,0,0,1
2.90681539,1,1,0.232520717,0,0,1
1.3141,1,5,21.0,0,0,1
0.09279043,0,4,1.050588031,0,0,1
0.526900913227204,0,1,0.249216844,0,1,1
0.1,0,6,20.0,0,0,1
29.999559,1,0,22.000001337,0,0,1
11.99392246,1,7,21.0,0,0,1
8.99392246,1,5,22.000001337,0,0,1
7.188,1,5,21.0,0,0,1
0.18268398,1,7,1.181301682,0,0,1
39.799559,1,3,22.000001337,0,0,1
12.612244,1,2,22.127224645,0,0,1
1.02985,1,1,1.038963642,0,0,1
1.2799,1,7,20.0,0,0,1
0.499152482064232,1,3,0.244287527,0,0,1
20.55505,1,6,1.095986973,0,0,1
0.0096402,1,2,1.044073698,0,0,1
0.995,1,7,20.0,0,1,1
4.98351852,0,6,50.0,0,0,1
7.23205335,1,2,22.000001337,0,0,1
1.031890842864764,1,3,0.516471891,0,0,1
22.19872627,1,6,20.0,0,1,1
9.191,1,1,21.0,0,0,1
9.9956089,0,0,22.000001337,0,0,1
5.50914663,1,2,27.72,0,0,1
1.500205497914925,0,4,0.377696364,0,0,1
0.0030515,1,1,1.110805676,0,1,1
0.05128938,1,2,1.213027167,0,0,1
0.676,1,7,0.321828952,0,0,1
0.1292,0,0,30.5,0,0,1
5.6931041,1,0,22.667583079,0,0,1
0.165,1,3,20.0,0,1,1
0.14985,1,0,1.041261656,0,0,1
5.345,1,0,20.012773603,0,0,1
33.52985,1,1,1.050277043,0,0,1
0.05064435,1,0,1.117169023,0,0,1
0.7609495850063832,1,6,0.300207963,0,1,1
29.41227094,0,0,22.000001337,0,0,1
7.17806186,0,4,22.000001337,0,0,1
2.761,1,5,20.0,0,0,1
14.62308476,1,5,22.127224645,0,0,1
24.99392246,1,5,22.127224645,0,0,1
37.99999208135878,1,2,0.43362083,0,0,1
0.5055438,1,7,1.107687314,0,0,1
17.80617258,1,0,21.0,0,1,1
0.495,0,0,20.0,0,0,1
9.92484006,0,6,22.000001337,0,0,1
0.5321695408030629,1,0,0.257021202,0,0,1
0.51834658,0,1,1.139921403,0,0,1
0.032452,1,1,1.041111254,0,0,1
27.74680653,1,0,22.000001337,0,0,1
0.583588348351705,1,0,0.249454777,0,0,1
2.61795,1,4,1.141035159,0,0,1
24.995,0,5,21.0,0,0,1
20.55505,0,0,1.095986973,0,1,1
3.499994809397282,1,7,0.246629989,0,1,1
19.999973485460515,0,0,0.238286072,0,0,1
19.999559,1,5,22.127224645,0,1,1
5.91525,1,6,21.0,0,0,1
0.55232464,1,4,1.146329436,0,1,1
149.99985,0,3,1.215335205,0,1,1
1.653755,1,0,20.0,0,0,1
1e-05,1,1,9.339381797,0,0,1
4.27201852,1,6,20.0,0,0,1
7.64779876,0,2,22.000001337,0,0,1
16.789510540404873,0,0,22.000001337,0,0,1
8.53649294,0,5,22.528622017,0,1,1
16.40194354,0,5,20.0,0,0,1
0.62188789,0,0,1.221864929,0,1,1
1.10659758,1,0,1.129897665,0,0,1
50.009559,1,0,22.000001337,0,0,1
11.46458,0,0,22.000001337,0,0,1
0.495,1,4,21.0,0,0,1
0.03003396,1,1,1.163998845,0,0,1
9.636537999971925,1,4,22.000001337,0,0,1
202.499559,0,1,21.0,0,0,1
70.90088201953309,1,7,0.329135044,0,0,1
0.572,0,5,20.0,0,0,1
22.73205,1,2,1.114357186,0,0,1
0.54796741,1,3,50.0,0,0,1
0.5117558915098236,0,0,0.310560886,0,0,1
2.40007485,1,0,20.40801424,0,0,1
9.13005203,1,4,22.000001337,0,1,1
0.0258797,1,0,1.201072222,0,0,1
199.99989202348348,0,5,0.243442682,0,0,1
28.727372,1,3,22.000001337,0,0,1
2.9999792251009287,1,1,0.300207963,0,0,1
2.998265476327201,0,4,0.279903845,0,1,1
14.272737999971923,0,4,22.000001337,0,0,1
7.306048,1,5,21.0,0,0,1
11.28392246,1,1,22.127224645,0,0,1
0.488810077547532,1,4,0.48507515,0,1,1
6.2863,1,6,20.0,0,0,1
0.679316243421552,1,2,0.298840711,0,0,1
0.03204,1,6,1.043874197,0,0,1
0.9845880952141096,1,5,0.411746065,0,0,1
0.00895,1,3,1.069814967,0,0,1
28.99710583,1,7,22.000001337,0,0,1
0.789790808008478,1,7,0.322326307,0,0,1
7.20068846,1,1,22.000001337,0,1,1
9.18058733,0,7,22.000001337,0,1,1
0.00563345,0,0,1.039955284,0,1,1
1.14069160896447,0,1,0.348392543,0,0,1
0.995,1,0,20.0,0,0,1
0.526311320759626,1,2,0.321927375,0,0,1
7.27425083284635,0,7,0.262824488,0,0,1
0.53999303268321,1,4,0.240937201,0,1,1
0.02066832,1,4,1.047105624,0,0,1
9.45244446,1,0,22.000001337,0,0,1
0.437,1,4,21.0,0,0,1
0.892898488298925,0,3,0.243434082,0,0,1
1.2666350690470858,1,3,0.239162921,0,1,1
7.83392246,0,2,22.000001337,0,0,1
25.28958,1,1,22.000001337,0,0,1
0.01,1,7,21.0,0,0,1
72.150409,1,4,22.000001337,0,0,1
13.999794970527644,1,3,0.241182291,0,0,1
1.799988320563675,1,0,0.243338951,0,1,1
11.46392246,1,6,25.076374645,0,0,1
9.99392246,0,3,22.000001337,0,0,1
10.99257105,1,3,21.0,0,0,1
3.495,0,5,20.0,0,1,1
9.92611368,0,1,21.0,0,0,1
8.17562825,1,4,1.114115218,0,0,1
0.06187212,0,6,1.048845549,0,0,1
0.5066628410743025,1,3,0.241182291,0,0,1
3.223111272127763,1,0,0.240608391,0,0,1
4.92007,0,1,21.0,0,0,1
4.68922876,0,0,20.012773603,0,0,1
0.02932816,1,4,1.226371109,0,1,1
0.1,1,2,100.0,0,0,1
0.1010487,1,1,1.132078376,0,0,1
1.007991820800573,0,5,0.375020151,0,0,1
0.03235564,1,1,1.042279538,0,0,1
0.00944338,1,2,1.103577819,0,0,1
0.78978990890969,1,7,0.321828952,0,0,1
5.1824,1,0,30.0,0,0,1
0.265,1,1,30.0,0,0,1
1.28985,0,2,1.101093975,0,0,1
341.999473606819,1,4,0.249131093,0,0,1
5.999994877376592,1,1,0.43362083,0,0,1
1.02985,1,7,1.038963642,0,0,1
0.00265,0,0,1.05132364,0,0,1
0.670032457494275,0,7,0.355813575,0,0,1
0.145,1,4,30.0,0,0,1
0.08199845,1,0,1.032450776,0,0,1
0.005,1,0,24.568222891,0,0,1
0.58485,1,0,1.106483053,0,0,1
0.612028551222604,0,2,0.359008226,0,1,1
10.68551226,1,2,21.0,0,0,1
9.98892246,1,5,22.000001337,0,0,1
1.36259813,0,2,20.0,0,1,1
10.583,1,5,20.0,0,0,1
0.1,1,2,20.0,0,0,1
0.01,1,2,20.42469852,0,0,1
0.04500066,1,2,20.0,0,0,1
0.002408,1,2,20.0,0,0,1
35.06938529,1,6,22.000001337,0,1,1
12.13227232,1,1,20.159005428,0,0,1
0.0048455,1,2,1.164917815,0,0,1
0.05100135,1,7,1.167681364,0,0,1
0.03987217,1,5,1.174043428,0,0,1
0.24985,1,1,1.262286391,0,1,1
77.99985,1,6,1.094181687,0,0,1
30.37768117502626,1,1,0.250674121,0,1,1
0.01385,0,1,1.112354437,0,0,1
50.05972346,0,3,21.0,0,0,1
9.23571603,1,5,22.000001337,0,0,1
3.999994887884278,1,1,0.299798668,0,0,1
0.599937028716276,1,6,0.458624863,0,0,1
2.1863037,1,1,0.257021202,0,1,1
57.99952521810541,1,6,0.377078153,0,0,1
1.0,1,0,10.0,0,1,1
0.5665944793515697,1,3,0.254626787,0,0,1
1.127470340789672,1,5,0.321845711,0,0,1
0.4980101245290864,1,2,0.59198257,0,0,1
0.999994333395742,1,4,0.243442682,0,1,1
0.24324,0,5,1.159740198,0,0,1
0.00886267,1,5,1.112712835,0,0,1
0.9999845036244372,0,3,0.244964192,0,0,1
4.804,1,6,20.0,0,1,1
0.659813507524814,0,5,0.359008226,0,1,1
0.12167054,0,2,21.0,0,0,1
0.05271708,0,5,1.114329644,0,1,1
25.94292246,0,7,21.0,0,0,1
300.0,0,6,22.073836554,0,0,1
12.6026,1,5,21.0,0,1,1
3.009346617024399,0,6,0.247672715,0,0,1
0.5517367932442964,1,6,0.279903845,0,0,1
0.402408,1,2,20.0,0,0,1
0.195,1,5,41.0,0,0,1
9.77992246,0,1,22.000001337,0,1,1
2.329216552381366,1,2,0.378871716,0,0,1
0.005,1,7,21.0,0,0,1
0.5522643630136419,1,2,0.35576282,0,0,1
0.03185,1,6,1.181318926,0,0,1
8.14638183,1,3,22.000001337,0,0,1
24.67992246,1,1,22.000001337,0,0,1
1.294,1,0,30.0,0,0,1
7.399974652837473,1,4,0.243434082,0,0,1
29.45173853,1,3,22.000001337,0,0,1
1.26,1,4,20.0,0,1,1
21.99953532828245,1,0,22.000001337,0,0,1
1.4659552,1,2,21.0,0,0,1
27.69745206,1,0,22.000001337,0,0,1
0.05221,1,2,1.135926539,0,0,1
0.699994806864472,0,7,0.245098184,0,1,1
17.649659,0,1,21.0,0,0,1
9.99892246,1,5,22.000001337,0,0,1
13.99392246,1,0,22.127224645,0,1,1
2.434,1,4,30.5,0,0,1
2.5856106057121955,0,7,0.366007989,0,0,1
12.235,1,2,21.0,0,0,1
0.005,0,1,30.5,0,0,1
0.49785,1,4,1.134952427,0,1,1
9.99392246,1,2,22.000001337,0,1,1
0.616507431815281,1,7,0.35576282,0,0,1
1.1025965775830997,0,6,0.243154668,0,0,1
270.0,1,5,1.03676544,0,1,1
39.99992242042164,1,5,0.341590268,0,0,1
0.99962963,0,4,20.0,0,0,1
16.01492246,1,5,21.0,0,0,1
8.78562498,1,3,22.000001337,0,0,1
0.00185,1,7,1.109460712,0,0,1
14.71573892,0,2,21.0,0,0,1
0.04500066,1,0,20.0,0,0,1
2.99985,0,5,1.048213535,0,0,1
0.6349426325589403,1,5,0.443922838,0,1,1
39.99985,0,7,1.191674583,0,1,1
29.995,0,3,20.0,0,0,1
0.995,1,3,20.0,0,0,1
16.61,0,4,21.309262042,0,0,1
0.05985,0,3,1.333253996,0,0,1
0.995,0,6,21.0,0,0,1
5.555606161169152,1,3,0.458624863,0,0,1
9.499559,1,6,22.000001337,0,0,1
11.98892246,1,3,22.127224645,0,1,1
16.19392246,1,1,21.0,0,0,1
0.13322317,1,7,1.044664982,0,0,1
4000.0,1,4,23.369866721,0,0,1
22.23479416315764,1,5,0.321927375,0,0,1
12.003,1,4,20.0,0,0,1
0.92229293,1,2,1.041049578,0,0,1
9.418567,0,7,20.0,0,0,1
656.4499910152743,0,2,0.372385933,0,0,1
20.1828,1,7,20.0,0,0,1
35.99495246,1,3,21.0,0,1,1
0.00238736,0,0,1.1182702,0,0,1
0.22654182,1,0,1.183247914,0,0,1
0.575494921391773,1,7,0.427844078,0,0,1
2.6996657320259905,1,4,0.399923023,0,0,1
0.00215021,1,3,1.039671964,0,0,1
0.93278274,1,6,21.0,0,0,1
39.99392246,0,4,22.000001337,0,0,1
10.583,1,5,20.0,0,0,1
7.399922703322924,1,5,0.251824522,0,0,1
0.11389,0,1,1.136485609,0,0,1
5.53477,0,0,21.0,0,0,1
0.251875,1,5,1.06824051,0,1,1
4.999857736200429,1,0,0.504334241,0,0,1
0.547350748160854,1,5,0.36210711,0,0,1
20.17893689,1,1,22.000001337,0,0,1
10.20396036,1,2,22.000001337,0,0,1
0.00370681,0,5,1.084900221,0,0,1
1.1072,1,4,4.0,0,1,1
69.33861919574203,1,6,0.43362083,0,0,1
0.49631579,0,4,0.377696364,0,1,1
0.965187854724067,1,0,0.322326307,0,0,1
11.12068246,0,6,21.0,0,0,1
7.833504892399579,0,1,22.000001337,0,0,1
1.0224068098892725,1,1,0.250021252,0,0,1
0.005,1,7,21.0,0,0,1
0.005,0,1,30.5,0,0,1
0.0025481,0,4,1.145647935,0,0,1
9.73392246,0,3,22.000001337,0,0,1
1.3716217830328097,1,6,0.377078153,0,0,1
11.99955899,0,0,22.000001337,0,1,1
0.792491477697113,1,0,0.325620822,0,0,1
0.9470448834290696,1,3,0.239863892,0,0,1
1.999964710821596,1,3,0.254626787,0,0,1
15.77275061,1,6,21.309262042,0,0,1
69.99999290411651,1,4,0.306108842,0,0,1
1.0,1,1,21.833967631,0,0,1
52.00392246,0,7,22.000001337,0,0,1
1.196680442603053,1,3,0.243338951,0,0,1
1.595,1,7,21.0,0,0,1
24.575,1,7,23.369866721,0,0,1
0.005,1,0,21.596799909,0,0,1
1.26532164,0,4,30.0,0,0,1
13.25222246,0,3,22.000001337,0,0,1
0.0360973,1,3,1.314646412,0,0,1
0.402408,0,2,21.0,0,0,1
0.573895,0,4,0.244287527,0,0,1
0.0912,1,3,20.887260762,0,0,1
0.01,0,1,1.042536953,0,1,1
6.0122309,1,2,21.0,0,0,1
710.999464765504,0,1,0.332406987,0,0,1
0.00185,1,6,1.10337677,0,0,1
0.21573228,1,5,1.054693889,0,0,1
0.5095017486878384,1,3,0.474345778,0,0,1
2.057337084917524,0,3,0.260790342,0,0,1
0.6242853217579496,1,0,0.244157391,0,0,1
0.71351035,1,2,0.321843841,0,0,1
9.995,1,7,21.0,0,0,1
3.9497,0,0,20.0,0,0,1
0.005,1,1,20.873010101,0,0,1
29.99392246,0,6,22.000001337,0,0,1
0.892466964581885,1,4,0.247223673,0,1,1
0.546967072703344,1,0,0.375136715,0,1,1
0.05609651,1,3,1.12510221,0,0,1
0.09945,1,5,1.155831125,0,0,1
0.81534495,1,2,21.0,0,0,1
0.00185,0,3,1.030224692,0,0,1
9.08715246,1,5,22.000001337,0,1,1
1.28275535,0,4,23.369866721,0,0,1
0.00855,1,7,1.150323515,0,0,1
8.49392246,0,1,22.000001337,0,0,1
27.49992246,0,2,22.000001337,0,0,1
2.705,0,1,21.0,0,0,1
1.696,1,5,0.363883524,0,0,1
0.5461585075113933,0,4,0.238286072,0,0,1
15.21992246,1,2,22.000001337,0,0,1
0.578270920064176,1,5,0.24317897,0,0,1
0.58576605,1,3,0.337906168,0,0,1
0.00218249,1,1,1.247273595,0,0,1
20.59329976,0,4,20.0,0,0,1
0.00230041,1,3,1.041887147,0,1,1
0.0701,0,3,1.046077332,0,0,1
3.699992038576978,1,3,0.242126516,0,0,1
0.01,0,7,20.42469852,0,0,1
100.90254724144968,1,1,0.262824488,0,0,1
2.97494066,1,2,1.080850722,0,0,1
19.995,0,4,30.0,0,0,1
1.443897973411651,0,0,0.239162921,0,0,1
0.02485,1,1,1.163508954,0,0,1
4.804,1,4,20.0,0,0,1
0.2980515,1,4,1.212978196,0,0,1
39.99985,1,5,1.346607349,0,0,1
37.402,0,0,21.0,0,0,1
500.0,0,6,21.0,0,0,1
0.09473973,1,3,1.048155292,0,0,1
0.02602935,1,1,1.122109536,0,0,1
66.99985,1,2,1.04041783,0,1,1
4.0,0,1,8.0,0,0,1
0.06818502,1,3,1.03721305,0,1,1
1.197,0,3,20.0,0,0,1
37.67991054040487,1,3,22.000001337,0,0,1
0.8627384028664262,1,3,0.359952214,0,0,1
0.07448,1,7,1.046916333,0,1,1
9.999537999971922,0,7,22.000001337,0,0,1
22.19872627,1,3,20.0,0,1,1
0.00602493,1,7,1.047481304,0,0,1
8.189559,1,6,22.000001337,0,0,1
3.5,1,6,21.431542316,0,0,1
1.22282,0,1,1.175778141,0,0,1
49.99992432281876,1,3,0.337946833,0,0,1
0.53999303268321,1,2,0.240937201,0,0,1
21.657518480708053,1,0,22.000001337,0,0,1
1.015,1,0,30.0,0,1,1
7.52874114,1,4,22.000001337,0,1,1
42.215,1,3,21.0,0,1,1
0.63500086,1,6,30.0,0,0,1
0.0360973,1,5,1.314646412,0,0,1
39.43262246,1,0,22.000001337,0,0,1
8.11952977,1,6,22.000001337,0,0,1
0.01870744,1,3,20.0,0,0,1
31.89387374,1,4,1.046089345,0,0,1
23.69932246,1,7,21.0,0,0,1
0.00235,1,5,1.046317694,0,0,1
9.99958,1,0,22.000001337,0,0,1
0.0013,1,1,20.0,0,0,1
0.26436703,1,3,20.0,0,0,1
99.99999053769832,1,0,0.239394101,0,0,1
0.60428062,1,1,1.239094062,0,0,1
0.9805936415128118,1,6,0.372385933,0,0,1
0.005,1,1,21.0,0,0,1
1.100990638384212,1,1,0.59198257,0,0,1
8.09392246,0,4,22.000001337,0,0,1
0.663466404265006,1,0,0.241283866,0,0,1
0.66725261,1,2,0.321469692,0,0,1
0.2761826,1,7,20.0,0,0,1
9.99392246,0,5,22.000001337,0,1,1
6.98982,1,7,1.12956208,0,1,1
0.8487686306779819,1,2,0.293232506,0,1,1
9.995,1,4,21.0,0,1,1
1.995,1,1,21.661292598,0,0,1
18.25268161,1,3,20.0,0,0,1
10.1217,0,1,20.0,0,0,1
8.56423356,0,6,22.000001337,0,0,1
0.5094501389604909,0,1,0.321843841,0,0,1
0.59775,1,1,1.067829695,0,0,1
7.29692246,1,3,22.000001337,0,0,1
11.99251226,0,3,21.0,0,0,1
59.356037,1,2,21.0,0,0,1
8.51790754,0,2,22.000001337,0,1,1
24.99994027759104,1,2,0.238076445,0,0,1
72.150409,1,7,22.000001337,0,1,1
0.005,1,4,21.596799909,0,0,1
0.8487686306779819,0,7,0.293232506,0,0,1
3.999994877376592,1,7,0.250309999,0,0,1
20.90523328,1,5,20.0,0,0,1
203.88996226,1,6,21.0,0,1,1
0.165,1,0,20.0,0,0,1
16.1884,1,7,20.0,0,0,1
0.01985,0,3,1.045615954,0,0,1
1.084,1,5,21.309262042,0,0,1
249.99453799997195,0,1,21.0,0,1,1
0.195258,0,0,1.074084082,0,0,1
0.0405,1,7,20.0,0,0,1
0.792491514452615,1,3,0.344539373,0,1,1
0.7729214456855804,1,1,0.24317897,0,0,1
10.42250324,1,5,22.000001337,0,1,1
0.5611663003728399,1,0,0.388031055,0,0,1
0.7911484948292176,0,3,0.262824488,0,0,1
0.002174,0,5,1.137021937,0,1,1
0.01,0,5,21.0,0,0,1
0.6377788850945206,1,3,0.239555031,0,0,1
11.923869292860845,1,2,22.000001337,0,0,1
1.813372025751404,0,6,0.341035159,0,0,1
2.99985,1,1,1.048213535,0,0,1
0.6774866325668631,1,0,0.310560886,0,0,1
42.21052928,1,1,21.0,0,0,1
1.0002497,1,6,20.0,0,0,1
1.49998981342185,1,3,0.372385933,0,0,1
8.495,1,0,20.0,0,0,1
8.61308629,1,1,22.000001337,0,0,1
8.89392246,0,0,22.000001337,0,1,1
50.817,0,6,22.83811533,0,0,1
0.01,1,3,20.0,0,0,1
0.0296409,0,0,1.200314535,0,0,1
1.81601652,0,1,20.0,0,0,1
1.406,1,4,30.5,0,0,1
0.1,1,4,20.0,0,0,1
0.03506643,1,6,1.121845711,0,0,1
0.2913,1,0,20.0,0,0,1
7.93343776,0,0,22.000001337,0,0,1
0.789791911493231,1,0,0.290576309,0,1,1
2.80562784,1,3,22.667583079,0,0,1
0.02674981,1,5,1.281646828,0,1,1
0.01,1,5,20.0,0,0,1
9.9952115,0,1,20.0,0,1,1
5.911,1,5,21.309262042,0,1,1
49.27156344900021,1,5,22.073836554,0,1,1
5.495,1,1,21.0,0,0,1
0.03436008,1,5,1.131447078,0,0,1
0.06759,1,3,20.0,0,0,1
1.36259813,1,0,20.0,0,0,1
0.995,1,3,22.416545867,0,0,1
0.313709,1,6,1.06037898,0,1,1
19.99349552,0,5,22.127224645,0,1,1
0.24937071,1,2,21.0,0,0,1
4.952344,1,6,21.0,0,0,1
10.98392246,1,3,21.0,0,0,1
3.240090127977253,0,3,0.330598925,0,0,1
19.9920973,1,0,21.0,0,0,1
62.20595285,1,7,22.000001337,0,1,1
5.057,1,6,21.969348338,0,0,1
0.00235,1,1,1.101907403,0,1,1
9.98192246,0,4,22.000001337,0,0,1
0.250605,1,6,1.11650583,0,0,1
18.48296540759589,0,4,0.244157391,0,0,1
0.552096373727938,0,1,0.344539373,0,1,1
2.225,1,7,21.0,0,0,1
0.005,0,2,22.0,0,1,1
9.30794916,1,2,22.000001337,0,0,1
6.98982,0,2,1.12956208,0,1,1
0.753303154456875,1,7,0.391909125,0,1,1
0.01,1,4,20.0,0,0,1
5.04099,1,5,21.0,0,1,1
74.98177536,1,7,22.000001337,0,0,1
0.04817297,1,7,1.235321297,0,0,1
6.793,0,6,21.0,0,0,1
0.2124077,1,7,20.0,0,0,1
4.399653980977669,1,7,0.516471891,0,0,1
24.99937,1,7,22.000001337,0,0,1
0.08399983,1,5,1.174043428,0,0,1
0.00304458,1,1,1.118643321,0,1,1
8.2495561201093,0,0,0.4032001,0,0,1
3.79388885,1,6,21.954492566,0,1,1
37.26103212676423,1,2,0.333112388,0,0,1
8.99392246,1,6,22.000001337,0,0,1
0.195,1,7,20.0,0,0,1
0.01,1,5,20.0,0,0,1
24.735,0,6,30.0,0,1,1
5.993957811425868,1,2,0.3193392,0,0,1
0.005,0,3,24.568222891,0,0,1
19.456533,1,7,50.0,0,0,1
209.46777006997192,1,6,22.000001337,0,0,1
6.738,0,1,22.0,0,1,1
0.005,0,7,23.444264145,0,0,1
0.03034565,0,3,1.121784292,0,0,1
23.49392246,0,6,22.000001337,0,1,1
0.16469282,0,4,20.0,0,0,1
0.01133918,0,4,1.055524638,0,0,1
24.9593595,1,1,22.000001337,0,0,1
2520.9997135737744,0,2,0.246735189,0,0,1
0.005,1,5,21.0,0,0,1
0.01123,1,6,1.114816363,0,0,1
8.4924743,1,0,22.000001337,0,0,1
2.04493639653044,0,0,0.237429533,0,0,1
0.664,0,5,21.0,0,0,1
5.99500252,1,3,1.0,0,1,1
0.00134,0,6,1.043824123,0,0,1
4.87522,0,0,20.0,0,1,1
0.5133413689291619,1,2,0.29455668,0,1,1
23.49392246,1,0,22.000001337,0,0,1
8.34892246,1,5,22.000001337,0,0,1
0.42320314,0,6,1.2136054,0,1,1
4.51184533,1,1,20.0,0,0,1
17.58779121087082,0,2,0.337946833,0,0,1
7.92259352,1,6,22.000001337,0,0,1
1.584408,0,0,20.0,0,0,1
592.37353273,1,7,20.0,0,0,1
144.999559,0,7,22.000001337,0,0,1
0.0312863,1,1,1.045403176,0,0,1
99.99999481039728,1,1,0.245098184,0,0,1
1.084,0,5,21.309262042,0,0,1
3.598656920750184,0,0,0.303189435,0,0,1
0.0002032990207564,0,4,1.002774922,0,0,1
18.99392246,1,0,21.0,0,0,1
0.527593198230788,1,4,0.235282764,0,0,1
0.906688457609392,1,2,0.321845711,0,0,1
8.83812246,1,5,22.000001337,0,1,1
37.98958,1,7,22.000001337,0,0,1
16.83212523,0,3,21.0,0,0,1
0.01,0,5,20.0,0,0,1
1.009032383043952,0,4,0.251351082,0,0,1
0.68371545,0,7,0.341035159,0,0,1
9.99349424,0,1,22.000001337,0,1,1
4.255,1,1,20.0,0,0,1
17.61539946,1,3,21.0,0,1,1
24.99999478728569,1,5,0.303189435,0,0,1
0.47135466,0,6,1.362251741,0,0,1
23.80646415997477,1,2,0.249031321,0,0,1
13.84450972,1,0,50.0,0,0,1
0.0199,1,4,20.0,0,0,1
13.999794970527644,1,4,0.241182291,0,0,1
0.0413,1,2,20.0,0,0,1
0.14306,0,1,1.123631973,0,0,1
0.045,1,6,90.0,0,1,1
9.64709543,1,6,22.000001337,0,0,1
1.6088271579485365,0,5,0.310560886,0,0,1
0.01,1,4,21.0,0,0,1
1.99985,0,2,1.249043207,0,0,1
0.09279043,1,3,1.050588031,0,1,1
500.0,1,0,21.0,0,0,1
0.01,1,1,21.0,0,0,1
0.9109882805725722,1,3,0.377078153,0,0,1
0.6415077,0,3,1.06448793,0,0,1
9.00093078,1,0,22.000001337,0,0,1
2.675,1,7,20.887260762,0,0,1
29.799559,1,2,22.000001337,0,1,1
13.74680246,0,4,21.0,0,0,1
0.831692752336444,0,3,0.288183858,0,0,1
22.9818425,0,3,22.127224645,0,0,1
17.73079813,1,6,20.272024492,0,0,1
0.8535683282605032,1,5,0.377078153,0,0,1
8.99392246,1,6,22.000001337,0,0,1
10.06997028493036,1,3,0.243338951,0,0,1
3.4999042079145672,0,2,0.254626787,0,0,1
29.995,0,3,20.0,0,0,1
17.833,1,4,21.0,0,0,1
0.0201297,1,2,1.045245662,0,1,1
4.014,0,3,21.0,0,0,1
5.272558,1,1,21.0,0,0,1
0.77512,1,4,0.235282764,0,0,1
1.00045,1,5,1.134806361,0,0,1
5.702623358,1,4,0.327717943,0,0,1
24.99985,1,6,1.045446993,0,1,1
2.994,1,7,21.0,0,0,1
30.307,1,7,20.0,0,0,1
4.410192135730718,1,0,0.243434082,0,1,1
0.005,1,7,24.568222891,0,1,1
0.7484617854881944,1,2,0.239863892,0,0,1
0.03225,0,3,1.281111171,0,0,1
0.0913,0,3,21.661292598,0,1,1
0.5339939760676555,1,2,0.267165316,0,1,1
25.995,1,7,21.0,0,0,1
23.91392246,0,5,21.0,0,1,1
0.005,1,7,20.0,0,0,1
23.699,1,7,21.0,0,1,1
0.03143621,0,3,1.046681808,0,0,1
0.02932816,1,5,1.226371109,0,0,1
15.29647131,0,4,22.127224645,0,0,1
0.005,1,3,23.444264145,0,0,1
9.96592246,1,5,22.000001337,0,1,1
0.893191911720271,1,5,0.3193392,0,0,1
9.98392246,1,7,22.000001337,0,1,1
4.1383,1,6,24.670216374,0,1,1
2.36,1,4,25.0,0,0,1
6.15351918,0,7,1.218918109,0,0,1
26.28501,1,0,1.094673508,0,0,1
0.06922369,1,6,1.187339308,0,1,1
0.00185,0,3,1.045344829,0,0,1
0.00429066,0,3,20.0,0,0,1
0.99985,1,6,1.129097862,0,0,1
7.48688432,1,2,20.0,0,0,1
1.051836409961933,0,7,0.249454777,0,0,1
1.895,1,3,20.0,0,0,1
3.695,0,2,20.0,0,0,1
0.5072944517533255,0,2,0.29455668,0,0,1
12.18088322,0,3,22.127224645,0,1,1
0.00218249,1,7,1.247273595,0,0,1
0.03225,1,0,1.281111171,0,0,1
0.53198522,1,4,0.244287527,0,1,1
1.2877899423784336,1,6,0.240108052,0,0,1
1.75,0,3,20.0,0,1,1
28.31892246,1,4,21.0,0,0,1
21.99953532828245,1,2,22.000001337,0,0,1
8.74992246,1,1,22.000001337,0,0,1
0.982607286569974,0,5,0.245976873,0,0,1
0.06057173,1,7,1.054693889,0,0,1
0.01,1,4,21.0,0,0,1
11.99392246,1,3,100.1,0,0,1
15.4974279,1,1,22.000001337,0,0,1
7.27447268,1,7,22.000001337,0,0,1
0.00203557,1,6,1.119681719,0,0,1
0.00245,1,7,1.125835974,0,0,1
0.499991990145602,1,2,0.322326307,0,0,1
0.6422833848316604,1,5,0.359952214,0,0,1
8.14392246,1,3,22.000001337,0,1,1
14.99392246,1,1,20.159005428,0,1,1
0.07985,1,1,1.052828981,0,0,1
3.78998262,1,3,20.0,0,1,1
0.10992587,1,4,1.048237409,0,1,1
0.14462983,1,0,21.0,0,0,1
13.5,1,5,1.047908918,0,0,1
84.99242918,1,3,22.000001337,0,0,1
9.96392246,1,7,22.000001337,0,0,1
4.70215,0,2,0.240108052,0,0,1
13.59392246,1,0,100.1,0,0,1
0.24324,1,2,1.159740198,0,0,1
0.16426319,1,7,21.0,0,0,1
0.01,1,2,21.0,0,0,1
1.43009,1,5,0.245976873,0,0,1
0.100346,0,6,1.055446197,0,0,1
74.79985,0,2,1.039888667,0,1,1
49.299559,1,5,21.0,0,0,1
0.335,1,1,21.0,0,0,1
7.538299,1,2,22.000001337,0,0,1
13.9941295,1,2,22.000001337,0,1,1
3.727827234671728,1,5,0.388031055,0,0,1
1.616876588357085,1,7,0.348392543,0,0,1
0.5,1,2,40.0,0,0,1
0.6008160329416904,0,2,0.429864307,0,0,1
0.01,1,6,20.0,0,1,1
0.00855,1,3,1.150323515,0,0,1
39.09716932,0,4,1.147139557,0,0,1
1.0,1,5,1.140578411,0,1,1
0.005,1,1,21.0,0,0,1
5.495,1,6,21.0,0,0,1
0.06434284,0,2,1.27228107,0,0,1
0.1300892,1,5,20.0,0,0,1
13.684408,1,3,20.0,0,0,1
0.679316243421552,1,6,0.298840711,0,0,1
0.00185,1,4,1.145710688,0,0,1
28.56811906,1,1,25.076374645,0,1,1
0.00230745,1,1,1.05868683,0,0,1
16.03366301,1,7,21.0,0,0,1
0.49985,1,4,1.0788472,0,0,1
0.01,0,2,21.0,0,0,1
0.11242,1,1,1.049680665,0,0,1
0.02874884,0,1,1.11633354,0,1,1
0.378594,1,7,1.042148707,0,1,1
1.813372025751404,1,7,0.341035159,0,0,1
0.685603490695325,0,3,0.308905138,0,0,1
0.3607887,0,1,1.368590573,0,0,1
0.06216848,1,3,1.047236243,0,1,1
7.98892246,0,1,22.000001337,0,0,1
16.362253763197177,1,4,0.240053116,0,0,1
0.5,1,5,40.0,0,0,1
0.847894473635471,0,7,0.254626787,0,0,1
6.2913,1,2,21.0,0,0,1
0.578955188969279,0,1,0.250021252,0,0,1
0.75755995,1,1,1.328775067,0,0,1
0.00185,0,3,1.108905138,0,0,1
1677.0,1,4,1.109111283,0,0,1
8.58692246,1,0,22.000001337,0,0,1
0.24436674,1,6,1.059906569,0,1,1
9.99392246,1,3,22.000001337,0,1,1
1.54048898,1,6,1.101344581,0,1,1
0.1361113,1,3,21.0,0,1,1
1.007992393893471,1,1,0.375020151,0,0,1
0.00185,1,0,1.230408239,0,1,1
1386.9999710091456,1,4,0.239863892,0,0,1
0.995,0,4,21.0,0,1,1
24.00250252,0,6,23.369866721,0,0,1
9.902535328282456,0,7,22.000001337,0,1,1
12.18088322,1,1,22.127224645,0,0,1
507.50457347182527,0,2,0.501376731,0,0,1
0.31857088,1,1,1.048001627,0,0,1
30.025,1,0,30.5,0,0,1
2.66777,1,0,30.0,0,0,1
0.001,1,0,22.528622017,0,0,1
0.005,1,4,21.0,0,1,1
9.50392246,1,1,22.000001337,0,0,1
6.2863,0,1,20.0,0,0,1
0.29352993,1,0,20.0,0,0,1
0.01007721,1,5,1.149097479,0,0,1
12.18263268,0,5,20.159005428,0,0,1
9.79129264938741,1,7,0.298840711,0,1,1
2.51248,1,0,21.0,0,0,1
16.19392246,0,1,22.000001337,0,1,1
0.0082416,0,3,1.043668688,0,1,1
24.99999478728569,1,5,0.303189435,0,1,1
5.781854999553708,1,1,0.235533298,0,0,1
0.09985,1,1,1.261963916,0,0,1
1.0,1,3,20.0,0,0,1
0.6343751811247299,1,0,0.43476765,0,0,1
0.1,1,3,10.0,0,0,1
0.789790625841479,1,6,0.298044523,0,0,1
3.5400320508019067,0,4,0.293232506,0,0,1
18.395,1,3,21.0,0,1,1
0.6839814952481,1,3,0.359952214,0,0,1
8.77251432,1,7,22.000001337,0,0,1
0.03488,0,4,20.0,0,0,1
17.07761551,1,4,21.0,0,0,1
0.812451328705299,1,7,0.242766032,0,0,1
0.0278556,1,1,20.0,0,0,1
17.58069821,1,0,22.127224645,0,0,1
0.005,1,3,23.444264145,0,0,1
0.005,0,2,20.873010101,0,0,1
0.01,1,1,21.0,0,1,1
90.989559,0,0,22.000001337,0,1,1
25.99690642,0,7,22.000001337,0,0,1
1.080775942753545,1,4,0.249031321,0,0,1
0.4989613464563065,1,5,0.474345778,0,0,1
13.311439068138982,1,0,0.337946833,0,0,1
16.19392246,0,2,22.000001337,0,0,1
22.454559,1,4,22.000001337,0,1,1
12.6026,1,4,21.0,0,0,1
1.28802556,1,5,20.0,0,0,1
61.08469306,0,5,1.179932621,0,0,1
0.894987901755289,1,3,0.321845711,0,0,1
3.035,1,6,21.0,0,0,1
9.84015287,1,2,30.0,0,0,1
8.24754705,0,0,22.000001337,0,1,1
17.19653501,1,7,0.428010974,0,0,1
7.99344858,1,0,22.000001337,0,0,1
15.03987246,0,2,21.0,0,0,1
39.99985,0,0,1.191674583,0,1,1
49.90827246,1,1,21.0,0,1,1
5.399953019805272,1,3,0.48507515,0,1,1
0.12802313,0,1,1.139420691,0,0,1
0.664,0,3,21.0,0,0,1
5.092204,1,7,20.0,0,0,1
9.99392246,1,1,22.000001337,0,0,1
0.02434541,0,7,21.0,0,1,1
33.029397,0,3,22.000001337,0,0,1
0.6349426325589403,0,4,0.443922838,0,1,1
0.0257783,1,3,1.222403115,0,0,1
0.062932,1,2,44.104297439,0,1,1
5.6931041,0,0,22.667583079,0,0,1
2.468,0,4,21.0,0,1,1
0.12204091,0,7,21.0,0,0,1
0.583588348351705,1,4,0.249454777,0,1,1
0.02066832,1,4,1.047105624,0,0,1
1.8471082030805253,0,5,0.36210711,0,1,1
1.4499304030775482,1,3,0.322457127,0,0,1
0.15285,0,0,1.18443305,0,0,1
0.84944559,1,4,21.0,0,0,1
56.49852246,0,6,21.0,0,0,1
7.99937,0,2,22.000001337,0,0,1
1.595,1,6,30.0,0,0,1
17.126757607738362,1,6,0.245098184,0,0,1
11.99392246,1,1,21.0,0,1,1
9.52052246,1,4,22.000001337,0,0,1
0.52034422,1,5,1.061326733,0,0,1
22.23479416315764,1,3,0.321927375,0,1,1
0.6377788850945206,0,5,0.239555031,0,0,1
0.499991990145602,1,7,0.322326307,0,0,1
43.4524403,1,5,1.280744203,0,0,1
1.1971303732246807,1,6,0.251043358,0,0,1
23.51042798,1,6,22.000001337,0,0,1
0.7291565,1,6,1.046175212,0,0,1
1.2799,1,6,20.0,0,1,1
3.809,1,1,20.012773603,0,0,1
0.5613161,1,0,1.308545659,0,0,1
17.963,0,1,10.0,0,0,1
0.0125944,1,1,1.178810769,0,1,1
0.1001119,1,5,20.0,0,0,1
0.00272977,0,4,1.042473807,0,0,1
0.005,0,3,24.568222891,0,0,1
0.9999845036244372,1,0,0.244964192,0,0,1
0.5095017486878384,1,5,0.474345778,0,0,1
0.00374001,1,2,1.048610601,0,0,1
19.53431533,1,6,25.076374645,0,0,1
18.706191171211,1,0,0.299798668,0,0,1
16.19015064,1,2,21.0,0,0,1
399.63985,1,0,1.217294851,0,0,1
0.848276718514367,1,2,0.399923023,0,0,1
0.01244004,0,7,1.119103273,0,0,1
3.04585186,1,3,22.0,0,0,1
5.273954299683518,1,3,0.355813575,0,0,1
0.01,1,2,21.0,0,0,1
0.05128938,1,2,1.213027167,0,0,1
16.3,1,5,1.116702001,0,0,1
5.0,0,7,21.0,0,1,1
9.99392246,0,5,22.000001337,0,0,1
84.07916946,0,5,22.073836554,0,0,1
1.1763987425575169,0,3,0.341035159,0,0,1
2.166293,0,0,1.221574095,0,0,1
9.999995059061956,0,5,0.322326307,0,0,1
1.3999877617106815,1,6,0.250309999,0,0,1
14.52973246,1,4,21.0,0,0,1
0.195,1,0,20.0,0,1,1
0.01666423,1,5,1.045393252,0,0,1
29.995,1,7,21.661292598,0,0,1
69.09987777930947,0,1,0.337906168,0,0,1
6.2863,1,1,20.0,0,0,1
4.832766905967671,1,5,0.262824488,0,1,1
9.99392246,1,2,22.000001337,0,1,1
0.332,1,5,21.0,0,0,1
14.999985685155584,1,5,0.372385933,0,0,1
0.827509454578449,0,2,0.372385933,0,1,1
22.995,1,0,21.0,0,0,1
0.1893603,0,4,1.052679795,0,0,1
7.50392246,1,3,22.000001337,0,1,1
0.48811573,1,6,1.106626885,0,0,1
0.625,1,2,21.0,0,0,1
0.02434541,0,1,21.0,0,0,1
0.01,0,6,20.0,0,0,1
2.73264426,1,5,1.131924726,0,0,1
17.98549406237604,0,4,0.240246068,0,0,1
0.01,1,7,20.0,0,0,1
0.15285,0,6,1.18443305,0,0,1
5.851471199891993,1,6,0.288734486,0,0,1
0.125203,1,6,1.133178117,0,0,1
0.01002402,0,3,1.119797448,0,0,1
7.27892246,1,0,22.000001337,0,0,1
0.5017813298214655,1,4,0.35576282,0,0,1
0.01,1,6,20.0,0,0,1
11.3884027,1,7,22.127224645,0,1,1
8.09392246,0,5,22.000001337,0,0,1
0.6971920327928192,0,4,0.321927375,0,0,1
10.77509106,0,4,21.0,0,0,1
0.49999381430972,1,0,0.492602688,0,0,1
0.01,1,0,20.0,0,1,1
16.22250465,1,0,22.127224645,0,0,1
0.05819452,1,7,1.039521059,0,0,1
5.12384667,1,6,24.670216374,0,0,1
0.4942153365899257,0,2,0.277848319,0,0,1
15.617094516288548,0,3,21.0,0,0,1
11.41892246,0,3,22.127224645,0,0,1
9.418567,1,1,20.0,0,1,1
19.9920973,1,3,21.0,0,0,1
0.0031467,1,2,1.064887978,0,0,1
261.90975569,1,5,20.0,0,0,1
7.42945946,1,6,22.000001337,0,0,1
5.98836184,1,0,1.10010148,0,1,1
1.8011902987854504,1,3,0.485210834,0,0,1
16.789510540404873,0,7,22.000001337,0,1,1
0.36968181,1,6,1.091671132,0,1,1
11.095,0,6,4.0,0,0,1
17.22853759,1,5,21.0,0,0,1
0.02522527,1,0,1.144919453,0,1,1
15.119111621083114,1,7,0.262824488,0,0,1
10.12192246,1,5,22.000001337,0,0,1
27.69745206,1,7,22.000001337,0,1,1
1.055161061577727,1,7,0.249454777,0,0,1
30.999537999971924,0,2,22.000001337,0,0,1
1.023901494936809,1,0,0.384681819,0,0,1
309.0299932311476,1,5,0.308912007,0,1,1
2.4663,1,3,20.0,0,0,1
13.38533722,1,0,100.1,0,0,1
2.649817361986287,1,2,0.36210711,0,1,1
0.11347801,1,7,1.121539168,0,1,1
899.9895105404049,0,2,22.000001337,0,0,1
0.538275744534076,0,2,0.36210711,0,1,1
0.00646527,0,5,1.119101993,0,0,1
44.49985,1,5,1.057126437,0,0,1
88.16985,1,2,1.126082445,0,0,1
12.96996101,0,6,21.0,0,0,1
0.28014853,1,4,20.0,0,0,1
0.00337181,1,1,1.211444054,0,0,1
22.7934743,1,2,22.000001337,0,0,1
0.982607286569974,0,6,0.245976873,0,0,1
25.01984438153039,1,0,0.450152997,0,0,1
1.891291190791917,0,0,0.242126516,0,0,1
5.017493623921746,0,5,0.255747922,0,0,1
0.12204091,1,3,50.0,0,1,1
22.23479416315764,0,2,0.321927375,0,0,1
9.18392246,1,3,22.000001337,0,0,1
6.817531280488907,1,1,0.41884549,0,0,1
5.400563023276232,1,2,0.24161278,0,1,1
0.00331153,0,1,1.095809195,0,0,1
3.899984825084037,1,4,0.267165316,0,0,1
11.5026366099999,1,5,22.000001337,0,0,1
500.0,1,7,20.0,0,0,1
0.0113,1,0,20.0,0,0,1
0.0030154314705505,1,2,17.313799035,0,1,1
7.99392246,1,2,22.000001337,0,0,1
0.05318,1,4,1.04238713,0,1,1
0.0395,0,4,20.0,0,0,1
31.705930149971923,1,7,21.0,0,0,1
0.01600479,0,7,1.112625657,0,1,1
2.80562784,1,6,22.667583079,0,0,1
1.0,1,1,10.0,0,0,1
0.5853855578388258,1,0,0.458624863,0,0,1
0.005,1,7,22.0,0,1,1
0.03685561,0,7,20.0,0,1,1
0.5066628410743025,1,2,0.241182291,0,0,1
7.89211736,1,0,22.000001337,0,1,1
7.538299,1,5,22.000001337,0,0,1
11.1978958,0,4,22.127224645,0,0,1
0.1300892,1,7,20.0,0,0,1
0.5339939760676555,1,4,0.267165316,0,0,1
9.99392246,0,6,22.000001337,0,1,1
0.2,0,6,10.0,0,0,1
0.00585,0,0,1.197458795,0,0,1
0.0013,1,1,20.0,0,0,1
39.385,1,6,20.0,0,0,1
0.24937071,1,1,21.0,0,1,1
39.99985,0,1,1.346607349,0,0,1
4.13781319,1,6,21.0,0,1,1
26.06145961,0,1,21.0,0,0,1
7.48738593,1,1,22.000001337,0,0,1
0.89269887,1,0,21.0,0,0,1
0.1774,0,3,21.0,0,0,1
1.14069160896447,1,5,0.348392543,0,0,1
0.7880806576268811,0,5,0.387551877,0,1,1
2.616342031209732,1,7,0.244157391,0,0,1
0.03225,1,5,1.281111171,0,0,1
87.83541846783878,1,6,22.000001337,0,0,1
0.01186119,1,1,1.049323782,0,0,1
9.27692246,1,2,22.000001337,0,0,1
39.99992242042164,1,2,0.341590268,0,0,1
2.765,1,0,20.272024492,0,1,1
0.9999803833847014,1,7,0.233479113,0,0,1
4.255,1,1,20.0,0,0,1
0.00587342,1,3,1.205405213,0,0,1
499.9795299736071,1,2,22.000001337,0,0,1
46.85246333,1,0,1.059157573,0,0,1
29.998559,1,7,22.000001337,0,0,1
0.04940335,0,1,1.094181687,0,0,1
0.67352329949147,0,0,0.325620822,0,0,1
0.22985,1,2,1.130598925,0,0,1
8.99392246,1,1,22.000001337,0,1,1
8.99392246,1,7,22.000001337,0,1,1
1.51189,1,1,1.211743913,0,0,1
3.095,1,2,20.0,0,0,1
1.1260107,1,2,1.051243454,0,0,1
3.93096238,1,0,21.0,0,1,1
0.01185,0,0,1.059380834,0,1,1
2.719995175819121,1,4,0.233479113,0,0,1
52.70738447319886,1,1,0.293232506,0,0,1
0.75755995,0,0,1.328775067,0,0,1
0.01137479,0,2,1.044399806,0,0,1
11.82242716,1,2,100.1,0,0,1
0.01537759,1,3,1.267615099,0,0,1
7.01844227,1,7,22.000001337,0,1,1
0.01140694,1,2,1.155105752,0,0,1
0.00185,0,5,1.137699861,0,0,1
0.0045796,1,6,1.063972003,0,0,1
299.99892246,1,0,22.073836554,0,0,1
7.99304046,1,4,22.000001337,0,0,1
9.99392246,1,3,22.000001337,0,1,1
3.9998950758559007,0,4,0.252285406,0,0,1
0.005,1,1,21.0,0,0,1
1.075,1,3,20.0,0,0,1
2.761,0,0,20.0,0,0,1
0.10536501,0,7,1.050983773,0,1,1
7.52874114,1,4,22.000001337,0,0,1
3.0,1,0,21.0,0,0,1
25.995,1,4,21.0,0,1,1
0.909621659006904,1,7,0.321843841,0,0,1
5.102887,1,5,20.0,0,0,1
0.560667380520613,1,2,0.443922838,0,0,1
9.27024141,0,7,22.000001337,0,0,1
11.089559,0,1,22.000001337,0,1,1
0.1987,0,1,20.0,0,0,1
17.649659,0,1,21.0,0,0,1
4.599964983714065,0,7,0.43476765,0,0,1
4.125537558445996,0,5,0.372385933,0,0,1
1.88,0,4,20.0,0,0,1
77.99985,1,5,1.094181687,0,1,1
9.99892246,1,2,22.000001337,0,0,1
0.50289508,1,0,0.288183858,0,0,1
93.30754365,1,6,22.000001337,0,1,1
0.00583454,1,7,1.071170151,0,1,1
8.98392246,1,0,22.000001337,0,0,1
0.2913,1,0,20.0,0,0,1
1.84799566,1,4,21.0,0,0,1
17.98549406237604,1,0,0.240246068,0,1,1
0.2418199,0,5,1.044220441,0,0,1
0.005,0,7,21.0,0,1,1
0.12802313,1,2,1.139420691,0,0,1
1.00227367,1,2,1.199923023,0,0,1
1.0032063289300457,1,6,0.321845711,0,0,1
18.7736328060679,0,2,0.254352718,0,0,1
170.99892246,0,1,20.0,0,0,1
17.58069821,1,0,22.127224645,0,0,1
8.99928146,0,6,22.000001337,0,0,1
10.43040151,1,7,22.000001337,0,0,1
24.982559,1,0,22.000001337,0,0,1
2.61795,0,6,1.141035159,0,0,1
37.26103212676423,1,1,0.333112388,0,0,1
0.995,1,1,21.0,0,0,1
9.98892246,1,3,22.000001337,0,0,1
13.78492246,1,3,22.127224645,0,0,1
329.99994598434165,0,6,0.321927375,0,0,1
0.006,0,5,1.058331185,0,1,1
0.00500915,1,1,1.151847917,0,0,1
0.10285,1,4,1.128315435,0,0,1
5.12384667,0,7,24.670216374,0,0,1
8.77251432,1,5,22.000001337,0,0,1
0.739993509282368,0,1,0.36210711,0,0,1
6.95755,1,1,1.176846516,0,1,1
0.00974164,1,3,1.260263587,0,0,1
3.937955313739488,0,3,0.244287527,0,1,1
12.612244,1,2,22.127224645,0,1,1
1.114625475365865,1,0,0.373931154,0,1,1
15.12692246,1,0,100.1,0,0,1
2.79687443,1,4,20.0,0,1,1
0.002408,1,7,20.0,0,0,1
0.015088,1,4,1.182388672,0,1,1
0.195,0,3,20.0,0,0,1
62.20595285,0,7,22.000001337,0,0,1
1.096650453682529,1,5,0.321845711,0,1,1
4.99985,1,5,1.106956786,0,0,1
0.36013055,0,4,1.204625488,0,0,1
0.13312084,0,6,21.0,0,0,1
6.08649,1,4,21.0,0,0,1
0.01155691,1,4,1.04737673,0,0,1
9.99392246,1,4,22.000001337,0,0,1
0.0025473,1,6,1.040466748,0,0,1
50.009559,1,7,22.000001337,0,1,1
42.70357581,1,2,20.0,0,1,1
9.99392246,0,5,22.000001337,0,0,1
107.13536799068576,0,0,0.239534815,0,0,1
0.00485,0,4,1.045255223,0,1,1
7.09881744,1,7,22.000001337,0,0,1
0.01515216,1,5,1.030865333,0,0,1
0.17267183,0,2,1.042452147,0,1,1
0.609603826604372,0,4,0.310560886,0,1,1
43.99392246,1,2,21.0,0,0,1
0.0536623,0,3,1.053630541,0,0,1
29.924,1,1,30.0,0,0,1
0.295,0,4,23.369866721,0,0,1
10.4633303,1,1,21.0,0,1,1
0.005,1,3,21.596799909,0,0,1
7.435,1,7,20.0,0,0,1
4.26130202,1,6,21.0,0,0,1
0.520378379030493,1,3,0.246385252,0,0,1
1.37641445,1,7,1.188167742,0,0,1
11.99392246,1,0,21.0,0,0,1
0.00779119,0,7,1.118718529,0,0,1
0.0296409,1,2,1.200314535,0,1,1
0.03635,1,6,30.0,0,0,1
4.691,0,7,21.0,0,0,1
3.598656920750184,1,4,0.303189435,0,0,1
29.99392246,1,4,22.000001337,0,1,1
10.37377037,0,5,22.127224645,0,0,1
0.12167054,0,1,21.0,0,0,1
0.42214872,1,1,20.0,0,0,1
9.99749311,0,2,22.000001337,0,0,1
9.99958,1,3,22.000001337,0,1,1
0.995,1,5,20.0,0,0,1
0.79688825052037,0,2,0.250309999,0,0,1
0.12305,1,4,1.043520861,0,0,1
0.005,0,0,1.151327947,0,1,1
0.01702595,1,0,1.047556819,0,0,1
0.518771997137197,0,7,0.399923023,0,0,1
0.506865180677382,1,6,0.427844078,0,1,1
0.521082414964597,1,6,0.443922838,0,0,1
43.9997431146659,1,2,0.256020979,0,0,1
3.93096238,1,4,21.0,0,0,1
185.76780312465627,0,5,0.237429533,0,0,1
0.01593682,1,2,1.043308478,0,0,1
16.362253763197177,1,5,0.240053116,0,0,1
0.8613,1,5,20.0,0,1,1
1.084,1,3,21.309262042,0,1,1
61.16061546,0,3,21.0,0,1,1
22.99958,1,2,21.0,0,0,1
59.39910956,0,6,22.000001337,0,0,1
8.49392246,1,7,22.000001337,0,0,1
1.258850328016432,1,7,0.36210711,0,0,1
1.687263450671534,1,6,0.378871716,0,0,1
0.789790768801226,1,2,0.294452624,0,1,1
25.099559,0,6,22.000001337,0,0,1
0.01,0,1,21.0,0,0,1
0.00235,0,7,1.269027966,0,1,1
0.0912,1,2,20.887260762,0,0,1
28.727372,1,3,22.000001337,0,1,1
6.031,1,0,20.40801424,0,0,1
0.0099789,1,0,1.135581276,0,0,1
8.620057812018828,0,3,0.244749667,0,0,1
24.995,1,4,21.0,0,0,1
4.44,1,0,21.0,0,0,1
4.60974301,0,6,1.1524007,0,0,1
217.14089515,0,0,1.044462823,0,0,1
0.14586565,1,7,1.07148342,0,0,1
19.99996699126527,1,2,0.255747922,0,0,1
0.3833661,1,3,1.059941413,0,0,1
19.99392246,1,1,21.0,0,0,1
10.70781246,1,6,21.0,0,0,1
90.989559,1,5,22.000001337,0,0,1
1069.9997937280643,0,0,0.300207963,0,1,1
10.11377886,0,0,22.000001337,0,0,1
1.813372025751404,1,4,0.341035159,0,1,1
11.09908897,1,6,20.887260762,0,0,1
0.5612865150199742,1,0,0.359008226,0,0,1
0.505,1,1,30.0,0,0,1
0.00555,1,4,1.045747076,0,0,1
0.5339939760676555,1,0,0.267165316,0,1,1
42.70357581,1,2,20.0,0,1,1
4.999857736200429,1,0,0.504334241,0,0,1
0.05674427,1,3,1.112605689,0,0,1
0.7504986,1,5,1.04051476,0,0,1
235.999808182014,0,3,0.308905138,0,0,1
9.995,1,2,21.0,0,0,1
0.8030535173997104,1,3,0.242126516,0,0,1
0.982607286569974,0,4,0.245976873,0,0,1
18.664,1,1,21.0,0,0,1
0.02443997,1,0,1.039380876,0,1,1
1.44493248,0,1,20.0,0,1,1
2.2399772392854795,1,7,0.427844078,0,0,1
424.0,1,5,23.626598781,0,0,1
0.01067277,1,1,1.033073701,0,0,1
7.50392246,1,2,22.000001337,0,0,1
1.742434721012705,1,3,0.309081792,0,0,1
26.32123274,1,1,22.000001337,0,0,1
10.90356147,1,6,22.000001337,0,0,1
0.06085,1,7,1.159952214,0,0,1
18.53810568,1,1,21.0,0,1,1
56.49852246,1,0,21.0,0,0,1
0.9470448834290696,1,2,0.239863892,0,0,1
2.341069749293455,0,4,0.298840711,0,0,1
0.73326159,1,6,23.0,0,1,1
1.99785,1,2,1.04079035,0,0,1
1.22282,1,2,1.175778141,0,0,1
0.883287854849794,1,1,0.322326307,0,0,1
1.895,1,0,20.0,0,0,1
0.63724012,1,0,20.887260762,0,1,1
7.45646746,1,3,22.000001337,0,0,1
2.18408985,0,4,1.08803648,0,1,1
27.14869039921655,0,0,0.267165316,0,0,1
27.34758884,1,1,22.000001337,0,0,1
0.510785750946119,1,7,0.458624863,0,0,1
0.7451704213125195,1,7,0.242391936,0,0,1
0.00245914,1,5,1.178544249,0,0,1
1.009991013044162,1,4,0.247292168,0,0,1
0.5693966538539117,0,4,0.243057875,0,0,1
9.98192246,0,2,22.000001337,0,0,1
0.4969896093668595,0,1,0.315679177,0,0,1
9.99892246,1,3,22.000001337,0,0,1
0.31857088,0,5,1.048001627,0,0,1
0.491752029481656,1,5,0.485210834,0,0,1
1451.9999922770037,1,5,0.411479756,0,0,1
29.799559,1,4,22.000001337,0,1,1
0.4175,0,0,21.0,0,0,1
1.51189,1,5,1.211743913,0,0,1
0.9845880952141096,0,7,0.411746065,0,0,1
43.079187460056055,1,5,0.236266787,0,0,1
0.01,0,4,20.0,0,0,1
0.005,1,1,24.568222891,0,0,1
22.7624628,1,6,22.000001337,0,0,1
1.3955781446746105,0,3,0.363883524,0,0,1
0.609556857035341,1,2,0.372385933,0,0,1
289.43880228791494,1,3,0.276020471,0,0,1
0.02129,1,0,1.112306834,0,0,1
19.258229,1,7,30.0,0,1,1
3.981,1,5,20.0,0,1,1
1.982653,1,2,0.243338951,0,0,1
0.505,1,6,21.0,0,0,1
24.995,0,0,21.0,0,1,1
19.999559,1,3,22.127224645,0,0,1
57.11805909,1,5,22.000001337,0,0,1
0.659995053800742,1,0,0.321843841,0,0,1
70.90088201953309,1,5,0.329135044,0,0,1
18.337,1,6,21.0,0,0,1
0.4999806493317064,0,4,0.238274572,0,1,1
0.03170021,0,1,1.172019474,0,1,1
9.2490897,1,5,22.528622017,0,0,1
1.81601652,1,2,20.0,0,0,1
7.294537999971923,1,5,22.000001337,0,0,1
7.365711062029101,1,5,22.000001337,0,1,1
22.04391445,1,0,30.0,0,0,1
0.00245,1,0,1.232821492,0,0,1
42.70394618,1,0,50.0,0,0,1
1.5054,1,0,20.0,0,0,1
0.11585,1,2,1.125848359,0,1,1
0.06628682,1,0,1.334300274,0,0,1
10.68551226,1,7,21.0,0,0,1
5.77252491,1,7,30.0,0,0,1
0.0292601,0,1,1.103056845,0,0,1
79.99995835953564,1,2,0.373931154,0,0,1
728.9994165077982,1,5,0.528775067,0,0,1
0.00230041,1,5,1.041887147,0,0,1
0.005,0,4,30.0,0,0,1
0.4175,1,7,21.0,0,0,1
40.17782246,0,5,22.073836554,0,0,1
8.7723,0,5,24.670216374,0,0,1
3.09985,1,4,1.176365666,0,0,1
0.31468,1,4,20.0,0,1,1
0.5066628410743025,1,2,0.241182291,0,0,1
3.73460373821874,0,4,0.333801551,0,1,1
60.409880546787065,1,7,0.43476765,0,1,1
0.42277835,0,3,20.0,0,0,1
26.75392246,1,1,22.000001337,0,0,1
11.31406986,1,4,22.127224645,0,0,1
1.999986005769176,1,6,0.242126516,0,0,1
9.98392246,1,7,22.000001337,0,0,1
10.774165579971925,1,4,21.0,0,0,1
13.24756053,1,6,21.0,0,0,1
29.98392246,0,2,22.000001337,0,0,1
1.425971160579523,0,3,0.239863892,0,0,1
2.3444323031553025,1,3,0.327010236,0,0,1
0.09588126,1,2,1.166332647,0,0,1
0.6199959329271589,1,5,0.247292168,0,0,1
0.789792088241201,0,7,0.299798668,0,0,1
9.97392246,1,2,22.000001337,0,0,1
16.1884,0,1,20.0,0,1,1
7.29054318,1,6,20.272024492,0,0,1
3.090702098635042,1,6,0.243338951,0,1,1
0.5754129843704392,1,7,0.242126516,0,0,1
18.995,1,2,20.0,0,0,1
234.32711228,0,5,21.0,0,0,1
0.02485,1,5,1.163508954,0,0,1
0.98940715,1,6,0.321845711,0,0,1
13.99728,0,6,22.000001337,0,1,1
0.05174407,0,7,1.204512407,0,1,1
0.995,0,3,20.272024492,0,0,1
0.00235,1,0,1.046317694,0,0,1
0.005,1,1,20.0,0,0,1
70.82055,0,7,1.161662882,0,0,1
10.42250324,1,6,22.000001337,0,0,1
16.789510540404873,1,0,22.000001337,0,0,1
14.52973246,0,2,21.0,0,0,1
0.01571,1,1,1.111606758,0,1,1
1.167414347952949,1,2,0.43362083,0,0,1
5.38196667,0,5,20.0,0,0,1
4.841291,1,4,1.042708183,0,0,1
9.754476786898795,1,3,22.000001337,0,0,1
0.5347916142203696,1,3,0.298840711,0,0,1
0.6902137378253648,1,5,0.254139651,0,0,1
9.98392246,1,5,22.000001337,0,0,1
0.47135466,0,0,1.362251741,0,0,1
5.015,0,1,30.0,0,0,1
0.995,1,2,20.0,0,0,1
0.0101397,1,3,1.159168946,0,0,1
29.87985,0,7,1.163508954,0,0,1
2.56246752,1,7,1.114573956,0,0,1
8.14250528,1,5,22.000001337,0,0,1
9.69392246,1,0,22.000001337,0,0,1
16.66250899,1,0,22.127224645,0,0,1
0.5760339442335641,1,3,0.254139651,0,0,1
7.98892246,1,4,22.000001337,0,0,1
0.01,1,5,21.0,0,0,1
18.995,1,1,20.0,0,1,1
0.00185,1,7,1.145647935,0,0,1
1.295,1,3,21.0,0,1,1
619.999510811706,1,4,0.47542702,0,0,1
5.54962147,1,0,20.0,0,0,1
0.09985,1,6,1.040316263,0,0,1
13.80918016,1,4,21.0,0,0,1
0.0074424,1,1,1.197878476,0,0,1
0.789790841525171,1,2,0.35463077,0,0,1
0.138,0,2,30.0,0,1,1
18.78392246,1,0,20.159005428,0,1,1
4.60974301,0,7,1.1524007,0,0,1
8.24754705,0,6,22.000001337,0,0,1
29.98892246,1,7,22.000001337,0,0,1
131.99892246,1,2,20.0,0,0,1
204.9998817130436,0,4,0.485210834,0,0,1
0.492503,1,3,21.0,0,0,1
0.99,1,3,21.486870188,0,1,1
13.04292246,1,4,22.127224645,0,0,1
16.69392246,1,3,22.127224645,0,0,1
0.9322814028660654,1,6,0.341590268,0,1,1
1.389990403061404,0,0,0.299798668,0,0,1
81.808559,0,1,22.000001337,0,0,1
0.00982,1,7,1.04814989,0,0,1
29.783259,0,7,22.000001337,0,0,1
0.0395,1,6,30.0,0,0,1
0.5613,0,2,20.0,0,1,1
1.16383,1,3,22.528622017,0,1,1
5.7015,0,0,4.0,0,0,1
7.00349296,0,2,22.000001337,0,0,1
0.06189331,1,5,1.25715943,0,0,1
174.9494486994642,1,2,22.073836554,0,0,1
0.05385,0,3,1.187451012,0,0,1
3.244092543756597,1,0,0.304430225,0,0,1
0.596884,1,3,20.40801424,0,1,1
4.17423,0,5,20.887260762,0,0,1
3.48151,1,4,20.0,0,0,1
37.67392246,1,4,22.000001337,0,0,1
5.0,1,7,91.0,0,0,1
1.2467,1,1,20.0,0,1,1
0.117629,0,2,1.06767339,0,0,1
2.087714409352102,1,4,0.372385933,0,0,1
20.70447103,1,3,22.000001337,0,0,1
0.03506643,1,7,1.121845711,0,0,1
0.28792,0,0,1.167306793,0,0,1
289.43880228791494,1,0,0.276020471,0,0,1
800.0,0,2,21.0,0,0,1
0.04787167,0,3,1.099903999,0,0,1
2.76785601,0,7,21.0,0,0,1
21.56995,0,3,1.102194982,0,1,1
0.41893599,0,3,44.092332086,0,1,1
20.71992246,0,1,22.000001337,0,0,1
4.219,1,3,20.0,0,0,1
0.05174407,0,4,1.204512407,0,0,1
70.90088201953309,1,4,0.329135044,0,0,1
0.998362058412766,1,4,0.359952214,0,1,1
8.2495561201093,0,3,0.4032001,0,1,1
1.799988320563675,0,1,0.243338951,0,0,1
99.99392246,0,1,21.0,0,1,1
2.79268986,1,1,1.099356472,0,1,1
0.9361329180075744,1,4,0.337906168,0,0,1
0.19155435,1,6,92.0,0,0,1
0.04212663,1,7,1.162440281,0,0,1
0.52,1,2,20.0,0,0,1
0.00285,1,0,1.215808423,0,1,1
3.65127,1,5,21.0,0,0,1
2.1863037,0,0,0.257021202,0,0,1
0.005,1,5,20.0,0,0,1
14.99392246,0,3,100.1,0,1,1
13.684408,1,6,20.0,0,0,1
0.00185,1,5,1.033645555,0,0,1
0.01085,1,5,1.108016049,0,0,1
9.73392246,1,3,22.000001337,0,0,1
0.005,0,6,20.873010101,0,0,1
0.05801,1,4,1.170060586,0,0,1
0.005,1,5,21.0,0,0,1
0.00285558,0,2,1.116989796,0,0,1
1.0,0,3,1.098622457,0,0,1
4.999950148978994,1,6,0.377078153,0,0,1
16.40194354,1,3,20.0,0,0,1
0.01732214,1,0,1.127761533,0,0,1
19.9920973,1,3,21.0,0,0,1
2.61701113,1,3,1.198416998,0,0,1
57.99952521810541,1,3,0.377078153,0,1,1
3.184,0,0,22.528622017,0,0,1
0.12802313,1,1,1.139420691,0,1,1
0.03225,1,2,1.281111171,0,1,1
1.388605,1,3,23.697264639,0,0,1
11.31406986,0,0,22.127224645,0,0,1
0.0244254,1,3,1.047699847,0,0,1
199.99991344082684,0,2,0.341590268,0,0,1
11.83364929,0,0,100.1,0,1,1
399.82985,1,2,1.194374776,0,0,1
2.125,1,2,0.333801551,0,0,1
0.0077421,1,1,1.1289198,0,0,1
24.44399282,1,6,22.000001337,0,1,1
7.20973384,0,0,22.000001337,0,0,1
0.84870485,1,4,20.0,0,0,1
29.999967120941232,0,5,0.242126516,0,0,1
0.831692752336444,1,6,0.288183858,0,0,1
0.00941713,1,4,1.132078376,0,1,1
0.60428062,1,4,1.239094062,0,0,1
0.5613161,1,6,1.308545659,0,0,1
22.24747160161652,1,6,0.443922838,0,0,1
0.696,1,1,0.32510221,0,0,1
1.10659758,1,6,1.129897665,0,1,1
1.0032063289300457,0,3,0.321845711,0,0,1
1.0273879515873037,1,0,0.355813575,0,0,1
0.5522643630136419,0,4,0.35576282,0,0,1
9.65724384,1,7,22.000001337,0,0,1
4.166633833080804,1,1,0.384681819,0,0,1
27.98392246,1,0,21.0,0,0,1
0.01,1,7,20.0,0,0,1
32.8176,1,4,21.0,0,1,1
10.47999086987935,1,1,0.427844078,0,0,1
1.0903735230631433,0,6,0.330598925,0,0,1
11.09908897,1,3,20.887260762,0,1,1
133.77126326218905,1,2,22.073836554,0,0,1
6.64870309910655,1,2,0.339479526,0,0,1
0.005,1,4,23.444264145,0,1,1
4.602494954929739,1,1,0.339479526,0,0,1
40.68991803902265,1,2,0.267165316,0,0,1
61.08469306,1,2,1.179932621,0,0,1
0.19947524,1,0,1.141590268,0,0,1
0.995,0,6,21.0,0,1,1
0.05819452,1,0,1.039521059,0,1,1
0.00886267,0,7,1.112712835,0,0,1
14.03972546,1,0,22.000001337,0,0,1
0.910989698947702,1,2,0.339479526,0,0,1
0.0913,0,0,20.272024492,0,0,1
11.39847051,1,2,21.0,0,0,1
11.79293938813808,0,4,0.24507077,0,0,1
22.23479416315764,1,0,0.321927375,0,0,1
12.18088322,1,4,22.127224645,0,0,1
0.7909004793702723,0,6,0.321927375,0,0,1
159.99892246,1,3,21.0,0,0,1
1.99985,1,0,1.249043207,0,0,1
0.2505559,1,5,22.0,0,0,1
2.59281242,1,1,1.229613129,0,0,1
0.01,0,0,21.0,0,1,1
0.005,1,3,20.0,0,1,1
1899.999995059062,1,2,0.298840711,0,0,1
4.75959059,0,0,0.321927375,0,0,1
16.288,1,6,21.431542316,0,0,1
51.5143,0,4,1.121712361,0,0,1
9.95964716,1,7,22.000001337,0,1,1
200.0,1,3,21.0,0,1,1
6.031,0,3,20.40801424,0,0,1
42.70357581,1,6,20.0,0,0,1
299.98489658,1,0,22.000001337,0,0,1
29.99392246,1,2,21.0,0,1,1
165.54880151,0,6,22.000001337,0,0,1
0.0013,0,2,20.0,0,0,1
0.02977773,1,7,1.108734859,0,1,1
0.0364134,1,2,1.160739558,0,1,1
4.26130202,0,3,21.0,0,0,1
49.995,1,7,20.0,0,0,1
0.01,1,1,20.40801424,0,0,1
29.48392246,1,7,21.0,0,0,1
0.553,1,0,20.0,0,0,1
0.295,0,2,20.0,0,1,1
0.005,0,4,13.218630469,0,0,1
0.977832,0,4,1.159008226,0,0,1
0.46315362,1,7,20.0,0,0,1
7.24778106,1,7,22.000001337,0,0,1
0.01,1,5,20.0,0,0,1
0.6412529962541137,1,5,0.309081792,0,1,1
24.575,1,2,23.369866721,0,0,1
0.4980272673703281,1,6,0.25680762,0,0,1
0.5053245254476463,1,5,0.450152997,0,1,1
1.285352539769344,1,0,0.241601189,0,0,1
9.98392246,0,6,22.000001337,0,0,1
0.5316109632946442,1,2,0.428010974,0,1,1
5.069,1,3,21.0,0,0,1
1.28275535,0,3,23.369866721,0,0,1
0.04905039,0,6,1.191847561,0,0,1
0.01,0,2,20.0,0,0,1
12.0,1,3,12.871276791,0,0,1
50.0,0,0,20.0,0,0,1
0.30601177,1,2,1.04238713,0,0,1
2.574878719026015,1,0,0.418083789,0,1,1
0.114712,1,4,41.0,0,0,1
21.64742246,1,7,22.000001337,0,0,1
55.058,1,3,21.0,0,0,1
20.899356212860845,1,7,22.000001337,0,0,1
13.495,0,7,21.0,0,0,1
0.002408,1,0,20.0,0,0,1
29.99392246,1,4,22.000001337,0,0,1
0.005,1,4,30.5,0,0,1
35.99495246,1,3,21.0,0,0,1
11.46458,1,6,22.000001337,0,0,1
119.995,1,3,22.917630378,0,1,1
1.813372025751404,1,0,0.341035159,0,0,1
1.4765978588245252,0,4,0.240608391,0,0,1
0.99,0,1,21.486870188,0,0,1
0.99677799,1,2,20.0,0,1,1
0.7729214456855804,1,4,0.24317897,0,0,1
1.425971160579523,0,5,0.239863892,0,0,1
16.471890489971923,0,2,22.000001337,0,0,1
1882.9999471587028,1,3,0.298663605,0,0,1
12.31912246,0,0,25.076374645,0,0,1
1.8965,0,3,20.0,0,1,1
1.396641632581938,0,4,0.321828952,0,0,1
0.00014,1,4,20.0,0,0,1
4.99985,1,2,1.043429699,0,1,1
0.22445572,1,0,1.180622199,0,0,1
0.0357445,1,4,20.815012353,0,0,1
1.653755,1,5,20.0,0,0,1
0.66725261,1,0,0.321469692,0,0,1
9.98392246,1,4,22.000001337,0,0,1
2.6740183,1,0,30.0,0,0,1
0.37095,0,3,30.0,0,0,1
2.00985,1,5,1.119048167,0,0,1
17.47653992710869,1,5,22.219725733,0,0,1
9.805,0,5,30.0,0,0,1
22.02436646,0,6,22.000001337,0,0,1
4.255,0,1,20.0,0,0,1
28.999994356668488,0,6,0.235282764,0,1,1
0.8063246777168145,0,2,0.267165316,0,0,1
0.032452,1,2,1.041111254,0,0,1
5.190517,1,6,25.0,0,0,1
0.7781709,1,2,1.159008226,0,0,1
8.79392246,1,0,22.000001337,0,0,1
0.524992374757935,0,5,0.246629989,0,0,1
39.466699769971925,1,5,25.076374645,0,0,1
0.03484,1,4,1.27612587,0,0,1
8.79392246,1,1,22.000001337,0,1,1
0.789792088241201,1,5,0.299798668,0,0,1
131.95051446,1,1,21.0,0,1,1
0.24035272,1,4,1.173931154,0,0,1
0.005,0,4,21.0,0,0,1
20.77392246,1,6,22.000001337,0,0,1
186.31885,0,7,1.198834573,0,0,1
0.649338824137896,1,1,0.458624863,0,0,1
0.11278164,1,0,20.887260762,0,0,1
1.4884798131364108,1,4,0.238819943,0,0,1
1.20955637,0,7,20.0,0,1,1
1.00045,1,1,1.134806361,0,0,1
7.64779876,0,3,22.000001337,0,0,1
1.095,1,3,20.0,0,0,1
0.1690749,1,2,22.0,0,0,1
0.01,0,5,20.0,0,0,1
0.5321695408030629,1,2,0.257021202,0,0,1
0.99951753,1,3,1.098070604,0,1,1
7.08392246,0,6,22.000001337,0,0,1
0.11796372,1,3,21.0,0,0,1
5.53477,1,0,21.0,0,0,1
0.487858634790019,1,7,0.363883524,0,0,1
7.147911345217849,1,2,0.458624863,0,0,1
1.19999494482792,0,6,0.43476765,0,1,1
0.01387103,0,6,1.154524387,0,0,1
22.31992246,1,4,21.0,0,1,1
0.23836628,0,0,1.038557268,0,0,1
0.003846,1,7,1.136159441,0,0,1
97.90352926722504,1,5,0.267165316,0,0,1
0.0025,1,3,1.178798906,0,0,1
2.087714409352102,0,6,0.372385933,0,0,1
3300.0000022272147,1,6,0.242524804,0,0,1
0.99951753,1,6,1.098070604,0,0,1
35.30745246,1,1,21.0,0,0,1
7.399994711685038,0,5,0.254626787,0,0,1
19.153503274414447,1,2,0.391909125,0,0,1
0.0159347,1,0,1.194266237,0,0,1
0.005,0,2,21.0,0,0,1
0.22445572,1,0,1.180622199,0,0,1
0.00185,1,0,1.109460712,0,1,1
0.0082416,1,5,1.043668688,0,0,1
2.01006804,1,4,21.0,0,0,1
289.43880228791494,1,3,0.276020471,0,1,1
0.869988754982391,0,1,0.303189435,0,0,1
51.9244473,1,6,22.000001337,0,0,1
5.12384667,1,5,24.670216374,0,0,1
7.97281406,0,4,22.000001337,0,0,1
0.01,1,1,20.40801424,0,1,1
0.005,1,0,20.0,0,0,1
0.02321,0,0,1.283543831,0,0,1
0.53271569,1,0,1.048845549,0,0,1
0.06389757,0,7,1.192858443,0,0,1
2.3140199473132728,0,2,0.391909125,0,0,1
5.083213,1,5,20.0,0,0,1
0.29352993,1,7,20.0,0,0,1
0.006,1,7,1.058331185,0,0,1
3.12023555,1,2,1.23476765,0,0,1
0.9999861745287127,1,3,0.359740198,0,0,1
12.235,1,3,21.0,0,0,1
0.0201297,0,0,1.045245662,0,0,1
10.99392246,0,6,21.0,0,0,1
9.995,0,4,20.0,0,0,1
6.738,1,2,22.0,0,0,1
0.595007,1,4,1.12994039,0,0,1
2.979750540471331,1,5,0.267165316,0,0,1
27.53086146,1,0,22.000001337,0,1,1
0.0013,0,5,20.815012353,0,0,1
0.00385,1,6,1.302784604,0,0,1
13.38533722,1,5,100.1,0,0,1
1.175,0,4,21.0,0,0,1
9.99004379,1,0,22.000001337,0,0,1
1.0,1,5,20.0,0,0,1
0.53999303268321,1,6,0.240937201,0,1,1
19.96973405,1,3,22.000001337,0,0,1
0.005,0,4,22.0,0,0,1
0.005,1,4,30.0,0,0,1
0.5347916142203696,0,0,0.298840711,0,0,1
99.99392246,0,2,22.000001337,0,0,1
3.0584,0,6,20.012773603,0,0,1
13.84450972,1,7,50.0,0,1,1
507.50457347182527,1,2,0.501376731,0,1,1
0.00452442,0,3,1.076287617,0,1,1
0.0013,1,7,20.0,0,1,1
9.99392246,1,1,22.000001337,0,0,1
0.5593643068563274,0,2,0.24161278,0,0,1
3.36619267,1,0,30.0,0,0,1
0.09397439,0,1,1.126342189,0,0,1
7.62047775,0,5,22.000001337,0,0,1
4.708,0,2,22.0,0,0,1
2.329216552381366,1,7,0.378871716,0,0,1
29.995,0,7,20.0,0,1,1
0.00292502,1,7,1.045007328,0,0,1
0.16833416,0,5,20.0,0,0,1
0.11585,0,5,1.125848359,0,0,1
0.5665944793515697,0,4,0.254626787,0,0,1
22.54864106,1,7,22.000001337,0,0,1
0.335,1,0,47.15,0,0,1
65.83,1,5,20.0,0,0,1
341.999473606819,1,1,0.249131093,0,0,1
7.365711062029101,1,2,22.000001337,0,0,1
0.005,1,2,21.596799909,0,0,1
0.058936,1,4,30.5,0,0,1
0.8309181,0,6,1.11457672,0,0,1
5.1824,0,0,30.0,0,0,1
15.42138567827562,1,4,0.378871716,0,1,1
74.99392246,0,1,50.0,0,0,1
57.99952521810541,1,0,0.377078153,0,0,1
1.1286882752720708,1,3,0.341590268,0,1,1
9.99492246,1,4,22.000001337,0,0,1
0.8372761383124997,0,1,0.242391936,0,0,1
6.793,0,3,21.0,0,0,1
7.538299,0,7,22.000001337,0,0,1
0.00224048,0,2,1.114414723,0,0,1
5.538250261052675,0,7,0.245972001,0,0,1
4.13781319,1,6,21.0,0,1,1
2.055,1,2,21.0,0,0,1
0.0689,1,4,1.037566673,0,1,1
21.4934473,0,5,22.000001337,0,0,1
1.733990506184613,1,3,0.288183858,0,0,1
0.6008160329416904,1,3,0.429864307,0,0,1
0.01133918,0,2,1.055524638,0,0,1
500.0,1,1,22.127224645,0,0,1
0.7777202,0,0,1.139420691,0,0,1
3.223111272127763,1,2,0.240608391,0,0,1
1.20700082,0,6,21.0,0,0,1
3300.0000022272147,0,1,0.242524804,0,1,1
4.919923917775122,1,1,0.243434082,0,0,1
2.56246752,0,2,1.114573956,0,0,1
0.192408,1,4,20.0,0,0,1
0.505,1,1,21.0,0,0,1
0.17505,1,1,1.12846971,0,1,1
0.5091335525812593,0,0,0.321845711,0,0,1
9.014325328282457,1,2,22.000001337,0,1,1
20.70447103,1,1,22.000001337,0,0,1
0.9240295827757932,0,6,0.238076445,0,1,1
12.99392246,1,7,22.127224645,0,1,1
0.00230041,1,2,1.041887147,0,0,1
0.00585,1,0,1.086911168,0,0,1
1.1260107,1,0,1.051243454,0,0,1
12.780389946861646,0,2,0.322326307,0,0,1
0.005,1,3,20.0,0,0,1
2.765,1,4,20.272024492,0,0,1
0.6199591988425134,0,2,0.252092747,0,0,1
4.8891,1,2,20.0,0,1,1
0.0742719,0,2,1.252801127,0,0,1
11.1978958,1,4,22.127224645,0,0,1
11.863,0,5,20.0,0,0,1
13.37692246,0,0,22.127224645,0,0,1
7.511,0,3,21.309262042,0,0,1
0.10985,1,5,1.035273697,0,0,1
0.02443997,1,5,1.039380876,0,0,1
1088.9998191599525,0,4,0.36210711,0,0,1
0.817975579327216,1,4,0.337906168,0,0,1
0.07812887,1,5,1.118884874,0,0,1
11.98892246,1,3,22.127224645,0,1,1
0.596469972476457,0,4,0.249454777,0,0,1
0.910989698947702,0,2,0.339479526,0,0,1
500.0,1,3,20.0,0,0,1
0.6242853217579496,0,0,0.244157391,0,0,1
728.9994165077982,1,2,0.528775067,0,0,1
137.6862229956772,1,1,0.424584311,0,0,1
0.005,1,1,21.0,0,1,1
0.00696961,1,3,1.236737966,0,0,1
5.092204,1,4,20.0,0,0,1
28.99392246,0,7,22.000001337,0,0,1
15.4974279,0,0,22.000001337,0,1,1
0.12204091,1,7,50.0,0,0,1
10.0,1,2,6.0,0,0,1
0.99951753,1,5,1.098070604,0,0,1
4.447543,0,5,20.0,0,0,1
0.4989613464563065,0,7,0.474345778,0,0,1
0.2124077,0,0,20.0,0,0,1
11.01578356,1,7,100.1,0,1,1
0.01649271,1,0,1.04307877,0,0,1
1.4043234859514917,1,7,0.312354437,0,0,1
0.01437,1,5,1.118299515,0,0,1
16.80606125,1,3,22.127224645,0,0,1
0.0013,1,3,21.0,0,0,1
0.045,0,0,90.0,0,0,1
5.936389259362617,1,6,0.373931154,0,0,1
87.611159,1,5,22.000001337,0,0,1
9.12022,0,7,20.0,0,0,1
0.005,1,5,30.5,0,1,1
3.65127,0,7,21.0,0,0,1
1.982653,1,7,0.243338951,0,0,1
0.995,0,3,20.0,0,0,1
23.58609894,1,5,23.369866721,0,1,1
0.01666423,1,2,1.045393252,0,0,1
0.00257,0,6,1.152774516,0,0,1
0.01,1,4,21.0,0,0,1
9.97392246,1,3,22.000001337,0,0,1
0.00805878,1,5,1.131059956,0,0,1
1.25669171,1,2,1.209451299,0,0,1
0.005,0,4,24.568222891,0,0,1
0.09737807,1,3,1.107687314,0,0,1
13.117864,1,2,20.0,0,0,1
121.52390758,1,7,22.000001337,0,0,1
12.74654105,0,0,21.0,0,0,1
79.49392246,1,6,21.0,0,0,1
0.01403933,1,1,1.259232438,0,1,1
39.49392246,0,1,22.000001337,0,1,1
19.99392246,1,1,21.0,0,1,1
0.01,0,0,4.000000001,0,0,1
0.599937028716276,1,0,0.458624863,0,0,1
22.24747160161652,1,6,0.443922838,0,0,1
0.00224048,1,7,1.114414723,0,0,1
0.5133413689291619,0,4,0.29455668,0,1,1
0.998801,1,0,0.337906168,0,0,1
0.5053245254476463,1,6,0.450152997,0,1,1
300.0,1,4,20.0,0,0,1
0.05985,1,4,1.039913629,0,0,1
0.35833872,1,7,1.044192584,0,0,1
0.98622,1,3,0.399923023,0,1,1
57.99952521810541,1,2,0.377078153,0,0,1
0.0742719,1,6,1.252801127,0,0,1
1.195,1,4,20.0,0,1,1
16.120359,1,5,22.000001337,0,0,1
0.552096373727938,1,5,0.344539373,0,0,1
0.5394099,1,6,1.11040234,0,0,1
1.16383,1,2,22.528622017,0,0,1
0.01,1,0,20.0,0,0,1
11.453206,1,3,4.0,0,0,1
4.99985,1,5,1.106956786,0,0,1
39.99992242042164,1,6,0.341590268,0,0,1
0.6242853217579496,0,2,0.244157391,0,0,1
21.99953532828245,1,5,22.000001337,0,0,1
1.0155,0,6,22.0,0,1,1
92.91126188343324,1,6,0.262824488,0,1,1
0.2102,0,6,20.0,0,0,1
1290.9999812249737,1,7,0.333577046,0,0,1
299.99392246,1,5,22.000001337,0,0,1
0.00997864,1,2,1.199570673,0,0,1
70.90088201953309,0,3,0.329135044,0,0,1
9.99392246,1,5,22.000001337,0,1,1
0.789787967891156,1,1,0.341035159,0,1,1
0.02977773,1,4,1.108734859,0,0,1
0.138,0,4,30.0,0,0,1
0.00685,1,5,1.15142632,0,0,1
0.09992668,1,3,1.044937319,0,0,1
1.04014364,1,5,1.246414918,0,0,1
0.0742719,0,0,1.252801127,0,0,1
8.94897646,1,5,22.000001337,0,0,1
0.573783614573215,1,6,0.31440281,0,0,1
1.082003279933263,0,7,0.321927375,0,1,1
0.676,1,7,0.321828952,0,0,1
111.79128609265288,1,2,22.000001337,0,0,1
0.83836817,1,0,0.341590268,0,0,1
69.09987777930947,1,5,0.337906168,0,1,1
13.80918016,1,0,21.0,0,0,1
0.499994896218401,1,2,0.24317897,0,0,1
7.50392246,0,5,22.000001337,0,1,1
32.8841295,0,4,22.000001337,0,0,1
1.199982265684257,1,4,0.31440281,0,0,1
9.99392246,1,6,22.000001337,0,0,1
1.437688044583811,1,1,0.233479113,0,0,1
1.184073756538246,0,6,0.427844078,0,0,1
0.570795007306769,1,4,0.254626787,0,0,1
0.03635,1,3,30.0,0,0,1
2.023025248796717,1,3,0.373931154,0,0,1
0.22180054,1,4,1.173033102,0,1,1
9.46503069,1,4,1.288999815,0,0,1
30.84828512,0,2,21.309262042,0,0,1
0.005,1,1,21.0,0,0,1
8.99392246,0,1,22.000001337,0,0,1
0.06818502,1,2,1.03721305,0,0,1
7.97702246,0,2,22.000001337,0,0,1
0.00710134,0,4,1.137421822,0,0,1
0.01132122,0,7,1.086447262,0,0,1
0.0101397,1,0,1.159168946,0,0,1
121.12503219,1,2,22.0,0,0,1
0.9240295827757932,1,0,0.238076445,0,0,1
38.685,1,7,20.0,0,0,1
0.005,1,5,21.0,0,0,1
5.13365,0,1,22.667583079,0,0,1
0.524608505179258,0,3,0.341035159,0,0,1
0.005,1,5,21.0,0,0,1
8.14638183,1,7,22.000001337,0,0,1
0.00685,0,4,1.15142632,0,0,1
0.6176131540475506,0,2,0.450152997,0,1,1
22.12835,1,5,1.112801496,0,1,1
0.01773378,1,5,1.092747746,0,0,1
11.2255866,0,5,21.0,0,0,1
2.269563191288899,1,0,0.254626787,0,0,1
2.719995175819121,1,5,0.233479113,0,1,1
0.649338824137896,0,0,0.458624863,0,0,1
0.29985,0,7,1.179919032,0,0,1
35.06938529,0,7,22.000001337,0,0,1
0.21596005,0,4,21.0,0,0,1
20.59329976,1,5,20.0,0,0,1
0.8123949722449061,1,0,0.262824488,0,0,1
0.343724,1,6,20.815012353,0,0,1
2.39999416245717,1,2,0.245972001,0,0,1
0.97796428,1,2,21.0,0,1,1
0.00707212,1,5,1.17890924,0,0,1
2.225,1,7,21.0,0,0,1
5.517,0,3,22.667583079,0,0,1
13.74680246,1,4,21.0,0,0,1
0.002443,1,4,1.042252328,0,0,1
5.05897174,1,2,22.416545867,0,0,1
18.99349294866636,1,4,0.241401293,0,0,1
4.447543,0,7,20.0,0,0,1
249.99892246,1,3,21.0,0,1,1
32.001741298657734,1,6,0.249454777,0,0,1
0.29352993,0,6,20.0,0,0,1
18.79392246,1,6,22.127224645,0,0,1
0.005,1,5,21.0,0,0,1
0.11242,1,7,1.049680665,0,0,1
4.92007,1,5,21.0,0,0,1
0.6154087168384746,1,7,0.247292168,0,0,1
8.61308629,1,5,22.000001337,0,0,1
9.99392246,1,6,22.000001337,0,1,1
9.995,1,7,21.0,0,1,1
0.495,1,7,20.0,0,1,1
0.01,1,4,20.0,0,0,1
149.99999363302186,0,5,0.485210834,0,0,1
66.99999488788428,1,7,0.298840711,0,0,1
0.50289508,1,3,0.288183858,0,0,1
339.8,1,0,22.073836554,0,1,1
2.185,1,7,22.0,0,0,1
0.03162962,1,5,1.144539373,0,1,1
7.29002246,0,3,22.000001337,0,0,1
0.7199984140087518,0,5,0.304430225,0,0,1
9.01782246,1,0,22.000001337,0,0,1
0.0467788,1,3,1.038763927,0,0,1
0.335,0,2,21.0,0,0,1
0.9999774496091194,1,2,0.36210711,0,0,1
0.0197301,1,7,1.134952427,0,0,1
0.005,1,4,20.0,0,0,1
0.005,1,1,24.568222891,0,0,1
18.48296540759589,0,2,0.244157391,0,0,1
5.5743,1,1,23.697264639,0,0,1
26.57852246,0,7,22.000001337,0,1,1
99.99892246,1,2,20.0,0,0,1
24.14392246,1,2,22.000001337,0,0,1
22.5083295,1,2,22.000001337,0,0,1
11.980003,1,1,23.369866721,0,0,1
0.22667068,1,6,21.0,0,0,1
5.015,1,4,30.0,0,1,1
1.123,1,3,21.237703005,0,0,1
35.695,0,3,21.0,0,0,1
2.06109742,1,5,20.0,0,0,1
2.49999089396257,1,0,0.384681819,0,0,1
0.998362058412766,1,7,0.359952214,0,0,1
12.780389946861646,1,4,0.322326307,0,0,1
9.64709543,0,1,22.000001337,0,0,1
0.005,0,4,21.0,0,0,1
0.16469282,0,6,20.0,0,0,1
5.05897174,1,1,22.416545867,0,1,1
0.01034002,1,4,1.113990474,0,0,1
0.58441943,1,4,0.243057875,0,0,1
0.616507431815281,1,6,0.35576282,0,0,1
4.08532757,1,4,21.431542316,0,0,1
1.694900478713628,1,5,0.337906168,0,0,1
0.4175,1,6,21.0,0,0,1
0.01143898,1,7,1.140492654,0,0,1
303.1799736687391,1,2,0.24161278,0,0,1
135.92,0,5,21.0,0,0,1
0.9361329180075744,0,1,0.337906168,0,0,1
19.43263049997192,1,6,22.000001337,0,0,1
1.439994770645373,0,7,0.329899238,0,0,1
8.53649294,1,2,22.528622017,0,0,1
9.28059424,0,4,22.000001337,0,0,1
5.05897174,0,6,22.416545867,0,0,1
0.8536405,1,0,21.0,0,0,1
0.005,0,5,30.0,0,0,1
2.56676878,0,6,23.96083722,0,0,1
5.2183,0,6,20.272024492,0,0,1
77.99985,0,1,1.094181687,0,0,1
0.06114871,1,6,1.13083176,0,0,1
9.99392246,1,6,22.000001337,0,0,1
0.9999845036244372,0,0,0.244964192,0,0,1
0.50211081,1,5,0.300207963,0,0,1
13.684408,1,5,20.0,0,0,1
16.960294192865458,1,7,0.260790342,0,1,1
0.00245,1,0,1.125835974,0,0,1
99.99999481039728,1,7,0.245098184,0,0,1
2.54,0,4,20.0,0,0,1
0.572,1,2,20.0,0,1,1
0.0343155,0,3,1.045074016,0,0,1
0.165,0,6,20.0,0,0,1
303.1799736687391,1,7,0.24161278,0,0,1
0.5133413689291619,1,2,0.29455668,0,0,1
8.444208718,1,7,22.000001337,0,0,1
1.855,0,5,24.670216374,0,0,1
29.98392246,0,1,22.000001337,0,0,1
22.84392246,1,4,22.000001337,0,0,1
9.94954406731929,1,6,22.000001337,0,0,1
0.005,1,0,20.0,0,0,1
4.09,1,0,4.0,0,0,1
0.005,0,0,39.0,0,0,1
8.97492246,0,4,22.000001337,0,0,1
31.995,1,0,21.0,0,0,1
0.4989613464563065,0,7,0.474345778,0,0,1
2.765,1,1,20.272024492,0,0,1
0.00235,0,0,1.101907403,0,1,1
74.79985,1,2,1.039888667,0,1,1
24.99985,1,6,1.045063796,0,0,1
0.0096333,0,7,1.045281989,0,0,1
0.548,1,2,20.0,0,1,1
0.00995,1,4,1.286395202,0,0,1
7.749460336978501,0,6,22.000001337,0,0,1
11.98892246,1,6,22.127224645,0,0,1
0.549992662944138,1,1,0.243442682,0,0,1
17.83162199,1,6,21.0,0,0,1
9.31834345,1,6,22.000001337,0,0,1
0.11985,1,5,1.131097477,0,1,1
0.0013,1,4,20.0,0,0,1
1.733990506184613,0,3,0.288183858,0,0,1
10.583,1,7,20.0,0,0,1
66.99999488788428,1,6,0.298840711,0,0,1
0.07709905,0,4,1.060881535,0,0,1
16.960294192865458,1,5,0.260790342,0,0,1
87.49849296,0,3,22.073836554,0,0,1
0.402408,1,5,20.0,0,1,1
2.468,0,0,21.0,0,0,1
0.095,1,7,20.0,0,0,1
0.29985,1,4,1.179919032,0,0,1
0.05021491,0,4,1.128467891,0,1,1
1.31870607,1,1,22.0,0,0,1
0.14985,1,4,1.220980477,0,0,1
2.12703503318798,1,0,0.341590268,0,0,1
0.03973,1,7,1.131104166,0,0,1
3.329345,1,5,21.0,0,0,1
55.64414584997192,1,3,21.0,0,0,1
4.405781302989931,1,6,0.249131093,0,0,1
0.01545948,1,6,1.118998184,0,0,1
8.45392246,1,0,22.000001337,0,0,1
0.76,1,0,20.0,0,0,1
48.404,1,2,20.0,0,0,1
0.0955542,1,0,1.333277766,0,0,1
10.20396036,1,4,22.000001337,0,1,1
1.8876953045446685,1,4,0.322457127,0,0,1
10.41432246,1,4,22.127224645,0,0,1
24.44399282,1,0,22.000001337,0,0,1
5.09493547,1,7,22.416545867,0,0,1
0.59997127,1,7,1.199570673,0,0,1
0.12204091,1,4,50.0,0,0,1
0.402408,1,0,20.0,0,0,1
62.32973862862784,0,3,0.253661266,0,1,1
0.005,1,5,24.568222891,0,0,1
0.1313,1,5,41.0,0,0,1
0.05803046,1,1,1.118718529,0,0,1
0.5072944517533255,1,6,0.29455668,0,0,1
1.618692850696202,1,7,0.288734486,0,0,1
6.8941,1,4,0.242126516,0,0,1
0.40685,1,3,1.0447171,0,0,1
0.005,1,4,21.0,0,0,1
0.2433063,0,0,1.065711815,0,0,1
3.0,0,4,21.0,0,0,1
84.07916946,1,0,22.073836554,0,0,1
0.005,1,0,21.0,0,0,1
0.998831114702564,0,4,0.240246068,0,0,1
0.00365806,1,4,1.229575179,0,0,1
4.79633854,0,7,20.0,0,0,1
2.1863037,1,4,0.257021202,0,0,1
9.110958020569605,0,7,22.000001337,0,0,1
0.00556504,0,6,1.038361667,0,0,1
99.99999481039728,1,2,0.245098184,0,0,1
19.31596106,1,7,22.127224645,0,0,1
6.577687548290418,1,3,0.337906168,0,0,1
1.0027034772586074,1,4,0.235533298,0,0,1
0.00185,1,0,1.109460712,0,0,1
1.16383,0,1,22.528622017,0,1,1
4.166633833080804,1,4,0.384681819,0,0,1
8.395,1,2,30.5,0,0,1
17.80617258,0,4,21.0,0,0,1
0.03185,1,0,1.181318926,0,0,1
1.0911983973279442,1,2,0.339479526,0,0,1
10.90356147,0,5,22.000001337,0,0,1
0.005,1,4,21.0,0,0,1
9.99392246,1,7,22.000001337,0,0,1
9.08715246,1,7,22.000001337,0,1,1
1.23,0,6,20.0,0,0,1
0.8007412681558422,1,0,0.387551877,0,0,1
18.995,1,4,20.0,0,0,1
5.1824,1,1,30.0,0,0,1
0.91104557,1,2,1.04881798,0,0,1
17.22853759,0,1,21.0,0,0,1
8.97392246,1,3,22.000001337,0,0,1
0.23761335,0,0,22.667583079,0,0,1
19.99392246,1,4,21.0,0,0,1
0.005,1,1,20.873010101,0,0,1
0.01,0,4,21.0,0,0,1
26.08425003,1,5,22.000001337,0,1,1
1.584408,1,1,20.0,0,0,1
6.285787757618933,0,0,0.3193392,0,0,1
1.18762054,1,6,1.169369111,0,0,1
0.5100281,1,5,1.111271865,0,0,1
0.9237115910915266,0,2,0.29455668,0,1,1
53.48063600722379,1,7,0.242391936,0,0,1
1.114625475365865,1,1,0.373931154,0,0,1
0.9036453,1,7,1.121098931,0,0,1
7.09881744,1,0,22.000001337,0,0,1
0.00235,1,5,1.050081959,0,0,1
0.2124077,1,0,20.0,0,1,1
5.009,1,1,30.5,0,0,1
5.017493623921746,1,3,0.255747922,0,0,1
21.44435682,1,0,22.000001337,0,0,1
5.835162491281936,1,3,0.294267018,0,0,1
7.765,1,1,20.0,0,0,1
20.189559,0,0,22.000001337,0,0,1
14.99392246,1,7,50.0,0,0,1
0.01,1,7,21.0,0,0,1
0.5190130192119663,0,7,0.309081792,0,0,1
12.14392246,1,1,21.0,0,0,1
0.10985,1,3,1.035273697,0,0,1
0.01,0,2,20.40801424,0,1,1
0.4980101245290864,1,2,0.59198257,0,0,1
2.999995105624164,1,3,0.43476765,0,1,1
0.499970209525125,1,4,0.3193392,0,0,1
26.495,1,3,21.573087494,0,1,1
0.396,1,2,22.528622017,0,0,1
13.87500746,0,7,21.0,0,0,1
0.4977363685400385,1,7,0.307077589,0,1,1
2.055,0,2,21.0,0,0,1
2.995,0,1,30.0,0,0,1
1.00227367,1,4,1.199923023,0,0,1
0.539558071299235,0,2,0.304430225,0,1,1
21.64742246,0,7,22.000001337,0,0,1
0.5584409429648064,0,3,0.242673692,0,0,1
19.96392246,1,0,20.159005428,0,0,1
39.47,1,1,20.0,0,0,1
39.98892246,1,0,22.000001337,0,0,1
0.947015601749627,1,3,0.363883524,0,0,1
0.58485,1,2,1.106483053,0,1,1
0.07898275,1,6,1.131600344,0,0,1
0.01,1,7,20.0,0,0,1
0.00185,0,1,1.033645555,0,0,1
0.00285,1,7,1.215808423,0,1,1
1.275584568297368,1,4,0.341035159,0,0,1
0.2832,1,2,20.0,0,0,1
23.699,1,3,21.0,0,0,1
10.715104127538112,1,3,0.239863892,0,0,1
0.5531984831154502,1,1,0.24507077,0,0,1
0.4999837453848227,1,6,0.288183858,0,0,1
0.27969404,1,0,1.052069796,0,1,1
0.15285,1,0,1.145970883,0,0,1
0.2713839,1,2,1.041411396,0,0,1
0.04985,1,1,1.050196908,0,0,1
7.08392246,1,0,22.000001337,0,0,1
2.397350644207984,1,3,0.235282764,0,1,1
0.09985,1,3,1.079247901,0,0,1
0.011,1,1,1.038205872,0,0,1
26.38392246,0,6,22.000001337,0,0,1
0.0193076,0,7,1.115023276,0,1,1
4.995,0,5,21.0,0,0,1
16.72724465,1,4,22.127224645,0,0,1
0.0048455,1,7,1.164917815,0,0,1
1.1260107,1,2,1.051243454,0,0,1
154.99998795929744,0,3,0.501376731,0,0,1
12.612244,0,0,22.127224645,0,0,1
0.005,0,5,21.596799909,0,1,1
0.005,0,0,21.596799909,0,0,1
1.895,1,5,20.0,0,0,1
11.86392246,0,6,21.0,0,0,1
0.5049120264919026,0,1,0.251043358,0,1,1
60.254910160520616,1,4,0.241005248,0,1,1
9.999559,0,2,22.000001337,0,0,1
300.0,1,3,21.0,0,1,1
0.0467788,0,4,1.038763927,0,1,1
5.345,0,1,20.012773603,0,1,1
2.979750540471331,1,6,0.267165316,0,0,1
2.5825,1,3,22.0,0,1,1
29.48392246,1,3,21.0,0,1,1
0.527593198230788,0,6,0.235282764,0,0,1
0.985594905119701,0,1,0.240604201,0,0,1
1.02200459,1,3,1.046847028,0,0,1
0.07812887,0,7,1.118884874,0,1,1
234.32711228,1,3,21.0,0,0,1
20.81392246,1,0,22.000001337,0,0,1
0.005762,1,2,1.042717503,0,1,1
0.01,1,7,20.0,0,0,1
27.34758884,1,6,22.000001337,0,1,1
7.01844227,1,6,22.000001337,0,0,1
2.979750540471331,1,2,0.267165316,0,0,1
24.735,1,6,30.0,0,0,1
0.4999806493317064,0,3,0.238274572,0,0,1
14.904423073175312,1,6,0.441464016,0,0,1
0.29222781,0,7,1.153629367,0,1,1
0.495,1,1,20.0,0,0,1
8.99392246,1,7,22.000001337,0,0,1
1.0079818049233855,1,5,0.377078153,0,0,1
60.254910160520616,1,5,0.241005248,0,1,1
13.87500746,1,6,21.0,0,0,1
300.0,1,1,22.073836554,0,0,1
0.005762,1,5,1.042717503,0,0,1
0.9995402250444224,1,1,0.24507077,0,0,1
9.99958,1,2,22.000001337,0,0,1
9.509846,1,0,21.0,0,0,1
0.00485,0,1,1.150025366,0,0,1
7.561,1,7,21.0,0,0,1
0.49537432,0,2,21.0,0,0,1
0.0113,0,3,20.0,0,0,1
0.00963441,0,3,1.054450063,0,1,1
0.00185,0,5,1.137699861,0,0,1
0.790290239939746,1,4,0.372385933,0,0,1
0.005,1,4,20.0,0,1,1
0.005,1,6,21.596799909,0,0,1
0.5499791596423161,0,3,0.427844078,0,0,1
0.09615558,1,6,1.148253723,0,0,1
0.04079595,1,7,23.369866721,0,0,1
0.005,0,5,20.0,0,0,1
0.0337161,1,0,1.039534815,0,0,1
1.2913,1,2,20.0,0,1,1
4.26130202,0,4,21.0,0,0,1
0.730934165185301,1,3,0.321927375,0,0,1
4.88522,1,2,21.0,0,0,1
0.005,0,2,20.0,0,0,1
207.4599723330218,1,0,0.322326307,0,1,1
1.291,1,1,21.0,0,1,1
0.05318,1,6,1.04238713,0,1,1
0.995,1,0,21.0,0,1,1
0.646285458474531,1,6,0.235282764,0,0,1
0.883289531842258,0,2,0.298840711,0,1,1
0.4239,0,6,21.0,0,0,1
530.861178282,1,2,22.073836554,0,1,1
2.999925590302273,1,6,0.243434082,0,1,1
0.9999861745287127,1,4,0.359740198,0,1,1
29.999559,0,6,22.000001337,0,0,1
0.01,1,0,20.42469852,0,0,1
7.50392246,1,6,22.000001337,0,0,1
0.52772251,1,2,1.362115208,0,1,1
0.995,0,2,22.416545867,0,0,1
0.01,1,0,4.000000001,0,0,1
0.01,0,7,20.0,0,0,1
8.73513875,1,5,22.000001337,0,1,1
2.00985,0,7,1.119048167,0,1,1
0.05415,1,4,1.127525907,0,1,1
0.25670575,1,1,1.219346503,0,0,1
7.3626244,0,2,22.000001337,0,0,1
0.0913,0,3,20.0,0,0,1
8.14392246,1,1,22.000001337,0,0,1
5.605527694522573,1,7,0.321927375,0,0,1
8.359659,1,7,22.000001337,0,0,1
0.35833872,1,4,1.044192584,0,1,1
2.55759603,1,4,20.0,0,0,1
0.31769512,0,5,1.039770919,0,1,1
9.15290999,1,5,22.000001337,0,0,1
10.0,0,0,22.202634191,0,0,1
1.8471082030805253,1,4,0.36210711,0,0,1
0.4934016894667088,1,6,0.254626787,0,0,1
0.11985,1,6,1.131097477,0,0,1
44.49985,1,4,1.057126437,0,1,1
2.49,1,7,21.833967631,0,0,1
0.538275744534076,1,4,0.36210711,0,1,1
0.04500066,0,3,20.0,0,0,1
9.509846,0,3,21.0,0,0,1
2.073090059939664,0,5,0.359952214,0,0,1
500.0,1,7,20.873010101,0,0,1
0.01907977,1,1,21.954492566,0,0,1
0.0343155,1,2,1.045074016,0,0,1
29.42207037,1,5,22.000001337,0,1,1
19.53431533,1,6,25.076374645,0,0,1
0.16771969,1,3,1.400148068,0,1,1
7.53392246,1,5,22.000001337,0,0,1
7.8353576,1,0,21.0,0,0,1
8.19392246,1,2,22.000001337,0,0,1
23.04732246,1,7,22.000001337,0,0,1
12.98092246,1,4,22.127224645,0,0,1
0.01129159,1,6,1.038076445,0,0,1
17.963,1,1,10.0,0,0,1
0.22654182,1,2,1.183247914,0,0,1
0.5122285197469147,1,7,0.304430225,0,0,1
1.402756846965275,0,7,0.327010236,0,0,1
22.54864106,1,7,22.000001337,0,0,1
0.112408,1,2,20.0,0,1,1
45.50785848,0,6,1.050244602,0,0,1
6.285787757618933,1,3,0.3193392,0,1,1
19.98976797,0,6,21.0,0,0,1
0.10052978,0,6,1.173434931,0,0,1
17.26662706,1,3,22.127224645,0,0,1
1.294,1,2,30.0,0,0,1
0.0395,1,7,30.0,0,0,1
26.57852246,0,3,22.000001337,0,0,1
0.752327158849724,1,3,0.322326307,0,0,1
0.495,1,5,21.0,0,0,1
0.995,1,7,21.0,0,1,1
9.96592246,1,1,22.000001337,0,1,1
37.67392246,0,7,22.000001337,0,0,1
10.67780131,1,3,21.0,0,0,1
29.999559,0,0,22.000001337,0,1,1
0.499970209525125,0,2,0.3193392,0,1,1
0.005,1,3,39.0,0,0,1
10.05812246,1,5,22.000001337,0,0,1
8.495,0,4,20.0,0,0,1
0.0096333,0,1,1.045281989,0,0,1
0.6921658138956492,0,3,0.399923023,0,1,1
0.84870485,1,1,20.0,0,0,1
0.21464038,1,2,30.0,0,1,1
0.9224162384142014,1,5,0.443922838,0,1,1
0.0608,0,6,21.486870188,0,0,1
0.9102277176255468,1,1,0.244749667,0,0,1
0.19155435,1,4,92.0,0,1,1
28.32222423,1,3,22.000001337,0,0,1
5.1146,1,2,24.670216374,0,0,1
18.664,0,5,21.0,0,1,1
0.42166724,1,1,21.0,0,0,1
1.799988320563675,1,6,0.243338951,0,0,1
0.05100135,0,3,1.167681364,0,0,1
29.799559,0,0,22.000001337,0,0,1
0.03235564,1,6,1.042279538,0,0,1
2.5269472858509894,1,6,0.267165316,0,0,1
0.00238736,0,4,1.1182702,0,0,1
0.985,0,5,20.0,0,0,1
9.20652816,1,1,22.000001337,0,1,1
0.510785750946119,1,2,0.458624863,0,0,1
54.99954515753706,1,2,0.244657997,0,0,1
3.79388885,1,6,21.954492566,0,0,1
9.99277778,0,2,20.0,0,0,1
10.99816446,1,5,21.0,0,0,1
0.343724,1,2,20.815012353,0,0,1
0.007404,0,4,1.042391412,0,0,1
0.02522527,0,1,1.144919453,0,0,1
53.66766402007625,0,4,0.4032001,0,0,1
0.005,1,0,21.0,0,0,1
60.254910160520616,1,5,0.241005248,0,0,1
1.2666350690470858,1,0,0.239162921,0,0,1
29.99988762954745,1,7,0.24507077,0,0,1
0.01,1,6,21.0,0,0,1
0.0296409,1,4,1.200314535,0,0,1
13.24392246,1,7,22.000001337,0,1,1
0.005,0,6,21.0,0,0,1
0.7007607435239745,0,1,0.36210711,0,0,1
23.999559,1,5,22.000001337,0,0,1
7.24778106,1,3,22.000001337,0,0,1
0.005,1,6,21.0,0,1,1
0.8928323190621024,1,6,0.329899238,0,1,1
7.23205335,1,7,22.000001337,0,0,1
1.245,1,3,21.0,0,0,1
0.5950372751347245,0,1,0.322326307,0,1,1
17.61539946,1,1,21.0,0,0,1
1.0032063289300457,0,1,0.321845711,0,0,1
0.11866,1,7,1.091671132,0,0,1
0.9331935,1,4,1.159471856,0,0,1
7.99392246,1,2,22.000001337,0,0,1
2.012495188194933,1,3,0.279903845,0,0,1
0.16354993,1,1,1.222896783,0,1,1
0.609556857035341,0,4,0.372385933,0,0,1
0.0284962,1,3,1.042927467,0,0,1
8.42739131,1,6,22.000001337,0,1,1
0.39739188,1,0,30.0,0,0,1
0.01482257,1,7,1.12008038,0,0,1
0.00200677,1,0,1.132509702,0,0,1
0.5081702655570003,1,3,0.418083789,0,0,1
0.0182316,0,2,1.055696546,0,0,1
37.67392246,1,5,22.000001337,0,0,1
0.99584728,1,5,1.198036442,0,1,1
0.999991484663884,1,1,0.250129938,0,1,1
8.49392246,0,3,22.000001337,0,0,1
7.21878976,1,4,22.000001337,0,0,1
0.599991237563206,1,3,0.321843841,0,0,1
0.00285,1,0,1.174753594,0,0,1
0.21596005,1,1,21.0,0,0,1
201.17302898937487,1,4,21.0,0,1,1
11.27954846,0,2,22.000001337,0,0,1
1.045690109551758,1,4,0.321828952,0,1,1
0.313709,0,1,1.06037898,0,0,1
56.49852246,1,5,21.0,0,0,1
1.3160651155127705,0,1,0.257021202,0,0,1
0.17363061,0,5,1.170296918,0,1,1
0.6242853217579496,1,6,0.244157391,0,0,1
2.623,1,2,30.5,0,0,1
15.331067,1,1,22.000001337,0,1,1
37.51384639,0,0,21.0,0,0,1
15.995,1,2,20.0,0,1,1
29.99392246,1,0,22.000001337,0,1,1
28.39168348,1,7,20.0,0,0,1
0.16,0,7,1.041351812,0,1,1
0.01773378,1,7,1.092747746,0,0,1
10.40956218,1,7,21.0,0,0,1
10.999980990181603,0,4,0.359008226,0,0,1
1.70352081,1,2,21.0,0,1,1
0.5650347038768,0,3,0.48507515,0,0,1
62.80685,1,2,1.040231353,0,0,1
0.01,1,6,21.0,0,0,1
185.76780312465627,0,3,0.237429533,0,0,1
5.25008,1,3,20.012773603,0,0,1
0.889365543035298,1,5,0.363883524,0,0,1
0.005,1,2,21.0,0,1,1
12.69112246,1,2,22.127224645,0,0,1
1.123,1,1,21.237703005,0,0,1
0.005,1,0,21.0,0,0,1
0.0395,1,0,20.0,0,1,1
8.09392246,1,3,22.000001337,0,0,1
1.4499304030775482,1,7,0.322457127,0,1,1
0.01,1,2,20.0,0,0,1
24.995,1,5,4.0,0,1,1
7.365711062029101,1,2,22.000001337,0,1,1
3.499994809397282,0,2,0.246629989,0,0,1
299.99994346854555,1,1,0.485210834,0,0,1
8.31262741,1,4,22.000001337,0,0,1
0.6970046988436576,1,5,0.4032001,0,0,1
0.534556095069479,0,2,0.341590268,0,0,1
29.99999028600064,1,4,0.43476765,0,1,1
4.255,1,3,20.0,0,0,1
11.249951667808968,1,2,0.355042644,0,0,1
0.01419029,1,5,1.103725526,0,0,1
1.031890842864764,0,4,0.516471891,0,0,1
8.165,0,0,20.0,0,1,1
0.02977773,1,3,1.108734859,0,0,1
49.99995989651973,0,3,0.337906168,0,1,1
4.952344,1,6,21.0,0,0,1
0.01,1,2,21.0,0,0,1
16.72724465,0,7,22.127224645,0,0,1
1.291,1,4,21.0,0,0,1
1.0,1,1,20.0,0,0,1
0.005,1,3,21.0,0,0,1
35.08847,0,7,22.000001337,0,0,1
17.19653501,1,2,0.428010974,0,0,1
0.005,1,5,20.0,0,0,1
0.005762,1,6,1.042717503,0,1,1
8.444208718,1,5,22.000001337,0,0,1
30.025,1,0,30.5,0,0,1
23.24459684284785,0,2,0.355813575,0,0,1
0.00292502,0,2,1.045007328,0,1,1
19.99392246,0,2,20.159005428,0,1,1
32.69898097,0,7,22.000001337,0,0,1
20.3744599,1,0,22.000001337,0,0,1
0.995,1,4,21.0,0,0,1
3.995,1,7,30.0,0,0,1
499.9795299736071,1,7,22.000001337,0,0,1
4.9162287,0,4,1.04355959,0,1,1
25.99575736,1,7,22.000001337,0,1,1
0.00754419,0,3,1.129135044,0,1,1
0.92603764,1,4,20.0,0,0,1
44.99999372434507,1,4,0.32051508,0,0,1
0.7673,1,0,0.308912007,0,0,1
7.24778106,1,0,22.000001337,0,0,1
0.005,1,7,24.568222891,0,0,1
0.29222781,1,1,1.153629367,0,0,1
30.83392246,1,2,22.000001337,0,0,1
5.057,0,4,21.969348338,0,0,1
0.04179179,1,4,1.041097774,0,0,1
5.91525,1,4,21.0,0,1,1
0.00602493,0,7,1.047481304,0,0,1
0.5207513599896137,1,6,0.4032001,0,1,1
0.789790625841479,0,7,0.298044523,0,1,1
9.99813962,0,5,22.000001337,0,0,1
5.5743,1,7,23.697264639,0,0,1
0.45090965,1,4,1.202089291,0,1,1
0.563322249155706,1,4,0.458624863,0,1,1
0.5236038700339477,0,6,0.298840711,0,0,1
0.646285458474531,0,6,0.235282764,0,1,1
0.09473973,0,0,1.048155292,0,1,1
17.80617258,1,7,21.0,0,0,1
0.6692214188364648,1,5,0.241250031,0,0,1
0.612,1,7,21.0,0,0,1
8.79392246,0,5,22.000001337,0,0,1
7.29002246,1,7,22.000001337,0,0,1
0.509994242546929,1,2,0.251043358,0,0,1
1.88,1,1,20.0,0,0,1
500.0,0,1,21.0,0,0,1
0.6186492898587556,0,2,0.47940006,0,0,1
7.8252866,1,1,1.03946244,0,0,1
8.99349296,1,3,22.000001337,0,0,1
9.98892246,1,1,22.000001337,0,1,1
30.07879508197448,1,1,0.517813986,0,0,1
9.42936432,1,4,22.000001337,0,1,1
4.069197986221414,1,6,0.251351082,0,0,1
0.00659066,1,1,1.193072109,0,0,1
9.64942246,1,4,22.000001337,0,0,1
27.71718,1,5,22.000001337,0,0,1
26.32123274,1,5,22.000001337,0,0,1
6.495,0,0,21.0,0,0,1
87.49849296,1,5,22.073836554,0,0,1
90.60100228,0,0,21.0,0,1,1
17.99958,1,1,22.000001337,0,0,1
0.14444811,1,2,1.198309145,0,1,1
20.3744599,1,6,22.000001337,0,0,1
7.05514416,1,1,22.000001337,0,1,1
0.07463441,1,6,1.114091234,0,0,1
21.64742246,1,7,22.000001337,0,1,1
3.499994809397282,0,7,0.246629989,0,0,1
14.29392246,1,2,21.0,0,0,1
1.275584568297368,1,0,0.341035159,0,0,1
0.21596005,1,1,21.0,0,0,1
0.0041576,1,6,1.233914991,0,0,1
18.75807246,0,1,22.000001337,0,0,1
1.3945377,0,5,20.0,0,0,1
7.44945346,1,2,22.000001337,0,0,1
50.817,1,6,22.83811533,0,0,1
0.01141,1,4,1.140323326,0,0,1
13.311439068138982,1,4,0.337946833,0,0,1
1.014301695760806,0,6,0.230870737,0,0,1
0.7892716005997013,0,7,0.29455668,0,1,1
1000.0,1,2,23.216733376,0,1,1
0.21192547,1,4,1.183192944,0,1,1
1.88,1,5,20.0,0,1,1
1.437688044583811,1,6,0.233479113,0,1,1
31.48699574,1,3,21.0,0,0,1
0.01726,1,2,1.100216569,0,0,1
8.99392246,0,6,22.000001337,0,0,1
7.24778106,1,7,22.000001337,0,0,1
0.195,1,4,41.0,0,0,1
1.87790322,1,0,1.140811538,0,1,1
0.07434672,1,2,1.17374205,0,0,1
19.96594946,0,3,21.0,0,0,1
0.005,1,5,24.568222891,0,0,1
0.05221,0,5,1.135926539,0,0,1
0.251875,0,6,1.06824051,0,0,1
0.0205293,1,0,1.242822817,0,0,1
0.5025,1,3,0.36210711,0,0,1
201.17302898937487,0,5,21.0,0,1,1
0.21992581,1,7,1.149050743,0,1,1
0.147,1,1,21.0,0,1,1
21.44435682,0,7,22.000001337,0,1,1
2.602,0,0,20.0,0,0,1
49.27156344900021,1,1,22.073836554,0,0,1
5.009,1,6,30.5,0,1,1
4.87522,1,6,20.0,0,0,1
1.406,0,7,30.5,0,0,1
0.01,1,4,20.0,0,0,1
29.999559,1,4,22.000001337,0,0,1
47.999993704227975,1,4,0.348392543,0,0,1
32.001741298657734,0,4,0.249454777,0,0,1
161.00493167567436,0,4,0.321845711,0,0,1
0.5952256116548149,1,2,0.36210711,0,0,1
20.4739932938768,1,6,0.36210711,0,0,1
0.2913,0,2,21.0,0,0,1
20.34629,0,4,20.40801424,0,1,1
4.418480020441071,1,5,0.230870737,0,0,1
500.0,1,4,21.0,0,0,1
17.58779121087082,1,4,0.337946833,0,0,1
0.97393132,1,0,21.0,0,0,1
161.00493167567436,1,2,0.321845711,0,0,1
17.442292875296214,1,3,0.247292168,0,1,1
30.83392246,1,3,22.000001337,0,0,1
0.86457094,0,7,1.056424719,0,0,1
0.28785,1,7,1.166761082,0,0,1
0.505,1,5,21.0,0,0,1
5.251510839496272,1,2,0.239162921,0,0,1
22.995,1,0,30.0,0,0,1
0.0029469,1,6,1.144522669,0,0,1
0.546967072703344,1,7,0.375136715,0,1,1
0.49985,1,3,1.0788472,0,0,1
2.979750540471331,1,6,0.267165316,0,1,1
619.999510811706,0,7,0.47542702,0,0,1
0.01,1,4,20.0,0,0,1
2.56246752,0,1,1.114573956,0,1,1
9.98892246,0,0,22.000001337,0,0,1
24.97392246,0,6,22.000001337,0,0,1
7.399994711685038,1,4,0.254626787,0,0,1
1.5767799,1,1,22.0,0,0,1
1.8011902987854504,1,0,0.485210834,0,1,1
0.005,1,7,21.0,0,1,1
3.449901268067099,1,2,0.25848678,0,0,1
10.8775857,0,2,21.0,0,1,1
0.04960148,1,5,1.095013357,0,0,1
0.527442808302867,0,2,0.24161278,0,0,1
0.831692752336444,1,7,0.288183858,0,1,1
9.27024141,1,5,22.000001337,0,0,1
0.9102277176255468,1,2,0.244749667,0,0,1
20.342783820392626,1,2,0.388031055,0,0,1
1.999992435812684,1,6,0.298044523,0,1,1
0.12067615,1,4,1.040876499,0,0,1
12.099993695632778,1,7,0.43476765,0,0,1
2.0,1,2,20.012773603,0,0,1
0.702422490463667,1,0,0.262824488,0,0,1
2.434,0,7,30.5,0,0,1
1.0134,1,1,22.416545867,0,0,1
0.07885441,1,6,1.304972338,0,0,1
0.6199591988425134,1,5,0.252092747,0,0,1
0.5339939760676555,1,1,0.267165316,0,1,1
1.184073756538246,1,6,0.427844078,0,0,1
0.0024512,1,0,1.176582193,0,0,1
9.99392246,0,3,22.000001337,0,1,1
4.660847,1,2,21.0,0,0,1
68.51939778437159,1,5,0.337906168,0,0,1
0.985594905119701,1,4,0.240604201,0,0,1
19.9920973,1,4,21.0,0,0,1
0.195,1,3,20.0,0,0,1
9.08715246,1,5,22.000001337,0,0,1
1.008303542592425,1,1,0.249031321,0,0,1
43.99392246,1,5,21.0,0,0,1
7.833504892399579,0,0,22.000001337,0,0,1
235.999808182014,1,0,0.308905138,0,1,1
0.4024,1,5,20.0,0,1,1
0.06395,1,1,1.194374776,0,0,1
7.98892246,1,6,22.000001337,0,0,1
11.923869292860845,1,1,22.000001337,0,0,1
0.02755697,1,1,1.068581453,0,0,1
0.621819246667422,0,7,0.341590268,0,0,1
4.0464,1,1,21.0,0,0,1
0.2913,1,7,20.0,0,0,1
0.4977363685400385,0,2,0.307077589,0,0,1
3.666056,0,6,30.0,0,0,1
11.7329385,1,7,22.000001337,0,0,1
5.725989346460306,1,0,0.377078153,0,1,1
1.082994843875964,1,2,0.24507077,0,0,1
0.730934165185301,0,4,0.321927375,0,0,1
11.28392246,1,6,22.127224645,0,0,1
0.5461585075113933,0,1,0.238286072,0,0,1
12.04010165,1,1,22.881627171,0,0,1
1.2380009,0,2,20.0,0,0,1
0.49985,1,1,1.0788472,0,0,1
0.8536405,1,2,21.0,0,0,1
0.03635,1,1,30.0,0,0,1
7.97392246,1,6,22.000001337,0,0,1
0.00233109,1,6,1.101544295,0,0,1
235.999808182014,1,1,0.308905138,0,0,1
300.0,1,4,21.0,0,1,1
9.99958,1,5,22.000001337,0,0,1
0.5760339442335641,0,5,0.254139651,0,0,1
10.06997028493036,0,7,0.243338951,0,0,1
0.5095017486878384,1,5,0.474345778,0,0,1
0.01413039,1,5,1.072091038,0,0,1
4.806408,1,0,20.0,0,0,1
5.495,0,0,21.0,0,0,1
0.24436674,1,4,1.059906569,0,0,1
5.98836184,1,7,1.10010148,0,0,1
71.97665486,0,3,21.0,0,0,1
7.48892873,0,5,22.000001337,0,1,1
9.499559,1,1,22.000001337,0,0,1
8.78856246,1,3,22.000001337,0,1,1
0.01,1,6,4.000000001,0,0,1
20.23413746,0,5,22.000001337,0,0,1
0.0554943,1,0,1.038871179,0,1,1
0.24874108,1,7,22.0,0,1,1
0.01893605,1,7,1.042339194,0,0,1
0.9237115910915266,1,3,0.29455668,0,0,1
9.05052246,1,2,22.000001337,0,1,1
0.005,1,4,21.0,0,1,1
0.9092197687246606,0,6,0.238286072,0,1,1
0.22654182,0,3,1.183247914,0,0,1
0.01018584,1,0,1.230590163,0,0,1
0.5610206230323452,0,0,0.322326307,0,0,1
0.1,1,6,30.01,0,0,1
26.769,1,6,20.272024492,0,1,1
0.01,1,6,21.0,0,0,1
165.54880151,0,1,22.000001337,0,1,1
39.98892246,0,1,22.000001337,0,0,1
7.98892246,0,3,22.000001337,0,0,1
0.52874697,0,1,20.0,0,0,1
0.6199959329271589,0,3,0.247292168,0,0,1
0.02960876,1,4,1.207032224,0,0,1
0.005,0,2,24.568222891,0,0,1
0.00985,1,0,1.105637726,0,0,1
1.114625475365865,1,3,0.373931154,0,0,1
0.05385,1,5,1.187451012,0,0,1
1.1845531,1,4,1.160651318,0,0,1
0.1,1,2,20.0,0,0,1
9.995,1,2,21.0,0,0,1
0.7371,1,4,0.308905138,0,0,1
8.620057812018828,1,1,0.244749667,0,0,1
2.468,0,6,21.0,0,0,1
2.39999416245717,1,6,0.245972001,0,1,1
9.29128384,1,0,20.0,0,0,1
0.03295,1,7,1.104689992,0,0,1
0.01485,1,0,1.166472699,0,0,1
8.165,1,3,20.0,0,0,1
0.11242,0,5,1.049680665,0,0,1
0.0146041,1,2,1.041200818,0,0,1
49.9957516,0,1,20.0,0,0,1
0.01,0,0,21.0,0,1,1
17.533,1,5,20.0,0,0,1
2.6113895277909487,0,0,0.238286072,0,0,1
0.001881,1,3,1.135976404,0,0,1
0.49631579,0,3,0.377696364,0,1,1
0.02950052,0,7,1.039793158,0,0,1
0.563307962267112,0,7,0.517813986,0,0,1
3.69551891,1,6,20.0,0,0,1
0.883289531842258,0,5,0.298840711,0,0,1
11.228824525192469,0,4,0.29455668,0,0,1
10.292642525288644,1,2,0.378871716,0,0,1
0.0062436,0,1,1.044102523,0,0,1
0.005,0,7,21.0,0,0,1
0.00707212,1,3,1.17890924,0,0,1
0.659994565700493,0,3,0.24161278,0,0,1
0.06573559,1,1,1.048854112,0,0,1
0.54796741,1,2,21.0,0,0,1
0.544200330773356,1,5,0.246629989,0,1,1
0.03297042,1,3,1.111149202,0,0,1
0.09982491,0,4,1.056229264,0,0,1
59.74575498,1,1,22.000001337,0,0,1
0.02724502,1,0,1.03886361,0,0,1
0.0534387,1,7,1.09894806,0,0,1
99.99999481039728,1,3,0.245098184,0,0,1
8.98392246,0,2,22.000001337,0,0,1
0.0955542,0,2,1.333277766,0,0,1
1.5320391,1,5,21.0,0,0,1
2.602,1,4,20.0,0,0,1
22.96092246,1,3,22.000001337,0,0,1
123.4394902176587,1,7,0.230870737,0,0,1
0.36185,1,7,1.230478555,0,0,1
0.00341043,1,1,1.042018352,0,0,1
11.46392246,1,5,22.000001337,0,0,1
10.43040151,1,7,22.000001337,0,1,1
7.3458201,1,3,22.000001337,0,0,1
500.0,1,0,20.0,0,0,1
800.0,0,1,21.0,0,0,1
0.0311205,0,5,1.126691061,0,0,1
50.05972346,1,7,21.0,0,0,1
0.005,0,1,1.151327947,0,0,1
0.0894,0,4,20.0,0,0,1
13.24756053,1,3,21.0,0,0,1
2.40036733,1,2,1.101093975,0,0,1
0.0110388,1,5,1.046995133,0,0,1
9.49392246,0,7,22.000001337,0,0,1
0.37485,1,1,1.054855739,0,1,1
10.999980990181603,1,0,0.359008226,0,0,1
0.005,1,2,21.0,0,0,1
3.928,1,2,0.485210834,0,0,1
12.98392246,0,5,21.0,0,0,1
0.005,1,4,21.0,0,0,1
0.906689367109459,0,0,0.288734486,0,1,1
10.46259946,0,2,100.1,0,0,1
11.05,0,5,1.040723317,0,0,1
0.547350748160854,1,3,0.36210711,0,0,1
0.07512877,0,4,1.044320347,0,0,1
0.16016038,1,2,1.105880504,0,0,1
67.99861925997192,1,2,22.000001337,0,0,1
0.13326,0,1,1.121784292,0,0,1
0.29985,1,0,1.269141772,0,0,1
0.00385,1,0,1.062001199,0,0,1
0.9224162384142014,1,4,0.443922838,0,0,1
8.33692246,0,1,22.000001337,0,0,1
0.03064721,0,4,1.055736456,0,1,1
9.28059424,1,7,22.000001337,0,0,1
0.01,0,5,20.0,0,0,1
2.579,1,4,21.0,0,1,1
48.804751834441255,1,0,22.073836554,0,0,1
0.09985,1,3,1.261963916,0,0,1
0.005,0,7,30.0,0,0,1
0.005,1,3,20.873010101,0,1,1
2.3594196931594245,1,6,0.239394101,0,1,1
0.01485,1,5,1.166472699,0,0,1
0.11347801,0,2,1.121539168,0,0,1
55.058,1,1,21.0,0,0,1
19.99392246,1,0,21.0,0,0,1
0.53271569,0,2,1.048845549,0,0,1
0.00235,1,2,1.111453018,0,0,1
0.59997127,1,5,1.199570673,0,0,1
0.0201297,1,4,1.045245662,0,1,1
12.003,0,3,20.0,0,0,1
20.59329976,1,5,20.0,0,0,1
0.0330168,1,6,1.170121473,0,0,1
12.17263642,1,5,22.127224645,0,1,1
1000.0,0,7,21.0,0,1,1
10.43892246,0,2,21.0,0,0,1
0.1292,1,6,30.5,0,0,1
500.0,1,3,20.0,0,0,1
0.2053443,0,1,1.309130653,0,1,1
69.33861919574203,1,1,0.43362083,0,0,1
12.17263642,1,0,22.127224645,0,0,1
55.058,1,7,21.0,0,0,1
0.00429066,1,1,20.0,0,1,1
9.9920973,1,6,22.000001337,0,0,1
0.506865180677382,1,6,0.427844078,0,0,1
1.054408,1,3,20.40801424,0,0,1
0.0306449,1,7,1.092132988,0,0,1
0.12,0,7,20.0,0,0,1
0.29985,1,7,1.179919032,0,0,1
0.572,1,3,20.0,0,0,1
13.99392246,0,2,22.127224645,0,0,1
10.99392246,1,0,22.000001337,0,0,1
0.2913,0,6,23.697264639,0,0,1
0.07898275,1,6,1.131600344,0,0,1
0.005,0,4,21.0,0,0,1
0.00228437,1,0,1.035935412,0,0,1
0.005,1,6,20.873010101,0,1,1
4.602494954929739,1,2,0.339479526,0,0,1
0.01515216,1,4,1.030865333,0,0,1
27.74680653,1,5,22.000001337,0,0,1
0.02724502,0,1,1.03886361,0,1,1
4.255,0,0,20.0,0,0,1
0.7888647058626634,1,0,0.260790342,0,0,1
1.20955637,0,7,20.0,0,0,1
9.995,0,7,21.0,0,0,1
20.189559,0,3,22.000001337,0,0,1
49.99999324124007,1,3,0.299798668,0,0,1
18.706191171211,1,3,0.299798668,0,0,1
4.599964983714065,1,2,0.43476765,0,0,1
0.65537122,1,4,20.0,0,0,1
2.211643388725203,0,2,0.591631254,0,0,1
8.91231255,1,4,22.000001337,0,1,1
10.18892246,1,3,22.127224645,0,1,1
3.04585186,1,5,22.0,0,0,1
0.8007412681558422,0,7,0.387551877,0,1,1
39.99985,1,1,1.068059419,0,0,1
0.27969404,1,0,1.052069796,0,0,1
26.62940665,0,4,21.0,0,1,1
0.005,0,0,21.0,0,0,1
27.74680653,1,1,22.000001337,0,0,1
0.495,0,6,21.0,0,0,1
0.09780054,0,3,1.047336824,0,0,1
1000.0,1,4,21.0,0,0,1
4.995,0,6,20.0,0,0,1
17.855794584936266,1,1,0.244287527,0,1,1
0.005,1,3,24.568222891,0,1,1
1.22282,1,0,1.175778141,0,0,1
2.8013,1,3,1.047528733,0,0,1
2.21301646,1,1,21.0,0,0,1
21.4934473,1,7,22.000001337,0,1,1
2142.999454331588,1,2,0.294267018,0,0,1
9.23571603,1,1,22.000001337,0,0,1
24.99985,1,0,1.281727018,0,0,1
0.138072,1,1,1.045928693,0,0,1
24.10243703,1,1,22.000001337,0,1,1
0.12067615,1,1,1.040876499,0,0,1
0.834743193602767,1,5,0.36776174,0,0,1
202.499559,0,7,21.0,0,0,1
8.11952977,1,6,22.000001337,0,1,1
4.691,0,7,21.0,0,0,1
0.02945,1,7,1.047396366,0,0,1
0.402408,0,3,20.0,0,0,1
0.6338796931010857,0,3,0.235282764,0,1,1
0.546,0,5,0.339479526,0,0,1
0.09982491,1,2,1.056229264,0,0,1
4.739975885174478,1,4,0.252092747,0,0,1
7.21878976,1,7,22.000001337,0,0,1
0.24985,1,1,1.051158463,0,1,1
44.19392246,0,6,21.0,0,0,1
0.00238829,0,7,1.242557817,0,0,1
0.489383798006383,1,4,0.233479113,0,0,1
11.5026366099999,1,2,22.000001337,0,0,1
9.99392246,1,2,22.000001337,0,0,1
0.105352,1,1,21.0,0,0,1
0.46835632,1,2,1.056122954,0,0,1
22.62860221411651,1,5,0.337906168,0,0,1
14.272737999971923,0,4,22.000001337,0,0,1
19.99348413,1,1,22.127224645,0,1,1
165.54880151,1,4,22.000001337,0,0,1
6.9850037,1,6,20.0,0,0,1
0.00485,0,0,1.044436074,0,0,1
8.09392246,1,0,22.000001337,0,0,1
99.99892246,1,7,22.073836554,0,0,1
0.41893599,1,5,44.092332086,0,0,1
1.212784699727147,1,4,0.372385933,0,0,1
5.836345,1,7,21.0,0,0,1
24.99985,1,4,1.177442044,0,0,1
19.98392246,1,4,21.0,0,1,1
0.517752,0,1,1.269424558,0,0,1
261.90975569,1,6,20.0,0,0,1
1506.999979524033,1,6,0.362663268,0,0,1
0.017454,1,2,1.12560943,0,0,1
7.83392246,0,5,22.000001337,0,0,1
157.84382186364522,0,5,0.24518582,0,0,1
0.25500371,0,0,1.158304637,0,0,1
4.952344,1,1,21.0,0,0,1
0.005,1,4,23.444264145,0,1,1
8.49392246,0,4,22.000001337,0,0,1
20.999931434843376,0,5,0.261304722,0,1,1
12.17263642,1,2,22.127224645,0,1,1
0.01,1,6,20.42469852,0,0,1
9.99004379,1,3,22.000001337,0,0,1
5.38196667,0,1,20.0,0,0,1
0.05743637,1,0,1.09344453,0,0,1
0.01325576,1,7,1.229411796,0,0,1
24.57812246,1,5,22.000001337,0,0,1
0.005,1,3,24.568222891,0,0,1
1.1148011325885214,1,1,0.24317897,0,0,1
0.49,1,0,0.458624863,0,1,1
0.02702512,0,1,1.119658899,0,0,1
10.798594390528365,1,0,0.247292168,0,0,1
0.00485,1,4,1.044436074,0,0,1
0.1,1,1,30.01,0,0,1
0.332,1,1,21.0,0,0,1
99.5408239149683,1,2,0.247292168,0,0,1
159.99392246,1,5,21.0,0,0,1
3.145152063736646,1,3,0.308905138,0,0,1
0.00429066,0,1,20.0,0,1,1
0.05801,1,5,1.170060586,0,1,1
15.03987246,1,3,21.0,0,1,1
0.7451704213125195,1,1,0.242391936,0,0,1
9.31834345,0,5,22.000001337,0,0,1
1.44493248,1,7,20.0,0,0,1
0.2913,0,4,23.697264639,0,0,1
3.579288047223276,0,1,0.36210711,0,0,1
0.02060404,1,2,1.049363125,0,0,1
0.0013,1,4,20.0,0,0,1
0.6839814952481,0,7,0.359952214,0,0,1
9.86848866,1,7,20.0,0,0,1
14.97392246,1,7,21.0,0,0,1
1.00062481,1,6,20.272024492,0,0,1
10.98392246,1,4,21.0,0,0,1
39.99985,1,5,1.129102158,0,0,1
0.00646527,1,5,1.119101993,0,0,1
7.927718491596604,1,5,0.233479113,0,0,1
16.45991355137063,1,5,0.294267018,0,0,1
19.8436743,1,1,22.127224645,0,0,1
19.995,0,7,30.0,0,1,1
96.03758,1,0,21.0,0,0,1
0.002247,1,3,1.041464316,0,1,1
0.6970046988436576,1,3,0.4032001,0,0,1
11.39958,1,7,21.0,0,0,1
9.5313166376,1,0,22.000001337,0,1,1
20.48392246,1,3,22.000001337,0,0,1
701.0,1,2,1.0465324,0,0,1
28.79909574720191,1,0,22.000001337,0,0,1
0.0113,1,1,23.697264639,0,1,1
8.3719035,1,3,22.000001337,0,1,1
0.01,1,7,21.0,0,0,1
0.005,1,3,21.0,0,0,1
5.2998,1,7,21.0,0,0,1
0.4989613464563065,1,5,0.474345778,0,0,1
0.00305508,1,6,1.044036836,0,0,1
0.005,1,6,20.0,0,0,1
0.20685584,1,5,21.0,0,0,1
174.96095203133905,1,5,21.0,0,0,1
0.00285,0,1,1.119946375,0,1,1
4.877113,1,5,30.5,0,0,1
4.79633854,1,0,20.0,0,1,1
10.323169258734056,1,5,0.245098184,0,0,1
0.00257,0,5,1.152774516,0,1,1
1.008303542592425,1,6,0.249031321,0,0,1
9.191,1,5,21.0,0,0,1
0.63500086,0,2,30.0,0,1,1
7.09881744,1,2,22.000001337,0,1,1
0.596884,0,4,20.40801424,0,0,1
9.77992246,1,3,22.000001337,0,0,1
20.17893689,1,2,22.000001337,0,0,1
38.685,1,3,20.0,0,0,1
3.939,1,4,20.40801424,0,1,1
0.64495526913841,0,1,0.242126516,0,0,1
0.02697024,1,5,1.136740439,0,0,1
5.0,0,2,91.0,0,0,1
0.14488717,1,2,1.184681819,0,0,1
8.14250528,1,3,22.000001337,0,0,1
7.24778106,0,0,22.000001337,0,0,1
9.94392246,1,4,22.000001337,0,0,1
0.6708,0,5,20.0,0,0,1
0.4175,1,7,21.0,0,0,1
2.2157786,0,2,20.0,0,0,1
1.281442848358902,1,4,0.249216844,0,0,1
7.00349296,1,4,22.000001337,0,0,1
0.09982491,1,5,1.056229264,0,0,1
31.18600001,1,4,0.363883524,0,0,1
0.01,1,6,21.0,0,0,1
35.99495246,1,6,21.0,0,0,1
9.96506846,0,0,22.000001337,0,0,1
4.1739,1,2,21.0,0,0,1
1.0,0,5,1.098622457,0,0,1
0.0025473,0,4,1.040466748,0,0,1
0.9152005,1,3,21.0,0,0,1
17.126757607738362,1,1,0.245098184,0,0,1
24.14392246,1,4,22.000001337,0,0,1
0.005,1,5,24.568222891,0,1,1
0.74930941,1,0,1.23429383,0,0,1
0.892466964581885,1,4,0.247223673,0,0,1
1.0,1,7,1.098622457,0,0,1
8.7723,1,4,24.670216374,0,0,1
103.31827880963154,1,7,0.249454777,0,0,1
0.628695074741522,1,2,0.29455668,0,0,1
8.99392246,1,0,22.000001337,0,0,1
7.61896808,1,5,22.000001337,0,1,1
12.76172246,0,1,22.881627171,0,0,1
0.16,1,0,1.041351812,0,0,1
21.657518480708053,1,1,22.000001337,0,0,1
2.885,1,7,20.012773603,0,0,1
1.439994770645373,1,6,0.329899238,0,0,1
14.98392246,1,2,22.127224645,0,0,1
22.19392246,1,4,22.000001337,0,0,1
0.0396507,0,2,1.044425704,0,0,1
72.150409,1,1,22.000001337,0,0,1
22.396764745945088,0,7,0.243338951,0,0,1
24.38264,1,6,21.0,0,0,1
13.999794970527644,1,2,0.241182291,0,1,1
9.35664532,1,2,22.667583079,0,0,1
26.32123274,1,6,22.000001337,0,1,1
0.528283075889306,0,3,0.43476765,0,0,1
0.05976274,0,3,1.04255798,0,0,1
7.97702246,0,3,22.000001337,0,0,1
0.15,1,3,23.7564799,0,0,1
9.33264998,0,4,1.05954251,0,0,1
2.495,1,0,30.0,0,1,1
0.0258797,0,3,1.201072222,0,0,1
0.91104557,1,3,1.04881798,0,0,1
44.995,1,2,20.272024492,0,0,1
13.25222246,1,2,22.000001337,0,0,1
0.11985,1,3,1.036129911,0,1,1
0.999994887703678,1,2,0.245976873,0,0,1
2.125,0,7,0.333801551,0,0,1
4.9951,0,4,30.0,0,0,1
0.752075059061956,0,4,0.341590268,0,1,1
0.5461585075113933,1,2,0.238286072,0,0,1
1000.0,1,7,23.216733376,0,0,1
0.14833,1,0,1.184147797,0,0,1
0.21992581,1,4,1.149050743,0,1,1
1.731156497025546,1,1,0.375136715,0,0,1
0.492503,1,6,21.0,0,0,1
2.381,1,3,20.0,0,0,1
30.09392246,1,2,22.000001337,0,0,1
0.09825637,1,0,1.118861435,0,0,1
0.22445572,1,6,1.180622199,0,0,1
10.00392246,1,3,22.127224645,0,0,1
4.26130202,0,2,21.0,0,0,1
13.6763391,1,6,21.0,0,1,1
6.7698977248102725,0,0,0.239162921,0,0,1
2.9937797,1,3,1.064779154,0,1,1
45.50854239,0,1,22.000001337,0,0,1
0.01,0,1,21.0,0,0,1
31.78999746,0,0,1.1881423,0,0,1
28.39168348,1,1,20.0,0,0,1
14.99339746,1,7,21.0,0,0,1
49.1691978,1,3,20.0,0,0,1
8.23682513,1,7,0.43362083,0,1,1
0.00304836,1,2,1.237044285,0,1,1
0.195,1,6,21.0,0,0,1
0.943686448924532,1,0,0.322457127,0,1,1
3.999882413710526,1,0,0.353262836,0,1,1
1.437688044583811,1,0,0.233479113,0,0,1
26.137,1,7,21.0,0,0,1
0.01,0,5,20.0,0,0,1
3.495,0,5,30.0,0,0,1
0.21992581,1,7,1.149050743,0,0,1
22.7934743,1,2,22.000001337,0,0,1
0.677652937,1,5,0.375136715,0,1,1
1.267,1,4,20.0,0,0,1
0.10982,1,4,1.1784578,0,1,1
9.99392246,1,5,22.000001337,0,0,1
0.07448,0,3,1.046916333,0,0,1
5.911,1,0,21.309262042,0,0,1
0.00185,0,0,1.063658261,0,0,1
249.99892246,1,4,21.0,0,0,1
0.0013,1,4,20.0,0,1,1
13.684408,0,5,20.0,0,0,1
10.57249246,1,4,50.0,0,1,1
18.69392246,0,1,50.0,0,0,1
2.329216552381366,1,2,0.378871716,0,0,1
0.0072186,1,3,1.0564836,0,0,1
1.18069108,1,7,1.135453831,0,0,1
0.00985,0,4,1.284341524,0,0,1
2.49,1,5,21.833967631,0,0,1
0.11044379,0,5,1.2717804,0,1,1
0.25129664,0,2,20.340146304,0,0,1
500.0,1,7,20.0,0,1,1
8.14638183,1,5,22.000001337,0,0,1
0.628670273946535,0,6,0.230870737,0,1,1
3.937955313739488,0,5,0.244287527,0,0,1
0.01,1,4,20.0,0,0,1
0.00253812,1,0,1.176953778,0,0,1
0.59433473,1,4,50.0,0,0,1
0.01,1,1,20.0,0,0,1
33.91415062,0,4,22.000001337,0,0,1
10.99392246,1,5,21.0,0,0,1
0.343724,1,4,20.815012353,0,1,1
0.0913,1,2,20.0,0,0,1
0.01329914,1,0,1.037420385,0,0,1
5.012592923681723,1,5,0.262824488,0,0,1
0.0805,0,5,20.0,0,0,1
0.61985,1,3,1.242557817,0,0,1
28.107959,1,5,22.000001337,0,0,1
1.813372025751404,0,6,0.341035159,0,1,1
0.4528868,1,4,21.0,0,0,1
2.59985,1,0,1.165546135,0,0,1
0.534556095069479,1,6,0.341590268,0,1,1
5.031985256715256,0,3,0.233479113,0,0,1
9.97278,0,5,22.000001337,0,0,1
5.418877,1,7,30.5,0,0,1
701.0,1,2,1.0465324,0,0,1
10.665,1,4,21.0,0,0,1
9.90095646,1,0,22.000001337,0,0,1
14.428343977210664,1,7,0.3193392,0,1,1
2.125,0,0,0.333801551,0,0,1
0.495,0,4,21.0,0,0,1
71.97665486,1,2,21.0,0,1,1
1.3319351453109245,0,0,0.245976873,0,1,1
0.2053443,0,3,1.309130653,0,0,1
0.1484013,1,7,1.053657891,0,0,1
11.85516698,1,1,21.0,0,0,1
115.99993890619083,0,2,0.235533298,0,0,1
0.0096333,1,1,1.045281989,0,0,1
100.90254724144968,0,0,0.262824488,0,0,1
27.149469772860844,1,1,22.000001337,0,1,1
2.723992805406332,1,4,0.399923023,0,1,1
0.00855,0,6,1.150323515,0,0,1
0.335,1,5,21.0,0,0,1
0.5613,1,6,20.0,0,0,1
21.99981295221077,1,5,0.399923023,0,0,1
12.51636045,1,3,25.076374645,0,0,1
0.808192090356174,1,7,0.301544295,0,0,1
0.005,1,1,21.0,0,0,1
9.99392246,1,5,22.000001337,0,1,1
9.14392246,1,0,22.000001337,0,0,1
8.45392246,1,6,22.000001337,0,0,1
15.617094516288548,0,0,21.0,0,0,1
0.3182801,1,1,21.0,0,0,1
1.28869304351383,1,3,0.233479113,0,0,1
9.99392246,1,5,22.000001337,0,1,1
2.125,1,0,0.333801551,0,0,1
7.99392246,0,2,22.000001337,0,1,1
0.01649271,1,2,1.04307877,0,0,1
29.99392246,1,5,22.000001337,0,0,1
3.9497,0,7,20.0,0,1,1
22.9238,0,4,20.272024492,0,0,1
2.54,0,4,20.0,0,1,1
5.2023,0,2,20.0,0,0,1
54.99954515753706,0,6,0.244657997,0,0,1
0.005,1,0,20.0,0,0,1
0.5519689286476679,1,1,0.244694791,0,0,1
0.07448,1,1,1.046916333,0,1,1
0.8536405,1,2,21.0,0,0,1
1.606,1,3,20.012773603,0,0,1
2.675,1,7,20.887260762,0,0,1
12.14392246,1,5,21.0,0,0,1
0.01773378,0,3,1.092747746,0,0,1
0.396,0,1,22.528622017,0,0,1
9.31318744,1,5,22.000001337,0,0,1
9.86040235,1,2,20.012773603,0,0,1
2.809815,1,7,21.0,0,1,1
20.70447103,1,3,22.000001337,0,1,1
0.01,0,4,21.0,0,0,1
25.08515265,0,7,22.000001337,0,0,1
2.495,0,2,21.157421146,0,0,1
0.0913,0,3,20.0,0,0,1
0.1018479,0,4,1.106739521,0,0,1
0.59551952,1,2,0.299798668,0,0,1
3.949,1,0,20.0,0,0,1
0.52772251,1,2,1.362115208,0,0,1
2.225,1,0,21.0,0,1,1
3.035,1,5,21.0,0,0,1
8.42739131,1,0,22.000001337,0,0,1
13.995,0,2,21.0,0,1,1
90.989559,1,7,22.000001337,0,0,1
49.99392246,0,4,21.0,0,0,1
0.04985,0,5,1.148275181,0,0,1
30.0,1,5,21.0,0,0,1
0.06434284,1,2,1.27228107,0,0,1
0.0764,1,5,21.0,0,0,1
0.7201879644984552,1,1,0.348392543,0,1,1
14.70406756,1,5,21.0,0,0,1
8.97392246,0,5,22.000001337,0,1,1
2.995,1,7,30.0,0,0,1
18.337,1,7,21.0,0,0,1
0.28431952,0,0,1.159151725,0,0,1
107.13782246,1,2,22.073836554,0,1,1
9.90095646,1,4,22.000001337,0,0,1
3.4113,1,2,22.528622017,0,0,1
7.93222246,1,4,22.000001337,0,0,1
0.8943546,1,6,1.347088785,0,0,1
0.612,1,2,21.0,0,1,1
0.91483377,1,7,1.115959298,0,0,1
1.50985,1,7,1.336791159,0,0,1
58.03055574,1,7,1.108795674,0,0,1
0.0955542,1,0,1.333277766,0,1,1
2.49965,1,2,1.040032972,0,0,1
42.70357581,1,0,20.0,0,0,1
0.48826410459298,1,0,0.235282764,0,0,1
0.00185,1,0,1.063658261,0,0,1
0.42296354,1,3,21.0,0,0,1
0.00285,1,0,1.119946375,0,1,1
0.00185,0,2,1.044657997,0,0,1
2.28999496396291,1,7,0.474345778,0,0,1
0.977832,0,7,1.159008226,0,1,1
1.055161061577727,1,7,0.249454777,0,0,1
0.1,1,0,55.0,0,0,1
15.331067,0,5,22.000001337,0,0,1
1.742434721012705,0,5,0.309081792,0,0,1
9.99749311,0,1,22.000001337,0,0,1
0.5896048,1,7,20.0,0,0,1
107.94242246,0,3,22.073836554,0,0,1
7.32476885,1,7,21.0,0,0,1
0.05743637,1,0,1.09344453,0,0,1
1.47167235,1,5,20.0,0,0,1
9.98392246,0,1,22.000001337,0,0,1
22.677295,1,7,20.0,0,1,1
7.49482674,0,4,22.000001337,0,0,1
12.81072246,1,0,21.0,0,1,1
0.05985,0,1,1.160791432,0,0,1
0.28014853,0,2,20.0,0,0,1
2.381,0,0,20.0,0,1,1
1100.0,1,0,15.63206454,0,0,1
33.99823488404762,1,7,22.000001337,0,1,1
0.01,1,7,21.0,0,0,1
3.60056264,1,4,21.0,0,0,1
3.090702098635042,1,7,0.243338951,0,0,1
0.001,1,5,21.833967631,0,0,1
0.664,1,0,21.0,0,1,1
2.0498072306554005,1,5,0.322457127,0,0,1
49.86322488988203,1,0,0.243057875,0,0,1
3.28327844,0,6,20.0,0,1,1
28.5144365,1,2,20.012773603,0,0,1
0.0301087,0,1,1.036486308,0,1,1
16.689559,0,2,22.000001337,0,0,1
2.12981768,1,5,21.0,0,1,1
105.01679344,0,6,20.0,0,0,1
0.28785,1,4,1.166761082,0,1,1
24.982559,1,1,22.000001337,0,1,1
8.28315986,1,7,21.0,0,0,1
0.22667068,1,6,21.0,0,0,1
0.0029469,1,3,1.144522669,0,0,1
1.694900478713628,1,4,0.337906168,0,0,1
9.995,0,7,30.5,0,0,1
0.00485014,1,3,1.123530282,0,0,1
4.999983400681158,0,0,0.299798668,0,0,1
199.999559,0,1,22.000001337,0,0,1
2.59985,1,4,1.165546135,0,0,1
25.995,1,7,21.0,0,0,1
29.99988762954745,0,5,0.24507077,0,0,1
0.995,1,4,20.0,0,0,1
500.0,1,2,20.0,0,0,1
26.32123274,1,3,22.000001337,0,0,1
0.4999837453848227,0,0,0.288183858,0,0,1
0.99999499136581,1,2,0.242150292,0,0,1
23.49392246,1,4,22.000001337,0,0,1
5.13365,1,7,22.667583079,0,0,1
33.592,1,7,21.0,0,0,1
7.27447268,1,6,22.000001337,0,0,1
14.99943733606889,0,0,0.235533298,0,1,1
1.281442848358902,0,6,0.249216844,0,1,1
37.67991054040487,1,1,22.000001337,0,1,1
37.51384639,1,4,21.0,0,1,1
9.99392246,1,7,22.000001337,0,0,1
27.53086146,1,7,22.000001337,0,1,1
18.995,1,5,20.0,0,1,1
19.99392246,1,2,22.000001337,0,0,1
530.861178282,1,4,22.073836554,0,0,1
9.99392246,1,5,22.000001337,0,1,1
1.338818658297368,1,4,0.237429533,0,1,1
39.99998741898632,1,3,0.243338951,0,0,1
51.9244473,1,3,22.000001337,0,0,1
0.05285,0,4,1.200415361,0,0,1
12.99192246,0,0,22.127224645,0,0,1
0.05743637,0,7,1.09344453,0,0,1
0.500697715417177,0,0,0.429864307,0,0,1
52.98911568720191,1,7,22.000001337,0,0,1
0.005,0,0,23.444264145,0,0,1
0.05372264,1,4,1.097520027,0,0,1
10.1217,1,3,20.0,0,0,1
0.01,1,4,20.0,0,0,1
0.01571,1,3,1.111606758,0,0,1
0.2863,1,7,20.0,0,1,1
0.654093624150348,1,0,0.298840711,0,0,1
9.9814056,0,7,22.000001337,0,1,1
1000.0,0,5,21.0,0,0,1
0.04940335,1,6,1.094181687,0,0,1
20.4739932938768,1,1,0.36210711,0,0,1
0.36185,0,0,1.230478555,0,1,1
5.1824,1,3,30.0,0,0,1
10.18892246,1,2,22.127224645,0,0,1
0.495,1,6,21.0,0,0,1
0.0013,1,7,20.0,0,0,1
0.560667380520613,1,3,0.443922838,0,0,1
7.35320548,0,6,22.000001337,0,0,1
0.002247,0,0,1.041464316,0,0,1
111.79128609265288,1,5,22.000001337,0,0,1
0.0023,1,0,22.0,0,1,1
0.01,0,5,20.0,0,0,1
1.437688044583811,1,3,0.233479113,0,1,1
0.00963441,1,3,1.054450063,0,0,1
7.44945346,1,2,22.000001337,0,0,1
0.6124691637317735,1,3,0.240108052,0,0,1
0.77512,1,6,0.235282764,0,0,1
1.44493248,1,6,20.0,0,0,1
1.99985,1,2,1.102355862,0,1,1
0.00285,1,2,1.215808423,0,1,1
0.005,1,4,25.0,0,0,1
0.01,1,5,20.0,0,0,1
4.602494954929739,0,1,0.339479526,0,0,1
92.91126188343324,1,5,0.262824488,0,0,1
199.99989202348348,1,7,0.243442682,0,0,1
17.963,1,6,10.0,0,0,1
7.50658716,0,4,22.000001337,0,0,1
1.179,1,2,21.0,0,0,1
87.83541846783878,0,2,22.000001337,0,0,1
2.21301646,1,5,21.0,0,0,1
9.99995985131014,1,3,0.310805676,0,0,1
7.0119,1,0,20.0,0,0,1
13.99392246,1,5,22.127224645,0,0,1
0.005,0,1,21.0,0,0,1
0.005,0,7,20.0,0,0,1
15.28848146,1,3,21.0,0,0,1
133.77126326218905,0,2,22.073836554,0,1,1
10.57249246,1,0,50.0,0,1,1
0.21464038,1,1,30.0,0,0,1
9.99392246,1,7,22.000001337,0,1,1
20.26,1,4,30.0,0,1,1
399.82985,0,7,1.194374776,0,0,1
10.4633303,1,7,21.0,0,0,1
57.99952521810541,1,0,0.377078153,0,1,1
0.01732214,1,3,1.127761533,0,0,1
22.677295,1,6,20.0,0,0,1
0.02129,1,3,1.112306834,0,0,1
0.005,1,4,20.0,0,0,1
0.4969896093668595,1,4,0.315679177,0,0,1
0.03575487,1,5,1.048237409,0,0,1
0.8695029969587619,1,7,0.307077589,0,0,1
51.0737098369785,1,7,22.000001337,0,1,1
44.99985,1,5,1.082454404,0,0,1
20.2874279,0,4,22.000001337,0,1,1
0.005,0,2,24.568222891,0,1,1
9.97278,1,0,22.000001337,0,1,1
9.999559,0,5,22.000001337,0,0,1
500.0,1,0,22.917630378,0,1,1
16.19392246,1,5,22.000001337,0,0,1
9.27692246,0,3,22.000001337,0,1,1
0.0181892,0,6,1.041067146,0,0,1
8.097409,0,7,22.000001337,0,0,1
0.789789175598888,1,4,0.388031055,0,0,1
0.10982,1,4,1.1784578,0,0,1
0.0143,1,3,1.180587332,0,0,1
0.5876,1,2,20.0,0,0,1
0.15,1,0,39.0,0,1,1
299.09892246,1,0,21.0,0,0,1
29.989559,1,5,22.000001337,0,0,1
199.999559,1,7,22.000001337,0,0,1
3.0,1,0,37.585215805,0,0,1
140.40985,1,2,1.13340707,0,0,1
37.402,1,4,21.0,0,0,1
28.56811906,1,5,25.076374645,0,0,1
0.15114156,1,5,1.220562431,0,0,1
0.164,1,5,20.0,0,0,1
15.7235455,1,0,21.833967631,0,0,1
7.32332846,0,2,22.000001337,0,0,1
10.86625763,1,3,22.127224645,0,0,1
10.798594390528365,1,0,0.247292168,0,0,1
0.13312084,1,2,21.0,0,0,1
0.03575487,0,3,1.048237409,0,0,1
13.299994883801617,0,7,0.267165316,0,0,1
39.99996894534754,1,2,0.517813986,0,1,1
0.005,1,7,20.0,0,0,1
36.22532246,1,5,21.0,0,1,1
0.89269887,0,5,21.0,0,1,1
0.998362058412766,1,6,0.359952214,0,0,1
0.432,1,6,21.0,0,0,1
36.399559,0,1,22.000001337,0,0,1
1e-05,0,3,9.339381797,0,0,1
9.99392246,1,4,22.000001337,0,0,1
2.13,1,7,21.0,0,0,1
0.01944,1,0,1.224869003,0,0,1
2.222395754085726,1,3,0.376846516,0,0,1
0.0101397,1,1,1.159168946,0,0,1
9.98392246,0,1,22.000001337,0,0,1
87.83541846783878,0,6,22.000001337,0,0,1
5.05897174,1,1,22.416545867,0,1,1
0.00963,1,6,1.153695467,0,0,1
12.16,1,7,20.0,0,0,1
0.92603764,1,6,20.0,0,0,1
0.67454431,0,1,1.1193392,0,0,1
0.0181892,1,1,1.041067146,0,0,1
16.137,1,3,21.0,0,0,1
0.02060404,1,4,1.049363125,0,0,1
0.60664131,1,6,1.217852857,0,0,1
165.54880151,1,3,22.000001337,0,0,1
45.50785848,0,1,1.050244602,0,1,1
11.249951667808968,0,7,0.355042644,0,0,1
15.51560792,1,7,50.0,0,0,1
0.01746329,0,5,1.237914773,0,1,1
0.781553,1,5,20.0,0,0,1
0.384,0,7,30.5,0,1,1
3.223111272127763,1,3,0.240608391,0,0,1
5.33898406552792,1,1,0.250983773,0,0,1
0.21813798,0,4,1.128955269,0,0,1
9.69392246,1,3,22.000001337,0,0,1
0.02522527,1,6,1.144919453,0,0,1
0.01186119,1,6,1.049323782,0,0,1
0.99999508845406,1,3,0.249454777,0,1,1
9.99392246,1,2,22.000001337,0,0,1
0.0912,1,3,20.887260762,0,1,1
2.97494066,0,5,1.080850722,0,0,1
0.984,1,5,20.887260762,0,0,1
0.291,1,4,20.887260762,0,0,1
8.11316931,1,4,21.0,0,0,1
35.06078046,0,7,22.000001337,0,0,1
0.00992274,1,2,1.138109786,0,1,1
1.669995129361598,1,1,0.235533298,0,0,1
32.999994930572846,1,6,0.239162921,0,0,1
8.97192246,1,7,22.000001337,0,0,1
0.39985,0,4,1.214022099,0,1,1
28.46412825,1,3,22.000001337,0,1,1
2.395,0,2,20.0,0,0,1
3.04585186,1,3,22.0,0,0,1
0.03014797,1,0,1.239094062,0,0,1
0.1157398,1,4,1.126667813,0,0,1
0.9999845036244372,1,2,0.244964192,0,0,1
0.4980272673703281,1,2,0.25680762,0,0,1
0.5025,1,4,0.36210711,0,0,1
0.164,1,7,20.0,0,0,1
87.611159,1,1,22.000001337,0,0,1
0.045,1,7,20.0,0,0,1
0.00238736,1,4,1.1182702,0,0,1
12.99392246,1,7,22.127224645,0,0,1
0.04787167,1,3,1.099903999,0,1,1
9.99392246,1,7,22.000001337,0,0,1
0.10925,1,5,1.258392781,0,1,1
0.0072186,1,5,1.0564836,0,0,1
2.51248,1,4,21.0,0,0,1
9.98392246,1,3,22.000001337,0,0,1
0.58699489324163,1,4,0.307077589,0,0,1
6.98982,1,6,1.12956208,0,0,1
1.195,1,6,23.369866721,0,0,1
7.21878976,1,0,22.000001337,0,0,1
4.815,0,5,12.0,0,0,1
0.3227789,1,6,30.0,0,1,1
0.496718102998895,0,5,0.372385933,0,1,1
0.01140694,1,3,1.155105752,0,1,1
7.42336846,1,2,22.000001337,0,1,1
17.533,1,5,20.0,0,1,1
0.5598872481797477,1,5,0.36776174,0,1,1
0.572514776849599,0,2,0.304430225,0,0,1
0.38105,1,3,1.043052246,0,0,1
4.718272,0,2,30.0,0,0,1
44.99892246,1,0,22.073836554,0,0,1
0.2813,0,0,20.0,0,0,1
0.01,0,0,20.40801424,0,0,1
1.28275535,1,3,23.369866721,0,0,1
1000.0,1,4,21.0,0,0,1
0.045,1,3,20.0,0,0,1
710.999464765504,1,7,0.332406987,0,1,1
149.99892246,0,1,22.0,0,0,1
0.8218087860637974,1,3,0.321828952,0,0,1
0.01260822,1,1,1.166332647,0,0,1
0.30601177,1,2,1.04238713,0,0,1
1.00062481,1,4,20.272024492,0,0,1
9.92611368,0,2,21.0,0,0,1
0.42,1,2,20.0,0,1,1
4.919923917775122,0,5,0.243434082,0,1,1
0.15,0,6,23.7564799,0,0,1
0.273611,1,1,30.0,0,0,1
1.6356757997492388,1,0,0.232520717,0,0,1
397.5999798709,1,1,0.302633325,0,1,1
1.179,1,4,21.0,0,0,1
399.78985,1,7,1.10437308,0,0,1
3.565,0,1,20.0,0,0,1
149.99985,1,0,1.215335205,0,0,1
8.165,0,4,20.0,0,0,1
0.4239,0,7,21.0,0,0,1
0.5313,0,4,21.486870188,0,0,1
12.18263268,1,7,20.159005428,0,0,1
0.384,1,5,30.5,0,0,1
0.696,1,0,0.32510221,0,0,1
0.4977363685400385,1,3,0.307077589,0,0,1
0.6919194532289551,1,6,0.254139651,0,0,1
135.92,1,4,21.0,0,0,1
21.875061932396992,1,1,0.36210711,0,0,1
0.789790625841479,1,1,0.298044523,0,0,1
12.99392246,1,5,22.127224645,0,0,1
1.99462963,1,3,20.0,0,0,1
0.306,1,4,21.0,0,0,1
7.24778106,0,2,22.000001337,0,1,1
0.00695,1,2,1.053421106,0,0,1
0.01,0,5,8.0,0,1,1
13.99392246,0,0,22.000001337,0,0,1
35.88392246,1,3,22.000001337,0,0,1
19.59382246,1,2,25.076374645,0,0,1
51.5143,1,6,1.121712361,0,1,1
12.82402686,1,5,22.127224645,0,0,1
8.395,1,3,30.5,0,1,1
154.99998795929744,1,2,0.501376731,0,0,1
27.41085,0,1,1.283314364,0,0,1
0.983186450608673,0,1,0.259855462,0,0,1
35.423,0,2,20.272024492,0,0,1
24.14392246,1,6,22.000001337,0,0,1
0.335,1,0,47.15,0,0,1
16.76392246,0,0,100.1,0,1,1
6.090694664067329,1,4,0.267165316,0,0,1
1.28389121,1,1,20.340146304,0,0,1
46.985,1,6,20.0,0,0,1
0.40081807,1,6,1.03714366,0,1,1
1.1286882752720708,1,6,0.341590268,0,1,1
1.195,1,3,21.0,0,0,1
44.995,1,3,20.272024492,0,0,1
90.60100228,1,3,21.0,0,0,1
2.40036733,1,1,1.101093975,0,0,1
0.24823658,1,4,1.043725022,0,0,1
1.0903735230631433,1,6,0.330598925,0,0,1
270.0,0,2,1.03676544,0,0,1
0.00963441,1,0,1.054450063,0,1,1
19.99392246,1,4,21.0,0,0,1
0.777693,0,3,0.307077589,0,0,1
17.99958,1,6,22.000001337,0,0,1
3.244092543756597,0,6,0.304430225,0,0,1
0.00646527,1,7,1.119101993,0,0,1
1.392748599461653,1,3,0.355813575,0,0,1
27.34758884,1,7,22.000001337,0,0,1
24.99392246,1,0,22.000001337,0,0,1
2.2399772392854795,0,2,0.427844078,0,0,1
7.147258917399159,0,2,0.322457127,0,0,1
0.8928323190621024,0,7,0.329899238,0,0,1
183.1878950548185,0,4,0.238743669,0,0,1
1.267,1,2,20.0,0,0,1
0.7301,0,1,23.697264639,0,1,1
0.01,1,6,10.0,0,0,1
15.99392246,0,5,21.0,0,0,1
7.62047775,1,6,22.000001337,0,1,1
30.96389828,1,3,1.041077967,0,1,1
0.0053745,0,1,1.102203142,0,0,1
27.34758884,0,2,22.000001337,0,0,1
8.29392246,1,4,22.000001337,0,0,1
14.311810540404872,1,1,22.000001337,0,1,1
24.97392246,1,0,22.000001337,0,0,1
0.00185,0,6,1.108905138,0,0,1
9.9181247,1,4,30.0,0,0,1
339.8,1,3,22.073836554,0,0,1
0.06057173,1,4,1.054693889,0,0,1
17.58779121087082,1,5,0.337946833,0,1,1
9.9181247,1,0,30.0,0,0,1
0.5060081154576171,1,3,0.366651203,0,0,1
9.98892246,0,2,22.000001337,0,0,1
1.891291190791917,0,0,0.242126516,0,0,1
6.7698977248102725,0,0,0.239162921,0,0,1
0.005,1,3,21.596799909,0,0,1
0.05985,1,4,1.160791432,0,0,1
0.04985,0,4,1.148275181,0,0,1
9.99985,0,6,1.123947442,0,1,1
8.00392246,1,3,22.000001337,0,0,1
109.16985,1,4,1.332465167,0,0,1
34.80968356,0,6,22.000001337,0,0,1
37.92999287092995,1,5,0.363883524,0,1,1
9.99392246,0,7,22.000001337,0,0,1
0.03424529,1,1,1.109650144,0,0,1
22.126937589461846,1,6,0.321828952,0,0,1
16.1884,1,5,20.0,0,1,1
24.44399282,1,4,22.000001337,0,0,1
0.0343155,0,0,1.045074016,0,0,1
0.0019493,1,4,1.063333575,0,0,1
0.6029399489271763,1,6,0.330598925,0,0,1
1.0134,0,5,22.416545867,0,0,1
9.9181247,0,0,30.0,0,0,1
0.005,0,2,30.5,0,0,1
9.999849618238857,1,4,0.399923023,0,0,1
2142.999454331588,0,6,0.294267018,0,0,1
0.01399912,1,3,1.241464016,0,0,1
0.00215021,1,6,1.039671964,0,1,1
0.01,1,6,21.0,0,0,1
0.202408,1,2,20.887260762,0,0,1
7.08392246,0,1,22.000001337,0,0,1
8.99392246,1,7,22.000001337,0,1,1
12.42092246,1,4,21.0,0,0,1
54.798559,0,6,22.000001337,0,0,1
76.494559,1,7,22.000001337,0,0,1
10.745819,1,3,22.000001337,0,0,1
0.1,0,0,30.01,0,1,1
10.8775857,0,7,21.0,0,0,1
2.8013,0,4,1.047528733,0,0,1
0.8616678,0,0,21.0,0,0,1
8.95875376,0,4,22.000001337,0,0,1
0.0193076,0,0,1.115023276,0,0,1
0.08438794,1,2,1.082545328,0,0,1
0.5665944793515697,1,2,0.254626787,0,0,1
9.995,1,3,21.0,0,1,1
12.99392246,0,4,22.127224645,0,0,1
0.005,1,6,20.0,0,0,1
45.999559,0,2,22.000001337,0,0,1
0.302408,1,5,22.0,0,0,1
59.99392246,1,7,22.000001337,0,0,1
0.005,1,5,20.873010101,0,0,1
4.909995096645845,1,2,0.337946833,0,1,1
0.0013,1,5,50.0,0,0,1
14.71573892,1,2,21.0,0,1,1
74.98177536,0,3,22.000001337,0,0,1
1.0,1,5,30.0,0,1,1
7.27892246,1,2,22.000001337,0,1,1
3.0,1,0,21.0,0,0,1
2.21301646,1,6,21.0,0,0,1
0.01,1,5,21.0,0,0,1
0.852751172086724,0,0,0.337906168,0,0,1
14.03972546,0,3,22.000001337,0,0,1
4.92007,1,2,21.0,0,0,1
0.05985,1,7,1.128293835,0,0,1
7.49028061,1,7,22.000001337,0,0,1
0.6202901102907833,1,5,0.418083789,0,0,1
0.04905039,0,3,1.191847561,0,0,1
0.005,1,0,22.0,0,0,1
9.99392246,0,1,22.000001337,0,1,1
0.14586565,1,0,1.07148342,0,0,1
5.54962147,1,6,20.0,0,0,1
0.6349426325589403,1,0,0.443922838,0,0,1
20.26,1,5,30.0,0,0,1
0.17958223,0,7,1.127609454,0,1,1
0.005,1,2,30.0,0,1,1
500.0,0,5,20.0,0,0,1
13.24756053,0,7,21.0,0,0,1
24.97392246,1,3,22.000001337,0,0,1
67.99861925997192,1,3,22.000001337,0,0,1
0.789787476657119,1,1,0.337906168,0,0,1
0.6377788850945206,1,3,0.239555031,0,0,1
8.34892246,0,6,22.000001337,0,0,1
9.43392246,1,5,22.000001337,0,1,1
3.6987,0,1,20.0,0,0,1
0.00235,1,4,1.122058828,0,0,1
12.99392246,1,5,22.127224645,0,0,1
0.04079595,0,0,23.369866721,0,0,1
0.995,1,6,22.416545867,0,0,1
0.005,0,1,21.0,0,0,1
0.002408,1,2,20.887260762,0,0,1
0.659994565700493,0,3,0.24161278,0,0,1
0.609556857035341,0,4,0.372385933,0,1,1
0.760408,0,7,20.0,0,0,1
0.8751615915154499,1,1,0.267165316,0,0,1
9.05052246,0,2,22.000001337,0,0,1
0.005,1,3,21.596799909,0,0,1
24.99985,0,6,1.281727018,0,0,1
29.999967120941232,1,7,0.242126516,0,0,1
14.98392246,1,3,22.127224645,0,0,1
8.1790509,1,5,22.000001337,0,0,1
0.395,1,7,21.0,0,0,1
0.9102277176255468,1,6,0.244749667,0,0,1
0.00235,0,5,1.046317694,0,0,1
26.46508384,1,4,22.000001337,0,0,1
1.008303542592425,0,7,0.249031321,0,0,1
0.3182801,1,1,21.0,0,0,1
12.780389946861646,0,2,0.322326307,0,1,1
0.0030515,0,5,1.110805676,0,1,1
0.0023,1,0,22.0,0,0,1
9.97392246,0,4,22.000001337,0,0,1
3.937955313739488,0,6,0.244287527,0,0,1
0.07898275,0,1,1.131600344,0,0,1
15.29647131,1,6,22.127224645,0,1,1
21566.37474437,1,3,1.145735603,0,0,1
0.005,0,6,24.568222891,0,0,1
0.5501585298328,1,5,0.418083789,0,0,1
66.99985,0,1,1.04041783,0,0,1
0.00185,1,5,1.174753594,0,0,1
0.547350748160854,0,0,0.36210711,0,0,1
14.98348146,1,1,22.127224645,0,0,1
42.33253718,1,7,22.000001337,0,0,1
31.970970016028595,0,7,0.25493671,0,0,1
0.005,0,0,24.568222891,0,0,1
12.379537999971925,0,3,22.127224645,0,0,1
0.00215021,0,0,1.039671964,0,0,1
9.97864146,1,2,22.000001337,0,0,1
0.508993143556031,1,7,0.243338951,0,0,1
0.01059727,1,1,1.123442473,0,0,1
21.62236246,1,5,22.000001337,0,0,1
31.705930149971923,1,6,21.0,0,1,1
18.337,0,7,21.0,0,0,1
0.0072719,1,2,1.13444624,0,0,1
0.05674427,1,5,1.112605689,0,0,1
11.46458,1,3,22.000001337,0,0,1
2.489894390528364,1,0,0.242126516,0,0,1
0.005,1,1,30.0,0,0,1
0.0013,1,5,20.0,0,0,1
0.4977363685400385,1,5,0.307077589,0,1,1
0.015,1,4,20.0,0,1,1
0.0013,0,6,20.0,0,0,1
2.397350644207984,1,5,0.235282764,0,1,1
2520.9997135737744,1,2,0.246735189,0,0,1
0.401,1,2,21.0,0,0,1
0.02938224,1,7,1.10437308,0,0,1
10.01535046,1,7,22.127224645,0,0,1
0.859889938650919,0,0,0.322326307,0,0,1
0.00134,1,6,1.250741576,0,0,1
0.5081702655570003,1,1,0.418083789,0,0,1
0.7201879644984552,1,6,0.348392543,0,0,1
17.855794584936266,0,4,0.244287527,0,0,1
0.0493005,1,5,1.087567913,0,0,1
8.99848,1,5,22.000001337,0,0,1
0.01155691,0,4,1.04737673,0,0,1
399.82985,1,2,1.194374776,0,0,1
12.977,1,6,21.0,0,0,1
0.11985,1,4,1.147984292,0,0,1
0.005,1,4,20.0,0,0,1
0.93278274,0,2,21.0,0,0,1
1.132998494861434,1,0,0.242126516,0,0,1
1.0436052,1,4,1.251860799,0,0,1
13.99392246,1,2,22.127224645,0,1,1
0.00602493,1,5,1.047481304,0,0,1
0.0013,0,2,20.815012353,0,1,1
0.495,1,7,20.40801424,0,0,1
0.29985,0,5,1.179919032,0,0,1
1636.0,1,3,1.17374205,0,0,1
1.4946,1,5,0.35576282,0,0,1
0.00994542,1,5,1.184147797,0,0,1
97.90352926722504,0,4,0.267165316,0,0,1
0.10985,1,4,1.035273697,0,0,1
0.61985,1,7,1.242557817,0,0,1
2.165587991217773,0,2,0.384632145,0,0,1
5.999994877376592,1,3,0.43362083,0,1,1
0.040954,1,2,20.0,0,0,1
0.379,1,4,30.5,0,1,1
21.98033246,0,7,22.000001337,0,0,1
0.17521002,1,4,1.318164402,0,1,1
0.66725261,1,1,0.321469692,0,0,1
0.7025794806545569,1,7,0.4032001,0,1,1
2.269905981358787,1,6,0.387551877,0,0,1
7.00583246,1,3,22.000001337,0,0,1
22.99958,1,1,21.0,0,0,1
24.99985,1,3,1.045446993,0,1,1
27.74680653,1,6,22.000001337,0,0,1
0.01479156,0,4,1.131286094,0,0,1
0.00185,1,1,1.10337677,0,0,1
12.134848,1,1,23.697264639,0,0,1
9.98392246,0,7,22.000001337,0,0,1
12.17263642,0,3,22.127224645,0,0,1
1.696,1,5,0.363883524,0,0,1
0.13251471,1,2,1.13783783,0,1,1
8.99392246,1,0,22.000001337,0,0,1
1.9999795075846407,1,3,0.399923023,0,1,1
3.922814491163116,1,5,0.327717943,0,0,1
17.07761551,1,2,21.0,0,0,1
0.202408,1,4,20.887260762,0,0,1
9.88866112,1,3,1.126778744,0,0,1
0.005,1,2,21.0,0,0,1
0.0032466,1,2,1.117564505,0,1,1
13.28392246,1,2,22.127224645,0,0,1
13.38533722,0,2,100.1,0,0,1
0.11700857,0,5,1.19619103,0,1,1
0.8751615915154499,1,2,0.267165316,0,1,1
8.52461746,1,5,22.000001337,0,0,1
1.51189,1,2,1.211743913,0,0,1
300.0,1,2,21.0,0,0,1
0.99999508845406,0,7,0.249454777,0,0,1
4.6583,1,7,24.670216374,0,0,1
2.00769446,1,3,1.248717784,0,1,1
10.195,1,2,20.0,0,1,1
0.0284962,1,5,1.042927467,0,1,1
43.9997431146659,1,0,0.256020979,0,0,1
11.09908897,1,3,20.887260762,0,0,1
0.02532577,0,4,1.118123622,0,0,1
0.0099789,1,5,1.135581276,0,1,1
1.87790322,1,0,1.140811538,0,0,1
5.069,1,0,21.0,0,0,1
0.306,1,2,21.0,0,0,1
9.32749246,1,0,22.000001337,0,0,1
2.13092879,1,4,21.0,0,0,1
1.52117317,0,7,1.055111622,0,0,1
0.005,1,2,20.873010101,0,0,1
0.00265512,1,3,1.044841031,0,0,1
0.9999520317424228,1,1,0.36210711,0,0,1
0.01,1,0,21.0,0,0,1
23.70392246,1,5,21.0,0,0,1
2.55833677,0,2,22.528622017,0,0,1
0.495,1,4,30.0,0,0,1
0.06849158,1,5,1.117400583,0,0,1
0.977832,1,6,1.159008226,0,0,1
1.31870607,1,1,22.0,0,0,1
1.2799,1,4,20.0,0,0,1
0.005,1,7,20.0,0,0,1
107.97458,1,3,21.0,0,1,1
1.8653827761309127,1,0,0.245976873,0,0,1
9.99392246,0,2,22.000001337,0,0,1
0.005,0,6,20.0,0,0,1
0.195258,0,6,1.074084082,0,0,1
19.8436743,0,2,22.127224645,0,0,1
14.9920371,0,1,21.0,0,0,1
0.03635,0,2,30.0,0,1,1
0.32650467,0,1,1.267958666,0,0,1
0.01,0,5,20.0,0,0,1
0.68008360581742,0,6,0.251351082,0,0,1
9.63977136,0,0,22.000001337,0,0,1
1.9999795075846407,1,5,0.399923023,0,0,1
8.94693415,1,6,1.160848917,0,0,1
9.99482946,1,4,22.000001337,0,1,1
64.12550437324751,0,6,0.321927375,0,1,1
21.56995,1,0,1.102194982,0,0,1
0.00708604,0,5,1.104354051,0,1,1
0.505,0,1,30.0,0,1,1
0.13251471,0,7,1.13783783,0,0,1
0.520474,1,3,23.369866721,0,0,1
0.905,0,0,21.0,0,0,1
7.99392246,0,5,22.000001337,0,0,1
0.01329914,0,5,1.037420385,0,0,1
24.99999465773879,0,3,0.245281989,0,1,1
8.56423356,1,2,22.000001337,0,0,1
0.789787476657119,1,0,0.337906168,0,0,1
0.402408,1,7,20.0,0,0,1
10.195,0,1,20.0,0,0,1
1.082994843875964,1,6,0.24507077,0,0,1
0.05985,0,4,1.039913629,0,0,1
26.32123274,0,5,22.000001337,0,0,1
8.2495561201093,1,5,0.4032001,0,0,1
0.00487474,1,6,1.118979058,0,0,1
28.56811906,1,0,25.076374645,0,1,1
0.0493005,0,7,1.087567913,0,0,1
17.49221972,1,0,22.000001337,0,0,1
12.04010165,1,7,22.881627171,0,0,1
0.251,0,2,21.0,0,1,1
24.99985,1,6,1.045446993,0,0,1
0.757255167997315,0,0,0.238286072,0,0,1
1.0275202501012353,1,3,0.43476765,0,0,1
0.03170021,1,4,1.172019474,0,0,1
11.99251226,1,7,21.0,0,0,1
0.989,1,0,52.31514469,0,1,1
0.07571328,1,0,20.0,0,0,1
1.103989408043667,0,5,0.304430225,0,1,1
0.12130017,1,0,20.0,0,0,1
0.965187854724067,1,6,0.322326307,0,0,1
0.378594,1,0,1.042148707,0,0,1
28.179834571969835,1,7,0.243442682,0,0,1
0.9995684264006982,0,4,0.322326307,0,0,1
9.98892246,1,7,22.000001337,0,0,1
9.26799296,0,1,22.000001337,0,0,1
7.32476885,1,2,21.0,0,0,1
51.9244473,1,3,22.000001337,0,0,1
329.99994598434165,1,0,0.321927375,0,0,1
0.607685433041998,1,0,0.359008226,0,0,1
18.995,0,2,20.0,0,1,1
4.85378306486252,1,5,0.243610162,0,1,1
1.123,1,5,21.237703005,0,0,1
0.0180318,1,0,1.046882913,0,0,1
0.00587342,1,0,1.205405213,0,1,1
12.73392246,0,5,21.0,0,0,1
0.05976274,0,2,1.04255798,0,0,1
1.50985,1,6,1.336791159,0,0,1
29.783259,0,2,22.000001337,0,1,1
87.49849296,0,2,22.073836554,0,0,1
9.1830867,1,1,22.000001337,0,1,1
0.100346,0,2,1.055446197,0,0,1
0.0846,1,5,20.0,0,1,1
0.04985,0,3,1.159491179,0,0,1
22.636,0,5,0.35576282,0,0,1
3.77680065,1,0,21.157421146,0,1,1
0.526900913227204,0,4,0.249216844,0,0,1
10.67780131,0,3,21.0,0,0,1
0.00895,1,7,1.069814967,0,0,1
3.329345,1,3,21.0,0,0,1
0.4905725,0,0,0.234610586,0,0,1
30.07879508197448,0,5,0.517813986,0,0,1
9.98192246,1,1,22.000001337,0,0,1
11.79293938813808,1,7,0.24507077,0,0,1
0.5027126884669977,1,3,0.321828952,0,0,1
2.572085101558926,1,6,0.249131093,0,0,1
0.74495494477353,1,5,0.29455668,0,1,1
29.45173853,1,3,22.000001337,0,0,1
1.690170058413268,1,4,0.243442682,0,1,1
2.49,1,1,21.833967631,0,1,1
54.798559,1,0,22.000001337,0,0,1
1.3955781446746105,1,6,0.363883524,0,0,1
119.99392246,0,7,21.0,0,1,1
0.00985,1,6,1.090670504,0,0,1
9.99392246,1,2,22.000001337,0,0,1
0.2,1,2,1.041069682,0,0,1
0.0913,1,2,20.0,0,0,1
20.26,1,5,30.0,0,1,1
37.995,1,4,120.0,0,1,1
5.534878965536908,1,6,0.235282764,0,0,1
110.0905571991528,1,7,0.306108842,0,0,1
0.495,1,3,20.40801424,0,0,1
11.01578356,1,5,100.1,0,0,1
11.1978958,0,4,22.127224645,0,0,1
14.99943733606889,0,7,0.235533298,0,0,1
0.10646733,1,2,1.321946132,0,0,1
0.09780054,1,1,1.047336824,0,0,1
14.01657746,1,3,21.0,0,1,1
0.46259322,1,4,20.0,0,0,1
0.14485,1,7,1.102722479,0,0,1
20.342783820392626,1,6,0.388031055,0,0,1
60.409880546787065,1,0,0.43476765,0,0,1
0.005,1,4,20.873010101,0,0,1
99.99392246,1,1,22.000001337,0,0,1
10.882666487608828,0,2,0.233479113,0,0,1
0.0013,0,7,21.0,0,1,1
5.0,1,7,91.0,0,0,1
7.00622619,1,1,22.000001337,0,1,1
2.134716329525125,1,1,0.317653231,0,0,1
0.0284962,0,5,1.042927467,0,0,1
0.00185,1,3,1.041813593,0,0,1
0.005,1,3,20.0,0,0,1
21.98033246,1,6,22.000001337,0,1,1
2.12703503318798,0,7,0.341590268,0,0,1
0.986,1,7,0.257021202,0,1,1
0.005,1,6,30.5,0,0,1
8.99392246,1,7,22.000001337,0,0,1
5.1824,1,5,30.0,0,1,1
0.25670575,1,7,1.219346503,0,1,1
0.00885,1,4,1.256647959,0,0,1
0.01,1,0,20.0,0,1,1
214.291844,1,6,21.0,0,0,1
9.45244446,1,7,22.000001337,0,0,1
19.96392246,0,2,21.0,0,0,1
7.70392246,1,3,22.000001337,0,0,1
1.443897973411651,1,4,0.239162921,0,0,1
0.10130009,1,5,1.032186998,0,0,1
35.695,1,5,21.0,0,0,1
0.58699489324163,1,3,0.307077589,0,0,1
200.0,0,6,21.0,0,1,1
0.6919194532289551,1,6,0.254139651,0,0,1
110.036159,0,7,21.0,0,0,1
0.4955410839374258,0,4,0.485210834,0,0,1
26.98958,1,0,22.000001337,0,1,1
1.6088271579485365,1,6,0.310560886,0,0,1
0.00213459,1,0,1.04385647,0,0,1
20.02456382735765,1,1,0.337906168,0,0,1
1498.999918677987,1,2,0.235282764,0,1,1
96.03758,1,1,21.0,0,0,1
8.97835791,1,5,22.000001337,0,0,1
5.7015,1,3,4.0,0,0,1
2.023025248796717,0,1,0.373931154,0,1,1
7.95051056,1,0,22.000001337,0,1,1
0.8007412681558422,0,1,0.387551877,0,0,1
0.5347916142203696,1,5,0.298840711,0,0,1
1636.0,1,6,1.17374205,0,0,1
188.0995175404049,1,2,22.000001337,0,0,1
84.99242918,1,0,22.000001337,0,0,1
0.4969896093668595,1,4,0.315679177,0,1,1
0.08399983,0,6,1.174043428,0,0,1
24.99985,1,0,1.236913275,0,0,1
42.70394618,1,6,50.0,0,0,1
0.01649271,1,1,1.04307877,0,0,1
25.0,1,2,1.061069245,0,1,1
0.01,1,4,5.0,0,1,1
4.395595,1,0,20.0,0,0,1
4.06132081,1,2,0.516471891,0,1,1
0.0357445,1,1,20.815012353,0,1,1
0.02602935,1,1,1.122109536,0,0,1
0.659995053800742,0,6,0.321843841,0,0,1
2.055,1,1,21.0,0,0,1
7.99392246,1,0,22.000001337,0,0,1
7.147258917399159,0,1,0.322457127,0,1,1
1069.9997937280643,1,0,0.300207963,0,0,1
1.47167235,1,4,20.0,0,0,1
0.539919256,0,7,0.330598925,0,1,1
0.00134,0,1,1.043824123,0,0,1
0.00185,0,5,1.033645555,0,0,1
26.52792246,1,2,22.000001337,0,0,1
9.99392246,0,0,22.000001337,0,0,1
0.0905,1,5,1.040066144,0,0,1
21.98033246,0,1,22.000001337,0,0,1
8.99349296,0,4,22.000001337,0,0,1
0.548995032649983,0,4,0.245976873,0,0,1
16.362253763197177,1,4,0.240053116,0,0,1
0.0199,1,1,20.0,0,0,1
13.04292246,1,2,22.127224645,0,0,1
1.3856086314173448,1,5,0.316702001,0,0,1
2.489894390528364,1,7,0.242126516,0,1,1
0.00235,0,0,1.051219333,0,0,1
0.709234250276864,1,3,0.443922838,0,0,1
1.406,1,7,30.5,0,0,1
0.22667068,1,2,21.0,0,0,1
0.00452442,1,3,1.076287617,0,0,1
0.0913,1,7,20.0,0,0,1
3.0,1,7,22.416545867,0,0,1
9.99813962,0,5,22.000001337,0,0,1
0.00185,0,5,1.301437971,0,0,1
1.696,1,4,0.363883524,0,0,1
4.1739,1,2,21.0,0,1,1
0.02413,1,7,1.233530202,0,0,1
0.05890133,0,0,1.035044763,0,0,1
0.5069836402458612,0,0,0.243338951,0,0,1
0.5278167484735143,1,4,0.418083789,0,0,1
1.71409294,0,6,20.0,0,1,1
14.827392903970471,1,6,0.300207963,0,0,1
139.0,1,5,1.121751303,0,0,1
3.09985,0,3,1.176365666,0,0,1
15.617094516288548,1,2,21.0,0,0,1
1.00062481,1,3,20.272024492,0,1,1
0.00485,1,2,1.042212866,0,0,1
61.16061546,1,3,21.0,0,0,1
0.29352993,1,0,20.0,0,0,1
0.17267183,1,2,1.042452147,0,0,1
0.15191913,1,7,1.120947435,0,0,1
224.99892246,1,5,20.0,0,0,1
13.74680246,0,1,21.0,0,0,1
0.804993563616424,1,2,0.330598925,0,1,1
0.5754129843704392,0,2,0.242126516,0,0,1
0.49285,1,2,21.0,0,0,1
0.03575487,1,5,1.048237409,0,1,1
1.2177,1,7,20.0,0,0,1
1.212784699727147,0,5,0.372385933,0,1,1
2.76785601,1,3,21.0,0,1,1
0.09825637,0,1,1.118861435,0,0,1
0.893191911720271,1,1,0.3193392,0,0,1
2.865,1,6,20.272024492,0,0,1
1.1260107,1,5,1.051243454,0,0,1
0.04817297,1,4,1.235321297,0,0,1
0.01487226,1,4,1.050536205,0,0,1
0.563322249155706,1,6,0.458624863,0,0,1
9.79971726,1,6,20.0,0,0,1
9.995,1,0,23.369866721,0,0,1
0.5945757369636538,1,3,0.474345778,0,0,1
0.03170021,1,0,1.172019474,0,0,1
1.618692850696202,1,3,0.288734486,0,0,1
0.00288367,1,5,1.086297713,0,0,1
1290.9999812249737,1,1,0.333577046,0,0,1
0.5461585075113933,1,1,0.238286072,0,0,1
3.69551891,1,3,20.0,0,0,1
0.522,0,4,20.012773603,0,0,1
0.02785,1,5,1.159942018,0,0,1
0.00185,1,0,1.041675253,0,0,1
35.99495246,0,1,21.0,0,0,1
0.15603102,1,6,1.163998845,0,0,1
0.949558,1,5,0.391909125,0,0,1
0.89269887,0,7,21.0,0,1,1
10.12192246,0,6,22.000001337,0,0,1
0.302408,0,6,22.0,0,0,1
0.002,1,4,1.049368697,0,0,1
9.49967356,1,7,22.000001337,0,0,1
36.855,0,3,20.0,0,0,1
0.01174275,0,7,1.044840272,0,0,1
0.005,1,3,22.0,0,0,1
5.9931,1,3,21.0,0,0,1
24.09392246,1,5,22.000001337,0,1,1
0.752075059061956,1,3,0.341590268,0,0,1
50.0,1,1,20.0,0,0,1
14.98892246,1,7,22.000001337,0,0,1
5.134967239589078,1,3,0.474345778,0,0,1
11.453206,1,7,4.0,0,0,1
8.94792616,1,3,22.000001337,0,0,1
26.18862476,1,7,21.0,0,0,1
0.685603490695325,1,4,0.308905138,0,1,1
0.39739188,1,6,30.0,0,0,1
7.27447268,0,6,22.000001337,0,1,1
0.005,1,1,21.0,0,0,1
27.149469772860844,1,6,22.000001337,0,0,1
0.995,1,7,21.0,0,0,1
9.20692079,1,5,22.000001337,0,1,1
49.86322488988203,1,7,0.243057875,0,1,1
4053.9999350971616,1,6,0.264526503,0,0,1
8.77251432,1,5,22.000001337,0,0,1
1100.0,1,3,15.63206454,0,1,1
0.002408,1,6,21.0,0,0,1
34.09985,1,1,1.037121544,0,0,1
1.00062481,1,4,20.272024492,0,1,1
19.99996699126527,1,6,0.255747922,0,0,1
7.96203355,1,7,22.000001337,0,0,1
0.89269887,1,2,21.0,0,0,1
0.612028551222604,1,0,0.359008226,0,0,1
0.655253353232027,1,2,0.4032001,0,0,1
0.2,1,6,10.0,0,1,1
24.995,0,4,21.0,0,0,1
8.85522246,0,0,22.000001337,0,0,1
0.5117558915098236,0,0,0.310560886,0,0,1
7.29692246,1,2,22.000001337,0,0,1
0.00707212,1,2,1.17890924,0,0,1
1.303,1,1,21.0,0,1,1
0.00485,1,3,1.044436074,0,0,1
2.140728423814238,1,3,0.233479113,0,0,1
9.68958,1,1,22.000001337,0,0,1
2.36,1,1,25.0,0,0,1
11.99999333181017,1,5,0.450152997,0,0,1
18.995,1,7,21.0,0,0,1
0.0181892,0,7,1.041067146,0,0,1
15.28848146,1,4,21.0,0,0,1
2.62295355,0,0,1.287110746,0,0,1
24.97392246,1,7,22.000001337,0,0,1
0.0113,1,7,20.0,0,0,1
67.99861925997192,1,2,22.000001337,0,0,1
19.99392246,1,3,22.127224645,0,0,1
0.1484013,1,0,1.053657891,0,0,1
14.999923873784622,1,6,0.43362083,0,0,1
1.239594789507363,1,6,0.243338951,0,0,1
0.2913,1,0,22.528622017,0,0,1
9.99392246,1,5,22.000001337,0,0,1
184.99998151345528,0,3,0.327837489,0,0,1
0.831,1,4,21.0,0,0,1
5.0,1,1,91.0,0,0,1
0.5460524222778671,1,6,0.243154668,0,1,1
18.395,1,3,21.0,0,0,1
0.982607286569974,1,6,0.245976873,0,0,1
12.07542246,1,1,21.0,0,0,1
3.76046856,0,4,1.040751675,0,0,1
16.20561301,1,2,22.127224645,0,0,1
199.99989202348348,1,7,0.243442682,0,0,1
10.105,1,4,20.272024492,0,0,1
9.92892246,0,5,22.000001337,0,1,1
9.999537999971922,0,0,22.000001337,0,1,1
8.359659,0,5,22.000001337,0,1,1
0.01,1,0,20.0,0,0,1
0.00995,1,2,1.286395202,0,0,1
3.090702098635042,1,1,0.243338951,0,0,1
399.63985,0,0,1.217294851,0,0,1
20.77392246,1,4,22.000001337,0,1,1
9.805,1,1,30.0,0,0,1
4.0464,1,4,21.0,0,1,1
0.045,1,6,20.0,0,1,1
10.105,1,1,20.272024492,0,1,1
9.90095646,1,5,22.000001337,0,0,1
500.0,1,2,20.0,0,0,1
1.023901494936809,0,2,0.384681819,0,0,1
3.4113,1,4,22.528622017,0,1,1
0.005,0,5,30.5,0,0,1
0.017454,1,5,1.12560943,0,0,1
3.4113,0,1,22.528622017,0,0,1
4.952344,1,4,21.0,0,1,1
1.00045,0,2,1.134806361,0,0,1
0.25670575,1,2,1.219346503,0,0,1
0.789778432286651,1,7,0.359952214,0,0,1
0.4884737642262976,1,0,0.230870737,0,0,1
0.00185,1,3,1.166350812,0,0,1
22.7934743,1,3,22.000001337,0,0,1
22.907592460827253,0,1,0.450152997,0,1,1
18.995,0,6,20.0,0,1,1
0.9331935,1,3,1.159471856,0,0,1
0.4940466378168429,1,5,0.245972001,0,1,1
0.6921658138956492,1,3,0.399923023,0,0,1
0.001,0,7,20.0,0,0,1
0.0997508,0,5,1.045098184,0,0,1
14.99392246,1,2,100.1,0,1,1
0.99999508845406,0,7,0.249454777,0,0,1
0.5347916142203696,1,6,0.298840711,0,0,1
0.19125,0,4,1.208205771,0,0,1
1.82216866,0,0,21.0,0,0,1
123.00392246,0,4,22.000001337,0,0,1
0.12167054,1,5,20.0,0,0,1
2.08,1,2,22.0,0,0,1
13.9738033740512,1,1,22.127224645,0,0,1
2492.999559,0,4,22.0,0,1,1
0.04329407,1,6,1.048606487,0,0,1
29.999559,1,2,22.000001337,0,0,1
0.00485,0,3,1.044533748,0,1,1
0.21596005,1,0,21.0,0,0,1
0.499994879087987,1,5,0.239972759,0,0,1
2.61701113,1,6,1.198416998,0,1,1
0.005,1,6,23.444264145,0,0,1
0.1690749,1,3,22.0,0,0,1
715.9997722391104,1,0,0.447511577,0,1,1
0.31133447,1,3,1.067644199,0,0,1
592.37353273,1,7,20.0,0,0,1
2.269905981358787,1,0,0.387551877,0,0,1
0.05021491,1,1,1.128467891,0,0,1
9.99392246,1,6,22.000001337,0,0,1
7.99985,1,4,1.127252607,0,0,1
0.114712,1,1,41.0,0,0,1
21.62236246,0,0,22.000001337,0,0,1
28.107959,1,3,22.000001337,0,0,1
0.04905039,1,4,1.191847561,0,0,1
0.01387103,0,6,1.154524387,0,0,1
50.53998185,1,7,21.0,0,0,1
1.439994770645373,1,3,0.329899238,0,1,1
0.00937377,1,3,1.039985907,0,0,1
0.504,1,7,0.330598925,0,0,1
2.165587991217773,1,6,0.384632145,0,0,1
14.77392246,0,1,22.000001337,0,0,1
3.772966084274729,0,5,0.341590268,0,0,1
0.753303154456875,1,5,0.391909125,0,0,1
14.99392246,1,1,50.0,0,0,1
0.1,1,7,100.0,0,0,1
8.19262246,1,2,22.000001337,0,1,1
0.095,1,4,4.0,0,1,1
20.95067051958118,1,3,0.246847028,0,0,1
0.99502962,0,5,20.272024492,0,0,1
0.005,1,7,23.444264145,0,1,1
0.65537122,1,3,20.0,0,1,1
7.48892873,1,3,22.000001337,0,0,1
0.58699489324163,1,6,0.307077589,0,0,1
8.63712146,0,7,22.000001337,0,0,1
7.3458201,1,7,22.000001337,0,0,1
21.99,0,6,21.0,0,0,1
0.563322249155706,0,5,0.458624863,0,0,1
0.789790841525171,0,6,0.35463077,0,0,1
1.1025965775830997,1,7,0.243154668,0,1,1
0.757255167997315,1,0,0.238286072,0,0,1
12.18088322,0,4,22.127224645,0,1,1
16.72724465,0,0,22.127224645,0,1,1
1.32317875,1,4,1.298225464,0,1,1
0.844548839965707,0,3,0.366007989,0,1,1
1.031890842864764,1,2,0.516471891,0,0,1
36.005,1,7,21.0,0,0,1
9.99392246,0,5,22.000001337,0,0,1
0.906248,1,4,20.0,0,0,1
8.24754705,1,7,22.000001337,0,0,1
0.0013,0,0,20.0,0,1,1
15.93262246,0,5,22.000001337,0,0,1
9.902535328282456,0,1,22.000001337,0,0,1
8.99349296,1,1,22.000001337,0,0,1
0.5816474535074121,0,1,0.443922838,0,0,1
2.865,1,4,20.272024492,0,1,1
1.99462963,1,5,20.0,0,0,1
20.31777376,1,6,20.0,0,0,1
28.99392246,0,3,22.000001337,0,0,1
16.03366301,0,7,21.0,0,1,1
22.84392246,0,2,22.000001337,0,0,1
81.808559,1,1,22.000001337,0,0,1
0.01,1,0,21.0,0,0,1
20.26,1,1,30.0,0,0,1
9.35664532,1,3,22.667583079,0,1,1
4.70215,1,3,0.240108052,0,0,1
0.753303154456875,1,6,0.391909125,0,1,1
0.5070309299603448,0,1,0.238286072,0,0,1
0.16159618,0,2,1.143132361,0,0,1
19.153503274414447,0,7,0.391909125,0,0,1
0.702563843542925,1,0,0.239534815,0,0,1
0.01,1,3,5.0,0,1,1
9.99392246,1,1,22.000001337,0,1,1
0.92229293,1,4,1.041049578,0,0,1
0.01600479,1,7,1.112625657,0,0,1
0.01067277,1,1,1.033073701,0,1,1
0.1796,1,2,20.0,0,0,1
20.46315754,1,3,50.0,0,1,1
21.875061932396992,1,6,0.36210711,0,0,1
0.32084565,1,7,1.131874371,0,0,1
0.005,1,0,30.5,0,0,1
0.46835632,1,3,1.056122954,0,0,1
0.00429066,1,6,20.0,0,0,1
79.49392246,1,0,21.0,0,0,1
0.46944508,1,6,20.815012353,0,0,1
1.009991013044162,1,1,0.247292168,0,0,1
3.938,0,4,21.0,0,0,1
0.25500371,1,7,1.158304637,0,0,1
0.752327158849724,1,5,0.322326307,0,0,1
117.99996256201489,1,7,0.377078153,0,1,1
18.75807246,1,4,22.000001337,0,1,1
8.58692246,1,1,22.000001337,0,0,1
4.739975885174478,0,5,0.252092747,0,0,1
4.996152,1,4,20.0,0,1,1
0.00585,1,2,1.194392863,0,0,1
0.4999753747314966,1,0,0.25848678,0,0,1
0.005,1,5,24.568222891,0,1,1
1.007991820800573,1,4,0.377078153,0,0,1
12.44248016,1,6,22.000001337,0,0,1
0.11639,1,1,1.154153273,0,0,1
0.145,0,4,30.0,0,0,1
0.4871174931759521,0,6,0.250317593,0,1,1
0.01,0,7,20.0,0,0,1
0.49,1,7,0.458624863,0,0,1
2.8365880988504206,0,1,0.341035159,0,1,1
0.14305205,1,1,20.0,0,1,1
3.999994887884278,1,4,0.299798668,0,0,1
8.99928146,0,3,22.000001337,0,0,1
0.1113,1,1,21.0,0,0,1
2.08,0,0,22.0,0,0,1
5.53477,0,1,21.0,0,0,1
20.69783,1,2,21.0,0,0,1
7.96203355,1,5,22.000001337,0,1,1
7.50392246,1,0,22.000001337,0,1,1
5.102887,0,0,20.0,0,0,1
3.184,0,2,22.528622017,0,0,1
0.078771,1,6,1.04091465,0,1,1
0.01,1,7,20.0,0,1,1
0.0742719,1,3,1.252801127,0,1,1
0.00985,1,0,1.110560886,0,0,1
21.99526585,1,0,20.0,0,0,1
2.999925590302273,0,6,0.243434082,0,0,1
9.99392246,1,3,22.000001337,0,1,1
22.12835,0,0,1.112801496,0,0,1
0.2433063,1,6,1.065711815,0,0,1
15.28848146,1,4,21.0,0,0,1
0.7451704213125195,1,2,0.242391936,0,0,1
0.62188789,0,3,1.221864929,0,0,1
0.00985,1,1,1.24324789,0,1,1
0.02766157,1,7,1.0520619,0,0,1
14.49392246,1,6,21.0,0,0,1
2.01759901,0,1,21.0,0,1,1
14.99392246,1,5,21.0,0,0,1
2.809815,1,1,21.0,0,0,1
10.37377037,0,3,22.127224645,0,0,1
1.999986005769176,0,5,0.242126516,0,0,1
0.0099789,1,0,1.135581276,0,0,1
1.87657859,1,5,1.031611934,0,0,1
8.225680756042633,1,1,0.375136715,0,0,1
3.5400320508019067,1,5,0.293232506,0,0,1
0.4906408407800279,1,3,0.299798668,0,0,1
19.96594946,1,0,21.0,0,0,1
0.01388,1,6,1.04518582,0,0,1
0.1230267,1,2,1.04639751,0,0,1
28.809559,1,7,22.000001337,0,0,1
0.10281872,1,6,1.103851307,0,1,1
0.00245,1,1,1.253661847,0,0,1
157.84382186364522,1,4,0.24518582,0,0,1
1000.0,0,2,23.0,0,0,1
0.21345,1,4,24.670216374,0,0,1
9.99392246,1,4,22.000001337,0,0,1
1.653755,1,2,20.0,0,0,1
500.0,1,5,20.0,0,0,1
0.05740176,1,2,1.119756188,0,0,1
2.538,1,7,21.309262042,0,0,1
0.99500027,0,7,21.0,0,0,1
0.12305,1,1,1.043520861,0,0,1
0.883287854849794,1,5,0.322326307,0,0,1
234.32711228,1,7,21.0,0,1,1
0.01,1,1,20.0,0,0,1
13.78492246,0,5,22.127224645,0,0,1
2.439063514485667,1,7,0.372385933,0,0,1
0.07448,0,1,1.046916333,0,0,1
0.11639,0,4,1.154153273,0,0,1
9.191,1,6,21.0,0,0,1
1.412736981157595,1,2,0.384681819,0,0,1
0.16500082,1,1,20.0,0,1,1
52.98911568720191,0,3,22.000001337,0,0,1
1.02985,1,2,1.038963642,0,0,1
30.00392246,1,5,22.000001337,0,1,1
11.05,0,2,1.040723317,0,1,1
0.6839814952481,0,3,0.359952214,0,0,1
0.789779242993541,1,7,0.4032001,0,0,1
16.28892246,1,4,100.1,0,1,1
0.905,0,7,21.0,0,0,1
0.0077421,1,5,1.1289198,0,0,1
0.00444087,0,7,1.199736337,0,0,1
8.73513875,1,1,22.000001337,0,0,1
159.99892246,1,7,21.0,0,0,1
59.74575498,0,7,22.000001337,0,1,1
0.0126147,1,0,1.151926513,0,0,1
9.99392246,1,2,22.000001337,0,1,1
9.999995059061956,1,3,0.322326307,0,0,1
0.9999861745287127,1,3,0.359740198,0,0,1
1.79768468,0,6,20.815012353,0,0,1
2.0498072306554005,1,5,0.322457127,0,1,1
1.51189,1,1,1.211743913,0,0,1
1.6999555321277011,1,4,0.243057875,0,0,1
0.00985,0,7,1.110560886,0,1,1
79.99995835953564,1,3,0.373931154,0,0,1
2.602,0,7,20.0,0,0,1
3.495,0,5,30.0,0,1,1
157.84382186364522,1,7,0.24518582,0,0,1
0.00235,0,7,1.1157213,0,0,1
0.00185,1,0,1.301437971,0,1,1
0.5665944793515697,1,6,0.254626787,0,0,1
0.03185,1,1,1.181318926,0,0,1
49.99760374720192,0,6,22.000001337,0,0,1
0.111883,0,6,20.0,0,0,1
9.94392246,0,2,22.000001337,0,0,1
1.009991013044162,0,0,0.247292168,0,0,1
2.12981768,1,3,21.0,0,0,1
5.0,0,2,91.0,0,0,1
4.385,0,4,30.0,0,0,1
1000.0,1,0,23.216733376,0,0,1
0.63675,1,0,1.037820166,0,0,1
0.402408,1,3,20.0,0,0,1
0.01,0,6,20.0,0,0,1
8.134060473198604,1,2,0.307077589,0,0,1
20.2874279,0,2,22.000001337,0,0,1
1.0,1,1,1.098622457,0,0,1
1.338818658297368,1,2,0.237429533,0,1,1
0.57262,1,2,0.321845711,0,0,1
0.0088,1,2,1.252406553,0,0,1
25.94292246,0,2,21.0,0,0,1
0.005,1,2,30.5,0,0,1
50.7833,0,5,20.0,0,0,1
0.5347916142203696,1,2,0.298840711,0,0,1
13.32544186,0,6,22.127224645,0,0,1
0.845753503534467,1,4,0.341590268,0,0,1
3.495,1,5,20.0,0,0,1
10.99816446,1,4,21.0,0,0,1
0.005,1,7,21.0,0,0,1
11.758929293343447,1,2,0.359740198,0,1,1
9.995,0,7,21.0,0,1,1
0.01008878,1,1,1.038207648,0,0,1
13.9738033740512,1,1,22.127224645,0,0,1
7.42336846,1,6,22.000001337,0,0,1
6.7698977248102725,1,7,0.239162921,0,0,1
26.28722593,1,0,20.0,0,0,1
39.99996799701368,1,4,0.3387007,0,0,1
9.800194765790543,0,4,0.249454777,0,0,1
0.00235,0,1,1.051219333,0,0,1
2.301,1,4,21.431542316,0,0,1
1.00227367,1,5,1.199923023,0,0,1
0.28792,1,4,1.167306793,0,0,1
0.54870815,1,4,20.0,0,0,1
68.23301246,1,7,21.0,0,1,1
24.94016576,0,1,22.000001337,0,1,1
4.447543,1,4,20.0,0,0,1
0.0036,1,2,1.148059449,0,0,1
5.0,0,7,91.0,0,0,1
51.0737098369785,1,2,22.000001337,0,1,1
3.939,0,6,20.40801424,0,0,1
2.140728423814238,1,5,0.233479113,0,1,1
0.91104557,1,1,1.04881798,0,0,1
0.00485014,0,6,1.123530282,0,0,1
2.1863037,0,1,0.257021202,0,0,1
9.98892246,0,2,22.000001337,0,0,1
10.06997028493036,1,2,0.243338951,0,1,1
0.335,0,5,47.15,0,1,1
3.495,1,3,20.0,0,1,1
2.298694,1,4,30.0,0,0,1
1.096650453682529,1,4,0.321845711,0,0,1
121.52390758,1,1,22.000001337,0,0,1
0.03611487,1,1,20.815012353,0,0,1
0.91483377,1,2,1.115959298,0,0,1
13.311439068138982,0,1,0.337946833,0,0,1
4.166633833080804,0,7,0.384681819,0,1,1
0.00235,0,3,1.111453018,0,0,1
72.150409,1,3,22.000001337,0,0,1
0.0146041,0,5,1.041200818,0,0,1
0.5278167484735143,1,6,0.418083789,0,0,1
0.42277835,1,5,20.0,0,0,1
20.70447103,0,4,22.000001337,0,0,1
248.99892246,1,7,21.0,0,0,1
133.77126326218905,1,7,22.073836554,0,1,1
11.28392246,1,1,22.127224645,0,0,1
92.7799343217254,1,1,0.339479526,0,0,1
2.12981768,0,3,21.0,0,1,1
7.765,1,6,20.0,0,1,1
0.01143898,1,7,1.140492654,0,1,1
30.025,1,5,30.5,0,1,1
27.14869039921655,1,5,0.267165316,0,1,1
52.00392246,0,1,22.000001337,0,1,1
300.0,0,4,21.0,0,0,1
0.0022719,0,1,1.230412619,0,0,1
110.036159,0,4,21.0,0,0,1
0.499839441370903,1,1,0.242391936,0,0,1
0.9899589,0,0,1.089356939,0,0,1
22.9818425,1,7,22.127224645,0,0,1
20.95067051958118,1,7,0.246847028,0,0,1
0.4906408407800279,1,5,0.299798668,0,0,1
0.112408,1,5,20.0,0,0,1
29.998559,0,1,22.000001337,0,0,1
0.81277837,1,4,20.0,0,0,1
0.6114614319564556,0,5,0.239162921,0,0,1
0.7880806576268811,1,4,0.387551877,0,1,1
4.30434994,1,2,0.244287527,0,0,1
0.005,0,3,21.0,0,1,1
11.28392246,1,6,22.127224645,0,1,1
13.875182165537844,1,2,0.252092747,0,1,1
9.2490897,1,7,22.528622017,0,0,1
4.395,0,6,30.0,0,0,1
0.6493686396793225,0,7,0.242126516,0,0,1
22.995,1,4,30.0,0,0,1
0.663466404265006,1,1,0.241283866,0,0,1
507.50457347182527,1,0,0.501376731,0,0,1
0.5100281,1,4,1.111271865,0,0,1
2.047318852988565,1,3,0.485210834,0,0,1
0.760408,1,0,20.0,0,1,1
0.00185,1,7,1.185485128,0,0,1
0.01,1,7,20.0,0,1,1
0.9287470192213202,1,2,0.36210711,0,0,1
8.399980997859318,1,5,0.341590268,0,0,1
0.01,1,3,21.0,0,0,1
0.8123949722449061,0,3,0.262824488,0,0,1
9.83016122,1,4,22.000001337,0,0,1
5.01965,0,3,1.165292486,0,0,1
43.99392246,1,6,21.0,0,0,1
12.694,1,1,21.0,0,0,1
0.5043945003323691,1,5,0.339781229,0,0,1
29.999933405787992,1,7,0.330598925,0,0,1
0.01,1,6,20.0,0,1,1
68.51939778437159,0,0,0.337906168,0,0,1
0.00337181,0,0,1.211444054,0,0,1
299.98489658,1,5,22.000001337,0,0,1
7.72205443,1,7,22.000001337,0,0,1
0.6008160329416904,0,6,0.429864307,0,0,1
80.21813033,1,7,1.156527214,0,0,1
52.70738447319886,1,1,0.293232506,0,0,1
12.12437285133905,0,4,22.127224645,0,0,1
5.99985,1,5,1.05803751,0,0,1
0.005,1,4,22.0,0,1,1
5.073656478100096,1,6,0.240108052,0,1,1
3.73460373821874,1,1,0.333801551,0,0,1
24.109635259679493,1,3,0.24507077,0,1,1
49.99992432281876,0,3,0.337946833,0,0,1
1.1357588620655847,1,7,0.387551877,0,0,1
0.5610206230323452,0,1,0.322326307,0,0,1
35.99495246,0,2,21.0,0,0,1
7.147911345217849,0,0,0.458624863,0,0,1
43.9997431146659,1,1,0.256020979,0,0,1
0.095,1,7,20.0,0,0,1
4.5893,1,6,20.0,0,1,1
3.433994490463667,1,2,0.337906168,0,0,1
9.99392246,0,5,22.000001337,0,1,1
20.899356212860845,1,4,22.000001337,0,0,1
0.01,0,7,5.0,0,1,1
1000.0,1,2,21.0,0,1,1
300.0,1,7,21.0,0,0,1
0.45090965,1,2,1.202089291,0,0,1
0.202408,0,5,30.0,0,0,1
8.51790754,1,3,22.000001337,0,0,1
0.0038,1,5,1.144539373,0,0,1
0.01,0,2,20.0,0,0,1
234.32711228,1,6,21.0,0,0,1
19.99998814405853,1,5,0.299798668,0,0,1
14.12300766,1,2,22.127224645,0,0,1
0.04185,1,7,1.183192944,0,0,1
0.0913,1,5,20.0,0,0,1
20.59329976,1,3,20.0,0,0,1
151.09092246,1,1,22.073836554,0,0,1
3.445636256284146,1,7,0.25848678,0,0,1
0.02724502,1,6,1.03886361,0,0,1
7000.0,1,5,26.03453828,0,0,1
7.08392246,1,6,22.000001337,0,0,1
2.019994962858268,1,4,0.234610586,0,0,1
0.005,1,1,30.0,0,1,1
0.001881,1,1,1.135976404,0,0,1
13.31392246,1,0,21.0,0,0,1
5.418877,0,0,30.5,0,0,1
0.005,0,5,20.0,0,0,1
10.01535046,1,6,22.127224645,0,0,1
22.73205,1,1,1.114357186,0,0,1
0.01,1,4,20.0,0,0,1
20.657435200181425,0,0,0.249454777,0,0,1
0.81174415,1,3,20.0,0,0,1
36.8399638810731,1,6,0.243434082,0,0,1
6.090694611688121,1,6,0.254139651,0,1,1
24.47905,1,7,1.058985734,0,0,1
4.8891,1,2,20.0,0,1,1
22.126937589461846,0,7,0.321828952,0,0,1
9.28059424,0,6,22.000001337,0,0,1
37.995,1,2,120.0,0,0,1
0.18016469,1,2,1.290345017,0,0,1
0.26436703,1,0,20.0,0,0,1
9.64709543,1,7,22.000001337,0,1,1
0.0013,1,1,20.0,0,0,1
0.00278945,1,2,1.190184754,0,1,1
0.0395,0,3,20.0,0,0,1
0.36491912,0,1,1.222650617,0,0,1
14.98792246,1,6,21.0,0,0,1
53.66766402007625,1,5,0.4032001,0,0,1
0.001,1,1,21.833967631,0,0,1
0.005,1,1,21.0,0,0,1
0.5927550200737287,1,0,0.299798668,0,1,1
0.8751615915154499,1,7,0.267165316,0,0,1
0.05758183,1,3,1.056377793,0,0,1
1.505493853080804,0,5,0.400269609,0,0,1
5.851471199891993,1,1,0.288734486,0,1,1
1.20700082,1,1,21.0,0,0,1
0.5137117303432959,1,4,0.244157391,0,0,1
16.12196700422362,0,1,0.288183858,0,0,1
2.62295355,1,4,1.287110746,0,0,1
0.499991990145602,1,7,0.322326307,0,1,1
7.20973384,1,2,22.000001337,0,0,1
0.2761826,1,4,20.0,0,0,1
0.05201881,0,7,1.271686851,0,1,1
0.00583454,1,7,1.071170151,0,0,1
21.62236246,0,0,22.000001337,0,0,1
16.89392246,1,0,22.000001337,0,0,1
0.01,1,7,21.0,0,1,1
14.999985685155584,1,7,0.372385933,0,1,1
0.04427869,1,2,1.158738505,0,0,1
8.53649294,1,4,22.528622017,0,0,1
2.202383100505639,1,4,0.303189435,0,0,1
0.495,1,5,20.0,0,0,1
0.5988,0,6,20.0,0,0,1
61.16061546,0,2,21.0,0,0,1
0.5138644477534885,1,7,0.240246068,0,0,1
179.9995190864121,1,0,0.393999948,0,1,1
16.89392246,0,0,22.000001337,0,0,1
0.00185,1,7,1.10337677,0,1,1
0.518771997137197,0,1,0.399923023,0,0,1
14.339484067319288,1,7,21.0,0,0,1
82.00548826,0,2,21.0,0,0,1
11.94562475,1,2,50.0,0,1,1
9.99392246,1,0,22.000001337,0,0,1
0.005,1,7,25.0,0,0,1
49.99995989651973,1,2,0.337906168,0,1,1
36.855,0,1,20.0,0,0,1
5.09493547,0,3,22.416545867,0,0,1
9.99392246,1,1,22.000001337,0,0,1
2.80562784,1,6,22.667583079,0,0,1
0.05,1,0,23.369866721,0,0,1
0.499970209525125,1,3,0.3193392,0,0,1
107.97458,1,3,21.0,0,0,1
0.58511458,0,0,1.191698898,0,1,1
1e-05,0,0,9.339381797,0,0,1
0.04585,1,4,1.111814411,0,0,1
7.148697001247117,1,3,22.000001337,0,0,1
0.984,1,1,20.887260762,0,0,1
12.235,1,1,21.0,0,0,1
0.005,1,6,21.596799909,0,1,1
0.53999303268321,1,5,0.240937201,0,0,1
4.219,1,4,20.0,0,1,1
8.134060473198604,1,6,0.307077589,0,0,1
186.31885,0,0,1.198834573,0,0,1
8.02904488,1,5,22.000001337,0,0,1
0.005,1,6,30.5,0,0,1
24.995,1,1,4.0,0,0,1
7.37362536,0,4,22.000001337,0,0,1
0.9997303446502732,1,6,0.247292168,0,0,1
27.045438921,1,4,22.000001337,0,0,1
19.96594946,1,1,21.0,0,0,1
0.4916654181190286,1,5,0.427844078,0,0,1
0.01489722,1,6,1.281360337,0,1,1
9.30794916,0,0,22.000001337,0,0,1
6.497925546424631,1,4,0.418083789,0,0,1
1.899714957730908,1,4,0.257021202,0,0,1
13.1273493,1,2,21.0,0,0,1
0.005,0,0,20.873010101,0,0,1
22.9238,0,0,20.272024492,0,0,1
4.999950148978994,0,6,0.377078153,0,0,1
0.00235,1,6,1.101907403,0,1,1
3.035,0,3,21.0,0,0,1
11.1978958,1,7,22.127224645,0,1,1
9.42936432,1,7,22.000001337,0,0,1
0.00245,1,5,1.125835974,0,0,1
5.0,0,4,91.0,0,0,1
0.00985,1,7,1.109427103,0,1,1
1.18417972,1,4,22.0,0,0,1
71.97665486,1,7,21.0,0,0,1
11.923869292860845,1,7,22.000001337,0,0,1
10.24392246,1,1,20.159005428,0,0,1
0.01985,1,5,1.045615954,0,0,1
1.3319351453109245,0,5,0.245976873,0,0,1
7.53392246,1,6,22.000001337,0,0,1
7.27447268,1,2,22.000001337,0,0,1
0.03143621,1,6,1.046681808,0,1,1
9.1830867,1,3,22.000001337,0,0,1
0.81174415,0,3,20.0,0,1,1
0.00805878,1,1,1.131059956,0,0,1
0.5031681675074541,1,2,0.43476765,0,1,1
0.00405916,1,7,1.041412399,0,0,1
0.04537103,0,5,20.0,0,0,1
0.41796353,1,5,21.0,0,0,1
7.50392246,0,7,22.000001337,0,0,1
0.12167054,1,2,20.0,0,0,1
0.8030535173997104,1,5,0.242126516,0,1,1
5.251510839496272,1,2,0.239162921,0,0,1
44.99999372434507,1,6,0.32051508,0,1,1
3300.0000022272147,1,3,0.242524804,0,0,1
0.500995133602023,1,6,0.591631254,0,0,1
0.5055438,0,5,1.107687314,0,1,1
2.679,0,6,20.0,0,0,1
6.499994884740263,0,7,0.48507515,0,0,1
0.02977773,1,6,1.108734859,0,0,1
4.995,0,2,21.0,0,0,1
24.99454646720191,0,4,22.000001337,0,1,1
0.5530901711281838,1,3,0.254626787,0,1,1
0.01,1,0,20.0,0,0,1
0.789790382588819,0,4,0.298840711,0,0,1
15.7235455,1,3,21.833967631,0,0,1
29.42207037,1,3,22.000001337,0,0,1
0.0176322,0,0,1.183471784,0,0,1
0.47135466,1,4,1.362251741,0,1,1
110.22954532700346,1,4,0.4032001,0,0,1
7.29054318,1,0,20.272024492,0,0,1
300.0,1,5,21.0,0,0,1
0.526900913227204,0,1,0.249216844,0,1,1
399.78985,1,1,1.10437308,0,0,1
0.05064435,1,3,1.117169023,0,0,1
13.96800226,0,3,22.000001337,0,0,1
0.6919194532289551,1,7,0.254139651,0,0,1
0.506,0,0,0.321927375,0,0,1
0.005,1,2,24.568222891,0,0,1
1.611,1,5,22.0,0,0,1
1.99785,1,1,1.04079035,0,0,1
0.8030535173997104,1,7,0.242126516,0,0,1
0.005,0,5,22.000001337,0,0,1
0.817975579327216,0,7,0.337906168,0,0,1
0.24985,0,7,1.267187531,0,0,1
11.99955899,1,0,22.000001337,0,0,1
0.01,0,3,5.0,0,0,1
0.995,1,5,21.0,0,0,1
0.789789485972651,0,0,0.322326307,0,0,1
0.698511911380603,1,3,0.250309999,0,0,1
0.00324856,0,5,1.03714366,0,0,1
0.00444087,1,6,1.199736337,0,1,1
29.99392246,1,3,22.000001337,0,0,1
0.05415,0,6,1.127525907,0,0,1
0.005,1,5,30.0,0,1,1
11.803,1,0,21.0,0,0,1
1.0,0,2,21.0,0,0,1
13.84450972,1,7,50.0,0,0,1
0.5532208146756044,1,0,0.303189435,0,0,1
0.596469972476457,1,0,0.249454777,0,0,1
1.289986503377826,1,2,0.43476765,0,0,1
0.9845880952141096,1,7,0.411746065,0,0,1
0.9375942273098516,0,5,0.245976873,0,1,1
44.99999372434507,0,1,0.32051508,0,0,1
2.586,1,3,0.327717943,0,0,1
0.98864951,1,7,0.244694791,0,1,1
9.58648,1,1,22.000001337,0,0,1
16.1884,0,4,20.0,0,1,1
1.742,1,3,20.0,0,0,1
0.02994818,1,6,1.128315435,0,0,1
6.9850037,0,6,20.0,0,0,1
17.26662706,0,6,22.127224645,0,0,1
0.00564449,1,0,1.04046499,0,0,1
39.99392246,1,3,22.000001337,0,0,1
22.7934743,1,5,22.000001337,0,0,1
8.68879,1,3,20.0,0,0,1
0.986,1,5,0.243442682,0,1,1
1.0,1,5,10.0,0,1,1
0.01985,1,2,1.154893843,0,0,1
0.017454,1,0,1.12560943,0,1,1
209.46777006997192,1,7,22.000001337,0,0,1
1.4043234859514917,1,6,0.312354437,0,0,1
0.01,0,7,20.0,0,0,1
58.03055574,1,2,1.108795674,0,0,1
3.9998950758559007,0,2,0.252285406,0,0,1
0.03265983,1,2,1.045485692,0,1,1
21.99981295221077,1,0,0.399923023,0,0,1
0.5339939760676555,0,1,0.267165316,0,0,1
0.28785,1,2,1.166761082,0,0,1
174.96095203133905,1,7,21.0,0,0,1
7.74392246,1,1,22.000001337,0,0,1
5.538250261052675,1,4,0.245972001,0,1,1
0.2100003,1,4,1.052786862,0,0,1
0.2100003,1,2,1.052786862,0,0,1
1.87790322,1,7,1.140811538,0,1,1
500.0,1,0,21.0,0,0,1
4.075,1,6,21.0,0,0,1
500.0,1,5,20.0,0,1,1
0.761884108089482,1,2,0.517813986,0,0,1
1.28985,1,6,1.101093975,0,0,1
199.999559,1,3,22.000001337,0,1,1
0.02485,1,7,1.163508954,0,1,1
0.2913,1,0,23.697264639,0,0,1
0.00185,1,0,1.063658261,0,0,1
0.00185,1,4,1.230408239,0,1,1
0.7677932875834642,1,7,0.255747922,0,0,1
9.65724384,0,0,22.000001337,0,0,1
29.99988762954745,0,6,0.24507077,0,0,1
204.9998817130436,1,7,0.485210834,0,0,1
0.02321,1,3,1.283543831,0,1,1
0.00185,1,6,1.044657997,0,0,1
0.147,0,6,21.0,0,0,1
0.8063246777168145,0,1,0.267165316,0,0,1
24.99985,1,6,1.045446993,0,1,1
9.60374901,1,5,22.000001337,0,0,1
18.664,1,0,21.0,0,0,1
1e-05,0,4,9.339381797,0,1,1
7.89211736,0,5,22.000001337,0,0,1
0.00982,1,6,1.04814989,0,0,1
23.99392246,1,6,22.000001337,0,0,1
0.005,1,3,30.0,0,1,1
9.99885,1,2,1.27192864,0,0,1
10.798594390528365,0,1,0.247292168,0,0,1
99.99999481039728,1,0,0.245098184,0,0,1
1.37641445,1,5,1.188167742,0,0,1
0.52874697,1,7,20.0,0,0,1
17.49221972,1,0,22.000001337,0,0,1
9.89392246,0,5,22.000001337,0,0,1
0.999520737104905,1,4,0.458624863,0,0,1
4.13781319,0,1,21.0,0,0,1
0.4942547811220414,1,1,0.25848678,0,0,1
39.99192246,1,2,22.000001337,0,0,1
9.9998875182554,1,5,0.242766032,0,0,1
5.31979354,1,2,21.0,0,0,1
0.505,1,6,30.0,0,1,1
0.89907899,1,2,20.0,0,0,1
12.99392246,1,0,22.127224645,0,0,1
500.0,1,0,21.0,0,0,1
0.0405,1,3,20.0,0,0,1
0.0913,1,3,21.661292598,0,0,1
3.579288047223276,0,5,0.36210711,0,1,1
11.31692246,0,3,22.127224645,0,1,1
0.5220283583984004,1,1,0.321845711,0,1,1
50.7833,0,1,20.0,0,1,1
49.99992432281876,0,4,0.337946833,0,0,1
7.23205335,0,2,22.000001337,0,0,1
11.09908897,1,5,20.887260762,0,1,1
0.00228501,1,7,1.03837591,0,0,1
11.5026366099999,1,2,22.000001337,0,0,1
14.49912859,0,4,0.43476765,0,0,1
5.936389259362617,0,6,0.373931154,0,0,1
0.03665,1,1,1.130461026,0,1,1
9.71292246,1,4,22.000001337,0,0,1
0.5969935005969662,0,2,0.346401616,0,1,1
1.028620134,0,5,0.363883524,0,0,1
26.52792246,1,5,22.000001337,0,1,1
159.99392246,1,1,21.0,0,0,1
0.00370681,1,1,1.084900221,0,1,1
9.9814056,1,0,22.000001337,0,0,1
7.399994711685038,1,0,0.254626787,0,0,1
0.718173754626134,0,0,0.304430225,0,1,1
2.13,0,5,21.0,0,0,1
9.99392246,1,7,22.000001337,0,0,1
28.99392246,1,3,22.000001337,0,1,1
3.598656920750184,1,7,0.303189435,0,0,1
0.699989396064973,1,5,0.308905138,0,1,1
0.06067715,1,6,1.237721638,0,0,1
20.86669252898078,1,5,0.517813986,0,1,1
1.82216866,1,1,21.0,0,0,1
29.99392246,1,4,21.0,0,0,1
1.0995561782767445,1,4,0.32510221,0,1,1
53.551,0,5,21.981996749,0,0,1
58.999994955629866,1,6,0.245098184,0,0,1
49.99392246,1,0,21.0,0,0,1
0.01,0,5,21.0,0,0,1
1.999992435812684,1,6,0.298044523,0,0,1
0.07434672,1,0,1.17374205,0,1,1
0.005,1,3,24.568222891,0,0,1
3.0211257,1,7,1.111910728,0,0,1
0.6459,1,0,21.0,0,0,1
3.45437501,1,1,20.0,0,1,1
2.073090059939664,1,6,0.359952214,0,0,1
0.25129664,1,1,20.340146304,0,0,1
60.254910160520616,1,5,0.241005248,0,0,1
27.58064355137063,1,7,0.294267018,0,0,1
8.19392246,1,3,22.000001337,0,0,1
0.676,1,3,0.321828952,0,0,1
9.99392246,0,3,22.000001337,0,0,1
14.98392246,1,2,22.127224645,0,0,1
0.54968,1,3,0.501376731,0,1,1
0.616357460532294,1,4,0.517813986,0,0,1
0.15114156,1,7,1.220562431,0,0,1
13.994356212860843,0,7,25.076374645,0,0,1
8.99392246,1,6,22.000001337,0,0,1
52.00392246,1,0,22.000001337,0,0,1
0.2112384,0,2,1.261963916,0,0,1
13.908073,0,6,20.0,0,0,1
0.002408,1,4,20.0,0,0,1
0.5163032493758435,1,2,0.243057875,0,0,1
4.014,1,2,21.0,0,0,1
0.01,1,0,20.0,0,0,1
2.994,1,2,21.0,0,0,1
12.099993695632778,1,3,0.43476765,0,0,1
0.145,0,3,30.0,0,0,1
0.518771997137197,1,4,0.399923023,0,0,1
9.84015287,1,2,30.0,0,0,1
26.137,1,1,21.0,0,0,1
5.2860037,1,7,20.0,0,0,1
0.25148763,1,3,21.0,0,0,1
0.7781709,0,2,1.159008226,0,1,1
555.00892246,1,5,22.073836554,0,0,1
5.995,1,4,20.0,0,0,1
0.16325708,1,4,1.163928927,0,0,1
2.5895551110158865,1,1,0.348392543,0,0,1
1.125917086430162,1,5,0.259855462,0,1,1
0.00855,0,1,1.128536807,0,0,1
500.0,1,6,22.917630378,0,0,1
17.269393442142512,1,3,0.251043358,0,0,1
24.99985,0,3,1.177442044,0,0,1
0.6301640997550759,1,3,0.48507515,0,1,1
0.005,0,3,21.596799909,0,0,1
9.18058733,1,5,22.000001337,0,0,1
1.399974974169464,1,3,0.387551877,0,0,1
2.104010096938627,0,1,0.257021202,0,0,1
31.18600001,1,4,0.363883524,0,0,1
0.02950052,1,2,1.039793158,0,0,1
0.5270645667184213,1,0,0.316702001,0,0,1
4.68922876,1,6,20.012773603,0,0,1
8.134060473198604,1,2,0.307077589,0,0,1
3.350542649870861,1,4,0.329899238,0,0,1
60.409880546787065,0,1,0.43476765,0,0,1
0.01,1,2,21.0,0,0,1
0.00338121,1,3,1.095737674,0,0,1
8.99392246,1,1,22.000001337,0,0,1
1.982653,1,7,0.243338951,0,0,1
0.0030515,1,2,1.110805676,0,0,1
5.7912,1,4,21.0,0,0,1
0.00485,1,4,1.088734486,0,0,1
2.723992805406332,1,3,0.399923023,0,0,1
10.46259946,1,4,100.1,0,1,1
4.385,1,4,30.0,0,0,1
0.9995684264006982,1,0,0.322326307,0,0,1
3.88918230177762,0,5,0.321845711,0,0,1
0.14306,0,0,1.123631973,0,0,1
2.547579372182798,1,3,0.375020151,0,1,1
43.59092246,0,2,21.0,0,0,1
25.28958,0,3,22.000001337,0,0,1
1.144,1,0,20.0,0,0,1
0.16500082,0,5,20.0,0,0,1
0.5313,1,3,21.486870188,0,1,1
9.36152593,1,0,25.0,0,0,1
300.0,1,0,21.0,0,0,1
0.005,1,4,21.0,0,0,1
0.01018584,1,5,1.230590163,0,0,1
30.025,0,4,30.5,0,0,1
0.02618866,1,5,1.154524387,0,0,1
22.40455646,1,6,22.000001337,0,0,1
0.09023763,1,6,1.158191186,0,1,1
23.04732246,1,7,22.000001337,0,0,1
0.01479156,0,7,1.131286094,0,1,1
34.485,0,6,20.012773603,0,0,1
28.809559,1,3,22.000001337,0,0,1
5.9931,1,4,21.0,0,0,1
3.76046856,1,4,1.040751675,0,1,1
26.75392246,1,1,22.000001337,0,0,1
5.2023,0,5,20.0,0,0,1
9.99392246,0,4,22.000001337,0,1,1
0.499992460827254,1,4,0.37890924,0,1,1
121.52390758,1,6,22.000001337,0,0,1
0.01702595,1,5,1.047556819,0,0,1
2.177077196268934,1,7,0.247292168,0,0,1
0.0284962,1,7,1.042927467,0,1,1
14.999985685155584,1,6,0.372385933,0,0,1
49.99992432281876,1,2,0.337946833,0,0,1
0.03611487,0,1,20.815012353,0,0,1
10.20396036,1,2,22.000001337,0,0,1
10.57249246,1,5,50.0,0,0,1
15.34393317,1,6,22.000001337,0,0,1
1.1072,1,7,4.0,0,0,1
69.21408318,1,5,22.127224645,0,0,1
8.99848,1,5,22.000001337,0,0,1
0.6230229077245986,0,7,0.233479113,0,0,1
3.59649059006962,1,5,0.244287527,0,0,1
3.0,1,1,37.585215805,0,0,1
5.092204,0,4,20.0,0,0,1
0.10536501,1,2,1.050983773,0,1,1
0.007842,1,5,1.150137705,0,0,1
102.624923207541,1,5,0.373931154,0,0,1
0.00985,1,2,1.110560886,0,0,1
29.36842928,0,2,22.000001337,0,0,1
3.299993521384564,0,0,0.250309999,0,1,1
0.711359189630553,1,2,0.277848319,0,0,1
0.0257783,1,6,1.222403115,0,1,1
5.2998,1,5,21.0,0,0,1
0.81534495,0,7,21.0,0,0,1
0.07488963,1,7,1.116206701,0,0,1
0.02321,0,6,1.283543831,0,0,1
1.0001713485362296,1,1,0.294267018,0,0,1
392.3872930437226,1,2,20.0,0,0,1
500.0,1,0,21.0,0,0,1
24.70150547,1,0,22.127224645,0,0,1
1.894705319967181,0,1,0.239394101,0,1,1
1.396641632581938,1,2,0.321828952,0,0,1
299.99892246,1,0,22.073836554,0,0,1
3.5400320508019067,1,6,0.293232506,0,0,1
20.2874279,1,4,22.000001337,0,0,1
0.09985,1,5,1.212721359,0,1,1
0.00185,1,5,1.174753594,0,0,1
0.00185,1,7,1.138305685,0,0,1
7.37362536,1,1,22.000001337,0,0,1
0.99502962,0,2,20.272024492,0,0,1
0.696,1,2,0.32510221,0,0,1
0.22985,0,4,1.130598925,0,0,1
30.07879508197448,0,4,0.517813986,0,0,1
33.96344858,1,6,22.000001337,0,0,1
33.99823488404762,1,4,22.000001337,0,1,1
9.995,0,1,20.0,0,0,1
22.19872627,1,4,20.0,0,0,1
0.49206872,1,7,1.044102541,0,0,1
3.76046856,1,4,1.040751675,0,0,1
0.5000833027829227,1,4,0.4032001,0,0,1
1.291,1,1,21.0,0,0,1
39.76879485007823,0,0,0.244287527,0,0,1
21.00146488440467,1,1,0.243154668,0,0,1
2.59985,0,0,1.165546135,0,0,1
0.509994242546929,1,3,0.251043358,0,1,1
0.086,1,7,21.0,0,1,1
7.3198214,1,3,22.000001337,0,0,1
7.00392246,1,5,22.000001337,0,0,1
17.126757607738362,1,6,0.245098184,0,1,1
13.28104377,1,6,22.127224645,0,0,1
0.005,1,5,21.596799909,0,0,1
0.642161290064176,1,6,0.252092747,0,0,1
14.999923873784622,1,2,0.43362083,0,0,1
0.01907977,1,3,21.954492566,0,0,1
9.081559,1,3,22.000001337,0,0,1
1.87790322,1,6,1.140811538,0,0,1
26.06145961,1,3,21.0,0,1,1
42.33253718,1,7,22.000001337,0,0,1
0.01,1,1,20.0,0,0,1
0.01,1,1,20.0,0,0,1
7.399973241240069,1,5,0.344539373,0,0,1
0.002408,1,6,20.815012353,0,1,1
20.70447103,1,5,22.000001337,0,0,1
1.167414347952949,1,2,0.43362083,0,0,1
19.99392246,0,0,21.0,0,0,1
5.835162491281936,0,2,0.294267018,0,0,1
0.985594905119701,1,3,0.240604201,0,0,1
2.399985598974097,1,3,0.262824488,0,0,1
0.01329914,1,7,1.037420385,0,0,1
5.012592923681723,0,6,0.262824488,0,1,1
0.5220283583984004,1,6,0.321845711,0,0,1
0.00331153,1,0,1.095809195,0,0,1
12.694,1,1,21.0,0,0,1
20.34629,1,3,20.40801424,0,0,1
0.24985,1,4,1.267187531,0,1,1
8.19392246,1,5,22.000001337,0,0,1
9.99392246,1,2,22.000001337,0,0,1
0.004255,1,0,1.040681623,0,0,1
0.06057173,0,2,1.054693889,0,0,1
0.02321,0,6,1.283543831,0,0,1
0.552426154227972,1,7,0.321927375,0,0,1
10.19274966,1,7,21.0,0,0,1
7.80576918,1,4,22.000001337,0,0,1
0.57262,0,0,0.321845711,0,0,1
0.0330168,0,7,1.170121473,0,1,1
37.995,1,1,120.0,0,0,1
9.05052246,0,2,22.000001337,0,0,1
9.36152593,1,7,25.0,0,0,1
5.345,1,4,20.012773603,0,0,1
400.0,1,1,22.073836554,0,0,1
2.542378674099978,1,4,0.244287527,0,0,1
0.00545,1,0,1.116205827,0,1,1
0.1,1,2,10.0,0,0,1
49.999697951426704,0,7,0.252092747,0,1,1
0.00305508,1,2,1.044036836,0,0,1
2.204,0,7,22.667583079,0,0,1
0.999994872704218,0,4,0.294452624,0,1,1
0.1230267,1,5,1.04639751,0,0,1
1.338818658297368,0,5,0.237429533,0,0,1
5.083213,1,4,20.0,0,0,1
8.97835791,1,0,22.000001337,0,0,1
8.51790754,1,7,22.000001337,0,0,1
0.6971920327928192,1,3,0.321927375,0,0,1
13.98392246,0,5,22.127224645,0,0,1
6.21587848,1,4,20.0,0,0,1
0.6412529962541137,1,5,0.309081792,0,0,1
0.0036095,1,2,1.074514921,0,0,1
9.436794470047278,1,6,0.242391936,0,0,1
99.99892246,0,1,22.073836554,0,0,1
9.46342246,1,5,22.000001337,0,0,1
99.99392246,0,4,22.000001337,0,0,1
18.69392246,1,4,50.0,0,0,1
16.288,0,0,21.431542316,0,0,1
0.52772251,1,3,1.362115208,0,0,1
0.549992662944138,1,0,0.243442682,0,0,1
1.245,1,4,21.0,0,0,1
0.30756655,1,5,1.038318707,0,0,1
0.789787967891156,0,4,0.341035159,0,0,1
12.42092246,1,6,21.0,0,0,1
0.195,1,2,41.0,0,0,1
0.005,0,2,21.596799909,0,0,1
0.950275136507971,1,3,0.260790342,0,0,1
0.4087461,1,1,1.369853573,0,0,1
26.196433241592008,0,6,0.373931154,0,0,1
3.397,1,6,20.272024492,0,1,1
57.6562769732174,0,3,0.327837489,0,0,1
20.23085174,1,6,21.0,0,0,1
8.74480593,0,0,22.000001337,0,1,1
24.99999472790117,1,1,0.262824488,0,0,1
0.005,1,2,21.0,0,0,1
7.97281406,1,3,22.000001337,0,0,1
0.8339014131056368,0,1,0.243442682,0,0,1
0.7673,1,4,0.308912007,0,0,1
9.00392246,0,6,22.000001337,0,0,1
8.53649294,1,3,22.528622017,0,0,1
1.999994957730908,1,3,0.25680762,0,0,1
2.495,0,0,21.0,0,0,1
9.89392246,1,2,22.000001337,0,0,1
7.44392246,1,6,22.000001337,0,0,1
0.552096373727938,0,6,0.344539373,0,1,1
7.9294739,1,0,22.000001337,0,0,1
0.70358601,1,0,0.4032001,0,0,1
6.497925546424631,1,6,0.418083789,0,0,1
0.9999774449304408,1,1,0.321843841,0,0,1
0.17521002,1,4,1.318164402,0,0,1
0.01067277,1,6,1.033073701,0,0,1
8.3719035,1,6,22.000001337,0,0,1
70.82055,1,4,1.161662882,0,0,1
0.005,1,3,20.873010101,0,0,1
5.073656478100096,1,6,0.240108052,0,0,1
0.986,1,5,0.243442682,0,0,1
8.399980997859318,1,6,0.341590268,0,0,1
1.4043234859514917,1,4,0.312354437,0,1,1
0.51,0,7,0.339479526,0,0,1
27.045438921,1,6,22.000001337,0,1,1
8.99392246,1,0,22.000001337,0,0,1
0.795,1,2,20.0,0,0,1
20.95067051958118,1,6,0.246847028,0,0,1
7.89792246,0,0,22.000001337,0,0,1
5.33898406552792,0,5,0.250983773,0,0,1
0.005,0,2,20.873010101,0,0,1
16.99392246,1,1,21.0,0,0,1
0.09982491,1,4,1.056229264,0,0,1
1474.9999787617896,1,7,0.390272763,0,0,1
1.00062481,1,7,20.272024492,0,0,1
0.195,1,3,41.0,0,0,1
1.4043234859514917,1,0,0.312354437,0,1,1
0.51508844,1,7,1.290878726,0,0,1
0.01,0,7,21.0,0,0,1
22.7934743,1,4,22.000001337,0,0,1
0.9322814028660654,1,5,0.341590268,0,0,1
5.565433612287695,0,4,0.279903845,0,1,1
23.069899,0,0,1.176751964,0,0,1
0.45090965,1,1,1.202089291,0,0,1
0.95360309,1,1,20.272024492,0,0,1
7.98892246,1,7,22.000001337,0,0,1
0.999996653749048,1,0,0.308912007,0,0,1
0.00228437,1,4,1.035935412,0,0,1
0.1484013,1,2,1.053657891,0,0,1
0.9999803833847014,1,0,0.233479113,0,0,1
0.59433473,1,7,50.0,0,0,1
9.99749311,1,0,22.000001337,0,0,1
500.0,0,6,20.0,0,0,1
9.99392246,1,6,22.000001337,0,0,1
60.409880546787065,1,6,0.43476765,0,1,1
46.641100730566414,1,1,0.322260467,0,0,1
17.00149422,0,7,21.0,0,0,1
1.1148011325885214,1,4,0.24317897,0,0,1
1.18762054,0,3,1.169369111,0,0,1
9.28059424,1,5,22.000001337,0,0,1
12.99192246,1,2,22.127224645,0,0,1
2.00769446,1,2,1.248717784,0,0,1
9.999559,1,2,22.000001337,0,0,1
1.36259813,0,4,20.0,0,0,1
0.0955542,1,4,1.333277766,0,0,1
0.014636,1,1,1.103725526,0,0,1
0.00997864,1,1,1.199570673,0,0,1
1.30332602,1,7,1.253571012,0,0,1
62.01595,1,4,1.055671588,0,0,1
0.07780881,1,6,1.336791159,0,0,1
0.906689367109459,0,2,0.288734486,0,0,1
49.86322488988203,0,2,0.243057875,0,0,1
0.67352329949147,0,2,0.325620822,0,0,1
8.14638183,1,4,22.000001337,0,0,1
1.32317875,1,6,1.298225464,0,0,1
9.418567,1,4,20.0,0,0,1
0.00886267,1,2,1.112712835,0,0,1
0.29352993,1,7,20.0,0,0,1
9.94392246,1,4,22.000001337,0,0,1
0.59551952,1,3,0.299798668,0,0,1
49.1691978,1,0,20.0,0,0,1
0.0100398,0,4,1.310672058,0,0,1
0.697929399664393,1,4,0.29455668,0,0,1
0.08833909,1,7,22.667583079,0,0,1
0.26035,1,1,1.04307533,0,0,1
46.641100730566414,1,1,0.322260467,0,0,1
15.999559,0,7,21.0,0,0,1
2.00985,1,4,1.119048167,0,0,1
1.0562962988,0,0,0.36210711,0,0,1
5.702623358,0,0,0.327717943,0,0,1
0.41893599,1,3,44.092332086,0,0,1
0.09473973,1,4,1.048155292,0,0,1
0.49206872,1,1,1.044102541,0,0,1
13.04292246,1,2,22.127224645,0,0,1
0.00134,1,5,1.250741576,0,0,1
0.659994565700493,0,7,0.24161278,0,0,1
0.005,1,3,21.596799909,0,0,1
0.99677799,0,3,20.0,0,0,1
0.4958842102857348,1,2,0.245281989,0,0,1
55.47535739,0,1,22.000001337,0,1,1
23.80693516,1,0,22.000001337,0,0,1
5.0,1,6,91.0,0,0,1
0.08833909,1,0,22.667583079,0,0,1
1.999964710821596,1,6,0.254626787,0,0,1
1.99462963,0,1,20.0,0,0,1
0.12367513,1,5,1.052521477,0,1,1
0.00884983,1,7,1.12292898,0,0,1
0.01,1,5,21.0,0,0,1
0.005,1,5,23.444264145,0,1,1
1.3141,1,2,21.0,0,1,1
10.076274,1,4,1.042928778,0,1,1
39.09716932,1,5,1.147139557,0,0,1
62.20595285,1,3,22.000001337,0,0,1
26.99392246,1,0,22.000001337,0,0,1
0.7099888935289604,0,7,0.4032001,0,0,1
0.6692214188364648,1,1,0.241250031,0,0,1
7.93222246,1,7,22.000001337,0,0,1
0.943686448924532,1,7,0.322457127,0,0,1
2.99985,1,0,1.048213535,0,0,1
7.927718491596604,1,5,0.233479113,0,0,1
5.134967239589078,1,5,0.474345778,0,0,1
0.0031467,1,1,1.064887978,0,0,1
103.89391535,1,6,21.0,0,0,1
0.6199591988425134,1,0,0.252092747,0,0,1
0.01,0,1,20.0,0,0,1
3.9497,1,7,20.0,0,0,1
0.00203557,1,5,1.119681719,0,0,1
0.03014797,1,0,1.239094062,0,0,1
96.82999291975636,1,1,0.241401293,0,0,1
0.00185,0,2,1.041675253,0,0,1
0.05940909,1,0,1.035023429,0,0,1
1.36490222,1,1,0.341715468,0,1,1
2.166293,1,4,1.221574095,0,0,1
0.01579371,1,0,1.038763927,0,0,1
0.9997303446502732,0,2,0.247292168,0,0,1
1.125917086430162,1,2,0.259855462,0,0,1
0.402408,0,7,20.0,0,1,1
0.0412086,1,7,1.103279098,0,1,1
0.01985,0,6,1.056007973,0,0,1
5.092204,1,2,20.0,0,1,1
0.4929160105792847,1,4,0.233479113,0,0,1
12.99392246,0,4,22.127224645,0,0,1
0.83836817,1,6,0.341590268,0,0,1
0.03265983,1,5,1.045485692,0,0,1
43.9997431146659,0,7,0.256020979,0,1,1
4.958094111429063,1,4,0.239162921,0,0,1
3.65127,1,7,21.0,0,0,1
0.23905461,1,5,1.043648848,0,0,1
0.01086524,0,5,1.11368394,0,0,1
5.1146,0,5,24.670216374,0,0,1
0.00528397,1,2,1.312569409,0,1,1
0.0467788,1,4,1.038763927,0,0,1
0.005,1,2,21.0,0,0,1
4.602494954929739,1,5,0.339479526,0,0,1
22.995,0,2,21.0,0,0,1
29.19392246,1,6,21.0,0,0,1
0.095,1,4,21.0,0,0,1
0.00238736,1,5,1.1182702,0,0,1
0.04985,1,1,1.159491179,0,0,1
0.09473973,0,6,1.048155292,0,0,1
0.00452442,1,6,1.076287617,0,0,1
299.09892246,1,1,21.0,0,0,1
7.23205335,0,2,22.000001337,0,0,1
0.01,0,5,20.0,0,0,1
0.01387103,1,6,1.154524387,0,0,1
0.0030515,0,5,1.110805676,0,1,1
14.03972546,1,3,22.000001337,0,0,1
1.0,0,2,20.0,0,1,1
55.47535739,1,7,22.000001337,0,0,1
3.999882413710526,1,6,0.353262836,0,0,1
0.01244004,1,7,1.119103273,0,0,1
0.05021491,1,2,1.128467891,0,0,1
8.01992246,1,3,22.000001337,0,0,1
4.99985,1,1,1.108550323,0,0,1
0.22985,1,7,1.130598925,0,0,1
1.0998485917682108,1,6,0.393497223,0,0,1
0.040954,1,1,20.0,0,0,1
4.51184533,1,1,20.0,0,0,1
0.01893605,0,4,1.042339194,0,0,1
0.36968181,0,3,1.091671132,0,0,1
40.0,1,3,1.035533298,0,0,1
10.67780131,1,2,21.0,0,0,1
10.958131283117368,1,5,0.288183858,0,0,1
12.784994932021638,1,7,0.32510221,0,0,1
53.04257312,0,7,20.272024492,0,0,1
0.776788728414094,1,3,0.245976873,0,0,1
0.00362837,1,6,1.100854213,0,0,1
9.99392246,1,5,22.000001337,0,0,1
165.54880151,1,1,22.000001337,0,0,1
0.396,0,6,30.0,0,0,1
0.42214872,1,2,20.0,0,0,1
0.63675,1,5,1.037820166,0,1,1
28.20386847,1,5,24.670216374,0,0,1
6.64870309910655,0,7,0.339479526,0,0,1
0.6343751811247299,1,7,0.43476765,0,0,1
72.150409,0,6,22.000001337,0,0,1
97.90352926722504,0,4,0.267165316,0,0,1
11.28392246,1,3,22.127224645,0,0,1
9.52052246,0,3,22.000001337,0,0,1
0.00185,1,7,1.174753594,0,0,1
16.17892246,1,1,25.076374645,0,0,1
62.32973862862784,1,4,0.253661266,0,0,1
39.99985,1,5,1.346607349,0,0,1
55.33873519424943,1,0,0.307077589,0,1,1
1.999986005769176,1,5,0.242126516,0,0,1
1.0385536105421491,1,2,0.372385933,0,0,1
0.59246925,1,2,1.050884697,0,0,1
1.799988320563675,1,4,0.243338951,0,0,1
5.0,1,0,91.0,0,0,1
49.86322488988203,1,1,0.243057875,0,0,1
0.086,0,3,21.0,0,0,1
0.5501585298328,0,4,0.418083789,0,0,1
24.99392246,1,0,22.127224645,0,0,1
17.654494092810737,1,2,0.246711379,0,0,1
0.01,1,2,20.0,0,1,1
0.0534387,0,4,1.09894806,0,0,1
0.13322317,1,2,1.044664982,0,0,1
2.90681539,0,0,0.232520717,0,0,1
0.01325576,1,4,1.229411796,0,0,1
0.52034422,1,6,1.061326733,0,0,1
0.756250817082962,0,4,0.245976873,0,0,1
0.493410561966023,1,2,0.239863892,0,0,1
9.995,0,3,21.0,0,0,1
2.579,1,1,21.0,0,0,1
1.999992435812684,1,1,0.298044523,0,0,1
0.87858808,1,3,0.474345778,0,0,1
0.85988917714411,1,4,0.288734486,0,0,1
5.089230810791249,1,3,0.250951722,0,0,1
1.229992990167429,1,7,0.443922838,0,0,1
0.005,1,5,20.873010101,0,1,1
0.09588126,1,0,1.166332647,0,0,1
0.001,1,4,22.528622017,0,0,1
0.02532577,1,4,1.118123622,0,0,1
5.073911014951255,1,0,0.237429533,0,0,1
76.494559,1,3,22.000001337,0,0,1
8.06832246,0,6,22.000001337,0,1,1
0.00235,1,2,1.051219333,0,0,1
9.99392246,1,3,22.000001337,0,0,1
0.00485,0,1,1.088734486,0,0,1
0.01,1,0,20.42469852,0,0,1
18.57538146,1,2,21.0,0,1,1
1.04989,1,6,1.063518719,0,0,1
0.03815,1,7,1.15463077,0,0,1
0.05285,1,5,1.200415361,0,0,1
0.002408,0,6,21.0,0,0,1
0.563698,0,5,0.238076445,0,0,1
0.524608505179258,1,5,0.341035159,0,1,1
5.0,1,3,21.0,0,0,1
5.911,0,0,21.309262042,0,0,1
4.958094111429063,1,3,0.239162921,0,0,1
0.11347801,1,6,1.121539168,0,0,1
2.59985,1,4,1.165546135,0,0,1
12.0,1,6,12.871276791,0,0,1
19.849,1,0,24.670216374,0,0,1
0.495,1,1,20.0,0,0,1
0.0024512,1,2,1.176582193,0,1,1
21.48974239575069,1,2,0.399923023,0,0,1
0.002408,0,7,20.815012353,0,0,1
0.138,1,3,30.0,0,1,1
0.00244306,1,5,1.24849985,0,0,1
7.294537999971923,1,5,22.000001337,0,0,1
10.11377886,1,3,22.000001337,0,0,1
0.495,0,7,21.0,0,1,1
9.99392246,0,1,22.000001337,0,0,1
39.87392246,1,0,22.000001337,0,0,1
0.5187611907181118,1,5,0.304430225,0,0,1
0.5969935005969662,1,5,0.346401616,0,0,1
3.999882413710526,1,2,0.353262836,0,0,1
3.999993082633705,1,6,0.388031055,0,0,1
4.708,1,1,22.0,0,1,1
0.5272312388398428,1,2,0.327717943,0,0,1
0.005,1,1,24.568222891,0,0,1
0.005,1,1,21.596799909,0,0,1
0.03265983,1,5,1.045485692,0,0,1
0.1,1,5,20.0,0,0,1
45.50854239,1,5,22.000001337,0,0,1
0.01,1,6,21.0,0,1,1
6.050308299804327,1,0,0.239863892,0,0,1
39.99985,1,4,1.068059419,0,0,1
10.98392246,1,0,21.0,0,0,1
9.99958,0,7,22.000001337,0,0,1
0.5754129843704392,0,5,0.242126516,0,0,1
0.761884108089482,1,6,0.517813986,0,0,1
0.01,1,4,20.0,0,0,1
1.3319351453109245,0,3,0.245976873,0,1,1
2.39999416245717,1,5,0.245972001,0,0,1
13.74680246,1,6,21.0,0,0,1
0.01,1,1,5.0,0,0,1
0.002408,1,6,21.0,0,0,1
7.27425083284635,1,5,0.262824488,0,1,1
0.25408403,1,0,1.046939744,0,1,1
0.00285558,1,7,1.116989796,0,1,1
19.28772246,1,1,22.127224645,0,0,1
8.225680756042633,1,4,0.375136715,0,0,1
0.9152005,1,1,21.0,0,0,1
11.09945934,1,1,21.0,0,0,1
0.005,1,5,21.0,0,0,1
0.718173754626134,1,5,0.304430225,0,0,1
0.07898275,1,5,1.131600344,0,1,1
22.49544976,0,2,22.000001337,0,0,1
11.31406986,1,6,22.127224645,0,0,1
9.29128384,1,0,20.0,0,0,1
17.07761551,1,6,21.0,0,0,1
34.999559,0,2,21.0,0,1,1
1.195,0,4,20.0,0,0,1
0.789779242993541,0,7,0.4032001,0,0,1
20.69783,1,2,21.0,0,1,1
7.147258917399159,1,3,0.322457127,0,0,1
20.71992246,1,6,22.000001337,0,0,1
0.13352289,1,6,1.228010974,0,0,1
0.005,1,1,30.0,0,0,1
8.51790754,1,4,22.000001337,0,0,1
0.1980516,1,2,1.081188583,0,0,1
8.45392246,0,4,22.000001337,0,1,1
8.10433858,1,3,22.000001337,0,0,1
0.1010487,1,0,1.132078376,0,0,1
0.5421313457396583,1,7,0.591631254,0,0,1
0.5522643630136419,0,5,0.35576282,0,0,1
0.41165,0,3,1.047810227,0,0,1
49.1691978,1,0,20.0,0,0,1
8.474093755764704,0,0,0.25848678,0,0,1
15.19652696,0,3,22.008407867,0,0,1
43.079187460056055,0,5,0.236266787,0,0,1
5.2023,0,2,20.0,0,0,1
0.04985,1,5,1.148275181,0,0,1
2.547579372182798,0,3,0.375020151,0,0,1
0.04079595,1,0,23.369866721,0,0,1
35.08847,0,4,22.000001337,0,1,1
0.00963441,1,1,1.054450063,0,0,1
0.5053245254476463,0,0,0.450152997,0,0,1
9.00251098,0,1,22.000001337,0,0,1
2000.0,1,2,22.127224645,0,1,1
4.14235014,0,4,21.0,0,0,1
0.595007,1,7,1.12994039,0,0,1
11.09392246,1,1,22.000001337,0,0,1
0.9092197687246606,1,0,0.238286072,0,1,1
500.0,0,1,21.0,0,0,1
0.0088,1,2,1.252406553,0,1,1
10.09392246,1,1,25.076374645,0,0,1
0.02945,1,2,1.047396366,0,0,1
0.015,1,7,20.0,0,0,1
0.005,1,3,21.0,0,0,1
0.8104249944936728,0,5,0.322457127,0,0,1
0.918385637799301,1,5,0.337946833,0,0,1
25.12106206,0,1,22.000001337,0,0,1
2.28999496396291,1,1,0.474345778,0,0,1
1.0134,0,3,22.416545867,0,1,1
0.6199591988425134,1,3,0.252092747,0,0,1
28.76187641,1,0,22.000001337,0,1,1
0.00235,1,5,1.050081959,0,0,1
4.796881580875059,1,2,0.261326733,0,0,1
0.3227789,1,2,30.0,0,0,1
15.34393317,0,4,22.000001337,0,0,1
12.134848,1,7,23.697264639,0,0,1
4.804,1,6,20.0,0,0,1
0.16016038,1,7,1.105880504,0,0,1
3.090702098635042,0,3,0.243338951,0,0,1
0.01,1,0,20.0,0,0,1
21.892244466837425,1,1,0.254626787,0,0,1
1.179,1,2,21.0,0,0,1
7.82592246,1,2,22.000001337,0,1,1
5.999994665866839,1,1,0.308905138,0,1,1
8.19262246,1,1,22.000001337,0,0,1
0.53271569,1,1,1.048845549,0,0,1
1.007991974682231,1,5,0.377078153,0,0,1
0.05415,1,3,1.127525907,0,1,1
1000.0,1,0,23.216733376,0,0,1
9.64942246,0,4,22.000001337,0,0,1
10.00792246,1,6,22.127224645,0,0,1
0.00499227,1,3,1.206337197,0,0,1
9.99492246,1,2,22.000001337,0,0,1
0.739890743791429,1,2,0.339479526,0,0,1
1.1224909962417815,0,3,0.3193392,0,0,1
44.99985,1,2,1.082454404,0,0,1
107.13782246,1,7,22.073836554,0,0,1
49.1691978,1,7,20.0,0,0,1
1.0,1,2,10.0,0,0,1
0.1018479,0,7,1.106739521,0,1,1
9.98392246,1,6,22.000001337,0,0,1
0.01330965,1,0,1.146724213,0,1,1
0.01137479,0,3,1.044399806,0,0,1
4.26574647,0,5,20.0,0,0,1
2.019994962858268,1,3,0.234610586,0,1,1
500.0,1,3,21.0,0,1,1
3.09985,1,3,1.176365666,0,1,1
1.006327348998487,0,5,0.443922838,0,1,1
9.78580076,1,2,22.000001337,0,0,1
2.073090059939664,1,4,0.359952214,0,0,1
0.095,0,1,4.0,0,0,1
0.11985,1,7,1.215772015,0,0,1
3.937955313739488,1,0,0.244287527,0,0,1
24.99985,1,0,1.236913275,0,0,1
40.17782246,0,0,22.073836554,0,0,1
0.9995402250444224,1,2,0.24507077,0,0,1
0.947983907475988,1,4,0.298840711,0,0,1
11.46392246,1,7,22.000001337,0,0,1
36.34854702,0,3,21.0,0,1,1
11.863,0,1,20.0,0,0,1
29.48392246,1,2,21.0,0,0,1
548.9195148135232,1,1,0.250309999,0,0,1
0.0038,0,3,1.144539373,0,1,1
17.00627146,0,5,22.127224645,0,0,1
11.803,1,0,21.0,0,0,1
5.0,1,6,91.0,0,1,1
0.03973,0,1,1.131104166,0,0,1
1.2467,0,5,20.0,0,0,1
0.7909004793702723,1,6,0.321927375,0,1,1
3.949,1,6,20.0,0,0,1
19.999559,1,5,22.127224645,0,1,1
9.26092246,0,5,22.000001337,0,0,1
0.12,1,1,20.0,0,1,1
25.495,1,1,20.887260762,0,1,1
0.986,1,3,0.243442682,0,0,1
9.36882806,0,4,22.000001337,0,0,1
0.00185,0,4,1.030224692,0,0,1
1429.0,0,6,1.247166554,0,0,1
19.53431533,1,2,25.076374645,0,0,1
14.99392246,0,6,21.0,0,0,1
0.01985,0,3,1.045615954,0,0,1
19.99392246,1,1,21.0,0,0,1
16.40194354,1,5,20.0,0,0,1
1.095,0,1,20.0,0,0,1
1.6356757997492388,1,3,0.232520717,0,0,1
249.9999948539381,1,6,0.303189435,0,1,1
31.89387374,1,6,1.046089345,0,1,1
1.2769678579769486,1,2,0.237999215,0,0,1
8.99392246,1,1,22.000001337,0,0,1
0.9992805208082678,0,0,0.243338951,0,0,1
8.27681859,1,0,21.0,0,0,1
0.07448,0,6,1.046916333,0,0,1
11.39847051,1,6,21.0,0,0,1
2.495,1,4,21.157421146,0,0,1
0.03635,0,4,30.0,0,0,1
0.986,1,2,0.257021202,0,1,1
8.01992246,1,1,22.000001337,0,1,1
1.009032383043952,0,0,0.251351082,0,0,1
0.03297042,1,5,1.111149202,0,0,1
0.195,1,0,21.0,0,0,1
0.005001,1,0,30.0,0,0,1
0.99951753,0,6,1.098070604,0,1,1
8.19392246,1,4,22.000001337,0,0,1
0.68008360581742,1,3,0.251351082,0,0,1
24.99994027759104,0,1,0.238076445,0,0,1
0.0159347,1,1,1.194266237,0,0,1
0.00855,1,3,1.150323515,0,0,1
500.0,1,2,21.0,0,0,1
0.05740176,1,4,1.119756188,0,0,1
0.49631579,1,1,0.377696364,0,1,1
1677.0,1,1,1.109111283,0,1,1
0.6771364126000423,1,0,0.254626787,0,0,1
0.0913,1,3,30.0,0,1,1
0.251875,1,2,1.06824051,0,0,1
0.552096373727938,1,1,0.344539373,0,0,1
3.397,1,4,20.272024492,0,0,1
23.69932246,1,3,21.0,0,0,1
0.1690749,0,1,22.0,0,0,1
0.00485014,1,5,1.123530282,0,0,1
1.01913919,1,2,1.163432049,0,0,1
36.22532246,1,2,21.0,0,0,1
0.00385,0,3,1.048852617,0,0,1
5.999994665866839,1,1,0.308905138,0,0,1
8.49392246,0,3,22.000001337,0,1,1
0.995,1,4,20.0,0,1,1
1.082003279933263,1,1,0.321927375,0,0,1
1.425971160579523,0,4,0.239863892,0,1,1
0.2913,1,0,20.0,0,0,1
4.14235014,1,4,21.0,0,0,1
70.464,0,0,21.0,0,0,1
0.005,1,1,23.444264145,0,0,1
5.0,1,2,91.0,0,0,1
0.005,1,4,24.568222891,0,0,1
0.9835879967203764,1,5,0.251560849,0,0,1
0.9679329600236544,0,3,0.241250031,0,0,1
0.005,1,1,23.444264145,0,0,1
7.84392246,0,3,22.000001337,0,0,1
5.13365,1,6,22.667583079,0,0,1
10.77509106,0,0,21.0,0,1,1
3.59649059006962,0,5,0.244287527,0,1,1
55.64414584997192,0,3,21.0,0,0,1
0.10985,1,0,1.220980477,0,0,1
0.8994,1,5,20.0,0,0,1
0.01,1,0,20.42469852,0,0,1
0.847894473635471,1,2,0.254626787,0,0,1
0.01,1,1,21.0,0,0,1
9.36882806,0,4,22.000001337,0,1,1
0.48811573,1,0,1.106626885,0,0,1
0.00707212,0,0,1.17890924,0,1,1
0.488719942554758,1,4,0.298840711,0,0,1
1.07905124,0,7,30.0,0,0,1
5.38196667,1,0,20.0,0,0,1
1.0275202501012353,1,3,0.43476765,0,0,1
2.35273773,0,6,21.0,0,0,1
1.8876953045446685,0,2,0.322457127,0,1,1
11.99999333181017,0,3,0.450152997,0,1,1
0.02522527,0,6,1.144919453,0,0,1
500.0,1,5,20.0,0,0,1
0.0082416,0,2,1.043668688,0,0,1
4.474,1,6,20.0,0,0,1
99.99985,1,5,1.195341953,0,0,1
22.12835,1,4,1.112801496,0,0,1
9.99392246,1,3,22.000001337,0,0,1
0.1690749,1,7,22.0,0,0,1
9.99392246,0,6,22.000001337,0,1,1
1.81601652,1,7,20.0,0,0,1
0.01,0,5,20.0,0,0,1
4.92007,1,2,21.0,0,0,1
30.999537999971924,1,0,22.000001337,0,0,1
0.1300892,1,1,20.0,0,0,1
3.395,1,7,20.0,0,0,1
4.85378306486252,1,2,0.243610162,0,0,1
0.04825,1,0,1.151823529,0,0,1
0.495,1,1,20.0,0,0,1
10.105,1,0,20.272024492,0,0,1
0.544200330773356,0,4,0.246629989,0,0,1
6.40167526,1,4,21.0,0,0,1
1.04014364,0,3,1.246414918,0,0,1
29.99988762954745,0,5,0.24507077,0,1,1
33.91415062,1,3,22.000001337,0,0,1
1.0215201350587904,1,7,0.250309999,0,0,1
0.6415077,1,6,1.06448793,0,0,1
0.5270645667184213,1,0,0.316702001,0,0,1
21.64742246,1,2,22.000001337,0,1,1
6.817531280488907,0,6,0.41884549,0,1,1
7.306048,1,4,21.0,0,1,1
0.005,1,6,23.444264145,0,0,1
0.014636,1,2,1.103725526,0,0,1
9.98392246,1,0,22.000001337,0,0,1
0.0301087,1,6,1.036486308,0,0,1
0.6574709314726703,1,6,0.388031055,0,1,1
6.15351918,0,5,1.218918109,0,0,1
5.99500252,1,3,1.0,0,0,1
0.84944559,1,0,21.0,0,0,1
8.74480593,1,5,22.000001337,0,0,1
9.99492246,1,5,22.000001337,0,0,1
0.5163032493758435,0,5,0.243057875,0,0,1
0.03811296,0,1,1.05087491,0,0,1
7.78262246,0,5,22.000001337,0,1,1
7.45646746,1,5,22.000001337,0,0,1
5.3223,1,6,20.0,0,0,1
41.17763813,0,4,1.176846516,0,1,1
22.29999063,1,5,22.000001337,0,0,1
19.99392246,1,3,21.0,0,0,1
23.803735485312725,1,5,0.436737966,0,0,1
2.49,1,5,21.833967631,0,0,1
29.99392246,0,6,21.0,0,0,1
0.02755697,1,6,1.068581453,0,0,1
0.02938224,0,0,1.10437308,0,0,1
0.667886,1,6,0.254626787,0,0,1
19.75833623,1,6,1.194266237,0,0,1
23.04732246,1,4,22.000001337,0,0,1
0.2,1,4,10.0,0,1,1
0.04179179,1,5,1.041097774,0,0,1
9.35664532,1,3,22.667583079,0,0,1
1.082003279933263,1,3,0.321927375,0,0,1
8.83812246,0,6,22.000001337,0,0,1
12.0,1,6,12.871276791,0,0,1
0.5207513599896137,1,1,0.4032001,0,0,1
14.99985,1,6,1.142942232,0,1,1
44.99743151156861,0,2,0.242524804,0,0,1
499.9795299736071,1,1,22.000001337,0,0,1
16.137,1,7,21.0,0,0,1
135.92,1,1,21.0,0,0,1
0.7880806576268811,1,1,0.387551877,0,0,1
0.0311205,1,2,1.126691061,0,0,1
555.00892246,1,3,22.073836554,0,0,1
0.99951753,0,1,1.098070604,0,0,1
0.522408,1,1,20.0,0,0,1
0.06434284,1,3,1.27228107,0,1,1
1.1357588620655847,1,1,0.387551877,0,1,1
23.80693516,1,1,22.000001337,0,0,1
2.12981768,1,7,21.0,0,0,1
0.4175,1,4,21.0,0,0,1
1.99462963,1,0,20.0,0,1,1
0.817975579327216,1,0,0.337906168,0,0,1
50.0,1,6,20.0,0,0,1
9.99392246,0,2,22.000001337,0,0,1
0.0357445,1,1,20.815012353,0,0,1
0.24937071,1,5,21.0,0,0,1
11.228824525192469,0,6,0.29455668,0,0,1
20.09392246,0,3,22.000001337,0,1,1
9.978358462860845,1,5,22.000001337,0,0,1
5.91525,0,3,21.0,0,1,1
8.94625246,1,0,22.000001337,0,0,1
17.945724839971923,1,6,100.1,0,0,1
6.02766,0,7,20.0,0,0,1
10.798594390528365,0,7,0.247292168,0,0,1
2.37033654,1,0,1.138220883,0,0,1
0.9845880952141096,1,4,0.411746065,0,0,1
0.0023475,1,4,1.180622199,0,0,1
70.464,1,0,21.0,0,0,1
0.78978990890969,0,7,0.321828952,0,0,1
0.02785,1,0,1.159942018,0,0,1
0.01,1,2,20.0,0,0,1
0.005,1,7,21.0,0,0,1
1.239594789507363,1,4,0.243338951,0,1,1
0.00338121,1,5,1.095737674,0,0,1
0.05175,0,3,1.168603551,0,0,1
5.0,1,6,91.0,0,1,1
0.005,1,0,20.0,0,1,1
0.015,1,5,20.0,0,1,1
0.00245,1,0,1.125835974,0,0,1
0.2761826,1,1,20.0,0,1,1
0.10185,1,4,1.111814411,0,0,1
0.1,1,3,20.0,0,0,1
7.84392246,1,1,22.000001337,0,0,1
39.799559,0,6,22.000001337,0,0,1
10.14902566773965,1,2,21.0,0,1,1
9.14594126,1,6,22.000001337,0,0,1
29.41227094,1,0,22.000001337,0,1,1
16.83212523,1,1,21.0,0,0,1
9.99392246,0,2,22.000001337,0,0,1
0.005,1,4,20.0,0,0,1
0.01485,1,3,1.166472699,0,0,1
1.196680442603053,1,1,0.243338951,0,0,1
8.620057812018828,0,4,0.244749667,0,0,1
0.002408,1,7,20.0,0,0,1
20.48392246,1,1,21.0,0,0,1
3880.999801592799,1,2,0.346456644,0,1,1
19.153503274414447,1,3,0.391909125,0,0,1
20.31777376,0,5,20.0,0,0,1
0.01285,1,1,1.23476765,0,0,1
2.55759603,1,1,20.0,0,0,1
0.906689998440586,1,1,0.298840711,0,0,1
26.57852246,0,4,22.000001337,0,0,1
0.0013,1,0,21.0,0,0,1
29.99392246,1,5,22.000001337,0,0,1
5.781854999553708,0,3,0.235533298,0,0,1
5.53477,1,2,21.0,0,1,1
1.4186270059515642,0,6,0.330598925,0,1,1
0.00374001,0,6,1.048610601,0,0,1
11.999994707052313,1,6,0.262824488,0,0,1
2.79268986,1,7,1.099356472,0,0,1
12.07542246,1,1,21.0,0,0,1
0.58699489324163,0,6,0.307077589,0,0,1
29.999559,0,1,22.000001337,0,0,1
0.01893605,0,2,1.042339194,0,0,1
29.99392246,1,4,22.000001337,0,0,1
0.00485,1,5,1.044533748,0,0,1
4.410192135730718,1,4,0.243434082,0,0,1
10.000882515539974,1,4,0.304430225,0,0,1
0.00585,1,3,1.194392863,0,0,1
0.005,0,4,30.5,0,0,1
7.08392246,1,3,22.000001337,0,0,1
0.6167998150427699,1,3,0.321845711,0,0,1
54.32932300955691,1,4,0.307077589,0,1,1
0.0258797,1,4,1.201072222,0,0,1
0.03265983,0,2,1.045485692,0,1,1
0.005,1,1,30.0,0,0,1
14.99392246,1,2,50.0,0,0,1
0.02387222,1,3,1.282356162,0,0,1
1.09030147,1,1,20.0,0,0,1
5.61793138,1,1,21.0,0,0,1
7.294537999971923,0,7,22.000001337,0,0,1
0.696,0,2,0.32510221,0,0,1
1.267884776462419,1,5,0.243610162,0,0,1
0.00185,1,1,1.061096712,0,0,1
0.0146041,1,7,1.041200818,0,0,1
5.009615987878647,1,1,0.376846516,0,0,1
183.1878950548185,1,3,0.238743669,0,0,1
8.444208718,0,6,22.000001337,0,0,1
0.005,1,1,30.0,0,1,1
0.00250222,0,4,1.204921199,0,0,1
0.111883,1,6,20.0,0,0,1
300.0,1,0,20.0,0,0,1
399.82985,1,0,1.194374776,0,0,1
1.513701634913263,1,6,0.245976873,0,1,1
4.395,1,2,30.0,0,0,1
0.13326,0,7,1.121784292,0,0,1
1.3160651155127705,1,7,0.257021202,0,0,1
0.00707212,1,7,1.17890924,0,1,1
7.70092246,1,7,22.000001337,0,0,1
1.1971303732246807,1,6,0.251043358,0,0,1
9.754476786898795,1,3,22.000001337,0,0,1
2.909026922069458,1,7,0.454053409,0,0,1
0.437,1,2,21.0,0,0,1
9.99392246,1,4,22.000001337,0,1,1
548.9195148135232,0,0,0.250309999,0,0,1
0.498274431352212,0,7,0.328991132,0,0,1
18.995,1,4,20.0,0,0,1
3880.999801592799,1,7,0.346456644,0,0,1
0.24324,1,2,1.159740198,0,0,1
1.7177101215903694,1,2,0.257021202,0,1,1
7.95397046,1,4,22.000001337,0,0,1
1262.9792323116783,1,6,0.322326307,0,0,1
9.71292246,1,4,22.000001337,0,1,1
1.106357951194742,1,6,0.242391936,0,0,1
0.00485,1,1,1.045255223,0,0,1
0.792491477697113,0,6,0.325620822,0,0,1
149.99997483686792,1,5,0.257021202,0,0,1
0.05271708,1,7,1.114329644,0,0,1
0.08438794,1,0,1.082545328,0,0,1
17.00149422,0,3,21.0,0,0,1
0.005762,0,0,1.042717503,0,0,1
7.79815867,1,3,21.0,0,0,1
1.1025965775830997,1,6,0.243154668,0,1,1
0.008118,1,5,1.037874034,0,0,1
0.49932567,1,6,1.195193468,0,0,1
14.99142246,1,5,22.127224645,0,0,1
16.66250899,1,7,22.127224645,0,0,1
13.875182165537844,1,7,0.252092747,0,0,1
0.621819246667422,0,4,0.341590268,0,0,1
0.00235,1,7,1.046317694,0,1,1
0.01593761,1,0,1.284387349,0,0,1
1.754889415353977,1,5,0.298840711,0,0,1
0.20085,1,4,1.065940609,0,1,1
29.66832246,1,7,22.000001337,0,1,1
14.01657746,0,4,21.0,0,0,1
219.90892246,0,1,22.073836554,0,0,1
0.00265,1,5,1.05132364,0,0,1
21.875061932396992,0,7,0.36210711,0,0,1
1.23070288,1,0,21.0,0,0,1
0.0096402,1,0,1.044073698,0,0,1
0.00235,1,5,1.048648569,0,0,1
25.94292246,1,4,21.0,0,0,1
0.19718544,1,4,1.268045741,0,1,1
10.46259946,1,0,100.1,0,0,1
3.899984825084037,1,4,0.267165316,0,1,1
9.754476786898795,0,4,22.000001337,0,0,1
0.06273998,1,6,1.04626984,0,1,1
1.2370974711164189,0,3,0.308912007,0,0,1
20.99692246,1,2,22.000001337,0,0,1
0.995,0,0,21.0,0,1,1
2.01535361,1,4,1.180587332,0,0,1
0.7007607435239745,1,5,0.36210711,0,0,1
0.00213459,1,2,1.04385647,0,0,1
0.14689052,0,5,1.050129938,0,1,1
12.08534387,1,7,1.094793537,0,0,1
0.005,1,1,21.596799909,0,0,1
12.07542246,0,4,21.0,0,1,1
0.01399789,1,5,1.265989944,0,0,1
0.34589925,0,0,30.0,0,0,1
0.01,1,1,21.0,0,0,1
0.789790841525171,1,3,0.35463077,0,0,1
43.079187460056055,1,1,0.236266787,0,0,1
3.666056,1,2,30.0,0,0,1
0.6176131540475506,1,1,0.450152997,0,0,1
0.9033860434154752,1,7,0.321845711,0,0,1
0.664,1,4,21.0,0,0,1
8.45392246,0,2,22.000001337,0,0,1
0.005,0,6,20.873010101,0,0,1
0.22654182,1,0,1.183247914,0,0,1
2.125,1,4,0.333801551,0,1,1
23.699,1,5,21.0,0,0,1
0.095,0,6,21.0,0,0,1
7.53608456,0,1,22.000001337,0,0,1
224.99892246,1,4,20.0,0,0,1
32.8176,1,6,21.0,0,1,1
424.0,0,6,23.626598781,0,0,1
0.02665764,0,1,1.21534148,0,0,1
5.50914663,1,7,27.72,0,0,1
2.13,0,2,21.0,0,0,1
9.60374901,1,3,22.000001337,0,0,1
0.5253,1,1,30.0,0,0,1
0.0013,0,1,21.0,0,1,1
92.91126188343324,1,2,0.262824488,0,1,1
0.737764804150348,1,1,0.255747922,0,1,1
147.66985,0,5,1.118979058,0,0,1
0.87858808,0,4,0.474345778,0,0,1
0.0913,1,3,20.163522776,0,0,1
1.303,1,4,21.0,0,0,1
0.2863,0,4,20.0,0,1,1
6.15351918,1,1,1.218918109,0,0,1
52.98911568720191,0,2,22.000001337,0,0,1
61.16061546,1,7,21.0,0,1,1
74.71199799785103,1,0,21.0,0,0,1
2.3444323031553025,1,7,0.327010236,0,1,1
0.725950674784377,0,7,0.341715468,0,0,1
9.995,0,2,21.0,0,0,1
157.84382186364522,1,2,0.24518582,0,1,1
2.542378674099978,1,1,0.244287527,0,0,1
3.88918230177762,0,4,0.321845711,0,0,1
119.20985679313188,1,1,0.321843841,0,0,1
0.789778432286651,1,6,0.359952214,0,0,1
28.46412825,0,3,22.000001337,0,0,1
0.553,0,7,20.0,0,1,1
74.71199799785103,0,6,21.0,0,0,1
0.2418199,1,3,1.044220441,0,0,1
14.98392246,1,4,22.127224645,0,1,1
5.77252491,0,0,30.0,0,0,1
0.24436674,1,0,1.059906569,0,0,1
3.76612109,1,4,24.670216374,0,0,1
12.99392246,0,3,22.127224645,0,0,1
0.04212663,1,3,1.162440281,0,1,1
0.6167998150427699,0,0,0.321845711,0,0,1
50.19855994639347,1,6,0.36157684,0,0,1
21039.84041092,0,3,1.176846516,0,0,1
0.0159347,1,3,1.194266237,0,0,1
1.009991013044162,1,3,0.247292168,0,0,1
9.9920973,0,3,22.000001337,0,0,1
0.02665764,1,5,1.21534148,0,0,1
6.9015,0,6,21.0,0,0,1
11.99251226,1,4,21.0,0,0,1
0.002408,0,1,20.0,0,0,1
31.01192246,0,6,21.0,0,0,1
0.0036095,1,2,1.074514921,0,0,1
10.98392246,1,0,21.0,0,0,1
1.009986608388578,1,0,0.313079429,0,0,1
2.5269472858509894,0,6,0.267165316,0,0,1
37.67991054040487,0,3,22.000001337,0,0,1
13.627354,0,0,20.0,0,0,1
52.03222246,1,6,22.073836554,0,1,1
0.00805878,1,2,1.131059956,0,0,1
0.00324856,0,7,1.03714366,0,0,1
16.73144152,0,7,22.008407867,0,0,1
0.42166724,1,0,21.0,0,0,1
0.4980272673703281,1,5,0.25680762,0,0,1
2.298694,1,4,30.0,0,0,1
28.79909574720191,1,1,22.000001337,0,0,1
51.9154043096428,1,2,0.316989796,0,1,1
0.737764804150348,1,3,0.255747922,0,0,1
9.96506846,1,1,22.000001337,0,0,1
0.00568757,0,5,1.089054626,0,0,1
39.98769453,0,2,22.073836554,0,0,1
0.24035272,0,7,1.173931154,0,0,1
0.06085,1,6,1.159952214,0,0,1
9.99392246,1,5,22.000001337,0,0,1
31.18600001,1,0,0.363883524,0,1,1
3.048,1,0,24.670216374,0,0,1
0.437,1,1,21.0,0,1,1
4.999857736200429,0,3,0.504334241,0,0,1
0.01,0,6,20.0,0,0,1
11.99392246,0,1,21.0,0,0,1
0.779994256804185,1,5,0.359008226,0,0,1
4.999990484515396,1,0,0.37890924,0,0,1
0.00696961,1,2,1.236737966,0,0,1
0.06628682,1,4,1.334300274,0,1,1
0.11285,0,6,1.043123911,0,0,1
21.99981295221077,1,6,0.399923023,0,0,1
90.989559,0,4,22.000001337,0,0,1
0.14306,1,0,1.123631973,0,1,1
59.99392246,0,2,22.000001337,0,0,1
0.12130017,0,6,50.0,0,0,1
0.9999774449304408,1,0,0.321843841,0,0,1
0.5650675634280766,0,5,0.346401616,0,0,1
0.014,1,5,24.670216374,0,1,1
42.918,0,6,21.0,0,0,1
0.5049120264919026,0,1,0.251043358,0,0,1
0.00944338,0,1,1.103577819,0,0,1
3.3029575641394016,0,1,0.31440281,0,0,1
0.01155691,1,3,1.04737673,0,0,1
0.291,0,4,20.887260762,0,0,1
0.995,1,0,20.0,0,0,1
0.539558071299235,1,4,0.304430225,0,0,1
0.51851051,1,1,1.235517093,0,0,1
11.980003,0,4,23.369866721,0,0,1
9.78580076,1,2,22.000001337,0,0,1
9.99392246,1,7,22.000001337,0,0,1
0.81534495,0,2,21.0,0,1,1
9.98892246,1,6,22.000001337,0,0,1
21.00146488440467,1,1,0.243154668,0,0,1
99.99392246,1,0,22.000001337,0,1,1
0.536,1,1,0.304430225,0,0,1
0.776788728414094,0,3,0.245976873,0,0,1
19.31596106,1,7,22.127224645,0,1,1
0.99962963,1,1,20.0,0,0,1
8.14250528,0,6,22.000001337,0,0,1
31.79985,0,5,1.117301484,0,0,1
10.14083109,0,2,22.000001337,0,1,1
0.00963441,1,2,1.054450063,0,0,1
9.99392246,0,7,22.000001337,0,1,1
18.61957834527252,1,5,0.241924711,0,0,1
179.9995190864121,1,1,0.393999948,0,0,1
4.804,1,7,20.0,0,0,1
0.7250841527766164,0,3,0.321828952,0,1,1
1018.0,1,0,21.0,0,1,1
11.27347446,0,6,21.0,0,0,1
0.015,1,6,20.0,0,0,1
3.809,1,3,20.012773603,0,0,1
0.05174407,1,5,1.204512407,0,0,1
13.96800226,1,1,22.000001337,0,0,1
1.195,1,6,23.369866721,0,1,1
0.23761335,0,2,22.667583079,0,0,1
14.99339746,0,2,21.0,0,0,1
15.21425446,1,4,22.127224645,0,0,1
0.00583454,1,2,1.071170151,0,0,1
0.00185,1,4,1.041813593,0,0,1
14.99392246,1,5,100.1,0,0,1
0.2100003,1,3,1.052786862,0,1,1
74.98177536,1,6,22.000001337,0,0,1
0.42277835,0,3,20.0,0,0,1
0.005,1,7,20.873010101,0,0,1
48.404,1,2,20.0,0,0,1
0.117629,1,5,1.06767339,0,0,1
0.0764,1,4,21.0,0,0,1
4.0,1,7,8.0,0,0,1
9.99958,1,1,22.000001337,0,0,1
0.6708,0,1,20.0,0,0,1
0.3833661,1,6,1.059941413,0,0,1
29.87985,1,7,1.163508954,0,0,1
0.17267183,1,5,1.042452147,0,1,1
2.10362202,1,3,21.0,0,1,1
0.4942153365899257,1,3,0.277848319,0,0,1
0.023,1,5,21.0,0,0,1
0.01,1,5,21.0,0,0,1
7.46762639,1,2,22.000001337,0,1,1
19.99392246,0,0,21.0,0,1,1
2.599971707424853,0,0,0.24862494,0,0,1
0.01244004,1,2,1.119103273,0,0,1
11.99392246,1,5,21.0,0,0,1
4.0,0,3,8.0,0,1,1
799.99985,0,4,1.294270148,0,0,1
0.0032466,0,3,1.117564505,0,0,1
0.01,1,2,20.0,0,0,1
103.89391535,1,5,21.0,0,0,1
28.06164785,1,5,22.000001337,0,0,1
16.17892246,0,7,25.076374645,0,0,1
9.99392246,1,6,22.000001337,0,0,1
3.537594405000829,1,3,0.244157391,0,0,1
1474.9999787617896,1,5,0.390272763,0,0,1
0.492634565663787,1,2,0.399923023,0,0,1
1.425971160579523,1,6,0.239863892,0,0,1
7.00349296,1,4,22.000001337,0,0,1
0.01008878,1,6,1.038207648,0,0,1
20.31777376,0,2,20.0,0,1,1
16.28892246,1,0,100.1,0,1,1
0.0205293,1,1,1.242822817,0,1,1
5.0,0,4,21.0,0,0,1
0.677652937,0,7,0.375136715,0,1,1
0.100346,1,5,1.055446197,0,0,1
0.609603826604372,1,6,0.310560886,0,0,1
11.999994707052313,1,3,0.262824488,0,0,1
1498.999918677987,1,7,0.235282764,0,0,1
22.409211851347845,1,7,0.304430225,0,0,1
3.598656920750184,1,1,0.303189435,0,0,1
0.48625645,1,6,0.238286072,0,0,1
0.8141421,1,0,0.260790342,0,0,1
0.05671434,1,4,1.041721845,0,0,1
0.0054445,1,3,1.273333207,0,0,1
6.95755,0,2,1.176846516,0,1,1
7.35693994,1,7,22.000001337,0,0,1
24.59392246,1,5,22.000001337,0,1,1
23.04732246,1,1,22.000001337,0,0,1
20.02456382735765,0,1,0.337906168,0,1,1
0.01,0,0,21.0,0,1,1
8.99392246,1,2,22.000001337,0,0,1
11.99392246,1,0,100.1,0,0,1
20.72712246,1,2,22.000001337,0,0,1
0.5060081154576171,1,6,0.366651203,0,0,1
0.23836628,0,6,1.038557268,0,0,1
0.06434284,1,6,1.27228107,0,0,1
9.99392246,0,3,22.000001337,0,0,1
0.2913,1,5,22.528622017,0,0,1
7.23442246,1,7,22.000001337,0,1,1
0.422,0,0,20.0,0,0,1
15.7235455,1,7,21.833967631,0,0,1
0.4969896093668595,0,5,0.315679177,0,0,1
0.01,1,3,20.0,0,1,1
4.08532757,0,3,21.431542316,0,1,1
1.025104537375462,1,3,0.235282764,0,1,1
0.599993529883095,1,1,0.321828952,0,0,1
0.659994565700493,0,1,0.24161278,0,0,1
24.47905,1,2,1.058985734,0,0,1
0.995,1,0,22.416545867,0,1,1
1.015354310258555,0,4,0.267165316,0,0,1
20.90523328,1,3,20.0,0,0,1
0.47135466,0,2,1.362251741,0,0,1
1.44493248,1,1,20.0,0,0,1
6.08649,1,7,21.0,0,1,1
7.09881744,1,5,22.000001337,0,0,1
2.719995175819121,1,3,0.233479113,0,0,1
0.5398,0,5,20.887260762,0,0,1
10.86625763,1,2,22.127224645,0,0,1
6.090694664067329,1,1,0.267165316,0,0,1
0.095,1,5,21.0,0,0,1
2.944146985657164,1,6,0.339479526,0,1,1
53.48063600722379,1,5,0.242391936,0,0,1
28.20386847,0,4,24.670216374,0,0,1
0.00193,0,0,1.046240873,0,0,1
29.995,0,5,21.0,0,0,1
0.885009740487497,1,4,0.242150292,0,0,1
0.8123949722449061,1,3,0.262824488,0,0,1
1.3856086314173448,1,1,0.316702001,0,0,1
18.75807246,0,7,22.000001337,0,0,1
0.01653316,1,3,1.105088501,0,0,1
1386.9999710091456,1,2,0.239863892,0,1,1
12.12437285133905,1,5,22.127224645,0,0,1
16.99392246,0,3,22.127224645,0,0,1
0.5665944793515697,0,4,0.254626787,0,0,1
44.49985,0,5,1.057126437,0,0,1
131.95051446,1,2,21.0,0,0,1
28.79909574720191,0,1,22.000001337,0,0,1
2.13092879,1,1,21.0,0,1,1
13.999794970527644,1,7,0.241182291,0,0,1
1.007991820800573,1,4,0.375020151,0,1,1
11.41892246,1,3,22.127224645,0,0,1
0.01,1,2,20.0,0,1,1
0.0039,1,5,1.15509193,0,0,1
133.77126326218905,1,7,22.073836554,0,1,1
161.00493167567436,1,6,0.321845711,0,0,1
0.01,0,4,20.0,0,0,1
1545.999994768247,1,3,0.246927868,0,0,1
0.01,1,6,20.0,0,0,1
9.99392246,1,6,22.000001337,0,0,1
4.691,0,3,21.0,0,1,1
4.88522,1,7,21.0,0,0,1
299.99994346854555,1,6,0.485210834,0,0,1
0.0306449,1,6,1.092132988,0,1,1
3.76046856,1,0,1.040751675,0,0,1
0.18016469,1,1,1.290345017,0,0,1
0.01,1,2,20.0,0,0,1
9.31834345,1,6,22.000001337,0,0,1
0.298,1,0,20.0,0,0,1
0.01485,1,0,1.166472699,0,0,1
0.538275744534076,1,0,0.36210711,0,0,1
0.0713,1,1,20.0,0,0,1
2.73264426,1,7,1.131924726,0,0,1
0.117,1,5,50.0,0,1,1
6.40089298,1,5,20.0,0,0,1
9.15290999,1,2,22.000001337,0,0,1
9.20768946,1,5,22.000001337,0,0,1
1.2877899423784336,1,6,0.240108052,0,0,1
42.918,1,4,21.0,0,1,1
0.00185,1,6,1.185485128,0,1,1
0.05819452,1,4,1.039521059,0,0,1
1.653755,1,2,20.0,0,0,1
7.08369826,1,5,22.000001337,0,0,1
0.46942889,0,7,1.034163467,0,0,1
39.43262246,1,6,22.000001337,0,0,1
13.38533722,1,3,100.1,0,0,1
19.96973405,0,4,22.000001337,0,0,1
19.99958,1,7,22.000001337,0,0,1
1.395,1,5,20.0,0,0,1
1.18762054,1,4,1.169369111,0,0,1
32.69898097,0,2,22.000001337,0,0,1
0.04079595,0,7,23.369866721,0,1,1
249.99453799997195,1,7,21.0,0,0,1
0.566,0,0,0.363883524,0,0,1
8.653333,1,0,20.0,0,0,1
22.84392246,1,0,22.000001337,0,0,1
0.499994879087987,1,3,0.239972759,0,0,1
0.005,1,1,22.0,0,1,1
2.12981768,1,7,21.0,0,0,1
11.7329385,0,7,22.000001337,0,0,1
0.005,1,1,23.444264145,0,0,1
0.5806540516083566,1,6,0.43362083,0,0,1
10.882666487608828,1,1,0.233479113,0,0,1
0.00134,1,6,1.250741576,0,0,1
2.999925590302273,1,2,0.243434082,0,0,1
0.005,0,0,24.568222891,0,0,1
0.0049449,1,3,1.131307493,0,0,1
0.112408,1,6,20.0,0,0,1
7.561,1,7,21.0,0,1,1
149.99999363302186,0,0,0.485210834,0,1,1
0.0125944,0,6,1.178810769,0,0,1
7.32476885,1,2,21.0,0,0,1
0.02413,1,3,1.233530202,0,0,1
0.5938992199239403,1,0,0.327717943,0,0,1
24.94016576,0,7,22.000001337,0,1,1
24.109635259679493,0,6,0.24507077,0,0,1
11.94562475,0,5,50.0,0,0,1
