value_eth,is_new_recipient,interaction_count,gas_gwei,blacklist_hit,repeat_tx,label
0.00288367,1,0,1.086297713,0,0,0
8.2495561201093,1,0,0.4032001,0,0,0
0.10985,1,1,1.041005266,0,0,0
3.3999837756479216,0,2,0.307077589,0,0,0
19.75833623,1,1,1.194266237,0,0,0
1.47167235,1,2,20.0,0,0,0
3.095,1,2,20.0,0,0,0
0.01186119,0,0,1.049323782,0,0,0
9.1830867,1,0,22.000001337,0,0,0
0.499992460827254,1,1,0.37890924,0,0,0
0.005,1,1,20.873010101,0,0,0
1.41244774,1,2,20.0,0,0,0
0.005,0,1,30.5,0,0,0
9.999559,1,2,22.000001337,0,0,0
1.389990403061404,1,2,0.299798668,0,0,0
2.8276,0,1,20.0,0,0,0
0.00193,1,1,1.046240873,0,0,0
0.18003147,0,0,30.0,0,0,0
0.5950372751347245,1,2,0.322326307,0,0,0
0.01,1,2,21.0,0,0,0
0.10985,0,2,1.041005266,0,0,0
8.99392246,0,0,22.000001337,0,0,0
29.98892246,1,0,22.000001337,0,0,0
13.98392246,1,2,22.127224645,0,0,0
0.702422490463667,0,1,0.262824488,0,0,0
0.005,1,1,21.596799909,0,0,0
9.99392246,1,1,22.000001337,0,0,0
27.99392246,1,1,22.000001337,0,0,0
2.10362202,1,1,21.0,0,0,0
499.9998837591218,1,0,0.262824488,0,0,0
0.14833,0,2,1.184147797,0,0,0
5.0,1,1,21.0,0,0,0
33.96344858,1,1,22.000001337,0,0,0
7.835,1,1,20.0,0,0,0
0.01,0,2,21.0,0,0,0
0.0554943,1,0,1.038871179,0,0,0
7.82592246,0,0,22.000001337,0,0,0
11.46392246,1,0,22.000001337,0,0,0
0.005,1,2,20.0,0,0,0
0.00555,0,0,1.042371836,0,0,0
8.98392246,1,0,22.000001337,0,0,0
7.08369826,0,2,22.000001337,0,0,0
2.489894390528364,1,0,0.242126516,0,0,0
0.599937028716276,1,1,0.458624863,0,0,0
1.045690109551758,1,1,0.321828952,0,0,0
10.40956218,0,1,21.0,0,0,0
42.23635879,1,1,21.0,0,0,0
1.742434721012705,1,1,0.309081792,0,0,0
2142.999454331588,1,1,0.294267018,0,0,0
0.005,0,2,20.0,0,0,0
0.880653709609984,0,1,0.235282764,0,0,0
1.395,0,1,20.0,0,0,0
199.9999543990708,1,2,0.298840711,0,0,0
8.14250528,1,0,22.000001337,0,0,0
0.7677932875834642,0,2,0.255747922,0,0,0
3.582501411240069,0,0,0.363883524,0,0,0
0.15,0,0,39.0,0,0,0
18.7736328060679,0,0,0.254352718,0,0,0
0.10185,0,1,1.111814411,0,0,0
201.17302898937487,1,2,21.0,0,0,0
0.9322814028660654,1,1,0.341590268,0,0,0
1.2799,0,1,20.0,0,0,0
13.32544186,1,1,22.127224645,0,0,0
24.99985,1,2,1.160651318,0,0,0
0.00706889,1,2,1.121845711,0,0,0
8.47502246,1,2,22.000001337,0,0,0
10.715104127538112,0,1,0.239863892,0,1,0
87.49849296,0,2,22.073836554,0,0,0
715.9997722391104,1,0,0.447511577,0,0,0
0.09985,1,2,1.040316263,0,0,0
7.3626244,1,2,22.000001337,0,0,0
17.06647474,0,1,22.127224645,0,0,0
27.99458,1,1,22.127224645,0,0,0
500.0,1,0,21.0,0,0,0
0.5589535,1,1,1.132509702,0,0,0
0.02911202,1,0,1.185957749,0,0,0
14.99392246,1,1,20.159005428,0,0,0
0.01893605,1,1,1.042339194,0,0,0
0.05100135,1,1,1.167681364,0,0,0
13.999794970527644,1,2,0.241182291,0,0,0
10.798594390528365,1,2,0.247292168,0,0,0
0.4087461,1,1,1.369853573,0,0,0
0.01407718,1,1,1.236737966,0,0,0
0.0330168,1,0,1.170121473,0,0,0
1.388605,1,1,23.697264639,0,0,0
0.005,0,2,21.596799909,0,0,0
1.616482,1,0,20.0,0,0,0
0.00649142,1,1,1.113550572,0,0,0
0.5421313457396583,1,1,0.591631254,0,0,0
16.689559,1,0,22.000001337,0,0,0
20.77392246,1,0,22.000001337,0,0,0
6.999983286393126,1,2,0.359008226,0,0,0
0.709234250276864,1,1,0.443922838,0,0,0
0.51508844,1,1,1.290878726,0,0,0
1.495,1,0,20.0,0,0,0
11.99392246,0,0,21.0,0,0,0
0.01,1,0,21.0,0,0,0
0.005,1,0,30.0,0,0,0
0.05385,0,2,1.187451012,0,0,0
1.0,1,1,15.63206454,0,0,0
0.09835,1,2,1.062865219,0,0,0
1.1845531,1,1,1.160651318,0,0,0
17.99958,1,2,22.000001337,0,0,0
7.42336846,1,0,22.000001337,0,0,0
1.20955637,1,2,20.0,0,0,0
34.99999354583117,1,1,0.244287527,0,1,0
299.99994346854555,1,0,0.485210834,0,0,0
1.0155,1,2,22.0,0,0,0
19.75833623,1,1,1.194266237,0,0,0
9.49392246,0,0,22.000001337,0,0,0
2.185,1,2,22.0,0,0,0
14.99392246,1,1,21.0,0,0,0
7.32476885,0,1,21.0,0,0,0
0.05985,0,1,1.333253996,0,0,0
0.265,1,0,30.0,0,0,0
3.29512997536272,1,0,0.322326307,0,0,0
0.0013,1,2,21.0,0,0,0
12.99392246,0,1,22.127224645,0,0,0
0.5883564218485223,1,2,0.298840711,0,0,0
0.00228501,1,0,1.03837591,0,0,0
4.09,1,1,4.0,0,1,0
108.65940104,1,1,22.0,0,0,0
0.74495494477353,1,0,0.29455668,0,0,0
2.199994359542266,1,2,0.24161278,0,0,0
0.14981886,1,0,21.0,0,0,0
2.158,1,1,20.0,0,0,0
0.03162962,0,2,1.144539373,0,0,0
1.275584568297368,1,2,0.341035159,0,0,0
12.99392246,1,0,22.127224645,0,0,0
12.977,1,1,21.0,0,1,0
51.04115322,1,1,21.0,0,0,0
9.99392246,1,2,22.000001337,0,0,0
0.023,1,0,21.0,0,0,0
1.79768468,1,1,20.815012353,0,0,0
0.00275,1,2,1.302663859,0,0,0
7.95392246,1,2,22.000001337,0,0,0
24.99985,1,2,1.281727018,0,0,0
0.09985,1,2,1.119048167,0,0,0
0.766638,1,2,21.0,0,0,0
12.17263642,1,1,22.127224645,0,0,0
11.09392246,1,2,22.000001337,0,0,0
0.305377,0,1,1.060141461,0,0,0
1.212784699727147,1,2,0.372385933,0,0,0
16.288,1,2,21.431542316,0,0,0
16.45991355137063,1,0,0.294267018,0,0,0
8.94792616,1,2,22.000001337,0,0,0
0.01,0,2,20.40801424,0,0,0
19.8436743,0,2,22.127224645,0,0,0
10.98392246,1,2,21.0,0,0,0
0.00646527,0,0,1.119101993,0,1,0
0.01571,1,0,1.111606758,0,0,0
150.0,0,0,20.42469852,0,0,0
0.00185,0,1,1.10337677,0,0,0
249.9999948539381,1,1,0.303189435,0,0,0
49.09392246,1,1,22.000001337,0,0,0
9.37642515,1,2,22.000001337,0,0,0
0.752327158849724,1,2,0.322326307,0,0,0
0.00134,1,0,1.043824123,0,0,0
0.812451328705299,1,2,0.242766032,0,0,0
0.4916654181190286,1,1,0.427844078,0,0,0
9.86040235,1,2,20.012773603,0,0,0
0.8309181,1,1,1.11457672,0,0,0
92.7799343217254,1,1,0.339479526,0,0,0
0.02702512,1,0,1.119658899,0,0,0
7.99392246,1,0,22.000001337,0,0,0
0.05201881,1,2,1.271686851,0,0,0
0.01,1,0,5.91507456,0,0,0
0.09011836,1,0,1.094267018,0,0,0
0.7892716005997013,1,0,0.29455668,0,0,0
0.0101397,1,2,1.159168946,0,0,0
30.307,1,1,20.0,0,0,0
0.005,1,1,20.0,0,0,0
0.005,1,1,21.0,0,0,0
2.944146985657164,0,1,0.339479526,0,0,0
24.47905,1,1,1.058985734,0,1,0
14.99392246,0,1,21.0,0,0,0
14.03972546,1,0,22.000001337,0,0,0
0.01,1,0,20.42469852,0,0,0
0.00185,1,2,1.137699861,0,1,0
31.995,1,1,21.0,0,0,0
5.2023,1,2,20.0,0,0,0
0.0296409,0,2,1.200314535,0,1,0
0.789790841525171,1,2,0.35463077,0,0,0
27.49992246,1,1,22.000001337,0,0,0
0.60857116,0,2,1.276874757,0,0,0
0.05609651,1,0,1.12510221,0,0,0
0.0284962,1,1,1.042927467,0,0,0
7.49028061,0,2,22.000001337,0,0,0
3.197070254682771,1,0,0.299798668,0,0,0
0.756250817082962,1,0,0.245976873,0,0,0
2.8013,1,0,1.047528733,0,0,0
0.649338824137896,1,1,0.458624863,0,0,0
2.909026922069458,1,1,0.454053409,0,0,0
3.73460373821874,1,1,0.333801551,0,0,0
28.68892246,1,0,22.000001337,0,0,0
0.583249254997371,1,1,0.485210834,0,0,0
0.005,0,2,21.596799909,0,0,0
8.88092639,1,0,22.000001337,0,0,0
1.100990638384212,1,2,0.59198257,0,0,0
0.2913,1,0,21.969348338,0,0,0
7.306048,1,0,21.0,0,0,0
0.676,1,0,0.321828952,0,1,0
1.0,1,0,1.098622457,0,0,0
0.00200677,1,1,1.132509702,0,0,0
0.00185,1,1,1.041813593,0,0,0
1.96228038,1,1,1.10010148,0,0,0
0.36491912,1,0,1.222650617,0,0,0
0.11044379,0,1,1.2717804,0,0,0
1.051836409961933,1,2,0.249454777,0,0,0
0.931660022256354,1,0,0.485210834,0,0,0
0.534556095069479,1,2,0.341590268,0,0,0
0.0029469,1,0,1.144522669,0,0,0
7.97392246,1,1,22.000001337,0,0,0
7.99392246,1,1,22.000001337,0,1,0
18.505,1,2,20.40801424,0,0,0
26.52792246,1,1,22.000001337,0,0,0
30.96389828,1,1,1.041077967,0,0,0
300.0,1,2,20.0,0,0,0
2.747,1,0,21.0,0,0,0
0.0413,1,0,20.0,0,0,0
0.621819246667422,1,1,0.341590268,0,0,0
0.01243793,1,0,1.045919228,0,0,0
44.90345939,1,0,22.000001337,0,0,0
0.5000833027829227,1,1,0.4032001,0,0,0
0.0002032990207564,1,0,1.002774922,0,0,0
0.55114693,1,1,1.127010236,0,0,0
5.057,1,1,21.969348338,0,0,0
7.52874114,1,1,22.000001337,0,0,0
0.302408,1,1,22.0,0,1,0
9.00392246,1,0,22.000001337,0,0,0
0.2,1,1,10.0,0,0,0
0.078771,0,0,1.04091465,0,0,0
4.1739,1,1,21.0,0,0,0
9.89392246,1,2,22.000001337,0,0,0
9.081559,1,2,22.000001337,0,0,0
0.0316041,0,0,1.121631938,0,0,0
1.245,1,0,21.0,0,0,0
0.0053745,1,2,1.102203142,0,0,0
5.851471199891993,1,2,0.288734486,0,0,0
0.894987901755289,1,0,0.321845711,0,0,0
0.0913,1,2,21.661292598,0,0,0
0.0193076,0,0,1.115023276,0,0,0
0.495,1,1,21.0,0,0,0
9.081559,0,0,22.000001337,0,0,0
77.99985,0,0,1.094181687,0,0,0
0.5394099,0,2,1.11040234,0,0,0
1.406,0,1,30.5,0,0,0
0.00883053,1,0,1.057392779,0,0,0
0.005,1,2,30.0,0,0,0
49.299559,1,0,21.0,0,0,0
3.666056,1,0,30.0,0,0,0
0.00747845,1,2,1.045754952,0,0,0
3.048,0,1,24.670216374,0,0,0
7.24778106,1,0,22.000001337,0,0,0
0.4934016894667088,1,2,0.254626787,0,0,0
10.00392246,1,0,21.0,0,0,0
0.31468,1,1,20.0,0,0,0
0.1300892,1,0,20.0,0,0,0
8.19392246,1,1,22.000001337,0,0,0
3.117,1,2,21.0,0,0,0
0.906248,1,2,20.0,0,0,0
1.995,0,1,21.661292598,0,0,0
0.5461585075113933,1,1,0.238286072,0,0,0
0.01,1,2,20.0,0,0,0
0.00495,1,2,1.308411482,0,0,0
17.58069821,1,2,22.127224645,0,0,0
0.566,1,1,0.363883524,0,0,0
2.055,1,1,21.0,0,0,0
19.98212994,1,2,21.0,0,0,0
17.07761551,1,0,21.0,0,0,0
0.4905725,1,2,0.234610586,0,0,0
0.8710784170662006,1,2,0.387551877,0,0,0
28.31892246,1,1,21.0,0,0,0
0.07709905,1,2,1.060881535,0,0,0
21.64742246,1,1,22.000001337,0,0,0
13.995,0,2,21.0,0,0,0
4.98351852,1,1,50.0,0,0,0
0.00914669,1,0,1.037837074,0,0,0
0.2913,0,2,21.0,0,0,0
0.13322317,0,2,1.044664982,0,0,0
0.1690749,0,0,22.0,0,0,0
710.999464765504,1,2,0.332406987,0,0,0
29.989559,0,1,22.000001337,0,0,0
9.99392246,0,2,22.000001337,0,0,0
2.5895551110158865,1,0,0.348392543,0,0,0
8.529059,1,0,22.000001337,0,0,0
224.99892246,0,0,20.0,0,0,0
1.0428696960393369,1,2,0.250536205,0,0,0
1.694900478713628,1,2,0.337906168,0,0,0
51.0737098369785,1,2,22.000001337,0,0,0
0.628670273946535,1,1,0.230870737,0,0,0
0.001,1,2,5.91507456,0,0,0
0.506170261764915,1,0,0.249454777,0,1,0
29.48392246,1,2,21.0,0,0,0
2.2350273442342203,0,1,0.443922838,0,0,0
1.0,1,2,21.0,0,0,0
0.885,1,2,21.0,0,0,0
4.98351852,1,1,50.0,0,0,0
0.67454431,1,0,1.1193392,0,0,0
0.1292,0,0,30.5,0,0,0
40.68991803902265,1,2,0.267165316,0,0,0
0.2418199,1,1,1.044220441,0,0,0
21.44435682,0,0,22.000001337,0,0,0
9.42936432,1,2,22.000001337,0,0,0
0.00185,1,1,1.230408239,0,0,0
0.00499227,1,0,1.206337197,0,0,0
4.399653980977669,1,2,0.516471891,0,0,0
0.00314124,0,1,1.132332499,0,0,0
14.99392246,1,2,100.1,0,0,0
0.01,1,2,20.42469852,0,0,0
0.21281672,1,2,1.195507819,0,0,0
0.493410561966023,0,2,0.239863892,0,0,0
49.09392246,1,2,22.000001337,0,0,0
0.0955542,1,2,1.333277766,0,1,0
39.98769453,1,1,22.073836554,0,0,0
6.125,1,2,20.0,0,0,0
684.9998002154123,1,2,0.308912007,0,0,0
300.0,1,0,21.0,0,0,0
30.09392246,1,0,22.000001337,0,0,0
52.98911568720191,1,1,22.000001337,0,0,0
0.07411567,1,0,1.298025301,0,0,0
0.01,1,1,20.0,0,0,0
2.434,1,0,30.5,0,0,0
0.251,1,2,21.0,0,0,0
300.0,0,2,20.0,0,0,0
0.02435,1,0,1.059427617,0,0,0
1.7732,1,2,21.0,0,0,0
9.99885,1,0,1.27192864,0,0,0
399.63985,1,2,1.217294851,0,0,0
9.9920973,1,2,22.000001337,0,0,0
0.9679329600236544,0,2,0.241250031,0,0,0
9.99392246,1,1,22.000001337,0,0,0
0.01,1,0,8.0,0,0,0
14.95892246,1,2,22.127224645,0,0,0
0.575419,1,0,21.0,0,0,0
9.99392246,1,1,22.000001337,0,0,0
8.14372246,1,0,22.000001337,0,0,0
29.99392246,1,2,21.0,0,0,0
86.9934743,0,1,22.000001337,0,0,0
0.99985,1,1,1.129097862,0,0,0
0.01489722,1,0,1.281360337,0,0,0
0.844,0,2,30.0,0,0,0
0.4,1,0,20.887260762,0,0,0
50.0,1,2,20.0,0,0,0
2.994,1,2,21.0,0,0,0
0.499991990145602,0,0,0.322326307,0,0,0
0.495,1,2,20.0,0,0,0
0.817975579327216,1,0,0.337906168,0,0,0
12.73392246,1,2,21.0,0,0,0
9.20768946,1,2,22.000001337,0,0,0
19.99985,1,0,1.051036035,0,0,0
1.28389121,1,0,20.340146304,0,0,0
0.06187212,0,0,1.048845549,0,0,0
7.8353576,1,2,21.0,0,0,0
0.01,1,2,20.0,0,1,0
4.032429828314192,1,0,0.337906168,0,1,0
0.0846,1,2,20.0,0,0,0
99.98892246,1,2,22.000001337,0,0,0
2.695,1,1,21.0,0,0,0
84.07916946,1,0,22.073836554,0,0,0
0.11700857,0,1,1.19619103,0,0,0
1.19587146324163,1,1,0.244694791,0,0,0
119.99392246,1,2,21.0,0,0,0
0.0039,0,1,1.15509193,0,0,0
0.154695,1,0,1.042274296,0,0,0
0.06849158,0,0,1.117400583,0,0,0
0.05201881,0,1,1.271686851,0,0,0
5.13915205,1,1,20.0,0,0,0
2.885,1,1,20.012773603,0,0,0
3.9497,1,2,20.0,0,0,0
0.9992805208082678,0,0,0.243338951,0,0,0
0.844,1,2,30.0,0,0,0
0.005,0,1,21.0,0,0,0
0.08508053,1,2,21.0,0,0,0
5.525,1,2,20.0,0,0,0
26.196433241592008,1,2,0.373931154,0,0,0
1.0,0,2,20.0,0,0,0
67.99861925997192,1,1,22.000001337,0,0,0
0.676,1,1,0.321828952,0,0,0
15.28848146,0,1,21.0,0,0,0
0.646285458474531,1,0,0.235282764,0,0,0
9.99392246,1,2,22.000001337,0,0,0
5.836345,0,2,21.0,0,0,0
29.99988762954745,0,1,0.24507077,0,0,0
96.82999291975636,1,2,0.241401293,0,0,0
57.11805909,1,1,22.000001337,0,0,0
0.11347801,1,0,1.121539168,0,0,0
25.03175822511432,1,2,0.25680762,0,0,0
0.71760987,1,1,0.240608391,0,0,0
0.005,1,2,21.0,0,0,0
0.1,1,0,10.0,0,0,0
12.69112246,1,1,22.127224645,0,0,0
0.5393774907466439,0,2,0.474345778,0,0,0
1.605,1,0,20.0,0,0,0
5.335,1,2,21.0,0,0,0
21.865059,0,1,22.000001337,0,0,0
3.9998950758559007,0,0,0.252285406,0,0,0
8.74992246,1,2,22.000001337,0,0,0
0.08199845,0,2,1.032450776,0,0,0
12.18088322,1,1,22.127224645,0,0,0
0.10925,1,1,1.258392781,0,0,0
8.65105198,1,2,22.000001337,0,0,0
0.005,1,0,21.0,0,0,0
684.9998002154123,1,1,0.308912007,0,0,0
0.702563843542925,1,1,0.239534815,0,1,0
17.99958,0,0,22.000001337,0,1,0
6.15351918,1,0,1.218918109,0,0,0
3.809,1,1,20.012773603,0,0,0
0.49999381430972,1,2,0.492602688,0,0,0
0.251875,1,1,1.06824051,0,0,0
500.0,0,0,21.0,0,0,0
1.095,1,2,20.0,0,0,0
10.105,1,0,20.272024492,0,0,0
0.489383798006383,1,0,0.233479113,0,0,0
25.99392246,1,0,22.000001337,0,0,0
2.055,1,2,21.0,0,0,0
30.99392246,1,2,22.000001337,0,0,0
8.189559,0,0,22.000001337,0,0,0
0.30213407,1,1,1.258184501,0,0,0
1.169958,1,2,0.250129938,0,0,0
25.8994603369785,1,2,22.000001337,0,0,0
0.1987,1,2,20.0,0,0,0
0.0043,1,0,20.0,0,0,0
0.01,1,0,20.0,0,0,0
14.999923873784622,1,0,0.43362083,0,0,0
46.741055,1,2,22.000001337,0,0,0
0.0025473,0,1,1.040466748,0,0,0
27.295162219317707,1,1,0.245281989,0,0,0
0.03484,1,1,1.27612587,0,0,0
0.437,1,1,21.0,0,0,0
3.9998950758559007,1,0,0.252285406,0,0,0
0.5069836402458612,1,2,0.243338951,0,0,0
1.01440507,0,1,21.0,0,0,0
0.655253353232027,0,2,0.4032001,0,0,0
14.904423073175312,1,2,0.441464016,0,0,0
9.84015287,1,2,30.0,0,0,0
0.906689998440586,1,2,0.298840711,0,0,0
12.99392246,1,2,22.127224645,0,0,0
190.56915,0,0,1.160221549,0,0,0
9.95964716,1,0,22.000001337,0,0,0
10.47999086987935,1,2,0.427844078,0,1,0
0.01,0,0,20.40801424,0,0,0
18.54082246,1,2,21.0,0,1,0
15.999971481573748,1,0,0.450152997,0,0,0
9.09392246,0,2,22.000001337,0,0,0
1.864615166375031,1,1,0.24507077,0,0,0
5.638173397865275,1,0,0.245976873,0,0,0
19.98212994,1,1,21.0,0,0,0
0.01985,0,0,1.039586454,0,0,0
0.0054445,1,0,1.273333207,0,0,0
2.202383100505639,1,1,0.303189435,0,0,0
7.64779876,1,1,22.000001337,0,0,0
0.7083940450707178,0,0,0.48507515,0,0,0
8.95875376,1,0,22.000001337,0,0,0
8.51790754,1,1,22.000001337,0,0,0
10.12192246,0,1,22.000001337,0,0,0
105.2866437040903,1,1,0.441464016,0,0,0
2.005,1,2,30.0,0,0,0
1.162,1,1,20.0,0,0,0
39.99985,1,0,1.191674583,0,0,0
61.08469306,1,2,1.179932621,0,0,0
3.76046856,1,2,1.040751675,0,0,0
5.1146,1,0,24.670216374,0,0,0
0.00235,1,2,1.046317694,0,0,0
18.78392246,0,2,20.159005428,0,0,0
22.795794250729728,1,1,0.239394101,0,0,0
20.31777376,0,2,20.0,0,0,0
0.50289508,1,2,0.288183858,0,0,0
11.09392246,1,2,22.000001337,0,0,0
0.005,1,2,20.0,0,0,0
8.86710631295517,1,0,0.240608391,0,0,0
24.59392246,1,0,22.000001337,0,0,0
9.99392246,1,1,22.000001337,0,0,0
0.6230229077245986,0,2,0.233479113,0,0,0
6.7698977248102725,1,1,0.239162921,0,0,0
0.078771,1,0,1.04091465,0,0,0
4.713,1,2,20.0,0,0,0
0.015,0,1,20.0,0,0,0
0.595007,1,2,1.12994039,0,0,0
4.660847,1,1,21.0,0,0,0
60.409880546787065,1,2,0.43476765,0,0,0
0.4871174931759521,1,2,0.250317593,0,0,0
0.00749504,1,1,1.267958666,0,0,0
2.7924200786530973,1,2,0.304256367,0,0,0
1.5767799,1,0,22.0,0,0,0
20.4933396,0,2,22.000001337,0,0,0
55.34099486996193,1,1,0.252092747,0,0,0
70.464,1,2,21.0,0,0,0
0.005,1,0,21.0,0,0,0
19.999943193171003,0,1,0.250021252,0,0,0
37.26103212676423,1,0,0.333112388,0,0,0
3.048,1,0,24.670216374,0,0,0
1636.0,0,1,1.17374205,0,0,0
10.47596411,1,0,22.127224645,0,0,0
0.005,1,0,20.0,0,0,0
27.99458,1,1,22.127224645,0,0,0
21.64742246,1,2,22.000001337,0,0,0
7.29054318,1,2,20.272024492,0,0,0
4.17423,1,0,20.887260762,0,0,0
0.68371545,1,0,0.341035159,0,0,0
7.27892246,1,1,22.000001337,0,0,0
59.99392246,0,1,22.000001337,0,0,0
0.00215021,1,0,1.039671964,0,0,0
0.6176131540475506,0,0,0.450152997,0,0,0
2.2157786,1,0,20.0,0,0,0
0.02129,1,1,1.112306834,0,0,0
9.09392246,0,1,22.000001337,0,0,0
3.79388885,1,1,21.954492566,0,0,0
0.1690749,1,1,22.0,0,0,0
4.75959059,1,0,0.321927375,0,0,0
0.24937071,1,2,21.0,0,0,0
8.99392246,1,0,22.000001337,0,0,0
24.99392246,0,1,22.000001337,0,0,0
4.064969,1,0,20.0,0,0,0
0.1101,1,1,21.0,0,0,0
1.38361,1,1,20.0,0,0,0
0.04244494,1,1,1.177139637,0,0,0
0.422,1,2,20.0,0,0,0
0.9224162384142014,1,1,0.443922838,0,0,0
0.01007721,1,0,1.149097479,0,0,0
4.98351852,1,1,50.0,0,0,0
24.67992246,1,1,22.000001337,0,0,0
0.07463441,1,2,1.114091234,0,0,0
0.841035412785044,1,1,0.310560886,0,0,0
19.98290738,1,2,21.0,0,0,0
500.0,1,1,20.0,0,0,0
0.998801,1,1,0.337906168,0,0,0
1.405469322643495,1,0,0.372385933,0,0,0
16.72724465,1,0,22.127224645,0,0,0
29.799559,1,0,22.000001337,0,0,0
0.0013,0,1,21.0,0,0,0
29.66832246,0,2,22.000001337,0,0,0
1000.0,1,0,21.0,0,0,0
0.01,0,2,21.0,0,0,0
0.892466964581885,1,2,0.247223673,0,0,0
10.98392246,1,1,22.127224645,0,0,0
0.649338824137896,1,0,0.458624863,0,0,0
0.2913,1,1,23.697264639,0,0,0
28.90648226,1,2,20.0,0,0,0
1.995,0,0,20.0,0,1,0
0.18003914,1,1,1.124488769,0,0,0
35.695,1,0,21.0,0,0,0
0.5945757369636538,1,1,0.474345778,0,1,0
1.995,1,0,21.661292598,0,0,0
0.01067277,0,0,1.033073701,0,0,0
24.995,1,2,21.0,0,1,0
0.03014797,1,2,1.239094062,0,0,0
0.30601177,1,0,1.04238713,0,0,0
14.50065566715346,1,1,22.127224645,0,0,0
7.72205443,1,0,22.000001337,0,0,0
8.52461746,1,1,22.000001337,0,0,0
16.471890489971923,1,0,22.000001337,0,0,0
0.21281672,1,2,1.195507819,0,0,0
0.24985,1,0,1.262286391,0,0,0
9.995,1,1,21.0,0,0,0
0.8616678,1,1,21.0,0,0,0
0.00246588,0,0,1.196605233,0,0,0
7.3198214,1,1,22.000001337,0,0,0
18.7736328060679,1,0,0.254352718,0,0,0
22.19392246,0,1,22.000001337,0,0,0
0.09586239,1,1,1.165839618,0,0,0
0.0764,0,1,21.0,0,0,0
199.9995804742055,1,1,0.321843841,0,0,0
0.01,0,1,20.42469852,0,0,0
0.4884737642262976,1,2,0.230870737,0,0,0
200.0,0,2,21.0,0,0,0
20.86669252898078,1,0,0.517813986,0,0,0
0.5393774907466439,1,0,0.474345778,0,0,0
9.365,1,0,20.0,0,0,0
21.99953532828245,1,0,22.000001337,0,0,0
2.616342031209732,1,2,0.244157391,0,0,0
0.02485,0,2,1.163508954,0,0,0
87.611159,1,1,22.000001337,0,0,0
2.59281242,1,2,1.229613129,0,0,0
0.005,1,1,21.0,0,0,0
5.038258,1,1,20.0,0,0,0
0.00198745,0,2,1.051695128,0,0,0
1.32317875,1,0,1.298225464,0,0,0
23.999559,1,0,22.000001337,0,0,0
1498.999918677987,1,0,0.235282764,0,0,0
157.84382186364522,1,0,0.24518582,0,0,0
30.37768117502626,1,0,0.250674121,0,0,0
1.665,1,2,21.0,0,0,0
1.7772,1,2,21.0,0,0,0
7.42336846,0,1,22.000001337,0,0,0
0.520378379030493,1,1,0.246385252,0,0,0
0.00941713,1,0,1.132078376,0,0,0
10.43040151,1,0,22.000001337,0,0,0
30.0,1,1,21.0,0,0,0
0.41893599,1,0,44.092332086,0,0,0
1.0,1,2,20.0,0,0,0
0.07885441,1,0,1.304972338,0,0,0
2.01006804,1,2,21.0,0,1,0
35.423,1,0,20.272024492,0,0,0
0.15,1,0,23.7564799,0,0,0
0.51,1,1,0.339479526,0,0,0
0.00245914,1,0,1.178544249,0,0,0
0.0025481,1,1,1.145647935,0,0,0
2.5825,1,0,22.0,0,0,0
0.004255,1,2,1.040681623,0,0,0
11.31406986,1,1,22.127224645,0,0,0
0.19947524,1,2,1.141590268,0,0,0
0.05,1,1,23.369866721,0,0,0
2.747,1,2,21.0,0,0,0
10.68551226,1,1,21.0,0,0,0
16.76392246,1,2,100.1,0,0,0
0.528514943961607,1,2,0.35576282,0,0,0
11.99392246,1,2,100.1,0,0,0
2.28999496396291,1,2,0.474345778,0,0,0
1677.0,1,2,1.109111283,0,0,0
1.20700082,1,2,21.0,0,1,0
2.202383100505639,1,0,0.303189435,0,0,0
0.01185,1,0,1.059380834,0,0,0
7.81692246,1,0,22.000001337,0,0,0
62.01595,1,1,1.055671588,0,0,0
0.01726,1,0,1.100216569,0,0,0
0.06087744,0,0,1.158667087,0,1,0
0.005,1,1,20.873010101,0,0,0
0.01,1,0,20.0,0,0,0
2.31651129,1,2,21.0,0,0,0
2.909026922069458,0,2,0.454053409,0,0,0
14.955,1,0,21.309262042,0,0,0
0.0534387,1,1,1.09894806,0,0,0
38.685,1,2,20.0,0,0,0
0.00185,1,0,1.061096712,0,0,0
0.49206872,1,2,1.044102541,0,0,0
99.99946122590856,1,1,0.238286072,0,0,0
5.9931,1,1,21.0,0,0,0
79.99995835953564,1,0,0.373931154,0,0,0
50.05972346,1,1,21.0,0,0,0
0.12130017,1,1,20.0,0,0,0
0.0013,1,0,21.0,0,0,0
1.09030147,1,2,20.0,0,0,0
9.99392246,0,1,22.000001337,0,0,0
189.9998468046892,1,2,0.288183858,0,0,0
69.09987777930947,0,0,0.337906168,0,0,0
0.005,1,2,22.0,0,0,0
12.96996101,1,1,21.0,0,0,0
16.55962981,1,1,20.159005428,0,0,0
9.299559,1,0,22.000001337,0,0,0
0.730934165185301,1,2,0.321927375,0,0,0
25.995,1,0,21.0,0,0,0
1.885,1,2,21.0,0,0,0
0.00235,1,1,1.1157213,0,0,0
39.43262246,0,1,22.000001337,0,0,0
0.00374001,1,1,1.048610601,0,0,0
0.01,1,0,21.0,0,0,0
9.99392246,1,1,22.000001337,0,0,0
5.345,1,0,20.012773603,0,0,0
10.09392246,1,2,21.0,0,0,0
4000.0,1,1,20.0,0,0,0
1.275584568297368,1,0,0.341035159,0,0,0
14.999985685155584,0,0,0.372385933,0,0,0
0.11700857,1,2,1.19619103,0,0,0
14.955,1,0,21.309262042,0,0,0
5.087876985191191,1,0,0.24507077,0,0,0
0.2,1,0,10.0,0,0,0
0.10052978,1,0,1.173434931,0,0,0
26.57852246,1,0,22.000001337,0,0,0
3.12023555,1,2,1.23476765,0,0,0
12.003,0,0,20.0,0,0,0
0.09992668,1,2,1.044937319,0,0,0
0.005,0,2,20.873010101,0,0,0
1.1025965775830997,1,1,0.243154668,0,0,0
8.94792616,1,0,22.000001337,0,0,0
0.00338121,1,2,1.095737674,0,0,0
2.944146985657164,1,0,0.339479526,0,0,0
5.543,0,1,20.0,0,0,0
0.66725261,1,0,0.321469692,0,0,0
0.2913,1,2,20.0,0,0,0
0.00835,0,1,1.096573866,0,0,0
69.09987777930947,1,0,0.337906168,0,0,0
12.876309400758949,1,1,0.330598925,0,0,0
0.00578481,1,2,1.043246796,0,0,0
0.18003914,1,2,1.124488769,0,0,0
11.39958,1,2,21.0,0,0,0
0.84870485,0,0,20.0,0,0,0
9.499559,1,2,22.000001337,0,0,0
0.0689,1,1,1.037566673,0,0,0
86.51988364470017,1,2,0.450152997,0,0,0
80.21813033,1,1,1.156527214,0,0,0
2.99985,1,1,1.048213535,0,0,0
1.999994957730908,1,0,0.25680762,0,0,0
9.96392246,0,1,22.000001337,0,0,0
59.356037,1,0,21.0,0,0,0
0.005,1,1,21.0,0,0,0
9.98192246,0,1,22.000001337,0,0,0
12.46131246,1,2,22.000001337,0,0,0
422.8366316520401,1,1,0.298840711,0,0,0
0.011,0,1,1.038205872,0,0,0
19.99392246,1,0,21.0,0,0,0
0.01603813,1,1,1.040796887,0,0,0
10.00792246,1,1,22.127224645,0,0,0
0.138072,1,2,1.045928693,0,0,0
29.36842928,0,0,22.000001337,0,0,0
13.299994883801617,1,0,0.267165316,0,0,0
249.99453799997195,0,1,21.0,0,0,0
7.61896808,1,2,22.000001337,0,0,0
0.2913,1,2,21.969348338,0,0,0
1.2602458467328117,1,2,0.254626787,0,0,0
1.167414347952949,0,1,0.43362083,0,0,0
0.699993665371988,0,0,0.235533298,0,0,0
0.00218249,1,1,1.247273595,0,0,0
0.0025,0,0,1.178798906,0,0,0
0.698041,1,2,21.505775894,0,0,0
9.1830867,1,2,22.000001337,0,0,0
88.16985,1,1,1.126082445,0,0,0
0.195,0,0,41.0,0,0,0
8.94584846720191,1,0,22.000001337,0,0,0
10.715104127538112,1,2,0.239863892,0,0,0
1.616482,0,0,20.0,0,0,0
9.99392246,1,0,22.000001337,0,0,0
0.00478063,1,1,1.129387478,0,0,0
1.5595472253975549,1,0,0.246385252,0,0,0
15.21425446,1,2,22.127224645,0,0,0
4.975518925331991,1,0,0.339479526,0,0,0
235.999808182014,1,2,0.308905138,0,0,0
0.07463441,0,2,1.114091234,0,0,0
0.005,1,0,20.873010101,0,0,0
0.5072944517533255,1,1,0.29455668,0,0,0
11.09392246,0,2,22.000001337,0,0,0
0.5081960773049455,1,2,0.384632145,0,0,0
5.2998,0,2,21.0,0,0,0
0.001,1,2,20.012773603,0,0,0
3.1,0,0,22.463230501,0,0,0
0.4239,1,1,21.0,0,1,0
21.865059,1,2,22.000001337,0,0,0
48.804751834441255,1,0,22.073836554,0,0,0
0.10052978,0,0,1.173434931,0,0,0
29.999967120941232,0,0,0.242126516,0,0,0
12.82402686,1,2,22.127224645,0,0,0
0.575494921391773,1,2,0.427844078,0,0,0
0.42166724,1,0,21.0,0,0,0
0.6024,1,0,20.012773603,0,0,0
4.996152,0,1,20.0,0,0,0
1.0013,1,2,22.416545867,0,0,0
7.99392246,1,2,22.000001337,0,1,0
0.01748764,0,2,1.146486626,0,0,0
0.19718544,1,2,1.268045741,0,1,0
24.59392246,1,1,22.000001337,0,0,0
4.877113,1,0,30.5,0,0,0
0.28014853,1,1,20.0,0,0,0
8.94897646,1,1,22.000001337,0,1,0
0.0099789,1,2,1.135581276,0,0,0
26.07492246,1,1,22.000001337,0,0,0
0.84870485,1,2,20.0,0,0,0
0.1,1,0,20.0,0,0,0
0.16016038,1,2,1.105880504,0,0,0
0.58485,1,1,1.106483053,0,0,0
2.1863037,1,1,0.257021202,0,0,0
0.99951753,1,2,1.098070604,0,0,0
0.005,1,1,21.0,0,0,0
7.68792246,1,0,22.000001337,0,0,0
0.05415,1,1,1.127525907,0,1,0
10.589644966,1,2,22.127224645,0,0,0
0.05758183,1,2,1.056377793,0,0,0
0.99677799,1,1,20.0,0,0,0
0.7336834288564242,1,1,0.359740198,0,0,0
18.48296540759589,1,0,0.244157391,0,0,0
0.02387222,1,2,1.282356162,0,0,0
1.114625475365865,1,1,0.373931154,0,0,0
17.07761551,0,0,21.0,0,0,0
0.52772251,1,2,1.362115208,0,0,0
1499.9999838528345,1,2,0.235282764,0,0,0
8.35882246,1,0,22.000001337,0,0,0
3.499994809397282,1,1,0.246629989,0,0,0
0.7124395,1,2,1.096313384,0,0,0
0.09,0,2,25.0,0,0,0
3.395,1,0,20.0,0,0,0
9.995,1,0,21.0,0,0,0
2.538,0,2,21.309262042,0,0,0
9.90095646,1,2,22.000001337,0,0,0
5.038258,1,2,20.0,0,0,0
32.53062246,1,1,21.0,0,0,0
0.55232464,1,2,1.146329436,0,0,0
58.999994955629866,0,1,0.245098184,0,0,0
7.35320548,1,2,22.000001337,0,1,0
0.100346,0,0,1.055446197,0,0,0
0.04500066,1,0,20.0,0,0,0
0.97574576,1,0,20.0,0,0,0
8.36256164,1,0,22.000001337,0,0,0
7.98892246,1,0,22.000001337,0,0,0
0.00944338,1,1,1.103577819,0,0,0
22.02436646,1,0,22.000001337,0,0,0
1.281442848358902,1,1,0.249216844,0,0,0
0.8710784170662006,1,1,0.387551877,0,0,0
0.005,0,0,20.873010101,0,0,0
0.6921658138956492,1,1,0.399923023,0,0,0
29.999559,1,2,22.000001337,0,0,0
0.999994887703678,1,1,0.245976873,0,0,0
2.71708194,1,0,92.0,0,0,0
0.2402,0,2,30.5,0,0,0
0.00250222,0,1,1.204921199,0,0,0
19.98212994,1,1,21.0,0,0,0
0.5945757369636538,1,0,0.474345778,0,0,0
0.01059727,1,0,1.123442473,0,0,0
3.818,1,0,21.0,0,0,0
3.77680065,1,2,21.157421146,0,0,0
0.0039,1,0,1.15509193,0,0,0
530.861178282,0,1,22.073836554,0,0,0
37.92999287092995,1,2,0.363883524,0,0,0
0.0054377,1,1,1.107083779,0,0,0
5.53477,1,0,21.0,0,0,0
0.7025794806545569,0,2,0.4032001,0,0,0
9.9181247,1,0,30.0,0,0,0
5.190517,0,2,25.0,0,0,0
33.592,0,2,21.0,0,0,0
0.0306449,1,1,1.092132988,0,0,0
0.768141410382447,1,0,0.31440281,0,0,0
0.001881,1,1,1.135976404,0,0,0
11.095,1,0,4.0,0,0,0
39.43262246,1,2,22.000001337,0,0,0
200.0,1,2,21.0,0,0,0
14.29392246,0,2,21.0,0,0,0
9.89392246,1,2,22.000001337,0,0,0
1.4119654057026665,1,0,0.322326307,0,0,0
0.095,1,0,20.0,0,0,0
0.00485,1,1,1.042212866,0,0,0
4.914076,1,1,21.954492566,0,0,0
26.18862476,1,2,21.0,0,0,0
0.10509784,1,1,1.043815701,0,1,0
4.999983400681158,1,2,0.299798668,0,0,0
0.1987,1,1,20.0,0,0,0
18.664,1,0,21.0,0,0,0
0.907376981336791,1,0,0.322326307,0,0,0
1.513701634913263,1,1,0.245976873,0,0,0
0.00235,1,0,1.122058828,0,0,0
8.94897646,0,1,22.000001337,0,1,0
2.3444323031553025,1,1,0.327010236,0,0,0
1.6356757997492388,1,0,0.232520717,0,0,0
1.389990403061404,1,1,0.299798668,0,1,0
0.13326,1,2,1.121784292,0,0,0
0.13352289,0,0,1.228010974,0,0,0
17.07761551,1,1,21.0,0,0,0
0.014,1,2,24.670216374,0,0,0
0.002408,1,0,20.0,0,0,0
19.99997499699249,1,2,0.337906168,0,0,0
8.91231255,0,1,22.000001337,0,0,0
0.015,0,0,20.0,0,0,0
3.995,1,2,30.0,0,0,0
0.11698979,1,1,30.0,0,0,0
2.08,1,2,22.0,0,0,0
24.735,1,1,30.0,0,0,0
25.495,1,2,20.887260762,0,0,0
5.781854999553708,0,2,0.235533298,0,0,0
0.25059105,1,2,1.047481304,0,0,0
34.99999354583117,1,1,0.244287527,0,1,0
7.48432246,1,2,22.000001337,0,0,0
0.0127485,0,0,1.051824522,0,0,0
3.3029575641394016,0,1,0.31440281,0,0,0
9.98392246,1,1,22.000001337,0,0,0
6.42730876,1,0,21.0,0,0,0
115.99993890619083,0,2,0.235533298,0,0,0
0.950273707269397,1,2,0.43362083,0,0,0
0.16833416,0,2,20.0,0,0,0
44.19392246,0,1,21.0,0,0,0
249.99892246,1,1,21.0,0,0,0
0.14586565,1,1,1.07148342,0,0,0
126.283849,1,2,22.000001337,0,0,0
0.14488717,0,2,1.184681819,0,0,0
0.00779119,1,0,1.118718529,0,0,0
39.799559,0,1,22.000001337,0,0,0
0.49985,1,0,1.0788472,0,0,0
22.84392246,0,2,22.000001337,0,0,0
8.3719035,1,1,22.000001337,0,0,0
2.095,1,1,30.0,0,0,0
1.4884798131364108,1,0,0.238819943,0,0,0
10.39227344,1,0,22.127224645,0,0,0
7.91092246,1,2,22.000001337,0,0,0
8.49392246,0,2,22.000001337,0,0,0
11.095,1,1,4.0,0,0,0
43.64492246,0,2,21.0,0,0,0
0.01555552,1,1,1.21726417,0,0,0
32.8176,1,1,21.0,0,0,0
0.01,0,0,20.0,0,0,0
2.69,1,1,20.012773603,0,0,0
0.499986142327242,0,0,0.355813575,0,0,0
0.22501961,0,0,1.128294667,0,0,0
14.99142246,1,1,22.127224645,0,0,0
0.01685,1,0,1.281755974,0,0,0
0.2913,1,2,23.697264639,0,0,0
0.23836628,1,0,1.038557268,0,0,0
800.0,1,2,21.0,0,0,0
0.313709,0,0,1.06037898,0,0,0
0.03436008,1,2,1.131447078,0,0,0
0.03685561,1,1,20.0,0,0,0
0.005,0,2,21.0,0,0,0
0.19125,1,1,1.208205771,0,0,0
0.005,0,1,21.596799909,0,0,0
1.144,1,0,20.0,0,0,0
500.0,1,1,20.873010101,0,0,0
1.9999795075846407,1,1,0.399923023,0,0,0
0.7007607435239745,1,2,0.36210711,0,0,0
9.99813962,1,0,22.000001337,0,1,0
1.15019649,1,0,1.291849597,0,0,0
1.605,0,0,20.0,0,0,0
0.00587342,1,0,1.205405213,0,0,0
5.151,1,2,21.0,0,0,0
17.19653501,1,0,0.428010974,0,0,0
0.48811573,1,2,1.106626885,0,0,0
0.01243793,1,0,1.045919228,0,0,0
49.1691978,1,2,20.0,0,0,0
0.792490722223142,0,1,0.321845711,0,0,0
1.0385536105421491,0,0,0.372385933,0,0,0
0.0236263,0,1,1.132937191,0,0,0
1.402756846965275,1,2,0.327010236,0,0,0
0.25408403,1,2,1.046939744,0,0,0
5.0,1,0,21.0,0,0,0
1.275584568297368,1,1,0.341035159,0,0,0
11.228824525192469,1,1,0.29455668,0,1,0
15.999971481573748,0,1,0.450152997,0,0,0
1.891291190791917,1,2,0.242126516,0,0,0
68.23301246,1,1,21.0,0,0,0
0.6124691637317735,1,1,0.240108052,0,0,0
0.0493005,0,1,1.087567913,0,0,0
4.87522,1,2,20.0,0,0,0
10.20396036,0,2,22.000001337,0,0,0
0.995,1,2,20.272024492,0,0,0
0.0031467,1,0,1.064887978,0,0,0
0.17958223,0,0,1.127609454,0,0,0
18.15224229,1,0,21.0,0,0,0
0.0041576,1,0,1.233914991,0,0,0
8.724793974853798,1,2,0.236817799,0,0,0
0.06085,1,2,1.159952214,0,0,0
16.55962981,1,0,20.159005428,0,0,0
0.12167054,0,1,20.0,0,1,0
6.839652567052158,0,0,0.3193392,0,0,0
0.01399912,1,0,1.241464016,0,0,0
0.999994872704218,1,1,0.294452624,0,0,0
3.727827234671728,1,0,0.388031055,0,0,0
141.29682246,1,2,21.0,0,0,0
6.2863,1,2,20.0,0,0,0
244.830087999972,1,1,22.000001337,0,0,0
1.18069108,0,0,1.135453831,0,0,0
119.20985679313188,1,1,0.321843841,0,0,0
110.22954532700346,1,2,0.4032001,0,0,0
0.85988917714411,0,0,0.288734486,0,1,0
9.999559,1,2,22.000001337,0,0,0
5.2998,1,0,21.0,0,1,0
9.52052246,1,0,22.000001337,0,0,0
11.453206,1,1,4.0,0,0,0
0.05372264,1,1,1.097520027,0,0,0
73.31985,1,0,1.099375244,0,0,0
8.99848,1,2,22.000001337,0,0,0
9.99392246,1,2,22.000001337,0,0,0
2.809815,1,1,21.0,0,0,0
26.57852246,1,1,22.000001337,0,0,0
0.005,1,0,20.873010101,0,0,0
23.922,1,1,20.0,0,0,0
0.998362058412766,1,0,0.359952214,0,0,0
0.097,1,0,22.105999998,0,0,0
0.02674981,1,2,1.281646828,0,0,0
11.1978958,1,1,22.127224645,0,0,0
10.595,1,2,20.0,0,0,0
62.20595285,1,0,22.000001337,0,0,0
10.98392246,0,1,22.127224645,0,0,0
1.159993561666616,1,0,0.296072543,0,0,0
1.18069108,1,0,1.135453831,0,0,0
28.99710583,1,2,22.000001337,0,0,0
0.01002185,1,1,1.12008038,0,0,0
4.8891,1,1,20.0,0,0,0
8.42243671,1,2,22.000001337,0,0,0
0.0042456,1,2,1.160374708,0,0,0
1.1979185229757614,0,0,0.321469692,0,1,0
3.350542649870861,1,1,0.329899238,0,0,0
74.98177536,0,2,22.000001337,0,0,0
62.01595,1,0,1.055671588,0,0,0
0.982607286569974,1,2,0.245976873,0,0,0
21.48974239575069,1,1,0.399923023,0,0,0
0.659994565700493,1,0,0.24161278,0,0,0
0.03482276,1,2,1.118214473,0,0,0
24.59392246,1,2,22.000001337,0,0,0
10.77509106,1,0,21.0,0,0,0
0.47140709,1,2,1.047236243,0,0,0
35.695,1,2,21.0,0,0,0
0.05609651,1,1,1.12510221,0,0,0
0.906689998440586,1,1,0.298840711,0,0,0
15.51560792,0,0,50.0,0,0,0
0.0013,1,1,20.815012353,0,1,0
9.60374901,0,2,22.000001337,0,0,0
0.01,1,2,20.42469852,0,0,0
2.587849009482467,1,1,0.239394101,0,0,0
4.999985342583911,1,0,0.243434082,0,0,0
0.1101,1,2,21.0,0,0,0
0.01579371,1,2,1.038763927,0,0,0
5.13365,1,0,22.667583079,0,0,0
0.379,1,2,30.5,0,1,0
57.99952521810541,1,0,0.377078153,0,0,0
19.98892246,1,2,22.127224645,0,0,0
55.34099486996193,1,2,0.252092747,0,0,0
1.595,1,1,21.0,0,0,0
21059.19384154,0,1,1.148059449,0,0,0
1.462950113470104,1,0,0.239863892,0,0,0
0.8663,1,0,20.0,0,1,0
0.03635,1,0,30.0,0,0,0
39.647,1,2,20.0,0,0,0
9.31318744,0,1,22.000001337,0,0,0
0.1,1,0,30.01,0,0,0
6.793,1,1,21.0,0,0,0
1.19587146324163,1,2,0.244694791,0,0,0
1.095,1,1,20.0,0,0,0
0.2,1,2,10.0,0,0,0
10.43040151,1,0,22.000001337,0,0,0
8.02904488,1,0,22.000001337,0,1,0
0.07985,1,1,1.052828981,0,0,0
3.0,0,1,21.0,0,0,0
0.4916654181190286,1,2,0.427844078,0,0,0
0.37219888,1,2,22.416545867,0,0,0
0.062932,1,0,44.104297439,0,0,0
0.6029399489271763,1,2,0.330598925,0,0,0
7.69985,1,0,1.186200982,0,0,0
0.31857088,1,1,1.048001627,0,0,0
23.389645674262542,1,2,0.441464016,0,0,0
17.49221972,1,2,22.000001337,0,0,0
0.4175,1,0,21.0,0,0,0
3.598656920750184,1,1,0.303189435,0,0,0
90.60100228,1,2,21.0,0,0,0
0.85988917714411,1,0,0.288734486,0,0,0
5.455,1,2,21.0,0,0,0
0.005,0,1,30.5,0,0,0
3.60056264,1,0,21.0,0,1,0
3.14975,1,0,1.048225422,0,0,0
0.09397439,0,2,1.126342189,0,0,0
0.99677799,1,1,20.0,0,0,0
1.402756846965275,0,2,0.327010236,0,0,0
1.8471082030805253,0,1,0.36210711,0,0,0
13.24756053,0,1,21.0,0,0,0
2.747,0,2,21.0,0,0,0
2.649817361986287,1,2,0.36210711,0,0,0
0.2863,1,0,20.0,0,0,0
8.49392246,0,2,22.000001337,0,0,0
0.8535683282605032,0,0,0.377078153,0,0,0
0.89907899,1,2,20.0,0,0,0
87.49849296,1,0,22.073836554,0,0,0
9.60374901,1,1,22.000001337,0,0,0
0.005,0,0,21.596799909,0,0,0
10.076274,1,2,1.042928778,0,0,0
8.98392246,1,2,22.000001337,0,0,0
2.4733,1,2,20.0,0,0,0
5.618874086840614,1,1,0.43362083,0,0,0
1.179,0,2,21.0,0,0,0
9.98392246,1,0,22.000001337,0,0,0
0.11700857,1,1,1.19619103,0,0,0
0.00185,1,2,1.094775851,0,1,0
37.67991054040487,1,1,22.000001337,0,0,0
0.11044379,1,0,1.2717804,0,0,0
0.5055438,1,1,1.107687314,0,0,0
0.005,1,1,24.568222891,0,0,0
0.086,0,2,21.0,0,0,0
399.82985,1,2,1.194374776,0,0,0
3.329345,1,1,21.0,0,0,0
0.5398,1,2,20.887260762,0,0,0
0.005,0,0,21.0,0,0,0
190.56915,1,0,1.160221549,0,0,0
0.495,1,1,20.0,0,0,0
4.952344,0,2,21.0,0,0,0
0.886489912918231,0,2,0.32510221,0,0,0
107.94242246,1,1,22.073836554,0,0,0
2.434,1,0,30.5,0,0,0
0.72069203,1,2,20.272024492,0,0,0
0.437,1,1,21.0,0,0,0
0.83836817,1,0,0.341590268,0,0,0
1.412736981157595,1,1,0.384681819,0,0,0
1.23070288,1,2,21.0,0,0,0
92.91126188343324,1,0,0.262824488,0,0,0
28.06164785,0,1,22.000001337,0,0,0
161.00493167567436,1,0,0.321845711,0,0,0
21.64742246,0,2,22.000001337,0,0,0
11.987537999971924,1,0,22.000001337,0,0,0
7.0119,1,2,20.0,0,0,0
22.04391445,1,2,30.0,0,0,0
6.2913,1,2,21.0,0,0,0
0.08427428,1,1,1.269300938,0,0,0
7.01844227,1,2,22.000001337,0,0,0
13.994356212860843,1,0,25.076374645,0,0,0
20.23085174,1,0,21.0,0,0,0
0.00485014,1,0,1.123530282,0,0,0
18.505,1,0,20.40801424,0,0,0
8.99392246,1,1,22.000001337,0,0,0
1.2799,1,1,20.0,0,0,0
0.1010487,1,2,1.132078376,0,0,0
189.99997006043867,1,0,0.337906168,0,0,0
4.995,1,1,20.0,0,0,0
5.251510839496272,0,2,0.239162921,0,0,0
14.77392246,1,0,22.000001337,0,0,0
0.6304912239643709,1,2,0.244849866,0,0,0
24.99994027759104,1,1,0.238076445,0,0,0
0.31133447,1,1,1.067644199,0,0,0
14.99392246,1,0,20.159005428,0,0,0
0.725950674784377,1,0,0.341715468,0,0,0
1.28389121,1,2,20.340146304,0,0,0
2.015197339679005,0,2,0.242766032,0,0,0
0.999992081358787,1,1,0.300207963,0,0,0
2.49965,1,1,1.040032972,0,0,0
57.6562769732174,0,1,0.327837489,0,0,0
0.01437069,1,1,1.112694087,0,0,0
1.49998981342185,1,2,0.372385933,0,0,0
9.99392246,1,1,22.000001337,0,0,0
0.09473973,1,0,1.048155292,0,0,0
0.0467788,0,0,1.038763927,0,0,0
0.8007412681558422,1,2,0.387551877,0,0,0
0.005,1,2,21.0,0,0,0
300.0,1,0,20.0,0,0,0
0.005,1,0,20.873010101,0,0,0
1.1025965775830997,1,0,0.243154668,0,0,0
0.504,1,1,0.330598925,0,0,0
0.99985,1,1,1.129097862,0,0,0
16.789510540404873,1,0,22.000001337,0,0,0
2.999995105624164,0,0,0.43476765,0,0,0
2.31651129,0,0,21.0,0,0,0
0.2112384,0,1,1.261963916,0,0,0
0.01,1,0,21.0,0,0,0
10.06997028493036,1,1,0.243338951,0,1,0
0.1170409,0,0,20.0,0,0,0
0.566,1,2,0.363883524,0,0,0
10.00392246,1,2,21.0,0,0,0
0.5610206230323452,1,1,0.322326307,0,0,0
0.0025481,0,2,1.145647935,0,0,0
53.551,0,1,21.981996749,0,0,0
0.09011836,0,0,1.094267018,0,0,0
1.031890842864764,1,0,0.516471891,0,0,0
14.6903595,0,0,20.0,0,0,0
0.93552479,1,2,0.429864307,0,0,0
1.0603214821238152,1,2,0.24161278,0,0,0
66.99999488788428,1,1,0.298840711,0,0,0
7.44945346,1,0,22.000001337,0,0,0
51.04115322,0,0,21.0,0,0,0
0.005,1,1,20.873010101,0,0,0
0.03143621,1,0,1.046681808,0,0,0
1.995,1,0,21.0,0,0,0
0.03897765,1,0,1.116383476,0,0,0
10.67780131,0,1,21.0,0,0,0
0.00185,1,0,1.134516563,0,0,0
0.42320314,1,2,1.2136054,0,0,0
27.14869039921655,1,1,0.267165316,0,0,0
0.7897126657246046,1,0,0.36210711,0,0,0
0.789791911493231,0,0,0.290576309,0,0,0
0.834743193602767,1,2,0.36776174,0,0,0
19.153503274414447,1,1,0.391909125,0,0,0
10.195,0,2,20.0,0,0,0
0.01133918,1,2,1.055524638,0,0,0
28.90648226,1,2,20.0,0,0,0
1.0603214821238152,1,2,0.24161278,0,0,0
24.70150547,0,2,22.127224645,0,0,0
1.275584568297368,1,2,0.341035159,0,0,0
0.18016469,1,2,1.290345017,0,0,0
2.468,1,0,21.0,0,0,0
85.75733018259551,1,1,0.321843841,0,1,0
9.995,1,2,21.0,0,0,0
0.005,1,2,21.0,0,0,0
0.11985,1,0,1.095400399,0,0,0
0.7777202,1,0,1.139420691,0,0,0
0.72010637,1,0,1.131151539,0,0,0
8.50472246,1,2,22.000001337,0,0,0
10.99257105,1,1,21.0,0,0,0
0.73326159,0,1,23.0,0,0,0
0.1300892,1,0,20.0,0,1,0
1.01393827,0,0,1.045218436,0,0,0
8.57797432,0,2,22.000001337,0,0,0
37.98958,0,0,22.000001337,0,0,0
174.96095203133905,1,0,21.0,0,0,0
0.01555552,1,0,1.21726417,0,0,0
0.9237115910915266,1,0,0.29455668,0,0,0
500.0,1,1,21.0,0,0,0
0.005,1,2,39.0,0,0,0
3.3999837756479216,1,0,0.307077589,0,0,0
4.877113,1,1,30.5,0,0,0
0.995,0,0,30.5,0,0,0
0.18003914,1,1,1.124488769,0,0,0
10.06997028493036,0,0,0.243338951,0,0,0
0.06922369,1,1,1.187339308,0,0,0
0.9375942273098516,1,1,0.245976873,0,0,0
0.0052446,1,1,1.040948231,0,0,0
14.95792246,1,0,21.0,0,1,0
0.7371,0,0,0.308905138,0,1,0
0.00690908,1,0,1.107251261,0,0,0
9.23571603,1,2,22.000001337,0,0,0
0.00578481,1,0,1.043246796,0,0,0
0.8751615915154499,1,1,0.267165316,0,0,0
50.19855994639347,0,1,0.36157684,0,0,0
10.19392246,0,1,22.127224645,0,0,0
14.755329,1,0,20.0,0,0,0
300.0,1,1,20.0,0,0,0
0.16985,1,2,1.042202406,0,0,0
7.54259455,1,2,22.000001337,0,0,0
0.01385,1,0,1.129396698,0,0,0
1.87790322,1,1,1.140811538,0,0,0
1.196680442603053,1,0,0.243338951,0,0,0
1.00045,0,2,1.134806361,0,0,0
0.00485,1,1,1.150025366,0,0,0
0.005,1,2,20.0,0,0,0
0.89269887,1,2,21.0,0,0,0
46.85246333,0,0,1.059157573,0,1,0
0.7359123169440178,1,1,0.240246068,0,0,0
0.0096333,1,1,1.045281989,0,1,0
19.99998814405853,1,0,0.299798668,0,0,0
1.1286882752720708,1,2,0.341590268,0,0,0
0.7025794806545569,1,1,0.4032001,0,0,0
0.01141,1,0,1.140323326,0,0,0
23.24459684284785,1,1,0.355813575,0,0,0
0.49061112,1,2,0.321927375,0,0,0
0.60428062,1,1,1.239094062,0,0,0
7.05514416,1,2,22.000001337,0,0,0
10.00392246,1,2,21.0,0,0,0
0.00185,1,1,1.231712578,0,0,0
1e-05,1,2,9.783065739,0,0,0
15.7699344,0,1,22.127224645,0,0,0
0.00198745,1,1,1.051695128,0,0,0
22.19872627,1,2,20.0,0,1,0
11.46458,1,0,22.000001337,0,0,0
25.08515265,1,2,22.000001337,0,0,0
2.73264426,1,1,1.131924726,0,0,0
30.99392246,1,1,22.000001337,0,0,0
8.097409,1,2,22.000001337,0,0,0
0.0636138,1,1,1.160785633,0,0,0
0.7760504612875274,1,2,0.303189435,0,0,0
0.500995133602023,1,1,0.591631254,0,0,0
1.175,1,0,21.0,0,0,0
4.5893,1,1,20.0,0,0,0
0.496718102998895,1,0,0.372385933,0,0,0
25.995,1,2,21.0,0,0,0
3.495,1,0,20.0,0,0,0
1.072333848567081,1,1,0.517813986,0,1,0
0.01,0,2,20.0,0,1,0
49.09392246,1,0,22.000001337,0,0,0
0.0764,1,1,21.0,0,0,0
0.0364134,0,1,1.160739558,0,0,0
0.0032466,0,1,1.062132338,0,0,0
0.14488717,1,2,1.184681819,0,1,0
19.31596106,0,0,22.127224645,0,0,0
5.9931,1,1,21.0,0,0,0
0.646285458474531,0,0,0.235282764,0,0,0
0.04817297,1,1,1.235321297,0,0,0
7.3626244,1,2,22.000001337,0,0,0
3.938,0,0,21.0,0,0,0
0.40685,1,1,1.0447171,0,0,0
12.08534387,0,0,1.094793537,0,0,0
3.928,1,0,0.485210834,0,0,0
0.570795007306769,1,2,0.254626787,0,0,0
19.43263049997192,0,2,22.000001337,0,0,0
8.50472246,1,2,22.000001337,0,0,0
0.01174275,0,1,1.044840272,0,0,0
42.21052928,0,1,21.0,0,0,0
20.64062246,1,2,22.000001337,0,0,0
0.00324856,1,1,1.03714366,0,0,0
0.50781459,1,2,1.049731837,0,0,0
16.89392246,1,0,22.000001337,0,0,0
0.062932,1,0,44.104297439,0,0,0
13.24756053,1,1,21.0,0,0,0
0.0030515,0,0,1.110805676,0,0,0
0.005,1,0,21.0,0,0,0
9.96592246,1,0,22.000001337,0,0,0
0.10646733,1,0,1.321946132,0,0,0
1.36490222,1,2,0.341715468,0,0,0
18.53810568,1,1,21.0,0,0,0
0.949558,1,2,0.391909125,0,0,0
0.59246925,1,0,1.050884697,0,0,0
0.5461585075113933,1,0,0.238286072,0,0,0
0.995,0,1,20.0,0,1,0
0.005,0,2,30.5,0,0,0
0.0076,1,2,20.0,0,0,0
8.399980997859318,0,2,0.341590268,0,0,0
0.0076,0,1,20.0,0,0,0
0.22985,1,2,1.130598925,0,0,0
0.6921658138956492,0,0,0.399923023,0,0,0
1.0995561782767445,1,1,0.32510221,0,0,0
0.0205293,1,0,1.242822817,0,0,0
0.04985,1,0,1.148275181,0,0,0
0.0182316,0,1,1.055696546,0,0,0
16.75448728,0,2,100.1,0,0,0
1.1025965775830997,0,0,0.243154668,0,0,0
0.0052446,0,2,1.040948231,0,0,0
1.175,1,1,21.0,0,0,0
400.0,1,2,22.073836554,0,0,0
21.99953532828245,1,0,22.000001337,0,0,0
46.85246333,1,2,1.059157573,0,0,0
0.40081807,1,0,1.03714366,0,0,0
2.79268986,0,1,1.099356472,0,0,0
9.98892246,1,2,22.000001337,0,0,0
7.2126,1,2,21.0,0,0,0
0.00230041,0,0,1.041887147,0,0,0
9.37642515,0,0,22.000001337,0,0,0
19.98290738,1,1,21.0,0,0,0
0.37219888,1,1,22.416545867,0,0,0
1.82898889,1,0,20.887260762,0,0,0
500.0,1,0,22.073836554,0,0,0
0.03014797,1,0,1.239094062,0,0,0
7.79392246,1,0,22.000001337,0,1,0
42.33253718,1,1,22.000001337,0,1,0
84.30372246,1,0,22.000001337,0,0,0
0.6242853217579496,1,2,0.244157391,0,0,0
0.24937071,1,2,21.0,0,0,0
9.20652816,1,0,22.000001337,0,0,0
37.99999331655533,1,2,0.243434082,0,0,0
0.04787167,1,1,1.099903999,0,0,0
2.298694,1,0,30.0,0,0,0
14.62308476,1,0,22.127224645,0,0,0
0.599991237563206,0,1,0.321843841,0,0,0
0.00974164,1,2,1.260263587,0,0,0
9.99492246,1,0,22.000001337,0,0,0
0.00185,1,0,1.033665208,0,0,0
0.005,1,1,24.568222891,0,0,0
23.49392246,1,2,22.000001337,0,0,0
11.1978958,1,0,22.127224645,0,0,0
1.095,0,2,20.0,0,0,0
0.11639,1,1,1.154153273,0,0,0
5.191,1,0,20.0,0,0,0
0.0296409,1,2,1.200314535,0,0,0
0.99985,0,0,1.129097862,0,0,0
7.99895,0,1,22.000001337,0,0,0
5.089230810791249,1,1,0.250951722,0,0,0
0.995,1,2,20.0,0,0,0
126.283849,0,2,22.000001337,0,0,0
0.06187212,0,2,1.048845549,0,0,0
0.5055438,1,1,1.107687314,0,0,0
0.195,0,0,20.0,0,0,0
0.5209692963082275,1,0,0.450152997,0,0,0
0.0113,1,1,20.0,0,0,0
0.125203,1,1,1.133178117,0,0,0
1.285352539769344,1,0,0.241601189,0,0,0
0.5055438,0,0,1.107687314,0,0,0
0.8339014131056368,1,1,0.243442682,0,0,0
0.789792088241201,1,2,0.299798668,0,0,0
15.34393317,1,2,22.000001337,0,0,0
5.654516245335984,1,2,0.363883524,0,0,0
0.63299504042391,1,1,0.29455668,0,0,0
10.99257105,1,2,21.0,0,0,0
0.01,1,1,21.0,0,0,0
0.799993897897511,1,1,0.377078153,0,0,0
0.42320314,1,0,1.2136054,0,0,0
0.13251471,1,1,1.13783783,0,0,0
0.17505,1,0,1.12846971,0,0,0
36.855,0,1,20.0,0,0,0
0.8030535173997104,1,2,0.242126516,0,0,0
56.99392246,1,1,22.000001337,0,0,0
0.6304912239643709,1,0,0.244849866,0,0,0
0.0113,1,2,20.0,0,0,0
7.35320548,0,2,22.000001337,0,0,0
3.8667,1,1,20.0,0,0,0
1.080775942753545,1,0,0.249031321,0,0,0
5.99500252,1,0,1.0,0,0,0
2.12981768,1,0,21.0,0,0,0
108.65940104,1,2,22.0,0,0,0
8.653333,1,0,20.0,0,0,0
5.165154851686194,1,1,0.391773707,0,0,0
0.4938527551753764,1,2,0.239863892,0,0,0
5.0,1,2,91.0,0,0,0
16.17892246,0,0,25.076374645,0,0,0
2.015197339679005,0,2,0.242766032,0,0,0
11.089559,1,2,22.000001337,0,0,0
0.01600479,1,1,1.112625657,0,0,0
9.83182424,1,0,22.000001337,0,0,0
0.01437069,1,2,1.112694087,0,0,0
2.56246752,0,1,1.114573956,0,0,0
8.45392246,1,1,22.000001337,0,0,0
2.231714562273857,1,1,0.238286072,0,0,0
9.99392246,1,0,22.000001337,0,0,0
261.90975569,1,1,20.0,0,0,0
0.5866385955190654,1,0,0.286911168,0,0,0
7.35693994,0,0,22.000001337,0,0,0
0.15603102,1,1,1.163998845,0,0,0
299.99392246,1,0,22.000001337,0,0,0
0.04905872,0,2,1.042940593,0,0,0
9.805,1,2,30.0,0,0,0
0.15191913,1,1,1.120947435,0,0,0
1000.0,1,1,23.0,0,0,0
9.99349424,1,0,22.000001337,0,0,0
0.892466964581885,1,0,0.247223673,0,0,0
9.995,1,2,21.0,0,0,0
0.02485,1,1,1.214328615,0,0,0
92.7799343217254,1,2,0.339479526,0,0,0
5.999994665866839,1,0,0.308905138,0,0,0
0.005,0,0,20.0,0,0,0
0.16325708,1,1,1.163928927,0,0,0
0.6971920327928192,1,2,0.321927375,0,0,0
0.00224048,0,1,1.114414723,0,0,0
2.057337084917524,1,2,0.260790342,0,0,0
9.99392246,1,0,22.000001337,0,0,0
121.52390758,1,2,22.000001337,0,0,0
7.64779876,1,1,22.000001337,0,0,0
0.514994440262348,0,0,0.517813986,0,0,0
3.055594919581069,1,1,0.327717943,0,0,0
0.0042456,0,2,1.160374708,0,0,0
0.59997127,1,2,1.199570673,0,0,0
0.5760339442335641,1,0,0.254139651,0,0,0
0.6304912239643709,1,2,0.244849866,0,1,0
13.98392246,1,0,22.127224645,0,0,0
0.0047451,1,1,1.055967146,0,0,0
0.02435,1,1,1.059427617,0,0,0
7.91292246,1,2,22.000001337,0,0,0
0.0049449,0,1,1.131307493,0,0,0
1.115,0,0,20.0,0,0,0
0.41893599,1,1,44.092332086,0,0,0
10.999980990181603,0,2,0.359008226,0,0,0
9.99392246,1,2,22.000001337,0,0,0
0.560667380520613,1,0,0.443922838,0,0,0
0.495,1,1,20.0,0,0,0
0.6902137378253648,1,0,0.254139651,0,0,0
74.98177536,1,1,22.000001337,0,0,0
0.01,1,1,20.42469852,0,0,0
9.99392246,0,2,22.000001337,0,0,0
0.4989613464563065,1,0,0.474345778,0,0,0
6.0122309,0,2,21.0,0,0,0
0.005,1,2,20.873010101,0,0,0
33.91415062,1,1,22.000001337,0,0,0
1.665,1,1,21.0,0,0,0
0.24324,1,1,1.159740198,0,0,0
1.115,1,0,20.0,0,0,0
0.781553,1,2,20.0,0,0,0
69.09987777930947,1,1,0.337906168,0,0,0
0.6839814952481,1,0,0.359952214,0,0,0
0.531987900322249,1,1,0.346401616,0,0,0
52.98911568720191,1,2,22.000001337,0,0,0
0.02066832,0,2,1.047105624,0,0,0
70.90088201953309,1,0,0.329135044,0,0,0
4.014,1,2,21.0,0,0,0
9.09392246,1,2,22.000001337,0,0,0
0.00985,1,0,1.24324789,0,0,0
0.53999303268321,1,1,0.240937201,0,1,0
2.989829811560593,1,2,0.236817799,0,0,0
0.06392077,0,0,1.042071444,0,0,0
0.0955542,1,1,1.333277766,0,0,0
0.00285,1,1,1.174753594,0,0,0
0.7777202,1,0,1.139420691,0,0,0
1.8471082030805253,1,0,0.36210711,0,0,0
2.009983556732844,1,1,0.243434082,0,0,0
8.189559,1,0,22.000001337,0,0,0
0.01,1,0,21.0,0,0,0
8.77251432,1,0,22.000001337,0,0,0
0.0013,1,0,20.0,0,0,0
1.095,1,1,20.0,0,0,0
0.0088,1,0,1.252406553,0,0,0
0.0052446,0,1,1.040948231,0,0,0
23.04732246,0,2,22.000001337,0,0,0
0.01007721,1,1,1.149097479,0,0,0
0.01746329,1,2,1.237914773,0,0,0
9.99392246,1,0,22.000001337,0,0,0
3.999994743490021,0,2,0.298840711,0,0,0
0.488810077547532,1,0,0.48507515,0,1,0
0.13312084,1,0,21.0,0,0,0
6.964726,1,2,20.0,0,1,0
0.489383798006383,0,1,0.233479113,0,0,0
0.539919256,1,2,0.330598925,0,0,0
0.01018584,0,2,1.230590163,0,0,0
0.0236263,1,1,1.132937191,0,0,0
6.642346,1,0,20.0,0,0,0
2.69,1,1,20.012773603,0,0,0
0.00235,1,1,1.1157213,0,0,0
2.19449878455165,1,1,0.307077589,0,0,0
0.5070309299603448,1,0,0.238286072,0,0,0
0.348,1,2,20.0,0,0,0
0.92229293,1,1,1.041049578,0,0,0
0.0182316,1,2,1.055696546,0,1,0
9.99885,1,1,1.27192864,0,0,0
8.47502246,1,1,22.000001337,0,0,0
0.14985,1,0,1.041261656,0,0,0
10.01535046,1,2,22.127224645,0,0,0
1.0944307799920645,0,0,0.441464016,0,0,0
27.69745206,0,0,22.000001337,0,1,0
0.02540522,1,2,1.167524509,0,0,0
11.70892246,1,1,21.0,0,0,0
12.76172246,0,1,22.881627171,0,0,0
13.80918016,1,0,21.0,0,0,0
27.295162219317707,1,0,0.245281989,0,0,0
0.10509784,1,1,1.043815701,0,0,0
0.10982,1,0,1.1784578,0,0,0
0.78978990890969,1,1,0.321828952,0,0,0
23.24459684284785,0,2,0.355813575,0,1,0
10.67780131,1,1,21.0,0,0,0
9.00392246,1,1,22.000001337,0,0,0
18.995,1,0,20.0,0,0,0
7.82592246,1,1,22.000001337,0,0,0
0.698041,1,2,21.505775894,0,0,0
99.99892246,0,1,20.0,0,0,0
3.299993521384564,1,2,0.250309999,0,0,0
2.58960796,1,2,30.0,0,0,0
0.47140709,0,2,1.047236243,0,0,0
7.29002246,1,1,22.000001337,0,0,0
4.909995096645845,1,0,0.337946833,0,0,0
30.99392246,1,0,22.000001337,0,0,0
4.599964983714065,0,2,0.43476765,0,0,0
8.61308629,0,1,22.000001337,0,0,0
0.02724502,1,2,1.03886361,0,0,0
21.657518480708053,1,2,22.000001337,0,0,0
0.01128143,0,1,1.122451221,0,0,0
4.405781302989931,0,0,0.249131093,0,0,0
278.2238895,1,2,30.5,0,0,0
17.1597123,0,0,30.0,0,0,0
8.529059,1,1,22.000001337,0,0,0
2.104010096938627,1,0,0.257021202,0,0,0
24.47905,1,0,1.058985734,0,0,0
9.436794470047278,1,1,0.242391936,0,1,0
6.15351918,1,1,1.218918109,0,0,0
69.21408318,1,1,22.127224645,0,0,0
0.00485,1,1,1.044533748,0,0,0
0.7359123169440178,1,1,0.240246068,0,0,0
12.27682246,1,0,100.1,0,0,0
0.0894,1,0,20.0,0,0,0
684.9998002154123,0,2,0.308912007,0,0,0
9.37642515,1,2,22.000001337,0,0,0
1.303,0,1,21.0,0,0,0
8.89392246,1,0,22.000001337,0,0,0
0.01185,1,2,1.059380834,0,0,0
9.01782246,1,2,22.000001337,0,0,0
30.00392246,1,0,22.000001337,0,0,0
0.003846,1,0,1.136159441,0,0,0
0.422,1,0,20.0,0,0,0
56.49852246,1,2,21.0,0,0,0
17.99958,1,2,22.000001337,0,0,0
0.03488,1,1,20.0,0,0,0
9.99958,1,0,22.000001337,0,0,0
0.22501961,1,1,1.128294667,0,0,0
1.226975661465725,1,0,0.260790342,0,0,0
0.0022719,1,0,1.230412619,0,0,0
1.015,1,0,30.0,0,0,0
1.49998981342185,1,0,0.372385933,0,0,0
0.005,1,0,30.5,0,0,0
22.9818425,1,2,22.127224645,0,0,0
29.995,1,1,20.0,0,0,0
0.0913,1,1,20.0,0,0,0
8.60028,0,1,30.0,0,0,0
1.025104537375462,1,2,0.235282764,0,0,0
46.85246333,0,2,1.059157573,0,0,0
0.1,1,1,20.0,0,0,0
9.14392246,1,2,22.000001337,0,0,0
22.9238,1,1,20.272024492,0,0,0
0.492503,1,0,21.0,0,0,0
77.00069324127934,1,2,0.355813575,0,0,0
1901.0,1,2,1.044294149,0,0,0
0.00245,1,1,1.232821492,0,0,0
0.16771969,1,1,1.400148068,0,0,0
0.9679329600236544,1,2,0.241250031,0,0,0
8.99392246,0,1,22.000001337,0,0,0
12.16,0,1,20.0,0,1,0
0.005,1,2,20.0,0,0,0
2.087714409352102,1,0,0.372385933,0,0,0
1.7177101215903694,1,1,0.257021202,0,0,0
9.52052246,0,2,22.000001337,0,0,0
0.005,1,0,21.0,0,0,0
14.840493,1,0,30.0,0,0,0
0.53999303268321,0,1,0.240937201,0,0,0
0.03006682,1,0,1.217294851,0,0,0
0.509994242546929,1,1,0.251043358,0,0,0
8.08471268,0,0,21.0,0,0,0
2.695,0,1,21.0,0,0,0
8.08471268,1,1,21.0,0,0,0
2.225,1,0,21.0,0,0,0
3.197070254682771,1,1,0.299798668,0,1,0
9.365,1,0,20.0,0,0,0
1.0,1,0,1.098622457,0,0,0
9.99392246,1,1,22.000001337,0,0,0
0.6839814952481,1,0,0.359952214,0,0,0
23.51042798,1,2,22.000001337,0,0,0
19.96252246,0,0,22.127224645,0,0,0
0.005,0,1,20.0,0,1,0
4.395595,1,0,20.0,0,0,0
5.98836184,1,1,1.10010148,0,0,0
0.789779242993541,1,0,0.4032001,0,0,0
27.14869039921655,1,2,0.267165316,0,0,0
0.12204091,1,0,21.0,0,0,0
3.937955313739488,1,1,0.244287527,0,0,0
2.616342031209732,1,2,0.244157391,0,0,0
19.834407705661167,1,1,0.298840711,0,0,0
7.89792246,1,2,22.000001337,0,0,0
0.00587342,0,0,1.205405213,0,0,0
140.40985,1,0,1.13340707,0,0,0
0.01478473,1,2,1.036573524,0,0,0
35.88392246,1,0,22.000001337,0,0,0
0.005,0,1,21.596799909,0,0,0
14.999923873784622,1,0,0.43362083,0,0,0
4.30434994,1,1,0.244287527,0,0,0
0.49,1,1,0.458624863,0,0,0
2.62295355,1,2,1.287110746,0,0,0
9.99392246,1,1,22.000001337,0,0,0
3.495,0,2,30.0,0,0,0
44.99999372434507,1,2,0.32051508,0,0,0
0.7302575244374611,1,2,0.24255798,0,0,0
9.98392246,1,2,22.000001337,0,0,0
0.12003167,1,1,1.118915683,0,1,0
0.869988754982391,1,1,0.303189435,0,0,0
1.43009,1,0,0.245976873,0,0,0
23.90740372434507,0,0,0.307077589,0,0,0
10.882666487608828,1,1,0.233479113,0,0,0
9.99392246,0,1,22.000001337,0,0,0
0.0534387,0,0,1.09894806,0,1,0
0.36491912,1,2,1.222650617,0,0,0
0.0043,1,2,20.0,0,0,0
22.23479416315764,0,0,0.321927375,0,0,0
9.83392246,1,0,22.000001337,0,0,0
6.95755,1,2,1.176846516,0,0,0
2.489894390528364,0,0,0.242126516,0,0,0
1.162,1,0,20.0,0,0,0
22.19872627,1,0,20.0,0,1,0
13.1273493,1,2,21.0,0,0,0
5.0,1,0,91.0,0,0,0
9.110958020569605,1,0,22.000001337,0,0,0
12.784994932021638,1,1,0.32510221,0,1,0
0.538275744534076,1,1,0.36210711,0,0,0
0.0001926,0,2,21.486870188,0,0,0
0.06747931,1,0,1.042045033,0,0,0
0.02085,1,0,1.041734391,0,0,0
8.98362656,1,1,22.000001337,0,0,0
9.97392246,1,1,22.000001337,0,0,0
54.995,1,1,20.0,0,0,0
1.16383,1,0,22.528622017,0,0,0
0.9995684264006982,1,1,0.322326307,0,0,0
1.18417972,0,2,22.0,0,0,0
22.7934743,1,2,22.000001337,0,0,0
0.095,1,2,20.0,0,0,0
0.00895,0,0,1.069814967,0,0,0
1.87657859,1,2,1.031611934,0,0,0
0.08438794,1,2,1.082545328,0,0,0
0.5896048,1,1,20.0,0,0,0
0.1313,1,0,41.0,0,0,0
4.87522,1,1,20.0,0,0,0
0.5209692963082275,0,2,0.450152997,0,0,0
0.8019487465164092,1,1,0.29455668,0,0,0
0.00230745,0,0,1.05868683,0,0,0
0.0025,1,0,1.178798906,0,1,0
0.578270920064176,1,1,0.24317897,0,0,0
43.99392246,1,2,21.0,0,0,0
0.10646733,1,1,1.321946132,0,1,0
0.07898275,1,2,1.131600344,0,0,0
5.555606161169152,1,2,0.458624863,0,1,0
2.395,1,2,20.0,0,0,0
6.42730876,1,1,21.0,0,1,0
1.510483,1,2,22.917630378,0,0,0
0.02424001,1,0,1.134196423,0,0,0
79.49392246,1,0,21.0,0,0,0
400.0,1,2,22.073836554,0,0,0
7.91092246,1,2,22.000001337,0,0,0
0.6692214188364648,1,0,0.241250031,0,0,0
0.52,1,1,20.0,0,0,0
5.936389259362617,1,0,0.373931154,0,0,0
0.00885,1,0,1.256647959,0,0,0
0.2813,1,1,20.0,0,0,0
2.616342031209732,0,1,0.244157391,0,0,0
0.01,0,2,20.0,0,0,0
2.555500500882815,1,2,0.260821675,0,0,0
0.0236263,1,2,1.132937191,0,0,0
0.17363061,1,0,1.170296918,0,0,0
0.831692752336444,1,2,0.288183858,0,0,0
0.531987900322249,1,1,0.346401616,0,0,0
0.045,1,0,20.0,0,0,0
0.01685,1,1,1.281755974,0,0,0
49.86322488988203,1,0,0.243057875,0,0,0
4.691,1,1,21.0,0,0,0
20.95067051958118,1,2,0.246847028,0,0,0
1069.9997937280643,0,2,0.300207963,0,0,0
29.99392246,0,0,22.000001337,0,0,0
7.294537999971923,1,0,22.000001337,0,0,0
0.999,1,1,20.0,0,0,0
0.702563843542925,0,0,0.239534815,0,0,0
159.99392246,1,2,21.0,0,0,0
24.99994027759104,1,0,0.238076445,0,0,0
68.51939778437159,1,0,0.337906168,0,0,0
21566.37474437,1,0,1.145735603,0,0,0
2997.9973632952333,1,1,0.43362083,0,0,0
0.01685,1,2,1.281755974,0,0,0
0.00228501,1,2,1.03837591,0,0,0
39.99985,1,2,1.129102158,0,0,0
1.4782789689345952,0,1,0.306371403,0,0,0
0.995,1,0,22.416545867,0,0,0
0.06185,1,2,1.192048677,0,0,0
0.005,1,2,21.0,0,0,0
24.47905,1,1,1.058985734,0,0,0
14.99339746,1,2,21.0,0,0,0
10.39227344,1,0,22.127224645,0,0,0
2.405,1,1,21.431542316,0,0,0
0.117,1,2,50.0,0,0,0
31.48699574,0,1,21.0,0,0,0
0.02321,0,2,1.283543831,0,0,0
0.02785,1,2,1.056105854,0,0,0
0.00185,1,2,1.138305685,0,0,0
0.64495526913841,1,0,0.242126516,0,0,0
50.0,0,1,20.0,0,0,0
1.125917086430162,0,1,0.259855462,0,0,0
0.00855,1,1,1.128536807,0,0,0
1.9999795075846407,0,2,0.399923023,0,0,0
1.3319351453109245,1,0,0.245976873,0,0,0
0.117,1,0,50.0,0,0,0
0.42296354,1,0,21.0,0,0,0
0.5163032493758435,1,2,0.243057875,0,0,0
5.0,1,2,91.0,0,0,0
6.050308299804327,1,0,0.239863892,0,0,0
0.01,1,2,21.0,0,0,0
0.5347916142203696,0,0,0.298840711,0,0,0
30.84828512,1,1,21.309262042,0,0,0
0.75755995,1,0,1.328775067,0,0,0
0.510785750946119,1,2,0.458624863,0,0,0
25.99392246,1,2,22.000001337,0,0,0
0.11985,1,1,1.147984292,0,0,0
0.01893605,1,2,1.042339194,0,0,0
0.36013055,1,2,1.204625488,0,1,0
18.99295,0,0,1.040466748,0,0,0
500.0,1,1,21.0,0,0,0
14.755329,1,0,20.0,0,0,0
0.761884108089482,1,2,0.517813986,0,0,0
0.02413,1,1,1.233530202,0,0,0
0.00988087,0,2,1.117400583,0,0,0
0.02540522,1,1,1.167524509,0,0,0
222.64693227076887,1,1,0.244849866,0,0,0
1290.9999812249737,1,0,0.333577046,0,0,0
0.10925,1,2,1.258392781,0,0,0
0.01,1,0,21.0,0,0,0
0.005,1,1,30.0,0,0,0
2.202383100505639,1,1,0.303189435,0,0,0
4.79919809,1,2,20.0,0,0,0
0.21192547,1,1,1.183192944,0,0,0
0.001,1,0,20.012773603,0,0,0
1.196680442603053,1,0,0.243338951,0,0,0
0.052,1,0,20.0,0,0,0
0.00385,1,1,1.224838064,0,0,0
0.0029469,1,2,1.144522669,0,0,0
1.4043234859514917,1,2,0.312354437,0,0,0
12.235,1,2,21.0,0,0,0
9.98392246,1,2,22.000001337,0,0,0
18.505,1,2,20.40801424,0,0,0
22.84392246,1,2,22.000001337,0,0,0
3.3996815,1,0,21.0,0,0,0
1.81601652,1,0,20.0,0,0,0
7.81692246,1,0,22.000001337,0,0,0
0.01,1,0,21.0,0,0,0
9.9956089,1,1,22.000001337,0,0,0
1.338818658297368,0,1,0.237429533,0,0,0
0.283,1,2,20.0,0,0,0
0.5460524222778671,0,1,0.243154668,0,0,0
42.23635879,1,2,21.0,0,0,0
12.303,0,1,20.0,0,0,0
0.005,0,2,23.444264145,0,0,0
9.29128384,1,2,20.0,0,0,0
1.303,1,1,21.0,0,0,0
1.285352539769344,1,2,0.241601189,0,0,0
69.72637303669433,1,2,0.277848319,0,0,0
0.005,1,0,20.0,0,0,0
8.3639088,0,0,22.000001337,0,0,0
0.09023763,1,0,1.158191186,0,0,0
0.004845,0,2,1.100553107,0,1,0
0.949558,0,1,0.391909125,0,1,0
3.565,0,1,20.0,0,0,0
0.00285,1,0,1.039004312,0,0,0
0.01085,1,1,1.108016049,0,0,0
3.695,0,1,20.0,0,0,0
9.94954406731929,1,1,22.000001337,0,0,0
0.9375942273098516,1,0,0.245976873,0,0,0
0.0742719,1,2,1.252801127,0,0,0
8.97492246,1,1,22.000001337,0,0,0
0.596469972476457,0,0,0.249454777,0,0,0
0.007,1,0,30.0,0,0,0
0.995,1,0,20.272024492,0,0,0
7.09881744,1,0,22.000001337,0,0,0
70.995,1,2,21.0,0,0,0
0.21464038,1,2,30.0,0,0,0
0.005,1,2,20.0,0,0,0
0.05985,1,0,1.173033102,0,0,0
0.995,1,1,22.416545867,0,0,0
74.99392246,1,0,50.0,0,0,0
8.399980997859318,1,0,0.341590268,0,0,0
0.05777,1,1,1.379201226,0,0,0
1.0603214821238152,0,1,0.24161278,0,0,0
0.4999753747314966,0,2,0.25848678,0,0,0
46.53292246,1,0,21.0,0,0,0
0.00475645,1,2,1.040752155,0,0,0
22.126937589461846,1,0,0.321828952,0,0,0
2.405,0,0,21.431542316,0,0,0
0.8710784170662006,0,0,0.387551877,0,0,0
0.4989613464563065,1,0,0.474345778,0,0,0
0.00185,1,1,1.033857179,0,0,0
29.995,1,0,21.0,0,0,0
10.1217,1,0,20.0,0,0,0
1.0027034772586074,0,1,0.235533298,0,0,0
29.995,0,0,21.0,0,0,0
300.0,0,2,21.0,0,0,0
0.09780054,1,0,1.047336824,0,1,0
0.01092591,1,2,21.0,0,0,0
16.99392246,0,1,21.0,0,0,0
0.68008360581742,1,2,0.251351082,0,0,0
159.99392246,1,0,21.0,0,0,0
3.36619267,1,0,30.0,0,0,0
0.00993,1,0,1.117128761,0,0,0
29.99989372519354,1,0,0.241283866,0,0,0
0.005,0,1,20.0,0,1,0
1220.999699556707,1,1,0.341590268,0,0,0
1.269993192234512,1,2,0.243442682,0,1,0
500.0,1,2,20.0,0,0,0
1.44493248,1,2,20.0,0,0,0
0.11585,1,1,1.125848359,0,0,0
29.995,1,1,21.661292598,0,0,0
0.00185,1,2,1.110560886,0,0,0
22.19392246,1,2,22.000001337,0,0,0
5.25008,1,1,20.012773603,0,0,0
3.579989134623835,1,2,0.321828952,0,0,0
8.93968675,1,0,22.000001337,0,0,0
1899.999995059062,1,2,0.298840711,0,0,0
0.41796353,1,2,21.0,0,0,0
0.808192090356174,1,1,0.301544295,0,1,0
0.125203,1,1,1.133178117,0,0,0
10.589644966,1,0,22.127224645,0,0,0
0.06434284,1,1,1.27228107,0,0,0
12.099993695632778,1,0,0.43476765,0,0,0
5.565433612287695,1,2,0.279903845,0,0,0
25.99392246,1,0,22.000001337,0,0,0
30.84828512,1,0,21.309262042,0,0,0
0.5613161,1,1,1.308545659,0,0,0
23.460010426172406,1,2,0.310805676,0,0,0
0.68371545,0,2,0.341035159,0,0,0
0.10509784,1,1,1.043815701,0,0,0
217.14089515,1,0,1.044462823,0,0,0
0.02485,1,2,1.087874002,0,0,0
7.188,1,1,21.0,0,0,0
235.999808182014,0,1,0.308905138,0,0,0
1.0903735230631433,0,2,0.330598925,0,0,0
684.9998002154123,0,1,0.308912007,0,0,0
3.0,1,1,22.416545867,0,0,0
0.64495526913841,0,2,0.242126516,0,0,0
59.39910956,1,0,22.000001337,0,0,0
0.66725261,0,2,0.321469692,0,0,0
0.49537432,1,2,21.0,0,0,0
22.334084653837472,0,1,0.298840711,0,0,0
39.99996799701368,1,1,0.3387007,0,0,0
26.28722593,1,0,20.0,0,0,0
9.78580076,0,0,22.000001337,0,0,0
340.999559,1,2,22.000001337,0,0,0
7.561,0,1,21.0,0,0,0
5.99500252,1,2,1.0,0,0,0
0.6902137378253648,1,0,0.254139651,0,0,0
26.18862476,1,0,21.0,0,0,0
0.0713,1,2,20.0,0,0,0
20.26,1,1,30.0,0,0,0
0.06367335,1,0,1.158340194,0,1,0
5.77252491,1,0,30.0,0,0,0
8.29192424,1,2,22.000001337,0,0,0
12.18263268,1,0,20.159005428,0,0,0
2.439063514485667,0,0,0.372385933,0,0,0
0.03635,0,0,30.0,0,0,0
0.00185,1,2,1.033857179,0,0,0
500.0,1,1,21.0,0,0,0
619.999510811706,1,0,0.47542702,0,0,0
619.999510811706,1,2,0.47542702,0,1,0
0.00992568,0,2,1.150256553,0,0,0
500.0,1,2,20.0,0,0,0
0.05,1,0,23.369866721,0,0,0
1.042734263774848,1,0,0.298840711,0,0,0
20.31777376,1,2,20.0,0,0,0
0.595007,0,2,1.12994039,0,0,0
13.995,1,2,21.0,0,0,0
0.00185,1,1,1.145647935,0,0,0
0.02435,1,1,1.059427617,0,0,0
0.81174415,1,0,20.0,0,0,0
50.19855994639347,1,0,0.36157684,0,0,0
0.00185,1,0,1.063658261,0,0,0
17.543393299826764,1,1,0.277848319,0,0,0
3.937955313739488,1,1,0.244287527,0,0,0
0.63225,1,1,1.15876105,0,0,0
1.99985,1,1,1.249043207,0,0,0
0.005,1,1,24.568222891,0,0,0
0.17958223,1,2,1.127609454,0,0,0
7.99895,1,1,22.000001337,0,0,0
0.0013,1,2,20.0,0,0,0
0.01,0,2,21.0,0,0,0
0.00245,0,1,1.232821492,0,0,0
0.07512877,0,2,1.044320347,0,0,0
0.25059105,1,0,1.047481304,0,0,0
0.00285,1,1,1.174753594,0,1,0
222.64693227076887,0,0,0.244849866,0,0,0
0.849818356031606,1,0,0.321469692,0,0,0
0.05985,1,0,1.039913629,0,0,0
13.79243706,1,0,21.0,0,0,0
107.97458,1,1,21.0,0,0,0
0.005,1,2,30.0,0,0,0
0.01,0,2,20.0,0,0,0
0.4929160105792847,1,2,0.233479113,0,0,0
0.599991237563206,1,0,0.321843841,0,0,0
2.679,0,1,20.0,0,0,0
0.31952111,1,1,1.21078051,0,0,0
12.74654105,1,0,21.0,0,0,0
0.9224162384142014,1,0,0.443922838,0,0,0
25.0,1,1,1.061069245,0,0,0
7.99937,1,2,22.000001337,0,0,0
1.127470340789672,1,1,0.321845711,0,0,0
4.713,1,1,20.0,0,0,0
7.01844227,1,2,22.000001337,0,0,0
0.552096373727938,1,1,0.344539373,0,0,0
0.989,1,2,52.31514469,0,0,0
4.064969,1,2,20.0,0,0,0
0.21573228,1,0,1.054693889,0,0,0
0.10925,1,1,1.258392781,0,0,0
0.01133918,0,1,1.055524638,0,0,0
36.005,1,0,21.0,0,0,0
66.99999488788428,1,0,0.298840711,0,0,0
0.00185,1,1,1.145647935,0,0,0
0.36968181,1,1,1.091671132,0,0,0
0.11639,1,1,1.154153273,0,0,0
11.98892246,1,2,22.127224645,0,0,0
7.2126,1,2,21.0,0,0,0
19.834407705661167,1,0,0.298840711,0,0,0
0.01579371,1,0,1.038763927,0,0,0
29.99989372519354,0,1,0.241283866,0,0,0
0.09656783,0,1,20.0,0,0,0
84.30372246,1,2,22.000001337,0,0,0
1.095,1,2,20.0,0,0,0
28.90648226,1,2,20.0,0,0,0
0.005,1,0,20.873010101,0,0,0
35.01247405,0,1,21.0,0,0,0
0.002408,1,0,25.0,0,0,0
1.41244774,1,1,20.0,0,0,0
0.25636,1,0,1.146949867,0,0,0
0.5321695408030629,0,2,0.257021202,0,0,0
0.005,1,1,30.0,0,0,0
17.19653501,1,2,0.428010974,0,0,0
7.95051056,1,0,22.000001337,0,0,0
0.52995010892005,1,2,0.25680762,0,0,0
0.8030535173997104,1,1,0.242126516,0,0,0
1.405469322643495,1,0,0.372385933,0,0,0
0.989,1,1,52.31514469,0,0,0
0.836,1,0,0.301965816,0,0,0
25.99392246,1,0,22.000001337,0,0,0
27.49992246,1,0,22.000001337,0,0,0
59.98820319,1,2,21.0,0,0,0
0.72010637,1,2,1.131151539,0,0,0
21.64742246,1,1,22.000001337,0,0,0
0.5069836402458612,1,2,0.243338951,0,0,0
7.78262246,0,0,22.000001337,0,0,0
12.18088322,1,0,22.127224645,0,0,0
0.61078829,1,0,1.158667087,0,0,0
9.58882312,0,2,20.012773603,0,0,0
0.572514776849599,0,2,0.304430225,0,0,0
17.00627146,1,2,22.127224645,0,0,0
40.17782246,1,2,22.073836554,0,0,0
28.20386847,1,0,24.670216374,0,0,0
28.68892246,0,1,22.000001337,0,0,0
0.02443997,1,1,1.039380876,0,0,0
0.999991484663884,1,2,0.250129938,0,0,0
7.32332846,1,2,22.000001337,0,0,0
0.19334717,1,1,1.048757268,0,0,0
14.98348146,1,0,22.127224645,0,0,0
7.48892873,1,2,22.000001337,0,0,0
0.892898488298925,1,2,0.243434082,0,0,0
26.054470086182874,0,2,0.43362083,0,0,0
24.019559,1,0,22.000001337,0,1,0
0.0205293,0,0,1.242822817,0,1,0
0.905,1,2,21.0,0,1,0
4.745,1,2,21.0,0,0,0
9.018044719971924,0,2,22.000001337,0,0,0
0.01746329,0,1,1.237914773,0,0,0
147.66985,0,2,1.118979058,0,0,0
8.42243671,0,0,22.000001337,0,0,0
7.0119,1,2,20.0,0,0,0
0.0013,1,1,20.0,0,0,0
0.005,1,0,30.5,0,0,0
0.7478423,0,2,20.887260762,0,0,0
44.99985,0,1,1.082454404,0,0,0
8.93968675,0,0,22.000001337,0,0,0
0.5069836402458612,0,2,0.243338951,0,0,0
0.22445572,1,2,1.180622199,0,0,0
0.7379822200055858,1,0,0.474345778,0,0,0
9.83016122,1,2,22.000001337,0,0,0
0.0054445,1,2,1.273333207,0,0,0
0.7897126657246046,1,0,0.36210711,0,0,0
0.11700857,1,1,1.19619103,0,0,0
7.84392246,0,2,22.000001337,0,0,0
0.831,1,0,21.0,0,0,0
2.012495188194933,1,2,0.279903845,0,0,0
32.69898097,0,1,22.000001337,0,0,0
43.079187460056055,1,2,0.236266787,0,0,0
0.00285558,1,2,1.116989796,0,0,0
0.984,1,1,20.887260762,0,0,0
0.669834871913328,1,1,0.242126516,0,0,0
0.711359189630553,1,1,0.277848319,0,1,0
123.00392246,1,1,22.000001337,0,0,0
2492.999559,1,2,22.0,0,1,0
39.99996799701368,0,1,0.3387007,0,0,0
0.24649024,0,1,1.155336494,0,0,0
7.01844227,1,2,22.000001337,0,0,0
0.12305,0,2,1.043520861,0,0,0
0.644382757811644,1,1,0.242391936,0,0,0
45.50854239,1,1,22.000001337,0,0,0
0.17267183,1,1,1.042452147,0,0,0
8.7723,0,1,24.670216374,0,0,0
17.37202146,0,1,21.0,0,1,0
0.9899589,0,0,1.089356939,0,0,0
0.005,1,1,24.568222891,0,0,0
14.311810540404872,1,1,22.000001337,0,0,0
29.66832246,1,0,22.000001337,0,0,0
42.21052928,1,2,21.0,0,0,0
3.48300591261185,1,2,0.528775067,0,0,0
13.98392246,1,0,22.127224645,0,0,0
0.005,1,0,20.0,0,0,0
32.8841295,1,1,22.000001337,0,0,0
3.499994809397282,1,2,0.246629989,0,0,0
0.005,1,1,21.0,0,0,0
0.90668823332095,1,2,0.288183858,0,0,0
79.99995835953564,1,0,0.373931154,0,0,0
28.46412825,1,1,22.000001337,0,1,0
3.78998262,1,2,20.0,0,0,0
0.9092197687246606,1,2,0.238286072,0,0,0
4.975518925331991,0,0,0.339479526,0,1,0
0.5530901711281838,1,2,0.254626787,0,0,0
9.36152593,1,0,25.0,0,0,0
9.69392246,1,0,22.000001337,0,0,0
1.02187973,1,2,1.12024818,0,0,0
12.74654105,1,2,21.0,0,1,0
0.07985,1,0,1.052828981,0,0,0
0.005,0,2,24.568222891,0,0,0
39.99392246,1,2,22.000001337,0,0,0
24.10243703,1,0,22.000001337,0,0,0
2.012495188194933,1,0,0.279903845,0,0,0
1.606,1,0,20.012773603,0,0,0
2.8276,1,2,20.0,0,0,0
42.215,1,1,21.0,0,0,0
11.83364929,1,1,100.1,0,0,0
248.99892246,1,1,21.0,0,1,0
1.99462963,0,1,20.0,0,0,0
0.1213,1,1,20.887260762,0,0,0
0.01,0,0,20.42469852,0,0,0
9.995,1,1,30.5,0,0,0
14.65291184,1,0,22.127224645,0,0,0
1.229992990167429,1,2,0.443922838,0,0,0
0.30213407,1,0,1.258184501,0,0,0
8.24754705,1,0,22.000001337,0,0,0
0.251875,1,1,1.06824051,0,0,0
1.399974974169464,1,1,0.387551877,0,0,0
19.59382246,1,1,25.076374645,0,0,0
0.5501585298328,1,2,0.418083789,0,0,0
6.964726,1,2,20.0,0,0,0
0.00485,1,1,1.042212866,0,0,0
19.999886356732432,0,2,0.244694791,0,0,0
26.054470086182874,1,1,0.43362083,0,0,0
0.00235,1,0,1.110805676,0,0,0
0.5007985469204478,0,0,0.359008226,0,0,0
5.089230810791249,1,0,0.250951722,0,0,0
0.4175,1,0,21.0,0,0,0
0.005,1,2,23.444264145,0,0,0
0.09064124,1,1,1.160061156,0,0,0
6.40089298,1,1,20.0,0,0,0
0.04212663,1,1,1.162440281,0,0,0
5.0,0,0,91.0,0,0,0
33.592,1,2,21.0,0,0,0
7.927718491596604,1,0,0.233479113,0,0,0
189.9998468046892,1,1,0.288183858,0,0,0
0.0912,1,2,20.887260762,0,0,0
26.18862476,1,2,21.0,0,0,0
2.222395754085726,1,1,0.376846516,0,0,0
0.55114693,1,2,1.127010236,0,0,0
9.99392246,1,0,22.000001337,0,0,0
0.18016469,0,0,1.290345017,0,0,0
9.99392246,1,1,22.000001337,0,0,0
0.0913,0,0,21.0,0,0,0
8.42739131,1,0,22.000001337,0,0,0
344.99946183190696,1,2,0.252092747,0,0,0
4.68922876,1,2,20.012773603,0,0,0
0.37219888,1,0,22.416545867,0,0,0
1.4499304030775482,1,0,0.322457127,0,0,0
29.799559,1,1,22.000001337,0,0,0
5.965,1,0,21.0,0,0,0
0.3833661,1,0,1.059941413,0,0,0
0.5070309299603448,0,2,0.238286072,0,0,0
0.00485,0,2,1.044229876,0,0,0
0.16985,1,2,1.042202406,0,0,0
10.774165579971925,1,0,21.0,0,0,0
0.023,0,2,21.0,0,0,0
0.607685433041998,1,0,0.359008226,0,0,0
29.99999028600064,0,2,0.43476765,0,0,0
0.06187212,1,1,1.048845549,0,0,0
20.99692246,0,0,22.000001337,0,0,0
0.27969404,1,2,1.052069796,0,0,0
9.999537999971922,1,1,22.000001337,0,0,0
92.7799343217254,1,0,0.339479526,0,0,0
2.37033654,1,2,1.138220883,0,1,0
9.995,1,2,21.0,0,0,0
0.00238736,0,1,1.1182702,0,0,0
0.499991990145602,1,1,0.322326307,0,0,0
0.038467,1,0,1.042680882,0,0,0
45.153766,1,1,20.0,0,0,0
0.0113,1,2,23.697264639,0,0,0
0.524608505179258,1,1,0.341035159,0,0,0
5.836345,1,2,21.0,0,0,0
9.995,1,0,30.5,0,0,0
0.09023763,0,0,1.158191186,0,0,0
1.169958,1,0,0.250129938,0,0,0
1.0,1,0,21.0,0,0,0
0.3607887,1,2,1.368590573,0,0,0
10.09392246,1,1,21.0,0,0,0
0.005,0,0,24.568222891,0,0,0
0.1300892,0,1,20.0,0,0,0
0.015,1,2,20.0,0,0,0
999.99892246,1,2,22.073836554,0,0,0
0.42166724,1,0,21.0,0,0,0
0.005,1,2,20.0,0,0,0
0.509994242546929,1,1,0.251043358,0,0,0
20.99692246,1,2,22.000001337,0,0,0
11.07202246,0,1,22.000001337,0,0,0
0.00304836,1,2,1.237044285,0,0,0
14.59199317285359,1,2,0.339056099,0,0,0
0.7301,0,2,23.697264639,0,0,0
9.477,1,0,20.0,0,0,0
0.4878615,1,2,1.039430984,0,0,0
0.00185,1,0,1.137699861,0,0,0
0.0159347,0,2,1.194266237,0,0,0
40.85307189,0,1,20.0,0,0,0
0.005,1,0,24.568222891,0,0,0
0.09982491,1,0,1.056229264,0,0,0
0.13352289,0,2,1.228010974,0,0,0
24.44399282,0,1,22.000001337,0,0,0
0.09023763,1,0,1.158191186,0,0,0
0.53999303268321,1,2,0.240937201,0,0,0
2.08,0,2,22.0,0,1,0
8.165,1,0,20.0,0,0,0
0.265,1,0,30.0,0,0,0
44.99743151156861,1,2,0.242524804,0,0,0
37.67392246,1,1,22.000001337,0,0,0
0.00185,1,0,1.041675253,0,0,0
11.07202246,1,1,22.000001337,0,0,0
13.25124928,1,2,22.127224645,0,0,0
5.781854999553708,1,1,0.235533298,0,0,0
0.02852646,0,2,1.129897665,0,0,0
15.29647131,1,0,22.127224645,0,0,0
199.99989202348348,1,2,0.243442682,0,0,0
10.589644966,0,1,22.127224645,0,0,0
1.28869304351383,1,2,0.233479113,0,0,0
5.525,1,1,20.0,0,0,0
1.02103963048665,1,2,0.267165316,0,0,0
0.01,1,0,20.0,0,0,0
0.83836817,0,0,0.341590268,0,0,0
29.99999028600064,1,2,0.43476765,0,0,0
0.0357445,0,0,20.815012353,0,0,0
12.98692246,1,2,50.0,0,0,0
0.00328515,1,0,1.043021416,0,0,0
1.115,1,2,20.0,0,0,0
0.752327158849724,1,1,0.322326307,0,0,0
21.99953532828245,0,1,22.000001337,0,0,0
0.005,1,1,20.873010101,0,0,0
300.0,0,1,20.0,0,0,0
12.64717957,1,1,21.0,0,0,0
0.00695,1,1,1.053421106,0,0,0
0.03558383,0,2,1.04241457,0,0,0
0.995,1,2,21.0,0,0,0
0.005,1,1,20.873010101,0,0,0
9.36882806,1,1,22.000001337,0,0,0
0.01385,1,0,1.129396698,0,0,0
270.0,0,2,1.036991738,0,0,0
13.9738033740512,1,0,22.127224645,0,0,0
0.05985,1,1,1.160791432,0,0,0
1.406,1,2,30.5,0,0,0
0.50289508,1,2,0.288183858,0,0,0
24.276998386635288,0,1,0.363883524,0,0,0
105.01679344,0,1,20.0,0,0,0
0.005,1,0,30.0,0,0,0
9.32223959,1,1,22.000001337,0,0,0
0.00914669,1,0,1.037837074,0,0,0
0.01,0,2,20.0,0,0,0
0.99584728,1,2,1.198036442,0,0,0
99.99985,1,0,1.195341953,0,0,0
0.002408,1,0,20.0,0,0,0
300.0,0,1,20.0,0,0,0
0.02522527,1,1,1.144919453,0,0,0
9.5313166376,1,1,22.000001337,0,1,0
0.01,0,0,21.0,0,0,0
0.6499563692112534,0,2,0.238076445,0,0,0
0.11796372,1,0,21.0,0,0,0
0.906688536061234,1,1,0.298840711,0,0,0
9.817972957950506,1,2,0.322326307,0,0,0
1.54048898,1,2,1.101344581,0,0,0
0.702563843542925,1,1,0.239534815,0,0,0
10.00678063,1,0,22.127224645,0,0,0
0.03645,1,2,1.04814989,0,0,0
44.99743151156861,1,0,0.242524804,0,0,0
10.583,1,0,20.0,0,0,0
0.00488477,1,0,1.102203142,0,1,0
12.235,1,2,21.0,0,0,0
0.005,1,1,21.0,0,0,0
0.01593761,1,1,1.284387349,0,0,0
1.389990403061404,1,2,0.299798668,0,0,0
0.46942889,1,2,1.034163467,0,0,0
9.99492246,1,2,22.000001337,0,0,0
1.055161061577727,1,0,0.249454777,0,0,0
0.499986142327242,1,1,0.355813575,0,1,0
8.98392246,1,1,22.000001337,0,0,0
28.999994356668488,0,2,0.235282764,0,0,0
22.19872627,1,1,20.0,0,0,0
0.05976274,1,0,1.04255798,0,0,0
11.39847051,1,2,21.0,0,0,0
0.59997127,0,1,1.199570673,0,0,0
1000.0,1,2,23.0,0,0,0
0.5236038700339477,1,1,0.298840711,0,0,0
4.075,1,1,21.0,0,0,0
0.39985,1,0,1.214022099,0,0,0
0.00285,0,0,1.215808423,0,0,0
1.4765978588245252,1,0,0.240608391,0,0,0
0.379,1,0,30.5,0,0,0
49.99992432281876,1,1,0.337946833,0,0,0
0.00257207,1,0,1.043099171,0,0,0
0.03484465,1,0,1.042193418,0,0,0
7.561,1,2,21.0,0,0,0
8.24754705,1,2,22.000001337,0,0,0
0.637376916779305,0,0,0.458624863,0,0,0
0.01487226,1,2,1.050536205,0,0,0
0.677652937,1,0,0.375136715,0,0,0
2.40007485,1,0,20.40801424,0,0,0
15.999559,0,1,21.0,0,0,0
1.0,0,0,1.098622457,0,0,0
4.99985,1,0,1.106956786,0,0,0
8.72345,1,2,1.1387007,0,0,0
4.999983400681158,1,2,0.299798668,0,0,0
1098.9999397441625,1,0,0.41884549,0,0,0
15.186986699869491,0,0,0.43362083,0,0,0
39.47,0,2,20.0,0,0,0
9.995,1,2,30.5,0,0,0
0.5955442942045035,0,0,0.36210711,0,0,0
0.03003396,1,2,1.163998845,0,0,0
1.0314174,1,0,1.036290325,0,0,0
0.01385,1,1,1.112354437,0,0,0
0.11,1,2,21.0,0,0,0
0.2325,0,1,1.167017298,0,0,0
0.08616792,1,1,1.04614637,0,0,0
2.495,1,2,30.0,0,0,0
20.81392246,1,1,22.000001337,0,0,0
0.002408,0,2,20.815012353,0,0,0
7.29692246,1,2,22.000001337,0,0,0
1.028620134,1,0,0.363883524,0,0,0
0.0162336,1,2,1.199586462,0,0,0
0.8751615915154499,1,2,0.267165316,0,0,0
4.399994772649571,1,2,0.235533298,0,0,0
8.14638183,1,1,22.000001337,0,0,0
0.5693966538539117,1,1,0.243057875,0,1,0
9.99392246,1,1,22.000001337,0,0,0
11.85516698,1,2,21.0,0,0,0
8.97192246,1,1,22.000001337,0,0,0
1.239594789507363,0,0,0.243338951,0,0,0
2.547579372182798,1,2,0.375020151,0,0,0
0.015,1,0,20.0,0,0,0
0.1690749,0,1,22.0,0,0,0
0.24436674,0,0,1.059906569,0,0,0
21566.37474437,1,1,1.145735603,0,0,0
0.546,1,1,0.339479526,0,0,0
201.17302898937487,1,0,21.0,0,1,0
0.045,1,2,90.0,0,0,0
30.07879508197448,1,1,0.517813986,0,0,0
1.082994843875964,1,1,0.24507077,0,0,0
56.99392246,1,0,22.000001337,0,0,0
8.24754705,1,2,22.000001337,0,0,0
0.0905,1,2,1.040066144,0,0,0
0.983186450608673,1,1,0.259855462,0,0,0
0.04905872,1,1,1.042940593,0,0,0
37.67392246,0,1,22.000001337,0,0,0
0.14981886,1,2,21.0,0,0,0
0.21345,1,0,24.670216374,0,0,0
1.519369619887606,1,2,0.241182291,0,0,0
10.14083109,1,2,22.000001337,0,0,0
0.0054377,0,2,1.107083779,0,0,0
9.00251098,1,2,22.000001337,0,0,0
9.9952115,0,2,20.0,0,0,0
0.5095017486878384,0,0,0.474345778,0,1,0
0.10285,1,0,1.151847917,0,0,0
0.549877256,1,0,0.300207963,0,0,0
21.99,1,1,21.0,0,0,0
2.222395754085726,1,1,0.376846516,0,0,0
0.495,1,0,20.0,0,0,0
7.42945946,1,1,22.000001337,0,0,0
48.804751834441255,1,0,22.073836554,0,0,0
0.66630907,1,1,1.111662796,0,0,0
9.99492246,1,1,22.000001337,0,0,0
11.31692246,1,2,22.127224645,0,0,0
0.9287470192213202,1,2,0.36210711,0,0,0
8.97192246,1,1,22.000001337,0,0,0
8.19392246,1,2,22.000001337,0,0,0
23.488559,1,0,21.0,0,0,0
22.5083295,1,0,22.000001337,0,0,0
8.53649294,1,2,22.528622017,0,0,0
14.49912859,1,2,0.43476765,0,0,0
1.10659758,1,0,1.129897665,0,1,0
13.9941295,1,0,22.000001337,0,0,0
16.72724465,1,0,22.127224645,0,0,0
11.27347446,1,0,21.0,0,0,0
8.12392246,1,1,22.000001337,0,0,0
0.00245,1,0,1.125835974,0,0,0
0.09985,0,2,1.040316263,0,0,0
1.00062481,1,1,20.272024492,0,0,0
3.433994490463667,1,2,0.337906168,0,0,0
5.390645803855015,1,1,0.246927868,0,0,0
1.52117317,1,2,1.055111622,0,0,0
10.4633303,0,0,21.0,0,0,0
13.9738033740512,0,1,22.127224645,0,0,0
1.072333848567081,1,0,0.517813986,0,0,0
12.099993695632778,0,2,0.43476765,0,0,0
0.005,1,1,21.0,0,0,0
5.77252491,1,0,30.0,0,1,0
2.1863037,1,2,0.257021202,0,0,0
0.01,1,2,21.0,0,0,0
10.86625763,1,0,22.127224645,0,0,0
11.923869292860845,1,2,22.000001337,0,0,0
0.947983907475988,1,2,0.298840711,0,0,0
0.006,0,1,1.058331185,0,0,0
0.01478473,1,1,1.036573524,0,0,0
1.75,1,2,20.0,0,0,0
2.381,0,1,20.0,0,0,0
16.03366301,1,1,21.0,0,0,0
5.638173397865275,1,0,0.245976873,0,0,0
0.498274431352212,1,2,0.328991132,0,0,0
0.2053443,1,2,1.309130653,0,0,0
0.03225,1,0,1.281111171,0,0,0
0.644382757811644,1,1,0.242391936,0,0,0
0.08438794,1,0,1.082545328,0,0,0
52.03222246,1,1,22.073836554,0,0,0
7.37362536,0,0,22.000001337,0,0,0
500.0,0,2,21.0,0,0,0
13.79243706,1,2,21.0,0,0,0
0.0013,0,2,21.0,0,0,0
0.0113,0,2,20.0,0,0,0
7.09280246,0,2,22.000001337,0,0,0
202.499559,1,0,21.0,0,0,0
5.273954299683518,1,2,0.355813575,0,0,0
3.035,1,2,21.0,0,0,0
0.21464038,0,0,30.0,0,0,0
2.4733,1,0,20.0,0,0,0
0.26955747,0,2,1.126691061,0,0,0
0.5049120264919026,1,1,0.251043358,0,0,0
9.999909216302497,1,0,0.286911168,0,0,0
29.998559,1,1,22.000001337,0,0,0
0.02532577,0,2,1.118123622,0,0,0
0.61211743,1,1,1.178854798,0,0,0
1.690170058413268,1,1,0.243442682,0,0,0
0.01422209,0,1,1.039384392,0,1,0
74.98177536,1,0,22.000001337,0,0,0
0.0127485,1,0,1.051824522,0,0,0
0.04329407,1,1,1.048606487,0,0,0
3.242,0,0,21.0,0,0,0
4.42723,1,2,21.0,0,0,0
0.563698,1,1,0.238076445,0,0,0
0.01515216,1,1,1.030865333,0,0,0
7.93343776,1,1,22.000001337,0,0,0
27.53086146,1,2,22.000001337,0,0,0
4.399994772649571,1,1,0.235533298,0,0,0
1.855,0,0,24.670216374,0,0,0
1.30332602,1,1,1.253571012,0,0,0
0.906688536061234,0,0,0.298840711,0,0,0
0.01,0,1,20.0,0,0,0
0.8141421,1,1,0.260790342,0,0,0
0.00185,1,1,1.030224692,0,0,0
132.8648323,1,1,20.0,0,0,0
9.86402246,1,1,22.000001337,0,0,0
5.190517,1,2,25.0,0,0,0
0.01489722,1,2,1.281360337,0,0,0
39.99985,1,2,1.129102158,0,0,0
0.01155691,1,0,1.04737673,0,1,0
0.01,1,1,20.42469852,0,0,0
0.789792088241201,1,0,0.299798668,0,0,0
0.98622,1,1,0.399923023,0,0,0
7.03742246,1,2,22.000001337,0,0,0
7.00583246,1,1,22.000001337,0,0,0
500.0,1,2,21.0,0,0,0
0.05174407,1,2,1.204512407,0,0,0
28.107959,1,2,22.000001337,0,0,0
1.38361,1,2,20.0,0,1,0
18.505,1,2,20.40801424,0,0,0
0.005,0,2,30.5,0,1,0
0.05985,1,0,1.132038518,0,0,0
0.50781459,1,0,1.049731837,0,0,0
4.599964983714065,1,1,0.43476765,0,0,0
0.995,0,2,21.0,0,0,0
21.99953532828245,0,1,22.000001337,0,0,0
7.29002246,1,0,22.000001337,0,0,0
0.005,1,2,21.0,0,0,0
0.4916654181190286,1,2,0.427844078,0,0,0
9.37642515,1,1,22.000001337,0,0,0
0.01004877,1,2,1.224597931,0,0,0
10.09392246,0,2,25.076374645,0,0,0
0.83836817,1,2,0.341590268,0,0,0
9.14392246,1,0,22.000001337,0,0,0
0.4957694834320551,1,0,0.254139651,0,1,0
20.3744599,1,1,22.000001337,0,0,0
0.437,1,2,21.0,0,0,0
1.289986503377826,1,2,0.43476765,0,0,0
19.59382246,1,0,25.076374645,0,0,0
1.653755,1,2,20.0,0,0,0
12.69112246,1,1,22.127224645,0,0,0
397.5999798709,0,2,0.302633325,0,0,0
0.06067715,1,2,1.237721638,0,0,0
26.374559,1,0,22.000001337,0,0,0
500.0,1,1,22.073836554,0,0,0
1386.9999710091456,0,0,0.239863892,0,0,0
26.56822892,1,1,22.000001337,0,0,0
19.99997499699249,0,2,0.337906168,0,0,0
2.13092879,0,2,21.0,0,1,0
0.015,1,2,20.0,0,0,0
0.01,1,1,21.0,0,1,0
0.02985,1,0,1.042184667,0,0,0
0.03225,1,1,1.281111171,0,0,0
1.084,1,1,21.309262042,0,0,0
1100.0,0,1,15.63206454,0,0,0
0.5095017486878384,1,0,0.474345778,0,0,0
5.069,1,2,21.0,0,0,0
0.24874108,1,1,22.0,0,0,0
2.125,1,1,0.333801551,0,1,0
19.99392246,1,0,21.0,0,0,0
5.25008,0,0,20.012773603,0,0,0
1.1025965775830997,1,1,0.243154668,0,0,0
0.01437,0,1,1.118299515,0,0,0
0.04212663,0,2,1.162440281,0,0,0
0.0019493,1,2,1.063333575,0,0,0
184.99998151345528,0,1,0.327837489,0,0,0
22.12835,1,0,1.112801496,0,0,0
0.05021491,1,0,1.128467891,0,1,0
7.79160887,1,0,1.040489216,0,0,0
0.04985,1,0,1.236476399,0,0,0
1.8471082030805253,1,2,0.36210711,0,0,0
1.2177,1,0,20.0,0,0,0
10.527,1,2,20.272024492,0,0,0
9.694759,0,1,22.000001337,0,0,0
2.0132453983273813,1,1,0.244694791,0,0,0
5.61793138,1,2,21.0,0,0,0
0.30601177,0,2,1.04238713,0,0,0
0.869988754982391,1,0,0.303189435,0,0,0
5.99985,1,2,1.05803751,0,0,0
0.752327158849724,1,0,0.322326307,0,0,0
399.82985,1,1,1.194374776,0,0,0
14.99943733606889,1,1,0.235533298,0,1,0
0.999991473090112,1,0,0.246629989,0,0,0
39.99985,1,1,1.068059419,0,0,0
1.4186270059515642,1,1,0.330598925,0,0,0
0.095,1,2,20.0,0,0,0
9.805,1,2,30.0,0,1,0
0.15,1,1,39.0,0,0,0
0.00714361,1,2,1.052611655,0,0,0
2.499995110872064,0,2,0.267165316,0,0,0
35.88392246,0,0,22.000001337,0,0,0
0.59997127,1,2,1.199570673,0,0,0
7.96203355,1,2,22.000001337,0,1,0
2.587849009482467,1,0,0.239394101,0,0,0
9.99392246,1,2,22.000001337,0,0,0
103.46583662987936,1,0,0.36776174,0,0,0
0.01,1,1,20.0,0,0,0
0.1101,1,2,21.0,0,0,0
5.91525,1,2,21.0,0,0,0
1.08201421,1,2,1.047868083,0,0,0
0.0048,0,2,20.0,0,0,0
43.99392246,1,0,21.0,0,0,0
7.69392246,1,2,22.000001337,0,0,0
0.42166724,1,1,21.0,0,0,0
0.16833416,0,2,20.0,0,0,0
1.805519498845258,1,1,0.43362083,0,0,0
0.817975579327216,1,0,0.337906168,0,0,0
45.999559,1,1,22.000001337,0,0,0
0.516709133593639,1,2,0.288183858,0,0,0
119.99392246,0,2,22.000001337,0,0,0
0.04930225,1,1,1.043596048,0,0,0
0.16426319,1,0,21.0,0,0,0
0.6902137378253648,1,2,0.254139651,0,0,0
0.495,1,2,20.0,0,0,0
0.5806540516083566,1,2,0.43362083,0,0,0
3.6987,1,2,20.0,0,0,0
31.89387374,1,2,1.046089345,0,0,0
0.03225,0,1,1.281111171,0,1,0
0.739993509282368,1,2,0.36210711,0,0,0
19.99392246,1,1,21.0,0,0,0
0.0701,0,2,1.046077332,0,0,0
0.05285,1,0,1.200415361,0,0,0
11.98892246,1,0,22.127224645,0,0,0
2.00985,1,0,1.119048167,0,0,0
17.543393299826764,1,1,0.277848319,0,0,0
42.23635879,0,2,21.0,0,0,0
0.335,1,0,47.15,0,0,0
0.995,0,2,21.0,0,0,0
40.17782246,1,2,22.073836554,0,0,0
9.83392246,1,2,22.000001337,0,0,0
2.6113895277909487,1,1,0.238286072,0,0,0
0.499839441370903,1,0,0.242391936,0,0,0
0.00583454,1,1,1.071170151,0,0,0
3.8667,1,0,20.0,0,0,0
0.05842973,1,0,1.046253761,0,0,0
0.9322814028660654,0,2,0.341590268,0,0,0
0.00185,1,1,1.095563765,0,0,0
3.48300591261185,1,2,0.528775067,0,0,0
8.97392246,1,1,22.000001337,0,0,0
0.931660022256354,1,1,0.485210834,0,0,0
0.15114156,1,2,1.220562431,0,0,0
0.19125,1,1,1.208205771,0,0,0
201.17302898937487,1,2,21.0,0,0,0
0.00485014,1,0,1.123530282,0,0,0
0.61000606,1,1,1.111219485,0,0,0
36.855,1,2,20.0,0,0,0
34.485,1,2,20.012773603,0,0,0
29.45173853,1,2,22.000001337,0,0,0
0.4938527551753764,1,0,0.239863892,0,0,0
7.99392246,0,1,22.000001337,0,0,0
13.80918016,1,0,21.0,0,0,0
38.81004646720192,1,2,22.000001337,0,0,0
39.799559,1,1,22.000001337,0,0,0
0.005,1,0,30.0,0,0,0
44.90345939,1,2,22.000001337,0,0,0
0.005,1,2,30.0,0,0,0
0.00285,1,0,1.206792564,0,0,0
0.1230267,1,0,1.04639751,0,0,0
99.98892246,1,0,21.0,0,0,0
10.67780131,1,0,21.0,0,0,0
0.74495494477353,1,1,0.29455668,0,0,0
5.28131,0,2,20.0,0,0,0
1.885,1,0,21.0,0,0,0
0.00555,1,1,1.045747076,0,0,0
4.87522,1,1,20.0,0,0,0
0.005,1,2,21.0,0,0,0
0.789787476657119,0,1,0.337906168,0,0,0
3.3996815,1,2,21.0,0,1,0
52.70738447319886,1,2,0.293232506,0,0,0
20.90523328,1,0,20.0,0,0,0
0.005,1,0,20.0,0,0,0
0.02795195,1,0,1.167306793,0,0,0
9.902535328282456,1,0,22.000001337,0,0,0
24.99985,1,1,1.236913275,0,0,0
25.99690642,1,0,22.000001337,0,0,0
0.06818502,0,1,1.03721305,0,0,0
1.0562962988,1,0,0.36210711,0,0,0
53.551,1,1,21.981996749,0,0,0
0.59551952,1,2,0.299798668,0,0,0
9.7868137,1,1,22.000001337,0,0,0
1.4043234859514917,1,1,0.312354437,0,1,0
3.3029575641394016,1,1,0.31440281,0,0,0
0.8616678,1,0,21.0,0,1,0
0.01,1,1,21.0,0,0,0
1.908,0,2,20.0,0,0,0
0.504,1,0,0.330598925,0,0,0
8.7723,1,2,24.670216374,0,0,0
5.50914663,1,0,27.72,0,0,0
0.3268,1,0,21.0,0,0,0
8.111416829207993,0,0,22.000001337,0,0,0
0.492634565663787,1,0,0.399923023,0,0,0
7.00349296,0,0,22.000001337,0,0,0
11.99392246,0,2,21.0,0,0,0
23.97792246,1,2,22.000001337,0,0,0
23.38839846,1,2,22.127224645,0,0,0
0.0764,1,0,21.0,0,0,0
13.96800226,1,2,22.000001337,0,0,0
2.9999279293327654,1,2,0.359952214,0,0,0
3.79388885,1,0,21.954492566,0,0,0
1.899714957730908,1,1,0.257021202,0,0,0
0.93552479,1,2,0.429864307,0,0,0
0.01,1,0,20.0,0,1,0
0.00292502,1,0,1.045007328,0,1,0
85.75733018259551,1,1,0.321843841,0,0,0
7.399974652837473,1,1,0.243434082,0,0,0
44.19392246,0,1,21.0,0,0,0
18.7736328060679,1,2,0.254352718,0,0,0
18.88989926,1,1,25.076374645,0,0,0
16.362253763197177,1,2,0.240053116,0,0,0
16.75448728,1,0,100.1,0,0,0
0.31133447,1,0,1.067644199,0,0,0
9.9814056,1,0,22.000001337,0,0,0
0.789778432286651,1,0,0.359952214,0,0,0
5.251510839496272,1,0,0.239162921,0,0,0
5.038258,1,2,20.0,0,0,0
0.5554394552782141,1,0,0.235533298,0,0,0
11.99985,1,0,1.139656145,0,0,0
0.21281672,1,0,1.195507819,0,0,0
0.002443,1,0,1.042252328,0,0,0
0.0176322,1,0,1.183471784,0,0,0
16.47392246,1,0,21.0,0,0,0
0.12367513,0,1,1.052521477,0,0,0
119.99392246,0,0,21.0,0,0,0
1.0603214821238152,1,0,0.24161278,0,0,0
0.005,1,2,20.0,0,0,0
2.59985,1,0,1.165546135,0,0,0
8.1790509,0,0,22.000001337,0,0,0
0.27762308,0,0,1.311219164,0,0,0
3.6987,1,1,20.0,0,0,0
1.082994843875964,1,2,0.24507077,0,0,0
8.01992246,1,2,22.000001337,0,1,0
0.7099888935289604,1,2,0.4032001,0,1,0
0.505,1,0,30.0,0,0,0
20.72712246,1,1,22.000001337,0,0,0
0.0143,1,1,1.180587332,0,0,0
0.14444811,1,2,1.198309145,0,0,0
0.8613,1,1,20.0,0,0,0
0.9999774496091194,1,2,0.36210711,0,0,0
67.60029397230552,1,2,21.0,0,0,0
0.36185,1,2,1.230478555,0,1,0
9.9956089,1,2,22.000001337,0,0,0
0.0913,0,2,20.0,0,0,0
0.00995,1,2,1.286395202,0,0,0
0.527593198230788,1,1,0.235282764,0,0,0
1.055161061577727,1,1,0.249454777,0,0,0
0.4878615,1,1,1.039430984,0,1,0
15.7699344,0,2,22.127224645,0,0,0
0.526311320759626,1,0,0.321927375,0,0,0
110.036159,1,1,21.0,0,0,0
24.99985,1,1,1.045063796,0,1,0
0.849818356031606,0,1,0.321469692,0,0,0
0.01128143,0,1,1.122451221,0,0,0
17.945724839971923,1,0,100.1,0,0,0
0.0199,1,2,20.0,0,0,0
0.0813,1,0,20.0,0,0,0
1.175,1,0,21.0,0,0,0
7.69985,1,0,1.186200982,0,0,0
0.09397439,1,1,1.126342189,0,1,0
0.99462963,1,0,21.0,0,0,0
9.36882806,0,2,22.000001337,0,0,0
0.12389,1,2,1.038445288,0,0,0
9.99482946,1,1,22.000001337,0,0,0
6.627361,0,2,20.0,0,0,0
19.99996699126527,1,0,0.255747922,0,0,0
0.11278164,1,0,20.887260762,0,0,0
28.99710583,1,1,22.000001337,0,0,0
45.20042996,1,2,1.05372002,0,0,0
0.11242,1,1,1.049680665,0,0,0
9.99392246,1,2,22.000001337,0,0,0
14.9920371,1,1,21.0,0,0,0
0.00230745,1,1,1.05868683,0,0,0
4.914076,0,2,21.954492566,0,0,0
22.5586931179232,1,2,0.35576282,0,0,0
0.23235113,1,1,1.195903666,0,0,0
18.88989926,1,2,25.076374645,0,0,0
0.6029399489271763,1,1,0.330598925,0,0,0
1.733990506184613,1,1,0.288183858,0,0,0
2.5825,1,0,22.0,0,0,0
5.911,1,0,21.309262042,0,0,0
0.10285,1,2,1.128315435,0,0,0
0.005,1,0,39.0,0,0,0
0.00993,0,1,1.117128761,0,0,0
0.06434284,1,2,1.27228107,0,0,0
0.0013,0,1,20.0,0,0,0
2.134716329525125,1,0,0.317653231,0,0,0
7.96203355,1,2,22.000001337,0,0,0
20.23413746,1,0,22.000001337,0,0,0
2.23318888,0,2,21.0,0,0,0
0.0813,1,0,20.815012353,0,0,0
20.09392246,0,1,22.000001337,0,0,0
3.428,1,1,20.0,0,0,0
0.776788728414094,1,1,0.245976873,0,1,0
123.00392246,0,1,22.000001337,0,0,0
11.98892246,0,1,22.127224645,0,0,0
3.65127,1,2,21.0,0,0,0
13.311439068138982,1,2,0.337946833,0,0,0
5.9070396,0,1,22.917630378,0,0,0
23.995,1,2,30.0,0,0,0
16.66250899,0,2,22.127224645,0,0,0
12.13227232,0,1,20.159005428,0,0,0
99.99892246,1,1,22.073836554,0,0,0
44.995,1,0,20.272024492,0,0,0
1.0428696960393369,1,1,0.250536205,0,0,0
0.04002546,0,0,1.04299583,0,0,0
10.01535046,0,0,22.127224645,0,0,0
39.647,1,2,20.0,0,1,0
3.08900244,0,0,20.0,0,0,0
4.064969,1,1,20.0,0,0,0
0.494994789507363,0,2,0.355813575,0,1,0
0.0054377,1,1,1.107083779,0,0,0
0.0013,1,2,20.0,0,0,0
6.98982,1,2,1.12956208,0,0,0
5.54962147,1,1,20.0,0,0,0
1.0903735230631433,1,2,0.330598925,0,0,0
0.761884108089482,1,2,0.517813986,0,0,0
0.343724,1,1,20.815012353,0,1,0
30.307,1,2,20.0,0,0,0
39.87392246,1,0,22.000001337,0,0,0
4.79633854,0,0,20.0,0,0,0
0.05318,1,1,1.04238713,0,0,0
0.906689367109459,1,1,0.288734486,0,0,0
0.0151347,1,1,1.300377886,0,0,0
4.474,1,2,20.0,0,0,0
0.99502962,1,1,20.272024492,0,0,0
5.0,1,2,91.0,0,0,0
0.007842,1,2,1.150137705,0,0,0
74.71199799785103,1,0,21.0,0,0,0
2.3444323031553025,1,1,0.327010236,0,0,0
149.99997483686792,1,0,0.257021202,0,0,0
0.00585,1,1,1.194392863,0,1,0
23.91392246,1,1,21.0,0,0,0
0.250605,1,0,1.11650583,0,0,0
0.9992805208082678,1,0,0.243338951,0,0,0
24.999977704004728,1,1,0.243154668,0,0,0
0.195,1,0,20.0,0,0,0
0.4,1,0,20.887260762,0,0,0
1.84799566,1,1,21.0,0,0,0
1.04989,1,2,1.063518719,0,0,0
269.99216449,1,1,20.0,0,0,0
19.96973405,1,2,22.000001337,0,0,0
59.495,1,0,20.952480561,0,0,0
2.54,0,2,20.0,0,0,0
0.2713839,1,1,1.041411396,0,0,0
9.00093078,1,2,22.000001337,0,0,0
0.05985,1,0,1.039913629,0,0,0
0.01059727,0,1,1.123442473,0,0,0
11.31692246,1,1,22.127224645,0,1,0
0.00995,1,2,1.286395202,0,0,0
19.258229,0,2,30.0,0,0,0
7.14607314,1,2,22.000001337,0,0,0
9.15290999,1,2,22.000001337,0,0,0
0.005,1,2,21.0,0,0,0
0.4878615,1,0,1.039430984,0,0,0
38.3838110620291,0,0,22.000001337,0,0,0
0.02321,1,2,1.283543831,0,0,0
0.01,1,1,21.0,0,0,0
17.07761551,1,2,21.0,0,0,0
0.91104557,0,2,1.04881798,0,0,0
0.01,1,1,20.0,0,0,0
0.02994818,1,0,1.128315435,0,0,0
1.355275819547205,0,2,0.329899238,0,0,0
0.05,1,0,23.369866721,0,0,0
0.01,1,0,20.0,0,0,0
10.00177246,1,0,21.0,0,0,0
1.79768468,1,0,20.815012353,0,0,0
0.51,1,1,0.339479526,0,0,0
3.149894915030579,0,2,0.241635233,0,0,0
31.79985,1,2,1.117301484,0,0,0
0.00805878,1,1,1.131059956,0,0,0
0.5554394552782141,0,0,0.235533298,0,0,0
0.35833872,1,1,1.044192584,0,0,0
0.499352257222798,1,2,0.316702001,0,0,0
7.399922703322924,1,0,0.251824522,0,0,0
22.49271456,0,0,22.000001337,0,0,0
0.03297042,1,0,1.111149202,0,0,0
0.2913,0,2,22.528622017,0,0,0
2.5856106057121955,1,0,0.366007989,0,0,0
0.6574709314726703,0,2,0.388031055,0,0,0
0.36302107,1,0,21.0,0,0,0
0.0123,1,1,21.349091302,0,0,0
8.395,1,2,30.5,0,0,0
0.0101397,1,0,1.046735189,0,0,0
3.0,1,0,22.416545867,0,0,0
17.442292875296214,1,2,0.247292168,0,0,0
0.20085,1,2,1.065940609,0,0,0
4.995,1,2,21.0,0,0,0
1.056,1,0,20.0,0,0,0
1100.0,1,2,15.63206454,0,0,0
0.88191222,1,0,30.0,0,0,0
0.002408,1,1,20.0,0,0,0
0.007842,1,2,1.150137705,0,0,0
13.78492246,1,2,22.127224645,0,0,0
1.229992990167429,0,0,0.443922838,0,0,0
8.49392246,0,1,22.000001337,0,0,0
1.289986503377826,1,0,0.43476765,0,0,0
0.995,1,1,21.0,0,0,0
7.53608456,1,2,22.000001337,0,0,0
20.2874279,1,0,22.000001337,0,0,0
159.99892246,1,0,21.0,0,0,0
10.105,0,0,20.272024492,0,0,0
7.2126,0,0,21.0,0,0,0
5.53477,1,1,21.0,0,0,0
1.0,1,2,20.0,0,0,0
7.8353576,1,0,21.0,0,0,0
28.31892246,1,1,21.0,0,0,0
0.99951753,1,2,1.098070604,0,0,0
9.49967356,1,1,22.000001337,0,0,0
1.6999555321277011,1,0,0.243057875,0,0,0
18.75126539,0,0,21.0,0,0,0
46.985,1,0,20.0,0,0,0
8.06832246,1,0,22.000001337,0,0,0
8.395,0,0,30.5,0,0,0
0.65537122,1,1,20.0,0,0,0
0.522408,1,1,20.0,0,0,0
7.99392246,1,2,22.000001337,0,0,0
2.1863037,1,2,0.257021202,0,0,0
0.00855,1,0,1.150323515,0,0,0
0.005,0,1,21.0,0,0,0
0.5133500777137454,1,2,0.244694791,0,0,0
0.025824,1,0,1.133112388,0,0,0
0.28431952,1,2,1.159151725,0,0,0
0.01463336,1,0,21.0,0,0,0
0.5066628410743025,0,1,0.241182291,0,0,0
3.666056,1,2,30.0,0,0,0
15.55492246,1,1,21.0,0,0,0
0.859888177919758,1,1,0.337946833,0,0,0
0.005,1,1,23.444264145,0,0,0
0.06085,0,1,1.159952214,0,0,0
9.99277778,1,2,20.0,0,0,0
1.36259813,1,2,20.0,0,0,0
0.85988917714411,1,0,0.288734486,0,0,0
92.91126188343324,1,1,0.262824488,0,0,0
5.2860037,1,2,20.0,0,0,0
7.99304046,1,1,22.000001337,0,0,0
7.92259352,1,1,22.000001337,0,0,0
0.002408,0,2,20.0,0,0,0
16.73144152,1,2,22.008407867,0,0,0
32.48892246,1,0,21.0,0,0,0
0.045,1,2,20.0,0,0,0
14.01657746,0,2,21.0,0,0,0
9.99492246,1,0,22.000001337,0,1,0
2.204,1,2,22.667583079,0,0,0
217.14089515,1,1,1.044462823,0,0,0
24.735,1,0,30.0,0,0,0
371.99967823658267,1,1,0.321845711,0,0,0
0.2913,1,1,20.0,0,0,0
6.499994884740263,0,1,0.48507515,0,1,0
0.539919256,1,0,0.330598925,0,0,0
0.46944508,0,2,20.815012353,0,0,0
0.01,1,1,21.0,0,0,0
19.96973405,1,0,22.000001337,0,0,0
0.005,1,1,20.873010101,0,0,0
3.495,1,1,20.0,0,0,0
9.98872246,0,0,22.000001337,0,0,0
4.745,1,2,21.0,0,0,0
4.99985,0,1,1.106956786,0,0,0
0.08399983,1,2,1.174043428,0,1,0
31.48699574,1,2,21.0,0,0,0
26.137,1,0,21.0,0,1,0
21.99953532828245,1,0,22.000001337,0,0,0
0.59433473,1,2,50.0,0,0,0
10.86625763,0,1,22.127224645,0,0,0
0.015088,1,0,1.182388672,0,0,0
24.44399282,1,0,22.000001337,0,0,0
9.418567,1,1,20.0,0,0,0
28.5144365,1,1,20.012773603,0,0,0
1.26,0,0,20.0,0,1,0
0.00805878,1,0,1.131059956,0,0,0
0.11389,1,1,1.136485609,0,0,0
7.99304046,1,1,22.000001337,0,0,0
0.00985,0,0,1.284341524,0,0,0
7.81692246,1,0,22.000001337,0,0,0
0.01399789,0,0,1.265989944,0,0,0
153.99892246,1,1,21.0,0,0,0
0.487858634790019,1,0,0.363883524,0,0,0
0.100346,0,0,1.055446197,0,0,0
0.02311122,0,2,1.136485609,0,0,0
3.0008,1,2,20.0,0,1,0
4.87522,1,1,20.0,0,0,0
5.995,0,0,20.0,0,0,0
0.7083940450707178,1,2,0.48507515,0,1,0
32.69898097,1,2,22.000001337,0,0,0
399.63985,1,2,1.217294851,0,0,0
0.563307962267112,1,0,0.517813986,0,0,0
19.67685918,1,1,21.0,0,0,0
5.999955559095391,1,2,0.340323326,0,0,0
12.16,1,0,20.0,0,0,0
3.69551891,1,0,20.0,0,0,0
0.4871174931759521,0,0,0.250317593,0,1,0
0.005,1,1,24.568222891,0,0,0
0.07411567,0,1,1.298025301,0,0,0
1.338818658297368,1,0,0.237429533,0,0,0
17.07761551,1,2,21.0,0,0,0
0.005,1,1,21.0,0,0,0
0.4942153365899257,1,0,0.277848319,0,1,0
0.00244306,1,2,1.24849985,0,0,0
0.69515483,1,2,23.369866721,0,0,0
12.003,1,0,20.0,0,0,0
0.739890743791429,1,2,0.339479526,0,1,0
30.84828512,1,0,21.309262042,0,0,0
37.67991054040487,0,2,22.000001337,0,0,0
10.799962389528364,1,1,0.24518582,0,0,0
0.01128143,1,0,1.122451221,0,0,0
0.985,1,0,20.0,0,0,0
0.034815,1,2,1.116663233,0,1,0
3.73460373821874,1,1,0.333801551,0,0,0
9.999559,1,1,22.000001337,0,0,0
0.005,1,2,24.568222891,0,0,0
0.01603813,1,1,1.040796887,0,0,0
0.01,1,0,20.40801424,0,0,0
5.335,1,2,21.0,0,0,0
0.00555,0,1,1.042371836,0,0,0
1.0944307799920645,1,0,0.441464016,0,1,0
0.1,1,2,18.0,0,0,0
0.005,1,2,20.0,0,0,0
10.080895184,1,0,22.127224645,0,1,0
1.999986005769176,1,1,0.242126516,0,0,0
0.36302107,1,2,21.0,0,0,0
0.01,1,2,21.0,0,0,0
0.14689052,1,0,1.050129938,0,1,0
6.050308299804327,1,2,0.239863892,0,0,0
0.12637635,1,0,1.045437484,0,0,0
5.495,1,1,21.0,0,0,0
0.752075059061956,1,1,0.341590268,0,0,0
0.05985,1,0,1.039913629,0,0,0
0.06389757,0,2,1.192858443,0,1,0
13.5,0,0,1.047908918,0,0,0
16.99392246,1,2,22.127224645,0,0,0
5.2183,1,2,20.272024492,0,0,0
21.657518480708053,0,1,22.000001337,0,0,0
2.572085101558926,1,1,0.249131093,0,0,0
62.20595285,1,0,22.000001337,0,0,0
0.005,1,2,20.0,0,0,0
1.99785,1,2,1.04079035,0,0,0
30.0,1,1,21.0,0,0,0
1.742434721012705,0,0,0.309081792,0,0,0
0.01385,0,1,1.129396698,0,0,0
0.7199984140087518,1,2,0.304430225,0,0,0
3.666056,1,2,30.0,0,0,0
0.808190311834548,1,0,0.391909125,0,0,0
0.23524377,1,2,1.122043867,0,0,0
1.2467,1,0,20.0,0,0,0
29.995,0,1,21.661292598,0,0,0
0.01,1,1,20.42469852,0,0,0
19.96252246,1,0,22.127224645,0,0,0
0.00231436,1,0,1.227844078,0,0,0
0.85988917714411,1,2,0.288734486,0,0,0
1.267884776462419,1,1,0.243610162,0,0,0
0.26955747,1,2,1.126691061,0,0,0
9.38942246,1,1,22.000001337,0,0,0
0.01,1,1,21.0,0,0,0
0.01,0,0,21.0,0,0,0
1.2666350690470858,1,1,0.239162921,0,0,0
0.2863,0,2,20.0,0,0,0
7.462394048163005,1,0,0.243154668,0,0,0
0.5696485656028617,1,1,0.399923023,0,0,0
13.495,1,1,21.0,0,0,0
5.534878965536908,0,2,0.235282764,0,0,0
29.99392246,1,0,22.000001337,0,0,0
0.29222781,1,0,1.153629367,0,0,0
9.995,0,0,21.0,0,0,0
0.005,0,0,20.0,0,0,0
499.9998837591218,1,2,0.262824488,0,0,0
1.43009,1,0,0.245976873,0,0,0
9.99392246,1,1,22.000001337,0,0,0
0.00563345,1,0,1.039955284,0,0,0
29.42207037,1,2,22.000001337,0,0,0
126.283849,0,1,22.000001337,0,0,0
10.68551226,1,1,21.0,0,0,0
0.14985,1,2,1.220980477,0,0,0
0.702563843542925,1,0,0.239534815,0,0,0
42.70357581,1,2,20.0,0,0,0
0.2913,1,1,21.969348338,0,0,0
0.02129,1,1,1.112306834,0,0,0
15.999971481573748,0,0,0.450152997,0,0,0
18.706191171211,1,0,0.299798668,0,0,0
8.620057812018828,1,2,0.244749667,0,0,0
6.08649,1,2,21.0,0,0,0
19.98212994,0,2,21.0,0,0,0
29.99999028600064,1,0,0.43476765,0,0,0
3.3996815,1,2,21.0,0,0,0
0.11389,1,0,1.136485609,0,0,0
6.627361,1,2,20.0,0,0,0
0.00265512,1,1,1.044841031,0,0,0
9.499559,1,2,22.000001337,0,0,0
1.653755,1,0,20.0,0,0,0
0.5122285197469147,0,2,0.304430225,0,0,0
9.99392246,0,1,22.000001337,0,0,0
39.99192246,1,1,22.000001337,0,0,0
0.10985,0,1,1.041005266,0,0,0
0.01,1,2,20.42469852,0,0,0
9.95964716,1,1,22.000001337,0,0,0
0.06903451,0,1,1.045263372,0,0,0
0.5043945003323691,1,1,0.339781229,0,0,0
30.99392246,1,0,22.000001337,0,0,0
24.73382247,1,2,22.000001337,0,0,0
0.554943333057346,1,2,0.359740198,0,0,0
8.89392246,1,1,22.000001337,0,0,0
0.07812887,0,2,1.118884874,0,0,0
9.97278,1,0,22.000001337,0,0,0
37.995,1,0,120.0,0,0,0
0.50289508,1,2,0.288183858,0,0,0
9.477,1,2,20.0,0,0,0
299.09892246,1,2,21.0,0,0,0
1.1260107,1,0,1.051243454,0,0,0
9.92049424,1,1,22.000001337,0,0,0
12.27682246,1,2,100.1,0,0,0
105.2866437040903,1,0,0.441464016,0,1,0
2.679,1,2,20.0,0,0,0
0.01,1,2,20.0,0,0,0
4.395,0,0,30.0,0,0,0
11.46392246,1,1,22.000001337,0,0,0
0.693726185413198,1,2,0.355813575,0,0,0
1.746,1,2,20.0,0,1,0
0.02088871,0,2,64.0,0,0,0
9.99392246,0,2,22.000001337,0,1,0
0.00574446,1,2,21.0,0,0,0
99.98892246,1,2,22.000001337,0,0,0
26.196433241592008,1,2,0.373931154,0,0,0
0.01,0,0,20.42469852,0,0,0
24.9593595,1,1,22.000001337,0,0,0
0.6154087168384746,1,1,0.247292168,0,0,0
107.09987350684985,0,1,0.24161278,0,0,0
38.685,1,0,20.0,0,0,0
0.13251471,1,2,1.13783783,0,0,0
0.521082414964597,1,2,0.443922838,0,0,0
0.5952256116548149,0,1,0.36210711,0,0,0
2520.9997135737744,1,2,0.246735189,0,0,0
19.67685918,0,0,21.0,0,0,0
0.995,1,2,21.0,0,0,0
7.8353576,1,0,21.0,0,0,0
0.4905725,0,2,0.234610586,0,0,0
2.59985,1,1,1.165546135,0,0,0
0.516709133593639,1,1,0.288183858,0,0,0
4.796881580875059,1,2,0.261326733,0,0,0
1.4840014,0,0,20.0,0,0,0
8.97192246,1,2,22.000001337,0,0,0
0.00185,1,1,1.230408239,0,0,0
0.001,0,2,21.833967631,0,0,0
14.70406756,0,1,21.0,0,0,0
19.99392246,0,0,21.0,0,0,0
0.0113,1,1,20.0,0,0,0
25.099559,0,1,22.000001337,0,0,0
0.7301,0,2,23.697264639,0,0,0
0.54796741,1,1,50.0,0,0,0
0.19985,0,1,1.04737673,0,0,0
0.00895,1,0,1.069814967,0,0,0
1.995,0,0,21.0,0,0,0
9.49392246,1,1,22.000001337,0,0,0
0.9999520317424228,1,1,0.36210711,0,0,0
4.44,1,1,21.0,0,0,0
20.02456382735765,1,0,0.337906168,0,0,0
16.08358162087097,1,2,0.293232506,0,0,0
9.68958,1,2,22.000001337,0,0,0
119.995,0,0,22.917630378,0,0,0
59.99392246,1,0,22.000001337,0,0,0
0.01565,1,2,1.044460498,0,0,0
6.08649,1,2,21.0,0,0,0
0.04985,1,2,1.137421822,0,0,0
3.262629565655697,1,1,0.29455668,0,0,0
0.01034002,1,2,1.113990474,0,0,0
11.99999333181017,1,2,0.450152997,0,0,0
0.5950372751347245,1,0,0.322326307,0,0,0
0.01185,0,1,1.059380834,0,0,0
0.005,1,0,21.0,0,0,0
2.49965,1,2,1.040032972,0,0,0
2.01535361,1,2,1.180587332,0,0,0
0.41796353,0,0,21.0,0,0,0
59.356037,1,0,21.0,0,0,0
0.06185,0,0,1.192048677,0,0,0
10.19274966,1,0,21.0,0,0,0
15.28848146,0,0,21.0,0,0,0
1.28275535,1,2,23.369866721,0,0,0
0.04905039,1,1,1.191847561,0,0,0
0.1230267,1,2,1.04639751,0,0,0
0.98940715,1,1,0.321845711,0,0,0
11.09945934,0,2,21.0,0,0,0
0.808192090356174,1,2,0.301544295,0,0,0
10.98392246,1,0,21.0,0,0,0
2.466,1,0,0.249031321,0,0,0
3880.999801592799,1,1,0.346456644,0,0,0
7.85565212,0,1,22.000001337,0,0,0
1.1025965775830997,1,2,0.243154668,0,0,0
26.196433241592008,1,0,0.373931154,0,0,0
20.899356212860845,1,0,22.000001337,0,0,0
0.23938527,0,1,1.045676634,0,0,0
1.1356600984674,0,0,0.298840711,0,0,0
0.0062436,1,2,1.044102523,0,0,0
22.29999063,1,0,22.000001337,0,0,0
4.215,0,2,20.0,0,0,0
0.18003914,0,1,1.124488769,0,0,0
10.99257105,1,2,21.0,0,0,0
0.00185,1,0,1.196542586,0,0,0
21.22630898,1,2,22.000001337,0,0,0
9.92892246,1,2,22.000001337,0,0,0
13.09392246,1,1,22.127224645,0,0,0
7.99344858,0,0,22.000001337,0,0,0
0.05985,1,0,1.160791432,0,0,0
1.2370974711164189,0,0,0.308912007,0,0,0
19.67685918,1,1,21.0,0,0,0
0.4980101245290864,1,2,0.59198257,0,0,0
33.42985,1,1,1.169451507,0,1,0
21.99981295221077,1,2,0.399923023,0,0,0
0.005,0,2,20.0,0,0,0
0.03484,1,2,1.27612587,0,0,0
44.19392246,1,2,21.0,0,0,0
7.98892246,0,2,22.000001337,0,0,0
40.19234053,1,2,21.0,0,0,0
0.6343751811247299,1,0,0.43476765,0,0,0
0.4969896093668595,0,1,0.315679177,0,0,0
55.47535739,1,1,22.000001337,0,0,0
10.41432246,1,2,22.127224645,0,0,0
0.03003396,1,0,1.163998845,0,0,0
79.49392246,1,2,21.0,0,0,0
7.96203355,1,1,22.000001337,0,0,0
0.509994242546929,0,2,0.251043358,0,0,0
16.789510540404873,1,2,22.000001337,0,0,0
0.06747931,0,1,1.042045033,0,0,0
7.78262246,1,2,22.000001337,0,0,0
0.005,1,0,24.568222891,0,0,0
0.0072719,1,0,1.13444624,0,0,0
3.666056,1,1,30.0,0,0,0
0.05671434,1,1,1.041721845,0,1,0
29.42207037,0,0,22.000001337,0,0,0
0.07448,0,2,1.046916333,0,0,0
3.428,1,0,20.0,0,1,0
0.84870485,1,1,20.0,0,0,0
12.81072246,0,0,21.0,0,0,0
0.01487226,1,0,1.050536205,0,0,0
0.06392077,1,0,1.042071444,0,0,0
14.71573892,1,1,21.0,0,0,0
0.095,1,2,20.0,0,0,0
0.05958488,1,0,1.220980477,0,0,0
0.499839441370903,0,2,0.242391936,0,1,0
7.74630172,1,1,22.000001337,0,0,0
0.005,1,2,21.596799909,0,0,0
3.145152063736646,0,1,0.308905138,0,0,0
9.99392246,1,1,22.000001337,0,0,0
12.82402686,1,1,22.127224645,0,0,0
7.80576918,1,2,22.000001337,0,0,0
548.9195148135232,0,1,0.250309999,0,0,0
0.00702921,1,2,1.142538581,0,0,0
0.5398,1,1,20.887260762,0,0,0
0.599993529883095,1,0,0.321828952,0,0,0
18.48296540759589,0,0,0.244157391,0,0,0
591.7373739645715,0,1,0.352441739,0,0,0
0.01,1,0,4.000000001,0,0,0
0.9287470192213202,0,0,0.36210711,0,0,0
1.28275535,1,1,23.369866721,0,0,0
9.97864146,0,0,22.000001337,0,0,0
26.08425003,1,2,22.000001337,0,0,0
0.0405,1,2,20.0,0,0,0
52.98911568720191,0,2,22.000001337,0,0,0
25.08515265,1,1,22.000001337,0,0,0
22.09485,1,0,1.121751303,0,0,0
2.23318888,1,2,21.0,0,0,0
14.99392246,1,1,21.0,0,0,0
0.00215829,1,1,1.10337677,0,0,0
10.07192246,1,1,22.127224645,0,0,0
39.99985,1,0,1.191674583,0,0,0
0.739993509282368,1,1,0.36210711,0,0,0
0.61078829,1,1,1.158667087,0,0,0
199.99989202348348,1,2,0.243442682,0,0,0
0.03815,1,1,1.15463077,0,0,0
5.190517,1,2,25.0,0,0,0
6.627361,1,2,20.0,0,0,0
0.00233109,1,0,1.101544295,0,0,0
14.71573892,1,0,21.0,0,0,0
157.84382186364522,1,1,0.24518582,0,0,0
0.01485,1,2,1.166472699,0,0,0
149.99999363302186,1,1,0.485210834,0,0,0
0.0913,1,0,20.163522776,0,0,0
4299.999994480686,1,1,0.242391936,0,0,0
53.70392246,1,2,22.000001337,0,0,0
1.0603214821238152,0,0,0.24161278,0,0,0
5.05897174,1,1,22.416545867,0,0,0
11.28392246,0,1,22.127224645,0,1,0
0.01399912,1,1,1.241464016,0,0,0
9.92892246,1,0,22.000001337,0,0,0
0.14689052,1,2,1.050129938,0,0,0
11.82242716,1,2,100.1,0,0,0
0.0048,1,1,20.0,0,0,0
8.620057812018828,1,1,0.244749667,0,0,0
3.65127,1,1,21.0,0,0,0
1.199982265684257,1,0,0.31440281,0,0,0
9.999559,1,0,22.000001337,0,0,0
19.98892246,1,2,22.127224645,0,0,0
0.2,1,0,1.041069682,0,0,0
14.79239156,1,2,21.0,0,0,0
1e-05,1,1,9.339381797,0,0,0
11.09945934,1,1,21.0,0,0,0
9.79971726,1,0,20.0,0,0,0
107.66506103402462,1,2,0.233675282,0,0,0
99.98892246,0,1,22.000001337,0,0,0
0.5988,1,2,20.0,0,0,0
46.741055,1,2,22.000001337,0,0,0
7000.0,1,0,26.03453828,0,1,0
3.999994743490021,1,2,0.298840711,0,0,0
9.46503069,1,1,1.288999815,0,1,0
0.095,0,0,21.0,0,0,0
0.991261990810682,1,1,0.310805676,0,0,0
0.01,1,1,20.0,0,0,0
9.99958,0,1,22.000001337,0,0,0
0.00485,1,0,1.150025366,0,0,0
0.16159618,1,2,1.143132361,0,0,0
0.495,1,0,20.0,0,0,0
0.10245909,1,1,1.101750817,0,0,0
14.99392246,0,2,50.0,0,0,0
5.190517,1,0,25.0,0,0,0
0.00253812,1,1,1.176953778,0,0,0
0.4528868,1,1,21.0,0,0,0
0.37485,0,2,1.054855739,0,0,0
0.00695,0,2,1.053421106,0,0,0
7.99985,0,2,1.127252607,0,0,0
1.0273879515873037,0,1,0.355813575,0,0,0
0.7478423,1,1,20.887260762,0,0,0
26.07492246,1,0,22.000001337,0,0,0
20.342783820392626,1,2,0.388031055,0,0,0
10.39227344,1,0,22.127224645,0,0,0
2.59281242,1,1,1.229613129,0,0,0
0.01907977,1,2,21.954492566,0,0,0
0.25500371,1,2,1.158304637,0,0,0
29.36842928,1,0,22.000001337,0,0,0
2.211643388725203,0,2,0.591631254,0,0,0
0.0742719,1,1,1.252801127,0,0,0
1.7177101215903694,1,1,0.257021202,0,0,0
11.3884027,1,0,22.127224645,0,0,0
2.073090059939664,0,2,0.359952214,0,0,0
0.01330965,1,1,1.146724213,0,0,0
1.082994843875964,1,0,0.24507077,0,0,0
219.90892246,1,0,22.073836554,0,0,0
0.5316109632946442,0,2,0.428010974,0,0,0
108.65940104,1,0,22.0,0,0,0
0.71760987,0,1,0.240608391,0,0,0
0.03575487,1,2,1.048237409,0,0,0
3.395,1,2,20.0,0,0,0
8.97192246,1,0,22.000001337,0,0,0
0.11585,0,0,1.125848359,0,0,0
26.99392246,0,0,22.000001337,0,0,0
0.26955747,1,2,1.126691061,0,0,0
0.98399814,1,1,30.0,0,0,0
0.5883564218485223,1,2,0.298840711,0,0,0
0.21407496,1,0,20.0,0,0,0
0.499986142327242,0,2,0.355813575,0,0,0
0.05925041,0,0,1.118861435,0,0,0
1.0911983973279442,1,0,0.339479526,0,0,0
14.95892246,1,1,22.127224645,0,0,0
119.20985679313188,1,1,0.321843841,0,0,0
0.5952256116548149,0,1,0.36210711,0,0,0
0.01,1,0,20.40801424,0,0,0
7.27892246,1,1,22.000001337,0,0,0
3.090702098635042,1,1,0.243338951,0,0,0
0.002847,1,2,1.104962228,0,0,0
10.589644966,1,2,22.127224645,0,0,0
0.00585,0,1,1.086911168,0,0,0
0.910979488046512,0,2,0.310560886,0,0,0
0.0536623,1,1,1.053630541,0,0,0
10.1217,1,1,20.0,0,0,0
14.99392246,1,2,50.0,0,0,0
7.280941375291357,1,1,0.316702001,0,0,0
0.005,1,1,30.0,0,0,0
0.01,1,1,20.0,0,0,0
21.98033246,1,2,22.000001337,0,0,0
1.02200459,0,2,1.046847028,0,1,0
0.560667380520613,1,1,0.443922838,0,0,0
24.99999478728569,0,0,0.303189435,0,0,0
1.08408,1,1,20.0,0,0,0
0.005,1,1,21.596799909,0,0,0
0.528514943961607,1,2,0.35576282,0,0,0
0.00328515,1,2,1.043021416,0,1,0
6.08649,1,0,21.0,0,0,0
12.74654105,0,2,21.0,0,0,0
1.02985,0,2,1.038963642,0,0,0
0.21345,1,2,24.670216374,0,0,0
9.42936432,1,1,22.000001337,0,0,0
35.423,1,0,20.272024492,0,0,0
0.7379822200055858,1,1,0.474345778,0,0,0
21.62236246,1,2,22.000001337,0,0,0
5.77252491,1,1,30.0,0,0,0
0.16396372,0,2,1.187339308,0,0,0
5.25008,0,0,20.012773603,0,1,0
0.48811573,1,2,1.106626885,0,0,0
5.654516245335984,1,0,0.363883524,0,0,0
42.70357581,1,2,20.0,0,1,0
0.01092591,1,2,21.0,0,0,0
0.989,1,2,52.31514469,0,0,0
147.66985,1,1,1.118979058,0,0,0
0.01985,1,1,1.050452896,0,0,0
0.005,0,2,30.5,0,0,0
0.250605,1,0,1.11650583,0,0,0
19.28772246,1,0,22.127224645,0,0,0
99.99999481039728,1,0,0.245098184,0,0,0
0.01,1,0,20.0,0,0,0
0.53271569,1,1,1.048845549,0,0,0
7.00583246,1,1,22.000001337,0,0,0
0.0062436,1,1,1.044102523,0,1,0
5.836345,1,0,21.0,0,0,0
12.44248016,1,1,22.000001337,0,0,0
11.999810987927814,1,1,0.330598925,0,0,0
24.38264,1,0,21.0,0,0,0
39.98769453,1,2,22.073836554,0,0,0
17.126757607738362,1,2,0.245098184,0,0,0
1901.0,1,2,1.044294149,0,0,0
9.99392246,1,0,22.000001337,0,0,0
2.995,1,1,30.0,0,0,0
0.663466404265006,1,2,0.241283866,0,0,0
52.70738447319886,1,1,0.293232506,0,0,0
0.04354,1,0,1.095092217,0,0,0
11.09908897,1,1,20.887260762,0,0,0
1.028620134,1,0,0.363883524,0,0,0
0.528514943961607,1,1,0.35576282,0,0,0
0.730934165185301,1,1,0.321927375,0,0,0
0.06273998,1,2,1.04626984,0,0,0
8.83812246,0,2,22.000001337,0,0,0
15.331067,1,1,22.000001337,0,0,0
0.01092591,1,1,21.0,0,0,0
0.0013,1,0,20.0,0,0,0
60.07208799997192,1,2,22.000001337,0,0,0
4.92007,1,0,21.0,0,0,0
7.00349296,0,2,22.000001337,0,0,0
174.9494486994642,1,2,22.073836554,0,0,0
4.219,1,2,20.0,0,0,0
9.99392246,1,2,22.000001337,0,0,0
1000.0,1,0,21.0,0,0,0
7.44482299,1,2,22.000001337,0,1,0
0.00702921,1,1,1.142538581,0,0,0
0.00995,1,1,1.286395202,0,0,0
0.01,1,2,20.0,0,0,0
0.5665944793515697,1,1,0.254626787,0,0,0
2.35273773,1,1,21.0,0,0,0
0.0101397,1,0,1.159168946,0,0,0
43.9997431146659,1,0,0.256020979,0,0,0
4.995,1,2,21.0,0,0,0
9.43247709,1,1,22.000001337,0,0,0
7.49392246,1,0,22.000001337,0,0,0
0.302408,1,2,22.0,0,0,0
11.923869292860845,0,2,22.000001337,0,0,0
299.99994346854555,1,0,0.485210834,0,0,0
0.00714361,1,0,1.052611655,0,0,0
0.836,1,0,0.301965816,0,0,0
9.191,1,0,21.0,0,0,0
1.28802556,1,2,20.0,0,0,0
0.00292502,1,0,1.045007328,0,0,0
0.005,1,2,23.444264145,0,0,0
0.859888177919758,1,1,0.337946833,0,0,0
23.70392246,1,0,21.0,0,0,0
10.70781246,1,2,21.0,0,0,0
20.77392246,0,0,22.000001337,0,0,0
0.637376916779305,1,2,0.458624863,0,0,0
0.5896048,1,0,20.0,0,0,0
0.21992581,1,1,1.149050743,0,0,0
0.005,1,0,30.5,0,0,0
0.15603102,0,1,1.163998845,0,0,0
13.79243706,1,2,21.0,0,0,0
0.89907899,0,2,20.0,0,0,0
17.37202146,1,0,21.0,0,0,0
22.995,1,0,30.0,0,0,0
20.46315754,0,0,50.0,0,0,0
0.01685,1,2,1.281755974,0,0,0
0.01,0,1,21.0,0,0,0
29.99392246,0,2,22.000001337,0,0,0
0.725950674784377,1,1,0.341715468,0,0,0
10.00392246,1,1,21.0,0,0,0
12.98092246,0,0,22.127224645,0,0,0
18.99392246,1,0,21.0,0,0,0
9.96392246,1,2,22.000001337,0,0,0
9.60374901,1,0,22.000001337,0,0,0
1.028620134,1,1,0.363883524,0,0,0
30.999537999971924,1,1,22.000001337,0,1,0
20.64062246,1,1,22.000001337,0,0,0
15.999971481573748,1,2,0.450152997,0,0,0
7.97592246,1,2,22.000001337,0,0,0
0.26035,1,1,1.04307533,0,0,0
8.74992246,1,2,22.000001337,0,0,0
0.335,1,1,47.15,0,0,0
0.1101,1,0,21.0,0,0,0
8.95875376,1,1,22.000001337,0,0,0
15.96343,1,2,21.0,0,0,0
0.02938224,1,2,1.10437308,0,0,0
9.499559,1,1,22.000001337,0,0,0
11.7329385,1,0,22.000001337,0,0,0
18.094559,1,2,22.127224645,0,0,0
93.30754365,0,0,22.000001337,0,0,0
9.99392246,1,2,22.000001337,0,0,0
0.0013,1,2,21.0,0,0,0
7.98892246,0,2,22.000001337,0,0,0
3.035,1,0,21.0,0,0,0
9.64942246,0,1,22.000001337,0,0,0
0.01260822,1,0,1.166332647,0,0,0
0.09508111,1,0,1.163245654,0,0,0
8.85522246,1,1,22.000001337,0,0,0
0.991261990810682,1,2,0.310805676,0,0,0
22.5586931179232,1,0,0.35576282,0,0,0
9.99392246,1,0,22.000001337,0,0,0
27.49992246,1,2,22.000001337,0,0,0
2.185,1,2,22.0,0,0,0
1.2799,1,2,20.0,0,0,0
0.07411567,1,2,1.298025301,0,0,0
2.19449878455165,0,2,0.307077589,0,0,0
0.572514776849599,1,2,0.304430225,0,0,0
1.0562962988,1,2,0.36210711,0,0,0
9.995,1,2,21.0,0,0,0
592.37353273,1,0,20.0,0,0,0
11.987537999971924,0,1,22.000001337,0,0,0
18.664,1,1,21.0,0,0,0
9.20768946,1,1,22.000001337,0,0,0
9.32223959,1,2,22.000001337,0,1,0
1.042734263774848,1,0,0.298840711,0,0,0
14.49912859,1,0,0.43476765,0,0,0
0.00185,1,1,1.196542586,0,0,0
2.047318852988565,1,2,0.485210834,0,0,0
9.999559,1,2,22.000001337,0,0,0
0.6024,1,0,20.012773603,0,0,0
3.28327844,1,1,20.0,0,0,0
1492.9999668219243,1,1,0.233479113,0,0,0
530.861178282,1,1,22.073836554,0,0,0
186.31885,1,2,1.198834573,0,0,0
7.83392246,1,1,22.000001337,0,0,0
1.16383,1,2,22.528622017,0,0,0
49.9957516,1,2,20.0,0,0,0
4.909995096645845,1,1,0.337946833,0,0,0
0.514994440262348,1,1,0.517813986,0,0,0
2.3594196931594245,1,1,0.239394101,0,0,0
0.889365543035298,1,2,0.363883524,0,0,0
29.99392246,1,0,22.000001337,0,0,0
11.46392246,1,2,25.076374645,0,0,0
10.98392246,1,1,22.127224645,0,0,0
9.89392246,1,0,22.000001337,0,0,0
2000.0,1,2,21.0,0,1,0
4.087988676843951,1,0,0.230870737,0,0,0
0.14305205,1,1,20.0,0,0,0
0.789790841525171,0,2,0.35463077,0,0,0
9.9920973,1,2,22.000001337,0,0,0
3.922814491163116,1,2,0.327717943,0,0,0
123.00392246,1,0,22.000001337,0,0,0
50.19855994639347,1,2,0.36157684,0,0,0
7.82592246,1,1,22.000001337,0,0,0
0.41893599,0,0,44.092332086,0,0,0
39.99996894534754,1,2,0.517813986,0,0,0
0.15029605,1,0,1.094673508,0,0,0
5.399953019805272,1,0,0.48507515,0,0,0
1.96228038,1,0,1.10010148,0,0,0
0.02129,1,1,1.112306834,0,0,0
0.01702595,0,2,1.047556819,0,0,0
0.0023,0,1,22.0,0,0,0
0.5501585298328,1,2,0.418083789,0,0,0
1.04989,1,2,1.063518719,0,0,0
13.995,1,2,21.0,0,0,0
0.01485,1,0,1.246132071,0,0,0
0.005,1,0,20.0,0,0,0
53.66766402007625,1,0,0.4032001,0,0,0
2.073090059939664,0,1,0.359952214,0,0,0
3.0,1,2,21.0,0,0,0
0.00257207,0,0,1.043099171,0,1,0
0.01137479,0,1,1.044399806,0,0,0
144.999559,1,0,22.000001337,0,0,0
300.0,1,1,20.0,0,0,0
4.877113,1,2,30.5,0,1,0
0.00235,0,1,1.050081959,0,0,0
0.56461709,1,0,20.0,0,0,0
4.032429828314192,0,1,0.337906168,0,0,0
45.20042996,1,2,1.05372002,0,0,0
0.5270645667184213,1,2,0.316702001,0,1,0
1.355275819547205,0,1,0.329899238,0,0,0
9.43392246,1,2,22.000001337,0,0,0
73.00985,1,1,1.121726547,0,0,0
800.0,1,2,20.873010101,0,1,0
4.14235014,1,2,21.0,0,0,0
1.084,1,2,21.309262042,0,0,0
18.8578934878398,1,2,0.262824488,0,0,0
19.31596106,1,1,22.127224645,0,0,0
12.876309400758949,1,2,0.330598925,0,0,0
0.005001,1,1,30.0,0,0,0
14.785,1,1,20.0,0,0,0
199.99991344082684,1,1,0.341590268,0,0,0
9.39831024,0,0,22.000001337,0,0,0
0.6921658138956492,1,2,0.399923023,0,0,0
0.984,0,1,30.0,0,0,0
15.499992903970472,1,1,0.377078153,0,0,0
0.650286011117315,1,2,0.299798668,0,0,0
0.2713839,1,0,1.041411396,0,0,0
7.188,1,0,21.0,0,0,0
0.00285558,1,2,1.116989796,0,0,0
13.28104377,1,1,22.127224645,0,0,0
0.005,1,1,21.0,0,0,0
141.29682246,0,1,21.0,0,0,0
0.5610206230323452,1,2,0.322326307,0,0,0
4.895,1,1,20.0,0,0,0
0.09835,1,1,1.062865219,0,0,0
3.76046856,1,0,1.040751675,0,0,0
14.95892246,1,1,22.127224645,0,0,0
7.835,0,1,20.0,0,0,0
12.18263268,0,2,20.159005428,0,0,0
9.33264998,1,2,1.05954251,0,0,0
0.00185,1,2,1.230408239,0,0,0
0.5665944793515697,1,1,0.254626787,0,0,0
1.009991013044162,1,0,0.247292168,0,0,0
0.906689367109459,1,0,0.288734486,0,0,0
0.7492451410020173,1,1,0.294267018,0,0,0
29.9385327426,0,2,22.000001337,0,0,0
28.31892246,1,2,21.0,0,0,0
0.2913,1,2,20.0,0,0,0
24.99392246,0,2,22.000001337,0,0,0
0.16469282,1,0,20.0,0,0,0
0.0047451,1,0,1.055967146,0,0,0
371.99967823658267,0,1,0.321845711,0,0,0
0.9,1,0,21.0,0,0,0
0.4934016894667088,1,2,0.254626787,0,0,0
0.0013,1,1,20.0,0,0,0
1.19587146324163,0,0,0.244694791,0,0,0
0.500697715417177,1,0,0.429864307,0,0,0
1.127470340789672,1,1,0.321845711,0,0,0
31.79985,1,0,1.117301484,0,0,0
0.06747931,1,0,1.042045033,0,0,0
2.995,1,1,30.0,0,0,0
0.5278167484735143,1,2,0.418083789,0,0,0
1.982653,0,1,0.243338951,0,0,0
0.03225,1,0,1.281111171,0,0,0
39.99392246,0,1,22.000001337,0,0,0
7.147911345217849,0,2,0.458624863,0,0,0
1.3955781446746105,0,1,0.363883524,0,0,0
0.6301640997550759,1,1,0.48507515,0,0,0
0.005,1,2,21.0,0,0,0
0.05819452,0,0,1.039521059,0,0,0
5.0,1,1,91.0,0,0,0
20.189559,1,1,22.000001337,0,0,0
8.24895119,1,2,22.000001337,0,1,0
7.99392246,1,2,22.000001337,0,0,0
1.425971160579523,1,0,0.239863892,0,1,0
0.17267183,1,1,1.042452147,0,0,0
23.80646415997477,1,2,0.249031321,0,0,0
3.054234057422575,1,2,0.327717943,0,1,0
0.0031226,1,2,1.122519797,0,0,0
0.04711016,0,2,1.228652867,0,0,0
1.895,1,0,20.0,0,0,0
0.05985,1,1,1.333253996,0,0,0
0.0013,1,1,50.0,0,0,0
0.00228437,0,0,1.035935412,0,0,0
30.09392246,1,2,22.000001337,0,0,0
2.37033654,1,1,1.138220883,0,0,0
1.406,1,1,30.5,0,0,0
0.03014797,0,1,1.239094062,0,0,0
25.495,1,2,20.887260762,0,0,0
0.09985,1,1,1.119048167,0,0,0
24.94016576,1,0,22.000001337,0,0,0
84.07916946,1,1,22.073836554,0,0,0
0.032452,1,1,1.041111254,0,0,0
0.0013,1,1,20.0,0,0,0
6.21587848,1,2,20.0,0,0,0
0.07434672,1,1,1.17374205,0,0,0
8.97492246,1,0,22.000001337,0,0,0
0.00239876,0,2,1.166761082,0,0,0
0.18268398,1,0,1.181301682,0,0,0
0.005,1,2,21.0,0,0,0
2.649817361986287,1,0,0.36210711,0,0,0
39.99192246,1,1,22.000001337,0,0,0
0.5236038700339477,0,2,0.298840711,0,0,0
13.79243706,1,0,21.0,0,0,0
0.005,0,0,21.596799909,0,0,0
0.00695,1,1,1.053421106,0,0,0
9.800194765790543,1,0,0.249454777,0,0,0
0.01545948,1,0,1.118998184,0,0,0
0.01143898,1,2,1.140492654,0,0,0
194.12605256,0,2,1.046711457,0,0,0
28.32222423,1,2,22.000001337,0,0,0
40.19234053,1,2,21.0,0,0,0
0.6970046988436576,1,1,0.4032001,0,0,0
0.00200677,1,1,1.132509702,0,0,0
7.3626244,1,2,22.000001337,0,0,0
9.28059424,1,1,22.000001337,0,0,0
9.86848866,1,0,20.0,0,0,0
5.993957811425868,1,0,0.3193392,0,0,0
5.476862,1,1,21.0,0,0,0
9.14392246,1,2,22.000001337,0,0,0
2.602,0,1,20.0,0,0,0
0.00365806,1,1,1.229575179,0,0,0
9.99392246,1,0,22.000001337,0,0,0
0.0101397,0,2,1.046735189,0,0,0
2.19449878455165,1,2,0.307077589,0,0,0
8.14638183,1,0,22.000001337,0,0,0
1.095,1,1,20.0,0,0,0
7.91292246,1,1,22.000001337,0,0,0
0.00747845,0,0,1.045754952,0,0,0
0.002247,1,1,1.041464316,0,0,0
99.99892246,1,0,22.073836554,0,0,0
30.999537999971924,1,1,22.000001337,0,0,0
0.05819452,1,0,1.039521059,0,0,0
1.64262556,0,1,30.0,0,0,0
0.87858808,1,2,0.474345778,0,0,0
16.47392246,1,0,21.0,0,0,0
1.2769678579769486,1,0,0.237999215,0,0,0
0.58485,1,2,1.106483053,0,0,0
0.998831114702564,1,2,0.240246068,0,0,0
27.69745206,1,2,22.000001337,0,0,0
15.12692246,1,0,100.1,0,0,0
7.98892246,0,0,22.000001337,0,0,0
1.3032117576576103,0,2,0.254626787,0,0,0
0.273611,1,1,30.0,0,0,0
0.4999837453848227,0,2,0.288183858,0,0,0
0.437,1,0,21.0,0,0,0
1.4659552,1,0,21.0,0,0,0
135.92,1,0,21.0,0,0,0
1.167414347952949,0,0,0.43362083,0,0,0
7.98892246,1,2,22.000001337,0,0,0
23.12202246,1,2,21.0,0,0,0
9.90095646,1,1,22.000001337,0,0,0
123.4394902176587,1,0,0.230870737,0,0,0
0.1945551,1,0,1.104321635,0,0,0
0.432,1,0,21.0,0,0,0
3.45437501,0,2,20.0,0,0,0
0.05285,1,2,1.200415361,0,0,0
0.5969935005969662,1,1,0.346401616,0,0,0
3.14975,0,2,1.048225422,0,0,0
278.2238895,1,2,30.5,0,0,0
1.267,1,2,20.0,0,0,0
5.53477,1,0,21.0,0,1,0
29.45173853,1,2,22.000001337,0,0,0
0.0296409,1,2,1.200314535,0,0,0
0.596884,1,1,20.40801424,0,0,0
0.2913,0,1,22.528622017,0,0,0
10.41432246,0,2,22.127224645,0,0,0
32.99985,1,1,1.057075412,0,0,0
4.399653980977669,1,1,0.516471891,0,0,0
2.58960796,1,2,30.0,0,0,0
79.49392246,1,2,21.0,0,0,0
21.99981295221077,1,0,0.399923023,0,0,0
0.164,1,2,20.0,0,0,0
0.01600479,1,0,1.112625657,0,0,0
0.005,1,1,20.0,0,0,0
0.07812887,1,0,1.118884874,0,0,0
1.02985,1,2,1.038963642,0,1,0
62.01595,1,2,1.055671588,0,0,0
0.02602935,1,1,1.122109536,0,0,0
13.31392246,0,1,21.0,0,0,0
0.01,1,1,20.0,0,0,0
14.999923873784622,1,0,0.43362083,0,0,0
9.98192246,1,1,22.000001337,0,1,0
13.37692246,1,2,22.127224645,0,0,0
7.280941375291357,1,0,0.316702001,0,0,0
0.16159618,1,1,1.143132361,0,0,0
0.00524887,1,0,1.038662411,0,0,0
11.98892246,1,0,22.127224645,0,0,0
0.499970209525125,1,2,0.3193392,0,0,0
7.147911345217849,0,1,0.458624863,0,0,0
784.4042758424853,1,1,0.260881535,0,0,0
0.5236038700339477,1,1,0.298840711,0,0,0
0.538275744534076,1,2,0.36210711,0,0,0
0.99999508845406,1,0,0.249454777,0,0,0
2.995,0,1,21.0,0,0,0
0.504,1,0,0.330598925,0,0,0
0.5049120264919026,1,2,0.251043358,0,0,0
0.705583,1,2,1.211873184,0,0,0
0.01,1,2,20.0,0,0,0
12.99392246,1,0,22.127224645,0,1,0
21.43082751,1,0,21.431542316,0,0,0
41.795,1,1,20.0,0,0,0
49.99992432281876,1,1,0.337946833,0,0,0
15.28848146,1,2,21.0,0,0,0
2.5895551110158865,1,2,0.348392543,0,0,0
0.06747931,1,1,1.042045033,0,0,0
0.0165403,1,0,1.041445022,0,0,0
0.2913,1,0,23.697264639,0,0,0
0.9679329600236544,1,1,0.241250031,0,0,0
1.0314174,1,0,1.036290325,0,0,0
3.329345,1,0,21.0,0,0,0
24.99985,0,0,1.045063796,0,0,0
0.02852646,1,0,1.129897665,0,0,0
1100.0,1,1,15.63206454,0,0,0
2.231714562273857,1,2,0.238286072,0,0,0
20.999931434843376,1,2,0.261304722,0,0,0
0.7451704213125195,1,2,0.242391936,0,0,0
0.06273998,1,1,1.04626984,0,0,0
1.082994843875964,1,2,0.24507077,0,0,0
0.841035412785044,0,0,0.310560886,0,0,0
24.99985,0,0,1.040105125,0,0,0
0.4878615,1,2,1.039430984,0,0,0
1e-05,1,2,9.783065739,0,0,0
0.8613,1,2,20.0,0,0,0
6.125,0,1,20.0,0,0,0
20.34629,1,0,20.40801424,0,0,0
0.0838,1,2,21.0,0,0,0
0.00285,1,0,1.136584068,0,0,0
1.3966493137326594,1,0,0.309081792,0,0,0
0.22654182,1,2,1.183247914,0,0,0
7.98392246,0,0,22.000001337,0,0,0
23.99985,1,0,1.041279616,0,0,0
147.66985,0,2,1.118979058,0,0,0
1.595,1,2,30.0,0,0,0
3.565,1,2,20.0,0,0,0
8.24895119,1,0,22.000001337,0,0,0
2.1782694,1,0,1.124359735,0,0,0
0.095,1,2,20.0,0,0,0
1.0944307799920645,1,0,0.441464016,0,0,0
0.14833,1,0,1.184147797,0,0,0
2.047318852988565,0,1,0.485210834,0,1,0
1.1357588620655847,1,1,0.387551877,0,0,0
0.08399983,1,2,1.174043428,0,0,0
0.549992662944138,1,1,0.243442682,0,0,0
22.23479416315764,1,2,0.321927375,0,0,0
4.999857736200429,0,1,0.504334241,0,0,0
0.99462963,1,2,21.0,0,0,0
28.107959,1,1,22.000001337,0,0,0
20.4739932938768,0,2,0.36210711,0,0,0
0.06759,1,2,20.0,0,0,0
0.0019493,0,2,1.063333575,0,0,0
1.976516826140558,1,1,0.288734486,0,0,0
0.789779242993541,1,1,0.4032001,0,0,0
2.466,1,1,0.249031321,0,0,0
0.00198745,1,0,1.051695128,0,0,0
234.32711228,1,0,21.0,0,0,0
0.799965450103871,1,2,0.245976873,0,0,0
0.00185,1,0,1.196542586,0,0,0
7.48738593,0,1,22.000001337,0,0,0
3.244092543756597,1,1,0.304430225,0,0,0
10.99257105,1,1,21.0,0,0,0
13.31392246,1,2,21.0,0,0,0
10.958131283117368,1,0,0.288183858,0,0,0
17.58069821,0,2,22.127224645,0,0,0
56.99908384,1,2,22.000001337,0,0,0
0.92229293,0,2,1.041049578,0,0,0
0.9,1,2,21.0,0,0,0
8.80392246,0,1,22.000001337,0,0,0
0.005,1,1,30.0,0,0,0
0.947015601749627,1,2,0.363883524,0,0,0
14.70406756,1,2,21.0,0,0,0
9.9956089,1,0,22.000001337,0,0,0
7.17806186,1,1,22.000001337,0,0,0
2.439063514485667,1,1,0.372385933,0,0,0
28.79909574720191,1,0,22.000001337,0,1,0
6.8941,1,0,0.242126516,0,0,0
6.64870309910655,1,0,0.339479526,0,1,0
0.16325708,1,2,1.163928927,0,0,0
7.97592246,0,1,22.000001337,0,0,0
9.52052246,1,1,22.000001337,0,0,0
11.923869292860845,1,0,22.000001337,0,0,0
0.03645,0,1,1.04814989,0,0,0
0.379,1,2,30.5,0,0,0
2.875,1,2,20.0,0,0,0
0.00185,1,2,1.033645555,0,0,0
17.98414235,0,0,22.127224645,0,0,0
0.5236038700339477,1,1,0.298840711,0,0,0
728.9994165077982,1,1,0.528775067,0,0,0
9.97278,1,2,22.000001337,0,0,0
0.005,0,2,21.596799909,0,0,0
0.0100398,1,2,1.310672058,0,0,0
0.949994995992488,0,0,0.230870737,0,0,0
1.159993561666616,1,1,0.296072543,0,0,0
339.8,1,2,22.073836554,0,0,0
49.99995989651973,1,0,0.337906168,0,0,0
0.09856973,0,1,1.048406719,0,0,0
0.00937804,1,0,1.039195934,0,0,0
0.54870815,1,0,20.0,0,0,0
1.1025965775830997,1,1,0.243154668,0,0,0
1.733990506184613,1,1,0.288183858,0,0,0
1.171,1,1,20.0,0,0,0
17.00149422,1,0,21.0,0,0,0
24.9593595,1,2,22.000001337,0,0,0
1.4499304030775482,1,1,0.322457127,0,0,0
54.798559,1,2,22.000001337,0,0,0
7.00622619,1,2,22.000001337,0,0,0
0.005,0,1,20.0,0,0,0
0.01,1,0,20.0,0,0,0
17.963,1,0,10.0,0,0,0
49.86322488988203,1,2,0.243057875,0,1,0
10.19392246,1,0,22.127224645,0,0,0
23.488559,1,1,21.0,0,0,0
0.8030535173997104,1,1,0.242126516,0,0,0
9.995,0,2,21.0,0,0,0
43.59092246,1,2,21.0,0,0,0
4.745,1,1,21.0,0,0,0
1506.999979524033,1,2,0.362663268,0,1,0
0.01,1,1,20.0,0,0,0
8.98362656,1,1,22.000001337,0,0,0
2.54,0,2,20.0,0,0,0
0.01407718,1,2,1.236737966,0,0,0
29.799559,1,0,22.000001337,0,0,0
7.96203355,1,1,22.000001337,0,0,0
0.01,1,2,20.0,0,0,0
48.404,1,0,20.0,0,0,0
62.20595285,1,1,22.000001337,0,0,0
99.98892246,0,0,21.0,0,0,0
10.40956218,1,2,21.0,0,0,0
0.11985,1,0,1.131097477,0,0,0
0.02977773,1,1,1.108734859,0,0,0
3.579989134623835,1,0,0.321828952,0,0,0
0.756250817082962,0,2,0.245976873,0,0,0
8.88092639,1,0,22.000001337,0,0,0
0.995,0,1,20.0,0,0,0
15.21992246,0,2,22.000001337,0,0,0
2.586,1,1,0.327717943,0,0,0
24.73382247,1,0,22.000001337,0,0,0
0.5100281,1,2,1.111271865,0,0,0
9.99392246,1,0,22.000001337,0,0,0
0.5584409429648064,1,1,0.242673692,0,0,0
10.63,1,0,1.04953887,0,0,0
0.095,0,2,21.0,0,0,0
9.99392246,1,0,22.000001337,0,0,0
5.0,0,2,91.0,0,0,0
0.28785,0,0,1.166761082,0,0,0
0.03685561,0,2,20.0,0,0,0
2.675,1,0,20.887260762,0,0,0
9.99392246,1,0,22.000001337,0,0,0
0.995,1,0,22.416545867,0,1,0
0.56088853,1,2,1.042893883,0,0,0
0.005,1,2,20.0,0,0,0
0.01,1,1,8.0,0,0,0
8.05903829,1,1,22.000001337,0,0,0
6.439,1,0,20.0,0,0,0
0.58485,0,0,1.106483053,0,0,0
184.99998151345528,1,1,0.327837489,0,0,0
0.01004877,0,1,1.224597931,0,0,0
300.0,1,2,22.073836554,0,1,0
2.23375,1,0,1.181046031,0,0,0
0.335,1,0,47.15,0,0,0
2.999925590302273,1,1,0.243434082,0,1,0
2.005,1,0,30.0,0,0,0
1.999964710821596,0,1,0.254626787,0,0,0
0.23836628,0,2,1.038557268,0,0,0
0.516709133593639,1,2,0.288183858,0,0,0
0.2913,1,1,21.969348338,0,0,0
0.00499227,1,2,1.206337197,0,0,0
6.090694664067329,1,0,0.267165316,0,0,0
0.48625645,1,2,0.238286072,0,0,0
9.99392246,1,2,22.000001337,0,0,0
50.7833,1,0,20.0,0,0,0
0.01732214,1,2,1.127761533,0,0,0
4.88522,1,1,21.0,0,0,0
7.00392246,1,2,22.000001337,0,1,0
0.00215829,1,0,1.10337677,0,0,0
1.519369619887606,1,2,0.241182291,0,0,0
0.005,1,2,30.0,0,0,0
3.69551891,1,2,20.0,0,0,0
1.0995561782767445,0,0,0.32510221,0,0,0
0.524608505179258,1,0,0.341035159,0,0,0
234.32711228,0,1,21.0,0,0,0
8.94792616,1,1,22.000001337,0,0,0
0.48826410459298,1,0,0.235282764,0,0,0
19.43263049997192,1,2,22.000001337,0,0,0
3.242,1,1,21.0,0,1,0
23.10031135,1,1,21.0,0,0,0
12.99392246,1,0,22.127224645,0,0,0
1.20700082,1,2,21.0,0,0,0
6.964726,1,1,20.0,0,0,0
20.17893689,1,0,22.000001337,0,0,0
0.628670273946535,1,2,0.230870737,0,0,0
22.62860221411651,1,0,0.337906168,0,0,0
109.16985,0,1,1.332465167,0,0,0
7.35320548,1,1,22.000001337,0,0,0
0.002443,1,0,1.042252328,0,0,0
3.772966084274729,1,2,0.341590268,0,0,0
8.4924743,1,0,22.000001337,0,0,0
0.00305,1,2,1.031179441,0,0,0
105.01679344,1,2,20.0,0,0,0
1.746,0,0,20.0,0,0,0
9.97392246,0,1,22.000001337,0,0,0
0.25500371,1,0,1.158304637,0,0,0
0.6304912239643709,0,1,0.244849866,0,0,0
234.32711228,1,1,21.0,0,0,0
0.495,0,1,30.0,0,0,0
51.04115322,1,2,21.0,0,0,0
0.7880806576268811,0,1,0.387551877,0,0,0
8.64070406,1,2,22.000001337,0,0,0
0.16444467,1,1,20.0,0,0,0
11.923869292860845,0,1,22.000001337,0,0,0
13.403,1,0,20.0,0,0,0
7.99392246,1,0,22.000001337,0,0,0
0.60857116,1,1,1.276874757,0,0,0
7.0119,1,1,20.0,0,0,0
1.045,1,1,21.0,0,0,0
0.99677799,1,2,20.0,0,1,0
24.575,1,0,23.369866721,0,0,0
0.905,0,1,21.0,0,0,0
0.00235,1,2,1.1157213,0,0,0
26.62940665,0,1,21.0,0,0,0
5.0,1,0,91.0,0,0,0
29.99392246,1,1,22.000001337,0,0,0
0.005,1,0,39.0,0,0,0
0.0337161,0,0,1.039534815,0,0,0
0.00895,1,2,1.069814967,0,0,0
0.5501585298328,1,1,0.418083789,0,0,0
0.00574166,0,2,1.146934759,0,1,0
0.5531984831154502,1,2,0.24507077,0,0,0
0.9399075732464416,1,0,0.239534815,0,0,0
0.0364134,1,2,1.160739558,0,0,0
26.32123274,1,2,22.000001337,0,0,0
0.14305205,1,0,20.0,0,0,0
0.001,1,0,20.012773603,0,0,0
0.5460524222778671,0,2,0.243154668,0,0,0
0.052,1,2,20.0,0,0,0
21.99981295221077,1,0,0.399923023,0,0,0
1e-05,1,1,9.783065739,0,0,0
29.995,1,2,21.661292598,0,0,0
0.18328371,1,2,1.219651621,0,0,0
0.87858808,1,2,0.474345778,0,0,0
16.99392246,1,1,22.127224645,0,0,0
1899.999995059062,0,0,0.298840711,0,0,0
45.665514761449685,1,1,0.247292168,0,0,0
1.125917086430162,0,2,0.259855462,0,0,0
0.00185,1,2,1.10337677,0,0,0
147.66985,1,1,1.118979058,0,0,0
10.37377037,1,0,22.127224645,0,0,0
21.658293949047493,1,1,0.245281989,0,1,0
0.66725261,1,0,0.321469692,0,0,0
10.42250324,1,1,22.000001337,0,0,0
11.99392246,1,1,21.0,0,0,0
0.5055438,1,1,1.107687314,0,0,0
16.22250465,1,1,22.127224645,0,0,0
0.0076,1,1,20.0,0,0,0
2.009983556732844,1,0,0.243434082,0,0,0
9.98892246,1,2,22.000001337,0,0,0
0.005,1,1,21.0,0,0,0
2.397350644207984,0,1,0.235282764,0,0,0
0.02795195,0,1,1.167306793,0,0,0
0.695,0,0,20.0,0,0,0
340.999559,1,1,22.000001337,0,0,0
4.06132081,1,1,0.516471891,0,0,0
0.437,1,2,21.0,0,0,0
14.29392246,1,1,21.0,0,0,0
0.4916654181190286,1,1,0.427844078,0,0,0
6.050308299804327,1,0,0.239863892,0,0,0
11.39847051,1,1,21.0,0,0,0
11.758929293343447,1,2,0.359740198,0,0,0
0.5693966538539117,0,1,0.243057875,0,0,0
184.99998151345528,1,1,0.327837489,0,0,0
16.56113546,0,0,21.0,0,0,0
30.0,1,1,21.0,0,0,0
0.13312084,1,2,21.0,0,0,0
5.087876985191191,0,1,0.24507077,0,0,0
1.075,0,2,20.0,0,0,0
1.813372025751404,1,1,0.341035159,0,0,0
2.0498072306554005,1,2,0.322457127,0,0,0
0.50289508,1,1,0.288183858,0,0,0
0.6008160329416904,1,2,0.429864307,0,0,0
1451.9999922770037,1,1,0.411479756,0,0,0
0.2913,1,1,21.969348338,0,0,0
2.158,1,1,20.0,0,0,0
0.20085,1,1,1.065940609,0,0,0
0.03972803,1,2,1.048300508,0,0,0
0.05,1,0,23.369866721,0,0,0
11.999810987927814,1,2,0.330598925,0,0,0
1.1025965775830997,1,2,0.243154668,0,0,0
710.999464765504,1,2,0.332406987,0,0,0
8.87214946,1,1,22.000001337,0,0,0
9.99392246,1,2,22.000001337,0,0,0
17.649659,1,0,21.0,0,0,0
0.01,1,1,5.91507456,0,0,0
0.00478063,1,2,1.129387478,0,0,0
0.00429066,1,2,20.0,0,0,0
2.55833677,1,1,22.528622017,0,0,0
0.01,1,1,20.0,0,0,0
0.12389,1,2,1.038445288,0,0,0
10.39227344,1,2,22.127224645,0,0,0
1.9999795075846407,1,2,0.399923023,0,0,0
1.199982265684257,1,1,0.31440281,0,0,0
0.00185,1,2,1.033665208,0,1,0
0.09985,1,1,1.040316263,0,0,0
0.8627384028664262,1,1,0.359952214,0,0,0
22.5586931179232,1,2,0.35576282,0,0,0
7.81692246,1,1,22.000001337,0,0,0
13.311439068138982,0,0,0.337946833,0,0,0
5.936389259362617,1,2,0.373931154,0,0,0
0.01399912,1,1,1.241464016,0,1,0
0.58441943,0,0,0.243057875,0,0,0
9.15290999,0,1,22.000001337,0,0,0
0.01,1,0,21.0,0,0,0
22.454559,1,2,22.000001337,0,0,0
0.0913,1,2,30.0,0,0,0
0.03162962,1,0,1.144539373,0,0,0
5.7015,0,2,4.0,0,0,0
0.00779119,1,2,1.118718529,0,0,0
0.0031226,0,2,1.122519797,0,0,0
0.014636,1,0,1.103725526,0,0,0
1.1072,1,0,4.0,0,0,0
0.509994242546929,1,2,0.251043358,0,0,0
0.00706889,1,0,1.121845711,0,0,0
0.12067615,1,1,1.040876499,0,0,0
0.63299504042391,1,2,0.29455668,0,0,0
86.9934743,0,1,22.000001337,0,0,0
50.0,1,0,20.0,0,0,0
4.418480020441071,1,2,0.230870737,0,0,0
28.79909574720191,1,1,22.000001337,0,0,0
9.282,1,0,22.0,0,0,0
0.295,1,1,20.0,0,0,0
17.199159,1,1,22.000001337,0,0,0
1.4840014,1,2,20.0,0,0,0
23.10031135,0,0,21.0,0,1,0
8.52448149,1,1,22.000001337,0,0,0
0.36302107,0,0,21.0,0,0,0
0.14833,1,0,1.184147797,0,0,0
19.986959,1,0,21.0,0,0,0
11.83364929,1,1,100.1,0,0,0
69.99999290411651,0,1,0.306108842,0,1,0
0.991,1,0,0.32510221,0,0,0
24.99985,1,0,1.236913275,0,1,0
15.51560792,1,2,50.0,0,0,0
6.642346,0,0,20.0,0,0,0
0.005,1,1,25.0,0,0,0
0.7673,1,0,0.308912007,0,1,0
0.5876,1,1,20.0,0,0,0
2.073090059939664,1,2,0.359952214,0,0,0
0.49206872,1,1,1.044102541,0,0,0
2.555500500882815,1,1,0.260821675,0,0,0
44.99743151156861,0,0,0.242524804,0,0,0
0.6971920327928192,1,0,0.321927375,0,0,0
10.99257105,0,0,21.0,0,0,0
3.999882413710526,1,1,0.353262836,0,0,0
0.1987,1,2,20.0,0,0,0
19.96392246,1,0,21.0,0,0,0
14.77392246,1,1,22.000001337,0,1,0
19.99392246,1,2,22.000001337,0,0,0
7.97392246,0,1,22.000001337,0,0,0
0.00185,1,2,1.063658261,0,0,0
15.19652696,1,1,22.008407867,0,0,0
0.906690226089049,1,1,0.288734486,0,0,0
10.38892246,1,2,22.127224645,0,0,0
0.0913,0,1,20.272024492,0,0,0
2142.999454331588,1,2,0.294267018,0,0,0
0.0662,0,2,20.0,0,0,0
0.492634565663787,1,0,0.399923023,0,0,0
165.72231176,1,0,22.073836554,0,0,0
0.548995032649983,1,1,0.245976873,0,0,0
0.02938224,1,1,1.10437308,0,0,0
0.995,1,1,21.0,0,0,0
1069.9997937280643,1,1,0.300207963,0,0,0
0.01385,1,2,1.129396698,0,1,0
0.00233109,1,2,1.101544295,0,0,0
0.6771364126000423,1,2,0.254626787,0,0,0
1.0998485917682108,1,0,0.393497223,0,0,0
2.225,1,2,21.0,0,0,0
80.21813033,1,2,1.156527214,0,0,0
0.20685584,0,2,21.0,0,0,0
32.8841295,1,1,22.000001337,0,1,0
0.01,1,1,20.0,0,0,0
0.35118,1,1,1.039840025,0,0,0
21.892244466837425,1,1,0.254626787,0,0,0
7.99985,1,0,1.127252607,0,0,0
3.939,1,1,20.40801424,0,0,0
0.1945551,1,0,1.104321635,0,0,0
0.0048455,1,2,1.164917815,0,0,0
18.69392246,1,2,50.0,0,0,0
4.215,1,0,20.0,0,0,0
0.005,1,0,30.0,0,0,0
0.7729214456855804,0,1,0.24317897,0,0,0
159.99392246,1,2,21.0,0,0,0
23.90740372434507,1,0,0.307077589,0,0,0
2.06109742,1,1,20.0,0,0,0
9.001445446036731,1,0,0.306371403,0,0,0
0.00452442,1,2,1.076287617,0,0,0
0.0062436,1,2,1.044102523,0,0,0
0.11985,0,0,1.215772015,0,0,0
0.2124077,1,0,20.0,0,0,0
161.00493167567436,1,0,0.321845711,0,0,0
43.9997431146659,1,2,0.256020979,0,0,0
4.919923917775122,1,2,0.243434082,0,0,0
12.98392246,1,1,21.0,0,1,0
32.999994930572846,1,0,0.239162921,0,0,0
1.36490222,1,1,0.341715468,0,0,0
17.442292875296214,1,2,0.247292168,0,0,0
0.73326159,0,2,23.0,0,1,0
1.025104537375462,1,1,0.235282764,0,0,0
4.99985,0,2,1.106956786,0,1,0
23.12202246,1,2,21.0,0,0,0
0.5665944793515697,1,2,0.254626787,0,0,0
0.02321,1,1,1.283543831,0,0,0
0.5066628410743025,1,0,0.241182291,0,0,0
