value_eth,is_new_recipient,interaction_count,gas_gwei,blacklist_hit,repeat_tx,label
0.018879452543289165,0,3,33.28018428255855,0,0,0
0.0018292408589070618,1,1,30.83682218389778,0,0,0
0.007631764653134101,1,3,34.808354651816536,0,0,0
0.025166187379789297,1,2,35.128657407921104,0,0,0
0.02024532491414488,1,1,39.58402359357414,0,1,1
0.0020688408086829914,0,1,28.141580514167565,0,0,0
0.003921669744085857,1,2,27.77791710580706,0,0,0
0.060007564677448826,0,1,43.42592404228772,0,0,0
0.0037456320120113646,1,3,34.27912662463059,0,0,0
0.010660500651912659,1,1,90.93736472007879,0,0,1
0.029846764822371072,0,1,32.26263931875791,0,0,0
0.048543696294386283,0,2,42.392248724466356,0,0,0
0.006769466184017456,0,1,25.83220935061033,0,0,0
0.0009282510821807972,0,2,190.41680576367398,0,0,0
0.010157210358175052,0,0,28.75481998709014,0,0,0
0.0017722730915396049,1,2,27.49703259511062,0,0,0
0.016598795733108906,0,3,27.69993374513784,0,0,0
0.1655969656725816,0,2,38.514602694438494,0,0,0
0.006097263478953142,1,4,174.98024117182956,0,0,0
0.009648897713346469,0,4,31.240016157383458,0,0,0
0.0020017571424515834,1,4,129.67783385195037,0,0,0
0.01616211084805906,1,2,31.168805510039736,0,1,1
0.015606422439083518,1,2,106.96122441019322,0,0,1
0.028699653324784014,0,1,28.930828248342824,0,0,0
0.004923799324639577,0,2,23.683296746897447,1,0,1
0.00949532755799646,0,0,32.7955844014927,0,1,0
0.024061473521099542,1,1,23.744194547040838,0,0,0
0.09885634564583969,1,0,30.696776859728388,0,0,0
0.047892494649709204,1,0,29.816718066070376,0,0,0
0.0007572910154330753,0,3,25.415305258036454,0,0,0
0.007464096237318234,0,2,36.62905542907166,0,0,0
0.0003120072664818562,1,1,24.902786378933357,0,0,0
0.0013695120039206856,1,2,32.10703544938461,0,0,0
0.0014243594887145146,0,3,20.655775903008106,0,0,0
0.003870778755343547,1,2,20.535788066703066,0,0,0
0.013813733317926557,1,4,35.53063401120673,0,0,0
0.0007259081733162658,1,1,30.53436472619963,0,0,0
0.0033171136714178237,1,3,32.635219202259975,0,0,0
0.0007062576617765488,1,2,32.37347870324774,0,0,0
0.0027463879794493128,0,2,37.38148366679997,0,0,0
0.0033732966236441966,0,2,30.911612074503747,0,0,0
0.005469506917042309,1,0,23.18073063976308,0,0,0
0.17983741176818138,0,1,30.151171313954304,0,0,0
0.0019509654524359327,1,4,30.050486674137943,0,0,0
0.0973808828336646,1,2,35.93428618581652,0,0,0
0.030218806856644385,1,3,22.217470939378146,0,0,0
0.001718169486601167,0,3,31.712822182178897,0,0,0
0.03786596934895304,0,0,157.52337201583265,0,0,0
0.02517006309618374,1,4,29.14613088267525,0,0,0
0.09903130350369248,0,2,31.861968170550718,0,0,0
0.028688010880101148,0,2,28.494716378266418,0,0,0
0.002622164449084232,0,1,31.62736702090737,0,0,0
0.01605782118966419,0,4,27.988814328385022,0,0,0
0.006764664625088794,0,0,34.99821150722841,0,0,0
0.01258800937448624,0,5,26.624866519499662,0,0,0
0.06620251860691247,0,3,33.6049783456471,0,0,0
0.011794134957032658,0,4,28.826305884183718,0,0,0
0.034460598809195137,0,1,23.3773338326116,0,0,0
0.07033841849468568,1,0,34.90136984482859,0,0,0
0.0014392727027375705,0,1,29.299738966991907,0,0,0
0.016841889934592565,0,2,29.124374877002644,0,0,0
0.0033556330743569215,0,4,33.71957419868924,0,0,0
0.005534363792382046,0,1,32.8170436884563,0,0,0
0.00403577688237045,1,0,33.02684905863332,0,0,0
0.002750068509309892,0,3,35.816557705412094,0,0,0
0.005776280906879098,0,0,29.932971214893392,0,0,0
0.0007072524109460968,1,1,39.38634972510171,0,0,0
0.03778516197299616,0,1,30.152502207041533,1,0,1
0.005354172130964558,1,2,32.35801892106605,0,0,0
0.0037913371423518518,1,2,25.163118327383387,0,0,0
0.13751858026863695,1,0,28.489313857187863,0,0,0
0.004762967660063439,0,0,31.943594078643237,0,0,0
0.008097551349141132,0,1,25.86899286492782,0,0,0
0.008149308358004065,1,5,23.285376943545547,0,1,0
0.0030827002276420175,0,2,32.92876982421457,0,0,0
0.0021342799446142113,0,0,31.851524473798396,0,0,0
0.007200446197311935,1,1,28.557087560487517,0,0,0
0.0002057443104725589,1,3,31.816456671086414,0,0,0
0.007132883543150532,1,3,33.17165324253743,0,0,0
0.00486067188539362,1,0,37.70145203122664,0,0,0
0.015549391029241882,0,3,30.194626295188158,0,0,0
0.0019113667231532405,1,3,29.599957411261293,0,0,0
0.0002504843648764946,0,0,34.29036166085738,0,0,0
0.006857980323440375,1,2,20.367448911262343,0,0,0
0.009862836903817953,1,3,32.19720229423634,0,0,0
0.004288019135330781,1,4,34.894779775668844,0,0,0
0.037310285611506046,1,0,26.376962296114698,0,0,0
0.003588710805387541,0,2,18.24700178384105,0,0,0
0.025063260344198736,0,2,34.76123403524278,0,0,0
0.004623964056532903,1,1,33.070992384515876,0,0,0
0.011050947388958659,0,3,30.670086112711164,0,0,0
0.01265872467955198,0,1,37.71535616843864,0,0,0
0.0027980691982618677,0,2,27.701642562348262,0,0,0
0.02283449903023264,0,3,28.594736868307262,0,0,0
0.024356845176675756,1,1,21.15569760358277,0,0,0
0.021259240339797304,1,2,28.953569135752872,0,0,0
0.002382837833227301,0,4,27.51334412103337,0,0,0
0.0050230131194742966,0,0,24.553442925008298,0,0,0
0.0029668225101113334,1,3,37.440010777654464,0,0,0
0.009709810646297917,1,3,31.725821058438147,0,0,0
0.009122791237946435,1,2,29.896606039069635,0,0,0
0.04831311329791356,1,1,30.176118027978053,0,0,0
0.0022895026375174725,0,1,29.244831506852755,0,0,0
0.004420570191747741,0,6,26.039274322431712,1,0,1
0.016107052194985157,1,1,29.782037407850655,0,0,0
0.14319682563030983,0,2,30.645509309059477,0,0,0
0.017157029324493468,0,1,29.927914308102476,0,0,0
0.005308647142332776,1,4,30.79799126480571,0,0,0
0.0024313244032665403,1,2,32.40970483713051,0,0,0
0.00046658005478962577,1,3,29.677499671402416,0,0,0
0.02173896530380619,1,2,29.568176652914325,0,1,1
0.003660109441731877,0,2,29.101113850458923,0,0,0
0.009222421204306164,0,0,29.61155707939237,0,0,0
0.008670790728017415,0,1,25.65254359809735,0,0,0
0.006412746215669712,1,2,26.516716747471573,0,0,0
0.005347959311668638,1,4,22.587511968128428,0,0,0
0.0030509535086745846,0,2,28.89782607381452,0,0,0
0.0023015961599355305,0,1,21.791211330374736,0,1,0
0.0470282464580853,0,4,32.85604410517712,0,0,0
0.023278645945321915,1,5,25.411883734988862,0,0,0
0.004545730679223004,0,0,25.478135332211668,0,0,0
0.002391495368359936,0,0,33.048081312657615,0,0,0
0.0016760743991597257,0,0,35.14892770880229,0,0,0
0.0031963721436458615,1,1,31.37652151758769,0,0,0
0.005130171493048355,0,3,128.50770021843013,0,0,0
0.0010557866700165413,0,1,117.27466701675401,0,0,0
0.012037250181517647,0,2,27.849537533192688,0,1,0
0.0035747446479144724,0,1,24.454924782635818,0,0,0
0.02926918187060618,1,2,34.17895709971062,0,0,0
0.01463866653005085,1,0,19.78573221231906,1,0,1
0.0015234230513641474,1,2,23.327118560835192,0,0,0
0.0032597290918967023,0,2,38.35903615617403,0,0,0
0.014791630670276305,1,2,31.157029401068137,0,0,0
0.0024716451765459152,0,2,32.981618425641834,0,0,0
0.002604267011235627,1,3,27.502888513263148,0,0,0
0.008090735767460408,0,0,36.55507634199137,0,0,0
0.14396222360380587,1,4,34.18123394284711,0,0,0
0.050704521348639515,0,4,78.61180424208115,0,0,0
0.07391891991001581,1,1,35.02551623370289,0,0,0
0.01037706294418821,1,0,32.004234262510174,0,0,0
0.05115776885910123,0,0,23.046747599387853,0,0,0
0.0029444318820831664,0,1,28.954899874860626,0,0,0
0.003883811589400048,1,0,28.73293291840171,0,0,0
0.011156635154498426,1,3,33.19111132723679,0,0,0
0.0008355798334862983,0,1,33.19877088945782,0,0,0
0.023831769903559823,1,2,27.405025239404985,0,0,0
0.0011393194313770395,1,2,38.9900518626537,0,0,0
0.0022734524794050174,1,1,24.956130845423175,0,0,0
0.009650828367266802,1,1,24.912444626331638,0,0,0
0.003995516137294068,1,3,33.75818157617463,0,0,0
0.07664788802615775,0,5,25.650346227784638,0,1,0
0.016049893306338187,0,0,25.345996945467604,0,0,0
0.06052517271426329,1,1,178.75846694479856,0,0,1
0.01955052626033374,1,0,20.507551537020287,0,0,0
0.08912825459656798,0,5,22.263740985825123,0,0,0
0.01483518574618042,0,1,28.133472757034568,0,0,0
0.004595647114466374,1,3,33.68152563866133,0,0,0
0.025675968995747495,1,0,33.34829839179203,0,0,0
0.06345927701691961,1,0,33.714374624192764,0,0,0
0.0024944230506407376,0,4,34.019562036894115,0,0,0
0.008581277531757726,1,3,32.855154296372035,0,0,0
0.005839799841271118,1,1,27.157194401156428,0,0,0
0.023555672383672975,0,1,23.788433767621918,0,0,0
0.0008104237299703324,0,1,32.68287081954534,0,0,0
0.08635125560537478,1,2,33.0506876435716,0,1,1
0.001473507980826061,1,2,37.16386929910435,0,0,0
0.05227196293706338,1,4,29.000160989907066,0,0,0
0.0003878029202498572,0,2,31.696724713383972,0,0,0
0.0018307346046532128,0,2,33.146012359908,0,0,0
0.06341589999526472,1,2,40.140929846874776,0,1,1
0.017790095294779287,1,2,29.838188807353706,0,0,0
0.059962644262953724,0,1,33.25762875357003,0,0,0
0.01255529487111861,0,1,36.016909481386946,0,0,0
0.005378019686733229,0,4,32.03186813842238,0,0,0
0.00966120659789865,0,3,26.270380422759875,0,0,0
0.0006063897817704089,0,5,33.433006041305234,0,0,0
0.03936688037555762,1,2,30.982878577466987,0,0,0
0.1935400247963065,0,3,21.76402247801284,0,0,0
0.024947180942718947,1,1,24.154790041073685,0,0,0
0.009426456031262161,0,1,22.230759710110462,0,0,0
0.012996893406706955,0,0,17.25695286119471,0,0,0
0.014790312303305663,0,3,34.755942975507395,0,0,0
0.04278524945898332,1,2,28.022054495891712,0,0,0
0.0035089871307634494,1,1,23.206510464127206,0,0,0
0.006685832000428512,1,4,18.465053686373338,0,0,0
0.03515696167342444,0,0,26.934245666339145,0,0,0
0.0019239812988717348,0,6,34.27626386923433,0,0,0
0.00047731377793277185,1,4,37.46811672805751,0,0,0
0.045465793127940045,0,0,30.976649911953114,0,0,0
0.01765172580173034,0,1,23.170054732120683,0,0,0
0.06643021992780317,1,3,30.49214011572686,0,0,0
0.015847874564709256,1,0,31.47114302705247,0,0,0
0.006709550848368554,0,3,22.2084646519233,0,0,0
0.002019937083299082,0,3,32.17828727218061,0,0,0
0.016574320697932875,0,1,29.5522068550646,0,0,0
0.07491385191842061,1,4,26.155134566572787,0,0,0
0.003264818137854024,1,2,40.09807720155991,0,0,0
0.0004980897502098295,0,5,30.221884800757945,0,0,0
0.018497905265975837,0,0,27.860059137802374,0,0,0
0.002383872295540957,1,2,31.635657850960637,0,0,0
0.011805833085778011,1,1,32.546330598204875,0,0,0
0.005890836314006069,0,2,37.05134969178168,0,0,0
0.021535311314913454,0,3,34.09035303209902,0,0,0
0.005929505375046336,0,3,176.42710506622484,0,0,0
0.0011188802789313345,0,1,36.4686231223838,0,0,0
0.00382755791530707,0,1,38.68532251733009,0,0,0
0.0037796349816985224,0,1,25.71574849061455,0,0,0
0.011971624047021744,1,2,104.40948815095598,0,0,1
0.03641492966344432,0,2,34.41679145160504,0,0,0
0.009811736557628611,1,2,33.68710037261758,0,0,0
0.01773237548357603,0,2,25.30722322951746,0,0,0
0.0846074615561855,0,1,33.85481505925949,0,0,0
0.005189294189921225,0,0,33.37665049537148,0,0,0
0.0008414775170282223,0,0,42.07685199253842,0,0,0
0.009954582977154035,1,3,148.09525312152775,0,0,0
0.039931583425487076,0,2,39.10459005369073,0,0,0
0.0026389254051984836,0,0,31.39702656305834,0,0,0
0.00961731440187187,0,0,25.43625199719518,0,0,0
0.004258282317444052,0,3,32.41861357465486,0,0,0
0.0035349205461944187,1,3,27.469908973326618,0,0,0
0.009215328550318447,1,4,18.892102597108266,1,0,1
0.0010099912339745847,0,1,33.594907235171775,0,0,0
0.010361758232367341,0,3,28.383968096967106,0,0,0
0.002385200312130593,1,0,40.94280118536055,0,0,0
0.006477043386020249,1,0,32.11200608928923,0,0,0
0.002048275105950802,0,1,23.387401895378503,0,0,0
0.005437949392151074,1,2,28.836364768414835,0,0,0
0.0114607307865412,1,2,31.345222186417992,0,0,0
0.022848894794365703,1,2,31.055735989656334,0,0,0
0.01946181462202441,0,1,36.02807458943407,0,0,0
0.015633097412832624,0,0,36.58318314826315,0,0,0
0.001543982306931559,0,4,32.4088293752772,0,0,0
0.007190095025823904,0,2,30.92152150114432,1,0,1
0.007328617689485167,0,3,120.45727318939872,0,0,0
0.03239920594233678,1,1,32.605025091086816,0,0,0
0.018414626507706942,0,2,28.560662660448344,0,1,0
0.0034806365764582852,0,0,30.672040143187925,0,0,0
0.002630079608539662,1,0,24.284205103917202,0,0,0
0.05794738069277988,1,5,31.934120394104653,0,0,0
0.00074834329239951,0,2,39.945164655691215,0,0,0
0.00553545401349399,0,2,34.20956814289373,0,0,0
0.06715146936100423,0,0,34.94502510700343,0,0,0
0.001966774755628369,1,1,40.96449597071705,0,0,0
0.0008463800995552576,1,0,39.077402835475816,0,0,0
0.0011445945743158333,1,1,35.28886901128172,0,0,0
0.006088408029462716,1,3,34.50907425013757,0,0,0
0.0006304149224893635,0,0,27.171256980644127,0,0,0
0.00481124273516825,1,3,25.54151166521705,0,0,0
0.00045516517980183005,0,0,33.25089371756314,0,0,0
0.16806608253960265,1,0,32.15990545592802,0,0,0
0.023658607859953558,0,2,19.244643209907245,0,0,0
0.042771911833756615,0,1,35.47476642711932,0,0,0
0.01028659600773293,0,1,32.32550894808958,0,0,0
0.013180727681020807,0,2,35.42022073379289,0,0,0
0.04664266855775897,1,0,27.340599739919117,0,0,0
0.008710446411802766,1,2,27.907630772173007,0,0,0
0.020413091569877022,1,3,39.558782400223095,0,0,0
0.0002024353086898083,0,0,31.389438282004594,0,0,0
0.1474847974028289,1,3,32.11326218168032,0,0,0
0.002781744545287738,1,3,38.834180304926974,0,1,0
0.022989878158270877,0,2,151.4111825176759,0,0,0
0.010779165776452878,0,0,41.09366230717909,0,0,0
0.03481159353061807,1,4,36.26066280039379,0,0,0
0.005008778957580177,0,2,29.223696905732215,0,0,0
0.0032514190112088426,1,2,33.66211962990056,0,0,0
0.0014798614725900212,1,0,30.353495008130135,0,0,0
0.008419766964199488,1,2,35.3036481886122,0,0,0
0.034554035934827886,0,2,25.003961553013646,0,0,0
0.04972403633597555,0,1,29.8474419212683,0,0,0
0.02431972046553179,0,6,35.58808813658811,0,0,0
0.002083866010864331,0,5,34.19855252402149,0,0,0
0.03198182886892438,0,1,26.21770892551337,0,0,0
0.009110482408237325,1,1,28.349512506484867,0,0,0
0.0008143859277222227,1,0,31.205619531760487,0,0,0
0.00025316949159343943,0,6,23.106124333982795,0,0,0
0.028683905854494617,0,2,23.86065311398714,0,0,0
0.06253368670929349,1,7,29.481280136616522,0,0,0
0.001589293916632857,0,1,28.07746900918113,0,0,0
0.001074298034917781,0,4,32.40927284722435,0,0,0
0.02705229354812448,0,3,27.83835610839786,0,0,0
0.012034379491156093,0,3,34.35062237726639,0,0,0
0.018507976613649425,1,1,29.96689740701169,0,0,0
0.003706743018218938,1,1,22.62750789460029,0,0,0
0.0016412162150444597,0,5,23.881895395855455,0,0,0
0.004704559574773737,1,2,33.28856985420338,0,0,0
0.006650660832358843,1,1,24.26156249572776,0,0,0
0.0005574422330340431,0,1,24.976815176070282,0,0,0
0.012160839523234351,1,3,31.34885003559262,0,0,0
0.0008791244162933194,0,2,24.94846417210666,0,0,0
0.006634179456283904,1,3,38.0618778488725,0,0,0
0.08979328048806115,1,2,24.58839831547236,0,0,0
0.0003519945898825748,1,1,31.723743448663512,0,0,0
0.13802069088947794,0,1,37.84565886769125,0,0,0
0.0035990129268441934,1,2,29.82154644828617,0,0,0
0.0015299255762374223,0,1,95.49104108726662,0,0,0
0.0029683035914814192,1,1,33.82629907872936,0,0,0
0.12255517658264964,0,2,27.387977562030056,0,0,0
0.19530814210931488,0,1,32.19373618960858,0,0,0
0.04688822409166157,0,2,42.64553116308556,0,0,0
0.011783614456380515,0,3,40.02099156878169,0,0,0
0.00881985265331068,0,2,34.59619804706684,0,0,0
0.0033090951481861853,0,2,33.81763950152971,0,0,0
0.002600775634546228,0,1,129.18349411802149,0,0,0
0.21509059199613884,1,1,39.7634350993677,0,0,0
0.0008561031488431946,0,2,34.714805400702886,0,0,0
0.038537865407777386,0,3,40.15790291113376,0,0,0
0.01665399738095116,1,3,25.716681057810174,0,0,0
0.026281300414426407,1,0,188.32157160357806,0,0,1
0.0023829471000790504,1,3,37.95210462139125,0,0,0
0.006886565171480742,1,6,33.86339409615203,0,0,0
0.008229539494782416,0,2,34.26736906505067,0,0,0
0.0012903995550364324,0,1,28.504841258230158,0,1,0
0.02182432163918069,0,1,27.67654553048895,0,0,0
0.008826529230744295,1,4,34.95208483292487,0,0,0
0.017469270207906604,1,3,21.86750086130928,0,0,0
0.0029214769401123856,0,1,30.524906913479285,0,1,0
0.00152608900184502,1,2,35.18500891693458,0,0,0
0.000645450262914163,1,3,34.31394535364161,0,0,0
0.003664009246207995,1,2,199.77689952305929,0,1,1
0.007252807999777126,0,0,29.605237768753597,0,0,0
0.0005313731451152625,1,2,32.06852381316167,0,0,0
0.0054965590769929275,0,2,24.64896228770243,0,0,0
0.0031540433288702982,1,1,33.81701469146129,0,0,0
0.004349080385012167,0,4,36.05782772663105,0,0,0
0.004962626238038078,0,6,29.490371118219652,0,0,0
0.05656567920593364,0,3,28.094457861432613,0,0,0
0.002431678137103552,0,4,29.735315132591488,0,0,0
0.013835350167035531,0,2,16.553335973166565,0,0,0
0.0013783999843306484,0,4,32.58898253313074,0,0,0
0.19770269854409614,1,1,19.393204994584963,0,0,0
0.0005105011378223713,0,2,28.960978819995102,0,0,0
0.001822950149628308,0,2,37.83697386001909,0,0,0
0.01140877734600329,0,1,28.539680014391056,0,0,0
0.030812505818493565,1,1,32.39377310542871,0,0,0
0.05593159692148216,1,3,28.651735371546483,0,0,0
0.015694840417512047,0,5,35.67485366150653,0,1,0
0.004340038009645016,1,1,38.13841642441729,0,0,0
0.01900863767023817,1,0,30.703619735181395,0,0,0
0.028097939355143823,0,1,28.91999225643583,0,0,0
0.010917748798471646,1,2,26.708653986596826,0,0,0
0.04521203839672401,0,3,28.50486725569475,0,0,0
0.0015132753215890546,0,1,32.61781672431584,0,0,0
0.027067423591147204,0,3,38.61508095505501,0,0,0
0.003800513531381985,1,2,25.887455801482727,0,0,0
0.00783570590564951,1,0,38.97630134058844,0,0,0
0.014642786229063029,0,0,27.474180574798797,0,0,0
0.006481825816626521,1,1,26.66494124361383,0,0,0
0.0019676646843978214,1,2,35.59310312861991,1,0,1
0.011324429417924085,0,0,23.307760771626697,0,0,0
0.006521717179727133,1,1,32.17514903045005,0,0,0
0.01720645024042539,0,2,25.76478713188441,0,0,0
0.0596559247793687,0,1,124.02602398937604,0,0,0
0.012798031986159938,1,1,28.39781368572872,0,0,0
0.021301202589012448,0,1,24.932860101804515,0,0,0
0.0005781868606089056,0,4,29.79284607404004,0,1,0
0.03357858349372393,0,1,26.21656837601668,0,0,0
0.0008017445243902146,1,0,22.61397743788254,0,1,0
0.03544603442506636,0,4,27.7403861587907,0,0,0
0.008961019035411069,1,5,21.059337020196573,0,0,0
0.0005153606265361105,1,3,31.246349890491143,0,0,0
0.02176604126142847,1,1,26.640563316135626,0,0,0
0.0016914707945527515,1,4,30.251293537439512,0,0,0
0.03871274487084436,1,2,27.833492912882758,0,1,1
0.005757052578069619,1,4,35.92990958647565,0,1,0
0.048245447747353745,0,2,33.090812087128484,0,0,0
0.0023596074726823166,0,2,34.09944287956937,0,0,0
0.008732434903048293,0,2,31.347251269383893,0,0,0
0.04575122742586433,1,2,33.22936927780846,0,0,0
0.016384616932107993,1,2,31.25497581029105,0,0,0
0.0011163358075296371,1,1,25.443285652688036,0,0,0
0.000470175455142729,0,3,17.83402090513144,0,0,0
0.05764795212150972,0,3,35.354250477672416,0,0,0
0.006222292078413438,1,1,28.1443606588125,0,0,0
0.0030121865405512457,0,2,33.40150562811181,0,0,0
0.012563743724893012,1,1,26.306264567849126,0,0,0
0.012445169978594517,1,1,111.31998086746283,0,0,1
0.007325028105746095,0,2,33.880066649529454,0,0,0
0.000562217630228613,0,0,20.874321346413588,0,0,0
0.005361111108714765,1,0,23.39924638554689,0,0,0
0.001177186153310212,1,4,26.862914200159942,0,1,0
0.0015936064930879945,1,3,26.33645690876563,0,0,0
0.0009848143120001435,1,3,25.534218114753305,0,0,0
0.21838170729804854,0,2,35.453485259088886,0,0,0
0.01293416058404728,0,1,26.04175869185815,0,0,0
0.009949611199722996,0,3,34.34625742332044,0,0,0
0.0009423379907738185,1,1,29.10491908693723,0,0,0
0.0003379808138560985,0,1,28.024657796535436,0,0,0
0.005775534317920516,1,1,29.20028557544998,0,0,0
0.017502393114349826,1,3,22.636362263612618,0,0,0
0.0040681541206169895,0,2,37.849972039109325,0,1,0
0.0006823321715534728,0,2,26.36518770610666,0,0,0
0.015417005947492478,0,2,30.857657623066288,0,0,0
0.0014894843653755036,0,1,31.73858099834173,0,0,0
0.013344901651709224,0,3,32.05043969018308,0,0,0
0.007845857464826689,0,2,19.820586265263266,0,0,0
0.00218172846236247,0,3,145.56823101678697,0,0,0
0.001235871992688237,1,3,34.20661704055388,0,0,0
0.000339218203490525,1,3,31.411334994496027,0,0,0
0.024272272457691344,0,2,21.12190125460672,0,0,0
0.039809500833484425,0,0,37.15473869719637,0,0,0
0.04291439977556117,0,3,25.16265927147154,0,0,0
0.0018448435844797518,1,3,40.21992865855054,0,0,0
0.0023789936239481542,1,0,32.70835272831962,0,0,0
0.007437293614162339,0,2,32.08083282696596,0,0,0
0.005236488061469257,1,5,130.70960715991433,0,0,0
0.08401129964831469,1,3,25.150267020844666,0,0,0
0.023923815272699392,1,1,39.16282647688318,0,0,0
0.011264233039108947,0,2,33.84854170426955,0,0,0
0.004058151760354627,0,3,32.333916290713795,0,0,0
0.010682990719596245,0,3,36.487279941582386,0,0,0
0.076454099264113,1,4,32.051416632124045,0,1,1
0.005430014912632621,0,2,31.760541888951156,0,1,0
0.002620775350364695,0,2,29.820796942856415,0,0,0
0.05126232310120864,0,1,29.80090632458621,0,1,0
0.007750705904889139,0,2,39.54509248981973,0,0,0
0.011660115011892519,0,2,27.520368494098072,0,0,0
0.0019502157541601635,0,1,32.06364515969597,0,0,0
0.0155129676737903,1,2,14.459027062468806,0,0,0
0.0910349157867232,1,1,29.5699059262008,0,0,0
0.015704744582189567,0,1,31.22206646437402,0,0,0
0.006737018203221746,0,1,36.32319601524328,0,0,0
0.004422048793304637,0,1,30.362378152617588,0,0,0
0.03296105355278509,1,0,29.705405852360762,0,0,0
0.0008263512325545385,0,2,24.209850554910936,0,0,0
0.0002642284472703027,1,0,35.6388202744926,0,0,0
0.011816489660058183,0,0,36.87871243469301,0,0,0
0.0005336981196446207,0,2,38.05703372420122,0,0,0
0.001722486954964403,0,2,28.665246810709178,0,0,0
0.008106492923355631,1,2,22.201157820532416,0,0,0
0.0036310270545318814,1,6,31.474781711955636,0,0,0
0.02432512754448428,0,0,25.16294037670671,0,0,0
0.0005042830221186899,0,1,30.524817263901788,0,0,0
0.010145194679798483,1,2,27.575021923337037,0,0,0
0.0017362926782430947,0,2,27.148117586096102,0,0,0
0.01273872109392482,0,2,21.260311090806766,0,0,0
0.22288584100794787,0,1,31.418259957668585,0,0,0
0.0030631261688253753,1,2,33.44819575940066,0,0,0
0.04989651913438707,0,4,29.79056213481841,0,0,0
0.001874427329972033,0,0,31.894104766906636,0,0,0
0.00115050586868003,0,3,28.521122691863336,0,0,0
0.008937512768013722,0,3,29.595288974703266,0,0,0
0.017563659901898395,1,1,25.3676845056145,0,0,0
0.014438408962653602,1,3,32.341201792519364,0,0,0
0.0017181064875571102,0,0,174.582044478606,0,0,0
0.0006453209950117668,0,2,19.23477927552196,0,1,0
0.005809276163639006,1,2,30.74401641597971,0,0,0
0.003152374550584327,0,2,29.26537844705417,0,0,0
0.0012312238440339315,0,1,34.72783440422068,0,0,0
0.005697327545231335,1,3,29.86822311932767,0,0,0
0.13544824173596753,0,0,29.304580605191052,0,0,0
0.03820214869751205,0,3,26.129658101392724,0,0,0
0.055738815357773905,0,3,22.77321476096919,0,0,0
0.0022310061231655587,0,2,26.313150241528845,0,0,0
0.002310075788491627,1,2,26.92807925878841,0,0,0
0.003592827777458712,0,2,32.54179105388502,0,0,0
0.002311160224680504,1,2,23.639463711161618,0,0,0
0.018729988393382156,1,1,18.132414924742093,0,0,0
0.011808964034680717,1,3,29.11930622282874,0,0,0
0.015215416113007781,1,2,36.059432497158255,0,0,0
0.003791347864265843,0,1,30.117341432960814,0,0,0
0.004709345902833295,0,1,26.333343857470133,0,0,0
0.01715140535558229,1,0,25.671247946306366,0,0,0
0.02474884909715541,1,0,24.13356985794883,0,0,0
0.006852163723087831,0,2,37.584603303048084,0,0,0
0.15060444845383386,0,1,32.04262704232364,0,0,0
0.01190813113151944,0,2,18.550682521868474,0,0,0
0.006448820783515164,1,2,29.793197827621196,0,0,0
0.0037845833546919366,1,1,36.64581033082764,0,0,0
0.1651608175842738,1,0,140.45706844383025,0,1,1
0.010258332564505673,0,0,119.62093305522187,0,0,0
0.012028424716567026,0,1,30.633608326808286,0,0,0
0.0072196159172663995,0,3,34.64189702242311,0,0,0
0.05224201352132951,1,0,105.73301348229587,0,0,1
0.021392062434381354,0,4,26.550056340801923,0,0,0
0.0017348772878574312,0,3,25.70692685867865,0,0,0
0.0016853029852134096,1,2,34.454391698276375,0,0,0
0.049781938922214976,1,2,24.413265082265152,0,0,0
0.023577506086107283,1,4,23.121313706824502,0,0,0
0.0038896971432551223,1,3,28.609724627057403,0,0,0
0.07118904623949189,1,3,114.59840759934637,0,0,1
0.0024973639578060717,1,2,37.778684594222575,0,1,0
0.0038006866050917707,1,1,28.850057700287937,0,0,0
0.003261668414916523,1,4,37.40552446936004,0,0,0
0.0040927718294550995,0,1,34.033851045535265,0,0,0
0.017817477614323462,0,0,104.00739088042275,0,0,0
0.014982413149205311,1,1,33.18519462257529,0,0,0
0.05610976156857167,0,1,34.43761440587375,0,0,0
0.004342187950260476,1,0,23.236094088888837,0,0,0
0.0024383958134037336,1,0,26.540407344781187,0,0,0
0.015119130407433148,0,3,28.645145209699358,0,0,0
0.0076028639721712225,1,2,34.04482368546571,0,0,0
0.0005597931240272527,0,4,33.87120310520399,0,0,0
0.0011242459795303605,0,1,32.36678796039233,0,0,0
0.003710274547081211,0,4,37.011922734153934,0,0,0
0.0024304402091371866,0,1,29.617386491947798,0,0,0
0.06035305633616857,1,1,23.81171532305884,0,0,0
0.021057494350779932,1,4,32.254104892692354,0,0,0
0.00941102608616568,1,2,27.52416267738745,0,0,0
0.006717110437221828,1,2,27.280696202491097,0,0,0
0.0033797810564931965,1,3,24.22681459819575,0,0,0
0.0004184240228117143,1,1,25.850119203770497,0,0,0
0.01232080191693588,0,3,27.06391651464954,0,0,0
0.013677252503585554,0,1,33.89193582296147,0,0,0
0.04554474053918046,1,1,24.90460895464049,0,0,0
0.026583106593103777,1,2,26.562517988367205,0,0,0
0.00031305763809970713,1,1,33.11664416670388,0,0,0
0.0036163931993929126,0,5,25.239630696047826,0,0,0
0.027638153115437623,0,3,26.038518880360105,0,0,0
0.005214841515619035,1,3,31.739585719630526,0,0,0
0.0007296469246162477,1,1,30.822017206113237,0,0,0
0.013537958995782714,0,1,29.602125918014416,0,0,0
0.08833479027982727,0,0,33.1329542860793,0,0,0
0.02194763121537776,1,0,26.522854940701173,0,0,0
0.0055288642610423116,1,2,38.167490679003734,0,0,0
0.007704836909820675,0,1,25.83622093868992,0,0,0
0.02306469920621775,1,1,29.251583596452285,0,0,0
0.011434958718786659,0,3,28.651508092634906,0,0,0
0.005688577335602841,1,5,24.31091074478767,0,0,0
0.034459322157019225,0,6,23.80603908523188,0,0,0
0.0008448642829556053,0,2,26.40013834071105,0,0,0
0.004375667205788315,0,2,21.744524841057384,0,0,0
0.14311995948317485,1,3,28.215321061496358,0,0,0
0.005515171389927906,1,3,106.07291095100099,1,0,1
0.00039648870503088764,1,1,30.886278866998992,0,0,0
0.023258077047685663,0,0,28.65246621089525,0,0,0
0.003591124978120977,0,2,27.599562486034067,0,0,0
0.012256855096965454,1,3,32.639223553649494,0,0,0
0.002413900350259221,1,0,32.40639668685264,0,0,0
0.009276650947207872,0,0,38.35707187334486,0,0,0
0.006305715299572363,0,2,32.37141535462859,0,0,0
0.0013768535433271564,0,4,33.25481881332096,0,0,0
0.0006164041007377616,0,1,22.987607521027098,0,0,0
0.006589324058897692,0,2,184.48442562649254,0,0,0
0.010747106128178115,1,1,36.96309596922548,0,0,0
0.09400538886041225,0,1,40.65540412506469,0,0,0
0.01066920153454072,1,2,142.38431486994642,0,0,1
0.0030639374056435032,1,3,29.155074828748273,0,0,0
0.0009687991529128472,0,1,33.51378868951744,0,0,0
0.007540796622688651,0,1,64.38044708067103,0,0,0
0.024952632809896663,0,2,29.569420351096845,0,0,0
0.003699333054469653,1,6,31.916097217978958,0,0,0
0.001328518744647139,1,1,28.359002392350387,0,0,0
0.0009341484795514722,0,1,38.33555080194897,0,0,0
0.005553342500449571,0,7,28.8108716921411,0,0,0
0.0017546884012866184,0,2,31.10244289790705,0,0,0
0.004165517818426754,1,1,25.819538407014225,0,0,0
0.014313131968294299,1,1,34.131337142753694,0,0,0
0.0018136843594652344,1,7,33.77502916014987,0,0,0
0.019895171782680854,0,2,163.54684751843715,0,0,0
0.01437007085648156,1,2,32.00222709761743,0,0,0
0.0022498258281038125,0,5,19.562487500273633,0,0,0
0.14102062351089112,1,1,32.51944868114024,0,0,0
0.0021506553825533107,0,5,22.600172535055354,0,0,0
0.0011596258537942682,1,2,28.50311442731566,0,1,0
0.0019534996480581115,1,5,35.235597170604876,0,0,0
0.006120240457378467,1,4,30.557928618368326,0,0,0
0.0018732913894872808,0,3,21.812142202117805,0,0,0
0.024387692576136096,1,1,25.949072220900863,0,0,0
0.04588045260787912,0,2,26.80604686211181,0,0,0
0.012020545873713429,1,3,38.56500106842126,0,0,0
0.0949694463879478,1,2,20.1265840938356,0,0,0
0.0010020637133830342,1,3,32.07333641356762,0,0,0
0.00022496931985197931,1,2,37.1443962852605,0,0,0
0.10257294982120257,0,1,37.56612768650939,0,0,0
0.002278635159597928,0,1,33.977944225015904,0,0,0
0.0010990408916885064,0,1,31.166152606798903,0,0,0
0.001685806511083602,0,2,37.0985161305202,0,0,0
0.016344292123937593,0,1,31.349143963738257,0,0,0
0.0008876236191516627,0,5,35.836925136780444,1,0,1
0.009031638685237101,0,3,23.282151363881027,0,0,0
0.003810740801528424,0,4,23.142184683829495,0,0,0
0.01109236282195397,1,0,23.129403521862926,0,0,0
0.04176085405152684,1,1,28.072284292919278,0,0,0
0.08375214950135579,0,1,32.50755193292774,0,0,0
0.0007686638707725027,1,3,26.67075752464348,0,0,0
0.007757785493943656,1,1,34.56686345994777,0,0,0
0.007765884197380096,1,0,24.557680128765703,0,0,0
0.005367425322533287,1,3,28.215496710946788,0,0,0
0.0023511149733165143,1,4,25.256442692486374,0,0,0
0.02649582894501327,1,2,28.302580129830048,0,0,0
0.01749515796692227,1,2,27.355563364715547,0,0,0
0.0024933357523414055,0,1,36.41895561351684,0,0,0
0.0007302936320754749,0,2,32.92679557673091,1,0,1
0.01432343191588353,1,1,30.678494610204538,0,0,0
0.39985073528012416,0,1,27.16721416553925,0,1,0
0.0004038193000276086,0,1,35.33159795258284,0,0,0
0.0009459639327379344,0,3,35.59234560698194,0,0,0
0.0030325300369212606,1,0,25.461631179287906,0,0,0
0.0026104927316474135,1,0,29.864315169944838,0,0,0
0.0417840977468478,0,1,25.287700408895766,0,0,0
0.0075872976008716075,1,0,28.263358821623292,1,0,1
0.012020994962013413,0,2,89.98926692248921,0,0,0
0.015955594784361996,0,2,30.95685187442385,0,0,0
0.006372786238232609,1,6,36.07756681427141,0,0,0
0.0014036703237812823,1,1,31.19018321064019,0,0,0
0.027336596833891325,0,0,36.1867797528568,0,0,0
0.015686976545249084,0,0,34.57750857474026,0,0,0
0.00012507166058454167,0,2,35.20512764776514,0,0,0
0.0014426127355407585,0,2,43.65104912307743,0,0,0
0.0024286796523572698,0,4,30.077721797032932,0,0,0
0.0038088332736002273,0,1,153.471996797996,0,0,0
0.006428433942618806,0,0,30.500199444760348,0,0,0
0.019018083003414673,0,2,25.534736380091637,0,0,0
0.0048612829750551275,0,2,35.82022540539633,0,0,0
0.1425707187116718,0,1,163.9061827111393,0,0,0
0.008474745510771669,1,2,20.15051428138198,0,0,0
0.12650306692064603,0,5,36.07245505847876,0,0,0
0.003410094783819777,0,2,21.526968792644404,0,0,0
0.0017774141833920589,0,2,185.08012174406488,0,0,0
0.023259641725799484,1,0,27.773552202765128,0,0,0
0.005253568898106159,1,1,30.507166215768166,0,0,0
0.00914043893340703,0,1,38.70586328290314,0,0,0
0.014865637526776469,0,1,21.57729790419854,0,0,0
0.0009312707255214044,1,3,26.795173042056863,0,0,0
0.005246509145229418,1,1,31.07594900648821,0,0,0
0.007856213017461467,1,3,34.10859267491454,0,0,0
0.04775949247013906,0,9,150.65459881344702,0,0,0
0.0020323698573730853,0,1,26.078099290922395,0,0,0
0.0023414489503642954,1,0,28.459386893238772,0,0,0
0.19355176301588745,0,3,38.58407564811978,0,0,0
0.00988470463141804,1,0,29.92856584436256,0,0,0
0.07781334239798843,0,2,28.964462670186844,0,0,0
0.0008223735242156987,0,0,31.867061896512013,0,0,0
0.010489136127245868,1,1,43.26432699729084,0,1,1
0.0007704151620798173,1,0,36.72102159202281,0,0,0
0.004681919557952668,0,0,25.372048611831474,0,0,0
0.00031275943541734694,1,3,27.59039657508886,0,0,0
0.001539187133578989,0,2,25.91511457503998,0,0,0
0.004191788853909019,0,1,28.679504178917345,0,0,0
0.0012321869828425887,0,1,31.348037608619652,0,0,0
0.0009855827390519395,1,1,34.03336164732999,0,0,0
0.0059627467160391365,0,2,35.43756697941597,0,0,0
0.03312881299033661,1,2,27.471341281668437,0,0,0
0.018529027647477006,1,5,29.17143970906842,0,0,0
0.005940810063104001,1,2,40.877013652993966,0,0,0
0.0725021170832369,1,0,28.60933330124182,0,0,0
0.017049473743174004,0,2,29.342270993344812,0,0,0
0.011921723925804853,0,3,32.410741998452544,0,1,0
0.0024686063680645445,0,2,31.97079322355546,0,0,0
0.130661662620449,1,2,26.555077677668855,0,0,0
0.01530298421006169,1,1,31.70895192425783,0,1,1
0.022751431714093964,1,3,31.264720182833326,0,0,0
0.0157980149883978,0,1,29.72888668117162,0,0,0
0.004770616403245333,1,3,38.911461240963035,0,0,0
0.017337215493757774,0,3,156.46940397073246,0,0,0
0.020142853642801897,0,3,26.380801175808024,0,0,0
0.0019082987420280051,1,2,29.191886347936155,0,0,0
0.047704438333098356,1,2,27.995325659084962,0,0,0
0.0330554034431665,1,4,34.37954763310981,0,0,0
0.018913968568588544,1,3,37.73450831268781,0,0,0
0.0006916152378653761,0,3,31.711109341693053,0,0,0
0.23448590255379578,0,3,33.69565223983501,0,0,0
0.2922730543487668,0,2,27.032704706600867,0,0,0
0.014925333831497465,1,2,28.64238943921472,0,0,0
0.028872871595793954,0,2,32.73919815591337,0,0,0
0.01405767220845916,0,3,21.916278645083825,0,0,0
0.009651672307985727,0,3,29.19216448310277,0,0,0
0.027453323811503876,1,2,24.19546433945909,0,0,0
0.0036754531760693843,0,2,29.688752241261227,0,0,0
0.0007412227409946677,0,2,36.39384466891289,0,0,0
0.0734598769349553,1,3,26.292445169980677,0,0,0
0.0015996962516294556,1,2,28.68414393514969,0,0,0
0.004624425160712843,1,3,26.15199554377483,0,0,0
0.003081662889346526,1,3,28.627102890486302,0,0,0
0.00012059506161367273,1,1,33.89173835526928,0,0,0
0.21466900945866896,0,3,23.577063077168745,0,0,0
0.0014258543770811667,0,0,36.659659431484414,0,0,0
0.05488870452928375,1,2,26.81007130163621,0,0,0
0.011255427028153955,1,0,37.49557490814816,0,1,1
0.04328122076810778,1,0,28.472449710941014,0,0,0
0.004033849473677149,1,1,37.11218908909531,0,1,0
0.002452942747412668,1,1,26.339058016096924,0,0,0
0.0010566088524911615,0,2,30.645958716188243,0,0,0
0.00047932357669782207,1,1,32.46819346708452,0,0,0
0.29512562248280444,1,3,31.953446362059612,0,0,0
0.009496386768804646,0,6,34.49649355695979,1,0,1
0.0014085049839213128,1,0,31.09566317951855,0,0,0
0.08451908334581183,0,2,26.147762326661145,0,0,0
0.0774688711477616,1,2,35.89864773093308,0,0,0
0.004802813235472674,1,4,36.82499430915801,0,0,0
0.026063637655850003,1,1,29.162474684855283,0,0,0
0.0017312023658503672,1,1,27.061569723591106,0,0,0
0.153282009529115,1,3,31.532480987546933,0,0,0
0.034033321462292786,1,1,26.14615160802513,0,0,0
0.0024707279777735494,0,6,25.933955576780747,0,0,0
0.01312506462592902,0,1,34.51006201818742,0,0,0
0.015108828103060244,1,3,26.751384716684456,0,0,0
0.007454521065789729,1,1,20.866877991616285,0,0,0
0.024549302413459248,1,1,37.760035688924106,0,0,0
0.0007134523565072884,0,2,29.4836834627186,0,0,0
0.020574054326198472,1,0,24.806770683286274,0,0,0
0.0001242223431749552,0,3,33.293952094063336,0,0,0
0.04534237481085584,1,1,38.41623334953442,0,0,0
0.0016293756567694936,0,1,37.07880274393799,0,0,0
0.0010283932083508813,0,3,148.56224573205816,0,0,0
0.010670969804935992,0,1,36.12217612000009,0,0,0
0.06174590602789725,0,1,27.94206031272926,0,0,0
0.07622121629546981,0,1,32.31602746415203,0,0,0
0.00404759112418108,1,1,25.666060945788892,0,0,0
0.004973488454993723,0,2,32.40400811464028,0,0,0
0.0031030193011666604,0,0,27.764691911025434,0,0,0
0.007811356839988538,0,1,33.86006132708614,0,0,0
0.024460315583891962,1,3,39.74572555739222,1,0,1
0.006815257113305111,1,3,24.01547656852705,0,0,0
0.01726697077132509,1,1,36.034165285360714,0,0,0
0.0024650143196261825,0,4,26.43740756887808,0,0,0
0.0011069423732916104,0,4,34.6134792224356,0,0,0
0.0007574295191064982,1,1,28.713897639448906,0,0,0
0.0035266172707041554,0,0,26.961602642405975,0,0,0
0.0048396487949327015,0,4,23.4150742122336,0,0,0
0.029643864834916538,1,2,43.48117501481025,0,0,0
0.000956195453499839,0,2,24.965828015174054,0,0,0
0.0075339488094229076,1,2,30.29897113314925,0,0,0
0.01591556706393026,1,3,26.47593946271945,0,0,0
0.004350062718222296,1,3,29.06171920924346,0,0,0
0.01395713051233687,1,2,23.614202717613573,0,0,0
0.0007306328263779958,1,3,31.36759803001135,0,0,0
0.021943013528366005,1,4,29.52117602460123,0,0,0
0.0032867704283009117,1,3,18.856565540924166,1,0,1
0.0025819306291723475,0,2,28.495766174980453,0,0,0
0.004062113024462039,1,4,37.66072237398751,0,0,0
0.0018420416766284338,0,1,31.838780356816773,0,0,0
0.020496461790874124,0,3,28.1691311600549,0,0,0
0.020974703773912667,1,2,35.867060066259796,0,0,0
0.015846830843024934,1,5,125.64751011932447,0,0,1
4.808912395853848e-05,0,2,29.529887782409375,0,0,0
0.003124357168271263,0,3,29.72458172909767,0,0,0
0.007541592164865018,0,3,27.414182753519864,0,0,0
0.0018014705963172485,1,0,82.07720638047661,0,0,0
0.01756342204501152,1,4,26.934440004984467,0,0,0
0.002288313498861743,1,3,37.39508518084749,0,0,0
0.009157439825407178,1,2,35.81223795862393,0,0,0
0.005823697468972,1,3,26.393300303947807,0,0,0
0.07339189923684294,0,3,32.08681726619669,0,0,0
0.008781668740335563,0,4,21.866177072666865,0,0,0
0.00708077511686733,0,0,28.836286999278837,0,0,0
0.0014374118092709699,0,2,31.76439247352362,0,0,0
0.0018187999401517245,0,3,30.937631797098522,0,0,0
0.0005098949881771759,0,1,30.501498288845028,0,0,0
0.0064157502475429805,1,2,21.969999484519498,0,0,0
0.005745666229185868,0,0,24.50472145395046,0,0,0
0.01767968722685932,0,1,33.10916900662581,0,0,0
0.00764740511166501,0,3,32.97767229510838,0,1,0
0.00168162333743807,1,1,32.41739980014268,0,0,0
0.05477483797319855,1,1,26.018133955276188,0,0,0
0.008272404960430172,0,3,23.0927014662852,0,0,0
0.0014022687681835096,1,5,35.03962112755042,0,0,0
0.009154965731404134,0,2,27.18422227209201,0,0,0
0.020208348277467914,1,2,37.37840641642293,0,0,0
0.0010682695028994894,0,1,23.016520194151965,0,0,0
0.0030272841683703683,1,2,36.657073352190814,0,0,0
0.01566010541998402,0,2,29.02486980954996,0,0,0
0.023126889784786542,0,2,24.72620476531361,0,0,0
0.0017382124414937626,0,1,32.30974365594575,0,0,0
0.0010474730202628712,1,2,24.408313269103235,0,0,0
0.007008088562305526,1,0,26.57463179102143,0,0,0
0.011786086384362158,1,4,33.83050638424774,0,0,0
0.12222201960793073,1,0,40.91714285244396,0,0,0
0.009605492743474857,1,2,38.839268470794764,1,0,1
0.006523887880383401,1,4,35.48460307754205,0,0,0
0.01891145553469463,1,2,97.27541123948996,0,0,1
0.01667180970341329,0,5,29.378459477503384,0,0,0
0.10216106154363176,1,2,27.187255954819374,0,0,0
0.000492341032673433,1,1,31.22986285539513,0,1,0
0.0006599616769947193,0,1,23.127287760542966,0,0,0
0.009236114556163308,0,0,31.23978022070169,0,0,0
0.0035578441345817786,1,1,22.28557594197854,1,0,1
0.0024278087976371977,0,1,24.426189054877888,0,1,0
0.003935118141106932,0,1,33.52314170496318,0,0,0
0.004701297170599223,1,4,31.930706316143997,0,0,0
0.0034799346782977236,0,1,29.905331643356263,0,0,0
0.0073220267485636335,1,3,25.34312257437982,0,0,0
0.013441636659360661,0,9,24.561139306854884,0,0,0
0.0011580283373239214,1,3,28.5946740410686,0,0,0
0.004825006356602217,0,2,185.7530073534641,0,0,0
0.401100861369972,1,1,19.612657239811355,0,0,0
0.022354925025736005,0,1,25.79450516910289,0,0,0
0.05188760573813858,1,1,24.00979064185073,0,0,0
0.0023408193563323604,1,3,23.588511698959067,0,0,0
0.0033007261436571044,1,2,25.705622550937868,0,0,0
0.006887291269088385,1,1,35.06635379295633,0,0,0
0.011602741368297587,0,2,28.828172902810657,0,0,0
0.013228237679179106,1,1,25.79135866232624,0,0,0
0.01218094926603241,1,1,30.10887036956159,0,0,0
0.06343581839563488,1,1,33.10468421806744,0,0,0
0.004671329509028371,0,2,30.671015265959234,0,0,0
0.0005686977436662554,1,2,29.08831574701574,0,0,0
0.11004652070018574,0,1,32.33579272708905,0,0,0
0.05062219693373879,0,2,27.83348375794301,0,0,0
0.0014495121471198283,0,1,39.73345124466167,0,0,0
0.0013881205483156445,0,3,143.0275181774443,0,0,0
0.06676748335874193,1,4,27.187589366662866,0,0,0
0.004911244089945947,1,5,14.755503632470319,0,0,0
0.014792503328459416,1,2,28.30219138224009,0,0,0
0.024184906584660357,1,2,34.4813022106339,0,0,0
0.04356905352846003,1,1,33.91688279847398,0,0,0
0.04625189609004993,1,1,19.76985490907935,0,0,0
0.004989219092294214,0,3,31.379373299130023,0,0,0
0.0012877371476246124,0,4,28.582204169057157,0,0,0
0.08733142754070654,0,3,23.753164720728922,0,0,0
0.10214848770091402,0,1,24.070189132229206,0,1,0
0.0015474207534202165,0,3,28.2059381801934,0,0,0
0.0008015345917290016,0,2,33.6771642442458,0,0,0
0.0007553450171111322,1,1,35.377988447794515,0,0,0
0.007117394290522078,1,3,22.487758401800427,0,0,0
0.005418467035810256,0,1,26.43858308723561,0,0,0
0.001024612780208423,1,1,16.891984249672312,0,0,0
0.00294021856786141,0,3,26.004627125660484,0,0,0
0.019758335355179794,1,5,26.802214550248653,0,0,0
0.025191669959411935,0,4,29.20297563885102,0,0,0
0.0031916016723888643,1,2,28.814820453921154,0,0,0
0.003802948795953981,0,1,33.982748413669974,0,0,0
0.013691673594518889,0,0,29.000776876006583,0,0,0
0.0024664267602775517,0,4,22.45837322411056,0,0,0
0.02917179533432896,1,2,30.368494234057547,0,0,0
0.0002638046788647702,1,1,28.44354216332979,0,1,0
0.0035527954823486524,1,2,31.236311139896404,0,0,0
0.007203322819821186,0,3,25.41188410322701,0,0,0
0.011286709831483803,0,1,24.4914651452727,0,0,0
0.004200418844912308,1,2,25.87781566731374,0,0,0
7.33382810222389e-05,1,2,33.82436603841548,1,0,1
0.014917219067089585,1,1,28.73925465390317,0,0,0
0.0003757545207467904,1,5,27.52533883107082,0,0,0
0.006134624059452377,0,1,33.56967612051666,0,0,0
0.00266803370599293,1,3,26.52562401129471,0,0,0
0.009226874747673586,1,1,30.73566888224085,0,0,0
0.0017011098453797002,0,5,33.217775675030985,0,0,0
0.006927147106978394,0,5,33.81174734773494,0,0,0
0.002092053166025342,1,1,26.70544351644912,0,0,0
0.006900066835439589,0,2,25.7296741694127,0,0,0
0.007109569150949581,0,0,33.760892030178795,0,0,0
0.042929685416273164,0,2,35.85489436054446,0,0,0
0.03566033871547735,1,2,30.456989627484358,0,0,0
0.0037738626335217405,0,2,31.84552360307106,0,0,0
0.001041567390901114,1,3,30.774578041565288,0,0,0
0.009750299341256144,0,1,26.994474325824356,0,0,0
0.005716737230073293,1,1,36.03470403627724,0,0,0
0.0114876138723759,1,1,29.793700716865374,0,0,0
0.01340109159737514,1,2,20.93149834666736,0,1,1
0.03981395656432808,0,2,34.831261391968546,0,0,0
0.17184174677138753,0,1,33.10060198118319,0,0,0
0.0020225590122752925,0,2,27.5226938539264,0,0,0
0.009713202235623856,1,2,25.39013393989584,0,0,0
0.00040824622180213923,1,3,28.40525767772359,0,0,0
0.022557130993076782,1,0,29.028072620329432,0,0,0
0.004360544992325174,0,1,38.37027971240204,0,0,0
0.0047748622704132365,1,5,28.41845653598906,0,0,0
0.0021516432831393136,1,2,20.436131127138417,0,0,0
0.0026469305204381457,0,1,33.55636682552685,0,0,0
0.0011564050145521302,1,0,36.95664610652052,0,0,0
0.007080981029112284,0,4,28.88929777721755,0,0,0
0.0013143996364395022,0,0,28.372319830914236,0,0,0
0.026317245412631345,1,2,30.493929965889503,0,0,0
0.009396179743706564,0,4,29.334342009178386,0,0,0
0.054141744566682776,0,1,29.634506200243088,0,0,0
0.05754538876136449,1,4,28.494928281260975,0,0,0
0.008067138721584675,1,4,31.939999218784173,0,0,0
0.0872793389844969,1,0,132.6040811208358,0,0,1
0.04648252612253203,1,2,31.481048846122444,0,0,0
0.001668642867743665,1,2,28.809610511839672,0,0,0
0.01038454073746539,1,1,27.61068458909032,0,0,0
0.0013182795000905342,1,0,31.924968868064106,0,0,0
0.07599855861095,1,1,26.834368440267582,0,0,0
0.006047811872176362,1,3,35.34301896638725,0,0,0
0.002154107323469775,0,0,35.986754378774776,0,0,0
0.0018714333956500254,0,3,34.3653215242582,0,0,0
0.006971177241597017,1,0,28.208391377960893,0,0,0
0.017973242703914646,0,4,29.92709086039977,0,0,0
0.0007444536945252768,0,3,143.4475328772011,0,0,0
0.008449666554922335,0,3,27.449688889395922,0,0,0
0.007715502507543892,1,1,23.382408681070213,1,0,1
0.005442947958263217,1,0,34.172882049990065,0,0,0
0.004729787727423598,0,3,34.74493686986652,0,0,0
0.002398848743145881,1,1,18.99059297588279,0,0,0
0.0017196689985979634,0,0,24.071862430546872,0,0,0
0.034481207189716756,1,1,28.678989155505093,0,0,0
0.002050678232142425,0,2,33.079303902523705,0,0,0
0.0015627480411113518,1,1,26.10775449236914,0,0,0
0.11856235644236396,0,2,29.475052728520765,0,0,0
0.029232770850064187,0,1,34.98924278897378,0,0,0
0.0004581777329697325,0,3,29.562774015270275,1,0,1
0.009729304315290371,1,1,36.14331285491725,0,0,0
0.0004091149622689282,1,0,32.29334428585561,1,0,1
0.038443793716168455,0,3,34.70402216436919,0,0,0
0.034496619149078894,1,1,31.086577490207905,0,0,0
0.004655593301048205,1,3,23.69846345357073,0,0,0
0.012385098969134006,1,2,21.979922167572283,0,0,0
0.01821513247701116,1,3,26.74155559147959,0,0,0
0.03453069941828191,1,2,31.05582362340731,0,1,1
0.023453279327483544,1,1,36.71837057125381,0,0,0
0.004333989496428023,0,3,30.971551456099007,0,0,0
0.05505673453834087,0,2,27.496964352946964,0,0,0
0.007329314701592869,0,2,31.681858830601104,0,0,0
0.08636120344522803,0,2,27.21307458802761,0,0,0
0.036775177970776285,1,4,36.810644556627395,0,0,0
0.012520259416337614,0,3,31.00489859704167,0,0,0
0.008182700723453624,0,1,33.86737543988231,0,0,0
0.18392624899592663,0,3,31.316488145156047,0,0,0
0.003217733391169118,1,3,31.681131965469472,0,0,0
0.00026199993466383435,0,3,28.747801276377903,0,0,0
0.007801267407287871,1,3,22.56623475589501,0,0,0
0.003466793967957834,1,4,27.271379200295062,0,0,0
0.01475262225897157,0,4,30.40130955901054,0,0,0
0.01598356551222031,0,2,26.460963918176315,0,0,0
0.0013280808437428273,1,0,17.046741556924275,0,0,0
0.02607691712758433,0,0,31.776659938817428,0,0,0
0.001199204421369703,0,2,30.205315260833903,0,0,0
0.016990555240874484,1,1,29.404827105995047,0,0,0
0.0018616663519715633,1,4,32.575635405216104,0,0,0
0.00015961502479546684,0,1,29.54977343065421,0,0,0
0.009338593452970934,1,4,31.757235521778888,0,0,0
0.36364898143371105,0,0,29.3080277339194,0,0,0
0.0034147309786536177,0,5,31.60203610581072,0,1,0
0.0028881913809855587,1,4,27.243149315486374,0,0,0
0.008564645217886318,0,0,18.626597704458376,0,0,0
0.019417088280958877,0,0,29.77575962329694,0,0,0
0.012146179519673634,0,3,33.96840792818664,0,0,0
0.006807929107005,0,0,27.232206420932314,0,0,0
0.0008064517076857404,1,1,31.325823712780906,0,0,0
0.26402225989631034,0,1,30.56942157436154,0,0,0
0.011440360544426709,1,2,31.702688427466715,0,0,0
0.0017819390878062256,0,3,28.2606945143415,0,0,0
0.013440256588275959,1,0,41.51341118828137,1,0,1
0.005661547912468784,0,2,31.939498936699824,0,0,0
0.0030101310847557303,0,4,25.482653643880198,0,0,0
0.035862934442725376,1,2,34.036741318155734,0,0,0
0.0007003978441161413,0,4,30.072082692195075,0,0,0
0.003988402937937393,1,3,25.381354034475887,0,0,0
0.005901877911156374,0,3,32.887757120845166,0,0,0
0.0014917579844215551,1,0,32.48068918620607,0,0,0
0.027645653435459248,1,5,24.056662298203065,0,0,0
0.008620171786085293,0,1,29.80209675438414,0,0,0
0.0013961174756131297,0,3,43.9572783124552,0,0,0
0.005930356024339628,1,3,42.05558752202065,0,0,0
0.01696696367674815,1,3,28.509120385384733,0,0,0
0.001620170105011631,0,1,28.639817960017503,0,0,0
0.004300399130402698,1,3,28.308664922029344,0,0,0
0.006916026908271397,1,4,27.918670831754575,0,0,0
0.00025990887785184855,0,1,27.817007074217283,0,0,0
0.0013904516286005067,1,0,26.8924473824019,0,0,0
0.00161711801414146,1,1,167.43174507380573,0,0,0
0.0035537035814440414,1,3,30.03201343129437,0,0,0
0.01899428756429739,1,0,28.829555237758946,0,0,0
0.0022970223494710863,0,1,23.22547021692353,0,0,0
0.0458287537488405,0,0,21.853051763867477,0,0,0
0.006157625979356954,1,2,133.34018119296817,0,0,0
0.0060154615515408075,0,2,21.881165139306475,0,0,0
0.004038542142494745,0,1,21.752386529410202,0,0,0
0.0180279388438416,1,2,21.161611328413144,0,0,0
0.004751595789638894,1,4,30.595946299044392,0,0,0
0.0012966749737506739,0,1,23.890223334206663,0,0,0
0.002622348899600823,1,1,29.859143259744982,0,0,0
0.019049494286384482,0,2,28.90831478111748,0,0,0
0.2692830366061492,0,2,35.37707867762501,0,0,0
0.07398723138835407,1,0,24.316153503748186,0,0,0
0.00026520580225098924,0,1,29.514095959226168,0,1,0
0.002848649731485979,0,3,28.582633489491165,0,0,0
0.049896845491341824,1,1,25.661537053867196,0,0,0
0.010769377917152526,1,1,23.103112947836244,0,0,0
0.014850130610705248,1,0,33.55221391147912,0,0,0
0.0010158983834846452,1,3,25.698987476032162,0,0,0
0.002174708837490603,1,0,26.962885190274893,0,0,0
0.02919451660279385,1,0,93.2775627104392,0,0,1
0.0012417394107978312,0,1,21.411256239704322,0,0,0
0.010718377989263216,0,0,28.37624212779818,0,0,0
0.00047651384824155113,1,4,24.817617785973873,0,0,0
0.00516828049286048,0,0,30.57698371650495,0,0,0
0.18657031434077218,0,4,28.77869208830886,0,0,0
0.06959227165552764,1,1,36.69684180593801,0,0,0
0.00036406075044502555,1,3,33.37148971602034,0,0,0
0.0014303365852993126,1,1,25.18763891011809,0,0,0
0.03422901066421867,1,2,35.84295678069139,0,0,0
0.04586553541682511,0,1,31.40444631642312,0,0,0
0.017960217171943432,0,2,26.324429645365264,0,0,0
0.04055481114588534,1,2,33.80756538919866,0,0,0
0.004890706493562437,1,0,33.28052910471013,0,0,0
0.004784306183852591,1,4,22.674022901012467,0,0,0
0.0068973100420424895,0,3,23.43281208350624,0,0,0
0.011429337860951856,0,3,19.126002669945297,0,0,0
0.0036704338508914474,1,0,30.118651103057104,0,0,0
0.03904644589198919,1,1,34.079034421354834,0,0,0
0.0814423188254659,1,2,24.458501885770286,0,0,0
0.02978821774824766,0,2,33.892110371493494,0,0,0
0.004471102537157318,1,5,35.24684876435537,0,0,0
0.00967339908333504,0,1,21.229618667794085,0,0,0
0.0018048200548716011,0,4,35.19178809528534,0,0,0
0.30618860715124796,0,1,26.479591374927292,0,0,0
0.0007324238737170795,0,3,32.8276376503186,0,0,0
0.005382338880163913,1,6,24.27810137950632,0,0,0
0.02190169611992045,1,1,32.268232107037896,0,0,0
0.017363209330544676,1,4,28.742990305900406,0,0,0
0.032235034440040757,1,0,37.14487830535066,1,0,1
0.0075431257117260465,0,1,28.139945372810672,0,0,0
0.005906378829918084,0,1,35.01518545507602,0,0,0
0.05275262153769826,0,3,39.28419732540763,0,0,0
0.00869930566211434,0,3,29.000252813644476,0,1,0
0.0073560388157356,0,0,25.84282881757098,0,0,0
0.003264465666279526,1,1,28.16650693597423,0,0,0
0.038570188242758596,0,1,31.982482118435776,0,0,0
0.00048730984718823927,0,1,32.04664741815667,0,0,0
0.04475597148174043,0,0,27.268164306026666,0,0,0
0.007680607869315474,0,4,34.53410440173302,0,0,0
0.01769266759478245,1,0,27.074592589185407,0,0,0
0.02657505851666899,0,2,28.48213114852817,0,0,0
0.008598678900805503,0,1,104.3174517352541,0,0,0
0.13382552696020647,1,3,34.57603443886552,0,0,0
0.010548636330694354,1,5,30.246955737675847,0,0,0
0.0034081193675120887,0,3,27.616157408855663,0,1,0
0.022081526829154128,1,2,41.885838515172665,0,1,1
0.002496694911039757,0,3,26.594835744156175,0,0,0
0.004074482285267775,1,4,20.8218993207488,0,0,0
0.23417260609978297,0,1,30.223021949277815,0,0,0
0.00032910932586665794,1,2,25.757084111862703,0,0,0
0.002405294077399885,0,1,36.30062968540308,0,0,0
0.052114075634957686,1,1,28.889796308904913,0,0,0
0.005474518876614067,0,2,33.73566721979084,0,0,0
0.0025175308893448795,1,1,28.931130400432004,0,0,0
0.1023894240378475,1,1,107.60796990215111,0,0,1
0.01024942221856498,1,0,34.21227387573855,0,0,0
0.01506822531503102,1,3,23.792319708415853,0,0,0
0.042786270454012364,1,2,137.7580935693972,0,0,1
0.020926312022087737,0,2,30.547795103841327,0,0,0
0.0013557811837908206,0,0,25.086414307015097,0,0,0
0.008631045702742899,1,0,31.941279011807183,0,0,0
0.11127389754873747,1,1,30.255538226850646,0,0,0
0.018892993947769863,0,5,38.144952293208846,0,0,0
0.0024313382868247704,0,4,39.991798976358034,0,0,0
0.0019307247883453597,0,1,32.421939736240375,0,0,0
0.02669914167554099,1,2,36.67936596862804,0,0,0
0.009519469224001941,1,1,30.156262197837513,0,0,0
0.0024816910471806087,0,1,25.862752378461447,0,0,0
0.0022854250403553803,1,1,27.364650013283157,0,0,0
0.033825853331924144,0,1,21.60902214969378,0,0,0
0.017475166179025302,0,2,31.921438143175237,0,0,0
0.05152960591021659,0,4,25.4426934417761,0,0,0
0.6603869989121574,0,1,33.34792359820684,0,0,0
0.002505183039531759,0,2,36.557495844348466,0,0,0
0.05169061889310439,1,3,32.371439853409,0,1,1
0.020028824790576348,1,1,25.042770847764515,0,0,0
0.0024500617916586734,1,2,29.640405555370563,0,0,0
0.002194518403352482,1,1,31.217149593738096,0,0,0
0.02565473032667438,1,2,26.556596546711752,0,0,0
0.005877876984847927,1,6,32.69295707325484,0,0,0
0.03289734220626584,1,2,30.733303951775852,0,0,0
0.0003110629082794453,1,0,25.326176282530056,0,0,0
0.02086601378765577,0,2,29.195001824922905,0,0,0
0.002015038977415493,1,5,31.212085138834407,0,0,0
0.0006323685590007393,0,2,40.0971532837222,1,0,1
0.003077270011758234,0,2,23.452764171820796,0,0,0
0.20925447117807833,1,4,25.133077965142103,0,0,0
0.00026958076593884556,0,1,21.14762042422528,0,0,0
0.002829581974371921,1,1,22.631714309140623,0,0,0
0.08010275675680292,1,1,26.704046783951334,0,0,0
0.04172281702843119,0,3,32.52475240005001,1,0,1
0.002988067438380612,0,2,20.741502254471587,0,0,0
0.004720128568337682,1,2,28.19756173444753,0,0,0
0.015639438850316375,0,1,32.887643982692666,0,0,0
0.000978887209821597,0,6,31.841456324284035,0,0,0
0.020672325434181703,1,2,43.1462373127888,0,0,0
0.09231524734877036,0,0,31.4420210974867,0,0,0
0.010983619776325983,0,2,26.530261475608086,0,0,0
0.014046501108658037,0,2,33.57664980154679,0,0,0
0.003021542043843758,1,3,27.706195022696903,0,0,0
0.01935616035494929,0,3,27.091250332345023,0,0,0
0.0008327745531876403,0,4,32.97658423913646,0,0,0
0.0018217138008733969,1,5,30.676670236398955,0,0,0
0.01963047883354956,1,5,22.967219985475012,0,0,0
0.054080683811876085,1,2,20.856987747785105,0,0,0
0.0029795203952767356,0,2,184.09381183970063,0,0,0
0.0056175070342659355,0,2,23.701613868684927,0,0,0
0.009119573501405595,1,2,25.654604782260364,0,0,0
0.0007059229291809211,0,0,18.147364824331056,0,0,0
0.024353980682030617,1,1,28.451816582047623,0,1,1
0.0002318082461052684,0,2,29.554622617624368,0,0,0
0.0015114132297636945,1,1,43.78372471999785,0,0,0
0.0021484614682747752,0,1,26.426251805823537,0,0,0
0.007375944501182308,1,4,32.49232082269553,0,0,0
0.0076711044586008185,1,1,28.23243676074262,0,0,0
0.0011283716399648081,1,0,28.49205655666159,0,0,0
0.1362033121164552,0,1,25.559995298998587,0,1,0
0.009104820418868701,0,5,29.656885692711267,0,0,0
0.0005232834460403993,0,5,149.01552493651332,0,0,0
0.09824894446812536,0,1,29.898117683452742,0,0,0
0.010306447853996604,0,5,36.596889005214905,0,0,0
0.010797559217052746,1,2,21.421181214966996,0,0,0
0.015743698651031292,0,1,33.356358386152856,0,0,0
0.001955971779038196,1,3,40.2891857304327,0,0,0
0.005951594541128576,0,1,22.39446616582633,0,1,0
0.0030367458698259808,0,4,27.97398309063295,0,0,0
0.004144322214382877,0,6,31.96293226096245,0,0,0
0.005101263823665463,0,3,35.297933129608325,0,0,0
0.048923601815485426,1,4,29.21523615833491,0,0,0
0.007138681681488809,1,0,28.717283115373778,0,0,0
0.0007133234439912733,1,2,28.16667035526635,0,0,0
0.05203906881482642,0,3,29.671730535950804,0,0,0
0.11643111484948426,1,0,31.510443435348627,0,0,0
0.02858995598968316,1,0,27.631272095530697,0,0,0
0.01786516367845743,0,1,36.70751081948108,0,1,0
0.04503441202401769,1,2,26.491569839511182,0,0,0
0.0053660622632277135,0,2,34.49693399182326,0,0,0
0.004886604933891338,1,2,28.663866609634354,0,0,0
0.00609714306251383,1,1,23.107604780646074,0,0,0
0.21847445138997815,1,1,35.54233808152675,0,0,0
0.0024944882105010246,1,3,31.681085830170144,0,0,0
0.03205456302727255,1,2,34.43451402961562,0,0,0
0.000564581806304929,0,2,32.14366099293514,0,0,0
0.0013600824904001136,1,1,28.08440044449438,0,0,0
0.0002515658709077302,1,3,39.90556551401126,0,0,0
0.08974340484314937,1,1,33.61902943968093,0,0,0
0.06437244008164233,1,1,30.912623008704422,0,0,0
0.05761894121235214,1,2,169.22760989132013,0,0,1
0.007324207327805121,1,1,35.21641214724569,0,0,0
0.011210247294948395,1,2,32.45405463578078,0,0,0
0.022559599915604377,1,5,21.097829274283008,0,0,0
0.010732428443620212,1,2,25.679417024471856,0,0,0
0.0022157830752417315,0,0,25.36622246657173,0,0,0
0.004502692380324636,0,2,160.76789415336387,0,0,0
0.030591281535309125,0,2,30.12598019388404,0,1,0
0.01864306014340338,1,1,39.85576657652782,0,0,0
0.0037605085829409304,0,2,36.7825717087346,0,0,0
0.0006643001229195964,0,2,24.543318996507878,0,0,0
0.002797006630147237,0,2,32.8657121814141,0,0,0
0.00904407266260215,0,4,41.2502687880799,0,0,0
0.001457727198113633,1,1,32.247515431051056,0,1,0
0.11736614703394518,0,2,32.33842011416823,0,0,0
0.026981006706300506,0,3,23.60509093836836,0,0,0
0.3096764384625765,1,3,27.22206915273371,0,0,0
0.002402859500894891,1,1,25.100569509491926,0,0,0
0.03226106158300048,1,2,37.9639321687618,0,0,0
0.03722615019640608,0,2,27.818140005145732,0,0,0
0.044796398790637314,0,1,32.60823049931423,0,1,0
0.003044685787195348,0,0,31.949914840289996,0,0,0
0.027853153127500224,1,6,30.346503873110706,0,0,0
0.009210484148233793,1,1,26.160898547016515,0,0,0
0.0015208278226831156,1,1,24.873919782258756,0,0,0
0.0020889812030739576,0,2,33.769745930760024,0,0,0
0.06889770807433773,0,4,29.09009001102547,0,0,0
0.004165351469353043,0,0,33.18884570194593,0,0,0
0.0017308622499132699,0,2,24.12581614749275,0,0,0
0.00802096257836764,1,2,30.913705826037656,0,0,0
0.001447537390871716,0,3,24.916197192103446,0,1,0
0.0049033216111969485,1,3,29.21224844889248,0,0,0
0.008240492737221237,0,1,37.72562448957862,0,0,0
0.000857551263877931,0,2,35.00220990994338,0,0,0
0.0017185084182635706,0,3,24.99268796897775,0,1,0
0.0032886324465989498,1,6,141.1172239512691,0,0,0
0.02543346468655137,0,2,40.37804063789471,0,0,0
0.028808162323798705,0,1,28.099076730098428,0,0,0
0.0006258588322183772,0,3,36.392115425657444,0,0,0
0.0571482974984265,1,1,35.74739996484782,0,1,1
0.012775827924184628,1,2,35.97024832913093,0,0,0
0.0006208079929322087,0,0,21.491690546398484,0,0,0
0.0002995522234823528,1,1,31.595519896957583,0,0,0
0.005144370147720653,1,1,36.1460233356198,0,0,0
0.015304638967256267,1,3,25.659582442720865,1,0,1
0.01634343453136998,0,5,18.843794935868168,0,0,0
0.045220845692235445,0,2,18.2031930889078,0,0,0
0.006203657163489238,0,3,24.709392499830045,0,0,0
0.033603571577913924,1,2,24.74093415934633,0,0,0
0.015759342822263385,0,3,26.251253943311124,0,0,0
0.008246882297359946,0,3,28.23694473283613,0,0,0
0.0025258770367471988,0,4,29.329757914533626,0,0,0
0.011675439533682216,1,1,31.956063105097613,0,0,0
0.010812729733414898,1,4,30.06085715264738,0,0,0
0.02775942785680792,0,4,27.478275567866664,0,0,0
0.0012340520222697492,0,1,27.35469610262648,0,0,0
0.010308591398221802,0,3,31.68121352421814,0,0,0
0.015549635378870792,0,2,23.49303501825049,0,0,0
0.10062850166658141,1,2,26.385614875339638,0,0,0
0.01808430161039724,1,2,27.25018756330802,0,0,0
0.013555768866166051,1,0,22.303493949875147,0,0,0
0.001362366398513685,1,0,31.254068965836936,0,0,0
0.015841970529586087,1,2,38.17244109263386,0,0,0
0.00023110154770060315,1,2,25.9826584400964,0,0,0
0.027910127189448845,1,1,34.25837615034362,0,0,0
0.008994424682280658,1,2,30.90883532353075,0,0,0
0.027399561185076925,0,2,21.059623033531707,0,0,0
0.0011478048024954667,1,4,30.066778282611168,0,0,0
0.0027575549873251025,0,2,37.98784143664037,0,0,0
0.002309298360881474,0,1,32.01707643461952,0,0,0
0.019525514449146804,1,1,37.9034914510314,0,0,0
0.010115790094944089,1,2,28.159192039854286,0,0,0
0.003728906491346911,0,2,34.68932273576464,0,0,0
0.014537131038399046,1,3,28.432773637045337,0,0,0
0.0028738324543884073,1,2,30.482853575622148,1,0,1
0.015606752261879716,0,0,27.88971769284629,0,0,0
0.014038961166475886,1,1,39.606148594605635,0,0,0
0.006530919240801699,1,1,25.38510774474688,0,0,0
0.022371169733529827,0,3,31.379453974120178,0,0,0
0.1763095036666397,1,0,34.46697928513698,0,0,0
0.010528652299218538,1,2,28.215032328620396,0,0,0
0.030274087936607106,0,2,20.602839960611544,0,0,0
0.02012184366443186,1,1,27.6079797435933,0,0,0
0.00416657670267505,0,0,35.11955307414689,0,0,0
0.022205090976009676,1,2,28.471315129675947,0,0,0
0.00497153354492108,0,0,26.164119244245338,0,0,0
0.028843665054238358,1,1,25.567260926912077,0,0,0
0.0008001364519575696,0,3,24.403149337522862,0,0,0
0.01742272743851921,1,1,30.9190883929054,0,0,0
0.007980485107221873,0,0,33.89020100095419,0,0,0
0.00013517294536800415,0,2,37.10478850132769,0,0,0
0.0005422490892773149,1,3,20.189018924221678,0,0,0
0.009721975695836813,1,5,28.871630214333596,0,0,0
0.037341555269947556,1,2,25.61853714558404,0,0,0
0.012801279192061124,1,0,29.655198360281226,0,0,0
0.0440551556221542,1,2,33.02388328905,0,0,0
0.010414753016128457,1,1,24.21068586385657,0,0,0
0.0034721860941000007,1,1,130.14100194998278,0,0,0
0.03865320079021696,1,1,35.30304216650775,0,0,0
0.005628695203199841,1,1,30.5485227623012,0,0,0
0.006590400396367053,0,1,37.888612232838454,0,0,0
0.02456169364294494,1,4,18.18188715402424,0,0,0
0.006253235901529429,0,1,21.33806529045537,0,0,0
0.001020934194442802,1,1,26.364292193916906,0,0,0
0.051138069661726425,1,2,23.48675156053449,0,0,0
0.0012911524594569292,1,1,29.249167083936914,0,0,0
0.010558521727468486,0,0,30.539309590457172,0,0,0
0.0069645351621081125,1,5,41.68890235738429,0,0,0
0.0026359319268157697,0,5,34.1858242035068,0,0,0
0.00032798385178176964,0,3,31.438362426419552,0,0,0
0.009112643322817105,0,1,24.085415271893467,0,0,0
0.00793901102247394,0,4,37.502424329031456,0,0,0
0.025918122325333914,1,1,31.985866694397778,0,0,0
0.0027164777166181282,0,2,32.69805058967352,0,0,0
0.006976163977917735,1,2,30.962715727056054,0,0,0
0.0010057238379716866,0,5,20.145052809482387,0,0,0
0.007687035758484758,0,2,28.962350585399044,0,0,0
0.013202238786545164,1,4,31.25020511847759,0,0,0
0.0002134053217969591,1,4,96.43599810968176,0,0,0
0.029340683745326605,1,3,31.9752110117547,0,0,0
0.004912191633646734,1,0,36.78651803070258,0,0,0
0.00528404299200151,0,2,28.070655363367756,0,0,0
0.009249061934585034,1,2,28.01331083336171,0,0,0
0.006024415618139662,0,1,28.754437796441657,0,1,0
0.0019056391421037242,0,2,95.72743851144715,0,0,0
0.01818653168526263,0,0,31.465383858883996,0,0,0
0.0064129204490065575,0,2,33.9393592350496,0,1,0
0.0016967502071119924,0,2,35.48472354641494,0,0,0
0.0021210145289902167,1,0,29.76999910857197,0,0,0
0.0031253041455209392,0,2,32.812079175426774,0,0,0
0.0007863166359702772,1,1,29.408197274498086,0,0,0
0.0038169111379416872,1,1,34.92298811190904,0,0,0
0.006887718457031226,1,2,27.518437784991264,0,0,0
0.005776643684754378,0,2,30.922975007857463,0,0,0
0.0033729910822663943,1,2,217.6381855405827,0,1,1
0.004681245542101931,0,1,114.35974234238772,0,0,0
0.028362069311833618,0,1,27.941476853807625,0,0,0
0.01063740812293596,0,2,22.09468818006643,0,0,0
0.0998914611458914,1,2,35.93738442812867,0,0,0
0.08762203051220163,1,1,35.778439247993035,0,0,0
0.002144399661145913,1,1,29.059590873696074,0,0,0
0.0034901264501042925,1,1,24.548669842525246,0,0,0
0.004927692906234925,0,1,22.758926234716427,0,0,0
0.004920243790170277,0,4,29.43426429513124,0,0,0
0.0008984108659235431,1,1,28.354579205396423,0,0,0
0.005158506318911281,0,3,22.567276906623775,0,0,0
0.031321408228314855,1,3,33.93153271887109,0,0,0
0.018814717217215688,1,2,33.309682383582,1,1,1
0.0019166526348488003,0,3,29.11962322616264,0,0,0
0.007311153543101082,1,1,32.08409139725488,0,0,0
0.007219331144745194,1,2,22.04521734600093,0,0,0
0.07064922888889104,0,2,27.738512848143035,0,0,0
0.030016975183118157,1,2,32.760785357378865,0,0,0
0.005546440489512835,0,3,29.36332053910765,0,0,0
0.0038035227097297114,0,0,28.493096183869934,0,0,0
0.0012190562174078084,1,4,27.803921926813132,0,0,0
0.013904648375286426,0,1,31.151400899814977,0,0,0
0.0016623535031298179,1,0,25.40811327711405,0,0,0
0.0008342722593253967,0,1,38.9699673634152,0,0,0
0.0003507894434831316,1,1,18.21053910670015,0,0,0
0.0006047549131422088,1,1,29.86488070511697,0,0,0
0.00699645370819684,1,0,27.139459134306463,0,0,0
0.06277105127452003,0,4,36.77148981076486,0,0,0
0.002155328820669768,1,0,31.191340764454083,0,1,0
0.008047333899919682,0,5,34.0224964198151,0,0,0
0.04110065936399765,1,4,22.555937795162098,0,0,0
0.0002998955866054843,0,1,23.08861511792658,0,0,0
0.02097648503133283,0,4,173.02176299663384,1,0,1
0.030821868054302634,0,1,24.97256242047343,0,0,0
0.012584437238225278,1,0,21.88746617500342,0,0,0
0.03351233829701698,0,1,32.13145121974304,0,0,0
0.0007395504083946958,1,0,24.66483811591848,0,0,0
0.6073787761859649,0,4,29.205653087909777,0,1,0
0.05938669622087663,0,2,28.03736071928852,0,0,0
0.01108204278655771,0,4,24.75194175276266,0,0,0
0.03443835975254623,0,5,31.911284688038332,0,0,0
0.011364102454025206,0,2,24.365160074803228,0,0,0
0.030017908252387263,1,3,23.413906942221452,0,0,0
0.0003970787926253928,1,0,37.84794658396872,0,0,0
0.007855667220775091,0,1,25.210074722644748,0,0,0
0.012870976806141363,0,1,24.78702560525161,0,0,0
0.0032881255921372097,1,4,24.988752069998473,0,0,0
0.01599081433355823,1,3,20.533280811436235,0,0,0
0.007433408650271808,1,0,30.32112682712509,0,0,0
0.0026583875576904883,1,3,19.08586490031632,0,0,0
0.0031769288330063985,1,1,25.035143225239466,0,0,0
0.0035468552156184773,1,2,25.634690004549192,0,0,0
0.002532650797973941,1,4,28.264432203222153,0,0,0
0.0005074556480085684,0,2,26.635202528206978,0,0,0
0.0003441598377762407,1,3,20.942436796236187,0,0,0
0.0632226408960357,1,0,70.27189242401657,0,0,1
0.015380554440603756,0,0,195.2379526415617,0,0,0
0.015296127837381799,0,4,27.80744331755452,0,0,0
0.0026746095510228472,0,2,37.95451712183921,0,0,0
0.0010424683556151102,0,0,20.27041884835127,0,1,0
0.0025303231829264645,0,3,25.264396835301223,0,0,0
0.0021570580812855437,0,1,31.668942823555362,0,0,0
0.0014879417438896645,1,4,27.579992384574094,0,0,0
0.01107882355756879,1,2,27.94920953389878,0,0,0
0.011905829701684625,1,1,30.819922343629933,0,0,0
0.005301107202106471,0,2,28.526661270792722,0,0,0
0.0064602770851597,1,2,29.024554307167296,0,0,0
0.37068921784957787,1,1,30.303420686967584,0,0,0
0.014474299517883253,0,2,28.09171347658844,0,0,0
0.004635410404273338,0,0,23.141775093384666,0,0,0
0.1589529355578797,0,0,37.52558541437518,0,0,0
0.06520712875171437,1,1,30.704052546636497,0,0,0
0.002379674810228984,1,0,30.455936371057135,0,0,0
0.004976086743388723,1,3,28.78171233538107,0,0,0
0.022949692515431098,0,3,35.53800426517198,0,0,0
0.003718605121495736,0,2,30.776001917858373,0,1,0
0.01170400136110832,0,1,33.1023492186422,0,0,0
0.0025001392464705265,1,1,30.767685843069227,0,0,0
0.0015543005406491674,0,3,22.352893617074834,0,0,0
0.00835948740365521,1,3,23.885312624770616,0,0,0
0.004324087110784029,0,3,41.42699232690193,0,0,0
0.005077298662854349,1,2,16.73214668500295,0,0,0
0.0002952431839604681,0,1,40.682235160535676,0,0,0
0.012399300506309779,1,2,164.35133405114152,0,0,1
0.0018883130783011175,0,2,34.239018424680914,0,1,0
0.012196361952660826,0,1,31.545631076247393,0,0,0
0.0016606468691363536,1,2,33.16489120940564,0,0,0
0.1085992108819463,1,3,28.926024267766362,0,1,1
0.004559465381388818,1,3,26.462410282363802,0,0,0
0.003578621936816996,0,1,34.959409141721764,0,0,0
0.041904029697417904,0,4,26.992293526620017,0,0,0
0.0014151431547511264,1,0,34.401219718008704,0,0,0
0.02045864106948182,1,3,29.66239584351371,0,0,0
0.00020357382039037065,1,3,33.97008073850307,0,0,0
0.0015811419871967166,1,4,20.67115451331629,1,0,1
0.02318998970777779,0,5,29.899088539467392,0,0,0
0.010324975102169091,0,4,31.814708376683146,0,0,0
0.00629004559274351,1,0,29.399097670729603,0,0,0
0.0029238539796644226,1,2,32.39373934881381,0,0,0
0.008383087378099598,1,4,27.50957303623678,0,0,0
0.17363450298231767,0,0,28.82178328053994,0,0,0
0.0070215606597280895,0,1,26.1246938318412,0,0,0
0.0016974938562301235,0,4,27.35847283099362,0,0,0
0.0026878505379388934,0,3,26.80019920421246,0,0,0
0.01635771113781423,1,4,30.629929101630385,0,1,1
0.005916510705964773,1,4,23.83984912467253,0,0,0
0.003685890438900949,1,5,34.23503672211123,0,0,0
0.002050198318197104,0,2,30.287058681526638,0,0,0
0.00791750707531413,1,1,23.110495675126444,0,0,0
0.000547826794762828,0,6,33.46603904590483,0,0,0
0.010062983846688526,1,1,30.388180013676756,0,0,0
0.0016850788111170728,0,5,33.15194563031548,0,0,0
0.07612469263087808,1,2,28.02918178112704,0,0,0
0.008976702410783894,0,3,29.289350152765955,0,0,0
0.003906904711685837,0,2,32.109712422327156,0,0,0
0.00324067277509678,0,0,28.171188550193758,0,0,0
0.0010324217734764363,0,3,39.401024949052996,0,0,0
0.017043029978974528,1,0,37.17561311706294,0,0,0
0.032065940766508184,0,2,28.914477761790028,0,0,0
0.011214956748055688,0,2,28.964655058675,0,0,0
0.03777285496137996,1,2,22.222288811364255,0,0,0
0.000373923275111239,0,3,31.212146351410652,0,0,0
0.00780366735383069,0,3,39.17432226480486,0,0,0
0.01993842328874087,1,0,27.480962492559946,0,0,0
0.01249984861087509,1,3,26.763631612960538,0,0,0
0.028593736384015092,0,2,23.62656972486903,0,0,0
0.0177902326114104,1,2,35.97909673291417,0,0,0
0.004755313158703295,0,3,33.75133121886682,0,0,0
0.006054586237188535,0,1,33.59469079517562,0,0,0
0.06353223438705154,0,0,25.1389142681385,0,0,0
0.0017089968277698784,0,1,28.734457534722786,0,0,0
0.00447132399075821,0,2,32.94159659309344,0,0,0
0.025994933535256535,0,2,34.26200397960903,0,0,0
0.0019693422274792744,1,0,33.809177540601645,0,0,0
0.0014030928749894464,0,1,39.26734129583045,0,0,0
0.010811584417846062,0,4,35.94833470237678,0,0,0
0.004867574309248843,1,2,28.060724905834135,0,0,0
0.0047079930365939255,0,1,35.07685240935803,0,0,0
0.02719512811767967,0,0,26.37303801854448,0,0,0
0.005517400898505116,1,2,25.724719357573292,0,0,0
0.0016076535270489836,1,1,24.258829491316934,0,0,0
0.04427843582290534,0,4,33.22925818827982,0,0,0
0.006663072715368803,0,1,25.684308601393493,0,0,0
0.0028869441464070998,1,2,38.610871349328356,0,0,0
0.0014438132635209194,1,1,32.85354836778318,0,0,0
0.001900970389488807,0,1,28.155420780845382,0,0,0
0.00044703019883994083,0,0,30.161514545897983,0,0,0
0.006509459243437244,1,0,14.679704824959018,0,0,0
0.0021538341478136063,0,2,149.81704049848682,0,0,0
0.013731533345294054,0,5,35.257074586064334,0,0,0
0.0020284811786109606,0,3,21.130062531584684,1,0,1
0.008770592423860673,1,3,26.032815275190686,0,0,0
0.0037347799394391794,0,2,26.08064379139769,0,1,0
0.007870153396894551,1,3,76.74790798614404,0,0,0
0.0005416244607595199,0,0,29.197823954765262,0,0,0
0.1306491954398704,0,3,21.912584617155453,0,1,0
0.17820233010641442,1,2,29.96524977642956,0,0,0
0.004003324381622789,1,3,29.783770147396663,0,0,0
0.004320680780217106,0,1,31.00167689526696,0,0,0
0.024685538633239912,1,1,32.91749092719561,0,0,0
0.009464587009769996,0,0,31.10234738445373,0,0,0
0.001251553083731978,1,2,29.16867745405841,0,0,0
0.005647085085824826,1,1,30.582603814979937,0,0,0
0.039999068252072854,1,3,29.42932587602995,0,0,0
0.5720495752529869,1,1,28.024473596837232,0,0,0
0.023254774930493303,1,1,29.61315674480997,0,1,1
0.011891115197220317,1,1,34.75246057000953,0,1,1
0.0012468505441616605,1,5,21.256155564764704,0,0,0
0.012195151035030933,1,3,33.439560392508845,0,0,0
0.004170370890226049,1,1,28.95369054065902,0,0,0
0.003205002184721822,0,1,28.718989454172426,0,0,0
0.10461156510095383,0,1,24.17854472633827,0,1,0
0.015620776803144533,0,1,31.250318214872877,0,0,0
0.004845205916201733,1,2,18.652800167800443,0,0,0
0.04086110103420376,1,4,33.594918730030095,0,0,0
0.010242081720877403,1,2,30.6498067092023,0,0,0
0.016185724883264026,1,2,25.42126740687437,0,0,0
0.08796461308423906,0,3,24.76547523409765,0,0,0
0.003558303019982192,0,3,34.97001655661385,0,0,0
0.007690454234545419,1,0,24.627543960579715,0,1,0
0.07782555361373676,0,2,29.586430596537014,0,0,0
0.04034920735085939,0,1,35.23310292517467,0,0,0
0.00028368490355168045,0,1,31.677317052731322,0,0,0
0.002293130594541755,0,0,30.993993969174063,0,1,0
0.02055290628215157,0,0,22.576317139948223,0,0,0
0.013598466007666525,1,3,31.688204021536762,0,0,0
0.0027036100863583054,1,2,23.632684398647797,0,0,0
0.0031182758047393886,0,1,32.99863487989869,0,0,0
0.011453099680219203,0,1,71.7745032870471,0,0,0
0.003245724895784304,0,6,26.204157088886063,0,0,0
0.053141785229974564,1,2,33.245991994690556,0,0,0
0.0453726121836385,0,1,38.20086763911989,0,0,0
0.0028645051797329736,0,0,25.565577504101142,0,0,0
0.011347144599926048,0,4,29.610151420860717,0,0,0
0.0041883656801631735,1,2,27.655541398516885,0,0,0
0.014770256054984608,0,3,31.195487488709137,0,0,0
0.0016174956684607174,0,2,28.990852971982928,0,0,0
0.002680385034896197,0,4,24.472932181546224,0,0,0
0.02327816555091855,1,0,27.26162780270067,0,0,0
0.02287578734341446,0,0,29.457056080502394,0,0,0
0.005417630428876663,1,1,23.31955696077643,0,0,0
0.016127031997178295,0,1,24.62503816716914,0,0,0
0.0032755591946583,0,6,28.615969810245645,0,0,0
0.15564679737462347,1,4,20.545119459021933,0,0,0
0.0025446110742026852,1,4,33.7727797808452,0,0,0
0.03219897838365538,0,0,19.718616697243267,0,0,0
0.007604434623365237,0,2,28.41509088132417,0,0,0
0.00016240063200243418,1,1,31.827181868887806,0,0,0
0.0021637969757833885,0,5,35.35210302834986,0,0,0
0.008451440352095068,0,1,36.32810516613631,0,0,0
0.025349462179809986,0,2,28.609564277099622,0,0,0
0.1259512213564315,0,3,25.056318105089943,0,0,0
0.014308938257862664,1,3,182.77643999601392,0,0,1
0.010224682352831362,0,0,28.511636836215892,0,0,0
0.0019210403701590893,1,2,87.01508201188555,0,0,0
0.0009100375908926822,1,4,33.79563167105482,0,0,0
0.0008416675940336909,0,3,32.980754358606404,0,0,0
0.032423444965368774,1,3,32.69260949552105,0,0,0
0.0034099981017520005,1,1,29.98409244095939,0,0,0
0.0006077929055187943,1,2,32.119973558618234,0,0,0
0.0045243608712208965,0,0,34.93742783677311,0,0,0
0.002769170520860963,0,1,30.259511034896438,0,1,0
0.005442318241739233,0,2,32.25245724945454,0,0,0
0.0015197885821558708,1,1,41.64607100858662,0,0,0
0.00647437196733523,0,1,37.40999975915798,0,0,0
0.017021755593711493,0,2,28.99568425789231,0,0,0
0.028300948967934426,0,2,30.29143821224929,0,0,0
0.0006037933816841085,0,3,22.57876096621964,0,0,0
0.008430847975142201,1,1,33.44421093337772,0,0,0
0.02444284905312233,1,3,24.449302580042005,0,0,0
0.04689244815982772,0,3,32.836087493880925,0,0,0
0.009357303671303172,0,5,29.473384885204627,0,1,0
0.0056216403074170525,0,2,32.18373121277944,0,0,0
0.00047676074414640374,1,1,32.33116980117925,0,0,0
0.1619046276617661,1,3,30.65208680600412,0,0,0
0.008943725699209216,1,1,26.60040988497792,0,0,0
0.007927016139374903,1,0,30.81807865763453,0,0,0
0.0061263735187229214,1,0,31.551120242055404,0,0,0
0.015610606433939517,0,2,23.338486695212744,0,1,0
0.10759508339813126,0,1,33.554241597880974,0,0,0
0.0010230393542696873,0,1,29.36003709545305,0,0,0
0.052891847011103874,0,3,25.35674946955684,0,0,0
0.004083506256558039,1,2,39.87752410937421,0,0,0
0.0005092750519186517,0,0,27.730755899066374,0,0,0
0.008867560590210561,0,2,36.33548341197741,0,0,0
0.0024477300901047695,1,3,30.368157046349737,0,0,0
0.008503828333422187,0,1,29.80919006859732,0,0,0
0.014989150047491582,1,1,33.01607475120924,0,0,0
0.18790729573748594,1,3,28.32748381014578,1,0,1
0.03056951866974376,0,2,31.88558717807836,0,0,0
0.01881324563827374,0,4,30.583003357525616,0,0,0
0.12995884752325432,1,2,23.159132041631732,0,0,0
0.09367766855286261,0,1,29.62232964879717,0,0,0
0.003637035875826818,0,1,23.399034892222215,0,0,0
0.0053836743500868985,0,2,35.134275100044114,0,0,0
0.016047465588434458,0,2,25.405213856453646,0,1,0
0.011853617202678995,0,1,151.06651700494353,0,0,0
0.0017920826597280677,1,2,29.83450838353038,0,0,0
0.01591362832083072,1,3,39.542255707926046,0,0,0
0.0019135688089745968,0,1,34.36365515264255,0,0,0
0.004969401437649279,1,3,28.78211165192472,0,0,0
0.0024289268125990155,0,2,34.88857985864772,0,0,0
0.004295863851455093,0,1,29.87331480480634,0,0,0
0.0039989727839065264,0,1,30.71783689556784,1,0,1
0.0017694790647688765,1,0,38.228711784917316,0,0,0
0.0013452756522702954,0,1,30.067788755511486,0,0,0
0.006548246099446188,0,3,33.88206256145236,0,0,0
0.0009592957193704133,0,2,36.55133426921131,0,0,0
0.053108540390962355,0,2,26.483229845062272,0,0,0
0.0077892632181582626,0,2,150.54625919447088,0,0,0
0.009040653517505333,1,2,29.960501348168112,0,0,0
0.009300415955928554,0,1,33.15464724942638,0,0,0
0.0006863161074325827,1,3,30.015630704080923,0,0,0
0.00984393106566655,1,2,36.58255152487541,0,0,0
0.0052089370338372085,1,2,25.052317493603255,0,0,0
0.029583426647245337,0,1,38.98478540199574,0,0,0
0.007059009482979483,1,2,27.536971817378976,0,0,0
0.0019196338570522601,1,1,25.606193915718713,0,0,0
0.0008696396173240271,1,3,43.552083923902295,0,0,0
0.0014877851800427784,1,1,25.371485067341666,0,0,0
0.002160206317959525,1,2,24.999622903353583,0,0,0
0.016036833628404416,1,1,31.89271133642951,0,0,0
0.0039023360428040994,1,0,32.789167463882784,0,0,0
0.003881905408181964,0,0,32.34788120326331,0,0,0
0.008096775051368403,1,2,30.5268840526769,0,0,0
0.037472751035154434,1,3,35.06882832543964,0,0,0
0.011079816922309952,0,1,39.40323918157854,0,0,0
0.0017686178770011688,1,6,29.749035060698983,0,1,0
0.005990490613405236,1,2,26.700975345851276,0,0,0
0.0008346919738150259,1,1,31.421966034256226,0,0,0
0.03838083079109983,0,1,27.978712531512553,0,1,0
0.029678058046236456,1,4,28.075909128574356,0,0,0
0.0038565220698878453,1,1,36.7500734491049,0,0,0
0.015379299275059074,0,2,30.792879249007733,0,0,0
0.06651349573506876,0,3,24.381294215278523,0,0,0
0.0006990216480998231,1,1,31.585702051963292,0,0,0
0.0026507875055435566,0,2,34.786002892652554,0,0,0
0.0048638289790935,1,3,27.262887174580243,0,0,0
0.0018361141049101607,1,2,28.667898368943842,0,0,0
0.021898496987554843,1,2,27.8804443973238,0,0,0
0.003037300364559581,0,2,26.557811230649158,0,0,0
0.03532100983390864,1,2,29.756128558178936,0,0,0
0.050640486109541645,1,0,22.293158977637905,0,0,0
0.03271396199035862,1,1,32.876606732190474,0,0,0
0.10303584183437041,1,6,33.10843924916666,0,0,0
0.005923160515485856,1,1,40.61235525963245,0,1,0
0.01731067038099296,1,2,34.536322178037565,0,0,0
0.022068355828836258,1,0,37.21728751088828,0,0,0
0.044860777760501465,0,4,30.281751386062645,0,0,0
0.0009588209734734595,0,3,22.036559447870037,0,1,0
0.001103278647849735,0,0,31.416515649947332,0,0,0
0.008889348657020183,0,5,18.69518673082539,0,0,0
0.019638552287294955,0,1,31.750237182564508,0,0,0
0.0032295561082756642,0,4,32.34353710405447,0,0,0
0.002421569720592874,0,2,32.61962293601229,0,0,0
0.018215790416032367,1,2,20.50586497842543,0,0,0
0.003118320900474386,0,2,28.971220650569702,0,0,0
0.013044257915742081,0,4,30.96184017658707,0,0,0
0.0011893608485499887,0,2,34.59876506229336,0,0,0
0.0022247950623828856,0,1,111.85756338045773,0,0,0
0.0501841943121981,0,0,29.447140842657504,0,0,0
0.001619098194826497,0,2,25.73005017540635,0,0,0
0.06900708266267325,0,1,29.935684802033002,0,0,0
0.001923909533692129,0,3,37.63180076566304,0,0,0
0.0035690857768884404,1,1,43.20335491411495,0,0,0
0.0001389813250777558,0,6,16.27911909493669,0,0,0
0.0015504870378032826,0,1,34.493732101977294,0,0,0
0.024369756573263405,1,3,35.47392686431057,1,0,1
0.006597323667544242,1,0,31.36236236215314,0,0,0
0.004250441723678789,1,1,32.58373766304733,0,0,0
0.055994156806344425,1,3,31.485266573770147,0,0,0
0.010850008645866056,1,1,29.8913549774662,0,0,0
0.009461995120590365,0,2,33.83687380433365,0,0,0
0.024834973016806008,0,0,105.41203405243361,0,0,0
0.008147196248998241,0,3,30.123249784070328,0,0,0
0.00027548204045009067,0,3,18.77253280577822,0,0,0
0.17075334310439985,0,0,20.447855286755505,0,0,0
0.01567765988661392,1,4,32.776541555654745,0,0,0
0.004769753194714875,0,1,31.722290178319987,0,0,0
0.026057222836346337,1,5,23.148472542072625,0,0,0
0.0029890931336298185,0,5,31.55670062931548,0,0,0
0.0187899123716824,1,1,34.54606407786166,1,0,1
0.000997209135225701,1,1,29.214227296224195,0,0,0
0.004910226210788258,0,2,21.738103697702034,0,0,0
0.07209749561902076,0,2,40.57474862770716,0,0,0
0.008679738988594123,1,2,31.393879356999282,0,0,0
1.2687542223067352,0,4,32.61684844372304,0,0,0
0.007861733815610944,1,1,24.98504631767726,0,1,0
0.03215189959152765,1,1,31.960122895940856,0,0,0
0.009583385238197338,0,2,101.46030890009942,0,0,0
0.005354795509020479,0,1,31.544783071111432,0,0,0
0.015927127457360114,1,2,28.86143200284053,0,0,0
0.09417217161812097,0,3,39.35133832433061,0,0,0
0.0033668109217127643,0,2,34.19913832806563,0,0,0
0.0012953517187354175,1,3,27.3902351764163,0,0,0
0.003293760593205818,1,6,25.52387202876254,0,0,0
0.012180694687621786,0,3,25.054335649009037,0,0,0
0.004495440089078642,1,1,26.596385905424352,0,0,0
0.0675728052949117,0,3,27.244566609621135,0,0,0
0.035760179415527955,0,2,30.54616687295212,0,0,0
0.033434374643861356,1,1,31.07105431528557,0,0,0
0.020709889511618836,0,1,36.59188662188663,0,0,0
0.006467182024475846,0,1,23.503077596949122,0,0,0
0.0037220172895753192,0,2,29.26886797405709,0,0,0
0.11041601870108315,1,1,31.693034196016825,0,0,0
0.0035228425311455624,0,1,30.95534129420634,0,0,0
0.02585057677158341,0,3,26.64286622092147,0,0,0
0.012358195797673846,1,5,27.50985087221708,0,0,0
0.01307380719835388,0,4,28.16237355401778,0,0,0
0.009642230721297662,1,3,31.06168043192098,0,0,0
0.00511887805230152,0,1,29.25167722705349,0,1,0
0.0012575841343570621,1,0,33.256788730971586,0,0,0
0.0050061045177340864,0,1,25.309689280284033,0,0,0
0.013291799344240386,1,2,28.62632410003172,0,0,0
0.005867459479676502,0,4,31.54191302076862,0,0,0
0.0018917403846740368,0,0,94.19723856365901,0,0,0
0.001487444073572477,0,3,28.69795900665531,0,0,0
0.013304685383546538,0,5,25.754614765856015,0,0,0
0.006621721365502404,0,1,24.402652149893893,0,0,0
0.003732010689741324,0,1,30.48733658983643,0,0,0
0.0014953843951645465,0,1,37.65301840346604,0,0,0
0.012275608480024722,0,2,34.2256992123919,0,0,0
0.0002560470654731699,0,0,26.581741825879732,0,0,0
0.0022781761446928634,0,2,27.904379110356565,0,0,0
0.003658288128401853,0,1,212.360409338789,0,0,0
0.005514210321060178,1,2,28.86041721103283,0,0,0
0.00789411875938555,1,1,39.71412823273924,0,0,0
0.0039175229227997104,0,0,36.036061364045445,0,0,0
0.02307918143153964,0,1,36.25392819544303,0,0,0
0.0008645910266657723,1,1,29.308920392741285,0,0,0
0.015184142355956371,0,1,36.90302096798665,0,0,0
0.0019831259422346866,0,4,103.2559194746677,0,0,0
0.008030666577737863,0,3,30.107138299829877,0,0,0
0.009642457361085701,1,1,25.960463653168745,0,0,0
0.0007538800369431768,1,2,29.235372351892476,0,0,0
0.03337619133332735,1,1,23.575593768112586,0,0,0
0.13029589808402853,0,2,29.06673657909856,0,0,0
0.011194187346475402,0,1,26.565720852088155,0,0,0
0.00429185720855485,1,0,35.40025019581302,0,0,0
0.02716535346031561,0,2,27.061342579211583,0,0,0
0.008690502517295095,0,0,33.52133239200862,0,0,0
0.012213010756999064,0,2,27.32492956788753,0,0,0
0.13967485581978695,1,1,32.62154159869514,1,0,1
0.08771170916033313,0,0,31.84601731750137,0,1,0
0.0011035727888002644,0,0,26.528169636757546,0,0,0
0.023240178768477674,0,0,30.89989019436062,0,0,0
0.00597994565408566,1,0,25.664101996628375,0,0,0
0.004500300392597655,1,2,28.090723052950228,0,0,0
0.0045292758800688365,0,1,25.117146244708632,0,0,0
0.022067442758276646,1,1,35.141088131065914,0,0,0
0.012515065035444356,0,1,29.613902835651615,0,0,0
0.000587129986935212,1,2,28.556060754083976,0,0,0
0.003988116741756241,1,4,29.384454459892677,0,0,0
0.02191909495475136,1,2,30.275253353193673,0,0,0
0.007512260036773275,1,3,30.520977392414952,0,0,0
0.004088698048116339,0,2,30.862345966262428,0,0,0
0.03261989791804877,0,3,27.323347506501108,0,0,0
0.0005965048275170491,0,1,35.78961492101752,0,0,0
0.011066590176253192,1,3,30.612475208362888,0,0,0
0.0012944622259848044,0,1,36.41619060471699,0,0,0
0.02957868135125346,1,2,30.835877744697918,0,0,0
0.00016229420027274514,1,3,35.005446526056154,0,1,0
0.0011775331666326703,1,1,39.07401910020783,0,1,0
0.002701232468488975,0,0,33.6033408399517,0,0,0
0.007495477171067155,1,0,33.69152088563759,0,0,0
0.0044751116110699094,1,2,31.883733752211775,0,0,0
0.006709833011414442,1,1,31.688489973366842,0,0,0
0.0027809147306014307,0,2,34.56470955674244,0,0,0
0.024147368375801177,0,1,32.02428969094529,0,0,0
0.0020676259049995246,0,0,29.75477593690422,0,0,0
0.0036743488317437715,0,5,23.80677422004097,0,0,0
0.012646477463167757,0,4,33.39876789198795,0,0,0
0.01619872024879747,1,1,45.12484950436457,0,0,0
0.03948322348273199,1,2,35.5543036163517,0,0,0
0.00373485201024108,1,2,24.243637252762454,0,0,0
0.013122599682134745,0,1,24.131577780509282,0,0,0
0.0019638367646657895,0,3,27.720626766097563,0,0,0
0.005721476190140635,1,2,29.257388181568697,0,0,0
0.03113115187194274,1,1,20.918500466019086,0,0,0
0.00749472030738646,0,3,19.52872043219039,0,0,0
0.003331191916669743,0,0,34.830390208692705,0,0,0
0.0029699779360224223,0,1,33.61090459032068,0,0,0
0.008666021931692138,0,0,30.097207215441454,0,0,0
0.006260550146701714,1,3,28.499241081643827,0,0,0
0.007912690332302949,0,3,186.1291220175214,0,1,1
0.0031225729842097563,1,3,26.88964747841302,0,0,0
0.013072006084225148,1,5,30.900955052413515,0,0,0
0.029072759049749243,1,2,23.873339073072565,0,0,0
0.006070294677465974,0,3,25.118057896339923,0,0,0
0.0007292199303736684,0,2,26.65914398132257,0,0,0
0.0038297691442444053,0,1,27.959443472548028,0,0,0
0.00483559922675972,1,3,34.047589178446415,0,0,0
0.006097861210341825,1,1,35.03575791044108,0,0,0
0.009228819624827878,1,1,26.27863471342772,0,0,0
0.002576169784901052,0,4,38.245337698435115,0,0,0
0.016673358783522687,0,1,27.972547496610538,0,0,0
0.004820046610305375,1,3,27.371432792327127,0,0,0
0.033019247227551556,0,5,29.80230657754394,0,0,0
0.002315530033379619,0,4,27.76851916340334,0,0,0
0.019475979881576753,0,3,34.23671149104393,0,0,0
0.014087240855993038,0,1,21.20253456906465,0,0,0
0.009629285702059934,0,4,37.83397131404848,0,0,0
0.023672577061477396,0,4,36.38237220561844,0,1,0
0.00045156269747906357,1,1,28.183984351836035,0,0,0
0.0004918593761265924,0,1,24.301055709682835,0,0,0
0.007782524302871435,1,3,40.261097874949144,0,0,0
0.01056529460993062,1,3,31.70135406845488,0,0,0
0.01462217289181567,0,2,33.71553890314408,0,0,0
0.03730115362297699,0,4,26.838288551889047,1,0,1
0.05675452060446776,0,2,28.414739038178418,0,0,0
0.042231728276606956,0,1,42.07222758454509,0,1,0
0.0012541521851872238,0,0,30.142946795034977,0,0,0
0.004314600083007115,0,3,28.08790335772694,0,0,0
0.0039093831756061,0,2,34.10642416254881,0,0,0
0.009065797271684054,1,0,36.57648686232002,0,0,0
0.04463296507328126,0,1,26.325873288397588,0,0,0
0.05045282143040419,1,0,151.29144182548248,0,0,1
0.07690424195038204,1,5,18.777141210160863,0,0,0
0.0004949193830501438,0,4,31.2260683117185,0,0,0
0.000982055493146955,1,3,22.164611557196782,1,1,1
0.0014670471877543591,1,2,29.802955639663857,0,0,0
0.004197085960720704,1,3,27.758187994117513,0,1,0
0.012139741462135216,0,1,36.026607274130924,0,0,0
0.010438177677519573,0,2,32.71602326296703,0,0,0
0.010351210583671309,1,3,26.65933833799525,0,0,0
0.008907788371556436,1,0,22.569102889427498,0,0,0
0.0013893006796176798,1,2,26.43437628643473,0,1,0
0.06600804425434494,0,0,33.54579905178912,0,0,0
0.0035401121822400262,1,3,38.142224181142666,0,0,0
0.0024117157380325657,1,5,30.414840753607773,0,0,0
0.0013591111191298408,0,5,24.528056345959214,0,0,0
0.004737671566281908,0,3,29.66538638125671,0,0,0
0.04803676947466858,0,2,30.89423611186735,0,0,0
0.011698643674347467,1,6,26.102257401134477,0,0,0
0.0017340642273049138,0,2,37.87270100044557,0,0,0
0.0015496107922238866,1,1,34.011235828411316,0,0,0
0.0010578866790764358,1,2,29.587048773966465,0,0,0
0.008621050828434127,0,0,37.42810273208567,0,0,0
0.0012749097124669284,0,3,26.171712525907886,0,0,0
0.0062747306068916,0,2,22.057291484335913,0,0,0
0.007046811203822706,1,1,32.96256847958496,0,0,0
0.01321998121367863,1,3,37.9221436059794,0,1,1
0.0036205621161635843,1,4,29.127635365457966,0,0,0
0.03200808210028226,0,2,20.056506344055123,1,0,1
0.06122312816463663,0,4,38.73123565021888,0,0,0
0.005892648402959744,1,2,18.124521756695266,1,0,1
0.005974901490989738,0,4,29.501504943286303,0,0,0
0.001558756551905816,0,3,25.057725730370414,0,0,0
0.007126346895953237,1,0,28.263599785182034,0,0,0
0.003786745794342703,1,1,132.15984859754593,0,1,1
0.002906052146911964,1,1,39.9283415372546,0,0,0
0.0056726843195814645,0,4,25.393139144252462,0,0,0
0.01614319844820384,1,1,22.94059394669501,0,0,0
0.014690328678794152,1,2,25.653482643312426,0,0,0
0.001254264212862421,1,0,30.542310812797737,0,0,0
0.003459289125590825,1,0,130.04092716119118,0,0,0
0.008010846356960052,1,3,30.299081304170798,0,0,0
0.0024146270807824046,1,2,38.56345694714438,0,1,0
0.0007618735210399313,1,3,29.51423914812011,0,0,0
0.0039089654112714756,1,2,26.51607760144889,0,0,0
0.0006031088536078749,1,2,37.377384489150884,0,1,0
0.003925645448252769,1,1,23.66615043413308,0,0,0
0.0015453385933169804,1,2,30.52141116295126,0,0,0
0.0017463164268202538,1,2,31.431426337533555,0,0,0
0.0012385246120253475,0,0,25.059791823018358,0,0,0
0.004275559715493925,1,1,34.30272102121392,0,0,0
0.004302485098549762,0,2,30.356476674167375,0,0,0
0.001741597868763589,0,3,32.80364354914751,0,0,0
0.028296636438881802,0,1,26.930371674925052,0,0,0
0.0110002952151809,0,2,30.682241551519596,0,0,0
0.09936877354864929,1,2,27.64295186043053,0,0,0
0.028976310290946754,1,3,28.22479052546476,0,0,0
0.006244907072741264,0,0,28.02773442609078,1,0,1
0.009958628970206801,0,2,24.885209993210236,0,0,0
0.00016593222073055345,0,1,20.71171876352944,0,0,0
0.012683557430699547,1,1,37.130526053927916,0,1,1
0.014710927484247635,0,1,26.92413469014102,0,0,0
0.0022211081174363036,0,2,36.85830772590707,0,0,0
0.01868690737360039,0,2,31.275574973810006,0,0,0
0.009276363918992659,1,0,35.666160069144354,0,0,0
0.01813552464369906,1,3,32.67418999742347,0,0,0
0.005168720529071534,0,3,23.94448006063071,0,0,0
0.002758362364720471,1,4,33.26388642652302,0,1,0
0.0712889475311519,1,1,39.91219336001373,0,0,0
0.016854013246653313,0,3,32.243205533783375,0,0,0
0.002074064903851164,1,1,26.815211590342518,0,0,0
0.0070797155460730725,1,1,35.692345656683976,0,0,0
0.006694749938716219,1,1,29.622658064007574,0,0,0
0.003580075706544349,1,0,171.87291632020336,0,0,0
0.02974893789197998,1,3,37.072915631398594,1,0,1
0.00851427254770246,0,0,28.903772969948143,0,0,0
0.0018767569042611831,1,2,33.014062106947485,0,0,0
0.00877194830666553,0,3,29.69050866662254,0,1,0
0.004175697042489372,1,2,32.30693486018217,0,0,0
0.0021081824608417594,1,1,34.0518218895962,0,0,0
0.001190058984815815,1,3,113.21090038671313,0,0,0
0.001719711631264257,0,1,30.6091661043455,0,0,0
0.0034548277123317658,1,4,27.049073277331427,0,0,0
0.009471794272459177,1,1,29.647611216895786,0,0,0
0.013768403793961725,0,1,27.720176265300157,0,0,0
0.02830680417521073,1,1,32.10581992197201,0,0,0
0.08018180764672224,0,0,33.37698382539815,0,0,0
0.024789432614596298,0,3,26.387942583963667,0,0,0
0.0025487663854382625,1,2,32.99939976510798,0,0,0
0.01686627903452208,0,2,24.905708908775416,0,0,0
0.015206265678896564,0,0,25.85240459777914,0,0,0
0.0005501465993641194,1,5,37.77287528059692,0,0,0
0.0053058051714670595,0,3,31.19874019083393,0,0,0
0.0031998259006882994,0,2,20.814801385299333,0,0,0
0.006582539245517283,0,0,30.738955525046478,0,0,0
0.005973471878483166,1,1,25.80206247667183,0,0,0
0.0005670555591979298,0,2,39.641707565391705,0,0,0
0.009094049402249404,1,2,34.741638044923626,0,0,0
0.00554508138567303,0,1,38.60408544330552,0,0,0
0.0007683253950995626,1,1,155.01231476150906,0,0,0
0.010140359420857437,0,3,42.60996070621566,0,0,0
0.01075192755029814,0,2,30.44278083510869,0,1,0
0.005105789891755263,0,0,115.45992532705168,0,0,0
0.0020784995846399967,0,5,19.049180710032942,0,0,0
0.00837035170398765,1,0,34.66739636103073,0,0,0
0.005782628775201527,1,5,22.74945863675692,0,0,0
0.037872621634083656,0,4,30.859583022841825,0,0,0
0.0013445906976333726,1,1,40.15078011040038,0,0,0
0.011667361973293048,0,1,38.18325634831867,0,0,0
0.005647260352989916,1,5,26.830946611580377,0,0,0
0.01852685366306025,0,1,34.81685505056604,0,1,0
0.002660476145126934,0,1,31.487840647901383,0,0,0
0.00150973443255862,1,0,30.001118427933317,0,0,0
0.007523067227813115,1,1,106.28335179441191,0,0,0
0.005516537241891278,1,2,101.1796347084312,0,0,0
0.0013597473627210577,1,1,26.64890767403851,0,0,0
0.00775152230394394,1,1,31.325176767586875,0,0,0
0.0006972488477903508,0,2,19.18665208692882,0,0,0
0.04714667169129731,0,1,17.43792420485709,0,0,0
0.0007286600810702449,0,2,32.8311172314337,0,0,0
0.0017631981413201885,1,2,31.346654516188348,0,0,0
0.0015475094555286535,1,1,29.84699580758914,0,0,0
0.00648571626337472,1,1,31.737871047705983,0,1,0
0.02194181566127914,0,4,35.34303232107029,0,0,0
0.001130656968141076,1,3,29.66198194697444,0,0,0
0.0029845920785831737,0,2,29.24859036422642,0,0,0
0.0020212662434352466,1,1,37.798546185870016,0,0,0
0.007982649429470521,0,2,17.886189134733357,0,0,0
0.004182900225546137,1,4,191.11809514624267,0,0,0
0.000971348244342266,0,3,33.0710857770822,0,0,0
0.00924807234291926,0,2,27.01804561908643,0,0,0
0.08352240673531401,1,3,98.96319116517387,0,0,1
0.003090082201786964,0,4,30.37969763093525,0,1,0
0.053845188121806616,0,0,26.888377819596414,0,0,0
0.008791417306330679,1,5,26.825743429237228,0,1,0
0.010641703505237398,0,0,30.080206902668372,0,0,0
0.0012422093793388776,1,1,24.21031133739999,0,0,0
0.003549204478380397,1,0,22.259704075422825,0,0,0
0.0006550900933360243,0,3,163.9676741561244,0,0,0
0.001381173429559328,1,1,36.10411397520046,0,0,0
0.0006817394790521816,1,2,23.96770845582451,0,0,0
0.012465879439798475,0,2,174.17622123657202,0,0,0
0.042084693368224284,0,4,32.435351904097885,0,0,0
0.0009981597750094047,0,5,34.98340041365036,0,0,0
0.01511583857134741,0,3,34.99526771921204,0,1,0
0.012022376344564337,1,1,29.936188701294025,0,0,0
0.004263999710932907,0,0,27.617147061798786,0,0,0
0.00103955090971419,0,2,24.21685610902916,0,0,0
0.029935891812807525,0,2,96.47048253990856,0,0,0
0.037961004353524605,0,3,107.45740959761024,0,0,0
0.04600410845468901,1,4,32.317045285778995,0,0,0
0.0005976863971606516,1,4,37.041006670142,0,0,0
0.006059092009620036,0,1,31.889440065286507,0,0,0
0.008232890799544902,1,1,26.789252438927736,0,1,0
0.005746812569980775,1,3,21.4160467091991,0,0,0
0.003182394880013681,0,2,188.01735686872183,0,0,0
0.0024890670160272375,0,2,41.171851496811165,0,0,0
0.0007420141742555335,1,1,34.66053448384658,0,1,0
0.0011054448577052223,1,1,32.37461609758838,0,0,0
0.049844688922351915,0,3,28.350488084523374,0,0,0
0.011396256529641133,0,1,33.47816842205008,0,0,0
0.0022210025059166963,1,5,24.141494170484577,0,0,0
0.00645053671585555,0,3,20.73342473418094,0,0,0
0.017962526222457163,0,1,30.89095004650824,0,0,0
0.03318949992067265,0,1,36.15455917736,0,0,0
0.000450891355144297,0,1,21.130402924146885,0,0,0
0.0005964642388929575,1,4,33.4997533126692,0,0,0
0.0009334149008244928,0,2,37.67205727479049,0,0,0
0.0016788507817122181,1,5,32.032834107311324,0,0,0
0.011254375204151188,1,0,36.62686855525403,0,0,0
0.16510274795694224,1,3,30.592326083574463,0,0,0
0.002529813089419134,0,2,39.566342401930825,0,0,0
0.007071274251841322,1,1,31.283498060547338,0,0,0
0.08307148870522035,1,2,32.4179400008036,0,0,0
0.02402267873681414,1,2,24.054968080118854,0,0,0
0.2103743205197492,1,1,37.02585108495242,0,0,0
0.012218975025583752,0,0,30.275899086916603,0,0,0
0.0491834258011152,1,0,21.76906688458261,0,0,0
0.007149036586301928,1,6,30.097590716301518,0,0,0
0.003777669515078058,1,2,28.05013730551578,0,1,0
0.0053698665402666336,0,4,27.960748218506627,0,1,0
0.007124830318983701,0,0,29.365773350642833,0,0,0
0.015555174860724715,0,2,161.45361230383716,0,0,0
0.007112682439369107,1,0,27.15351429953077,0,0,0
0.0024855291942949167,0,3,32.45872883070343,0,0,0
0.0021820360961954458,1,2,32.60992097520106,0,0,0
0.014141265069430012,1,2,31.2813677729835,0,0,0
0.026831145662834014,0,5,35.55407722989631,0,0,0
0.00032524822534164724,1,3,32.72434550311773,0,0,0
0.0011557559733490447,1,2,29.043072203560317,0,0,0
0.001577184369260367,1,4,35.11417555177266,0,0,0
0.0024283714824520288,0,2,28.318379196392264,0,0,0
0.03647591925404735,0,3,120.70306262639049,0,0,0
0.0007250847545317068,0,1,29.278907168835513,0,0,0
0.0002708119739863668,0,1,24.042387697823248,0,0,0
0.00420279790283578,1,4,31.911610485024653,1,0,1
0.0025514027729514922,1,2,36.087944886276055,0,0,0
0.00322656970125375,1,2,28.57114904439611,0,0,0
0.0007187573189377032,0,2,25.59346711909911,0,0,0
0.0014853665357286664,1,1,31.862509465498235,0,1,0
0.0064072379220321204,1,2,18.639146110631508,0,0,0
0.000605098680972434,1,2,39.47827247373974,0,0,0
0.0296089026676664,0,2,28.86911112934723,0,0,0
0.007333352840016095,1,1,24.18491436787043,0,0,0
0.07562051346965365,0,1,149.53356200634747,0,0,0
0.04188189857477326,0,4,41.4960956504348,0,0,0
0.0870526868305102,1,3,28.94062242342732,0,0,0
0.056376593229023234,1,3,19.122689505469655,0,0,0
0.004708542041241263,0,5,32.3412329083613,0,0,0
0.008979584228213563,0,1,25.45799398242092,0,0,0
0.003951964255560193,0,3,31.749611231936516,0,0,0
0.005826388992559094,0,1,28.85488437012036,0,0,0
0.00030366079787398924,1,3,22.543686506846193,0,0,0
0.012094213063616141,1,3,35.87616017019003,0,0,0
0.0069802299483130905,1,1,32.899511995421655,0,0,0
0.014207883296961613,1,1,26.479062495417313,0,0,0
0.003785904793030489,1,0,25.990906482970367,0,0,0
0.0067454316505920495,1,1,32.45933306665658,0,0,0
0.0012112946576017115,0,2,26.95207520486545,0,0,0
0.028395773558867486,1,2,34.73828077378919,0,0,0
0.09709459003191394,0,3,23.170632721956324,0,0,0
0.00274631506603842,0,1,29.900201731817297,0,0,0
0.0012332970868240679,1,2,24.402748178648547,0,0,0
0.10329355952698248,0,3,32.85582791553235,0,0,0
0.00027431672979021885,1,2,32.28728091316695,0,0,0
0.06972332288071219,1,5,28.789498375516327,0,0,0
0.0034309629970308998,0,3,23.125643121860804,0,0,0
0.002924446736234316,1,5,37.155452691893984,0,0,0
0.008438422779735949,0,5,31.561828555731367,0,0,0
0.013588187281210053,1,3,37.08510727767316,0,0,0
0.0004989149461787025,1,7,31.72268331913626,0,0,0
0.033016757613063594,0,3,33.42061330354173,0,0,0
0.021068151363180607,0,1,135.66332028746908,0,0,0
0.0409413316209435,1,1,25.654533886204852,0,0,0
0.007393778845589203,0,2,27.639356564062403,0,0,0
0.01600900425902644,0,0,34.31354221242829,0,0,0
0.028664448831234757,1,0,37.26358189747911,0,0,0
0.0035521208823083854,1,0,32.05412801430464,0,0,0
0.001202681678895642,1,1,25.7701850189857,0,0,0
0.014643363723348147,1,1,27.603910654587807,0,0,0
0.003400187852029808,0,3,122.03342522231289,0,0,0
0.005798778375583684,0,1,20.41627147430552,0,0,0
0.00430845953609157,0,2,26.645295507199,0,0,0
0.00036299474196001193,0,1,26.847592002361715,0,0,0
0.049636067083890685,0,3,34.66432524713338,0,0,0
0.0023878062139657866,0,3,31.894111524233335,0,0,0
0.168961060428623,0,1,24.796795170128576,0,0,0
0.002702474571709673,0,3,32.31618392142826,0,0,0
0.005138320713353739,0,0,43.23861059565354,0,0,0
0.0002380646584165228,1,1,30.20640203875002,0,0,0
0.0017408783005928605,1,3,128.73600773170887,0,0,0
0.004034811049926904,0,1,16.73659211918686,0,0,0
0.011763682650544904,0,1,27.759489038562442,0,0,0
0.11812545942180895,0,1,25.693335064694033,0,0,0
0.03279297333595645,1,0,24.692243944056823,0,0,0
0.009786617923011007,1,3,29.934367601784185,0,0,0
0.00023234722523886187,0,1,35.236421568492524,0,0,0
0.0021969915227872004,1,2,33.43884364823006,0,0,0
0.0020535804906992327,1,1,35.04723191451187,0,0,0
0.004836279791252991,1,0,22.16759159431441,0,0,0
0.03861446360272556,1,1,23.43125659303358,0,0,0
0.056816265060630144,1,3,37.796894882893724,0,0,0
0.0013569770637134359,1,3,26.790337431700717,0,0,0
0.08245178612848812,1,2,25.033131251152962,0,0,0
0.003831233938641277,1,3,40.7710145355921,0,0,0
0.0054509063465762765,0,0,35.67298744200096,0,0,0
0.0032267998978207347,0,4,29.28262261327493,0,0,0
0.02073758594912764,0,3,27.365373195982755,0,0,0
0.001169077412375698,1,4,38.418963966495134,0,0,0
0.006396168956791906,1,1,36.84587958689246,0,0,0
0.013890723369453654,1,1,32.1396056351206,0,0,0
0.03772214523946772,1,1,31.84783593164738,0,0,0
0.0025360738908542894,0,4,187.53756189211816,0,0,0
0.12524400237674393,1,3,34.86824175083348,0,0,0
0.0013911024011359022,1,1,25.733229258816078,0,0,0
0.0034357616327327528,1,0,28.95835409470247,0,0,0
0.029982134717765903,0,5,25.185435809680754,0,0,0
0.014267264878987647,1,2,22.962372691330543,0,0,0
0.0019910386359433957,1,4,27.585423596477984,0,0,0
0.008174888749300661,0,2,33.495192572247234,0,0,0
0.002761399470632696,0,0,26.38903630019771,0,1,0
0.09310198149924993,1,3,31.433343339958327,0,0,0
0.0010891055465260618,1,2,27.10168991675134,0,0,0
0.001991415780115357,0,3,40.01875735622792,0,0,0
0.00905877667859215,1,1,26.385451867234366,0,0,0
8.491292574664808e-05,1,1,30.45636565255728,0,0,0
0.004203470560874169,0,3,30.894131133606617,0,1,0
0.0014817912376162217,0,2,28.0575105037261,0,0,0
0.0022794370359119653,0,1,101.28626858520404,0,0,0
0.0008591072225943433,0,0,24.136512703032583,0,0,0
0.003929393070297229,1,4,36.41551101717584,0,0,0
0.008320691328349875,1,0,27.235394953166892,0,0,0
0.0013356887398401182,1,1,37.88060894968961,0,0,0
0.007381659449343914,0,1,117.46267875232024,0,0,0
0.08806002077241887,0,1,36.92117250619294,0,0,0
0.0035696971628645887,1,4,26.560569276676446,0,1,0
0.011257286640527447,1,5,23.913781110986026,0,0,0
0.003123831952418223,0,1,28.877918008160183,0,0,0
0.0005237823628060703,1,2,25.457083867972074,0,1,0
0.0017659634843928055,0,1,29.065427817959772,0,0,0
0.0020456917724502462,0,3,35.12084302319812,0,0,0
0.011831834227535093,0,3,27.392862519606783,0,0,0
0.0781969614902661,1,4,75.49582112846137,0,0,1
0.05194972632793784,0,3,40.21018668946231,0,0,0
0.0026571741766481622,1,0,39.1696550015349,0,0,0
0.002832913312621812,0,1,26.713985134504572,0,0,0
0.00427402399851217,0,3,24.428636187782622,0,0,0
0.0063317053880746965,1,2,31.538633344459633,0,0,0
0.000990734691101586,1,1,33.60725873016345,0,0,0
0.001739763217027576,0,1,105.60583251652197,0,0,0
0.009199417110200893,0,2,38.92667255825503,0,0,0
0.014260798093231263,0,0,27.061407667514352,0,0,0
0.008468826014767126,0,1,31.91595714936512,0,0,0
0.020181562941637816,1,1,22.452124610710253,0,0,0
0.004635333876490143,0,0,32.98070760625969,0,0,0
0.009959748112990876,1,6,22.507092980117992,0,0,0
0.004635788092645154,1,3,28.822670315031267,0,0,0
0.01739760016363154,1,0,33.155320581267226,0,0,0
0.554739203490091,0,0,153.84427829880553,0,0,0
0.0054915838034974495,1,1,31.72881188137956,0,0,0
0.00475953090479716,0,4,28.067262891906648,0,0,0
0.001192288821399391,0,0,26.303393311388817,0,0,0
0.019304225328334444,1,2,25.98051433047248,0,0,0
0.0012432464160551206,1,4,29.63123122892948,0,0,0
0.008215768826816641,1,1,27.32435073792673,0,0,0
0.002835136262061365,0,2,25.41108022922734,0,0,0
0.0014292714214821235,1,5,32.13866872865009,0,0,0
0.25936530654717743,0,0,36.590558513649796,0,0,0
0.05546384106942801,1,3,24.20116956127877,0,0,0
0.01765853907578343,1,3,39.75288257686615,0,0,0
0.006498166352317248,1,1,27.96848792101224,0,0,0
0.0014523097558169122,1,1,108.05458239174439,0,0,0
0.01648642379070472,1,3,29.30051157968807,0,0,0
0.2351869750570128,0,2,32.476902695748926,0,0,0
0.008551540935027857,0,1,29.475109277693885,0,0,0
0.014430191911102066,1,1,28.37540403456175,0,0,0
0.0022621453717005567,1,4,37.484711922373464,0,0,0
0.007100042488371166,0,1,32.1927733620118,0,0,0
0.016339197237823774,1,2,26.86461213396735,0,0,0
0.051254813313548905,1,0,35.98225349525027,0,0,0
0.0021386315418370928,0,3,27.852322052821375,0,0,0
0.0026092558082052805,1,1,35.98168881494302,0,0,0
0.008023722294611261,0,5,27.81590653707501,0,0,0
0.01195809091316714,1,4,26.341307604726097,0,0,0
0.0008220909629662062,1,0,27.674061994636823,0,0,0
0.05369763776294544,0,1,31.940742213523613,0,0,0
0.0008149807706188246,0,3,32.1095126699218,0,0,0
0.008567828312095446,1,7,29.951926973953643,0,0,0
0.007821175307646587,0,0,24.630955044421974,0,1,0
0.010885855046254151,0,2,35.30471304407123,0,0,0
0.1885263980997158,0,5,30.13863375091183,0,0,0
0.03612741935574026,0,3,26.070585170554864,0,0,0
0.002613922921063061,0,2,35.68840427416713,0,0,0
0.020456741718835807,0,5,34.202918945434256,0,1,0
0.002461172001088848,1,0,38.828708179254676,0,0,0
0.019025652404639732,1,2,22.55067651033493,0,0,0
0.01092415918156695,0,2,28.177212621235928,0,0,0
0.18866371117833514,1,1,30.04783925552634,0,0,0
0.002373361841300608,1,3,23.021900988345273,0,0,0
0.006595029952427694,0,0,35.547984881691896,0,0,0
0.004139060084394183,0,2,26.31343867638561,0,0,0
0.054052296066370825,1,1,27.253166903965862,0,1,1
0.0016178696012862552,1,2,29.277263720483287,0,0,0
0.022950667392934478,0,3,28.480910988337406,0,0,0
0.001546485170005449,0,5,24.936844281297738,0,0,0
0.00373356164531746,0,2,27.033370610411815,1,0,1
0.0013054817311933299,1,2,28.973680373292616,0,0,0
0.0006155834962982833,0,3,31.299462874600962,0,0,0
0.02175102278564027,1,0,27.225238375409084,0,0,0
0.07670752137258358,1,1,26.28475160077405,0,0,0
0.002397902521791177,0,5,41.552235046831804,0,0,0
0.03806496427872919,1,3,24.210847564143982,0,0,0
0.0013598865561029033,0,2,31.48797586197241,0,0,0
0.016418240089068215,1,0,23.243788683287615,0,0,0
0.04733070834744692,0,3,31.398220364656506,0,0,0
0.011281738561636544,1,0,30.604547990882786,0,0,0
0.006185020059115623,1,1,39.32954156484031,0,0,0
0.0008457567841064748,0,1,23.648433897685916,0,0,0
0.025096173894713348,1,4,33.44773506954423,0,0,0
0.01022761317676306,1,1,170.28197963506105,0,1,1
0.01818659997816998,1,2,23.961065714306315,0,0,0
0.010900924831577879,0,4,31.465724727795717,0,0,0
0.0011356509353739447,0,3,33.7798659408898,0,0,0
0.02440391525014731,0,4,39.250300778131965,0,0,0
0.40991036987123974,1,2,29.755210547289256,0,0,0
0.0024160399856141433,1,2,31.609441226864362,0,0,0
0.010191058447144291,1,1,27.187008260137098,0,0,0
0.0033525335237654928,0,3,35.14584884277385,0,0,0
0.007571078477349669,1,1,26.927663006981707,0,0,0
0.18453490324034652,0,3,29.044913485230044,0,0,0
0.004940029209979991,0,0,27.668523474026824,0,0,0
0.01110649524079869,1,2,35.668123103495304,0,0,0
0.0013042818382924838,1,1,31.615677233912088,0,0,0
0.007148325157961621,0,1,33.340167423545786,0,0,0
0.015607644669562335,0,5,31.703412079331315,0,0,0
0.002262471322181028,1,1,26.07456198606863,0,0,0
0.01481104553930612,0,3,95.9133579309748,0,0,0
0.014093329753948794,1,1,29.542724370395955,0,0,0
0.010968772317110553,1,4,29.48810088989791,0,0,0
0.005449315509927378,0,3,21.755769344585502,0,0,0
0.02233248787446426,0,0,34.351406383834984,0,0,0
0.02046799722069215,0,0,30.526166483158804,0,0,0
0.007967351324034163,1,3,34.59952118907413,0,0,0
0.017509593105352557,0,3,33.7415690685864,0,0,0
0.006394890146394804,0,3,32.692286552920315,0,0,0
0.0025072068874388525,1,2,24.71616957174996,0,0,0
0.019693191073760545,0,2,32.874186032609465,0,0,0
0.014263386621608996,1,1,24.372983212422927,0,0,0
0.0010891656862853003,1,2,32.61175338435383,0,0,0
0.11858279396030863,0,2,32.91288983855767,0,0,0
0.013373952868397675,0,2,32.71603197887467,0,0,0
0.003284343869269316,0,1,27.07601148722798,0,0,0
0.001023361527233724,1,2,28.42325154047896,0,0,0
0.004208356457183702,0,2,28.741345573932293,0,0,0
0.0030999062488320525,0,2,36.97881736682042,0,0,0
0.0019304391374502289,0,0,29.555943186702216,0,0,0
0.004240555304938812,1,2,28.21204097572114,0,0,0
0.009623678762166726,1,1,30.73816238629125,0,0,0
0.0016571433781454742,0,0,31.845935796298473,0,0,0
0.03524318363396857,0,2,38.96275805124545,0,0,0
0.010799019650684435,1,1,28.24680800054512,0,0,0
0.0033001339108398435,0,1,38.651999785605184,0,0,0
0.0021922291720561254,0,0,26.70892346688565,0,0,0
0.015119335817965056,1,1,26.847377009754492,0,0,0
0.12389566442053998,0,4,17.225644475436432,0,0,0
0.027050313608562346,0,4,32.90358858167553,0,0,0
0.024504532298083546,0,2,26.26164256948544,0,0,0
0.009009444857080254,0,1,27.812724865612818,0,0,0
0.011810936222924595,1,2,28.345319144364037,0,0,0
0.009942850265083441,1,2,28.703103912914766,0,0,0
0.026008310254570698,1,1,32.55384215296553,0,0,0
0.0005806802327073548,0,2,30.78582244435118,0,0,0
4.6093390007599126e-05,1,1,25.182171199846156,0,0,0
0.00706988934386572,0,2,27.093075778160557,0,0,0
0.0006126849045689182,1,4,34.275208399870145,0,0,0
0.03359653938884968,1,1,31.924411650303245,0,0,0
0.012662839812867737,1,4,37.72109779098832,0,0,0
0.0022353706577425904,0,4,30.181449251098982,0,0,0
0.008174144569129353,1,1,25.24108083443172,0,0,0
0.00252010890467935,0,1,31.00380608941402,0,1,0
0.006923998578421912,0,1,26.036270719525294,0,1,0
0.0037854474499061552,1,2,30.680603725161713,0,0,0
0.025212014029637686,0,0,29.119242473852815,0,0,0
0.004411648799140754,0,3,24.888949053013945,0,0,0
0.012058582141440516,0,1,32.731618394490205,0,0,0
0.05790392233402512,0,1,32.86943251818328,0,0,0
0.003674297705130808,1,2,29.86999309848022,0,0,0
0.05337667808415868,0,1,154.27086870230693,0,0,0
0.0017113684487726282,0,2,22.92710243748786,0,0,0
0.030496880656248997,1,2,33.786280498520426,0,0,0
0.001538382749114646,0,1,32.390231883890934,0,0,0
0.001855592804764583,0,0,35.09222695009336,0,0,0
0.028485642627478675,1,3,30.27510891309103,0,0,0
0.0015334679332813994,1,2,33.57856472654282,0,0,0
0.01330535949877144,0,3,29.08032884347121,0,0,0
0.0014679601427372425,1,0,30.401879856036636,0,0,0
0.012079174436291223,0,1,30.514382589406623,0,0,0
0.002604638348083259,0,2,31.64683663350666,0,0,0
0.02110103868143181,0,2,25.29628827619655,0,0,0
0.0004320216047830727,0,3,31.087061963765475,0,0,0
0.06644208976282588,1,1,28.070912317229123,0,0,0
0.003742646534796569,1,2,22.980111060550115,0,0,0
0.005732709435242788,1,2,23.93552872033706,0,0,0
0.0625712438316106,0,0,36.23254904477303,0,0,0
0.0027245786229493636,1,0,29.300258857422193,0,0,0
0.015446716327800042,0,1,141.8941291827536,0,0,0
0.041076522335481105,1,0,32.97937870019347,0,0,0
0.0012626564315821056,0,3,25.048971839497796,1,0,1
0.004487304281357873,1,2,32.608866036785614,0,0,0
0.015220816207849644,0,2,29.472747445119193,0,0,0
0.008626024498783023,1,2,26.019463824219574,0,0,0
0.00044575257974151586,1,2,33.7011250950381,0,0,0
0.07104893060880113,0,2,26.308103831101974,0,0,0
0.006816795146578355,1,2,30.31182283734554,0,0,0
0.00739255012386107,1,1,37.57851050190628,0,0,0
0.007729240574833832,0,1,38.22228451850302,0,0,0
0.06092564629751341,0,1,190.5753888345239,0,0,0
0.013065542655058188,1,1,31.871460223714195,0,0,0
0.0028975741314494884,0,3,27.550428371278844,1,0,1
0.021697185240604232,1,3,26.06091471042751,0,0,0
0.0013168233486777535,0,3,25.54386756708835,0,0,0
0.0030497015095931005,1,1,33.71093962210127,0,0,0
0.0021030863883780655,1,5,28.685423436822816,0,0,0
0.007959352021836605,1,4,22.519154175115002,0,0,0
0.000789011317843379,0,2,18.937049276339796,0,0,0
0.003977653523873219,0,2,32.54808842734435,0,0,0
0.00032009350496454503,0,1,26.095491202612575,0,0,0
0.005854266113224011,0,4,34.672748676563074,0,0,0
0.007647398007603802,0,4,19.74563632619686,0,0,0
0.07009608465210543,1,0,28.998907593649168,0,0,0
0.08986236778236556,0,1,42.46955805095184,0,0,0
0.007647324658672341,0,1,25.82459483933472,0,0,0
0.06016950819953448,0,3,29.05240017548844,0,0,0
0.001385668376004127,0,1,40.243265983464575,0,0,0
0.002048515749031817,1,2,34.221041820913904,0,0,0
0.01689904881059023,0,4,34.04216758583066,0,0,0
0.016564215185144292,1,1,151.3224842638537,0,0,1
0.01974200807816974,0,4,18.633086751447003,0,0,0
0.004913822030090905,0,2,25.409855200852963,0,1,0
0.02187209381426737,0,5,33.65451709253034,0,0,0
0.0034844568470253526,0,2,27.445510135102232,0,0,0
0.021418115508110673,1,0,24.86897364596738,0,0,0
0.0020519349236987968,0,1,37.47530495763903,0,0,0
0.016978984812803005,1,0,24.856766735668195,0,0,0
0.08875783632981218,0,3,20.009817374319056,0,0,0
0.03598684185121028,1,1,31.22705127739129,0,0,0
0.0018553899150967259,1,1,35.56747345274227,0,0,0
0.005522267672605776,1,5,27.873069845140574,0,0,0
0.004161765147327852,1,3,30.349128166121947,0,0,0
0.012126355827388269,1,1,30.776874787091955,1,0,1
0.007306423009993819,1,1,27.103621795693925,0,0,0
0.002837198535190222,0,1,27.373457890765167,0,0,0
0.0026071309648356376,0,4,26.5483758711143,0,0,0
0.019957650550397003,0,4,32.67653691578478,1,1,1
0.007618476088454829,0,0,37.31195361444568,0,0,0
0.002991126186288688,0,1,37.53012156928234,0,0,0
0.0044017812950519,1,2,30.244602850668336,0,0,0
0.027307134777733565,0,1,30.174029687783115,0,0,0
0.00025228398888967057,0,5,26.528717865813345,0,0,0
0.00883714109907928,1,1,26.36794810549636,0,0,0
0.003228529173391434,1,2,21.569309802286725,0,0,0
0.0028478542985215256,1,0,24.33894718086711,0,0,0
0.2065012047893895,0,3,28.294927993395703,0,0,0
0.0003670962900104049,0,1,37.25672933841768,0,0,0
0.004130939925945169,1,5,34.82078988545375,0,0,0
0.0325467530735954,0,3,30.402918320561792,0,0,0
0.00016771200494137206,1,5,177.63658061760412,0,0,0
0.01584471596275228,0,3,35.62382282705867,0,0,0
0.00791288826068005,0,2,32.40003774412456,0,0,0
0.03223091804790943,1,2,32.95756447210121,0,0,0
0.015726418919318117,0,2,40.15734313619832,0,0,0
0.03131212839233954,1,4,23.393416582957936,0,0,0
0.0020500289726916544,0,2,23.160005738012543,0,0,0
0.00311270869590209,1,3,23.303758458567483,0,0,0
0.0034559341001466474,0,1,34.57704201947538,0,0,0
0.014125375005933763,1,2,27.027386390350728,0,0,0
0.001164475567490728,0,4,19.495176282603786,0,0,0
0.0008450034613974544,1,3,32.41154997474481,0,0,0
0.014624601006189019,0,3,33.78641860190079,0,0,0
0.0035416926631428674,1,2,33.67876268081313,0,0,0
0.00303104393147642,1,0,33.943300717388624,0,1,0
0.0011604722189143988,1,1,32.77488512040558,0,0,0
0.04152002826372686,0,3,27.77077363513838,0,1,0
0.003824184175788244,1,3,29.944185665703394,0,0,0
0.003600842269936309,1,2,26.246297278330015,0,0,0
0.03440874985219057,1,3,28.5740986715848,0,0,0
0.046933962554799695,1,3,32.66769334092117,0,0,0
0.0046925487189948215,1,1,26.182422493217537,0,0,0
0.00825307968509162,0,4,21.77757793691263,0,0,0
0.00991888706140729,0,1,29.997344272815862,0,0,0
0.020662420272642174,0,4,29.704465151917287,0,0,0
0.004805594431222073,1,1,31.018378374696812,0,1,0
0.049316755502848794,1,3,40.66335435280483,0,0,0
0.0398226980202049,0,0,35.22769358922232,0,0,0
0.13506011494015352,1,2,28.12744116534217,0,0,0
0.0009612876442625396,1,5,33.329164239165024,1,0,1
0.0037302225902309805,1,2,38.409658473020045,0,0,0
0.0021631048387862656,0,6,34.20794854703889,0,0,0
0.0014178025118163132,0,1,105.25983885761194,0,0,0
0.20907080975378414,1,3,25.367171435362817,0,0,0
0.005799844945551465,1,1,22.873346809169824,0,0,0
0.005575254350778115,0,2,27.7254498667326,0,1,0
0.017239457950321217,1,2,37.45395640352186,0,0,0
0.14542703347703234,1,2,24.508950027172148,0,0,0
0.0018141323880275634,0,1,33.52613838834105,0,0,0
0.0066524389657953605,0,2,30.986527323840072,0,0,0
0.0066116872987549615,1,1,32.320588227834136,0,0,0
0.011496500993875485,0,1,31.109170715265222,0,0,0
0.0013765579595103807,0,4,30.08760706114228,0,0,0
0.00777240327353341,0,2,29.659322840382018,0,0,0
0.0018984978169583747,1,3,36.97243317920606,0,0,0
0.033027214199082125,1,1,31.104693383180273,0,0,0
0.010765184778366124,1,3,34.774193116405726,0,0,0
0.009228132987815073,1,3,40.75833753032049,0,0,0
0.0009289591910499008,0,2,34.217112496211996,0,0,0
0.005180646841749429,0,2,33.028721868461794,0,0,0
0.07370931142291212,1,2,98.96572348132288,0,1,1
0.005311340210257575,0,3,26.400710876877692,0,0,0
0.02305052922473247,0,4,28.480071716769977,0,0,0
0.01690618685959663,1,2,34.341001275285784,0,0,0
0.004933481279624793,0,1,29.15855252762215,0,0,0
0.0016100665531007538,0,2,31.88340903775459,0,0,0
0.011285757022246738,1,3,24.84745075492536,0,0,0
0.001250234742834495,1,0,27.34866449411996,0,0,0
0.01593358844326059,0,2,24.600709761478427,0,0,0
0.08452209201849796,1,1,29.973454191882276,0,0,0
0.010474142742529037,0,2,25.890642976547092,0,0,0
0.0007467819431474686,0,2,29.557359352362035,0,0,0
0.005710966484740139,0,1,39.95626929682459,0,0,0
0.019619981739225578,0,1,33.674100534195325,0,0,0
0.016627260095297237,1,1,37.89651699847005,0,0,0
0.005870194135373293,1,1,31.80099038157922,0,0,0
0.002500092462495127,0,3,31.816166401815185,0,0,0
0.01281045253860959,0,3,29.08701190034333,0,0,0
0.004349348128860308,1,2,19.31210596356317,0,0,0
0.008036520419161522,1,1,36.18730681189442,0,0,0
0.002213104416612167,1,1,26.889692973026737,0,0,0
0.0919300557472722,0,2,23.96901985935606,0,0,0
0.004657492056297742,0,4,21.11582279408411,0,0,0
0.0035059581608139685,1,1,35.18680839084934,0,0,0
0.007533805282335676,0,1,31.964962332649286,0,1,0
0.6107240437880069,1,2,21.40005988298826,0,0,0
0.01060450611046201,1,2,31.92592649282054,0,0,0
0.0014588523849549256,1,3,32.45329646443826,0,0,0
0.003275833919130195,0,0,30.518688778941392,0,0,0
0.009308487760890672,0,3,29.090679607803313,0,0,0
0.0007003352507985562,0,2,34.367120467031235,0,0,0
0.0038370982788130128,0,3,35.78894592735965,0,0,0
0.024858041124685752,1,4,31.373247148794125,0,1,1
0.005843598780675636,0,1,115.78626432217796,0,0,0
0.0006192248264094065,0,1,25.628899675240977,0,0,0
0.0054555963520354885,1,3,27.62405828750726,0,0,0
0.0017780345759825455,0,1,24.951219073304074,0,0,0
0.0014064070313265897,1,6,136.25645423851927,0,0,0
0.1136995649161025,1,3,33.753035294299096,0,0,0
0.017073563367712298,1,2,38.074651284747354,0,1,1
0.006453600219188471,1,1,26.1545277745953,0,0,0
0.021644819975570172,0,0,36.3472696674408,0,0,0
0.004488460819221954,1,4,30.246174096184966,0,1,0
0.00438990700272559,0,5,20.424090165181447,0,0,0
0.00507272432704495,0,5,101.12895782959444,0,0,0
0.007684830939105248,1,3,36.05605292043421,0,0,0
0.006157524723275871,0,4,27.10375812383533,0,0,0
0.012398167532078319,1,1,20.316134978119543,0,0,0
0.004152330916454008,0,2,30.44391000703431,0,0,0
0.01847822224409784,0,2,31.54075106727432,0,0,0
0.004245888975925587,1,2,21.745361488415526,0,0,0
0.008178877894374489,0,3,27.273424164907542,0,0,0
0.002512949179975637,1,1,157.60713222105173,0,0,0
0.006584911667348237,0,1,23.814139799445062,0,0,0
0.00048399108661680603,0,2,34.820225123864965,0,0,0
0.03710617415467876,0,1,25.041569961475915,0,0,0
0.008923031042794249,1,4,25.64517759083372,0,0,0
0.05449333880482017,0,2,25.21508530623451,0,0,0
0.004253726811018401,1,5,36.16821428393952,0,0,0
0.06553790426835776,0,1,31.545415855519078,0,0,0
0.00044258546524881387,1,3,22.992591326353562,0,0,0
0.024099012012432315,0,0,35.84003768032654,1,0,1
0.12667799312106684,0,2,31.15102246139472,0,0,0
0.013263754124039531,1,4,28.77644657928094,0,0,0
0.03995296697787119,1,1,35.03958485459434,0,0,0
0.021286643315784344,0,2,39.1341218246456,0,0,0
0.16622430516465841,1,1,28.358142043318217,0,0,0
0.005181964272992186,1,1,19.228650056418246,0,0,0
0.0016338806331680864,0,1,28.575064857630736,0,0,0
0.023491660976947628,1,3,32.46576962015831,0,0,0
0.00239249807051817,0,0,34.02998562701561,0,0,0
0.0006945339726072095,0,1,31.200659934272707,0,0,0
0.0035839845166916635,0,2,24.744261490603073,0,0,0
0.011651333759653944,0,4,30.968870290805512,0,0,0
0.03151171527231507,0,0,43.01082028561186,0,0,0
0.012905803659782437,0,4,37.58164503293419,0,0,0
0.07911047655335972,0,2,31.945654856381026,0,0,0
0.09748281710158156,1,0,27.083328016914272,0,0,0
0.006157991018037177,0,2,19.54529969738459,0,0,0
0.021290152540154074,0,0,30.618333979089613,0,0,0
0.0028429849076497486,0,2,25.530669883564542,0,0,0
0.00013597833395657472,1,1,127.38559512315096,0,0,0
0.0006994182931897797,0,4,25.23780558598665,0,0,0
0.009448622988632647,0,3,34.014206457853504,0,0,0
0.0003133933599749973,1,1,32.7438445131608,0,0,0
0.001716676515757028,1,3,29.307157520799297,0,0,0
0.009374732383093934,0,1,27.301025510278805,0,0,0
0.014241429206123408,1,2,27.577848582857502,0,0,0
0.005611840073757542,1,1,30.851074402068814,0,0,0
0.030592802574413516,1,5,33.37840595366211,0,0,0
0.01874459279029559,0,0,31.54590948732388,0,1,0
0.0037599767376263376,1,2,27.98791929123721,0,0,0
0.004236060395631988,0,1,34.5435705736947,0,0,0
0.186992129389353,1,2,33.457178730398496,0,0,0
0.00786091419366018,0,7,31.621428214252486,0,0,0
0.016488800036109086,0,4,30.931800470909916,0,0,0
0.00022192557134561696,0,4,32.91401448655058,0,1,0
0.0004032357056146739,1,1,36.93193467526865,0,0,0
0.005891230004466065,0,0,31.213906844405006,0,0,0
0.006044599641579724,0,4,29.17681033649818,0,0,0
0.01478746357484143,0,3,29.02928810742797,0,0,0
0.0023197781975302606,1,2,31.879401198174808,0,0,0
0.00616559602528723,1,3,28.16631182179566,0,0,0
0.0024279759443294946,1,6,33.253581831073674,0,0,0
0.03415731449623901,0,1,30.223618013187952,0,0,0
0.006696113566584999,0,2,32.850107117493906,0,0,0
0.025796903949317683,1,3,30.921296098231572,0,0,0
0.03741701066764994,0,1,36.651585326951015,0,0,0
0.018953536123214876,0,1,23.7557074169074,0,0,0
0.0016001484692351347,0,2,124.26580316768808,0,0,0
0.03299252222216583,1,2,37.69155950471497,0,0,0
0.005584435176063991,0,2,39.84298264725341,0,0,0
0.025651472514988945,1,2,34.60275815678202,0,0,0
0.043191532307880656,1,3,24.854987583880572,0,0,0
0.008235576518918607,1,2,33.63285850591765,0,0,0
3.39797774074984e-05,1,1,28.79815858866541,0,0,0
0.1940845185548797,0,2,23.971878611771814,0,0,0
0.008945803527664465,1,3,24.995083245482647,0,0,0
0.006765129404647269,1,3,27.625479850214465,0,0,0
0.025869696774822582,1,2,20.378064503651963,0,0,0
0.010154178314933883,1,1,33.54975517748899,0,0,0
0.0064926336907503625,1,2,28.6420827472476,0,0,0
0.08913590043262254,0,3,29.212949079767647,0,0,0
0.0032049496243362493,0,2,34.80703839850157,0,0,0
0.004224200449832416,1,5,29.491574854327155,0,0,0
0.00025259343116526003,1,0,27.138439965818037,0,0,0
0.019524902727167986,1,0,33.45475492982389,0,0,0
0.009444345845139795,0,2,19.408215063670117,0,1,0
0.01172442122428318,0,1,24.500645331064938,0,0,0
0.018570629969092447,0,3,25.894103586594426,0,0,0
0.002647341617028487,1,4,23.86104219878525,0,0,0
0.018534130630381136,1,1,32.36383230228516,0,0,0
0.003555085875225042,0,5,28.507889430344342,0,0,0
0.058584767104621675,0,1,30.431235794384435,0,1,0
0.0049101181400556795,0,1,39.2440556879216,0,0,0
0.015427012417383283,1,2,31.132342157623544,0,0,0
0.020882429329033707,1,1,26.473500170362776,0,0,0
0.025137354283613314,0,2,22.724190991501935,0,0,0
0.10736824136203607,0,0,25.37937321485219,0,0,0
0.0005662233026851158,1,3,27.692100539881086,0,0,0
0.005361057157257031,0,1,34.47149943581352,0,0,0
0.009069762432173719,1,1,36.36576589405099,0,0,0
0.006471825569525093,1,0,29.398207314586237,0,0,0
0.03367247509803959,1,4,33.61865238180599,0,0,0
0.001872988845775344,1,1,29.908553039443287,0,0,0
0.002576076125605183,0,3,28.47854465716053,0,0,0
0.009051213998369424,0,4,30.473395384266418,0,0,0
0.0011307360660721463,0,0,37.708694756589914,0,0,0
0.006627776689690513,1,2,24.341471473019936,0,0,0
0.003505344969230668,1,1,123.37967058953315,0,0,0
0.16438781539913871,1,2,27.217728427629698,0,0,0
0.001816103309679479,0,3,29.35015729199331,0,0,0
0.08507309742921546,1,1,32.531738992506384,0,0,0
0.005399434690258407,0,2,33.95052157429537,0,0,0
0.0010076031326059847,0,1,16.914346964415376,0,0,0
0.008565642781650026,0,4,30.478640157534592,0,0,0
0.02062744255957587,1,1,29.1767845131547,0,0,0
0.0008510423959073018,1,3,29.809385839280928,0,0,0
0.0026653474067241945,1,1,26.089300205743143,0,1,0
0.0035837937074070245,1,1,25.7521697371407,0,0,0
0.004045983421809218,1,3,28.64135996329433,0,0,0
0.005309080526264641,1,5,23.06326707480066,0,0,0
0.02535493169567538,1,0,32.06530979094458,0,0,0
0.0032975460123226014,0,0,28.113774968366393,0,0,0
0.005795559412731756,1,2,24.109037318725974,0,0,0
0.02123832954763651,0,4,27.94624541212207,0,1,0
0.016094388860850083,0,3,150.97589160214025,0,0,0
0.0014330603504095517,0,3,21.8285412461156,0,0,0
0.0036472785791843818,1,2,26.88552722762361,0,0,0
0.0035032215318043488,0,1,33.730010446929526,0,0,0
0.0006538087268078436,0,0,86.12520908133632,0,0,0
0.006284665362270349,0,3,34.79417507054566,0,0,0
0.0006068429462918867,0,0,31.5279872399862,0,0,0
0.007087778456645776,0,1,27.338367024552582,0,0,0
0.004632097969935823,0,4,31.409971318184027,0,0,0
0.004372166316925858,1,3,30.501123969215225,0,0,0
0.0003018878031932738,0,1,38.58572029729414,0,0,0
0.020048711601164167,0,2,24.49834220661025,0,0,0
0.006302441703888884,1,2,29.12968393479555,0,0,0
0.00503967329634688,0,5,29.800706709612363,1,0,1
0.009028585271259524,0,6,32.84031684891431,0,0,0
0.008854332857915136,1,0,28.6804602340996,0,0,0
0.014250765754926939,1,3,29.10279615023066,0,0,0
0.007844775039286767,1,2,35.57197403570565,0,0,0
0.007505926949553261,1,1,32.2492369630113,1,0,1
0.006780649744517302,0,3,20.14012819331269,0,0,0
0.0005911614021252401,0,4,24.230850100000456,0,0,0
0.019795125710556624,0,5,27.025971167991017,0,0,0
0.024457601496904582,1,3,25.096865433151343,0,0,0
0.0007812705355762298,0,2,33.13656930054937,0,0,0
0.016193961536650155,0,4,33.36037158748751,0,0,0
0.00941282562604225,0,1,25.75162634170477,0,0,0
0.0005591464631753779,1,4,26.332381697530913,0,0,0
0.0013085262077689843,0,1,25.17040102983619,0,0,0
0.006274563927318762,1,3,35.53448559867883,0,0,0
0.007338965672587729,0,3,25.588959759248702,0,0,0
0.005843322487202505,0,1,27.470559429319113,0,0,0
0.0013638703309145042,1,2,34.74527725482638,0,0,0
0.0016829911109339092,0,1,32.9918179803609,0,0,0
0.011822583427573849,1,3,33.989784765048114,0,0,0
0.02025975864424332,0,5,25.013206871635408,0,0,0
0.005006884488786776,1,2,29.738619508888164,0,0,0
0.0181064562649949,1,1,34.443892440686376,0,0,0
0.0012192159920377363,0,5,27.634954904012687,0,0,0
0.014430126730460617,1,4,31.89235812958715,0,0,0
0.0196856700850995,1,1,29.24722894932243,0,0,0
0.0071857465560153395,0,3,33.03245796528479,0,0,0
0.008627059796904934,0,2,25.49868039554203,0,0,0
0.0034111340645516077,1,2,26.96764332376725,0,0,0
0.0012051874824512271,1,2,30.16790862224255,0,0,0
0.015812582539919993,0,1,180.74250339044315,0,0,0
0.008049886118826191,1,1,31.745586897056324,0,0,0
0.008066947814982644,1,1,28.285651449453987,0,0,0
0.0018561387139792468,0,3,146.9940826015094,0,0,0
0.0028800343724746324,1,4,33.472492588757945,0,1,0
0.011087537737778074,1,3,33.587939812314204,0,0,0
0.08729385341373644,1,0,24.76874041003693,0,0,0
0.000973679181473019,0,3,19.487636454162498,0,0,0
0.031124682585702886,1,1,40.09398449899481,0,0,0
1.1127740611279193,0,0,35.99973729243345,0,0,0
0.005601702519072914,0,2,24.33282959200251,0,0,0
0.010072220444555406,1,2,23.30992680486544,0,0,0
0.0012799269119254197,0,1,34.879010181467585,0,0,0
0.04953032773870648,0,1,33.3379688321743,0,0,0
0.002350160309644407,1,3,30.099456880076772,0,0,0
0.0072448597187772645,0,1,31.570702291696897,0,1,0
0.0031824592828472555,1,3,29.471982314267542,0,0,0
0.00661939297649047,1,0,30.46616555209659,0,0,0
0.02268865438221725,1,6,32.225338138490315,0,0,0
0.0005272936784928673,1,3,27.17257354520605,0,0,0
0.0025874758445242362,1,1,28.612978906053687,0,0,0
0.004605892539367579,0,3,26.349518043901835,0,0,0
0.0018736491270224078,1,6,34.38403870682807,0,0,0
0.02628095622381655,0,2,27.11080310422443,0,0,0
0.017886770867331023,0,6,33.95619818352901,0,0,0
0.0011790624774720149,0,3,32.05006254629452,0,0,0
0.0003036620974146841,0,5,31.633548778575395,0,0,0
0.013571077214178972,1,1,27.967848986320895,0,0,0
0.00987459666238027,0,0,32.31401825705422,0,0,0
0.010595095530807968,1,2,30.426714528785265,0,0,0
0.02332582298564967,0,3,25.937413998899117,0,0,0
0.011974742935262336,0,2,15.673541672522827,0,0,0
0.0017229781826205806,1,2,34.34044415259843,0,1,0
0.0013760791944137213,1,0,39.096403271615266,0,0,0
0.024791072622694744,1,3,31.167427064246795,0,0,0
0.02178303347802452,0,4,32.31466350161133,0,0,0
0.018852367793813586,0,3,31.362131378520047,0,0,0
0.0049456954752463,0,4,28.86146904120013,0,0,0
0.19345665638511242,1,2,36.21716610334689,0,0,0
0.011891686497082785,1,3,27.56875115847725,0,0,0
0.00437473441852523,0,3,35.118296009202446,0,1,0
0.009470003462887658,0,3,24.60288414150464,0,0,0
0.0006725811121382646,0,1,30.69662664241241,0,0,0
0.0024570985495433505,1,1,35.586191955251266,0,0,0
0.014706054644272753,0,2,30.09118717852306,0,0,0
0.0007976896004593669,1,2,31.907816204464538,0,0,0
0.005559687284114643,0,0,29.147999620427044,0,0,0
0.0058901812632941785,0,2,24.70794417370007,0,0,0
0.001537116507059936,1,2,32.744670164356165,0,0,0
0.06795295619419235,1,1,30.427628507801842,0,0,0
0.01557770989705827,0,0,21.318924096395786,0,0,0
0.004100972560761978,0,2,41.63879855313394,0,0,0
0.00047685863142817947,1,1,89.3807822774054,0,0,0
0.007429426521632043,1,0,32.93811596067144,0,0,0
0.0019675047670027783,1,1,28.10593773492162,0,0,0
0.002792027671391126,1,0,24.802003664843742,0,0,0
0.0016589800217866914,1,7,31.21520736363828,0,0,0
0.033773619401785845,0,3,34.851918783736515,0,0,0
0.02012268624766657,1,2,25.58020140347721,0,0,0
0.043554472677834154,1,1,20.26453624466165,0,0,0
0.004084704256967587,0,2,26.32323041468677,0,0,0
0.001610976053328575,0,3,26.203189117546422,0,0,0
0.007194402905937959,1,2,28.43282423084614,0,0,0
0.0027685593788877795,0,2,35.05097574582873,0,0,0
0.002251799746939946,0,2,27.46001827729252,0,0,0
0.0011463916147713906,1,3,18.870347604600454,0,0,0
0.006731503925838844,1,1,27.69303415197717,0,0,0
0.009369047781466773,1,1,132.50529345087156,0,0,0
0.06768021488522291,1,1,36.970321487726345,0,0,0
0.0354263496856184,1,3,30.970960428160737,0,0,0
0.003228750777505281,0,0,28.196305974771054,0,0,0
0.0017456400119635793,0,2,172.89186873314458,0,0,0
0.009485113907268809,1,3,28.821727343015016,0,1,0
0.04403164173731573,1,0,35.28088759854357,0,0,0
0.004432530488858057,0,1,26.65676888210394,0,0,0
0.009490608494388248,0,6,26.950959368535056,0,0,0
0.012814179407012702,0,1,30.7552257489186,0,0,0
0.053671253466821195,1,1,29.962644017597604,0,0,0
0.04175396142244854,1,0,33.028917889576014,0,0,0
0.015421229225094571,1,1,42.253258166205065,0,0,0
0.021148963920976642,1,3,31.00043322571143,0,0,0
0.0009222918130477026,0,2,25.522075387106412,0,0,0
0.0015795649343158015,0,1,31.618212952980073,0,0,0
0.012622587023864613,0,3,26.55324652103687,0,1,0
0.00571228647963663,0,0,38.55893263878046,0,1,0
0.0026080817262806436,0,1,29.13135198051092,0,0,0
0.03754593539849401,1,2,36.1542669159537,0,0,0
0.008399135002512414,0,5,117.62203173558301,0,0,0
0.010535829241909257,1,2,29.896813378287487,0,0,0
0.0037232641017247805,1,2,24.946341438755542,0,0,0
0.0018350888605190745,0,2,30.031397745782385,0,0,0
0.00393869028670492,1,1,36.063236914083056,0,0,0
0.04013154478541465,1,0,25.91763934073244,0,0,0
6.497455435341634e-05,0,2,37.36966732626682,0,0,0
0.01066944459185357,0,0,33.59156606783179,0,0,0
0.0003638507740994537,1,2,22.825616723709995,0,0,0
0.010148234855999383,0,2,37.32243413017618,0,0,0
0.1591907078457302,0,2,38.90877235614849,0,0,0
0.006170565178348592,0,2,27.877786116841435,0,0,0
0.0234413482261997,0,5,28.610046289585416,0,0,0
0.016617947278517453,0,0,42.334042292870365,0,0,0
0.004724807024483381,0,2,27.983627980386707,0,1,0
0.048642363771584644,0,0,26.25377241403321,0,0,0
0.0010930270565699147,1,0,25.110073686179142,0,0,0
0.0024570757992501903,1,1,32.74352508673883,0,1,0
0.004908416632864171,0,3,31.945030543193827,0,0,0
0.0017532574017074295,1,1,19.94715855063763,0,0,0
0.050280505437058844,1,0,23.59681810178831,0,1,1
0.0009605907960239377,1,2,33.854812832407575,0,0,0
0.017123662748165926,0,3,27.515848895711198,0,0,0
0.004366817862395104,0,3,33.77326548937021,0,0,0
0.02252121485610187,0,1,102.61280901917024,0,0,0
0.030471288415007687,1,0,35.52590530495648,0,0,0
0.0017812077538602402,0,0,31.522830324368357,0,0,0
0.002526127453366894,0,2,37.44653586166574,0,0,0
0.021886679186987956,0,3,32.464352946329775,0,0,0
0.04257837971496131,0,3,32.39656233493969,0,0,0
0.001066603850614144,1,1,33.094039473962546,0,0,0
0.020188255652817552,1,1,23.72817023804961,0,0,0
0.0062380443992283395,1,3,30.832865527382875,0,0,0
0.0010394615135192646,0,3,35.300986538468806,0,0,0
0.0555587607785691,1,2,29.182028170800436,0,0,0
0.0015170666340217234,1,2,35.56361394527783,0,0,0
0.008277662683375485,1,1,26.330268818836267,0,0,0
0.0008118788323292778,1,3,31.679992285522292,0,0,0
0.003073215201990279,1,1,26.561433461360068,0,0,0
0.004308680611203875,0,2,29.819985802127682,0,0,0
0.0009556061612306481,0,1,43.43136486868626,0,0,0
0.0013074969493426702,1,2,26.157881708185336,0,0,0
0.1811208173998638,1,2,25.218207115197675,0,0,0
0.003827486843455077,0,1,35.71193227330678,0,1,0
0.005226881417445819,0,1,26.59279712590687,0,1,0
0.00948681787092298,1,2,26.184529244477687,0,0,0
0.0023178555352402343,1,2,33.117187785367015,0,0,0
0.005986558267128122,0,2,26.370297896863207,0,0,0
9.423909697918964e-05,0,3,28.21933752283056,0,0,0
0.006125824233089696,0,4,30.141150630003125,0,0,0
0.004911340640525121,1,3,93.55816482333734,0,0,0
0.0024064238533731274,1,2,23.659431285768775,0,0,0
0.018649725138825766,1,0,29.559519641900707,0,0,0
0.005038991282637537,0,1,33.8584114033897,0,0,0
0.004115030556653821,0,3,30.72380145383348,0,0,0
0.009848937950499695,0,0,24.907431362267634,0,0,0
0.0035459836670889036,0,2,27.2338246161957,0,0,0
0.0010304345400647778,0,1,44.8963671837836,0,0,0
0.07370096888608545,0,2,31.785189956578147,0,0,0
0.00281301267577078,0,3,32.016751351554866,0,0,0
0.006307222448928006,1,0,29.032960803157106,0,0,0
0.0010895065044641246,0,1,27.520575221933882,0,0,0
0.013314664867451172,0,0,33.162017441558554,0,0,0
0.003566861684768363,1,2,33.41000149151414,0,0,0
0.008869986030667954,1,3,36.533873799743404,0,0,0
0.00019117300005029608,1,3,34.96726315768522,0,0,0
0.0007924304882759172,1,1,26.398592096285135,0,0,0
0.0007801470994108168,1,2,33.07191793888618,0,0,0
0.004559505143225771,1,2,36.8287062981605,0,0,0
0.0024272307030496557,0,2,27.474637488047154,0,0,0
0.0038875127081446363,1,3,38.811968524643596,0,0,0
0.0023296569459979426,0,2,28.844359209382358,0,0,0
0.004472536895148263,1,3,26.321026429141536,0,0,0
0.0012680621592440293,1,2,32.02925387838093,0,0,0
0.012085557419510196,1,5,34.55612343970181,0,0,0
0.02428226003433059,0,0,38.09955141137995,0,0,0
0.006551013783230388,0,2,26.05070655043818,0,0,0
0.0004628845985452046,1,0,36.04792581434507,0,0,0
0.04885038971980104,0,1,27.070346431476274,0,0,0
0.00013162993142538837,1,1,99.72739305649955,0,0,0
0.0006893699783469649,1,0,35.79871989974755,0,0,0
0.018618632704537997,1,0,31.61598195691363,0,0,0
0.01412833730928223,1,2,25.445735697781814,0,0,0
0.002487709160622803,1,1,34.27123485895463,0,0,0
0.00553625857164575,0,3,37.78925493232932,0,0,0
0.013163794120319504,0,4,108.12003176340785,0,0,0
0.04022009339330077,0,3,37.14131465609769,0,0,0
0.0012242426004278042,1,1,34.40032382369127,0,0,0
0.001980399052805745,0,2,30.25779639130199,0,0,0
0.09019035575678583,1,1,23.385492573204107,0,0,0
0.0005945199421089108,1,2,29.21299648969624,0,0,0
0.003356511497109723,0,2,35.17050605082129,0,0,0
0.0002146236338769833,0,4,37.75966468584814,0,0,0
0.003050335391973645,1,2,35.63607986620125,0,0,0
0.03249046907220591,0,4,33.11547872149,0,0,0
0.0023869282839351935,0,1,27.730683413214493,0,0,0
0.04752447814172507,1,2,28.37615947707744,0,1,1
0.07115694549413884,1,1,44.23376165374049,0,1,1
0.010189870594962886,0,3,34.40034195530056,0,0,0
0.03397830326880114,1,2,31.6027647101768,0,0,0
0.0023087044017358047,0,0,34.01944337808239,0,0,0
0.002300593200291224,0,1,34.5418030719995,0,0,0
0.10106544939710711,0,2,33.63645265150416,0,0,0
0.023133829749843158,0,1,33.317545247335275,0,0,0
0.01990999419049691,0,1,23.137955673936084,0,0,0
0.006086269520663764,1,3,30.00324910846252,0,0,0
0.003793623768902095,1,3,31.817897898475785,0,0,0
0.0025810524634625595,1,2,39.640592998967946,0,0,0
0.032097214498760365,0,2,30.945815125334303,0,0,0
0.06802963019165895,1,1,31.13347139749686,1,0,1
0.015268316148058889,0,2,133.94041310467347,0,0,0
0.0024384890519000015,0,3,33.447788355537924,0,0,0
0.007309370722999349,1,2,21.755510260535324,0,0,0
0.007775620227186602,0,1,32.832429085252684,0,0,0
0.06164956378688449,0,2,18.037317957173798,0,0,0
0.05728209319922665,0,6,22.84827021936646,1,0,1
0.0023615498867488004,1,2,19.896908262694794,0,0,0
0.029989459076241985,0,1,35.71084655669067,0,0,0
0.0007706529830900041,0,2,34.38840085186837,0,0,0
0.007758443913635063,1,2,33.787227121501985,0,0,0
0.003357341703685426,0,3,30.858379439079584,0,0,0
0.0322649651239185,0,2,30.987134896428778,0,0,0
0.007088687658701527,1,4,31.66818086271293,0,0,0
0.00015934420980312576,1,1,29.818335286947754,0,0,0
0.010233600050893745,1,4,27.01109946929113,0,0,0
0.006211285604653569,0,0,19.364344399924224,0,0,0
0.007420646000551714,1,3,30.158025347153337,0,0,0
0.003427083935880669,0,0,20.9518970654312,0,0,0
0.00906979513121143,1,0,26.876388589672047,0,0,0
0.01586556444516921,1,1,28.364981575015864,0,1,1
0.017829772449597974,1,3,21.909602854645758,0,0,0
0.000804970667801392,0,1,35.098055692198756,0,0,0
0.00840244441689429,0,3,27.939731642428214,0,0,0
0.008429318760973878,0,6,24.623104898112743,0,0,0
0.007407207964714921,1,0,32.63921247182819,0,0,0
0.0014812105135576777,1,3,30.863024103474345,0,0,0
0.016886586838096643,0,1,23.55159687927698,0,0,0
0.021750810106810865,0,4,38.676914407397796,0,0,0
0.05555059306229179,0,2,34.65451295119132,0,0,0
0.012367341530693304,0,2,24.08779349299408,0,0,0
0.002467148222978134,0,6,33.85689122041509,0,0,0
0.06996450105903451,1,0,31.146888477197642,0,0,0
0.008222906140885358,1,1,23.463432148405168,0,0,0
0.03024008895972366,0,2,43.13910282741954,0,0,0
0.0024871297971659325,1,0,28.40172868823566,0,0,0
0.008925442680938611,1,1,39.03649974531214,0,0,0
0.012362342438876248,1,1,31.203197270045983,0,0,0
0.00903040813955337,1,2,25.760496251227945,0,0,0
0.0052602421895411354,1,3,30.36716399683072,0,0,0
0.0020242913096758038,0,2,28.12621077776619,0,0,0
0.0004157192618570977,1,1,30.98573284175593,0,0,0
0.002036741452428056,1,1,127.27850646618832,0,0,0
0.001015704493605831,1,4,26.23013032967274,0,0,0
0.0009617638301492672,1,4,29.482658721097305,0,0,0
0.003281360767306047,1,3,34.02747670133513,0,0,0
0.002670346965762014,1,7,26.719125450743114,0,1,0
0.00520584191825503,0,1,34.3207472021335,0,0,0
0.016603130750868025,1,1,82.64032276780434,0,0,1
0.0007502716392694421,1,5,29.82151693754209,0,0,0
0.0014577813274489005,0,3,27.18244112308648,0,0,0
0.014197554737743909,0,2,36.99181409533034,0,0,0
0.014456016414181571,1,6,25.81036119052572,0,0,0
0.031967508154599665,1,3,30.175694910453245,0,0,0
0.000460444117107526,0,3,28.572425201912523,0,0,0
0.011592659998127435,1,3,32.907637737536994,0,0,0
0.0063971381211040635,0,0,29.163856237090037,1,0,1
0.006591498956136461,0,3,26.28836087064903,0,0,0
0.00558398904489941,1,0,25.284715187804473,0,0,0
0.019498712254574346,0,3,30.172524117398908,0,0,0
0.0050504435117071905,0,2,20.969726478872385,0,0,0
0.05516776881263883,0,5,37.334762775127345,0,0,0
0.004004771955939842,0,0,30.05440537334727,0,0,0
0.009843382246926125,1,0,25.068078173531468,0,1,0
0.02566750329079332,0,2,36.85162648298451,0,0,0
0.007039307839213361,0,4,23.11972405499591,0,0,0
0.04117253401772548,0,2,31.55411656449244,0,0,0
0.0016155974648059943,1,3,21.268591581322838,0,0,0
0.0014432308974457117,1,4,31.577420184078388,0,0,0
0.0012451962390229623,1,1,32.45563552532093,0,0,0
0.0010300460222752831,1,5,30.657340042014326,0,0,0
0.12662080577217,1,3,37.49605553075222,0,0,0
0.027621959292381374,1,2,24.66813358016737,0,0,0
0.003007872871681824,1,1,30.600508084654596,0,0,0
0.031801477650998784,0,0,20.32480229919639,0,0,0
0.0025088556175218205,1,2,28.90183762815221,0,0,0
0.0022725866788914748,1,2,32.57110453396155,0,0,0
0.15910443219830805,0,3,27.05848854821167,0,1,0
0.016954404474119555,1,5,21.909169287284307,0,0,0
0.04432327108193953,0,0,177.025392386234,0,0,0
0.004514982008405156,1,2,26.980610511500913,0,0,0
0.005516113897368764,1,3,27.202809116317262,0,0,0
0.18374040885776138,1,3,34.78558872636843,0,0,0
0.006193860795416924,0,3,28.18926969320823,0,0,0
0.006599541403946051,0,4,30.252843280935014,0,0,0
0.0007635867888481651,0,3,24.629135460929675,0,0,0
0.0010954765906031757,1,1,26.65366449771164,0,0,0
0.05389999636746892,1,2,27.734938260852115,0,0,0
0.005632983907368023,0,1,38.56574962164554,0,0,0
0.00964443764868524,1,2,98.4967149317845,0,0,0
0.006350605414288365,0,1,30.453072687047737,0,0,0
0.001538034732108507,1,4,31.25822784836241,0,0,0
0.008208737852723273,0,3,32.56104653610651,0,0,0
0.0019006650341236576,1,1,17.375263602850943,1,1,1
0.0028768421884975168,0,0,32.63659484319649,0,0,0
0.05568720786396595,0,1,27.505026344173206,0,0,0
0.01582974057448352,1,6,34.50996090989008,0,0,0
0.031450408199816655,1,4,34.042105230908575,0,0,0
0.009980655575684633,1,3,36.85436405793662,0,0,0
0.04648847226675605,0,4,27.386459315992674,0,0,0
0.002198264977353481,0,1,30.799783034117098,0,0,0
0.31870429826889085,1,1,30.734799136013766,0,0,0
0.004262143204949642,0,1,32.77963543635968,0,0,0
0.0006926102645056766,1,2,19.50004173832241,0,0,0
0.01933231426008702,0,3,28.615013327097536,0,0,0
0.011293335234578676,1,0,29.47052514492171,0,0,0
0.0011788052747627692,1,0,18.994780533550426,0,0,0
0.00024690692018471534,0,3,34.47956207660596,0,0,0
0.06206245840996375,1,1,26.81160275476154,0,0,0
0.01680896742494298,0,2,20.947022328351295,0,0,0
0.001332848641811888,1,6,30.042257021478548,0,0,0
0.01357176584535481,0,2,33.058467719772615,0,0,0
0.03106561937165728,1,5,28.09870317591256,0,0,0
0.0012021505206519438,0,1,23.84582091298563,0,0,0
0.0018921230591727022,0,4,28.392251401022378,0,0,0
0.020541566880655386,0,5,27.966870715097162,0,0,0
0.004031961183409325,1,2,24.44868318462248,0,0,0
0.02225357915413396,1,2,28.10321415336349,0,0,0
0.019318560258217585,1,2,26.52870052655978,0,0,0
0.013606343892243055,1,1,30.42164363736804,0,0,0
0.007770979123837042,0,5,26.250161522131176,0,0,0
0.028601274284203417,0,0,38.93418751236305,0,0,0
0.01128655139633593,1,1,31.791507543973577,0,0,0
0.002384892487445946,0,4,24.128687028399042,0,1,0
0.07529556174344376,0,1,29.677836409885362,0,0,0
0.0032753497109552308,0,1,35.19478459046491,0,0,0
0.05643758979822983,1,3,27.14401075703296,0,0,0
0.00433790454333963,0,3,38.2186378762179,0,0,0
0.3996405951262967,0,3,29.91806882312524,0,0,0
0.0004852814046914705,0,3,31.420953297639006,0,1,0
0.01848562686407698,1,2,27.65116707636204,0,0,0
0.011436627895846983,1,4,24.52352590440296,0,0,0
0.05596529982007478,1,1,27.502332168038876,0,0,0
0.012190857110785453,0,1,29.680688256347448,0,0,0
0.004482802435868289,1,5,30.949679901517968,0,0,0
0.006135541546867562,1,2,34.778746041846965,0,0,0
0.01118147546287984,0,1,28.340633523063364,0,0,0
0.018042373697397796,1,0,28.373544196041298,0,0,0
0.00538825747152665,0,6,31.35160803678133,0,0,0
0.0004075534950110207,1,1,28.025969854333248,0,0,0
0.006644063738803574,1,3,29.382222542776553,0,0,0
0.018544511422649602,1,3,30.574674084352424,0,0,0
0.022540992010956152,0,2,31.24269514488874,0,0,0
0.005096343173555716,1,2,34.66039962729661,0,0,0
0.00890666906302431,1,5,31.045689354155343,0,0,0
0.037450297695726,0,0,172.9526201760798,0,0,0
5.155594928375636e-05,1,1,31.296881449535576,0,0,0
0.23057093047734672,1,1,20.641095926747774,0,1,1
0.005907025745898331,1,1,29.36417661009171,0,0,0
0.00845649152085251,1,0,38.92252239464348,0,0,0
0.19487361435090458,0,3,32.582800813206504,0,0,0
0.0023234323072547553,1,0,29.547548553263432,0,0,0
0.016507268249855527,0,3,28.05643372716114,0,0,0
0.013760758044651341,1,2,29.74165097912237,0,0,0
0.08463515406462986,0,2,34.851312007718896,0,0,0
0.02312219094447614,0,4,26.69091424467237,0,0,0
0.0017168957133896628,1,1,24.139455303046216,0,0,0
0.0025946859556404992,1,1,29.469978672104347,0,0,0
0.0872882050489916,1,2,36.040722451195606,0,0,0
0.003483021252698594,1,0,29.447734583389863,0,1,0
0.008454965604876605,1,2,21.28628946332724,0,0,0
0.02886996788818925,1,3,39.770206754267896,0,0,0
0.006250347881758696,0,4,24.72832683624393,0,0,0
0.006218057081969806,0,4,22.758400448189562,0,0,0
0.022021708085057785,0,0,28.111028997913724,0,0,0
0.007302645364600441,0,4,38.77664413622769,0,0,0
0.0001051689017902825,1,2,29.317028193494227,0,0,0
0.0003699495875856854,1,1,31.67713909371178,0,0,0
0.004011790201446885,0,3,35.18669692815051,0,0,0
0.00256090578715384,0,3,25.746099008486123,0,0,0
0.0012136062079722285,1,2,25.153468625830246,0,0,0
0.0022108676133170153,0,1,105.57043768262672,0,0,0
0.0007470580725155193,0,3,38.41322030943246,0,0,0
0.01279686182300379,1,0,27.73544477564821,0,0,0
0.000872790926815184,1,2,23.520388281179162,0,0,0
0.0733112604242008,0,3,27.045284001628954,0,0,0
0.04349575424876186,1,3,20.595230196839605,0,0,0
0.041162504542339204,1,3,29.747000219130133,0,0,0
0.02044194577239086,0,2,35.28331247916082,0,0,0
0.0017106256384617723,1,1,36.350253847862305,0,0,0
0.030601741021369193,1,3,38.12241892032483,0,0,0
0.5362733990676759,0,3,26.9178410766093,0,0,0
0.005908231287530574,0,2,28.5922162896202,0,0,0
0.016958688621738417,1,2,30.885590952600616,0,0,0
0.02155252287541411,0,3,34.36291561323764,0,0,0
0.007667268428086086,0,1,25.442965704024424,0,0,0
0.044838873934233095,1,4,28.993575439869357,0,0,0
0.009139594091749796,1,4,26.584109551132663,0,0,0
0.012554258525860288,1,1,25.254308502126435,0,0,0
0.013243056879488504,1,3,18.882276756979543,0,0,0
0.005872120205713444,1,1,34.55353329167692,0,0,0
0.0406308021332428,0,3,33.736422779895435,0,1,0
0.0060947976347810635,0,1,27.72683595320147,0,0,0
0.0016057208188761285,0,2,94.11399815226885,0,0,0
0.0002662121818300967,1,1,14.776335245116542,0,0,0
0.0014995846628240697,1,0,28.433316633583193,0,0,0
0.003230616659414164,1,1,26.480438983329126,0,0,0
0.009875061623544857,0,2,27.772193666423448,0,0,0
0.0014261779630681802,1,1,30.865541325992282,1,0,1
0.019074028304516367,0,3,38.03066158004882,0,0,0
0.0028177620451266005,1,2,29.558825956278966,0,0,0
0.05476036630396951,1,4,32.82467982731191,0,0,0
0.01579908971209674,0,2,29.083576501318348,0,0,0
0.0026954445779608155,1,1,35.13667321944339,0,0,0
0.22682469436307612,0,3,93.43472663810351,0,0,0
0.032168146328589844,0,6,21.51709013784084,0,0,0
0.008863407891523444,0,0,31.071526530789665,0,0,0
0.008983034433110845,0,3,33.98868661728101,0,0,0
0.0011629084700887852,0,0,28.399730803725895,0,1,0
0.0772525451051344,1,2,30.04860553578902,0,0,0
0.04602177423969778,1,2,30.058738415595954,0,0,0
0.012488559739995601,0,2,29.238785795198314,0,0,0
0.004068401694854039,1,0,32.421574472976246,0,0,0
0.0033663554013376885,0,1,25.574342158564924,0,0,0
0.0010569288525142985,0,2,31.856834710826085,0,0,0
0.0031800749502044583,1,1,40.48891927592467,0,0,0
0.009066209170760784,0,4,33.32611069993963,0,0,0
0.0037398877566859525,0,1,33.271716697893375,0,0,0
0.011106897895526976,1,4,29.622930116897926,0,0,0
0.003911263065312492,0,2,38.56247715412078,0,0,0
0.0007508020170826401,0,3,30.723977172667762,0,0,0
0.004953344883710094,1,1,165.90678203945228,0,1,1
0.0024843062258768697,1,2,32.36930107820625,0,0,0
0.05237859374830682,0,2,23.043867592359263,0,0,0
0.004833880882151261,1,1,28.074228636376354,0,0,0
0.01555165129372122,0,0,21.14921707792341,0,0,0
0.0026743638997132097,1,1,32.50205783622199,0,0,0
0.03546692909600007,1,2,22.11511901967307,0,0,0
0.04066430724513397,0,2,29.977923720518373,0,0,0
0.004850925510582746,0,0,31.807102000985704,0,0,0
0.05546867455551011,1,3,32.177294480487,0,0,0
0.009547447085301822,1,2,65.78698404839268,0,0,0
0.018581053263083333,1,2,27.460023508521427,0,0,0
0.001203634373745449,0,2,29.544872439843576,0,0,0
0.0068252427887429065,0,2,25.674130381559355,0,0,0
0.05560524146353828,1,3,30.53114722968905,0,0,0
0.2604819847826336,1,0,26.434586506362315,0,0,0
0.007905043307413739,1,0,30.05560686871801,0,0,0
0.00249004128350535,0,0,22.755984917630762,0,0,0
0.02078450824470922,0,1,30.262261064880096,0,0,0
0.00045471923614810164,1,4,35.113718195431765,0,0,0
0.013884898158344159,1,1,25.145847318545435,0,0,0
0.0003221870344594741,1,4,25.58579473140989,0,0,0
0.0170663919378811,0,4,32.18112056461053,0,0,0
0.027158825534959526,0,1,26.29901228759814,0,0,0
0.17552426466229373,1,2,27.278353288987656,0,0,0
0.01590712728267025,0,1,30.16256874367453,0,0,0
0.0031246809057290346,1,2,28.51054286315174,0,0,0
0.0004997942868407868,1,0,28.244594735955875,0,0,0
0.011060748971975572,1,2,36.39587041008592,0,0,0
0.0016493008153812263,1,1,34.25481357442293,1,0,1
0.07123417804154285,1,3,26.966817810000055,0,0,0
0.018167662399534053,1,1,29.939393852494355,0,0,0
0.0036649318827302792,0,3,28.9590215702109,0,0,0
0.022498876980743945,1,1,28.02010280087754,0,0,0
0.010538823524552507,1,2,24.932261509321215,0,0,0
0.004126870136264607,1,0,151.79792054576424,0,0,0
0.03471277207599374,1,5,32.307853600888244,0,0,0
0.004402192965577462,0,0,26.420500902512746,0,0,0
0.004460940569020644,0,2,146.14271825482615,0,0,0
0.0016465262692342464,0,3,29.564431406885365,0,0,0
0.00013013239713548257,0,0,24.584577489691505,0,0,0
0.002374153306204177,0,1,24.641101519773766,0,0,0
0.0015411707766841954,0,0,110.58548251550204,0,0,0
0.0011794765980534638,0,0,27.720219551916166,0,0,0
0.0018856715424138107,1,1,28.8599711322216,0,0,0
0.022407399320584498,1,0,34.470852616914584,0,0,0
0.008710617059971067,1,2,33.332078363439855,0,0,0
0.030995296068098824,1,0,30.12741333493726,0,0,0
0.0030565877396015726,1,0,24.55133582785122,0,0,0
0.0037751154960207517,1,4,33.011103835208665,0,1,0
0.05760947571872127,0,1,25.69626600996873,0,0,0
0.0002690812378697277,0,3,22.5841229507877,0,0,0
0.016691145553112637,1,0,26.585395862247644,0,0,0
0.007011973683104416,1,0,25.502044969386773,0,0,0
0.22328899823928022,1,0,37.94633045240645,0,0,0
0.010842845854501973,1,1,23.61224358017221,0,0,0
0.03739877957050686,1,3,33.031103431776735,0,0,0
0.0019329241227676237,1,2,28.373840864765658,1,0,1
0.0021417054183608167,0,2,26.483223754794405,0,0,0
0.02488020673340833,1,2,34.538802432766516,0,0,0
0.0008801468155342328,0,0,32.48775023826834,0,0,0
0.10173940772367074,1,1,29.65610439906998,0,1,1
0.001764530012790259,0,0,37.954810484259205,0,0,0
0.03610895885720567,0,3,24.355068012542052,0,0,0
0.06283840964153814,1,1,35.988178043564005,0,0,0
0.03588505126748858,1,2,26.284839848139608,0,0,0
0.008474272702664718,1,3,29.38955061153263,0,0,0
0.004272731139929698,0,1,36.26473574236981,0,0,0
0.00046294633030838513,0,1,35.599826645907584,0,0,0
0.003270083408504409,1,2,33.68767828053881,0,0,0
0.013393579786956149,0,2,32.24810785093561,0,0,0
0.03200849091064962,1,1,36.899360448787505,0,0,0
0.006004140914567044,0,2,28.07662216242957,0,0,0
0.01408040203145334,1,4,21.385371239127714,0,0,0
0.014960807073076588,0,1,98.56972303902585,0,0,0
0.01721029613315775,0,1,32.022675960889885,0,0,0
0.017494688654199102,1,2,32.11878485729788,0,1,1
0.0033152380326832045,1,0,28.76706873561345,0,0,0
0.02040567431875442,1,1,28.055982587615752,0,0,0
0.004875179003096723,1,3,25.76478189987846,0,0,0
0.009342243185529025,0,2,25.339628290705566,0,0,0
0.022443784962000196,0,1,32.39024881263013,0,0,0
0.004247665343458201,1,2,29.9068477694668,0,0,0
0.0030002656359320316,1,0,18.67567785510751,0,0,0
0.013594185600000317,0,4,35.22194195975971,0,0,0
0.006742425328190547,0,0,33.40869385267867,0,0,0
0.023495780315159514,1,1,41.11887693030556,0,0,0
0.03833202803830453,1,1,27.563308641091833,0,0,0
0.028584292844368354,1,1,26.904704728999754,0,1,1
0.09229163319053227,1,3,25.793259343853062,0,0,0
0.01293009179454814,0,1,26.30332058472058,0,0,0
0.0019002311197576101,0,1,33.39589707561502,0,0,0
0.046523985358094454,1,3,29.496999624806502,0,0,0
0.050163105301449476,0,1,23.214233480914913,1,0,1
0.013082145127262067,1,1,105.75841085296926,0,0,1
0.002547967893556626,0,1,28.598929184323143,0,1,0
0.0012882215324275356,1,1,28.363267335369457,0,0,0
0.013527247562368647,0,1,28.154210756295324,0,0,0
0.04161691622924037,1,3,23.441635077273958,0,0,0
0.00038599383359660646,0,5,35.48381964743806,0,0,0
0.028239226707261124,1,1,20.320480967596698,0,0,0
0.01015983201483211,1,4,21.986120213400717,0,0,0
0.004586000748689622,0,1,31.419932174513782,0,0,0
0.00019262256642698592,0,2,21.651452814040525,0,0,0
0.00501244216954136,1,1,29.8906348649175,0,0,0
0.0013398089330862385,0,2,29.07313466411585,0,0,0
0.39270807998348345,1,2,22.879117001053366,0,0,0
0.01118445884121385,1,3,34.19332770154017,0,0,0
0.0036020726752397777,1,1,30.456328241065723,0,1,0
0.03747448910854047,0,4,29.9671780503439,0,0,0
0.007625399592335038,1,2,22.50499524689809,0,0,0
0.000268878818527435,1,1,34.550365411564265,0,0,0
0.004821675028349041,1,1,29.88423696685961,0,0,0
0.0016344626380115858,0,4,19.79462265140352,0,0,0
0.0003908634455487517,1,3,30.811911845897193,0,0,0
0.004511397251549004,1,2,29.913535762110307,0,0,0
0.02623100575683174,0,1,36.929561771640344,0,0,0
0.0036905423055208744,1,1,41.45139849429145,0,1,0
0.0013721496362798927,0,0,30.077564758138507,0,0,0
0.002387119104011458,1,0,132.3587761631792,0,0,0
0.019891291236431654,0,1,22.471067591231,0,0,0
0.005256184802811198,1,4,29.55631689073701,0,0,0
0.001206737367300299,1,2,28.44220307518221,0,0,0
0.013104543554308923,1,5,37.88567384806799,0,0,0
0.00179553500193457,1,1,31.690719488744303,0,0,0
0.0015847095324903933,0,1,33.575605602459966,0,0,0
0.05695716704178313,1,1,25.17430961911993,0,0,0
0.02243680933576605,0,2,30.16859683785653,0,0,0
0.0027626359389874827,1,1,38.95548599944095,0,0,0
0.006908716356985792,1,3,31.45473213667603,0,0,0
0.0008819739291492196,1,4,37.17670560615985,0,0,0
0.003005890764747311,0,2,26.965930742775722,0,1,0
0.023907308634278285,1,1,26.149208698082994,0,0,0
0.0034466938423334693,1,3,25.839365244224496,0,0,0
0.004565329554650681,1,2,26.26565101249139,0,0,0
0.23156338715578098,0,1,36.33942536314738,0,0,0
0.003007838303987246,1,1,35.90666621564019,0,1,0
0.009588863275443992,1,2,160.46863912073178,0,0,0
0.0010070096704907344,0,3,22.639414430569854,0,0,0
0.0004478693870461841,1,1,29.437178784205624,0,0,0
0.008698376001459344,0,0,36.10346889678271,0,0,0
0.0026933235408378386,1,3,30.901860968997898,0,0,0
0.006217228025747286,0,4,25.52784626096398,0,1,0
0.002992680119832848,1,0,28.09909864673674,0,1,0
0.004561485027899909,1,2,30.00226850430626,1,0,1
0.34522320691180575,0,3,48.11834391612469,0,0,0
0.004148988341079256,1,5,29.292838740117336,0,0,0
0.05309324151758386,0,1,29.738276311220694,0,0,0
0.002766455786797699,1,2,27.192262121844315,0,0,0
0.001310528304968844,1,2,33.23601895471285,0,0,0
0.0010071495927625631,1,2,31.720847102962395,0,1,0
0.0007783730001031781,0,1,32.06783089512896,0,0,0
0.05440435794654695,0,2,28.71398578273729,0,0,0
0.0001914427978101682,0,3,27.80408694423683,0,0,0
0.005640328300364726,1,1,23.77175691894815,0,0,0
0.0050340488406078205,1,3,37.4616048975073,0,0,0
0.031161580132295506,0,2,25.560827460188197,0,0,0
0.0034402117658002005,0,1,33.255371680205336,0,0,0
0.007699983180716391,0,4,36.182700910256166,0,0,0
0.007356403490941458,1,3,28.033872230079716,0,0,0
0.0015415475856256598,0,4,27.300200665401384,0,0,0
0.00021614633869891715,0,3,31.690473757588446,0,0,0
0.012082705091680811,1,0,26.514057776777943,0,0,0
0.0028101008651906403,1,5,33.82992923596495,0,0,0
0.002573285057130187,0,2,28.582335029961527,0,0,0
0.009156450898996289,0,5,31.009118555405887,0,0,0
0.012858944367889586,0,1,27.188701071538944,0,0,0
0.007692987015749803,0,3,25.31263594600182,0,0,0
0.07962289824712167,0,1,33.23443383486263,0,0,0
0.02709772245992364,1,2,36.255568392623815,0,0,0
0.006378873432233759,1,4,30.103288693197765,0,0,0
0.003620508284728127,1,2,19.81954082035971,0,0,0
0.0004739867931023764,0,2,32.64432278068542,0,0,0
0.0004071627595860778,1,5,31.23725748976252,0,0,0
0.01299155048583785,1,3,18.702362307878445,0,0,0
0.017266768338426268,1,0,33.5939448891485,0,0,0
0.022171388053727658,0,1,29.605908097819842,0,0,0
0.10925614314096006,0,4,33.72858062607366,0,0,0
0.0011991187363600898,0,1,28.649747474369395,0,0,0
0.010434842627706793,0,2,32.4446870769063,0,0,0
0.04572621801324703,1,1,31.35472387749248,0,0,0
0.001637021964203123,1,0,32.09539527702666,0,0,0
0.014439091367895887,0,1,34.226180777261895,0,0,0
0.00237650841150699,0,2,25.356827247976547,0,0,0
0.0021652913686348915,0,1,33.4089015477082,0,0,0
0.01009351194215289,0,0,30.353485710861108,0,0,0
0.0068756886466519946,0,2,23.592704597520708,0,1,0
0.0026081515105183324,1,4,29.164855081126372,0,0,0
0.033945786757691734,1,0,23.30029461584143,0,0,0
0.02526536885668462,0,4,27.98333652501643,0,0,0
0.0010356955699184,0,3,38.19678862298052,0,1,0
0.0003335247396303865,1,2,31.64799129151417,1,0,1
0.0030646764701422204,1,0,29.324660131544924,0,0,0
0.025336518642390365,1,3,146.78859354037579,0,0,1
0.012724949654906021,0,1,28.970577824172782,0,0,0
0.03404485273072477,1,2,39.29036297738104,0,0,0
0.005607828344983563,1,3,28.110923905438725,0,0,0
0.000490327307213147,1,3,25.8816919859972,0,0,0
0.003095676082852282,1,4,24.926747087209648,0,0,0
0.011691994880044085,1,4,30.5523454284028,0,0,0
0.02361790037963323,1,1,27.812074032546636,0,0,0
0.011817898439307792,1,2,28.831864018183275,0,0,0
0.0021112779007826142,0,3,26.977838264562806,0,0,0
0.007562037850325725,1,0,31.82147740885061,0,0,0
0.03276602970917371,1,1,34.210016589366845,0,0,0
0.004657350230727917,1,2,31.967084231888887,0,0,0
0.0005532427822367299,0,3,26.51408916979156,0,0,0
0.01079324385180861,1,1,38.92985890952062,0,0,0
0.006629216825976997,0,2,27.882644879803966,0,0,0
0.009644579941572638,0,2,32.21250702992675,0,0,0
0.0039300899256238045,0,1,29.24530416228744,0,0,0
0.00047815348549775673,1,1,30.29000692331073,0,1,0
0.001944751824146686,0,4,33.378217257857905,1,0,1
0.001515119915665813,0,3,29.511847940540964,0,0,0
0.0013460821247728938,1,1,33.13352035490292,0,0,0
0.002717689160733846,0,3,33.929039169314116,0,0,0
0.020445227201769632,0,6,26.522089841653806,0,0,0
0.029314546360599682,0,2,21.642721410519624,0,0,0
0.0034153793668367867,1,1,29.240341635577003,0,0,0
0.07137895914852067,1,4,22.185800608800406,0,0,0
0.004120236453671088,0,1,27.61085907341067,0,0,0
0.0009783868960480256,1,2,20.123882033073915,0,0,0
0.0006777177885647235,1,2,36.17056122248427,0,0,0
0.00557520781977974,1,1,32.450877528403055,0,0,0
0.0005889373425954602,1,2,25.35942255290012,0,0,0
0.08652092888590278,0,1,27.995685517498437,0,0,0
0.28672501723602567,0,1,31.5068846997776,0,0,0
0.0018810944708327454,1,1,35.7377772491594,0,0,0
0.04571761728474838,0,3,35.32064496164619,0,0,0
0.028595239883666516,0,2,14.298580937302606,0,0,0
0.2186793086265722,1,2,34.595035162652245,0,0,0
0.01659887510500846,0,2,33.23061490486131,0,0,0
0.007321293291015054,1,1,25.932616669627063,0,0,0
0.001535719383837634,0,4,37.7534346376546,0,0,0
0.010402782388787942,1,1,28.578996123745995,0,0,0
0.0035352804566352995,0,2,26.25408036803135,0,0,0
0.01101788761232078,1,3,32.0750673409259,0,0,0
0.0023054694260610043,1,3,29.107584379704072,0,0,0
0.009584349022367203,0,3,27.618884449495564,0,0,0
0.002425838561390335,1,3,23.481370296591177,0,0,0
0.0035698763719710495,1,1,34.069888829496925,0,0,0
0.00048181765712211616,1,2,35.525469597061566,0,0,0
0.055407431428599725,1,2,33.03346060868329,0,0,0
0.0022054469620316204,0,3,28.79198126409697,0,0,0
0.005764708542922571,0,2,35.127335073399706,0,0,0
0.0008666255687409804,0,3,24.676421570575656,0,0,0
0.0003864797210639341,0,0,31.833820601361317,0,0,0
0.005363016833733773,0,1,31.13571870411211,0,0,0
0.01864679723953045,0,0,32.99702964182139,0,0,0
0.0006844210806104275,0,2,26.139757190703463,0,0,0
0.2437190440480626,1,4,26.586214103024297,0,0,0
0.043958678201917886,0,0,23.88958788715354,0,0,0
0.0032844937335068463,0,3,28.71065065844885,0,1,0
0.0019113918361138163,0,2,28.779946407638807,0,0,0
0.5675890387707581,1,2,28.429530670583926,0,0,0
0.018849143388258084,1,2,30.805148525082167,0,0,0
0.005489702829310345,1,3,25.819941594300442,0,0,0
0.0013100773116789587,1,1,32.549246209335564,0,0,0
0.0021683127504983028,1,1,23.805520633829303,0,0,0
0.015430919239704402,1,1,24.74357137587559,0,0,0
0.0012253452389584612,1,2,19.814790207110235,0,0,0
0.023404303245264952,0,4,27.960518168873023,0,0,0
0.014426578483583396,0,4,31.748199887924834,0,0,0
0.0015070933722980647,1,2,35.995113607226585,0,0,0
0.0019753574987928673,1,1,33.55008501172856,0,0,0
0.026395600802788483,1,2,30.237370417830338,0,0,0
0.07264053597913822,1,0,29.01608364405536,0,0,0
0.006080251036707401,1,1,34.05522729891558,0,0,0
0.0013912227197662413,0,0,31.83891190471264,0,0,0
0.00244839330450466,0,1,25.195360048136692,0,0,0
0.03459510915927747,1,2,23.366903561690528,0,1,1
0.001304711778993428,0,1,35.64425085915237,0,0,0
0.003289845856541081,0,3,30.644807070009783,0,0,0
0.011244770287917132,0,0,23.265063343249523,0,0,0
0.039203273449528474,1,1,40.41008753918105,0,0,0
0.0009876611161766078,0,1,31.794864725218083,0,0,0
0.025021406520575863,1,2,34.880170261072514,0,0,0
0.0006253597198910443,0,2,29.027738999062578,0,0,0
0.09629307141232428,0,1,126.94520195469413,0,0,0
0.00275465863125184,1,2,24.962889147983024,0,0,0
0.0012258021196370585,0,2,25.88342667712398,0,0,0
0.003121000215629807,0,3,25.25072529750851,0,0,0
0.007257965813047263,0,0,32.1956215919067,0,0,0
0.003180847665051393,1,5,26.814523393239988,0,0,0
0.0015946587809500684,0,0,38.15076361279729,0,0,0
0.0020773086809589766,1,0,25.218599017702196,0,0,0
0.053983832127750375,0,3,135.85925254238535,0,0,0
0.005472006018730727,1,2,34.15897752948755,0,0,0
0.0003112650466562059,1,3,24.573803430091875,0,0,0
0.008381101059762364,0,1,31.451363410169467,0,0,0
0.0041965993986840255,1,3,29.925016254411858,0,0,0
0.05336489470934654,1,2,32.709949396422324,0,0,0
0.0011185882961723677,1,3,36.91637106183039,0,0,0
0.0006282114926705751,1,1,35.573771013664945,0,0,0
0.01132560351258697,1,2,28.930553045748084,0,0,0
0.0005325101209011316,1,2,27.107405954179683,0,0,0
0.1013824675380341,0,0,34.92292767329167,0,0,0
0.001732382974452892,1,2,102.09132396604646,0,0,0
0.0070410110085807045,0,1,29.03236505765796,0,0,0
0.002009680494878855,0,1,27.738952799127045,0,0,0
0.031220170977414145,1,1,30.02389279656418,0,0,0
0.014124924603909872,1,3,32.490254332800376,0,0,0
0.0030194502796088737,0,4,20.17601548406312,0,0,0
0.012393307835479398,1,2,25.794530404251283,0,0,0
0.0036499526855095837,1,2,25.624030341852745,0,0,0
0.21229844983309526,1,1,32.61413694024355,0,0,0
0.003086762788880084,1,3,27.260698707660303,0,0,0
0.0020914582583154403,0,0,122.73901163034013,0,0,0
0.0015320961540341794,0,3,28.69198879093636,0,0,0
0.0071056944846394346,1,3,29.10834555318742,0,1,0
0.0007098842935528427,0,1,27.877159456455253,0,0,0
0.051514935569158836,0,2,29.942061802672857,0,0,0
0.004157328135751555,1,2,33.56383556195932,0,0,0
0.009739962935341233,0,2,20.29720190361555,0,0,0
0.0017209875173039145,1,3,33.04713894775413,0,0,0
0.004106934878874462,0,1,29.62252845951162,0,0,0
0.03140405641302226,0,4,25.408295525803055,0,0,0
0.0022281371203484216,0,1,29.62851391193739,0,1,0
0.001217623736814535,1,2,32.782788231727686,0,1,0
0.0019206306876694405,0,2,31.98428085408334,0,0,0
0.0034569134794861325,0,1,25.828971303672716,0,0,0
0.0013574865009411124,1,2,30.031061588500727,0,0,0
0.017026347436823488,1,4,29.38913696324555,0,0,0
0.0024932210638792356,0,1,36.28449046891498,0,0,0
0.0005369341912818872,0,2,32.772256475410636,0,0,0
0.021977752778705173,0,2,30.004940181534174,0,0,0
0.10655151843129759,0,2,37.259397713268555,0,0,0
0.00040439841185825235,0,2,95.3148662572548,0,0,0
0.16206920109031497,0,1,23.278555022383216,0,0,0
0.003577314710759999,1,5,28.411946028950673,0,0,0
0.012758959947093177,1,1,29.326300913102255,0,0,0
0.026573053377983668,1,3,25.061097236700654,0,0,0
0.031730453152775645,1,3,30.80578866415251,0,0,0
0.03834737754651378,1,2,25.870657998530273,0,0,0
0.006640239962158148,1,0,35.42142600762328,0,0,0
0.018355291607324496,1,3,29.00458640517601,0,0,0
0.002278336248603116,0,1,112.36734934677929,0,0,0
0.015856874985983812,1,4,21.942217377037018,0,0,0
0.002729292228404364,1,2,33.417339381765004,0,0,0
0.008025560535218473,1,1,28.235768800589504,0,1,0
0.03185927686053317,0,1,19.300559362391986,0,0,0
0.005455546253197961,1,1,204.8772245394064,0,1,1
0.0067277201627798724,0,3,28.285268355964647,0,0,0
0.038462059505001735,1,1,29.730380041868365,0,0,0
0.005545354188003695,0,3,32.22961899516737,0,0,0
0.006799718912098243,0,2,23.38709303609197,0,0,0
0.006747806176820843,0,5,25.551495376252788,0,0,0
0.008401394732291182,0,3,31.27673903561354,0,0,0
0.0056711764752393435,1,1,27.481042145826933,0,0,0
0.001457266340634131,0,1,40.39204655914911,0,0,0
0.0033690856467669724,1,2,26.355037423041463,0,0,0
0.0011747168425572689,1,2,34.16446261759082,0,0,0
0.013848919724941702,0,1,36.02593243994598,0,0,0
0.002030513374691713,1,1,27.419460143716996,0,0,0
0.014636271891033295,0,2,25.55648319053212,0,0,0
0.02023194225548763,0,2,174.18405223484902,0,0,0
0.0927572434368945,1,1,147.8043502026997,0,0,1
0.003534644205482925,1,1,33.718786049951134,0,0,0
0.0299412097085491,0,1,22.219855441578424,0,0,0
0.012855614026171332,0,3,36.82208324760612,0,0,0
0.007300537650806889,0,2,32.20248941944253,0,0,0
0.0014875521286565525,1,0,30.448382618398217,0,0,0
0.00432781278902743,0,3,37.396824854500814,1,0,1
0.03570705431775127,0,2,33.86573580360985,0,0,0
0.006395409853173226,1,2,27.76877328819918,0,0,0
0.0889496708021309,0,3,34.34552385256465,0,0,0
0.011474006811757066,0,0,30.72272968553676,0,0,0
0.00048026190100020945,1,3,29.086140293151452,0,0,0
0.04554156803973969,0,0,28.446591995209243,0,1,0
0.012682994231232961,0,5,38.130929760572116,0,0,0
0.030844925859250392,1,2,33.132119970469454,1,0,1
0.00464871808191473,0,3,34.063136032399825,0,0,0
0.0008798160061393331,1,1,28.094157487920768,0,0,0
0.0047173053252795106,1,1,27.538562855166653,0,0,0
0.03687117800734504,0,1,26.45915669871687,0,0,0
0.001802793130778682,1,3,76.69539755095826,0,0,0
0.002209566679341791,1,3,24.561002322445734,0,0,0
0.07473221654716582,1,2,26.273858121088345,0,0,0
0.04684486364927743,1,1,32.13954134308392,0,0,0
0.042480604209522,0,2,19.85607233720554,0,0,0
0.006801092578801255,0,3,33.196447134135184,0,0,0
0.0010156155464392305,1,3,35.76867460447362,0,0,0
0.0038311504929012235,0,2,32.89418027312596,0,0,0
0.014305137378746433,1,1,30.76088200752214,0,0,0
0.022625876139375268,0,1,31.154708842620476,0,0,0
0.005027452852193372,1,3,34.68095026700856,0,1,0
0.047198854192535236,0,2,29.592566659530846,0,0,0
0.0022425200509949717,0,2,23.271295179841513,0,0,0
0.0036648329639091693,0,2,26.501450278992316,0,0,0
0.033514724842997265,0,1,40.21731124346797,0,0,0
0.012601572656275036,0,6,21.41042230418497,0,0,0
0.039312151722847896,0,0,29.222687206300556,0,0,0
0.029378041727015525,0,2,25.90633308604816,0,0,0
0.04991892806624765,0,2,36.496412878407995,0,0,0
0.008249105516009532,1,1,24.661625083062695,0,1,0
0.05126008874427561,1,1,22.35157110014578,0,0,0
0.07577095143666662,1,1,33.88479993761306,0,1,1
0.004062700498695509,0,1,29.366634411759776,0,0,0
0.001359599015333897,1,3,25.68793398679701,0,0,0
0.007734318889711757,1,1,36.59483067735773,0,0,0
0.017735757170106496,0,0,22.5095956247446,0,0,0
0.0032065068658807794,0,2,34.04530866616583,0,0,0
0.0233615623392675,0,1,28.589911770051863,0,0,0
0.00047726687539454543,0,0,37.00610087658687,0,0,0
0.007594321301392442,0,5,23.75255805191307,0,1,0
0.0017400883678349648,0,0,39.74069775062167,0,0,0
0.0006143178685031587,1,3,40.02779066653333,0,0,0
0.0066929627810724925,0,1,30.30979050330906,0,0,0
0.002251605551783333,1,2,19.676585665909208,0,0,0
0.0005239695432647747,0,3,30.60505482528802,0,0,0
0.01674984772704998,1,5,124.81626596072705,0,0,1
0.009141980822892366,1,1,33.91843093886449,0,0,0
0.005178927150584764,1,2,33.35364631176449,0,0,0
0.00233021408550692,0,3,33.02097875308186,0,0,0
0.017365763082016483,0,0,24.05729349349825,0,0,0
0.01419264164293598,0,1,31.93068276888433,0,0,0
0.0002920712414638057,1,1,29.663397770949928,0,0,0
0.007203930242611222,0,1,30.000922272244956,0,0,0
0.0020135665467423177,1,2,123.23115633604706,0,0,0
0.014150638356626163,1,0,27.054014939575847,0,0,0
0.002383356341245376,0,3,32.22393707511867,0,0,0
0.0006774947396004482,1,1,33.000147624049575,0,0,0
0.011082300914222739,0,2,22.692553773033588,0,0,0
0.0004079696091325335,1,0,29.695036286900272,0,0,0
0.08603384503912499,0,2,36.068463472371846,0,1,0
0.021270303615720135,0,2,24.48457124336577,0,0,0
0.000586994315910799,0,2,22.17070477705564,0,1,0
0.005427534103149458,0,4,30.244196510954893,0,0,0
0.0019710753356949624,1,0,28.096835137647084,0,0,0
0.0009107827370947142,0,2,27.3276280682773,0,0,0
0.001217260066050703,1,5,25.200033201822308,0,0,0
0.02777670205737255,1,3,100.8016362175834,0,0,1
0.010805787430054076,0,3,33.20907137594685,0,0,0
0.0020263473686142393,1,1,37.85707813540698,0,0,0
0.007571139187101373,0,3,18.24605834931881,0,0,0
0.04480085829497671,1,3,125.39737408785767,0,0,1
0.0021253501808737724,0,1,33.31734562618398,0,0,0
0.0515157373719694,1,5,23.27997163780759,0,0,0
0.01710806108205609,1,0,32.635171949874355,0,0,0
0.0038817501233561376,0,1,20.83612052946299,0,0,0
0.0009671404767224061,0,1,27.283722545319332,0,0,0
0.043261813276966744,0,2,25.459861744986064,0,0,0
0.00025817988649184996,1,5,27.002038411331313,0,0,0
0.04555940058954826,1,7,29.019123774378084,0,0,0
0.0040313367777932065,0,4,23.789189002846324,0,0,0
0.0012975713559020964,1,1,38.38221247063729,0,0,0
0.05594775023501126,0,4,23.472675271407986,0,0,0
0.007769537830496434,0,4,35.939890107554206,0,0,0
0.005476821785607774,0,0,33.54607113811265,0,1,0
0.12531863260203852,1,1,20.87500374358122,0,0,0
0.00351166192768238,0,1,35.029514542944106,0,0,0
0.0009190023517215764,0,1,30.4489776033005,0,0,0
0.002918473284120364,1,3,30.811894670674743,0,0,0
0.0024188235203562924,1,3,35.840635375969576,0,0,0
0.002559547827329295,0,2,38.332768480694476,0,0,0
0.0018040175063170258,0,3,29.76386469715326,0,0,0
0.0035100639552901563,0,3,25.733768097440812,0,0,0
0.01304186695711473,0,5,21.91356829249871,0,0,0
0.004027638971924405,0,2,27.824598976391684,0,0,0
0.009924091655604244,0,0,26.960383190112708,0,0,0
0.045780025997699085,0,3,24.727740462009933,0,0,0
0.010907641493665668,0,2,36.55680296586743,0,0,0
0.0018346924274924678,0,1,37.5302037102947,0,0,0
0.0004173908764984432,1,2,34.88138764745753,1,0,1
0.006359673240434798,0,3,30.272884588339494,0,0,0
0.00203399461840802,1,2,31.906995429235185,0,0,0
0.0009188778147080234,0,2,208.96803262447233,0,0,0
0.00043382836454447185,1,2,27.728232571193256,0,1,0
0.0004802932401954289,1,0,27.820962638120633,0,0,0
0.02907262214893842,0,2,26.507615566276968,0,0,0
0.010697989115958317,1,5,37.72300415132164,0,0,0
0.0014871056957505527,0,1,115.77892527945612,0,0,0
0.014739343412732796,0,2,27.275066939570017,0,1,0
0.0057041142291500225,0,3,26.24077940620829,0,1,0
0.0008654968605786024,0,1,32.64491548416848,0,0,0
0.005189127868381976,1,3,23.0295671491467,0,0,0
0.03964611266169325,1,4,31.072744319091715,0,0,0
0.0030765726380213663,0,5,28.84099556679922,0,0,0
0.17329328259604151,1,2,30.44495159857907,0,1,1
0.003578658053005928,1,2,32.012963035978515,0,0,0
0.014392605476600337,0,2,32.83249350004231,0,0,0
0.008968406353194154,1,1,38.888579331589355,0,0,0
0.029564601184270227,0,3,14.007673617815275,0,0,0
0.0013359846666168877,1,1,33.87545763809474,0,0,0
0.0054191558138537346,0,2,21.968951871841632,0,0,0
0.024142858547702657,1,3,36.522664971171764,0,0,0
0.0010886262560288928,0,6,37.478757553688105,0,0,0
0.0014918032774076458,0,0,28.431120248681967,0,0,0
0.0731377914187205,0,6,33.40561750275666,0,0,0
0.038957295374615904,1,5,31.59938438595402,0,0,0
0.03398076000899967,0,3,23.921580267721822,0,0,0
0.0033582963136119448,0,4,37.63567537919485,0,0,0
0.018317037743033077,1,5,32.41619919205497,0,0,0
0.004856791759674393,0,3,35.62678064594301,0,0,0
0.0257662603230248,1,1,28.266997831709084,0,0,0
0.002107435258971289,0,2,32.04305886746106,0,0,0
0.031448719129787216,1,2,34.80893497691165,0,0,0
0.013645646641044853,0,1,34.40634221880455,0,0,0
0.006035427248635147,0,1,43.65609035233076,0,0,0
0.09851091583200604,0,3,22.72252103102638,0,0,0
0.0015829997906411542,0,0,19.124267979479658,0,0,0
0.002128815814008381,1,2,31.56909074697927,0,0,0
0.0030675436232990272,0,1,30.14552482568362,0,0,0
0.0825674659127476,1,0,32.92502264545261,0,0,0
0.035975862859557145,1,1,32.6507008985549,0,0,0
0.004534980657961735,0,2,28.38623949965721,0,1,0
0.01820651758934604,0,1,28.222085931201505,0,0,0
0.0036661303187953366,1,2,37.99659486936903,0,0,0
0.001318395338486346,0,2,25.667782480752994,0,0,0
0.051636308456069084,1,1,39.17609660183389,0,0,0
0.009394574301040359,1,3,32.790367954065985,0,0,0
0.01293480837127678,1,1,22.737273238321116,0,0,0
0.00461408466001193,1,4,35.896607902424265,0,0,0
7.158366883335028e-05,0,6,25.471434928359823,0,0,0
0.003704110632393368,0,2,30.478898003336592,0,0,0
0.0009660704829441807,1,5,25.720136916161017,0,0,0
0.04390747160504935,1,2,25.878435302909654,0,0,0
0.002264022756253007,0,4,19.950763008078184,0,0,0
0.00469805324181995,1,4,23.382940598092027,0,0,0
0.0016595620105221934,0,3,30.548387911682074,0,0,0
0.005088141368121651,0,1,78.11306378417096,0,0,0
0.020831349704640584,0,7,37.56064513368495,0,0,0
0.009290482410775954,1,2,19.802139281790783,0,0,0
0.02647267877362225,1,1,35.20340662482172,0,0,0
0.0002424598313180169,1,2,31.897857314975802,0,1,0
0.030350888886107666,1,3,31.643380456601182,0,0,0
0.013505327156038078,1,1,27.77152673209519,0,0,0
0.003681130727109034,1,2,27.2446582093593,0,0,0
0.00787187283898558,0,0,33.798572762776075,0,0,0
0.012611978004988842,0,3,31.421843436955868,0,0,0
0.0027271546607850424,0,0,30.274580013178273,0,0,0
0.08347478703196613,1,2,35.51826001888461,0,0,0
0.0009507716199919538,0,1,33.4965041766549,0,0,0
0.009044855507586042,0,3,137.04328469816423,0,0,0
0.003977978976782734,0,4,30.097134997643504,0,0,0
0.0016199504569959502,0,5,31.076744204169046,0,0,0
0.007200069696972033,1,1,34.457240548027286,0,1,0
0.007226816005929367,1,2,35.89232279559481,0,0,0
0.0006089656040676955,1,3,32.442880725709124,0,0,0
0.0019317581108782636,0,1,41.21971826618511,0,0,0
0.0090290974121269,1,3,35.44947529077049,0,0,0
0.0006175407748870858,1,0,119.0611637082821,0,0,0
0.08295241131614095,0,2,26.02928110913141,0,0,0
0.0009578831821298077,0,3,28.87954581385722,0,0,0
0.02330215487767628,0,2,27.835362415813453,0,0,0
0.0007363081592021155,1,0,25.39551537987561,0,0,0
0.09097954367190128,0,3,29.86141150493392,0,0,0
0.006328735349463305,0,0,26.29321878257968,0,0,0
0.0013305375784290001,0,1,28.6963845030518,0,0,0
0.005819740457216517,1,1,33.70362312749563,0,0,0
0.0019915031274938253,0,3,25.03290272198896,0,0,0
0.007303265478124018,0,1,27.019381641981706,0,0,0
0.00221153941421162,0,3,27.579905564669925,0,0,0
0.036493453338016915,0,2,20.740529165188985,0,0,0
0.013809467294228937,1,1,33.25314051752591,0,0,0
0.007766562434444379,1,1,21.382010751184772,0,0,0
0.00376012532522752,0,2,39.04294402184219,0,0,0
0.03667290028182398,1,2,24.35937494804493,0,0,0
0.06445107996544472,1,4,30.67656861872437,0,0,0
0.0013820429215939216,0,2,27.083595108193382,0,0,0
0.00494254042639093,1,0,23.79316733886551,0,0,0
0.0004040825486999634,0,3,34.656615352634134,0,0,0
0.004337863909253937,0,3,34.879764018140975,0,0,0
0.0018727244750661315,1,2,26.261186175604767,0,0,0
0.00015079934849400827,1,1,25.843823803938168,0,0,0
0.004182639056327227,0,3,39.09613150538387,0,0,0
0.008209851772555609,1,4,34.28070690881245,0,0,0
0.03381617741872305,0,4,29.3708090811436,0,0,0
0.010534632804161378,1,0,37.0189770358375,0,0,0
0.0009191018775720284,1,2,32.078254681811366,0,0,0
0.05354004065074161,0,2,31.71762760019664,0,0,0
0.0027774980281687085,1,3,32.69257799826034,0,0,0
0.0031105896552914894,0,1,37.263901064054025,0,0,0
0.011713218415354087,1,1,36.02502621588008,0,0,0
0.008758143411589345,1,1,29.16245597037826,0,0,0
0.010706361237627068,1,1,31.017241970743527,0,0,0
0.022681453337482584,1,1,30.771555958891888,0,0,0
0.00195612169992477,1,4,31.957959100249997,0,0,0
1.092528280761576,0,4,25.299165812963835,0,0,0
0.0034680144406027823,1,1,29.267039229105052,0,0,0
0.0022522102865643514,0,2,26.17940838931869,0,0,0
0.0007332638251575434,0,4,38.97113176738206,0,0,0
0.013108317563236386,0,2,25.037669528429507,1,0,1
0.0001122763315105372,0,0,26.244956913263486,0,0,0
0.001251847874178155,1,2,23.09785415375127,0,0,0
0.001340790173101989,0,1,32.64741585083915,0,0,0
0.00815551191952959,1,2,29.935578728929958,0,1,0
0.020854797632351783,0,0,26.481914826636064,0,0,0
0.00847722052631148,1,2,27.78811629601501,0,0,0
0.00405785961307028,1,2,40.772025343679296,0,0,0
0.004801335552864833,0,2,45.15608361227582,0,0,0
0.0017202590043840708,0,1,29.442631700677108,0,0,0
0.019160864337776,1,2,24.148211693430056,0,0,0
0.010835858192746638,1,3,26.25450075283496,0,0,0
0.001491204165131178,0,1,29.53210860508564,0,0,0
0.005259967808043506,0,3,29.9443390586202,0,0,0
0.021811381066247693,0,4,26.049943252539194,0,0,0
0.007425262319233736,1,4,28.71081662386587,0,0,0
0.0036707147566980014,0,1,24.800888013758957,0,0,0
0.13474079578624643,1,4,33.56937477767036,1,0,1
0.020410989426911063,1,6,30.898881892155334,0,0,0
0.014901604985765893,0,0,36.26982128924698,0,0,0
0.0018054938695387375,1,2,23.234728251904038,0,0,0
0.7725661939768351,0,5,27.34896843806415,0,0,0
0.015900521686141193,0,2,35.28554512532115,0,0,0
0.010510902403484585,1,3,26.00235558643154,0,0,0
0.000876176857585238,1,2,29.865248602539648,0,0,0
0.025329996902421385,0,3,31.654907452796042,0,0,0
0.004635524967606818,0,4,29.317946328054553,0,0,0
0.04708384705774724,1,2,21.836084282988093,0,1,1
0.008761247720804955,1,2,22.78240435670751,0,0,0
0.005027555982424029,1,2,25.957177228132256,0,0,0
0.0006579451913875457,1,4,22.970770200744656,0,0,0
0.0061222132705791394,1,4,85.01403934041234,0,0,0
0.008746261160596708,1,2,100.35643341513928,0,0,0
0.013774001657582942,1,3,34.692235700213736,0,0,0
0.04210086766507372,0,1,34.59587632058532,0,0,0
0.007258832298942243,0,4,27.35682770702627,0,0,0
0.0017939988829274176,0,1,28.19668688106928,0,0,0
0.008367926042570238,1,2,207.65020180033576,0,0,0
0.004290516480208963,1,0,28.875312163108276,0,0,0
0.01422289524959144,1,0,29.15918968464448,0,0,0
0.0005918329506118701,1,1,23.178641290545563,1,0,1
0.0016185628718975334,1,1,37.08008255492766,0,0,0
0.0034732832912748634,0,2,24.995210255876405,0,0,0
0.0038180610893032148,0,3,29.036997329760386,0,0,0
0.19559629346012475,0,1,37.4838691030705,0,0,0
0.0024123527163036527,1,3,27.95788567194955,0,0,0
0.0032110375384435215,0,1,30.080823034713603,0,0,0
0.023100028200750935,0,4,37.972045525587056,0,0,0
0.019470537169213258,1,2,26.72918631140216,0,1,1
0.0013963055215467383,0,4,30.541797069355873,0,0,0
0.015333922723016624,0,1,23.0707266216814,0,0,0
0.008570310942933118,0,2,143.11148816015438,0,0,0
0.0015905574462224152,0,2,19.717783140182306,0,0,0
0.012964695167921144,0,0,29.834899232686293,1,0,1
0.004058162858749382,1,0,31.718825611978115,0,0,0
0.04971718271433514,0,1,28.56460261592996,0,0,0
0.0025754174460829475,0,2,36.13069672355338,0,0,0
0.00485020691868792,0,1,30.077845889941056,0,0,0
0.005394629404721807,1,4,34.09998904157761,0,0,0
0.02725512258548458,0,2,33.035424346938356,0,0,0
0.0012786414831565925,1,3,28.23734013931137,0,0,0
0.02262834781892097,0,2,33.82303936347322,0,0,0
0.0015537340941224745,1,4,25.1117095514282,0,0,0
0.0033780737794033267,1,2,24.12867371899832,0,0,0
0.0038787031809062495,1,2,33.261780367530726,0,0,0
0.05884640655209964,0,1,22.00798078929589,0,0,0
0.017550925246292755,1,1,31.019345644257513,0,0,0
0.0016860077287341136,0,2,32.98726229165216,0,0,0
0.001663093331463764,1,3,26.270471080776698,0,0,0
0.028174512925177184,0,0,34.7005716677951,0,0,0
0.0037818536171619925,1,1,27.690487503193857,0,0,0
0.002842152121086428,1,1,22.841680736409558,0,0,0
0.01458333030836014,1,2,26.985639307302673,0,0,0
0.023986177966892674,1,0,33.636642873618925,0,0,0
0.0035403472497202554,0,4,32.53680564115673,0,0,0
0.04322157287021422,0,0,160.40188991878225,0,0,0
0.00234839058373206,0,0,31.69694799857426,0,0,0
0.012728824688415267,1,0,26.300217130777398,0,0,0
0.019043967686839015,1,4,30.118268236743802,0,0,0
0.005247504429785126,0,2,25.630361263955102,0,0,0
0.10468904526006423,0,3,34.6201535719656,0,0,0
0.01997379233483168,0,0,146.19974511097226,0,0,0
0.0013136248967413478,1,2,30.63332470872596,0,0,0
0.022623026928773434,1,3,30.083255087304988,0,0,0
0.007274572529830112,0,2,25.25504128273386,0,0,0
0.08026440147343913,1,3,145.30063366641113,0,0,1
0.012685749814508875,0,4,40.84096814831483,0,0,0
0.01420145945629787,1,1,37.613074884041175,0,0,0
0.0042802231047383505,1,2,27.94267658794827,0,0,0
0.0007814876414476921,0,3,24.301958974008308,0,0,0
0.022611123978803695,0,1,21.54368858770078,0,0,0
0.000874415955430186,1,3,24.191783698781222,0,0,0
0.002396225765888692,0,1,29.271394148710158,0,0,0
0.09540443462093762,0,1,25.955975185900435,0,0,0
0.016704872486364843,1,3,38.1148198909134,0,0,0
0.038867492677047845,0,2,26.53996013553234,1,0,1
0.0008865320781715153,1,3,24.621077286614515,0,0,0
0.00297291896962109,1,1,28.642731293565905,0,0,0
0.00026303080836735833,0,1,35.95848925246015,0,0,0
0.009329980547236504,0,1,27.795742206765354,0,1,0
0.0005893774873150717,0,2,19.25907596905524,0,0,0
0.002513506910469453,1,2,30.862410830339673,0,0,0
0.007181248143706774,0,0,32.78652451034571,0,0,0
0.0009917065008084821,0,4,32.20667823354818,0,0,0
0.05394247215146548,1,5,26.02806337850629,0,0,0
0.0007011386329775153,0,5,26.270350708133133,0,0,0
0.011478280684995294,0,7,25.248207066774302,0,0,0
0.0021026602269059026,1,2,27.039811591526426,0,0,0
0.04228402299497389,1,1,31.36089151556739,0,0,0
0.0035900592887556718,1,2,21.247708668830334,0,0,0
0.008287848984043295,0,3,29.56650450248933,0,0,0
0.009956419389634508,0,2,30.63462515295262,0,0,0
0.003062840991367642,0,3,34.232391777174705,0,0,0
0.008083767218170753,0,2,28.109212407133818,0,0,0
0.0004693645101808819,1,4,36.580972663765635,0,0,0
0.07700362287873908,0,0,32.75335813144691,0,0,0
0.007832430573958389,1,4,31.65351283703869,0,0,0
0.00645599617939141,1,4,24.91924365404036,0,0,0
0.055833868867235834,1,2,30.71997890368234,1,1,1
0.026742506200768807,1,1,29.953908595322755,0,0,0
0.02254347040785887,0,2,41.13641376093872,0,0,0
0.004388894298807629,0,3,75.77354825534445,0,0,0
0.003494894240564871,0,2,30.165332127373354,0,0,0
0.00961576908980284,0,4,35.074470581171326,0,0,0
0.000720310568799857,0,2,29.35101397769356,0,0,0
0.00943384297598313,0,4,36.42976552571875,0,0,0
0.033607915295337264,0,0,31.2966798527006,0,0,0
0.006129828614821328,0,1,27.745848489044803,0,0,0
0.0071280481533939405,0,2,166.5536266004214,0,0,0
0.00027298074687206406,1,1,27.529509201256552,0,0,0
0.0005295728766091945,0,2,25.053950236211755,0,0,0
0.003929199133295201,0,0,35.5778169950243,0,0,0
0.032606243269688175,0,2,30.973831901305143,0,0,0
0.0189748082365331,1,2,32.74303746598395,0,0,0
0.018625382488720556,0,2,26.788335597793058,0,0,0
0.0018626857318870967,1,1,28.32421285344176,0,0,0
0.0072614531399936505,1,4,32.20032097133155,0,0,0
0.006465505338365077,0,1,35.58174504380391,0,0,0
0.0665168370213823,0,1,30.155167886657967,0,0,0
0.004416024594180254,0,2,31.9486853603899,1,0,1
0.041472210831742795,1,3,35.216696099210566,0,0,0
0.21389698096697615,0,2,31.73423968486093,0,0,0
0.016453354815561833,0,3,32.232864314708955,0,0,0
0.09617322898128952,0,2,112.0912085496286,0,0,0
0.13756599931545585,1,1,37.843734419404214,0,0,0
0.000408586261475172,1,1,27.609990376616274,0,0,0
0.013720191617741361,1,3,31.170452573895307,0,0,0
0.002441180074832831,0,1,36.8786278838618,0,0,0
0.00035491150978738875,1,2,27.716678540021505,0,0,0
0.0025997243575357643,0,2,31.997131533126463,1,0,1
0.00814322093087037,1,1,30.755610320576352,0,0,0
0.003362992420258541,1,1,22.70438661437716,0,0,0
0.0034039648377513403,0,2,20.87229715148642,0,0,0
0.03457980298501133,0,4,36.122537866163896,0,1,0
0.012541986695845246,1,2,37.495177694554364,0,0,0
0.023589464078164223,0,1,37.74413288392935,0,0,0
0.0010923048483071698,1,1,27.225894488507578,0,0,0
0.003657958155463844,0,2,28.053457552599543,0,0,0
0.0028392363413458064,0,2,32.69557498237395,0,0,0
0.0447213605471484,0,1,27.29780149363551,0,0,0
0.00105470071326547,0,3,31.62355688681229,1,0,1
0.034618230393151504,0,3,25.986825915595702,0,0,0
0.04323762311152025,1,1,32.39178296763321,0,0,0
0.0008408068121807438,1,3,26.86880746146515,0,0,0
0.0750912981617562,1,3,15.123524351756902,0,0,0
0.0013671194593791042,0,0,31.63389383618467,0,0,0
0.0076070735368605315,1,1,29.96285385624547,0,0,0
0.002390638388351519,0,2,26.305878369303027,0,0,0
0.005240311289271984,1,2,36.45000396820819,0,0,0
0.00542931333081339,0,0,21.98535502192526,0,0,0
0.01147988299384854,0,2,34.985386709185406,0,0,0
0.020991345693942422,0,0,35.41008802433204,0,0,0
0.0012825337181643708,1,2,125.71649745691977,0,0,0
0.006339557636598458,1,0,32.074912233251574,0,0,0
0.01942582665749703,1,2,30.7821597715231,0,0,0
0.00025437816625890463,1,2,18.132673685679944,0,0,0
0.025257833277335624,1,3,28.15859117414689,0,0,0
0.501632266608494,0,1,31.738369484379398,0,0,0
0.006387915765964247,1,2,197.59815576981103,0,0,0
0.0007991835818232369,1,4,23.514231120288564,0,0,0
0.003386524711916204,1,1,38.11682957813917,1,0,1
0.009881568425462693,1,3,32.83369828578045,0,0,0
0.022269218289777046,1,1,29.430172192120867,0,0,0
0.14277340474581787,0,5,38.6391039138028,0,0,0
0.01204130084307136,0,0,26.197994021007283,0,0,0
0.055875268514350984,1,5,24.26223798214793,0,0,0
0.0018328608224792745,0,3,30.838346631760118,0,0,0
0.0033915127370820475,0,2,38.40336250577763,0,0,0
0.004686485620665535,0,2,26.209705013508806,0,0,0
0.000915640568900297,1,2,23.217165974655156,0,0,0
0.00036542316715970803,0,3,31.2306186317731,0,0,0
0.023608975676699066,0,4,30.528319106803444,0,0,0
0.04166501577427052,1,3,38.209057140586815,0,0,0
0.012480370431962328,0,1,30.63309990349708,0,0,0
0.0027562284903984297,1,1,26.082600184392458,0,0,0
0.06241247071597037,1,1,21.34136345004359,0,0,0
0.002114786400406393,0,3,26.537558355667954,0,1,0
0.014969151410158811,1,0,33.60092602090363,0,0,0
0.10667539451885943,1,3,36.656710986331625,0,0,0
0.00018943416946994715,1,1,31.621292247364103,0,0,0
0.04237226442785573,0,1,32.38825240250809,0,1,0
0.012391885062430061,0,3,22.72850437014562,0,0,0
0.0012135880306373922,1,3,33.46953082448419,0,0,0
0.007310209506246417,1,1,30.59892159636339,0,0,0
0.0011664281079420522,0,2,33.880543802607185,0,0,0
0.0985289566736986,1,1,34.61352489683188,0,0,0
0.0026385321332533765,1,4,30.717021654701544,0,0,0
0.0097492355599717,1,2,35.956606417552166,0,0,0
0.03994752445325385,0,1,34.80092531947872,0,0,0
0.011619835765708537,1,0,25.992890049295966,0,0,0
0.00658251689103919,0,6,32.24323323221892,0,0,0
0.005104979729900043,0,2,24.347258105207416,0,0,0
0.0030517684885202527,0,1,36.644819030029346,0,0,0
0.0008433533328330574,0,2,34.700912904407275,0,0,0
0.06827914075691664,1,0,36.41614772828558,0,0,0
0.00036686840585746435,0,0,30.12110486156135,0,0,0
0.018836364621642836,1,1,32.363144162837216,0,0,0
0.002642522798939817,0,2,33.763623582942486,0,0,0
0.004120994956155796,0,2,123.70978614418883,0,0,0
0.0036907078778984177,1,2,23.64494678720651,0,0,0
0.001243386723042029,0,2,29.257498853403483,0,0,0
0.00019724304129901832,1,2,32.26064749782937,0,0,0
0.013695115947156047,0,1,20.506289994683343,0,1,0
0.001247481529557772,0,2,28.268486494379946,0,0,0
0.007727275491256967,0,1,28.399009577943186,0,0,0
0.024526251342838697,0,1,101.49695278337744,0,0,0
0.004357275510998431,1,0,35.31216673877956,0,0,0
0.003607202564341358,0,4,21.06152558144124,0,0,0
0.009686649014907714,0,3,20.364072452280382,0,0,0
0.09416253795204814,1,6,26.254668104201055,0,0,0
0.020488031177579684,0,2,38.07768425415476,0,0,0
0.0022009030655366483,1,0,22.310021963677418,0,0,0
0.007001831619139391,0,0,29.850944315410953,0,0,0
0.01193635176935755,1,1,26.29212758915651,0,0,0
0.0016396435000560429,1,4,24.450621544133107,0,0,0
0.008664510431808804,0,1,32.6300021018701,0,1,0
0.008476879476949107,1,3,29.453889881531985,0,0,0
0.0024409031500015168,0,0,30.370145682474163,0,0,0
0.0020407692232185387,0,0,27.270537953538273,0,0,0
0.02015574581737893,1,2,42.43972989686048,0,0,0
0.03425834479479966,1,0,26.872866485244767,0,0,0
0.0030706583479040857,1,2,30.38489944531361,0,0,0
0.015878043917302867,1,0,32.008345127893016,0,0,0
0.002001844395775966,0,2,27.346233113297785,0,0,0
0.0018599907767302944,0,0,23.234969281229336,1,0,1
0.007090357986426987,1,1,35.582580594332,0,0,0
0.000952914218325258,0,2,28.807127785882926,0,0,0
0.0012674697129979263,0,0,29.750775292140972,0,0,0
0.0026434583047993824,0,2,24.636976701520638,0,0,0
0.04690923372285174,1,2,34.01358031288851,0,0,0
0.0016336434730837754,0,3,23.682027948150324,0,0,0
0.00053014288025479,0,3,36.252378116464655,0,0,0
0.044532010015216325,1,2,36.33417005753701,0,0,0
0.03675729062177734,1,2,30.339004720394065,0,0,0
0.009170469353828491,1,2,31.076358921763163,0,0,0
0.0008789709975097165,1,3,37.70828453991064,0,0,0
0.0006630525060142622,1,3,32.6420043631117,0,0,0
0.35185221630425906,0,1,32.797012836678356,0,0,0
0.0012369518405102276,0,3,28.835834963622272,0,0,0
0.004140780623936622,0,4,32.40794786635746,0,0,0
0.017559483674276097,1,2,37.5974515214977,0,0,0
0.007141516111136986,1,3,31.99436497763722,0,1,0
0.0016997402816315234,0,5,31.198447033493128,0,0,0
0.012230814250566128,0,2,27.52568644835827,0,0,0
0.006057027768791504,1,4,130.50212814688996,0,0,0
0.0017565860444981724,0,2,27.013957100655723,0,0,0
0.002278858397820676,1,4,30.156912292222966,0,1,0
0.09078083942896546,0,1,31.722881669665195,0,0,0
0.005022015451344687,1,3,35.28392948001978,0,0,0
0.0007679973708627943,1,3,24.292277950319747,0,0,0
0.00199589273456455,1,0,25.152594969475853,0,0,0
0.028938610174960588,1,3,33.28079984620945,0,0,0
0.10525081133419509,0,3,20.243700477416166,0,0,0
0.0039187978220497,1,1,30.62170727021351,0,0,0
0.009442750689262432,1,1,26.884463481689,0,0,0
0.15862627921329808,1,2,28.508760498376404,0,0,0
0.06202953130024993,0,0,38.151410711157666,0,0,0
0.0005432048456228077,1,3,34.766277638591006,0,0,0
0.004700473413100602,1,2,26.4527936510846,0,0,0
0.0077145802892809425,1,2,34.06480821563152,0,0,0
0.0005016677307133139,0,2,25.19971450711565,0,0,0
0.008972193562659254,1,1,35.141332493353154,0,0,0
0.05273360340116956,0,2,152.1256540378257,0,0,0
0.00032633244821807277,0,1,29.319748229232975,0,0,0
0.014641568754108842,0,4,33.486565293510466,0,0,0
0.0037478087860561655,0,2,29.593521873411504,0,0,0
0.009811684572028849,0,4,22.09258163464867,0,0,0
0.054183794512781665,0,1,29.36935379425427,0,0,0
0.0036062670753800787,0,3,31.786726797315918,0,1,0
0.0006549617889542783,0,2,25.08373185798222,0,0,0
0.004642237783459566,0,3,31.1123634279733,1,0,1
0.0068301234299337505,0,1,117.48196940920995,0,0,0
0.003675012215345856,0,2,24.410397622812518,0,0,0
0.017095286210994168,1,1,32.51305299134808,0,0,0
0.0019828170015093816,1,0,34.940796953105064,0,0,0
0.039220104312232475,1,1,24.232724205091557,0,0,0
0.008043546113030361,0,3,35.937077261775755,0,0,0
0.0050649433879677965,1,1,190.1487307938563,0,0,0
0.001130013803132938,1,3,34.283082835990996,0,0,0
0.024590395816663505,0,9,33.1322848878487,0,0,0
0.034653799647268835,0,2,32.97294075246417,0,0,0
0.00234020228337848,0,2,29.063924739103637,0,0,0
0.0542036756679329,0,2,32.84752805834126,0,0,0
0.000979359894640962,1,1,28.363414528121965,0,0,0
0.002694201884788943,0,1,32.292855586399305,0,0,0
0.11234117267540196,0,2,22.51646400520903,0,0,0
0.0022516058893125653,1,3,28.823202364312937,0,0,0
0.008787899486165414,1,1,27.90265493853733,0,0,0
0.00040146919189435365,0,2,24.07753722883077,0,0,0
0.04745588083059499,1,2,25.297233999917587,0,0,0
0.013741247935724472,0,2,36.98285155193528,0,0,0
0.0010831318406954835,0,2,29.907553209763456,0,0,0
0.007308935441810275,1,2,29.676019667691527,0,0,0
0.007441954156005902,0,1,28.26461484780456,0,0,0
0.0014518522761628489,0,1,31.68462856796683,0,0,0
0.043210033631259165,1,2,24.077455121631125,0,0,0
0.0018511521120106503,0,1,38.13373385140593,0,0,0
0.011382754439550651,1,3,36.9765482955859,0,0,0
0.004866589511078674,0,4,31.6771167488724,0,0,0
0.00910101332221016,0,1,31.04107234670939,0,0,0
0.01179634926601462,1,1,31.122417310782854,0,0,0
0.003519779643601493,1,2,40.17866408792345,0,0,0
0.00846770800649227,1,1,116.2665101164581,0,1,1
0.008298268946042388,1,2,32.45161704632529,0,0,0
0.0006538648031540855,0,2,27.762436238278198,0,0,0
0.012001302972641667,1,7,30.14237746689569,0,0,0
0.011800938668552292,1,2,34.083127934632216,0,0,0
0.008673365905887786,1,2,29.6345604680818,0,0,0
0.0005436336402459516,0,1,29.034641719736697,0,0,0
0.009380435656291805,0,2,30.756753081892807,0,0,0
0.015189264874263555,0,1,25.71062103200901,0,0,0
0.0016030472243837052,1,3,27.21996534043661,0,0,0
0.0030100235711649054,0,1,26.473697615967243,1,0,1
0.00664994444902526,0,3,18.203384950359208,0,0,0
0.0285345941582041,1,1,32.699730937444315,0,0,0
0.0008122358379479856,1,3,30.77098438143003,0,0,0
0.018950496035701946,1,0,25.792917773701976,0,0,0
0.011412934099765211,1,3,30.522783966740413,0,0,0
0.0004456076886548297,0,0,28.828747446029052,0,1,0
0.00035642632332005136,1,1,27.424349700619626,0,1,0
0.00032184314959436363,0,2,33.685734754529875,0,0,0
0.0014319347562555718,0,4,22.29877161967815,0,0,0
0.003907742384769813,1,2,31.052650368515273,0,0,0
0.00017426156781249005,0,2,35.820078464370276,0,0,0
0.0016613145171092414,1,1,30.954541276247646,0,0,0
0.002077078044406471,0,1,29.46055623614608,0,1,0
0.0042499808895528875,0,4,25.283569149850116,0,0,0
0.0011376582644456882,0,2,33.66263084309268,0,0,0
0.013722559433162704,1,1,33.70403745258217,0,0,0
0.10155602456657721,0,0,39.43669214753246,0,0,0
0.00652144059087895,0,3,23.311667885849623,0,0,0
0.00368762361737399,1,3,22.557457841586654,0,0,0
0.008473271263700883,0,0,31.843807405898716,0,0,0
0.010741416058490856,0,1,26.05623338331255,0,0,0
0.010632162372423508,1,3,31.536352997396797,0,0,0
0.002865249900720419,0,0,29.274379815422247,0,0,0
0.0017356049433403036,0,3,23.730133042461524,0,0,0
0.006182133626107463,0,0,33.32453574730384,0,0,0
0.0023931121821854965,1,0,24.972314116214697,0,0,0
0.019496993105910507,0,1,36.052783589286605,0,0,0
0.061778870878350385,1,0,25.59803852424721,0,0,0
0.006673056763992169,1,2,38.71515711730146,0,0,0
0.0039908264416896756,1,1,180.09486013097936,0,0,0
0.0007230946113649039,0,1,33.090905178421146,0,0,0
0.017085771589038304,0,3,28.299737224200403,0,0,0
0.01082773404759195,0,1,116.04377945606926,0,0,0
0.005434983597454408,1,0,30.049657807270208,0,0,0
0.011395748319946188,1,3,171.1924420536105,0,0,1
0.005420624793200583,1,2,29.783170929007152,0,0,0
0.007790327230026638,0,2,27.33562260743782,0,0,0
0.00038278371856003297,1,1,31.916174276353292,0,0,0
0.010675863187212486,1,0,19.882688563252433,0,0,0
0.04468738125021557,1,3,26.168152082979773,0,0,0
0.0021726854735674168,1,1,30.89832184336055,0,0,0
0.009450197222432948,1,4,36.350183128219086,0,0,0
0.013994797172690322,0,0,111.94224124084103,0,0,0
0.007930103787635022,0,2,30.830830808845175,0,0,0
0.0705735965367481,1,2,34.71611751524149,0,0,0
0.1827781641017456,0,3,25.742402438404245,0,0,0
0.004965510619905707,1,2,30.019371715652493,0,0,0
0.012880855309532216,0,0,35.250589720575114,0,0,0
0.07920375088928573,1,1,24.65051017815542,0,0,0
0.008401876134719558,1,0,34.740450453881046,0,1,0
0.4329729201406362,1,3,35.59148476578691,0,0,0
0.01913003841273488,0,1,37.91786959287998,0,0,0
0.014985319307940986,0,3,23.606273606127303,0,0,0
0.00911157748998912,1,3,25.910394519367394,0,0,0
0.001770524642946408,0,3,31.488414358350575,0,0,0
0.010074133058319919,0,3,32.62407451935788,0,0,0
0.0008407022794132728,0,4,27.80039395232154,1,0,1
0.0029941894809064583,0,0,28.509426670876213,0,0,0
0.01047148553460024,0,0,28.762414946128672,0,0,0
0.03177223247769706,0,0,42.149106564818595,0,0,0
0.002711808120110185,0,2,34.89873748555247,0,0,0
0.007071329596141033,1,4,30.90697573765431,0,1,0
0.012030982188211735,0,2,21.10465710713956,0,0,0
0.0006727196604673177,0,3,29.913442564617274,0,0,0
0.0043676289585900425,1,0,29.889242603150013,0,0,0
0.023790647840883288,1,2,18.981574011764806,0,1,1
0.036656292670224105,0,1,35.375700022431,0,0,0
0.0835023671328815,1,2,25.693433442827033,0,0,0
0.0032925570089440796,1,3,23.826943878324997,0,0,0
0.011112904125531382,1,2,30.240081649257185,0,0,0
0.002314491971716553,0,3,30.256549363749862,0,0,0
0.006102586319490503,0,3,40.26226684601495,0,0,0
0.004027394187025904,1,1,28.922173619896547,0,0,0
0.06872361459509009,0,5,42.17035983400176,0,0,0
0.00046706986521970943,1,2,23.933097744221552,0,0,0
0.05351845312558487,0,4,28.991372417274803,0,0,0
0.0017558104030478134,0,1,29.531871716154782,0,0,0
0.002090070986723016,1,2,37.207660506391264,0,1,0
0.019777206444879368,0,2,28.458471696822624,0,0,0
0.08197862938513052,0,3,27.413616410055717,0,0,0
0.02018897588984222,0,3,28.805554289458676,0,0,0
0.13336029595327084,0,2,40.15625665610529,0,0,0
0.03295358841568723,1,4,28.602236178867148,0,0,0
0.016663468108089066,1,5,32.99485759183906,0,0,0
0.019490831489969482,0,0,27.590522615187204,0,0,0
0.013345386822374827,1,2,30.500167441198773,0,0,0
0.0021283253125955162,0,3,29.511224249703574,0,0,0
0.004154687549613311,1,2,21.77831601953944,0,0,0
0.04379796127349549,0,1,38.6566106071113,0,0,0
0.011224728209214566,1,1,30.230642383444597,0,0,0
0.005940952543730326,1,0,24.09258912138236,0,1,0
0.000546409387866887,0,2,35.74133745562769,0,0,0
0.006923745108604032,1,5,27.7337214384506,0,0,0
0.010308229613238244,0,0,38.56668874382795,0,0,0
0.0024112533873400263,0,0,25.191258784657364,0,0,0
0.0046770832294640895,0,2,34.12248650564325,0,0,0
0.007989372668334,1,2,27.40886979991575,0,0,0
0.04598181518069287,0,0,16.63398265726282,0,0,0
0.0024707384015072815,1,2,25.014473685409712,0,0,0
0.059113235682564165,0,1,22.850712064936083,0,0,0
0.010949531193049552,1,1,33.21756826269119,0,0,0
0.0013919270491727798,1,0,25.32966124127394,0,0,0
0.019586356717713856,0,2,32.44093750893231,0,0,0
0.0017611142740103186,0,0,31.546655902171786,0,0,0
0.07255613096398755,0,1,25.431374526175468,0,0,0
0.06294397498348955,0,0,21.788596266342655,0,0,0
0.017818011412218702,0,0,33.53847054007022,0,0,0
0.009188896752095261,1,1,24.985124482516603,0,0,0
0.0035490061545745267,0,2,29.365133132796196,0,0,0
0.001685937549500975,1,3,36.58327993414577,0,0,0
0.00042481623398510886,1,1,33.503773108081184,0,0,0
0.0025098811496752894,1,0,24.040739340904004,0,0,0
0.011229963210046854,0,0,27.775763417095796,0,0,0
0.0019059667619488018,0,1,29.11791539276703,0,0,0
0.021052133161134124,0,0,82.95477749079463,0,0,0
0.015420990242428718,1,2,24.82290803791104,0,0,0
0.0026891135029735503,0,4,32.88011130362139,0,0,0
0.012963584299886187,0,2,41.1181943692697,0,0,0
0.14182787487930928,0,2,19.80313848598002,0,0,0
0.0041449276874490305,0,5,34.10351553738113,0,0,0
0.006719801058090158,0,4,32.54518438585584,0,0,0
0.0014676976707784968,1,2,35.544481035865424,0,0,0
0.01270810404892871,0,1,23.28296954837019,0,0,0
0.04068940578299944,1,7,39.2978430255708,0,0,0
0.00043163139336480853,0,3,37.299732451049664,0,0,0
0.03940605206083361,1,1,26.048280710873993,0,0,0
0.004499574180928212,1,2,22.47707542957595,0,0,0
0.013174456048728425,1,1,29.102766578512703,0,0,0
0.06468441329775458,1,3,140.17021661220187,0,0,1
0.0015797709839478747,0,2,39.73941074918585,0,0,0
0.013556685134179298,1,3,28.104935312176085,0,1,1
0.13466372473049676,1,2,24.39079787323471,0,0,0
0.11157289338993003,0,1,27.164557321207546,0,0,0
0.007405464920889297,1,2,28.747300087052814,0,0,0
0.002109617114306149,0,4,28.924089006899937,0,0,0
0.0048115120057238255,0,3,21.818488937393766,0,0,0
0.0093148226209108,0,1,23.99932016188346,0,0,0
0.08819105919666366,0,1,24.286846362950357,0,0,0
0.005691755789938241,0,2,31.097831881158733,0,0,0
0.004263179292899543,1,1,29.628479998414655,0,0,0
0.0015953731483772634,0,1,32.153840961620475,0,0,0
0.009938696227070868,1,3,33.01731497272206,0,0,0
0.003553985356431024,0,5,34.06332683927947,0,0,0
0.005427955760327083,0,2,23.910253548064667,0,0,0
0.0014515276970600553,1,1,27.075650721493815,0,0,0
0.0009761878313068062,1,4,41.18467461721177,0,0,0
0.007733056543744787,1,2,34.97557070850081,0,0,0
0.1202982429905306,1,1,34.98750655486071,0,0,0
0.060821843398111135,0,4,26.96844443499742,0,0,0
0.015375091925330597,0,1,32.103042120963885,0,0,0
0.01608788376685477,1,0,20.87302905887503,0,0,0
0.0008354953113962267,1,2,34.769655053116466,0,0,0
0.013461958937248136,1,1,35.59572345497888,0,0,0
0.00047437666485529504,1,1,38.78095262871701,0,0,0
0.09584862041234654,0,1,160.8144290320421,0,0,0
0.004196865036854355,0,3,22.359908345924715,0,0,0
0.00040658248937234533,1,1,29.561480064836072,0,0,0
0.00023248404167264188,1,3,25.173331893004836,0,0,0
0.0728523108620413,1,1,78.6345717144112,0,0,1
0.0024548504393360985,1,2,33.322539666818514,1,0,1
0.006788487679931925,0,4,31.44917233801277,0,0,0
0.01140977341531421,1,1,28.519041810361813,0,0,0
0.008775913915153562,1,1,29.123396340275782,0,0,0
0.0020035352369802708,0,2,31.426851633749628,0,0,0
0.0019102188893905577,0,1,21.301121177960482,0,0,0
0.047406526938930875,0,1,26.40623700100845,0,0,0
0.0017855613703792758,1,1,28.89991102601397,0,1,0
0.003946700042095532,0,3,29.32562089206658,0,0,0
0.0021976613011628256,0,3,24.262332642405987,0,0,0
0.0022005230819532474,1,0,145.51016306752186,0,0,0
0.003359257010704519,1,2,23.416407519511058,0,0,0
0.0240865543621833,1,0,33.3512360859057,0,0,0
0.0027954688442020487,0,1,27.2125135513365,0,0,0
0.0026074720703576516,1,0,22.268350621441204,0,0,0
0.0008474209005821789,1,2,25.061482336680598,0,0,0
0.002883018829482757,0,2,27.504951392654903,0,0,0
0.0032788590758336227,0,3,22.765226561177034,0,0,0
0.0011634817372557242,0,2,28.048999691542072,0,0,0
0.002974493372095357,0,2,27.742849414528912,0,0,0
0.0061318694628933485,1,3,86.9707841668488,0,0,0
0.02726198857950663,1,1,27.98653367534457,0,0,0
0.0026236743511849395,0,4,33.80750583095123,0,0,0
0.008557667699391765,1,1,28.568154384856523,0,0,0
0.032373686207989506,1,5,27.454831791546837,0,0,0
0.007195906299578346,0,3,24.97774474377707,0,0,0
0.023421030781383814,1,1,32.008344130700124,0,0,0
0.006307758081471783,0,1,34.00080007342753,0,0,0
0.033146594772090233,0,5,32.82588085906657,0,0,0
0.0023873921078102983,1,1,31.10116966580644,0,0,0
0.07633332230606471,1,0,27.53240041018068,0,0,0
0.0011003478532471249,1,1,27.777297995090464,0,1,0
0.10552787467816309,1,1,23.317425852088313,0,0,0
0.01340592983782502,1,5,32.72280191664519,0,0,0
0.003153895562535605,1,2,26.972596939282727,0,0,0
0.016938891831808224,0,3,33.907402409346844,0,0,0
0.03462451544369403,0,1,30.093718662882406,0,0,0
0.0745458052669104,1,2,32.68934218844385,0,0,0
0.0017400784215632157,1,5,29.734243698825864,0,0,0
0.007837706025647052,1,2,31.555273242939787,0,0,0
0.011768617689700209,0,1,29.71810532218769,0,0,0
0.0010900107549571137,0,3,32.70783788475848,0,0,0
0.004125967918891809,0,2,34.56512670215178,0,0,0
0.08903848008531473,0,2,26.67629689898512,0,0,0
0.001874639272276395,1,4,35.36905454053844,0,0,0
0.002027686912743725,0,0,157.60672039673435,0,0,0
0.003315560178423035,1,3,26.22419701668855,0,0,0
0.03514825181407408,1,1,26.566061259414646,0,0,0
0.0008033408907542929,0,0,30.30895981444347,0,0,0
0.0015263911346583734,0,3,23.156240016040027,0,0,0
0.00358187983524973,0,2,34.2684225508688,0,0,0
0.0017754690128163777,1,4,38.16490437190368,0,0,0
0.0050380348059063974,1,1,27.36747234844968,0,0,0
0.019225585009660782,0,2,34.815811534727345,0,0,0
0.010790835528011562,0,5,29.7171699274613,0,0,0
0.020337831778358115,0,4,36.30893529052642,0,0,0
0.021705179080996832,1,3,31.060898897802655,0,0,0
0.0255308067636582,0,4,36.260110603392384,0,0,0
0.03122328051228268,0,4,32.688583547704695,0,0,0
0.014081725743738123,1,3,36.75886535366172,0,0,0
0.04249575943692012,1,5,23.815108264619056,0,0,0
0.04842870006517457,0,3,24.93526417000937,0,1,0
0.0014379480901580421,0,1,30.96619637135176,0,0,0
0.02820864173508067,1,1,24.669496254405402,0,0,0
0.016918918563784708,0,3,34.90673425565876,0,0,0
0.001513513443307936,0,0,27.072472112483343,0,0,0
0.002674772792290006,0,2,30.020609537855258,0,0,0
0.0003750950838411226,1,2,35.07466715704966,0,0,0
0.012864504129908666,1,5,23.38083431142669,0,0,0
0.01301233109100032,0,0,29.486061020988817,0,0,0
0.008114573529361459,0,1,31.72454128004442,0,0,0
0.003993777722368259,1,2,24.300899921595125,0,0,0
0.012965403258354252,0,2,32.10104970342181,0,0,0
0.14937331995487516,0,5,22.392385253048275,0,0,0
0.0005215070961914106,0,0,40.79955539226814,0,0,0
0.01702947196769909,0,3,29.723080183929014,0,0,0
0.008494788975240848,0,1,29.193627125222886,0,0,0
0.0003784639202677855,0,1,108.86675915777603,0,0,0
0.0012203023666608388,0,1,25.507603916278654,1,0,1
0.2928769518277264,0,3,29.516209370212398,0,0,0
0.09487894841959674,1,1,28.86784990376267,0,0,0
0.0007530394449106763,1,2,38.60340070808487,0,0,0
0.0005316876485497329,0,1,33.33089976864646,0,0,0
0.0033145417083573154,0,2,26.995849096263406,0,0,0
0.04486448340909339,0,2,35.38146835687797,0,0,0
0.014885073734576941,1,3,39.58478023062153,0,0,0
0.06451231247768838,1,4,33.828908936764364,0,0,0
0.0019105590353548463,0,1,29.738409860426053,0,0,0
0.03075351643288662,1,2,38.31705026894161,0,0,0
0.000499388886792636,0,3,35.43800131846152,0,0,0
0.010052815203680909,0,2,32.92012050041864,0,0,0
0.020280241056221598,0,3,29.66330968338026,0,0,0
0.0004567445535061087,0,1,31.028368704777094,0,0,0
0.011859319189464961,1,4,30.37446746184922,0,0,0
0.0005258853431141011,1,2,40.442760356733665,0,0,0
0.012907540747259793,1,4,39.2844556617333,0,0,0
0.023503964163646134,0,1,23.43730290270097,0,0,0
0.031374192532836416,1,0,37.33819392830675,0,0,0
0.0037981251052768387,1,3,32.500221449732244,0,0,0
0.00938880152444175,0,3,39.571201444116625,0,0,0
8.846068345072087e-05,0,4,18.41678765948394,0,0,0
0.0036174494355811888,1,6,31.86195435210335,0,0,0
0.007810895297074095,0,1,28.526437062240696,0,0,0
0.006978285047282302,0,2,27.37056711993778,0,0,0
0.012747541407475235,0,2,33.506912378495684,0,0,0
0.01817674547720416,1,2,29.45977465277722,0,0,0
0.025676014878699714,1,1,26.112388220991953,0,0,0
0.00340211046320053,0,4,28.753592495541795,0,0,0
0.010775717335079043,0,1,189.4130844538272,0,0,0
0.009058059141301426,1,0,26.241725502049718,0,1,0
0.016750023593956928,1,5,28.5275697721229,0,0,0
0.004369507748654424,1,1,32.30322342700828,0,1,0
0.022364679972445442,0,2,31.467508378140366,0,0,0
0.006062863168635955,0,3,31.33060315091166,0,0,0
0.03718987666564032,1,0,25.252386600281294,0,0,0
0.005437090373053025,0,2,30.06275486320068,0,0,0
0.0030785633638527187,1,2,33.542825973220516,0,0,0
0.015418195086052387,0,2,30.82255390572499,0,0,0
0.01911216310537172,1,3,29.46792066453624,0,0,0
0.01949435085704412,1,6,26.05389541004556,0,0,0
0.005234108853984208,1,1,24.722813882566157,0,0,0
1.2900904902783201,0,5,25.630967521232755,0,0,0
0.025955714863584122,0,2,111.86040250051909,0,0,0
0.008046394929879573,1,3,33.16782240836149,0,0,0
0.047356123622180515,0,3,20.84292073278727,1,0,1
0.0019388762345385177,1,3,24.001125051072858,0,0,0
0.004004647181202716,1,1,33.94807606343821,0,1,0
0.02111280364504772,0,0,23.52959198363568,0,0,0
0.013041887464578263,0,3,24.386832154054947,0,0,0
0.018801855442606354,0,5,26.03767264672637,0,0,0
0.006700679587681769,0,3,29.091248218024752,0,0,0
0.007674128246588437,1,2,24.901640544696548,0,0,0
0.002341825508927805,0,2,34.72549418402112,0,1,0
0.0026368480361114357,1,0,30.33439076169313,0,0,0
0.007566693881109702,1,1,30.150002996976568,0,0,0
0.061930420666956996,1,1,26.055341697197836,0,0,0
0.006302150248511948,1,4,30.99464911656579,0,0,0
0.005637761469073404,0,1,28.157202182289943,0,0,0
0.0001972325180733161,0,0,23.401507029165288,1,0,1
0.0008589314622234065,1,2,30.939198379670152,0,0,0
0.0012965863031404097,0,1,27.519536740247776,0,0,0
0.01506998975582763,1,2,29.53049799934939,0,0,0
0.0022347330521952347,1,1,30.03337537980025,0,0,0
0.0016328493707098623,1,2,27.36610824460101,0,0,0
0.014790866728090539,0,3,21.50345772124416,0,0,0
0.024325387558411224,1,0,38.89097139577207,0,0,0
0.020802690344030938,0,2,28.7268880280711,0,0,0
0.0365545046792684,0,5,22.19122725144983,0,0,0
0.005865393267067035,0,2,34.30415877125155,0,0,0
0.11658864917671485,0,1,23.337689894423104,0,0,0
0.0022504407582832806,0,2,32.57793408199714,0,0,0
0.003197010091640496,1,2,30.140562812066744,0,0,0
0.005270909449423188,0,3,31.32835943066477,0,0,0
0.023932625072216728,1,2,26.188773501933188,0,0,0
0.04483696276163945,0,1,17.658242782783574,0,0,0
0.004892588072644675,0,2,27.63023903331799,0,0,0
0.019710048774343424,1,4,32.6238664161214,0,0,0
0.0023359956407428156,0,0,27.656997578384168,0,0,0
0.0006800948352887161,1,1,31.360297529758956,0,0,0
0.0002454716413271585,0,4,36.514431128998396,0,0,0
0.0317125179579712,0,2,34.878119804345104,0,0,0
0.05732113823860993,1,2,20.281779327926735,0,0,0
0.004075651086356806,0,2,30.4195828738004,0,0,0
0.00044318909858133914,0,2,23.806657631705413,0,0,0
0.002587986823220341,0,3,38.00920282657299,0,0,0
0.00040341985994116273,0,3,21.737166081447864,0,0,0
0.00045207657051511344,0,3,31.380307446216396,0,1,0
0.0023641074199611902,0,0,20.888237460148822,0,0,0
0.010709890616358924,0,2,23.321681050650565,0,0,0
0.0006505821080338842,1,2,40.32548103343447,0,0,0
0.013141436711082465,0,0,23.736045194274862,0,0,0
0.08849490816184882,1,2,27.52914184625717,0,1,1
0.002350246541922327,0,4,30.604404406852066,0,0,0
0.0030161964787982685,1,0,25.57285343687379,0,0,0
0.0008109368638146023,1,1,33.51484459735851,0,0,0
0.012772127245880224,0,0,19.660524865182374,0,0,0
0.0001790688479945782,0,3,33.256307160795785,0,0,0
0.01973619088303279,0,0,24.905942637231988,0,0,0
0.0007488383864906393,0,2,29.10569143074209,0,0,0
0.001016780251972124,0,2,36.440190026024176,0,0,0
0.0020795985897161242,1,0,27.986449872795152,0,0,0
0.027266217763689427,0,1,28.62460624569343,0,0,0
0.05229046353594412,0,2,31.584401909744955,0,0,0
0.007640683360036388,0,1,35.18949430130131,0,0,0
0.0048557112723974834,0,3,24.6803509151065,0,0,0
0.026771713494323744,0,1,97.35426001341065,1,0,1
0.008333892101377197,1,1,17.995054127396507,0,0,0
0.011216039025148105,1,4,25.427459689329204,0,1,1
0.00564608880499961,0,2,28.935557835746337,0,0,0
0.2294381340713793,1,0,27.69930370863813,0,0,0
0.004938490151006227,1,4,33.16528337058397,0,1,0
0.000758927454715715,1,5,25.460399940282358,0,0,0
0.0006587896679017781,0,1,25.119695834154502,1,0,1
0.006240515826294941,1,2,18.92070141073688,0,0,0
0.07267166585519656,1,2,26.255839819856998,0,0,0
0.08154336516648426,1,2,35.955641897464275,0,0,0
0.16111652967711843,1,3,32.49226278388071,0,0,0
0.01022662271972473,0,2,29.408902916421145,0,0,0
0.0037742166569986217,0,2,105.81106261601346,0,0,0
0.015137664401772208,1,2,32.9873521510028,0,0,0
0.007865152784954832,0,3,24.524495117059836,0,0,0
0.003692261893214876,1,2,191.74188540670767,0,0,0
0.002779447753574324,0,1,26.709183234604353,0,0,0
0.007127182285446804,0,4,21.312324778269,0,0,0
0.037663686684186265,0,6,29.096739020808812,0,0,0
0.011856556843553438,0,0,20.944541169105413,0,0,0
0.002468438408023266,0,3,25.547275221562614,0,0,0
0.0019773570812895696,0,1,20.615644398516622,0,0,0
0.002439237951825431,1,4,34.833646356125236,0,0,0
0.17182524924274722,0,1,29.61910063709083,0,0,0
0.0006825829200738757,0,5,150.47942687774477,0,0,0
0.015245875285184266,0,2,32.55864836077921,0,0,0
0.034023852332589304,0,3,28.67532573174198,0,0,0
0.0010101680964699426,0,4,31.685737807344054,0,0,0
0.03758471751589531,1,0,30.42371019857187,0,0,0
0.01210687863031963,1,3,32.51522843080503,0,0,0
0.002238009174935007,0,6,21.605666254343014,0,0,0
0.00011063897355833041,0,3,25.922913782487264,0,0,0
0.008312110703699974,1,2,30.388244697601333,0,0,0
0.0008708536037884556,1,2,33.92535046500745,0,0,0
0.012731923271493417,0,3,29.24080448880024,1,0,1
0.07285852085264842,0,1,23.124328591827165,0,0,0
0.11699125450299366,0,1,128.68423517404705,0,0,0
0.005546127702298196,0,0,26.019827716346313,0,0,0
0.001134398093508269,0,2,28.455790185686453,0,0,0
0.023043445972167644,1,1,34.26660291868478,0,0,0
0.007559670563378151,0,3,31.658157376482954,0,0,0
0.003130617784449029,0,3,35.81630570837406,0,0,0
0.007511955613483243,1,1,29.411080395059752,0,0,0
0.004472949553462045,0,2,33.136438388075256,1,1,1
0.0005166196782360012,1,3,35.21669488641163,0,0,0
0.060712134788280844,0,1,157.19216000107346,0,0,0
0.008530287235383644,0,0,20.70782205573635,0,0,0
0.017269912344159043,0,0,30.525049668511915,0,0,0
0.011778685226199728,1,3,37.41500675340141,0,0,0
0.04503509826303447,1,1,27.48917682247983,0,0,0
0.00041782580043634755,0,2,32.10261085822942,0,0,0
0.007476585230535704,0,3,32.284305292550926,0,0,0
0.01926705817774102,1,1,29.7761175385737,0,0,0
0.0007190638667236164,0,1,29.684571908618512,0,0,0
0.009835933228720452,1,2,98.37777292824053,0,0,0
0.017482564840486395,1,2,35.10399472361918,0,0,0
0.001561565044161271,1,3,19.75530614089888,0,0,0
0.0013135306078309423,1,4,27.526026727701,0,0,0
0.009252306929946741,1,3,33.89920617211537,0,0,0
0.0003928599094349788,0,5,29.394479459598735,0,0,0
0.002177047240838352,1,2,27.926993251832837,0,0,0
0.02308941705793792,0,1,34.126898790428214,0,0,0
0.021903345616832354,1,5,32.595649395097574,0,0,0
0.051916920591456035,1,4,35.233388430755824,0,0,0
0.3324220960810724,0,3,33.47463572189002,0,0,0
0.0016248181347659103,0,1,29.780594418561325,0,0,0
0.005394186108651163,0,0,21.583839896750703,0,0,0
0.004170860949127018,1,3,24.241260429910813,0,0,0
0.06210844476251699,1,0,26.38355509369518,0,0,0
0.02368015853076592,1,0,23.460376094368108,0,0,0
0.014575581916277726,0,1,35.40509536767146,1,0,1
0.02028405821699418,1,4,24.349577963117994,0,0,0
0.003049607384031449,0,4,31.787448191626183,0,0,0
0.0038817284410969295,0,2,23.335291658347455,0,0,0
0.1269307586937505,1,2,28.966802072848598,0,0,0
0.007714552532508688,0,2,35.32222688255412,0,0,0
0.001223220720985756,1,0,144.48806014398215,0,0,0
0.004391078348153778,1,2,166.44046214518514,0,0,0
0.007908078101219485,1,3,33.82669137509802,0,0,0
0.037657503640764346,1,1,27.457089429514003,0,0,0
0.0013358149808692158,0,2,16.838622399169356,0,1,0
0.003018515717461035,0,6,35.213143784662456,0,0,0
0.011371496289170637,0,1,38.84078431301265,0,1,0
0.009786898806457363,1,4,40.6076788335677,1,0,1
0.002325411682369498,1,3,29.279279019113066,0,0,0
0.0042576050845673135,1,3,21.664869897562827,0,0,0
0.0057482784333928345,0,0,34.01647171551543,0,0,0
0.118302004269556,1,1,30.859922343577114,0,0,0
0.0035001116758603262,1,1,25.839648385301864,0,0,0
0.009863230239022582,0,5,37.6389173412636,0,0,0
0.011638011475503243,0,3,30.343933725047457,0,0,0
0.01730266893730505,1,3,21.59072677457437,0,1,1
0.005281235698681028,1,3,16.470719782433207,0,0,0
0.00029236529284012037,0,3,30.10628109775237,0,0,0
0.0015831455914269363,1,1,125.82689038613572,0,0,0
0.0049259335258711534,0,1,32.00153603398932,0,0,0
0.05259614146458903,0,3,40.4262359596272,0,0,0
0.00225267585588249,0,3,25.421885855829004,0,0,0
0.011510130613250983,1,3,28.054383306975932,0,0,0
0.00677282599756706,0,3,30.55556187501523,0,0,0
0.0005166711004137293,0,1,26.93464561767111,0,0,0
0.011456284813131943,1,1,35.51145074572092,0,0,0
0.09322768512532913,0,1,30.608994307381604,0,0,0
0.022012071542837425,1,4,31.801454028486035,0,0,0
0.006981681376282261,1,1,29.618558859328164,0,0,0
0.021343012945760093,1,3,27.510928191021005,0,0,0
0.002807664648106942,0,2,28.962018926977105,0,0,0
0.0011604869806822757,0,6,25.311025798246003,0,0,0
0.008627829371863864,0,2,23.740464727947973,0,0,0
0.0023409608941422715,0,2,41.557684746444295,0,1,0
0.0006724570175573477,0,4,28.100801526703957,0,1,0
0.017743406235017606,1,2,29.278979294155548,0,1,1
0.003385167882847563,0,2,30.464177359237834,0,0,0
0.00413717247783412,1,1,37.32225080718545,0,0,0
0.004599763126124621,1,5,24.44072782479283,0,0,0
0.0013623962408767397,1,6,33.85329949654205,0,0,0
0.0029269895750997834,1,4,35.73860093621099,0,0,0
0.00413705498397519,1,2,28.751292404157496,0,0,0
0.013324439836152403,1,4,22.912999152378426,0,0,0
0.0035125702797958406,0,2,30.12590682030389,0,0,0
0.009586942455430864,0,2,26.195443108293787,0,0,0
0.001499900502121069,1,3,30.855260598636484,0,0,0
0.001269917735445372,1,2,25.823151189413615,0,0,0
0.024754427045200256,1,3,36.60704825709701,0,0,0
0.12052933655000972,0,2,35.769629906566436,0,0,0
0.06944836565569076,1,2,35.81649393084061,0,0,0
0.008543105351760921,1,3,18.62900404328346,0,0,0
0.11209708137009311,1,4,169.99981210503765,0,0,1
0.006954944486248198,1,4,19.80219013593775,0,0,0
0.0010753879169917476,0,2,26.38396303692158,0,0,0
0.0002583667792297804,1,2,32.4942976973921,0,0,0
0.006852831466088978,0,2,27.202799567274667,0,0,0
0.0008972858779886379,0,1,28.060645348012915,0,0,0
0.0011708582546021314,1,2,37.02581748865987,0,0,0
0.0059012734022370495,1,3,30.61247539833894,0,0,0
0.0031158048843979128,1,2,30.861509894420454,0,0,0
0.005491132703004661,1,5,124.54268287609342,0,0,0
0.021786504923339334,0,0,34.820849973217435,0,0,0
0.00109725325576202,1,0,28.698299267343387,0,0,0
9.829621059265654e-05,1,2,33.82299170948139,0,0,0
0.014488605429708682,1,2,32.57038752617373,0,0,0
0.012558138172649844,0,3,23.334982118517384,0,0,0
0.006138014029820742,0,3,34.27549615859765,0,0,0
0.0025275245470901563,1,2,29.591293163878174,0,0,0
0.0025528994104776683,1,1,20.480681945078427,0,0,0
0.001754943614416647,1,2,32.577052316048224,0,0,0
0.0019319247689422766,0,1,36.87110439418042,0,0,0
0.0031264786243242687,0,3,28.867499951784804,0,0,0
0.0037995593111427093,0,2,29.763663695066406,0,0,0
0.0079549583705785,0,1,39.86740821292362,0,0,0
0.051479537875774355,0,1,24.637164403355953,0,0,0
0.010289872659756227,0,1,31.6732747356465,0,0,0
0.01591102257582897,1,1,26.01883125551315,0,0,0
0.2051217117440556,1,6,37.31298682091829,0,0,0
0.02444290226312408,0,0,20.118726777987415,0,0,0
0.018909186147634753,1,1,38.177759901238204,0,0,0
0.015847592097047117,1,0,32.81945692048225,0,0,0
0.001771505667805295,1,1,46.37446309317057,0,0,0
0.3781108605018308,0,3,19.037104454188675,0,0,0
0.062259005449781364,0,1,26.83739990078899,0,0,0
0.005812549477969855,0,2,30.595211882704426,0,0,0
0.002900894393015079,0,1,34.62313158899297,0,0,0
0.0018292720769084727,1,1,29.856197058741568,0,0,0
0.0009904049833934143,0,2,32.720265818352544,0,0,0
0.014938234067031871,0,1,20.990888706772004,0,0,0
0.02064675319937957,0,4,33.193428180056785,0,0,0
0.016677617942737824,0,4,31.039274129186516,0,0,0
0.048977614281159446,0,3,25.941506224271308,0,1,0
0.01017876404354514,0,3,19.113934210796597,0,0,0
0.025440725833630752,0,2,27.876020602164445,0,0,0
0.0001530151824987339,1,2,24.387488456385274,0,0,0
0.01035693434187123,1,1,30.566680784079757,0,0,0
0.002377295828821441,1,1,35.47667009551976,0,0,0
0.00045188498864832493,0,1,35.24648015382378,0,0,0
0.003710137758769289,0,2,32.01472406172703,0,0,0
0.009464297870673984,1,2,21.38700762006925,0,0,0
0.001004111762788677,1,1,22.547724544247195,0,1,0
0.0018043320056353913,1,1,22.937877378157147,0,0,0
0.0017481930176463558,1,1,29.56526020669403,0,0,0
0.0991140962130072,1,3,35.800466339619256,0,0,0
0.00749206391149374,0,0,20.632498199262884,0,0,0
0.0008807435725663153,0,4,26.52381006194084,0,0,0
0.0022402795834557247,0,5,26.36046095766833,0,0,0
0.0060470652233016375,0,4,35.89018422963838,0,0,0
0.006680747028244184,1,3,28.398413588034938,0,0,0
0.00858499718012278,0,1,101.58733790901098,0,0,0
0.02142350900105149,1,1,28.43226675023214,0,0,0
0.003706803419489327,0,0,28.061449992436813,0,0,0
0.018294247877942846,1,2,22.032483291966454,0,0,0
0.0007198842529088629,1,1,27.43121826632568,0,0,0
0.015004752259657606,1,2,87.2330705057262,0,0,1
0.08003696363354174,0,3,26.260082480197973,0,0,0
0.0036983233897839767,0,4,22.255779936405574,0,0,0
0.003494135957087944,1,1,18.940253251316683,0,0,0
0.014165860459372154,0,1,28.46758024587734,0,0,0
0.017047378789762962,1,3,28.67271074523348,0,0,0
0.027665851611274522,1,0,24.018020472157442,0,0,0
0.028285560696943206,1,1,38.07807119718122,0,0,0
0.11452569596881611,0,1,24.93125196598527,0,0,0
0.001041959101217001,0,2,31.86499182270166,0,0,0
0.0026068753885318758,1,1,28.983632742066266,0,0,0
0.03410192656343988,1,8,34.68898207639581,0,0,0
0.00046616755355183027,1,2,29.15566221221249,0,0,0
0.0010726541477461256,1,5,27.509553129952458,0,0,0
0.36137686138048514,1,3,33.42800135994889,0,0,0
0.08040330219163845,0,1,35.14476922632818,0,0,0
0.0011610143470727043,0,1,25.908642079163016,0,0,0
0.061666937049020654,0,1,33.53065184270341,0,0,0
0.03593205215442095,1,0,28.637933186943307,0,0,0
0.014022183182998282,1,3,29.114154532414968,0,0,0
0.007510054095300302,1,2,23.475275416891797,0,0,0
0.004399939725555313,0,4,31.26621917045163,0,0,0
0.018136534213472454,1,0,18.618183326915034,0,0,0
0.006912636890354119,0,2,37.671791697575834,0,0,0
0.0058882300767652326,0,1,32.07655180645111,0,0,0
0.06029261438292079,0,2,51.53585930251177,0,0,0
0.0004472983805064573,1,0,37.0252551837927,0,1,0
0.00820853125351715,1,0,29.238531715549474,0,0,0
0.019591866153198197,1,2,139.1449983247464,0,1,1
0.00614608184845333,0,1,39.31402550972281,0,0,0
0.0033318908781561282,1,1,30.2404682569309,0,0,0
0.014880884263403015,0,2,27.98930389936848,0,0,0
0.007543411274041442,1,3,132.0906777192522,0,0,0
0.01209177948318582,0,2,27.190383863893558,0,0,0
0.015368924567722838,1,4,27.91173629322287,0,0,0
0.042347016987374635,0,1,30.166313741998955,0,0,0
0.031142868782862886,0,2,42.12189944895087,0,0,0
0.008277732003636523,0,2,31.136252281967682,0,0,0
0.0029523886143096034,0,1,31.677741616046635,0,0,0
0.003110934270688131,1,1,25.423953867704807,0,0,0
0.0013349080274119892,1,1,38.13268931501743,0,0,0
0.0002676526400953723,1,2,30.500731840853973,0,0,0
0.0037302744270251305,0,4,34.991392025009525,0,0,0
0.0005653996671707411,1,2,26.29751072190569,0,0,0
0.0001501220848410336,0,2,38.27234060733009,0,0,0
0.004665032895918199,1,3,25.968173192629294,0,0,0
0.031888049819955605,0,1,30.92217594762798,0,0,0
0.024006030147043573,1,4,33.26431182585774,0,0,0
0.009318381405531553,1,1,22.356066825946243,0,0,0
0.0037395455302884424,0,2,31.570923109406827,0,0,0
0.018912492847382525,0,1,27.669590580067933,0,0,0
0.0034881587876973157,0,3,35.20532323592212,0,0,0
0.0016834379887037123,1,5,20.2615203089764,0,0,0
0.014465741353460215,0,0,29.871787978919954,0,0,0
0.0010742783765887636,1,3,30.36444446789985,0,0,0
0.00222772416995025,0,2,33.83216507099199,0,0,0
0.023783316604038096,1,2,32.563392092993865,0,0,0
0.0023876562087516923,0,4,29.24322749727183,0,0,0
0.010102648888936503,0,4,33.74014375739518,0,0,0
0.018588994413764076,1,3,38.69640943020732,0,0,0
0.007519535301443966,1,2,35.849897178304325,0,0,0
0.0010363111457134726,0,4,23.877275483474122,0,0,0
0.004070938543635768,1,2,32.67036230315623,0,0,0
0.0010213925007705668,1,4,36.53059590877525,0,0,0
0.02927352898266541,1,2,32.15234000960831,0,0,0
0.0024221367619929905,1,1,36.2447968783172,0,0,0
0.010764387535619655,1,0,32.546237952129076,0,0,0
0.003886290288410582,0,1,29.536536870666303,0,0,0
0.2237534410484699,1,0,37.93495671840967,0,0,0
0.010792350658351161,0,1,37.4414879498585,0,0,0
0.0006440812272786651,0,1,29.282757469849436,0,0,0
0.0013320509627008036,0,3,32.39857860523177,0,0,0
0.005806581366866277,0,1,25.568021729002506,0,0,0
0.05452905826202902,1,4,28.873978376281567,0,0,0
0.006325904643769382,0,1,30.527735296981568,0,0,0
0.013480545733538263,0,2,33.43766466863118,0,0,0
0.025623793047854896,1,1,32.99965423536633,0,0,0
0.04735455550791061,0,2,169.33286583136982,0,0,0
0.0019148961692337595,1,0,37.15244433467539,1,0,1
0.008924298272185986,0,2,20.820185654797353,0,0,0
0.013072241671519507,0,6,28.731174320973885,0,0,0
0.00574790117985307,1,1,30.627421903356744,0,0,0
0.006926213714045519,0,1,23.20384271705648,0,0,0
0.0030721012684641748,1,1,133.30426150659258,0,0,0
0.0049392373506432,1,1,23.28019075354311,0,0,0
0.017267698946843213,1,1,22.039146272564416,0,0,0
0.007438952040964448,0,1,27.189187001813597,0,0,0
0.033734356623651304,1,1,30.403418853999064,0,0,0
0.007764526939098241,1,1,26.299889959857136,0,0,0
0.0014371848983282635,1,2,150.1929402430602,0,0,0
0.0012614943886261247,0,0,32.09019020841523,0,0,0
0.0014753983420254186,1,0,25.811256744329434,0,0,0
0.0007733365560015692,1,1,35.48099213570734,0,0,0
0.000687796171432981,0,1,24.050424055068774,0,1,0
0.000766945826398368,1,2,32.14583891299818,0,0,0
0.04094032632549158,0,1,28.55197807457946,0,0,0
0.0008759734599252373,0,3,28.26589350561001,0,0,0
0.0036036942141839667,0,3,30.618775755144274,0,0,0
0.015098745176412855,0,4,30.078719613388127,0,0,0
0.006573826166499415,1,2,29.6383309704696,0,0,0
0.0033051550488956594,0,5,35.077755331765445,0,0,0
0.0068274707756282174,1,1,36.324903786848914,0,0,0
0.011303320943588676,1,2,25.72419666625593,0,0,0
0.018149893382489738,1,3,26.679403083337345,0,0,0
0.0005432786487781546,1,1,27.29541940074929,0,0,0
0.005329334441558471,0,2,162.72333368413527,0,0,0
0.002642921545012224,0,1,25.18449338864573,0,0,0
0.06451303420540662,0,1,27.926941328723235,0,0,0
0.002519721016673409,1,5,30.909546590952814,0,0,0
0.0009051984802046746,1,3,29.17700798597084,0,0,0
0.003721674737240076,1,0,37.19426323536164,0,0,0
0.0010058164760525514,1,0,34.92060261693841,0,0,0
0.07766711234756069,0,3,39.27126921393083,0,0,0
0.006361674868775097,0,3,26.72923827596367,0,0,0
0.011663208056157606,0,1,22.655439889477712,0,0,0
0.0011664777043772284,1,2,27.76468669606109,0,0,0
0.0010658069912260796,0,3,29.75522426413721,0,1,0
0.0030223216558511053,1,1,25.70079013985741,0,0,0
0.004210048281593527,0,1,167.73136525887185,0,0,0
0.009906356013423401,0,2,38.66575867369923,0,0,0
0.0014074723538212125,0,2,39.73800793917832,0,0,0
0.0027666181314134762,1,3,27.469026488059242,0,0,0
0.0811603792496837,1,1,27.131822247653975,0,0,0
0.0002584521821434915,1,0,37.77255676513498,0,0,0
0.027710722983100494,0,2,22.269871310053624,0,0,0
0.0031417717659896986,0,1,25.186580855160667,0,0,0
0.0016755560249435632,1,1,29.41457339433616,0,0,0
0.017146398248495676,1,2,33.12031725039212,0,0,0
0.008647188695776473,1,2,36.469168674573574,0,0,0
0.03767800668952152,1,3,27.443500540418775,0,0,0
0.0033193136799358706,1,3,30.621601099838696,0,0,0
0.008183175523588356,0,3,147.85518627058494,0,0,0
0.007283724040273384,0,0,38.31310517802159,0,0,0
0.0185069377290197,1,2,33.52570942516488,0,0,0
0.014425545166697872,0,3,126.93331653785675,0,1,1
0.004834314608951495,1,2,26.67347155837171,0,0,0
0.027643580904910304,0,1,18.176804999409928,0,0,0
0.03338458569771029,1,3,39.2444270009684,0,0,0
0.016601626203943124,1,2,15.730469764121025,0,0,0
0.007272615809059315,0,3,35.11995727465845,0,0,0
0.03483003248903384,0,4,27.748590127300762,0,0,0
0.0015710180838821512,1,1,22.677913175598192,0,0,0
0.010455913963514104,0,2,31.114423499973764,0,0,0
0.04834397472185521,1,2,94.8022106983239,0,0,1
0.11062278116941876,0,4,28.76253120274756,0,0,0
0.023012477732696126,0,2,21.719887693262276,0,0,0
0.005224391881292731,1,1,32.862346978133104,0,0,0
0.00067744609174072,0,1,20.675514961987755,0,0,0
0.008335841295323955,1,1,33.514451522230445,0,0,0
0.03356097291939014,1,5,26.330043600909548,0,0,0
0.016413284926812134,0,0,30.095491333418394,0,0,0
0.006009846027679625,0,2,28.94212914757768,0,0,0
0.018185862023624714,0,1,27.276111910020354,0,0,0
0.0048269204951838845,1,0,28.8275669154845,0,0,0
0.028765561403811722,0,2,30.326480556120465,0,0,0
0.020281918233024967,1,0,26.483780292037096,0,0,0
0.0011824589626951273,1,2,95.4969473104522,0,0,0
0.011980384485879876,1,3,18.31212232029759,0,0,0
0.012107257852213754,0,4,30.848050164835403,0,0,0
0.005127922404258582,0,3,39.20446785984769,0,0,0
0.012175564581936874,0,1,28.11028958067993,0,0,0
0.0011786849828027387,0,3,28.609308996381067,0,0,0
0.011731699019310366,0,3,29.282964713918084,0,0,0
0.0007623093827434367,1,4,31.36173868662893,0,0,0
0.0004288275499893763,0,1,17.71973810383503,0,0,0
0.03679933194614817,1,3,33.32256842930444,0,0,0
0.008013603151064653,0,3,28.011534768792426,0,0,0
0.0009088405497924242,1,3,31.28164076478911,0,0,0
0.0026066774422905037,1,3,31.81912039956217,0,0,0
0.0031054470396351275,1,1,29.805415129405787,0,0,0
0.012696413587575192,1,1,32.795685802378195,0,0,0
0.006432334811301069,0,3,30.301246540191105,0,0,0
0.018402460755767226,1,1,24.229492790400563,0,0,0
0.016538912519407672,1,2,27.86796379482469,0,0,0
0.00016238178063775928,0,2,30.88001287988139,0,0,0
0.0037685346760627887,0,1,37.75679603552778,0,1,0
0.00574132653740745,1,0,31.045764760322676,0,0,0
0.006528727348874069,0,1,27.91105891967944,0,0,0
0.0007676680269490062,0,1,28.541159681871324,0,0,0
0.013376682042785,1,4,29.150413183125067,0,0,0
0.008909550068978889,1,1,31.137415407560333,0,1,0
0.002206069257991543,0,0,20.548469638775313,1,1,1
0.0059860603227400114,0,2,33.33055271971529,0,0,0
0.009699309259705744,0,0,19.22207446678702,0,0,0
0.0014416185487753923,1,2,36.52073577589712,0,0,0
0.004473180929782015,0,3,28.514645296055523,0,0,0
0.0018412551856535674,0,1,31.80030261288875,0,0,0
0.0033017739457384303,0,3,40.161699838684456,0,0,0
0.08459744424951555,0,1,35.26812367152417,0,0,0
0.00027398887468788757,1,3,29.837603525564095,0,0,0
0.015125034204087923,1,4,33.96120428448303,0,0,0
0.006150585377979966,1,3,28.86240029075506,0,1,0
0.005227936138083617,1,1,30.55474991114877,0,0,0
0.018280072064486185,1,4,33.57803140689938,0,0,0
0.002627861532051699,1,2,32.77306137307277,0,0,0
0.0018850886198677308,0,1,37.886778774346624,0,0,0
0.01938453710357801,0,5,33.814590797760886,0,0,0
0.010495919482607231,1,3,35.98673263895856,0,0,0
0.0020343879474285765,1,2,45.473960426897854,0,0,0
0.008234205060165105,1,3,25.15569685727663,0,0,0
0.01991570353634646,1,1,34.446203577052856,0,0,0
0.00825555695153108,0,2,28.181798865210595,0,0,0
0.049388767445084754,0,0,30.024431707550995,0,0,0
0.0008623103338777952,0,1,19.723208965189052,0,0,0
0.0015199980453386819,1,4,21.85208229145978,0,1,0
0.01896710451218463,0,0,34.68446927156477,0,0,0
0.0024345857399453745,0,2,34.2414355123782,0,0,0
0.0005903153182686362,1,0,26.318725647035354,0,0,0
0.0034907154297227766,1,0,36.68548207093184,0,0,0
0.04739515037643291,0,0,29.164493643327713,0,0,0
0.002106846737604038,1,2,25.99640280713179,0,0,0
0.0004267297691159759,0,6,20.00442392018529,0,0,0
0.0020388199405019266,1,2,34.344050980279775,0,0,0
0.007919681540814376,1,1,38.013486193763825,0,0,0
0.007603722464839958,0,4,34.32280099593552,0,0,0
0.025557382591730158,1,1,28.827544597385085,0,0,0
0.007470051743097904,0,2,24.70609872600464,0,0,0
0.0036883786382013867,1,0,22.41666460786726,0,0,0
0.011330043009622103,1,0,37.42992515811993,0,0,0
0.022401730394247,1,2,27.126764330197965,0,0,0
0.0016585781890242602,1,3,31.103013069035683,0,0,0
0.002381632684395823,1,2,33.67903236890149,0,0,0
0.01044787657297792,1,0,32.48520491650477,0,0,0
0.06700267320528244,0,4,130.4752866051834,0,0,0
0.0009197949237832484,1,4,27.63240411331185,1,0,1
0.050220085274032725,0,2,177.89893885042048,0,0,0
0.002657480874392601,0,0,32.862217880387824,0,0,0
0.001798599125742931,0,1,175.64493659972896,0,0,0
0.030073560611007803,0,5,39.14176105918776,0,0,0
0.0007149875922327409,1,1,17.730318392367444,0,0,0
0.0037146404617403356,0,0,32.569702626850294,0,0,0
0.05446657485246091,0,1,46.639697984530756,0,0,0
0.00667062389393729,1,1,30.5375073654024,0,0,0
0.025334749585541577,1,2,34.981514795088295,0,0,0
0.0001217132898146562,0,2,28.0933340783876,0,1,0
0.016119592422273493,1,0,34.6579467207377,0,0,0
0.000807860229047823,0,1,34.60753010252715,0,0,0
0.01148747311539711,0,0,30.008234513122424,0,0,0
0.0004773787024583127,1,1,36.00157725839365,0,0,0
0.05230873926143176,0,1,19.292978734391863,0,0,0
0.0040276761588828565,1,0,24.67213761729831,0,0,0
0.00401464563973743,0,1,32.85335230802295,0,0,0
0.0019046045407980453,1,3,37.058879157717385,0,0,0
0.19606762859844618,0,2,28.832106869140198,0,0,0
0.015424827673347661,0,0,34.87695607647742,0,0,0
0.05098311003072517,1,5,181.11368349803266,0,0,1
0.02196975286597826,0,2,21.883973420966484,0,0,0
0.09694313142189412,1,1,24.82537201208633,0,0,0
0.0251654201367863,1,1,33.46528631284387,0,0,0
0.003455466078991058,0,2,34.11237737416043,0,0,0
0.021468878554212065,0,3,27.133348781903102,0,0,0
0.029713009798033877,1,1,28.130245486508656,0,0,0
0.0013220417659417056,0,5,22.78653872467428,0,0,0
0.02051961080343657,0,4,32.76497733959349,0,0,0
0.013854165654297005,1,5,24.082290899723155,0,0,0
0.0013077648496504725,1,2,25.155678231918007,0,0,0
0.007107324166377098,0,4,25.963222042698916,0,0,0
0.0037515381488053366,1,3,30.54919167232631,0,0,0
0.01102247746586748,0,3,40.5748797307129,0,0,0
0.004283987705979336,1,1,39.16039083767267,0,0,0
0.006782165971494318,0,2,39.273933700948135,0,0,0
0.07671417057915388,0,0,26.68194681652396,0,0,0
0.006219510519554528,1,2,38.226025365581066,0,0,0
0.02423135677014584,0,3,142.64117556808733,0,0,0
0.0032769243089541115,1,2,22.176591461108778,0,0,0
0.0019893918838737802,0,0,31.478437409569295,0,1,0
0.010240775883113241,1,3,36.112635147789,0,0,0
0.0023262327098207683,0,3,30.449381677591255,0,1,0
0.0029987781746273626,0,5,32.57662550652838,0,0,0
0.0031959235783736266,0,0,30.863989989175696,0,0,0
0.007440141273467593,1,1,35.70514601357125,0,0,0
0.03831036034833514,0,1,32.181746899423516,0,0,0
0.002331332597731328,1,5,128.02784860808777,0,0,0
0.15443184929703202,1,0,25.99465138145869,0,0,0
0.041121714732973824,0,3,23.9288473829769,0,0,0
0.011912028073801534,1,2,25.98924391587077,0,1,1
0.011868052495199987,0,0,29.028533955279052,0,0,0
0.004856954433303319,1,1,27.186319502353733,0,0,0
0.00035324388378238066,1,2,23.161972841847735,0,0,0
0.022731577564366036,1,3,22.25543195443498,0,0,0
0.003096365941022837,0,0,38.298914589263966,0,0,0
0.0015700497712134668,0,4,31.3640357510772,0,0,0
0.0013308048195941856,0,3,29.933429359296056,1,0,1
0.003051649366844211,1,3,31.20309493301253,0,0,0
0.18658922196318464,1,5,28.09693057515356,0,0,0
0.0033479189999378366,1,0,29.289986671430615,0,0,0
0.014231968970052836,0,3,28.597291955167268,0,0,0
0.0015019566679685137,0,4,31.365970944572688,0,0,0
0.03665901881429326,1,1,23.026229691026074,0,0,0
0.00853754079173551,0,2,34.95820361419277,0,0,0
0.003695610296781295,1,0,36.93645322092851,0,0,0
0.005578600189014372,0,2,32.06301974963459,0,0,0
0.010892843615746153,1,3,21.522241131407384,0,0,0
7.897680059245875e-05,1,1,18.2908617380092,0,0,0
0.011665125491870952,1,4,32.13197488102963,0,0,0
0.010502413864518249,0,2,25.0001137333129,0,0,0
0.0026045069288124574,0,0,25.496011760277575,0,0,0
0.00413992178721269,1,3,37.18820629035834,0,0,0
0.0011921120081539488,1,3,29.731516639277068,0,0,0
0.0695831203434075,1,0,35.96806982910468,0,0,0
0.01983918632622724,0,1,34.301187974522556,0,0,0
0.0024573756748425806,1,5,25.88627422441051,0,0,0
0.0033234103667131227,1,0,30.74805770657934,0,0,0
0.0018008763383479173,0,3,25.02749749655612,0,0,0
0.0048478541085853295,1,4,34.82990863639754,0,0,0
0.0025041429912124246,0,1,28.538396365683464,0,0,0
0.0015739736178244461,1,0,31.393718115888497,0,0,0
0.0017546484462824079,0,3,29.043151351475778,1,0,1
0.004335715340156942,0,1,29.311399743385234,0,0,0
0.034722129143266646,0,1,26.775122842308328,0,0,0
0.0037044920798613317,1,0,24.526895922529548,0,0,0
0.009957113293631081,1,2,30.27073541034506,0,0,0
0.2769157942638471,1,0,31.645878361557145,0,0,0
0.016740706185182835,1,3,31.799058818952513,0,0,0
0.0014400271621910145,1,2,149.47989749677345,0,0,0
0.0012861406465087615,0,2,35.29671946609215,0,0,0
0.021717029470314873,0,0,33.07286580190116,0,0,0
0.03258968759225867,1,1,31.622712682661184,0,0,0
0.0029999185811664334,0,0,34.608629442701314,0,0,0
0.011668606610933234,0,3,35.880837302984624,0,0,0
0.0011140629945370119,0,0,19.079591809100577,0,0,0
0.01658821960109094,0,6,31.470896228110387,0,0,0
0.05190218994479977,1,1,37.47038594539459,0,0,0
0.0203556039992913,1,2,25.53302898790518,0,0,0
0.0008578897147604713,1,2,30.465081678579992,0,0,0
0.00020355758232224366,0,3,30.68386997199579,0,0,0
0.004526192965233097,1,2,32.37587507552289,0,0,0
0.03505657469657574,0,3,45.404340132925135,0,0,0
0.03867413711164001,1,5,33.053951242363674,0,0,0
0.0017129758800983534,1,0,30.248424194820732,0,0,0
0.0075285662874644225,0,0,26.355067542568136,0,0,0
0.01473220370934532,0,2,28.6081723887889,0,0,0
0.022856420782118688,0,2,22.135563729960467,1,0,1
0.017949706974134637,0,5,24.252212130299274,0,0,0
0.006016671944770037,0,2,28.771801185559212,0,0,0
0.0015066486528651384,1,3,27.166154894396957,0,0,0
0.004750405321118042,1,3,29.66866913729361,0,0,0
0.0017040111965973175,1,2,42.352709313677195,0,0,0
0.047813475746548505,0,0,28.038471639881305,0,0,0
0.0024841780477280083,1,3,173.9526730246525,0,0,0
0.004629404709099959,1,1,22.08753338375468,0,0,0
0.01191625141625644,1,0,37.149626934144024,0,0,0
0.04464641175197069,1,3,99.81221705693416,0,0,1
0.003818921681280062,1,1,28.80571474052391,0,0,0
0.039799318872661846,0,1,30.03785476070024,0,0,0
0.013460590966395791,0,2,34.17908125170524,0,0,0
0.12996662285301838,1,1,25.689191487824775,0,0,0
0.004465236227477643,0,0,27.990233000307814,0,0,0
0.015432400895133513,1,1,29.062676453975936,0,0,0
0.0020361957857757186,1,1,36.59953451050799,0,0,0
0.006285266455478017,0,4,29.143129239976325,0,0,0
0.0027956484770240548,0,1,28.54014692491189,0,0,0
0.007035982084062242,0,2,28.018409187949413,0,0,0
0.005708702095161011,1,0,32.74261347992902,0,0,0
0.03261401871403774,0,2,30.648934593766313,0,0,0
0.0009335423723223214,0,1,29.49169096954577,0,0,0
0.0007036726902837067,0,2,30.772369432704185,0,0,0
0.003313935162668024,0,0,35.25777157569554,0,0,0
0.001750609145916905,0,1,31.227783218001647,0,0,0
0.0022977385216604324,0,1,19.20122301179989,0,0,0
0.000726647785703303,1,1,32.18003480700949,0,0,0
0.011554386826590227,1,3,33.02979503336846,0,1,1
0.005955530054068682,0,3,27.78157116637672,0,0,0
0.0008157401330144368,1,1,26.4829527942493,0,0,0
0.003356184503320025,0,2,25.602796615932125,0,0,0
0.11823373349626466,1,2,24.358452115114364,0,0,0
0.0019540246134474104,1,2,30.392940929288862,0,0,0
0.001984850438354827,0,1,29.08318415401208,0,0,0
0.01982885126670274,0,1,35.50268792695563,0,0,0
0.00547585930766459,0,2,31.676460816653584,0,0,0
0.01826793170163094,1,4,23.80344936632578,0,0,0
0.0027993958475053754,0,1,27.970377225353232,0,0,0
0.00040969956846601994,0,1,28.256509212761458,0,0,0
0.028102348035543522,1,1,33.08917015063556,0,0,0
0.04634422871374377,0,1,33.985006012292494,0,1,0
0.012280049077481266,0,1,32.206799592097546,0,0,0
0.0011174268144718107,1,1,31.849365440243318,0,0,0
0.0005390915300504477,0,3,31.544725663561092,0,0,0
0.010403139692997866,1,1,33.09869272738148,0,0,0
0.0178112006439981,0,4,28.39757989841021,0,0,0
0.09517300322961976,0,3,28.749527380335874,0,0,0
0.0016415566022895604,0,1,159.35441478304625,0,0,0
0.0012841719983630391,1,2,31.66447177709399,0,1,0
0.0008412317347446685,1,1,18.47674789008378,0,0,0
0.0009439821098761093,0,3,27.06496147233926,0,0,0
0.0031820073637022087,1,3,27.616860156424593,0,0,0
0.004988092789733916,0,2,30.356378363869585,0,0,0
0.024693832279789486,1,1,26.061353500279886,0,0,0
0.04318452965127652,1,4,30.460878219321952,0,0,0
0.01410867273639114,1,1,37.77355785029907,0,0,0
0.0016706563766622398,0,1,28.723442759529764,0,1,0
0.0027013892395748793,1,0,23.768175792725515,0,0,0
0.0014736698803938001,1,0,31.713881974748883,0,0,0
0.01942929557275077,1,2,23.215304839440353,0,0,0
0.00018171235313394117,0,5,33.71116630771984,0,0,0
0.004123014237334802,1,5,27.95730968659874,0,0,0
0.006709401307339601,0,2,29.378895545165033,0,0,0
0.0009070122001223908,1,1,30.655365231567792,0,0,0
0.00742177689917542,0,2,35.60249779089904,0,0,0
0.003528839082516881,1,1,26.28056068525221,1,0,1
0.007755383280912527,1,3,33.846966924927635,0,1,0
0.02746893793674585,0,1,28.593711764294277,0,0,0
0.00231536686981086,0,2,30.330260838793276,0,0,0
0.01918557996845015,0,3,33.63756609183817,0,0,0
0.024221888557716308,0,3,26.311351220004543,0,0,0
0.0027500414937905357,1,1,34.26629022331253,0,0,0
0.005319564298907479,0,2,25.72685926029445,0,0,0
0.0010842375894671774,1,0,34.42918824724253,0,0,0
0.012901617152290705,1,3,127.67412416708997,0,0,1
0.010233202430813212,1,1,34.32559126384883,0,0,0
0.004946744222863096,1,2,32.11464732553028,0,0,0
0.002139366507857726,1,3,22.49252932621451,0,0,0
0.008919063087374309,0,1,31.0515323211708,0,0,0
0.001234590682491393,0,1,23.833797150036112,0,0,0
0.011681335788001424,1,2,32.243203626540776,0,0,0
0.003379761989600288,0,1,30.551708929933255,0,0,0
0.0014597232307519735,0,1,33.83544756462711,1,0,1
0.0011537906551769665,1,2,32.36247231130102,0,0,0
0.11631211115879445,1,4,22.916174740199263,0,0,0
0.00013763663396641233,1,1,30.506189382358905,0,0,0
0.017726327236975217,1,1,30.352526658529115,0,0,0
0.0011805297472923463,1,3,30.646810380406016,0,0,0
0.004739349817155213,1,2,37.63718310006947,0,0,0
0.013122202735198561,1,0,33.513152387146825,0,0,0
0.033001830747733864,1,1,29.761516129296176,0,0,0
0.02350571494838325,0,1,24.399939993087376,0,0,0
0.014720647679954218,1,1,28.99249840751604,0,0,0
0.005362918738886885,0,2,24.80056576430032,0,0,0
0.0014758752803379035,1,2,38.09696605252535,0,0,0
0.001817266290847697,0,0,29.452997517923666,0,0,0
0.026923267003752336,0,2,36.5029975286622,0,0,0
0.002046120303368078,0,1,32.71124190505587,0,0,0
0.0008308482751665156,0,1,22.146053927792757,0,1,0
0.0010963222465847806,1,0,26.96487919691964,0,0,0
0.01581187044283791,1,1,36.537772253064,0,0,0
0.009121651894504333,1,1,35.96423708144126,0,0,0
0.00926327568097502,0,2,33.768721245056916,0,0,0
0.006909550063300021,0,2,32.37647715099358,0,0,0
0.006251936861433967,0,1,34.021753385523596,0,0,0
0.11143568348336347,0,1,22.036446688932575,0,0,0
0.0008513606321677805,1,4,29.56637519661,0,0,0
0.0021653131003236507,0,1,34.535481563888936,0,0,0
0.046656362349373134,0,1,25.8079585001394,0,0,0
0.054261575832612485,1,2,27.05189596551488,0,0,0
0.0010162000947692294,1,4,31.80983545457757,0,0,0
0.01019013698973759,0,2,26.319368846983444,0,0,0
0.004515422994330005,1,0,28.223192479794882,0,0,0
0.036311333132921314,1,0,25.052288578342903,0,0,0
0.0002653166935520037,1,2,25.14893554242299,0,0,0
0.007060512065935947,0,3,25.550623653583735,0,0,0
0.001984060873089583,0,1,23.352481609618756,0,0,0
0.0024882503131357613,1,0,28.126827641817748,0,0,0
0.0008861833394956207,0,4,36.81708417771701,0,0,0
0.003882708355459736,1,4,23.60016847127759,0,0,0
0.014376122588496033,1,2,27.735185582883148,0,0,0
0.003913970134574518,1,0,21.355560883320102,0,0,0
0.018687273391937407,1,3,36.10391507324222,0,0,0
0.07415410169395036,0,5,25.303449257403848,0,0,0
0.013115541306740471,0,2,118.58208263241633,0,1,1
0.0007860361260801419,0,3,28.617288701854257,0,0,0
0.058004119319667584,0,3,103.60102510138658,0,0,0
0.039989582955187994,0,1,30.511246766240255,0,0,0
0.07083311554549575,0,2,34.12476118694622,0,0,0
0.005226138214362811,1,1,34.44886989906262,0,0,0
0.13218506434789343,0,1,29.313527807470773,0,0,0
0.004581475560975654,0,2,37.08752464135887,0,0,0
0.02016484430732096,1,1,29.168851890687463,0,0,0
0.004303916673648372,0,0,36.05607104459963,0,0,0
0.012618027094293082,1,4,162.0979183696818,0,0,1
0.012698157074767846,1,2,20.32159343861743,0,0,0
0.020006152461584003,0,3,27.335428300793176,0,1,0
0.0713633826218073,0,4,28.69167395693122,0,0,0
0.050113406780931014,0,0,33.771718655225385,0,0,0
0.022632769465070736,1,2,28.46796048423693,0,0,0
0.007249839689348603,1,3,46.174718925824,0,0,0
0.0013317642818772828,1,4,36.639091782860575,0,0,0
0.0018799797351946594,1,6,27.044729085087678,0,0,0
0.005936387307397984,1,1,22.391127158678838,0,0,0
0.010434071010659495,0,4,23.964920643649226,0,0,0
0.021346758643773393,0,3,171.9934107837449,0,0,0
0.01706330245405992,1,2,34.3721928459085,0,0,0
0.023200473804524606,0,2,31.67818320582356,0,0,0
0.0014005619012298633,0,2,31.11867909063656,0,0,0
0.0012101905769315118,1,0,29.303897058544838,0,0,0
0.009578790408152012,0,3,31.80388633891984,0,0,0
0.01391550352435544,1,2,36.436331001461035,0,0,0
0.056857718652436745,0,2,23.202334673395143,0,0,0
0.021772542323734153,1,3,33.63776483543992,1,0,1
0.0016870551135338588,1,2,135.93634939857094,0,0,0
0.02133842316993983,1,2,34.1360085087948,0,0,0
0.0036065092585187597,0,1,32.46308572368641,0,0,0
0.0010670250086277794,0,1,25.907620132016476,0,0,0
0.0054666479834831775,1,2,24.312092768349576,0,0,0
0.004746029940604445,0,1,31.620590625358656,0,0,0
0.002148345084542867,0,3,32.4884267092421,0,0,0
0.017708451125212764,1,2,33.58820774313281,0,0,0
0.0025834099357640522,1,1,30.73797786482398,0,0,0
0.014916767407955254,0,1,33.460667998633674,0,0,0
0.020178102094399228,1,2,29.459772328522714,0,0,0
0.026158384256820422,1,4,36.10021250606458,0,0,0
0.0012337646553287707,1,2,28.4414538498155,0,0,0
0.0010684294800165977,0,1,25.25765581495427,0,0,0
0.004806538241134338,1,1,34.14759797261807,0,0,0
0.07740484362700663,1,2,28.50723524297927,0,1,1
0.0003769142671296467,0,2,28.124053539882127,0,0,0
0.004980147543346144,0,4,21.904894921472632,0,0,0
0.09081795690213863,0,0,27.5169703435786,1,0,1
0.01258837837776113,1,0,36.184653957650845,0,0,0
0.040461468712437505,1,2,25.10642567774203,0,0,0
0.013520346567769693,0,5,33.980532416152364,0,0,0
0.02838519719376056,0,1,42.757850294929085,0,0,0
0.0015485745947530919,0,3,33.598054516499126,0,0,0
0.014302816587610805,0,2,24.559452980863014,0,0,0
0.011440594440106394,0,1,38.17240653988915,0,0,0
0.0038326866004644035,1,2,31.33970364962448,0,0,0
0.017197948300181544,1,2,30.27049440742226,0,0,0
0.014656578621947984,0,0,28.478018473415155,0,0,0
0.006152321351068266,1,2,34.26784250817319,0,0,0
0.0009953300187777914,1,5,43.53749046258309,0,0,0
0.0015808294447820779,0,4,35.97015892088483,0,0,0
0.020309121278174976,0,2,33.57281740560856,0,0,0
0.0011745506838354732,1,3,27.10342065344313,0,0,0
0.030091385059416,1,1,29.87299921203587,0,0,0
0.07913418258998847,1,4,110.74114254944767,0,0,1
0.011709725487629948,0,1,28.557411975426664,0,0,0
1.0289631628006373,0,1,40.462135595011006,1,0,1
0.024759797301850545,1,4,29.561017677032172,0,0,0
0.06471470510635202,0,3,29.27202581479498,0,0,0
0.0008671407711661159,0,1,20.24895992939505,0,0,0
0.015563286467514119,0,4,40.10238146081464,0,0,0
0.009407505262691766,1,2,29.56056110293771,0,0,0
0.00663671902923409,1,1,29.71158049078613,0,0,0
0.01454644664225848,0,2,37.762767340698694,0,0,0
0.003982813966767325,1,4,34.73593162198585,0,0,0
0.0049673220630663826,1,3,21.847592180092498,1,0,1
0.0026466138572956324,1,1,26.968711205819233,0,0,0
0.001256485680214411,0,0,36.9392121600792,0,0,0
0.0016193503154054536,0,1,28.662974679335118,0,0,0
0.030055940674001157,1,2,32.08577343384527,0,0,0
0.02040747252720084,0,5,30.862320611957582,0,0,0
0.0026779601252354024,1,4,24.127575668161416,0,0,0
0.004489556463797034,1,1,24.366621252708114,0,0,0
0.008113782050031182,1,2,26.19034143106029,0,1,0
0.0024387927602332114,0,2,26.203643660287504,0,0,0
0.04815841615145444,0,2,28.20320213832794,0,1,0
0.085089419177871,0,2,35.41505256325259,0,0,0
0.21315472541526065,0,5,28.944167813139615,0,0,0
0.008743388689350935,0,1,29.62354824867812,0,0,0
0.009352912824216235,0,2,31.60951234568324,0,1,0
0.006576079897205721,1,3,29.998381188884924,0,0,0
0.003504113240079459,1,0,27.569890611188104,0,0,0
0.005418931671207973,1,0,28.002349843465176,0,0,0
0.04778675962665754,1,3,24.92555268735037,0,0,0
0.0008122447299668771,0,1,28.805684873422255,0,0,0
0.013326018804510831,0,0,28.888610546786744,0,0,0
0.011533962223518664,1,1,37.33689100795813,0,0,0
0.0002868834529393109,0,4,27.90143710526202,0,0,0
0.019149576468286186,0,2,26.479253053586433,0,0,0
0.00302709847123722,1,2,32.844211923332985,0,0,0
0.0037865821552233595,0,2,105.51020316255553,0,0,0
0.0801867451091585,0,1,34.161222757800225,0,0,0
0.026000980330031943,0,2,31.92533086741523,0,0,0
0.0009979780599017405,1,2,29.62791821901025,0,0,0
0.0005939942938155213,0,1,33.82418248470763,0,0,0
0.0037975599184090687,0,4,111.88230738048051,0,0,0
0.005367140280205208,0,1,29.929138777684273,0,0,0
0.006424164800525769,0,1,27.97386434507009,0,0,0
0.001349166808214684,0,4,88.04593891833895,0,0,0
0.004066196333670238,0,4,28.447548798857387,0,0,0
0.005898345797973894,0,2,25.41024017535421,1,0,1
0.08724845631196235,0,1,28.12485394057317,0,0,0
0.012995392507120998,1,1,25.803235509087326,0,1,1
0.0008720211774598789,0,4,32.06111519519487,0,0,0
0.0003614079043832297,0,1,29.41947841115719,0,1,0
0.00291311061420816,1,0,31.353719204955873,0,0,0
0.0029408895372863156,0,1,33.40212668980309,0,0,0
0.08091867227097106,0,4,25.496267683305337,0,0,0
0.02545455956990217,1,1,31.86234436939703,0,0,0
0.0007223232045247498,1,1,30.55046586404918,0,0,0
0.013377383908949934,0,2,32.456224678334245,0,0,0
0.055205465191369124,1,4,34.860658507717744,0,0,0
0.0032422808647612693,0,2,30.12399558517157,0,1,0
0.005327291044099045,1,1,31.222154266597784,0,1,0
0.0029219518840032698,1,2,31.17818219466951,0,0,0
0.0058015563166967255,1,3,28.119118422801865,0,0,0
0.005545374978264564,0,2,17.062998033496562,0,0,0
0.00704833933147973,1,2,21.071133552251084,0,0,0
0.006081345673290208,1,3,33.91350084286164,0,0,0
0.040851792364112696,1,4,20.4011827813548,0,0,0
0.0005780918313971915,0,1,28.142364064750968,0,0,0
0.008696984784477686,0,3,118.87521336522452,0,0,0
0.003887828993543725,0,0,32.7476790370997,0,0,0
0.007747267150404556,1,2,27.44634079783132,0,0,0
0.020920937942679064,0,4,101.12060295739381,0,0,0
0.007351902044436277,0,1,24.518219944752317,0,0,0
0.0018075913606948031,1,3,29.96195205424123,0,0,0
0.011967277859336494,0,3,26.983507155392502,0,0,0
0.0032665870318431436,1,5,29.45665833887661,0,0,0
0.00353959391313828,1,4,172.52665720553557,0,0,0
0.003682424508567517,0,1,29.700208326799206,0,0,0
0.0018208213793196484,1,1,39.2947822189375,0,0,0
0.0012707308400794499,1,3,26.41246854683243,0,0,0
0.0012294114146601724,0,1,29.482761424409198,0,0,0
0.00045330568291987954,0,1,37.32666921540115,0,1,0
0.0029270077587868286,0,2,22.379387180741713,0,0,0
0.011846940679441224,1,2,24.0891786205677,0,0,0
0.00034722191906623445,0,3,31.31874070254019,0,0,0
0.014807426330490397,1,0,37.51621003797948,0,0,0
0.036772311572124544,0,2,28.234298583741392,0,0,0
0.03902789487295396,1,0,35.48136672392494,0,0,0
0.0535839577555232,0,1,26.973322965838534,0,0,0
0.04282716631775068,1,3,43.38688165211104,0,0,0
0.005242172963629315,0,3,33.46926458924382,0,0,0
0.0021754890368432273,1,3,31.356462551283848,0,0,0
0.003581001558382411,1,3,40.47120095944031,0,0,0
0.002841430170916399,0,1,34.64522108213862,0,0,0
0.016474804198922374,0,4,29.62170339133101,0,0,0
0.0008851027361664962,1,2,32.484020075396735,0,0,0
0.004064991103685468,1,3,26.127988986800663,0,0,0
0.006318670320101537,1,0,30.00217394532798,0,0,0
0.004024547394491408,0,1,28.54853447056608,0,0,0
0.006301250201765589,0,2,22.86363288087786,0,0,0
0.005325750571174457,0,3,32.219827559813396,0,0,0
0.009287468587743947,1,2,33.255695953002466,0,0,0
0.002444514886953554,0,1,19.754124255706373,0,0,0
0.041140740766808626,0,2,35.015019645997555,0,0,0
0.010214054895291895,0,3,30.428220490579502,0,0,0
0.0023559434860335004,0,2,27.95044119072952,0,0,0
0.0023971054969396804,1,2,28.45553233119855,0,0,0
0.0068126301585817685,0,1,27.29498847521084,0,0,0
0.02921878705633411,0,1,30.58228480261076,0,0,0
0.0059572938021875835,0,0,23.115318511256653,0,0,0
0.01111610428523765,0,1,33.49024647242637,0,0,0
0.0001445930550622037,0,1,29.873754193471452,0,0,0
0.0009016775653566313,0,2,16.576214217989765,0,0,0
0.0379132771660117,1,3,35.67897441146966,0,0,0
0.04557914409422965,1,1,127.65284159684533,0,0,1
0.01712034088774025,1,1,34.407335988040714,0,0,0
0.03723515161927767,1,2,148.426139212276,0,0,1
0.0007233797968755891,0,1,31.959310603141816,0,0,0
0.016584243234783344,1,0,31.65102636639674,0,0,0
0.10255489022078076,0,4,31.670686998330485,0,0,0
0.010149496237213741,0,1,36.762306727043836,0,0,0
0.0035396745202547807,1,3,26.335502967845454,0,0,0
0.0017916998931775804,0,3,29.769161189795806,0,0,0
0.0005396543668266687,1,5,32.049479846396885,0,0,0
0.0026451730195019532,1,4,29.64711079100159,0,0,0
0.002930859924897887,1,4,29.25394634860121,0,0,0
0.003947830772527253,1,1,26.131145876414507,0,0,0
0.01961469405019071,0,0,110.91233629387645,0,0,0
0.027844287368953304,1,3,26.55771292380958,0,0,0
0.0011011926099305674,1,2,28.520349427253635,0,0,0
0.012259462226111217,1,0,27.35518413308082,0,0,0
0.0008999198537267075,1,1,19.1659613820791,0,0,0
0.015289960763387902,0,2,40.30494493040486,0,0,0
0.005530045250959085,1,0,32.3153489583129,0,0,0
0.02547848537354578,1,0,31.238162084550986,0,0,0
0.003079443694159094,0,0,99.58811884123739,0,0,0
0.010380745471473829,0,4,21.929896321446034,0,1,0
0.03287518694262473,0,7,100.92015721624274,0,0,0
0.026432282398822227,0,0,141.63279607600782,0,0,0
0.006235734710632715,1,0,131.62232314881138,0,0,0
0.00036104009934260904,1,3,29.348039222966047,0,0,0
0.005315464073478704,1,2,27.015071122010102,0,0,0
0.007131528898127518,1,3,21.796724730665044,0,0,0
0.003831511320978959,1,1,21.76462083239052,0,0,0
0.051975851106961096,0,1,33.60962784405375,0,0,0
0.0015731293096067425,1,0,35.183155763227,0,0,0
0.004898907216997728,1,4,28.67593503806937,0,0,0
0.016492279481949746,1,1,28.96657745854138,0,0,0
0.031220832098770624,0,5,30.621855369771243,0,0,0
0.02070392724302464,0,2,30.023767172210736,0,0,0
0.007434833343262703,1,3,19.051972403350394,0,0,0
0.004928860214879292,1,2,30.548779942303383,0,1,0
0.0012411401451330776,1,3,31.001672064239923,0,0,0
0.03815120714987607,0,2,29.588703145526132,0,1,0
0.010078103909188221,0,6,30.045169581033786,0,0,0
0.021721365546276558,0,4,31.65807187044548,1,0,1
0.02177260493994915,0,3,30.237949696933057,0,0,0
0.00880442115851397,1,1,20.36369778197303,0,0,0
0.004291893667270201,1,3,23.34610423663715,0,0,0
0.0021138055974258755,1,0,36.322599097457925,0,0,0
0.0010985327568333659,1,4,32.27246461976127,0,0,0
0.012367828190429237,1,1,30.799585130110305,0,0,0
0.012351033670038834,1,3,33.48752576693467,0,0,0
0.009495156457360522,1,1,29.378234752683028,0,0,0
0.00211758503766991,1,3,35.8351824084881,0,0,0
0.004258812978587551,0,1,31.545919164737374,0,0,0
0.0146519557710999,1,5,35.855484180159024,0,0,0
0.02252777566158927,0,1,34.38933194499858,0,0,0
0.00213517551792639,0,1,29.651268583538126,0,0,0
0.00027479588570535133,0,2,28.093680531596245,0,0,0
0.014450992415726486,1,3,43.47384885848332,0,0,0
0.0022230706716769174,1,2,33.555218433703494,0,0,0
0.0011060912351421735,0,3,25.479465512283177,0,1,0
0.002106957361876963,1,1,26.60497671765962,0,1,0
0.04288187649275912,0,2,18.514240465586138,0,0,0
0.017714619986449742,1,1,31.767210605715302,0,0,0
0.003136874952967219,1,1,24.938794361991768,0,0,0
0.03275589532439496,0,1,24.303202646761427,1,0,1
0.030194562972261727,1,1,166.9442961486514,0,0,1
0.00044047875407577953,0,1,29.345804764420294,0,0,0
0.01627477750127412,1,6,23.126333852112637,0,0,0
0.016953148467443186,1,2,30.32286845992675,0,0,0
0.006599190024555647,0,2,38.28692040375607,0,0,0
0.0039029397838628503,1,3,37.93977198376032,0,0,0
0.01111627768165109,0,2,36.53931345669023,0,0,0
0.07380107699395234,1,0,30.656275383677865,0,0,0
0.0041874307675154295,0,1,34.6217069891918,0,0,0
0.0038689169033770884,0,0,26.39108900036901,0,0,0
0.008452199867996836,0,2,23.660438155040026,0,0,0
0.07840375837932528,1,3,26.817254280079187,0,0,0
0.0022835467238398743,0,2,34.50113507993222,0,0,0
0.034555117370981374,0,0,35.81226966745101,0,0,0
0.0012634260231757228,1,2,33.921423310489885,0,0,0
0.004864624081317154,1,0,24.78421460593522,0,0,0
0.0013441146792835096,0,3,37.7389914726469,0,0,0
0.05273119889580728,0,2,31.2721469430986,0,0,0
0.007967205238363046,0,0,30.45501847149425,0,0,0
0.0471473455301637,0,4,25.77160288735554,0,0,0
0.02324184889038964,1,2,22.62453161070443,0,0,0
0.00910702344168515,1,0,33.52284177065488,0,0,0
0.042718542049364275,0,1,30.799748326380353,0,0,0
0.003922175461055229,0,3,35.22675230585379,0,0,0
0.02751447695499469,0,2,32.918199650229575,1,1,1
0.005646482640683761,1,1,31.2508243665229,0,0,0
0.010258378575923762,0,2,30.890148176014584,0,0,0
0.0037012128248089505,1,2,41.18846647419335,0,0,0
0.050362295748734104,0,3,23.377296406481932,0,0,0
0.009087324163890003,0,2,30.437275798359646,0,0,0
0.0340534234124652,1,1,32.892420889361276,0,0,0
7.453752420724067e-05,0,2,33.001884509616836,0,0,0
0.0008404901564195087,0,1,149.16783113815458,0,0,0
0.005422074996477138,1,1,19.297090609465336,0,0,0
0.010348807499365101,1,2,30.61731662114829,0,0,0
0.007890408694914922,0,1,30.13696372005266,0,0,0
0.00560336408134509,1,4,137.32195422170219,0,0,0
0.0046676960555631485,0,0,35.0952749736098,0,0,0
0.06497889285513637,0,4,33.37502032117142,0,0,0
0.005850934484923896,1,2,25.700431045256373,0,1,0
0.012475772819902576,1,3,25.38554900905421,0,0,0
0.043321845385960824,1,4,34.195957502512535,0,0,0
0.008421535132226708,0,1,13.162894449777422,0,0,0
0.0063378932040239555,1,2,31.105738268585373,0,0,0
0.001965625079220769,0,4,23.2640213464097,0,0,0
0.0014270877357524458,1,1,31.81226880659882,0,0,0
0.010336785196208575,0,2,38.75186131858444,0,0,0
0.08110285751152212,1,3,34.89506638739573,0,0,0
0.0032701518534943336,0,6,31.967954765076502,0,0,0
0.04794482568773,0,1,38.74093752019129,0,0,0
0.01129986245733056,1,2,23.39428885531144,0,0,0
0.10190944604350072,1,0,30.238718893352583,0,0,0
0.0006201458865245007,1,2,29.62929202221126,0,0,0
0.036806791621360156,1,1,26.697940726991426,0,0,0
0.011147785894598921,1,3,21.715040301412728,0,0,0
0.005327836094577218,1,2,27.896559997890115,0,0,0
0.0020899251642424645,1,2,165.82154822569623,0,0,0
0.00219715174362875,1,3,26.998899944752715,0,0,0
0.005237984301251951,1,2,25.659819687016682,0,0,0
0.016316007754143557,1,2,30.511720330004984,0,0,0
0.002527066201254678,0,1,134.21177103259112,1,0,1
0.02874211230364101,0,0,28.168240976229065,0,0,0
0.05873072027807529,1,8,34.70772107678589,0,0,0
0.20827561932396801,0,4,31.315948703782556,0,0,0
0.021438652071170856,0,3,22.375058499186274,0,0,0
0.03591037436536261,0,1,30.782101422115566,0,0,0
0.005424362335288213,0,3,34.57164119139345,0,0,0
0.0037611641239827984,1,2,30.62941681399396,0,0,0
0.015111278042547397,0,2,35.15678324403634,0,0,0
0.016039523341756425,1,3,27.800423308183486,0,0,0
0.041209591957239354,1,0,31.578851806019063,0,1,1
0.00685984568939407,1,1,20.414311990087853,0,0,0
0.08941686859614835,0,4,30.742832687749903,0,0,0
0.16703110556671047,0,1,23.70146706354705,0,0,0
0.004417716849377621,0,0,36.20912101291887,0,0,0
0.010970385246330063,1,3,31.98122626541876,0,0,0
0.0012298044729332283,0,0,39.800810848898266,0,0,0
0.014719535973349728,0,3,25.208357444301274,0,0,0
0.04685470911620724,0,3,33.087770964663534,0,0,0
0.012920626348387433,0,0,33.9702481152661,0,0,0
0.0040491524720207015,0,1,28.70688646544706,0,0,0
0.0016754135815159046,0,1,26.60745677198869,0,0,0
0.016193716098446692,1,4,34.36766463936044,0,0,0
0.01067882689872845,1,1,21.67032699385623,0,0,0
0.006229244762671369,0,2,132.53422506058058,0,0,0
0.002577475008437507,0,3,27.175696584852925,0,0,0
0.0018414968162899308,0,3,18.47672523485729,0,0,0
0.004990593394950072,0,4,29.523975860932655,0,0,0
0.13197192273072897,0,1,34.784123348523764,0,0,0
0.009670095858638211,1,2,37.70028910885557,0,0,0
0.004878530123146884,1,0,169.19322280760443,0,0,0
0.0013906880114511442,1,1,30.097125917676777,0,0,0
0.010317435167020621,0,2,31.721793095267678,0,0,0
0.02480550220757524,1,1,23.64278246502494,0,0,0
0.013430096480672208,1,3,31.781134487421113,0,0,0
0.002497289180589062,0,0,25.699532907702082,0,0,0
0.007382916694554967,0,0,28.879300942308173,0,0,0
0.017335038369169917,1,3,26.999915650074612,0,0,0
0.0005944440064322787,0,0,24.71643856361843,0,0,0
0.0031939497149947953,0,4,31.313392761124096,0,0,0
0.029045564040574318,0,2,29.404214461704427,0,0,0
0.07808635524747488,1,1,29.25248130049839,0,0,0
0.004376029339109394,0,2,38.223219627594105,0,0,0
0.017026523986654486,1,3,30.68735032697212,0,0,0
0.0011213388024340764,0,1,37.296696998939915,0,0,0
0.00582793277640549,0,1,32.048901012194754,0,0,0
0.0038964484093228532,1,0,34.22316526129689,0,0,0
0.0906053816373308,1,0,31.329069537074947,0,0,0
0.012718779773073105,0,2,37.040126462024176,0,0,0
0.0027873747649645036,1,3,28.48578719737809,0,0,0
0.011851892589125734,0,4,37.049547467939185,0,0,0
0.12857264523234943,1,3,27.915299762268226,0,0,0
0.009466689685164084,0,3,32.58471723020647,0,0,0
0.03446195498765058,0,2,31.07570792977084,0,0,0
0.0048488611604860276,0,3,32.19076570612095,0,0,0
0.0007451741287353743,0,0,34.31680769171907,0,0,0
0.0724292244445074,1,3,35.91172173481401,0,0,0
0.0024847855026304696,0,0,26.713359464789526,0,0,0
0.005566516301153533,0,1,36.537203488743806,0,0,0
0.006496036237654258,0,2,149.35005084833477,0,0,0
0.0022008188351865603,1,2,20.64892013932265,0,0,0
0.006643946281747272,1,0,22.124770088294365,0,0,0
0.006439660065894703,0,3,23.70827473122672,0,0,0
0.023799084398430183,0,2,31.829228475129895,0,0,0
0.002520983132705596,1,2,38.13954272249237,0,0,0
0.016888627039961187,1,3,30.52261792341963,0,0,0
0.0010012130839161962,1,2,33.13861597757804,0,0,0
0.015901981011712887,0,1,34.59392665174458,0,0,0
0.0008343382634021877,0,3,27.390919585819987,0,0,0
0.0010122710602954586,1,0,141.35304149031194,0,0,0
0.0002182614535693812,0,1,35.209493170065194,0,0,0
0.026024428591170712,0,0,22.0320153109144,0,0,0
0.002530678800165842,0,4,32.117124232478766,0,0,0
0.0006455108547859749,0,2,28.63287898810566,0,0,0
0.0011277903417695237,1,1,38.44215430250867,0,0,0
0.008794693494015312,1,1,28.078156959113837,0,0,0
0.006410853932311105,1,2,17.159586102953842,0,0,0
0.01573539006612657,1,4,30.715748487573443,0,0,0
0.010111477942259531,1,2,28.97997834146312,0,0,0
0.002673871976109214,1,1,26.730558795701718,0,0,0
0.15263550750895735,1,2,26.07815733108565,0,0,0
0.002814156999904654,0,1,28.002409333146666,0,0,0
0.0006032972729732577,0,1,28.377737689750948,0,0,0
0.0032017445852604606,0,0,33.34052908510271,0,0,0
0.0017986258832064937,0,2,32.99275064563232,0,0,0
0.008612296222314084,1,3,29.471589556510224,0,0,0
0.0028499315139398755,0,1,28.878035937869086,0,1,0
0.016000823954019392,0,0,30.037372941060823,0,0,0
0.015280112012040619,1,1,27.047381458307218,0,0,0
0.09159288968221274,1,5,24.181677644764658,0,0,0
0.20797702338019167,1,3,42.37883791658345,1,0,1
0.004876035792285841,0,0,34.39901135637274,0,0,0
0.008047774253913053,0,0,33.48620995025803,0,0,0
0.019016083256865653,0,5,25.571826480095815,0,1,0
0.0019307558768915907,0,0,25.816869470742574,0,0,0
0.010236142759111848,0,5,34.00944849231481,0,0,0
0.006608012620094484,1,2,26.477442821296005,0,0,0
0.009802674072354503,1,2,36.2501517016796,0,0,0
0.028798463220244066,0,1,33.69004160065259,0,0,0
0.007765329290056736,0,3,29.57065322900872,0,0,0
0.0002492682543737731,1,3,168.20267460486795,0,0,0
0.00420707440384111,1,5,39.874483871916276,0,0,0
0.00010193631449013148,1,0,25.416111486878123,0,0,0
0.0036667543844383383,0,0,29.529682976696712,1,0,1
0.005898339585126812,0,4,36.800290248996006,0,0,0
0.009111085091197046,0,3,143.79997102635488,0,0,0
0.00663010712162513,1,2,28.120139923443613,0,0,0
0.014298682733551712,1,0,22.926886602969805,0,0,0
0.02285583868230472,1,0,24.87973182076266,0,0,0
0.008960182877852668,1,2,37.11939185039129,0,0,0
0.004207611687583325,0,0,31.64921792120391,0,0,0
0.09946002865145367,1,1,34.54516160807133,0,0,0
0.03240320254815544,1,1,24.861757436411168,0,1,1
0.016112393064493535,1,1,26.08048014221067,0,0,0
0.048230475945989774,1,2,21.47354605129828,0,0,0
0.013372169528620418,1,1,36.19888135029778,0,0,0
0.032618221990357625,1,1,30.127763445149817,0,0,0
0.003736496335222489,1,2,26.168600793295628,0,0,0
0.0016211263496477078,0,3,34.14149654862255,0,0,0
0.00995902249087102,0,2,26.69433835935048,0,0,0
0.0006051365434982522,1,1,32.02071875026374,0,0,0
0.0028387727896470455,1,3,144.6710107118964,0,0,0
0.02736512358353667,0,1,30.962942150806857,0,0,0
0.0006984829156567246,1,0,26.29134200926063,0,1,0
0.004507422266214957,0,4,33.521944362982424,0,0,0
0.009372254003547558,1,3,26.920956728247347,0,0,0
0.0020682639871597453,1,1,33.77703037123298,0,0,0
0.021104911646336055,0,3,31.77859844896048,0,0,0
0.010809479637663153,0,2,37.37549747436672,0,0,0
0.0024392900438019037,0,2,27.82104469283229,0,0,0
0.04566084245832085,1,2,43.3568822784228,0,0,0
0.01695749981659591,1,1,31.448327389960664,0,0,0
0.005048884772880455,1,1,27.22361713335398,1,0,1
0.0013407884179435124,1,2,28.887867427673555,0,0,0
0.036624749159158344,1,0,22.466478725149983,0,0,0
0.0009455866380163148,1,2,33.684023545727634,0,0,0
0.0005978837401434308,1,5,25.750516891460677,0,0,0
0.012107799520608805,0,5,26.93372670407248,1,0,1
0.002094155454289352,1,2,30.488152761664427,0,0,0
0.00531448947944437,1,3,34.058914001279895,0,0,0
0.015587321073381429,0,1,28.548677183298498,0,0,0
0.004847798368232411,0,2,29.81518154937066,0,0,0
0.04487177581069222,0,1,34.29881726643425,0,0,0
0.0003841526437728689,1,1,28.31845046738127,0,0,0
0.0014461299066507768,1,1,40.68243543026015,0,0,0
0.017202396544444668,0,1,33.39249025253777,0,0,0
0.0020334797303571952,1,3,36.113843406544255,0,0,0
0.0017227121461303211,0,1,28.088521638962167,0,0,0
0.01328748134226712,0,4,36.644320202075406,0,1,0
0.014417059459679445,1,3,23.42306633357866,0,0,0
0.03640913186817917,1,2,28.644383389583165,0,0,0
0.0060932982513314145,1,1,33.6491842250256,0,0,0
0.035888495448018795,1,4,24.815723022743153,0,0,0
0.008793316242248734,0,3,33.140682079494596,0,0,0
0.0035670797660804763,1,1,26.468135980119822,0,0,0
0.0006930154130934408,1,1,31.14167527762624,0,0,0
0.011951669595181387,0,3,26.329005152215867,0,0,0
0.01616026756235614,1,1,32.68608862250024,0,0,0
0.02762318560940869,0,1,30.573852088869177,0,0,0
0.005556435190314097,1,3,32.34739806649634,0,0,0
8.38644793420243e-05,0,0,27.81339792989836,0,0,0
0.054107261230988496,1,1,41.231541331051844,0,0,0
0.004436647829146056,1,1,17.084916389391786,0,0,0
0.003696188505843709,0,4,29.96699421244688,0,0,0
0.0017265328508634923,1,1,30.773305777752054,1,0,1
0.00035765933747840175,1,4,26.182673669269615,0,0,0
0.004051685000039635,1,2,25.380398082765264,0,0,0
0.023392007272510097,1,1,23.812495296336955,0,0,0
0.005764728169212243,0,2,26.325935940112323,0,0,0
0.005476047373276294,1,3,34.66441007455057,0,0,0
0.0030084191423951127,0,2,29.55205436591218,0,0,0
0.0781586027768646,0,1,32.16872217433255,0,0,0
0.031710708342743754,0,3,31.9865769256621,0,0,0
0.010981247418288848,1,0,28.211026307864856,0,0,0
0.00261456510294368,0,6,28.070887495148224,0,0,0
0.00017702745018207628,1,2,35.26979919500956,0,0,0
0.006168325448094927,0,4,31.791770427474447,0,0,0
0.01918004386960691,1,3,29.52026522787213,0,0,0
0.048609758578439376,0,1,37.14660259039995,0,0,0
0.016293636307614084,1,0,32.19482404436635,0,1,1
0.005544207533134081,0,2,22.083453537245845,0,0,0
0.0027432369843395235,1,3,29.50804351847182,0,0,0
0.0027518219425055872,0,0,33.94433210780361,0,0,0
0.020683687490076864,0,3,31.763118461072605,0,0,0
0.0014091467125331666,1,3,35.76159716382077,0,0,0
9.823974598432541e-05,1,1,28.78220170820237,0,0,0
0.01785446220941799,0,1,26.485654017587702,0,0,0
0.018142494361937583,0,2,23.107298782246435,0,0,0
0.002350663874961981,1,1,34.14410643883599,0,0,0
0.00025374673605208057,1,4,29.970613726625,0,0,0
0.07141017408164031,0,0,33.57922371727158,0,0,0
0.0033921547340636077,1,3,34.23208670369535,0,0,0
0.0026640038334223657,0,0,29.265702908512395,0,0,0
0.008780085996377697,0,1,114.14664562787408,0,0,0
0.053515330665952106,1,2,26.662626547035096,0,0,0
0.0034432479447380733,0,6,28.052728291680587,0,0,0
0.012541056417508118,1,3,32.2683434657858,0,0,0
0.004180477796365214,0,0,29.962706773682914,0,0,0
0.008147264133591736,0,1,23.239243469650518,0,0,0
0.00479261313061114,0,5,35.45052943521851,0,0,0
0.02613043653516236,0,1,23.222878246989353,0,0,0
0.0042620704920258564,1,1,27.80623192321089,0,0,0
0.006134556038247038,1,0,32.02246025380299,0,0,0
0.0016814465654777719,0,3,34.21145428860198,0,0,0
0.00851073621582575,1,6,26.560846950962098,0,0,0
0.0021850176555848633,0,2,28.815659971940946,0,0,0
0.0005761133226331726,1,1,28.55438250000471,0,0,0
0.004710550544218894,1,3,32.7461542964863,0,0,0
0.00992413261488386,1,1,28.342617711576104,0,0,0
0.0033609932931211537,1,3,33.10982445235737,0,0,0
0.0031988253774177817,0,1,28.799310187405556,0,0,0
0.0624822979490246,0,0,29.144431384204562,0,0,0
0.0013674784593968024,1,1,39.236870201511294,0,0,0
0.016439260767100033,1,1,34.27440641183785,0,0,0
0.0005691194825216704,0,1,28.48764854289571,0,0,0
0.12767253134755177,0,2,38.708486495784086,0,0,0
0.023174983099025746,0,4,40.27679159919252,1,0,1
0.002112819946060404,0,3,24.642547179800662,0,0,0
0.0888285463454995,1,4,27.353018150512224,0,0,0
0.0022541954232166697,0,1,24.81559051140303,0,0,0
0.01345493772582954,1,0,35.64527030347983,0,0,0
0.003129743513111452,1,2,28.315473757696275,0,0,0
0.013262251392802567,1,1,34.79755582454294,0,0,0
0.007466963467171275,1,1,33.80828677806979,0,0,0
0.008355929448213183,1,1,30.52920427288348,0,0,0
0.011806873168240067,1,1,28.739796365318142,0,0,0
0.0019196248250001654,1,1,34.15863871697245,0,0,0
0.012160361926873786,0,3,33.677585396922126,0,0,0
0.0011524404621540407,1,1,32.70598972571666,0,0,0
0.00024753644806536906,0,3,30.31823569031818,0,0,0
0.0015378008376642385,1,2,26.772923955805776,0,0,0
0.002506418917858343,0,2,28.78050850543116,0,0,0
0.008406879501036926,0,2,24.665174342549054,0,0,0
0.0023250014883590244,0,0,28.379201514477227,0,0,0
0.022566471099816177,0,1,26.708136157388576,0,0,0
0.010864106903154265,0,1,31.545506697483777,0,0,0
0.012207540613975852,1,0,29.180785732174048,0,0,0
0.001521050737923635,0,0,35.902567090980824,0,0,0
0.0006845662291464997,0,1,34.34381442824123,0,0,0
0.015007201821725713,0,3,34.31709180526009,0,0,0
0.007599918520052877,0,3,37.700423025773134,0,0,0
0.08082296108335213,1,4,26.210342443008393,0,0,0
0.0799418164445286,1,2,34.99929170700873,0,0,0
0.026629019692975067,0,4,28.855102418363423,0,1,0
0.0037822324025887383,0,1,30.166369199468075,0,0,0
0.008091365937057124,1,0,33.89886204045202,0,0,0
0.005757316966285351,1,0,34.760911668142526,0,0,0
0.0004996001880420697,1,2,29.885819632846925,0,0,0
0.022035872107649644,1,2,97.91731443444812,0,0,1
0.12421494069809687,0,0,31.47140064949146,0,0,0
0.012897268660702337,1,1,28.4132643843456,0,0,0
0.031908158802691274,1,2,45.97639720443614,0,0,0
0.009022504246983204,0,1,26.67187716460223,0,0,0
0.0016511669396416843,1,2,32.68119800950814,0,0,0
0.007245864741440371,1,4,31.257150427929773,0,0,0
0.006653999664804901,1,1,28.277209972798573,0,0,0
0.011557424395384104,1,1,31.786996894720634,0,0,0
0.0073914319970142285,1,0,34.86916109996852,0,0,0
0.010218385549109216,0,1,32.283191677819154,0,0,0
0.046517874237694185,1,2,129.06296490560794,0,0,1
9.696135692155997e-05,1,0,36.652575672511915,0,0,0
0.006544671317585411,0,1,29.332492279129426,0,0,0
0.015861665473683558,0,2,33.43084022342082,0,0,0
0.003496230295050682,0,0,35.62244911524905,0,0,0
0.003710674516960444,1,5,34.417763011442744,0,0,0
0.011300266022564285,0,2,33.679647368788416,0,0,0
0.014119245115928214,0,4,30.49030052647884,0,0,0
0.0048588536449495935,1,2,22.608872060774683,0,0,0
0.005752405547489598,1,0,34.76430220521299,0,0,0
0.0025252942060421113,1,2,32.551473316068446,0,0,0
0.005430531610188445,1,1,30.12307941940528,0,0,0
0.08464394507872434,1,2,25.900707984577355,0,0,0
0.01097062423218247,1,1,21.621516645279094,0,0,0
0.00286876105057245,0,2,34.55799901654108,0,0,0
0.004136470833139127,1,2,27.98421388837618,0,0,0
0.005845953147762875,1,1,27.241778726354035,0,0,0
0.011696953763158602,1,1,26.784780527504964,0,0,0
0.0029085430162165346,0,0,27.80003609986502,0,0,0
0.01200703802407344,1,3,29.35053810665118,0,0,0
0.09058150607403276,0,1,27.9091676794386,0,0,0
0.015680410251874544,1,1,29.533817905829206,0,0,0
0.0007636073257489692,1,2,28.70060810493223,0,0,0
0.016959072871360448,0,1,30.685694082501897,0,0,0
0.004474156065313181,1,3,28.264486192368082,0,0,0
0.0006312895023298741,0,3,28.60848257781183,0,0,0
0.0002821409123904844,0,2,36.95207259892917,0,0,0
0.026628325412477,1,1,29.70541708395761,0,0,0
0.008909639990127638,1,3,26.687901511548162,0,0,0
0.04583449610486239,1,1,29.569527647785815,1,0,1
0.0012126807055282416,1,2,36.40061933542934,0,0,0
0.00915587650071507,1,4,31.268160461032156,0,0,0
0.0061215396875211525,0,0,36.79920231017108,0,0,0
0.005028347118654026,1,2,25.605124809048508,0,0,0
0.005530301401628405,0,4,25.84411888022469,0,0,0
0.0019127173766378153,1,2,23.78707511624892,0,0,0
0.0032103430631973224,1,2,25.62236886580444,0,0,0
0.0034788896878947565,1,1,34.36064701148641,0,0,0
0.017148633982252966,0,2,32.6629932108901,0,0,0
0.0022937557066881322,1,2,39.36674286136643,0,0,0
0.010689116181083796,0,3,145.99085400569686,0,0,0
0.0010088685245033193,1,1,31.918370071619325,0,0,0
0.0056041238527311105,0,0,26.848666155212555,0,0,0
0.0005179707824584345,1,1,33.774307334186645,0,0,0
0.0023141934061068443,0,5,174.56873366949463,0,0,0
0.017186333152255397,1,2,30.335861079786778,0,0,0
0.015162619358202937,1,1,23.0493829432152,0,0,0
0.010324056872557415,0,2,33.20520424615797,0,0,0
0.0006859330990443722,1,4,32.56890369112953,0,0,0
0.004667641881413894,0,1,30.955832313955863,0,0,0
0.04821351065294183,1,1,36.01900683666165,0,0,0
0.015044867678533953,0,0,29.271388413678526,0,0,0
0.013127469556809176,0,3,35.57192923412722,0,0,0
0.20809473838812811,0,0,31.70486401624405,0,0,0
0.015828779863385656,1,1,37.92714437050492,0,0,0
0.024955462416684764,1,2,29.412538544395513,0,0,0
0.012864735057687924,1,0,23.842805521388932,0,0,0
0.1184285158201898,0,3,39.689368661601264,0,0,0
0.0025853185294679986,1,2,33.929595999033936,0,0,0
0.016742419395786166,1,2,40.61377648572496,0,0,0
0.10112542724779286,1,2,25.57575848380044,0,0,0
0.0014441310090860433,0,2,35.86601548131996,0,0,0
0.030708275597747643,1,0,112.89919263684035,0,0,1
0.028320385910938918,1,4,34.23213627953011,0,0,0
0.03639485940169649,1,1,29.48668744172248,0,1,1
0.008502050873195638,1,1,39.70337715335548,0,0,0
0.03673238336813476,1,4,30.46117584307356,0,0,0
0.0005649873081573999,0,2,34.919994053215326,0,0,0
0.008423351446446195,1,0,33.89143933985831,0,0,0
0.03141693504237175,1,1,23.730773598363594,0,0,0
0.06618466787464236,1,1,24.072458797038898,0,0,0
0.011785559252898462,0,0,33.79842883407391,0,0,0
0.0009858127961475166,0,0,38.71918459492664,0,0,0
0.06964215293818936,1,2,31.077353557681064,1,0,1
0.0013877286711432347,1,0,32.063412571302614,0,0,0
0.007534062983042206,1,0,32.19806028228591,0,0,0
0.006316956595873349,0,0,29.387942958808818,0,0,0
0.01075973380993359,1,2,31.11285157109487,0,0,0
0.01283703091970258,0,4,29.38320803483209,0,0,0
0.0002785278590803098,0,1,28.8946513718098,0,0,0
0.04441284111552875,0,1,141.59956793953188,0,0,0
0.002215506995429931,0,2,31.683496346442126,0,1,0
0.015338758594502715,1,2,37.69584030808238,0,0,0
0.009936573312631859,0,0,36.85252671403475,0,0,0
0.000540078956007386,0,1,29.014169253249523,0,0,0
0.002385703082732094,1,4,32.7504264998242,0,0,0
0.009357584039292441,0,2,30.355195822775347,0,0,0
0.0023262424316103595,1,3,34.86459461509372,0,0,0
0.003071576771152809,1,3,28.310340078244174,0,0,0
0.01172869363676629,1,5,27.142101734893117,0,0,0
0.01312448795849836,1,5,36.073797940476055,0,0,0
0.003500846953341674,1,1,18.352933451388026,0,0,0
0.03140263704865811,0,2,38.853696082051954,0,0,0
0.0022888022243881803,0,2,29.926794378708458,0,0,0
0.012762230666303042,0,3,32.36648282713984,0,0,0
0.04296527130667419,1,0,162.14279231266374,0,0,1
0.0034852755814428604,0,4,30.0815735660522,0,0,0
0.03582928059836566,1,2,28.541317808551103,0,0,0
0.005815242551035151,0,1,39.238541440720574,0,0,0
0.002859173020893244,1,2,27.184365533079887,0,0,0
0.007283692434179278,1,2,28.862166016647038,0,0,0
0.025169018433578945,1,4,20.391162116753748,0,0,0
0.015581920242464312,1,0,23.812853328293514,0,0,0
0.0014371609114956373,0,1,26.196439481895286,0,0,0
0.017423179692768114,1,1,38.541044732670024,0,0,0
0.005686563227792713,0,2,32.03931681064921,0,0,0
0.002222200057433489,0,1,36.38539850639846,0,0,0
0.002661424222657089,1,1,161.703741082662,0,0,0
0.012824537074880078,1,2,23.841584390635393,0,0,0
0.021631033715766426,0,4,23.239852614091106,0,0,0
0.003817038629133463,1,1,24.82445381342081,0,0,0
0.031394758973782605,0,5,35.058008089225375,0,0,0
0.00040412498361640464,0,6,27.46084881379645,0,0,0
0.0008658770874725631,1,2,30.981242688703958,0,0,0
0.0137904370550883,0,1,33.44075786364663,0,0,0
0.008928065837523324,0,2,34.99087185105348,0,0,0
0.005054859509286756,1,0,20.726965517324498,0,0,0
0.02546622588502089,1,4,23.369533937109267,0,0,0
0.38875655959567085,1,4,24.60989037374344,0,0,0
0.008542518039406042,0,1,30.04773746592247,1,0,1
0.013766566401382335,0,4,33.139832637321646,0,0,0
0.008237039920765708,0,2,30.5455010274856,0,0,0
0.00648720485801976,1,1,22.87291649788704,0,0,0
0.004574962216245598,1,2,32.719518910500724,0,0,0
0.006881178042333807,1,3,35.01901963128062,0,0,0
0.004775209664083094,1,4,26.15610644541604,0,0,0
0.021522262263281227,0,3,28.961552785368987,0,0,0
0.003118748594849412,0,1,34.22599757944996,0,0,0
0.0034022817229417924,0,1,29.222070885917923,0,0,0
0.01099725669812851,1,2,28.782821726060156,0,0,0
0.01293640451034395,1,4,31.258151449906084,0,1,1
0.005461203499015556,0,2,30.995497603362132,0,0,0
0.011384539279127791,0,0,26.653333957059246,0,0,0
0.023738864908446823,1,3,33.22335339212047,0,0,0
0.0038973763250818743,0,5,34.6665361567214,0,0,0
0.006956558103217677,1,3,22.67520184132967,0,0,0
0.005658764671990144,0,0,34.81820855871948,0,0,0
0.002582294727857354,1,0,39.55809781218951,0,0,0
0.060239307031627054,0,1,33.777553897074945,0,0,0
0.13530373882842664,1,2,32.12361783943265,0,0,0
0.014100086054862557,1,3,26.783558032824068,0,1,1
0.0009693473008040717,1,3,27.284176843246073,0,0,0
0.002286376784997692,1,0,26.399551899897077,0,0,0
0.01958879611649273,0,1,30.971295351296448,0,0,0
0.012780501378360589,0,1,23.396279075367655,0,0,0
0.0018359990769484388,0,3,29.756520848634413,0,0,0
0.0012780453309082784,0,0,32.99539455203575,0,0,0
0.007525080592119143,1,3,32.17231078772897,0,0,0
0.026304934626464438,1,5,34.28242084239182,0,0,0
0.11978374132315313,0,3,40.04620368653413,0,0,0
0.03261490305428538,1,0,38.59605558790165,0,0,0
0.002796997345421744,0,1,30.186871453871664,0,0,0
0.0006343406508385763,0,3,32.99725942271584,0,0,0
0.0010246985948260243,0,1,37.514440897426475,0,0,0
0.001958334771172666,0,1,30.93212402237795,0,0,0
0.006732572063940358,1,0,29.30657909793726,0,0,0
0.01945964721329229,0,5,27.502989564991783,0,0,0
0.015054363620020564,0,3,34.73106481418787,0,0,0
0.007032818015076391,1,1,39.22119929746445,0,0,0
0.011207201806174868,0,1,34.57799290477246,1,0,1
0.009312758239253743,0,3,32.097422182030314,0,0,0
0.0701036789252119,1,6,26.263429652916546,0,0,0
0.024752875284094332,0,2,27.66587756010897,0,0,0
0.0026798133292164172,1,3,27.793207804103726,0,0,0
0.002493510810239835,1,2,25.66191734792764,0,0,0
0.012628057745279858,1,1,37.54162848631709,0,0,0
0.3768884095114878,0,1,28.762777090136826,0,0,0
0.005174368494426826,0,2,119.78952203037665,0,0,0
0.0044992520775773365,1,2,25.513625020841705,0,0,0
0.00198427230138684,0,2,30.681956384383653,0,0,0
0.037158785416735805,0,4,39.82000256591019,0,0,0
0.003663694884530369,0,2,22.17822978144914,0,0,0
0.004793452674547391,0,1,30.15910527797814,0,0,0
0.027763276274727033,1,3,31.899161609091866,0,0,0
0.0986184498291458,1,0,23.098522213622143,0,0,0
0.0030154177061623324,0,1,36.99112228827318,0,0,0
0.008897821303839303,0,0,33.44455108668489,0,0,0
0.017434349970847828,1,0,27.04945662368104,0,1,1
0.00020614356937823626,1,3,31.632549690976226,0,0,0
0.00015361072277875903,1,0,28.894223593808526,0,0,0
0.020753878197866435,1,2,20.13512254337129,0,0,0
0.002195575614907238,1,0,39.46361255421731,0,0,0
0.05757212968955558,1,1,24.91451816653197,0,1,1
0.0663388746829649,1,1,27.464188094618006,0,0,0
0.03676539506747211,0,1,30.107926567323734,0,0,0
0.001444324241142538,0,1,32.0778137536903,1,1,1
0.0011788364214814192,0,2,31.198304043772218,0,0,0
0.08739741571632825,1,2,24.332688323722262,0,0,0
0.008207549595505586,0,1,25.81528968401336,0,0,0
0.005557971136244134,1,3,33.04294061998898,0,0,0
0.01310270532066734,0,0,33.978496717296814,0,0,0
0.007098171854276581,0,2,35.451989935587,0,0,0
0.004868118542516006,1,4,141.23939563095166,0,0,0
0.002932604976043106,1,4,33.72175349249958,0,0,0
0.0032900208039243007,0,4,38.93258556555405,0,0,0
0.0003964003830760498,1,1,22.601701016385185,0,0,0
0.012843588626923056,1,1,30.226952533645203,0,0,0
0.0012529062276846034,0,4,25.629861959887698,0,0,0
0.00764849574844127,0,0,27.389997338607376,0,0,0
0.0011498920356442016,1,0,34.93343782094255,0,0,0
0.005262742483433993,1,1,23.146435019171246,0,0,0
0.06069489531825553,0,1,24.437800635285143,0,0,0
0.00017594006163728282,0,2,27.452387157303534,0,0,0
0.02137310646201287,1,2,27.293442164757092,0,0,0
0.0024326487022378325,0,0,135.45177771046758,0,0,0
0.0011170031439335527,1,2,28.082115363901345,0,0,0
0.015114086952565579,0,3,41.22278288136592,0,0,0
0.006583376853943161,1,4,24.37445911339693,0,0,0
0.001719512127206263,1,1,28.989735909216034,0,0,0
0.004571620517727419,1,2,30.421749694048977,0,0,0
0.009566803470050062,0,2,37.52243866557082,0,0,0
0.00333498047269828,1,2,29.837390769262246,0,0,0
0.01693785137768116,0,4,29.229279788316564,0,0,0
0.005970034827147019,1,2,25.077025728339407,0,0,0
0.15404246887376366,1,3,37.471914056383675,0,0,0
0.004880068728592384,1,2,27.555491770280184,0,0,0
0.2904529103564789,1,0,30.574292721891688,0,0,0
0.00434478599408384,0,1,18.244932376653118,0,0,0
0.002987911718661463,1,2,19.89758571679929,0,0,0
0.003867860988628659,1,1,78.39842082317867,0,1,1
0.0012959670990538167,0,2,35.09877340912064,0,0,0
0.007433731298159923,1,5,37.16454826842729,0,0,0
0.0004248529012770624,1,3,29.28622123593832,0,0,0
0.01659367374768131,1,2,44.05722252175126,0,0,0
0.0015097668749583788,0,2,26.360622003677523,0,0,0
0.0438694064206874,1,4,23.07857527599792,0,0,0
0.0063993164899773525,1,1,34.34359833497051,0,0,0
0.003387307485117698,1,3,30.332995855344624,0,0,0
0.0009434055375665823,1,4,27.411560927336357,0,0,0
0.004195357422698243,0,3,21.485492133667506,0,0,0
0.014409023767097516,1,4,30.324452729831794,0,0,0
0.001447620869555409,0,6,31.13260314164516,0,0,0
0.12766579985954138,0,2,33.20005534806629,0,0,0
0.017113572615519525,0,3,25.639360828054187,0,0,0
0.007514888390138285,1,2,26.020526735993634,0,0,0
0.03982924786180019,1,0,28.590518141597197,0,0,0
0.014200682124151195,0,1,28.305065169419734,0,1,0
0.0025672642343751917,0,2,30.280165480076967,0,0,0
0.002848239325122404,0,6,28.26377360111048,0,0,0
0.0022212942172466104,1,1,147.39210736389697,0,0,0
0.008593806978104548,1,0,34.09797940074279,0,0,0
0.004985457533416047,0,1,28.885356337010048,0,0,0
0.1296594964878599,0,0,152.64992935235995,0,0,0
0.0238679828371688,0,2,32.244008800500616,0,0,0
0.03046683049053739,1,1,25.241319914439863,0,0,0
0.0006182916950268055,0,3,31.7728298106825,0,0,0
0.022616024770177486,0,3,33.40444846069792,0,0,0
0.0008399806930858228,1,4,31.384587727660463,0,0,0
0.012245557540383041,0,4,25.857504226099863,0,0,0
0.006576097166873382,1,4,26.435795630970535,1,0,1
0.005487055630146557,1,4,30.800249967306865,0,0,0
0.02250640625889302,1,3,25.992468058960227,0,0,0
0.008008767500661252,1,3,25.051218512633064,0,0,0
0.006777384049101453,1,1,26.17175176150829,0,0,0
0.0009055570041329481,0,3,32.89166108059186,0,0,0
0.12627429356361267,1,1,27.083780731817384,0,0,0
0.024451741507757748,0,0,28.828795468393253,0,0,0
0.026026888271094967,0,3,21.226189594850894,0,0,0
0.0029912912260995667,1,1,23.633572179361025,0,0,0
0.06573559322721624,0,1,33.08912782187149,0,0,0
0.001457761228466555,0,2,27.8048638653857,0,0,0
0.0013582549254848994,1,1,32.15283596964873,0,0,0
0.011611392607219604,0,2,30.557400642619122,0,0,0
0.0113427375687684,0,1,34.51030962581327,0,0,0
0.0028232814760065328,0,2,26.839643853830985,0,0,0
0.00042650990039883795,0,2,33.22573526063836,0,0,0
0.0009470649540842274,1,1,27.21501185536204,0,0,0
0.006966636521318826,0,1,26.253703035761475,0,0,0
0.002421283858090427,0,3,30.428303794955944,0,0,0
0.002840584239789619,1,1,27.27872421322599,0,0,0
0.032597390593084474,0,2,25.459628111346152,0,0,0
0.030279268639040388,1,4,26.91332240021286,0,0,0
0.007335693796365199,0,6,34.86896272445436,0,0,0
0.0008037866952210547,0,0,29.291157435586243,0,0,0
0.04544518354010745,0,1,31.125724336377974,0,0,0
0.004474201849521087,1,1,36.93894426375404,0,0,0
0.0037155740554909076,1,1,26.60734230404741,0,0,0
0.10447652334135081,1,1,139.79594026913077,0,0,1
0.01993472317346475,0,1,28.988156459979184,0,0,0
0.09228761942809988,0,3,26.25860275223225,0,0,0
0.03582356954917859,0,2,28.209160075793783,0,0,0
0.0034080931618949498,1,2,30.99632963375577,0,0,0
0.0308912701984529,0,2,107.81622992155688,0,0,0
0.0004181335204801986,1,1,137.875031097603,0,0,0
0.9986566508015887,1,2,30.263434857104134,0,0,0
0.003623584766797391,0,0,29.344270151479666,0,0,0
0.022981524447064194,1,4,37.04944726830947,0,0,0
0.012391149765917707,1,2,30.676320617691534,0,0,0
0.025845700694011455,0,4,35.4577321486262,0,0,0
0.002025360352744796,0,0,25.920804693957862,0,0,0
0.018728227370843502,0,3,30.231198192215498,0,0,0
0.01247912064013345,0,1,30.002790763079243,0,0,0
0.006456963448978025,0,3,22.441646437022374,0,0,0
0.0015935693978469281,0,4,31.020151744829317,0,0,0
0.004128433509365286,1,4,25.242923534470115,0,0,0
0.008060124918057002,1,2,26.174659807101822,0,0,0
0.005857833522843566,1,1,34.784536809374124,0,0,0
0.00020373946758010913,0,3,16.75123662636268,0,0,0
0.007770949891591748,0,1,177.7471779140838,0,0,0
0.0057437522155671895,0,0,29.157959619787878,0,0,0
0.002997999428730246,0,2,26.71257784817736,0,0,0
0.0010919867216556424,0,3,33.97962558314281,0,0,0
0.01144379813424988,0,3,33.18150992397462,0,0,0
0.00013485038130047145,1,4,35.24344543084407,0,0,0
0.002659763720468508,0,2,32.97163762136317,0,0,0
0.004981146922939204,0,1,32.688811034214716,0,0,0
0.0012383565108106266,1,2,32.96527794608874,0,0,0
7.315708614948765e-05,1,2,32.537272967509374,0,0,0
0.015180373171924316,0,2,33.47832985958412,0,0,0
0.01525239223433084,0,2,34.41717535062841,0,0,0
0.011482808858876708,1,0,34.51863766704209,0,0,0
0.009560267569965355,0,2,26.54155631835575,0,0,0
0.001407336800165132,0,2,34.02123852328488,0,1,0
0.02128143667289605,1,4,24.445715626094824,0,0,0
0.02678977535221417,1,1,38.36398830237463,0,0,0
0.0033003564438543655,1,2,22.47933943948717,0,0,0
0.08743381400889169,0,3,120.16313546393596,0,0,0
0.002801256741648268,1,4,25.003336090476417,0,0,0
0.004813186365333041,0,5,22.54076178256382,0,0,0
0.012361788388840852,1,4,30.315302518677512,0,0,0
0.02052289813587854,1,1,35.24145406488354,0,0,0
0.009627540367707478,1,1,35.359095831569725,0,0,0
0.041577206798698155,1,2,25.547005268452345,0,0,0
0.008668247798965788,0,3,27.38010094322697,0,0,0
0.004888126002225445,1,0,31.762458906689464,0,0,0
0.0012416871800526481,0,1,23.193012721742477,0,0,0
0.003065116989325534,0,4,31.08627100311275,0,0,0
0.009499161220211466,0,0,27.79184950371095,0,0,0
0.002851229230802231,0,3,26.406867963906215,0,1,0
0.0009021507285841902,0,2,27.233992632853308,0,0,0
0.020339715835870124,0,3,33.590149712049644,0,0,0
0.006379358094781749,0,3,15.125047236204239,0,0,0
0.009284901134872282,1,3,31.035237737563527,0,0,0
0.00988429421153986,0,5,35.63208805052164,0,0,0
0.0036057072485149266,0,2,27.991790404997392,0,0,0
0.182059023750081,1,4,27.482577415843284,0,0,0
0.003445581802122271,0,1,36.09982120051259,0,0,0
0.053064421162659324,1,2,25.733410706897534,0,0,0
0.0012615184809406002,0,2,27.542509370022202,0,0,0
0.007195174694470274,1,2,40.70359295577265,0,1,0
0.017286353850492205,1,3,24.340260414488707,0,0,0
0.003696435072709312,1,2,27.176860073979814,0,1,0
0.10673755158293373,0,3,34.15961742009179,0,0,0
0.0007478026164569101,1,1,24.942572283624095,0,0,0
0.0013353199171865706,0,3,30.612321737094504,0,0,0
0.010409317414185526,1,2,26.76256104960563,0,0,0
0.002293159786750412,1,2,42.89770395608093,0,0,0
0.0007364679381441044,0,4,26.489458240585748,0,0,0
0.01294382854208233,1,2,31.661287946300487,0,0,0
0.006637094176811882,1,2,23.742344764002272,0,0,0
0.005710319826388506,0,2,25.721182825026936,0,0,0
0.03733469571597965,0,2,29.138503661834246,0,0,0
0.029883467356159675,1,2,28.561489831002923,0,0,0
0.01088596945713843,1,4,19.306653351075482,0,0,0
0.022626063740374083,1,0,24.295507214772215,0,0,0
0.06203572238944975,0,0,19.324820550734263,0,0,0
0.0014537942635669918,1,3,29.40688275532682,0,0,0
0.012266161339712504,1,3,29.15979555997553,0,0,0
0.031038316622064206,0,2,41.23210584221678,0,0,0
0.03389074030985035,0,3,37.080652825285554,0,0,0
0.06578571308306884,0,2,30.997844778035514,0,0,0
0.7908078209653556,1,4,30.179334640610502,0,0,0
0.0016646398504419513,1,4,35.44145220202779,0,0,0
0.020217050305269182,1,3,26.335493387895013,0,0,0
0.02041313627254388,0,2,29.928173184998595,0,0,0
0.0018338140729564298,0,0,32.52425571407895,0,0,0
0.030570788891040823,1,1,37.30592240380815,0,0,0
0.0009038780243185802,1,3,23.906841117445303,0,0,0
0.002440926351909434,0,4,31.591537277952064,0,0,0
0.0474652412268682,0,7,29.235857588357455,0,0,0
0.0028416018324379138,0,2,30.539931078020086,0,0,0
0.010088667636048819,0,0,31.426680668757708,0,0,0
0.032710651955143624,0,0,27.655033927892116,0,0,0
0.06335505434054603,1,1,25.44255921980883,0,0,0
0.002052505668377406,1,2,28.576973058018115,0,0,0
0.013907271067948554,0,2,25.20579358514849,0,0,0
0.0029419778641515733,0,2,36.21853728689068,0,0,0
0.000452749091492043,0,3,23.793401588621464,0,0,0
0.08276972662604506,1,3,30.878983085881632,0,0,0
0.004968839357271058,0,1,30.948617832471164,0,0,0
0.005592967577628559,0,1,19.934530395380477,0,0,0
0.013791346719157384,0,6,32.686343116991424,0,0,0
0.0043302074414169394,1,1,32.06932441381943,0,0,0
0.0008812303646708976,1,0,29.282955648401455,0,0,0
0.0013021678857649968,1,3,30.42071228652731,0,0,0
0.04544747630438059,0,0,28.436746981782726,0,0,0
0.02285178720677814,1,1,28.267292950280115,0,0,0
0.009892720172721366,0,2,26.743302228290016,0,0,0
0.008729752371589935,1,2,35.06690352607801,0,0,0
0.005033332332767994,1,3,32.82667274728304,0,0,0
0.03473506639874214,1,3,19.70349118295379,0,0,0
0.004470406289942114,0,1,28.390383854874045,0,0,0
0.004465244108515408,1,4,28.574397854116224,0,0,0
0.011702943879905014,0,1,142.83668462409187,0,0,0
0.003589373539627004,1,1,26.953360014533207,0,0,0
0.018129658664274993,1,0,24.70196482685675,0,0,0
0.10160393322834839,1,2,29.70797877529175,0,0,0
0.04086733561061084,0,2,34.46426137476871,0,0,0
0.005230927615190474,0,2,26.237963089711528,0,0,0
0.0019088634069170643,1,1,32.13749729377223,0,0,0
0.0014149125030271104,0,5,32.61650747572432,0,0,0
0.0027962604386621687,1,3,34.237992333678775,0,0,0
0.002039236085735163,0,3,27.37483814020357,0,0,0
0.08816484270566999,1,3,29.68404090048343,0,0,0
0.004761714526134069,1,0,22.292626702765048,0,0,0
0.13927940694135152,0,0,36.13649932673039,0,0,0
0.0019734507227212555,1,6,25.464662380654097,1,0,1
0.005656665981748251,1,3,30.63703218990269,0,0,0
0.003987179740120949,0,0,24.13732668663686,0,0,0
0.004782792733483229,0,4,35.20244686300345,0,0,0
0.04944306334518855,0,3,23.882644207914655,0,0,0
0.00177729790920861,0,4,36.45107493364527,0,0,0
0.01829009413159256,1,1,18.373157130518727,0,0,0
0.005515767681359675,1,2,24.828245909244004,0,0,0
0.01943103358123785,1,1,30.72730582372908,0,0,0
0.0006241589679140985,1,1,28.854399714140815,0,0,0
0.005687226406733708,1,0,39.258035356943054,0,0,0
0.0011902382761522345,1,4,27.464147204936978,0,0,0
0.007963891649652605,1,1,37.604457819701175,0,0,0
0.002496408305117101,0,2,30.359410796341848,0,0,0
0.006198854286105627,0,2,27.54596127927028,0,0,0
0.015612056126664253,1,0,26.28012533425316,0,0,0
0.00952407000915708,1,4,27.646623406788454,0,0,0
0.0004976942196120782,0,0,32.63566037973517,0,0,0
0.0004699958734037932,0,1,31.479616959937566,0,0,0
0.0011355183927424638,0,0,34.12605259979913,0,0,0
0.004070871903364478,0,5,31.842315835029684,0,0,0
0.009897998033290995,0,3,27.732698321759734,0,0,0
0.02190977958173382,1,1,33.318600967730205,0,0,0
0.10732758415562778,1,3,29.968825160101446,0,1,1
0.0007512317675927645,0,3,27.420202514822574,0,0,0
0.0018082831016385148,0,3,27.55257992888046,0,0,0
0.05529456051285133,0,1,37.34118945752273,0,0,0
0.039489726649978206,1,1,23.100982706613216,0,0,0
0.0018644142269812875,1,1,29.831358761048957,0,0,0
0.013858602724682447,1,3,27.145612767448547,0,0,0
0.023060145617943686,1,3,28.643260560218092,0,0,0
0.004580912030061659,1,1,29.461430317775925,0,0,0
0.002181252505597195,0,2,111.99876793523933,0,0,0
0.0006207049750586643,1,1,24.538588205334616,0,1,0
0.05024795192025652,1,4,29.98604911633819,0,0,0
0.050312591318009095,0,2,38.10518903663156,0,0,0
0.004371869103994177,0,2,41.22751235975544,0,0,0
0.00269696399120791,1,1,33.24900354197585,0,0,0
0.0005378736096161198,1,1,30.712892363952133,0,0,0
0.0023462032469329453,0,4,31.160700183066698,0,0,0
0.05116668377727979,1,2,29.50933407777359,0,0,0
0.013049978521352373,1,0,24.354343009421157,0,0,0
0.0034299785476593425,1,1,33.043599733689845,0,0,0
0.00637308767846636,1,5,33.344897240332514,0,0,0
0.010318879115264825,1,3,27.802613168456475,0,0,0
0.0007570520886902557,0,0,32.50585927630195,0,0,0
0.00513944644959011,1,4,35.39016482369874,0,1,0
0.004500535239852711,1,6,121.69566280752167,0,0,0
0.005228747657117102,1,5,39.37707115520294,0,0,0
0.056186425744746575,1,2,33.991627525491246,0,0,0
0.029651080968808644,1,3,33.77094964483955,0,0,0
0.00148409941981848,1,2,26.068969792546994,0,0,0
0.007359029318358634,0,2,32.87258583256131,0,0,0
0.051498282780896486,1,3,27.97697499455812,0,0,0
0.0006120236640408231,0,4,20.66009384948942,0,0,0
0.0054361868311210895,0,0,38.13294955926509,0,0,0
0.0024499348316070614,1,3,26.275919085520698,0,0,0
0.00025472531881111084,1,4,34.20479983322138,0,0,0
0.03407688046418775,0,3,24.511303701785423,0,0,0
0.010591678169491433,0,4,27.105164911744332,0,0,0
0.0009308997558078211,1,1,29.212380125516024,0,0,0
0.01617026069514759,0,3,172.07329265585025,0,0,0
0.00501001050723451,0,5,32.97266271530566,0,0,0
0.0027781971071316027,1,1,20.05284095704816,0,0,0
0.000428101354751106,1,1,27.6592229995369,0,0,0
0.01710333198124911,1,3,24.133557020082204,0,0,0
0.06286225681322717,0,0,32.9939204623254,0,1,0
0.0012285591032425614,1,0,26.3049993932683,0,1,0
0.004979706135530934,0,0,26.32684369432733,0,0,0
0.020888891242763514,0,3,22.39372447545415,0,0,0
0.0009477992835051964,0,0,33.86488837340586,0,0,0
0.010096924654831014,1,2,37.56224693756229,0,0,0
0.0004276412970257696,0,4,38.60725019770436,0,0,0
0.05548773667806917,1,1,19.38649671209192,0,0,0
0.0316502276205163,0,6,26.49469947051594,0,0,0
0.005668757637303958,1,2,22.161215462174596,1,0,1
0.0037501278925733796,1,1,28.021227688575603,0,0,0
0.03634080724304369,1,1,31.882863417233423,0,0,0
0.0017201438657341705,0,2,33.122147851603614,0,0,0
0.009953351713852325,1,4,31.61078292935702,0,0,0
0.0014337420054569708,1,4,27.05974438473809,0,0,0
0.0575124321751869,1,3,29.060899928892255,0,1,1
0.0657294202835927,1,3,28.754589357387573,0,0,0
0.043703714865790055,1,2,26.290870283998743,0,0,0
0.006282113919931478,0,4,34.01300213521263,0,0,0
0.00600763805503795,1,1,30.012781368515032,0,0,0
0.019451624573128254,1,2,34.50962896405817,0,0,0
0.0718652643205693,1,2,29.237494907225454,0,0,0
0.0013511685075769308,0,1,23.866928846847266,0,1,0
0.002415629488020298,1,1,28.26783874454165,0,0,0
0.005808388363298856,1,1,25.61193192868697,0,0,0
0.0032989385399445257,0,5,25.193540889564705,0,0,0
0.0016682294439147648,1,2,25.566653836610833,0,0,0
0.001019132074055736,1,1,27.542135527419344,0,0,0
0.00923072766806122,1,2,23.073788772986656,0,0,0
0.005032503858762782,1,1,38.01346773640121,0,0,0
0.0009878098074588702,1,1,40.9711115491664,0,0,0
0.0018445352123026542,0,0,38.591154949141746,0,0,0
0.018626531849969406,0,1,27.615146083049073,0,0,0
0.0014922657161697194,1,1,30.956054104452644,0,0,0
0.0026365750384323835,1,1,34.45452892543952,0,0,0
0.0015658498956531528,0,0,125.74011537720116,0,0,0
0.03349816406271023,0,1,23.167233453409473,0,0,0
0.0035425173836590067,1,1,29.405642780153258,0,0,0
0.05153030830493342,0,2,20.25780833580084,0,0,0
0.0003772456664786393,0,1,162.6881260300707,0,0,0
0.011563316809060328,1,2,19.72295793649594,0,0,0
0.028797402635118687,1,2,30.58841984139112,0,0,0
0.022500824150635736,1,1,30.957559904719353,0,0,0
0.00961822695650674,1,1,27.02101153346966,0,0,0
0.01984337181852618,1,0,27.37178326784673,0,0,0
0.013747889188537515,1,0,21.91345196310109,0,0,0
0.0048092045597090466,0,1,29.42160332975653,0,0,0
0.0021779604879378135,0,2,35.51251356839004,0,0,0
0.02466281742139238,0,2,33.469942429539735,0,0,0
0.00010719458933802836,1,2,27.27049538401741,0,0,0
0.002395913593836822,0,2,31.32082568919709,0,0,0
0.00019234329680994095,0,3,29.01659068860251,0,0,0
0.001163424203587001,1,2,33.915982259194735,0,0,0
0.24256721606686524,0,2,27.362091062401262,0,0,0
0.017786011858417872,0,0,23.002406008512114,0,0,0
0.0013816722486434886,1,0,26.258364952297786,0,0,0
0.012558057419195627,0,1,32.623182274952704,0,1,0
0.04941704765217573,0,2,31.91059169289264,0,0,0
0.004179262492110016,0,6,27.631568691025638,0,0,0
0.002748819320566804,1,3,33.55883350847096,0,0,0
0.00444322536379103,1,1,34.74453225927736,0,0,0
0.005134713687951153,0,1,18.165631429848496,0,0,0
0.0005300278474360847,1,1,31.7784619746485,0,0,0
0.0032683089484813544,0,2,26.250572219159498,0,0,0
0.0035103021559074596,0,2,34.18624152858783,0,0,0
0.003611149635957207,1,2,30.45799769435498,0,0,0
0.0007789577628619975,0,2,26.822438985340355,0,0,0
0.011670275433274023,1,3,34.74074929683845,0,0,0
0.018045572718342676,0,2,37.89977672376749,0,0,0
0.003243313602998132,1,1,31.049761786131977,0,0,0
0.007324553798453473,0,7,19.10254942088482,0,0,0
0.004334317411256435,0,4,32.78937659608101,0,0,0
0.001322272397023847,0,3,86.63214152746036,0,0,0
0.06563422960243744,1,2,33.03364709148089,0,0,0
0.010464063862011258,1,3,29.42966763366121,0,0,0
0.018749893174932107,0,3,32.985166737726544,0,1,0
0.06593810006780688,0,0,26.459148546329388,0,0,0
0.01327424599814891,0,2,28.67170667977618,0,1,0
0.0015817383750880345,1,1,24.592630681791235,0,1,0
0.019859194675959032,0,2,32.63966375280341,0,1,0
0.0024009427892161686,0,2,27.158448724493248,0,0,0
0.0034799036597688566,0,2,27.322409458148442,0,0,0
0.0005168387204311935,0,1,28.97384243992627,0,0,0
0.023947484657607168,0,1,28.302228330993426,0,0,0
0.007011119084532909,1,1,25.061338181738698,0,0,0
0.0009186668626408772,0,2,38.815583772427445,0,0,0
0.01723329167080278,1,2,27.680042839752613,0,0,0
0.008910982950640571,0,5,36.88175151734611,0,0,0
0.004668192610862077,1,4,25.83073986301592,0,0,0
0.0007516241650953092,0,1,36.205695146711655,0,0,0
0.05652899516165966,1,1,37.425284455318995,0,0,0
0.13191433910572936,1,3,38.46797266267677,0,0,0
0.07447732968689877,0,2,33.09662633891464,1,0,1
0.010096962291280737,0,0,40.479925831535155,0,0,0
0.01837693190366233,1,1,36.31320552725106,0,0,0
0.000812189059542284,1,0,39.6277767893811,0,0,0
0.005057849993753995,0,2,21.825365876535283,0,0,0
0.011105311379380629,1,1,35.50754975082915,0,0,0
0.004921197595819884,1,1,27.86845580711007,0,0,0
0.004562238786702072,0,3,24.45003521846147,0,0,0
0.001727259043362083,1,0,36.3662644357287,0,0,0
0.12697922246705892,0,0,31.157200859042423,0,0,0
0.0006197240890931458,1,3,33.89254903386279,0,0,0
0.0019861295502245917,1,0,148.0593712920535,0,0,0
0.02970821237798233,0,3,26.9274692735345,0,0,0
0.005289646273104053,1,4,32.66190131385254,0,0,0
0.004913481532734234,0,5,29.597474887718427,0,0,0
0.0022087311389002414,1,1,35.121674030387304,0,0,0
0.0016253068421297795,0,1,26.516567332288297,0,0,0
0.0019568060618532818,0,0,30.039697944644267,0,0,0
0.0005641980612054122,0,1,24.606225705814992,0,0,0
0.024475178502840887,1,4,33.863377610923735,0,0,0
0.008615913640755105,0,2,169.02435457631282,0,0,0
0.0006081529096995667,1,4,36.741475432910434,0,0,0
0.002477771673814096,0,3,29.54814670479342,0,0,0
0.009327071013104022,1,4,31.195195307777283,0,0,0
0.1750966746980007,1,2,33.46067407360245,0,0,0
0.022542962954272244,0,1,34.90295308971299,0,0,0
0.0020796914297463555,0,0,36.5834895687139,0,0,0
0.0014484795341160076,0,1,132.2557907769362,0,0,0
0.02367239479568679,0,6,30.75406582667885,0,0,0
0.000377733855256181,1,0,30.54214284983887,0,0,0
0.01625734181588354,1,2,24.739761912161022,0,0,0
0.009780940236943729,0,3,30.375483849328962,0,0,0
0.001172296825855226,1,2,24.292458207525335,0,0,0
0.003175369441514174,0,2,29.550320686957594,0,0,0
0.00021865221133239785,0,3,31.303213642476837,0,0,0
0.0038323214089967268,1,2,33.876537697342,0,0,0
0.0034102108223394764,0,1,41.42668048899393,0,0,0
0.004686669739916023,0,3,159.25986437674095,0,0,0
0.004161838311053948,1,0,22.745721957315062,0,0,0
0.05676599808135596,1,2,98.3550452477006,0,0,1
0.027556382891139805,1,1,29.707142572674872,0,0,0
0.00601836544640483,0,2,24.6499063769622,1,1,1
0.019553110214443885,1,1,21.565124598224017,0,0,0
0.0067399167412638735,1,1,25.282767106238598,0,0,0
0.00564994802107824,0,3,27.04150644672583,1,0,1
0.04179893391406565,0,4,32.45442448368921,0,0,0
0.03374406760067519,1,2,23.370126168481864,0,0,0
0.011373915316349412,0,2,35.3973574031001,0,0,0
0.0002793303036936462,0,1,23.01772923524208,0,0,0
0.013053772235968444,0,3,36.356537131851795,0,0,0
0.001046367241270467,0,4,31.636616688129475,0,0,0
0.009674072935940688,1,2,34.185516089239684,0,0,0
0.00018274741528337247,1,3,37.06777942343855,0,0,0
0.00843259041848556,0,2,29.76586213984666,0,0,0
0.0010618298982951288,0,0,40.76233027808098,0,0,0
0.025052199745890565,0,2,98.35658365573775,0,0,0
0.00649918595219928,0,1,32.25157825014616,0,0,0
0.0028587209645576416,1,1,32.63810607507342,0,0,0
0.0036921542792270287,0,3,31.442973086768383,0,0,0
0.02013575050786673,1,2,27.263632483543027,0,0,0
0.020675739478089403,1,1,24.394641890248725,0,0,0
0.0012773653988316228,1,0,26.167860443491527,0,0,0
0.01663866374361327,1,3,31.682436991213258,0,0,0
0.00968426314539098,0,2,25.397128123848727,0,0,0
0.017491657537103907,0,3,30.924178192937102,0,0,0
0.08882508917855442,0,1,32.821294592023754,0,0,0
0.0020788338784876663,1,2,26.113094220058866,0,0,0
0.005558911666696073,1,4,28.270593503949343,0,0,0
0.007776004480619647,1,4,36.78581106474236,0,0,0
0.001956734056572312,1,3,37.03995262264034,0,0,0
0.008242291971850078,0,2,35.56301802356452,0,0,0
0.001031368577400389,0,3,31.288654828127434,0,0,0
0.003923341417368525,1,1,32.43090755084385,0,0,0
0.020604295783112788,0,1,40.712700490489276,0,0,0
0.030190581549933156,0,2,28.641430808894857,0,0,0
0.010272651736694097,1,3,28.1730559063588,0,0,0
0.7295943088127074,1,2,28.63600335524357,1,0,1
0.1425167635074047,1,3,18.73297364964438,0,0,0
0.022251619074245794,0,2,172.89877989555603,0,1,1
0.0018186088146398287,0,4,30.86200585532953,0,0,0
0.0035723813517161292,1,1,125.70037925975448,0,0,0
0.012948103643888691,1,2,39.50180884859643,0,0,0
0.0071329740709859795,1,6,25.278594913251855,0,0,0
0.0072720270593671565,1,1,31.903173043507607,0,0,0
0.006947287503891964,1,5,21.785815397320786,0,0,0
0.002321506967362762,0,2,29.20037545831936,0,0,0
0.011759070854632701,0,1,32.53182228658622,0,0,0
0.0011699821099281605,0,3,28.79176284503539,0,0,0
0.006755408562768327,0,1,25.565599270794436,0,0,0
0.008646028166825208,0,0,31.473314770980465,0,0,0
0.015352392536822428,0,2,27.615182504498826,0,0,0
0.03798381401906084,0,2,24.977828729923978,0,0,0
0.0032656995910802507,0,3,26.06080144465515,0,0,0
0.003366321415147432,0,3,22.09799866319377,0,0,0
0.01312600531969299,0,3,27.75748215611218,0,0,0
0.002416740067419811,1,3,40.319759491901905,0,0,0
0.058811307419632086,1,1,28.13596615467457,0,1,1
0.009214899782454438,0,1,28.73479952270886,0,0,0
0.0071973628436792616,1,1,32.25871778327637,0,0,0
0.04457440748130945,0,0,26.31380117540616,0,0,0
0.0024544964674837895,1,0,29.370556112105884,0,0,0
0.01641812124613221,1,1,37.99483890494039,0,1,1
0.008042979443349398,0,3,29.210852542367576,0,0,0
0.03863543398268254,0,1,29.955271499868736,0,0,0
0.005869633885632949,0,3,25.207237059939647,0,0,0
0.000369708732564862,1,0,26.30522311979039,0,0,0
0.001278852556545682,0,2,18.447651806810605,0,0,0
0.0010116127032374048,0,6,28.944639301293698,0,0,0
0.00830567010691461,1,1,26.176961905812675,0,0,0
0.06206844402013532,0,2,34.770408722448366,0,0,0
0.010678470467094112,1,5,40.28861213672052,0,0,0
0.06426236396934183,0,4,50.575785602935056,0,0,0
0.010422130446062343,0,5,20.256541575024404,0,0,0
0.000810494868911234,1,2,34.99295180011565,0,0,0
0.003551904994289884,1,1,22.848421550147908,0,0,0
0.009612681866470267,1,2,30.832659976165285,0,0,0
0.0340771453175469,1,2,21.943444653443414,0,0,0
0.0005827559548378661,1,1,29.66642130133339,0,0,0
0.003950461553314228,1,2,153.1707161868854,0,0,0
0.026393069688188615,0,2,29.906786432682885,0,0,0
0.0012807095571390813,1,1,28.445796501609124,0,0,0
0.0017164605585793366,1,2,33.61378060224022,0,0,0
0.002978983455104809,1,2,36.169798394110956,0,0,0
0.37454666202199777,0,0,40.721804163711006,0,0,0
0.001956308264369363,0,1,23.623558335794588,1,1,1
0.0014138216826426488,1,0,27.685065085176277,0,0,0
0.0012622848979748273,1,5,34.87789148722554,0,0,0
0.0013837986762734878,1,1,32.65526773490119,0,0,0
0.03238008329967472,0,1,32.8362596796232,0,0,0
0.002013228168226191,0,3,30.35864286632211,0,0,0
0.007280502274470338,1,0,35.30707344461493,0,0,0
0.011592475044202832,0,4,35.38438437556874,0,0,0
0.014547286947100242,0,5,124.87646990739466,0,0,0
0.0013278122172541936,0,2,19.385855045640312,0,0,0
0.012692170290222255,0,1,26.32087549136557,0,0,0
0.0038378129249006247,1,2,29.284607624503444,0,0,0
0.13852815072853394,1,0,25.3396488366783,0,0,0
0.017487502186710725,0,1,30.921577157776554,0,0,0
0.00114807643407625,1,0,29.500810938255437,0,0,0
0.023065958325623363,0,0,29.07050725395568,0,0,0
0.008740374504129999,1,2,33.083415910833224,0,0,0
0.012996070280071865,0,2,32.000755012156105,0,0,0
0.011465668434518766,0,4,27.15579119171537,0,1,0
0.02299911789768358,0,3,32.70316847693541,0,0,0
0.0005619764673268828,0,1,31.516255963968113,0,0,0
0.0018158525071176818,1,0,30.841706230994465,0,0,0
0.011349349747593331,0,4,34.562121034551225,0,0,0
0.0037546332118922115,0,1,39.631180745424786,0,0,0
0.01265703724901057,0,2,33.04222722001677,1,0,1
0.014038693057063083,0,3,27.516110557896564,0,0,0
0.0034719229994075096,0,1,32.3897482777737,1,0,1
0.0035325326491940723,0,1,31.5915859228094,0,0,0
0.08201288780965246,0,2,31.57746852285758,0,0,0
0.017304470269250836,0,3,37.18542405779524,0,0,0
0.004289352905159316,0,3,34.345521928749314,0,0,0
0.006385353061092038,0,0,25.685148665853824,0,0,0
0.1047619557562076,0,2,26.44495162743007,0,0,0
0.007862085366909095,1,1,29.724200877906597,0,0,0
0.0009176888198883672,0,0,27.36058414045822,0,0,0
0.005976748604458397,0,2,24.40866607148608,0,0,0
0.0022763490370202384,0,2,31.559411228530685,0,0,0
0.0003441371343340002,0,2,26.65170064372092,0,0,0
0.012849156334856315,0,2,30.637478763270227,0,1,0
0.0007456394762589085,1,2,188.18909262977908,0,0,0
0.0019397819950924392,1,2,31.849102400416754,0,0,0
0.04427582150613261,1,0,25.22455125671013,0,0,0
0.0024166205561412827,1,1,32.69094979034618,0,0,0
0.028608529983902845,0,3,41.208440255733095,0,0,0
0.0029470484217039763,0,2,35.067244501536614,0,1,0
0.024554766519381807,1,4,32.18112101066415,0,0,0
0.002021642210750142,0,3,27.785230703804533,0,0,0
0.016378286583878004,0,4,32.376945039489364,0,0,0
0.0015280151078583609,0,3,37.37606138630464,0,0,0
0.004589120468674427,0,2,22.71891299289755,0,0,0
0.002544619476738932,1,1,17.803019304093,0,0,0
0.002524870781709751,1,1,30.75661640044022,0,0,0
0.009761310310445597,1,2,24.33186294965065,0,0,0
0.012991191027256748,1,2,33.496884905066196,0,0,0
0.00831336984947585,0,1,30.17102604714856,0,0,0
0.003201967409614553,0,1,18.50653622003849,0,0,0
0.002785761947178332,1,4,29.35246772780621,1,0,1
0.0026396430363221815,1,4,32.121690239687524,0,1,0
0.006565708633827134,0,3,36.50655498672855,0,0,0
0.003257152584265072,0,2,31.474054920911133,0,0,0
0.004956127684650285,0,2,26.36023354448369,0,0,0
0.014541553947140748,0,3,22.586856991077873,0,0,0
0.0015297998133100372,0,1,27.846634913316013,0,0,0
0.030587911236936962,1,2,24.675983761050507,0,0,0
0.022184797237982827,0,1,34.80648918484752,0,0,0
0.18685786707825677,1,3,25.927911679546888,0,0,0
0.1521200276439991,0,2,25.185410908012454,0,0,0
0.002516008463097578,0,3,29.89989066368623,0,0,0
0.0009998000503834321,1,2,26.955921617971466,0,0,0
0.04492123210301557,0,6,32.89660405406473,0,0,0
0.004711600330532261,1,2,31.051546502915112,0,0,0
0.008664935765340416,1,2,29.977814679577513,0,0,0
0.022470510515452586,1,3,33.64207922981255,0,0,0
0.00185250990490273,0,5,30.85934752685232,0,0,0
0.01890200324820553,0,3,28.79540705265322,0,0,0
0.000777567022469961,1,1,103.92465725208497,0,0,0
0.0010243828324239235,0,2,31.723707428384866,0,0,0
0.017803890101061832,1,1,120.47197485618925,0,0,1
0.04781978586357257,1,1,31.52144071558248,0,0,0
0.47643156731010056,0,2,31.315132844994405,0,0,0
0.09255053616978587,0,3,41.83546370801627,0,0,0
0.0028082633894051337,0,1,30.591728060395933,0,0,0
0.005246859391161323,0,1,31.57758524938589,0,0,0
0.0009001549917037188,1,2,30.631150560763036,0,0,0
0.000183522338545439,1,1,25.652108936759614,0,0,0
0.018060417535039897,1,2,33.36015959429976,0,0,0
0.06301059335573876,1,0,26.031226132481702,0,0,0
0.0013696704787975562,0,0,30.654970965804544,0,0,0
0.003231310855456052,0,1,32.51735147478547,0,0,0
0.0013600584629437729,1,2,35.286883951771166,0,0,0
0.006209597224041342,0,3,22.344069733859214,0,1,0
0.00640073874302649,0,1,33.4491677943764,0,0,0
0.0008760142801828274,1,3,31.918047014812757,0,0,0
0.006638873434141974,0,2,24.669644275838003,0,0,0
0.08734920184495544,1,2,29.42453969406873,0,0,0
0.0435531711444328,0,4,40.417022482135074,0,0,0
0.0033927011839666988,1,3,29.25489785609558,0,0,0
0.004629740127979326,0,4,24.359793373787717,0,0,0
0.00017547656710676128,1,2,135.78091200110956,0,0,0
0.0005333253845277166,1,0,33.85183989654936,0,0,0
0.017921640619115827,1,2,30.75629329585151,0,0,0
0.03566421379374255,1,0,30.27245139450779,0,0,0
0.024749814440271387,1,5,25.156176920907214,0,0,0
0.06994222390794361,1,3,24.724097754030286,0,0,0
0.0035002309520945764,0,5,32.7029088394341,0,0,0
0.0005177681833693051,0,3,26.837259895565822,0,0,0
0.020447464352781806,0,3,34.72571926873783,0,0,0
0.007793827366767104,0,0,33.66116902081042,0,0,0
0.007795790131235235,0,2,27.22861044648633,0,0,0
0.01427741220903881,0,1,36.41467953224006,0,0,0
0.0002595431096851097,0,3,22.093111281186246,0,0,0
0.00277233418819597,1,3,20.972531973622253,0,0,0
0.0026848252320407274,1,2,39.98562652923984,0,0,0
0.008734005152835192,1,1,29.146405227059358,0,0,0
0.028951985570937207,1,0,196.5819985898409,0,0,1
0.041927802171248564,1,1,26.829909091440488,0,0,0
0.021857070111370884,0,2,125.00515793471892,0,0,0
0.0070469458342268644,0,2,29.84536042069782,0,0,0
0.007265277372786011,1,3,32.18545298198487,0,0,0
0.00623752824203506,1,2,34.99654024267635,0,0,0
0.0014170184440433968,0,3,31.721199202837713,0,0,0
0.0039303320369983834,1,2,42.42910702950189,0,0,0
0.0028385116763322547,1,4,36.35339321470416,0,0,0
0.0029032046935004714,1,1,26.669203012954117,0,0,0
0.04404648848519779,1,0,99.44222300081523,0,0,1
0.030856715676719392,0,2,40.637273669886355,0,0,0
0.008336627182657529,1,1,31.536821102976962,0,0,0
0.00036092828425769545,0,1,34.61444703718827,0,0,0
0.020946519532956363,0,1,24.073764498015287,0,0,0
0.00338073514896746,0,1,31.836643248760176,0,0,0
0.007305332257320677,1,2,34.16679104008239,0,0,0
0.0038996892918353727,1,1,35.07081342354028,0,0,0
0.007649494517861862,0,3,37.40640134096718,0,0,0
0.04637432301483627,0,4,28.275376499354053,0,0,0
0.01988916321286641,0,2,29.71216705761591,0,0,0
0.02313281771767742,1,3,147.49095504134914,0,0,1
0.025702938460104578,1,1,39.99919630593964,0,0,0
0.00260424755751693,1,1,35.86866348768204,0,0,0
0.0060470474328666625,1,2,125.61219068985586,0,0,0
0.02222691036386775,0,1,23.258033049480602,0,0,0
0.006256476420994979,1,1,19.78610511545636,0,0,0
0.00389180265699716,1,1,24.771375125789355,0,0,0
0.00393627845321079,0,2,32.41180667806876,0,0,0
0.040992457252095445,0,1,27.912052725012366,0,1,0
0.012117492428160582,0,0,26.2105568365246,0,0,0
0.01572515744898156,1,4,32.970796556912084,0,0,0
0.0032885413540484584,1,6,28.96013657333414,0,0,0
0.013415971051362973,0,2,34.387812561198324,0,0,0
0.006116172476297047,1,1,134.41941246534716,0,0,0
0.003218166987001616,0,2,24.02657732908349,0,0,0
0.037791394361223946,0,2,23.73774935878682,0,0,0
0.0045767463699211775,0,1,29.48007721603666,0,0,0
0.009940701690877168,0,4,31.454893733675625,0,0,0
0.35420241750651527,0,3,27.276011444867976,0,0,0
0.011500089761994554,0,4,38.95334831932489,0,0,0
0.025643544884788854,1,2,30.985746677147905,0,0,0
0.05718414755433807,0,1,35.85546243600587,0,0,0
0.007660101512998545,1,0,112.86349589531055,0,0,0
0.007797738634356077,1,5,30.128503599299748,0,0,0
0.0003223325543912286,1,2,21.36699210054966,0,0,0
0.013528638473288534,1,1,35.20205200298275,0,0,0
0.006285651218275616,0,2,32.2692367236698,0,0,0
0.0011214335010073372,0,1,31.97685545638687,0,0,0
0.004267551718544406,0,3,25.2434202071398,0,0,0
0.03143484290214428,1,4,31.419555507016543,0,0,0
0.030593168991979634,1,3,40.48113571358373,0,0,0
0.015567067128786178,0,3,30.505950796850065,0,0,0
0.12681619825879992,0,0,39.81200075510438,0,0,0
0.0007632887999895301,0,2,23.167595723313035,0,0,0
0.012679471331079238,1,2,23.989704948486214,0,0,0
0.007175531238484375,0,2,31.099563986672855,0,0,0
0.0008948096348476166,1,4,35.071040648734105,0,0,0
0.003521696662051332,0,2,32.28898849259528,0,1,0
0.0009208939575683846,0,1,27.56598940931028,0,0,0
0.012366593625102272,1,5,31.925272021892532,0,0,0
0.08816431260497314,1,2,30.66826972879524,0,0,0
0.0027756404250674077,1,3,19.138085678875644,0,0,0
0.02526597282938531,0,4,37.80417963035695,0,0,0
0.05287019776062139,0,1,31.192500587294507,0,0,0
0.004623104455750114,1,3,32.631472709497096,0,0,0
0.006245929654562004,0,1,30.2554992550179,0,0,0
0.05063052201354499,1,3,32.510052094717324,0,0,0
0.0007879578655853965,1,0,22.414012773917957,0,0,0
0.01963717098869679,1,3,32.446857508261715,0,0,0
0.0005650375970576741,0,2,30.33451313597834,0,0,0
0.024501622495100343,1,3,30.270576383048716,0,0,0
0.0668519347270968,0,0,34.80095874296581,0,1,0
0.025763250372527146,0,5,27.18565882629658,0,0,0
0.0011462936166696908,1,2,38.84258434485,0,0,0
0.0012715809333612306,1,0,28.84185208101472,0,0,0
0.03506282910204788,0,2,22.468021775511076,0,0,0
0.0036643891826238467,1,0,28.141950603909706,0,0,0
0.0007983291744710581,0,0,28.186788060419843,0,0,0
0.0041067902511835175,0,5,33.59265715176549,0,0,0
0.010675678960544926,1,1,38.731397123164115,0,0,0
0.025424525487749827,0,2,117.57670484923692,0,0,0
0.004613565113195327,0,2,148.79175723960898,0,0,0
0.01544705839869815,1,4,44.20721216259356,0,0,0
0.01985598898159785,1,1,32.186508781646005,0,0,0
0.0027312344258233314,0,1,35.30160779659241,0,1,0
0.005884846819345583,0,2,31.781510706810263,0,0,0
0.012494455936921991,0,1,26.777867391641905,0,0,0
0.0020054283031912144,0,1,28.072222400004463,0,0,0
0.0010615244790793505,1,1,19.32618564363503,0,0,0
0.04157573494562291,1,2,28.941248508065296,0,0,0
0.028493790442815754,0,0,30.76340142163864,0,0,0
0.001729514587215647,1,0,35.35617755668967,0,0,0
0.001543997293827533,0,4,26.987775195343335,0,0,0
0.0019477404703178017,1,0,34.46397245733209,0,0,0
0.0008400645724768699,1,3,36.282347155942055,0,0,0
0.006203586154082996,0,0,28.289671575773284,0,0,0
0.00046288074342866817,1,1,24.901512207653493,0,0,0
0.0010790590072961223,1,1,32.78353084475008,0,0,0
0.03244960636366663,0,1,33.13401439433116,0,0,0
0.0003937553682540656,1,3,26.82789833808215,0,0,0
0.007164356458093784,0,1,20.943949473806867,0,1,0
0.0006447119466269748,1,1,43.15025043245057,0,0,0
0.012901142537296933,1,3,20.390580018411057,0,0,0
0.02161212594926242,0,5,35.236854586821394,0,0,0
0.004470068505078495,1,1,24.127790383973288,0,0,0
0.006504251485543828,1,2,19.82552901576478,0,0,0
0.0016088950680561,1,3,30.53754101041432,0,0,0
0.03436495989689629,0,0,37.391987392638995,0,0,0
0.006463007440413321,0,4,35.003761845912905,0,0,0
0.23865690444900012,0,2,38.57292360836807,0,0,0
0.03809786447124402,1,4,25.811801619779104,0,0,0
0.002470318676917661,1,1,32.37837629290921,0,0,0
0.0176361865183319,0,0,22.521421622827496,0,0,0
0.018247608188858813,1,1,32.06061907065825,0,1,1
0.004560948621813691,1,2,33.14196466411226,0,0,0
0.0067740515941182005,1,1,36.375335194586114,0,0,0
0.033932392715410035,1,2,28.08485351368828,0,1,1
0.008090321283979053,0,0,23.050121918520876,0,0,0
0.04800842252283135,1,1,26.811309878965634,0,0,0
0.030001717955424192,1,4,27.968346236625838,0,0,0
0.0008933784338473845,0,2,29.298810609624134,0,0,0
0.0024025792629458966,0,0,28.913204568169142,0,1,0
0.04765592104963191,1,1,36.03904089189599,0,0,0
0.14504230975402185,0,3,27.799686587778545,0,0,0
0.0029421281046579104,0,1,117.31205459282961,0,0,0
0.0005494461681215231,0,2,25.148834460166103,0,0,0
0.00727400605769844,1,1,108.6314807161164,0,0,0
0.029237421364081518,1,3,31.378933769460904,0,0,0
0.06844300152038553,0,2,24.089398467866943,0,0,0
0.022886364702444338,0,2,30.904377024380057,0,0,0
0.0009924083121018719,0,1,25.505817313241376,0,0,0
0.0013700776787979828,1,0,29.94045464286418,0,0,0
0.009518888621468935,1,1,31.172986985703695,0,0,0
0.01002384270409883,0,4,35.775484219645605,0,0,0
0.000622276343128632,0,3,37.93490178697713,0,0,0
0.013208391398026622,1,3,27.630065872250437,0,0,0
0.02288605688788224,1,2,155.61194863921554,0,0,1
0.0017509042077221001,0,4,36.48368704455839,0,0,0
0.12241563603774779,0,1,33.56549801469994,0,0,0
0.0030365645798354117,1,3,28.43250746117057,0,0,0
0.1949867223397999,0,3,23.363068741874173,0,0,0
0.0001066877531761446,0,1,33.46848607803792,0,1,0
0.01587401995276687,0,2,30.651758622294007,0,0,0
0.004648270778472767,1,1,25.268393454361313,0,0,0
0.008311817462227531,0,2,32.98518982743113,1,0,1
0.00393650237504407,1,2,25.890559976177734,0,0,0
0.004409480502531824,1,0,22.680793586434845,0,0,0
0.022057796967690783,1,2,29.332623958498637,0,0,0
0.01102401098926944,0,2,38.984948130916976,0,0,0
0.015788573212435576,0,1,26.241150127870124,0,0,0
0.007766355990898821,1,0,27.07141335648812,0,0,0
0.004816750424244782,1,2,27.5518217792615,0,0,0
0.010724489455262267,1,3,29.58887033935766,0,0,0
0.0036224581526725134,1,1,39.419723259497516,0,0,0
0.0044851802957441645,1,2,33.10184365362631,0,0,0
0.000383366886661665,1,1,28.11168265341593,0,0,0
0.00048047038616712485,1,0,21.321855664225957,0,0,0
0.004544100129293171,0,0,28.14981379914962,0,0,0
0.006790891619957324,1,2,29.3536834592241,0,0,0
0.02604196837971589,0,2,20.84756159275608,0,0,0
0.005135963175472438,1,0,35.11663218498402,0,0,0
0.018482271949193104,0,0,34.823467635355584,0,0,0
0.006063891171523482,0,3,21.636985036958222,0,0,0
0.0025805471018323345,1,1,32.12683777876882,0,0,0
0.0031947911538115228,1,1,25.233129317863526,0,0,0
0.005632524041396662,0,3,129.5324921411392,0,0,0
0.007915245409442481,1,4,26.42538505839213,0,0,0
0.0010626459425771072,1,4,39.07314660583805,0,0,0
0.002042481065604519,1,3,27.40195993251716,0,0,0
0.002780553986324701,1,2,28.87520489747102,0,0,0
0.0064239441646826816,0,1,25.676170717678175,0,0,0
0.00039817957993105194,0,2,27.139592595283606,0,1,0
0.015481390573787826,0,1,21.213250373681902,0,0,0
0.011981546968993796,1,0,28.70005912190276,0,0,0
0.05570620791398816,0,3,32.175335988452936,0,0,0
0.0014818249470021226,0,0,30.182111720761316,0,0,0
0.0027685058103953976,1,2,27.09706192746266,0,0,0
0.049532215915191795,1,2,26.22655302026582,0,0,0
0.058292473479026365,0,2,22.976303173344544,0,0,0
0.010952593088236538,1,0,25.264146626551995,0,0,0
0.018423292581938693,0,1,25.803623840602235,0,0,0
0.011352117170709915,1,3,25.088641518570192,0,0,0
0.0012029897163850678,1,1,32.52148688478526,1,1,1
0.0006306358992925859,0,3,32.34759119134251,0,0,0
0.04443761231775812,1,0,33.531093503112466,0,0,0
0.020400675416469862,1,1,31.74749956768888,0,0,0
0.014160513709671163,1,3,26.565985245372804,0,0,0
0.029191371632650655,0,1,27.191301490423168,0,0,0
0.044554657089385,0,4,35.71869393215995,0,0,0
0.001690256852870945,0,2,26.167186222340344,0,0,0
0.04550995372421802,0,3,32.82482937974258,0,0,0
0.02691471376365309,1,3,32.245837370651934,0,0,0
0.0010434668381240888,1,1,24.51993395684184,0,0,0
0.006719928004362494,0,1,24.112571186851454,0,0,0
0.011064777902703927,1,1,30.117911364597717,0,1,1
0.0007023884467453068,1,3,120.18918478161672,0,0,0
0.0029169952133520517,1,5,33.40793595119951,0,0,0
0.006126429887605291,1,3,32.155602894699626,0,0,0
0.003829641152194101,1,1,32.90260954543769,0,0,0
0.012750325974763981,0,2,31.27043706043585,0,0,0
0.006269873552877788,1,3,136.20679891567335,0,0,0
0.0425797449548542,0,3,162.05671118833212,0,0,0
0.000730952778759883,1,1,180.75870598210702,0,0,0
0.003502491077608043,0,2,28.79561400961922,0,0,0
0.0031172399941478074,1,2,32.965849115853665,0,0,0
0.002647555707921082,1,1,37.61793512442422,0,0,0
0.010749957246695458,0,2,126.49518250730443,0,0,0
0.006127299023792771,1,1,25.633224416866668,0,1,0
0.0018148045288450218,1,3,32.59224854946151,0,0,0
0.0024478438482615212,0,2,21.62398747894013,0,0,0
0.012914879747384103,1,2,35.43701574256472,0,0,0
0.018272110146466746,1,0,30.03052550040609,0,0,0
0.0169356927878709,1,5,35.96008888978581,0,0,0
0.0010672810944548675,1,0,38.91886263807242,0,0,0
0.0006254165459187701,1,3,34.14438128788167,0,0,0
0.00222857455536982,1,0,25.847156872616335,0,0,0
0.0039095289151846995,0,2,32.791108887450015,0,0,0
0.001367333447173864,1,2,28.896518949882605,0,0,0
0.0014152783333129043,1,3,25.824603672173282,0,0,0
0.06653636816549663,1,1,27.547099642094174,0,0,0
0.014724438375772376,1,2,22.913520981033848,0,0,0
0.0002878258216877996,0,2,24.825552055168686,0,0,0
0.018048991632962214,1,1,31.401688470783732,0,0,0
0.041684915785518285,1,0,27.66674712405525,0,0,0
0.0028808656993847053,0,3,33.07734243941022,0,0,0
0.02470315239822593,1,1,23.307180497380706,0,0,0
0.0013589934096737324,0,3,34.99847485573835,0,0,0
0.010207716924326418,1,4,36.54395873683453,0,0,0
0.001153096797108238,1,4,22.68458358626633,0,1,0
0.0070140485568652286,1,0,39.898330792246284,0,0,0
0.009827109632082017,1,0,23.628332224285728,0,0,0
0.0016385907897784352,1,4,33.77566989685218,0,0,0
0.009817805926456162,0,3,23.965664355665798,1,0,1
0.00836870867685592,1,2,32.88075988921367,0,0,0
0.02561964584492032,1,3,100.29812756397202,0,0,1
0.05214817783811484,0,4,23.67128996564194,0,0,0
0.0027254800680660543,0,0,25.029976571371773,0,1,0
0.02409391680191747,1,1,30.31605077000503,0,0,0
0.0022827927670101486,1,0,25.454272628883412,0,0,0
0.00183011065157499,0,2,30.831530673083506,0,0,0
0.01887271274441981,1,1,42.15151836296543,0,0,0
0.028094136891647973,1,4,24.842705720145126,0,0,0
0.021288266051358494,0,5,29.15791825546826,0,0,0
0.000696056274562999,0,4,31.217147519424955,0,0,0
0.006303129607844949,1,3,26.079212470282233,0,1,0
0.07307191712198936,0,4,23.22929318545005,0,0,0
0.044782186607403573,1,1,111.50144149564919,0,0,1
0.027048177875130322,0,1,26.529384291296417,0,0,0
0.0003080374216950729,0,4,45.598498854249456,0,0,0
0.00656791656273643,0,2,26.66825255508786,0,0,0
0.00021168819232220143,0,1,33.4595762673845,0,0,0
0.0009744522092217287,1,3,35.11845290469088,0,0,0
0.007965998867805458,1,2,31.28664784295447,0,0,0
0.0008521109658940038,1,1,33.85810965848862,0,0,0
0.05884186440807505,1,5,32.17505386593369,0,0,0
0.27361478844001896,1,1,103.27198591021998,0,0,1
0.00541298288195616,1,0,28.488298752536846,0,0,0
0.021962764578913243,1,1,39.86263325960914,0,0,0
0.019859945879013127,0,1,38.16483136070795,0,0,0
0.09349542089889866,1,3,36.47382321451899,0,0,0
0.010679143728749082,1,4,26.96396178151615,0,0,0
0.015356563111661503,1,2,24.586240636535393,0,0,0
0.006036985569066992,1,2,128.17586062465415,0,0,0
0.0057554231304869224,1,3,28.47239718075059,0,0,0
0.18255183596215233,1,5,31.653165497998415,0,0,0
0.0008746897627341986,0,2,32.07328019624448,0,0,0
0.006804354696090495,0,4,18.030092164065493,0,0,0
0.006548899476985495,0,1,29.485451191695407,0,0,0
0.004082225401475364,1,2,27.712655270514265,0,0,0
0.0013467465166788976,1,2,36.84366880916798,0,0,0
0.0024295096270780516,1,2,25.384782364457976,0,0,0
0.00027180907240759855,0,3,23.49301447771528,0,0,0
0.008813935446838889,0,1,26.7626967200237,0,0,0
0.005830401165386151,0,0,35.0204961213113,0,0,0
0.009663426182558204,0,4,32.65892111480559,0,0,0
0.03529540415667025,1,1,36.144831160058196,0,0,0
0.00032596594254902955,1,4,24.55964897536142,0,0,0
0.0024298081331016034,0,2,38.85668347405975,0,0,0
0.12738760309961303,0,1,32.30776568761281,0,0,0
0.021312170423188448,1,1,25.873929074058317,0,1,1
0.007040461021446999,1,0,34.203548380245614,0,1,0
0.003960373064056346,0,0,24.23823145213332,0,0,0
0.006052213334623102,1,3,33.876621491951205,0,1,0
0.007140602830285387,1,3,34.524037248895254,0,0,0
0.013575630124672148,0,0,127.14733056449447,0,0,0
0.003448443869968322,0,2,33.252912383870246,0,0,0
0.00487008475366279,0,2,18.808405813024336,0,0,0
0.0042509278500657425,0,1,32.35206772196185,0,0,0
0.010167426878293502,0,2,28.59758428821167,0,1,0
0.00023253585902011068,1,3,26.807274830892347,0,0,0
0.0012772607221562635,1,3,30.43528868875801,0,0,0
0.004122229798682761,0,2,30.426093450270084,0,0,0
0.03695459488553128,0,1,40.98354771005863,1,0,1
0.011543102957524988,0,3,28.414077209518727,0,0,0
0.024772931704268253,1,0,22.40784025597564,0,0,0
0.00273564326830104,0,2,25.26704222613688,0,0,0
0.0014711477841769388,0,2,30.232387910875953,0,0,0
0.0011809588408502635,0,3,30.65988871281156,0,0,0
0.002894332890679845,1,0,30.025435110331166,0,0,0
0.0078406308353118,1,2,26.0668041794743,0,0,0
0.020452524618973074,0,2,33.51623353051646,0,0,0
0.21784235710708533,1,1,26.971548607960173,0,0,0
0.05693767068027588,0,3,29.50328369621575,0,0,0
0.0007543312977543388,0,1,24.65479851629297,0,0,0
0.0012539526600746974,0,2,31.809534476400458,0,0,0
0.0008039622257209183,1,3,25.676142205337165,0,0,0
0.028739408601992703,0,2,26.936672093424125,0,0,0
0.002679207859652261,1,2,32.01299950010934,0,0,0
0.04461575707898292,0,1,24.13574110821775,0,0,0
0.01306673068242146,0,2,27.391319589560894,0,0,0
0.006003077661969403,1,2,154.75613912758618,0,0,0
0.05787708047219163,0,0,28.118938435407166,0,0,0
0.010340528266292259,0,3,22.571331854196952,0,0,0
0.015041262391351486,0,2,29.503407231718377,0,1,0
0.008707805880742466,0,2,29.941636682590808,0,0,0
0.07764083038114895,0,1,28.09397202502422,0,0,0
0.0031861074598669658,0,0,37.07285702074715,0,0,0
0.04584842891523441,0,1,33.050242871612596,0,0,0
0.013748042042225536,0,2,29.231193364503326,0,0,0
0.013565301661134803,0,1,29.392059917723575,0,0,0
0.05220996007811309,0,4,26.212218484920072,0,0,0
0.003071475621807635,1,2,26.622226027957872,0,0,0
0.011734632009993636,1,1,26.71781704016331,0,0,0
0.000606881786204828,0,2,32.78363852441945,0,0,0
0.020798496590741712,0,5,28.758315478630475,0,0,0
0.019442059389981052,1,1,25.669446980156714,0,0,0
0.01699207756234857,1,3,21.062548143502127,0,0,0
0.012124775462267038,0,1,23.049490801361795,0,0,0
0.046436834855976564,0,3,27.218000614879177,0,0,0
0.07273831228984612,1,1,33.11982777215925,0,0,0
0.00267389595818081,0,0,33.832305979812865,0,0,0
0.3119115438608637,1,5,25.55285237314147,0,0,0
0.004496092729015601,0,2,23.027551761209825,0,0,0
0.0026981203789613072,1,2,27.091578973531547,0,0,0
0.001555410837120012,1,2,31.633888998458183,0,0,0
0.03738253095873569,0,1,201.49376984786545,0,0,0
0.0034433073613691243,1,0,38.3786246089374,0,0,0
0.013007737892032637,0,0,34.633625504399774,0,0,0
0.007358023223827696,1,1,31.471796344529682,0,0,0
0.026780715702556877,1,4,39.41458025697628,0,0,0
0.0092767449156188,1,3,36.38546738794738,0,0,0
0.009792872621025432,1,3,28.045914289353593,0,0,0
0.005448160677132498,1,0,28.681659649979313,0,0,0
0.0008870301335014055,0,3,34.20581839449778,0,1,0
0.008676650006613672,0,2,30.553601730707857,0,0,0
0.0024703414181309656,1,0,24.927739012278625,0,0,0
0.0023852580873903544,1,2,39.88273905836055,0,0,0
0.11486307132877634,0,0,28.311053496153676,0,0,0
0.0035088800171869557,0,1,19.196471334088862,0,0,0
0.10248101627234722,0,4,19.629859866316778,0,0,0
0.002782216889009255,1,1,38.28872734726315,1,0,1
0.01399729937360177,1,5,34.23996220199018,0,0,0
0.0011016545923888893,1,3,24.011267973425134,0,0,0
0.027086207504428347,1,2,30.0908426943406,0,0,0
0.03278052614355786,0,1,34.05560191014348,0,0,0
0.048501180967827684,0,5,23.485989278563906,0,0,0
0.04444466685425423,1,2,34.81393720098006,0,0,0
0.0017587561445944735,1,2,24.58868539188518,0,0,0
0.1984727265100773,0,2,31.63007459457673,0,0,0
0.005612871095418052,0,2,23.892743655839496,0,0,0
0.019758134189611948,0,2,23.282305026724774,0,0,0
0.004661048537047465,0,1,20.826565170494938,0,0,0
0.005359018736590181,1,1,22.289794082611873,0,0,0
0.04219069341561564,1,1,32.012255396314735,0,0,0
0.00011110790007257213,1,5,32.75137162814087,0,0,0
0.02983019377731743,1,3,24.435646245828224,0,0,0
0.005528838070253604,0,2,33.85904821015447,0,0,0
0.006237238612656815,1,2,27.03161244653661,0,0,0
0.0008157303664974523,1,1,42.95520386448093,0,0,0
0.008400703374045505,0,1,40.966053390235516,0,0,0
0.001940948590340539,1,2,27.553657723434597,0,0,0
0.026339886165412645,1,4,35.53255861013206,0,0,0
0.018514742758516185,0,2,31.64378309601579,0,0,0
0.00037489964683831196,1,1,31.09258978121992,0,0,0
0.00284811623627298,1,2,37.60569113186267,0,0,0
0.044551195110880674,0,2,30.251798485137417,0,0,0
0.07150206268812548,1,1,25.173115460611303,0,0,0
0.005173742206011669,0,1,118.93961058914735,0,0,0
0.026799515090654653,0,0,25.05442810583149,0,0,0
0.08013655822254949,0,3,21.159349728731712,0,1,0
0.019701301097712884,1,4,27.844350664581526,0,0,0
0.0075300817953683555,0,1,18.77931507523419,0,1,0
0.056760159824495574,0,3,35.61686327180584,0,0,0
0.04647977658929627,0,4,37.38846930720683,0,0,0
0.006321361868146515,1,2,28.6321200688139,0,0,0
0.01923233590530629,1,0,26.760632240602806,0,0,0
0.0015546451413623982,1,0,32.62118756740824,0,0,0
0.005955885432605857,1,1,11.862470641267898,0,0,0
0.001273226116144478,1,3,29.532216106227008,0,0,0
0.041367385443434955,0,1,26.584922346605005,0,0,0
0.0020110810274125168,0,3,98.78506354607873,0,0,0
0.0012290251258268194,0,3,32.49435710958182,0,0,0
0.01036386117005165,0,2,33.54271743803727,0,0,0
0.005644787109398245,0,2,27.424676247288367,0,0,0
0.0006587630936274562,1,2,32.14947267228665,0,0,0
0.011009577806325029,0,2,25.892522274669837,0,0,0
0.018236082517090735,0,1,27.549216903799312,0,0,0
0.11429383068941512,1,1,33.98451304071164,0,0,0
0.018407274721956888,1,1,29.553288523790492,0,0,0
0.0663530629996098,0,1,27.996158270458842,0,0,0
0.02357484374541275,1,6,31.25037900357312,0,1,1
0.0036711366367530407,0,1,31.523345074454816,0,0,0
0.0076644196929793315,0,2,20.536172513975785,0,0,0
0.002182407445092968,0,1,46.5762939095988,0,0,0
0.013328850965594637,0,0,21.47149303035206,0,0,0
0.0034584282709056737,1,2,27.72447440932445,0,0,0
0.012241282880090609,1,2,125.81130621118169,0,0,1
0.06712155859929408,1,6,22.57529917895423,0,0,0
0.0006233391185607696,0,4,26.286339407954728,0,0,0
0.01187348309012219,0,4,30.528722764807206,0,0,0
0.025608313879058094,1,2,24.082461434925563,0,0,0
0.010488059877615622,0,2,24.998043890866487,0,1,0
0.0007216260516171553,1,1,35.462290279375225,0,0,0
0.0036017545594570445,0,0,31.69655566558266,0,0,0
0.0028179149746568907,1,4,31.462303766730642,0,0,0
0.0014988096412446555,1,1,29.334582043910633,0,0,0
0.0020260762106933876,1,3,33.82284186914066,0,0,0
0.005585158074745644,1,3,17.157677816628404,0,0,0
0.004614320676092189,1,0,26.896962727221567,0,0,0
0.0055209105514425795,0,4,37.141915102139414,0,0,0
0.002291654434017778,1,1,30.69050769589932,0,0,0
0.0027439642342868484,1,1,29.93590664911432,0,0,0
0.004475570569535653,0,2,29.523995416107756,0,0,0
0.003649092693427792,0,3,34.93429437729837,0,0,0
0.0014377391445132442,0,1,36.37042422502617,0,0,0
0.01585587495745076,1,3,32.804270822858555,0,0,0
0.004478411012484354,0,0,27.658486680961936,0,0,0
0.003408854984309593,1,2,23.91610162355746,0,0,0
0.005616044370215408,1,4,24.512288923672358,0,0,0
0.0554872769048107,0,2,27.44963097649131,0,0,0
0.10621521261150901,0,1,29.95400326990463,0,0,0
0.0009430600864474431,1,0,28.60475155072493,0,0,0
0.026549226948366044,1,2,24.915225592227486,0,0,0
0.029991465329145105,0,2,25.605645729945806,0,0,0
0.00942352356053424,0,1,43.16045517575277,0,0,0
0.012287967135022915,0,2,27.748360902155973,0,0,0
0.3969434147958007,1,0,33.696567980148515,0,0,0
0.16710499215586075,1,2,26.183278778809232,0,0,0
0.007964449909944344,1,2,27.038604771056065,0,0,0
0.04089203253446367,1,3,21.033686710183193,0,0,0
0.007318225352698004,0,4,33.55475143196789,0,0,0
0.039764911935057067,0,3,20.79859585323723,0,0,0
0.01624392956652944,1,2,33.886881655513626,0,0,0
0.0014587960001267173,0,5,39.412940147457185,0,0,0
0.0034372838398735285,0,1,24.93440644205718,0,0,0
0.0023830848189134433,0,2,28.41394373472615,0,0,0
0.0025695380058370124,1,4,31.66875386759949,0,0,0
0.0014091763311027878,0,1,23.784690713550916,0,0,0
0.05716004831307221,1,2,36.45091124381334,0,1,1
0.0077805578768657055,0,4,30.164174274904298,0,0,0
0.0024329947031657335,1,3,27.11583910455143,0,0,0
0.005709548456253327,1,3,38.31799426049575,0,0,0
0.002270080185710209,1,1,35.01166878472758,0,0,0
0.0068437780268788195,0,4,27.958383324279964,0,0,0
0.019809805716881297,1,3,24.442393313679293,0,0,0
0.0009552363442899852,1,2,28.310917533780124,0,0,0
0.0013642929886756973,0,2,37.33269888946353,0,0,0
0.0026591612995903076,1,1,31.770202552282747,0,0,0
0.00015660501152920124,0,0,25.55639936653887,0,0,0
0.038708865810316205,1,0,30.413227368472732,0,0,0
0.0029422153762783117,1,2,33.42601344457177,0,0,0
0.001044437021466868,1,2,87.4582728704226,0,0,0
0.03548660616192758,0,4,23.65621749736814,0,0,0
0.021846663099255335,0,3,28.391338915732454,0,0,0
0.043495281994874097,1,4,20.019606778372967,0,0,0
0.009610232211382118,1,2,27.991311594650554,0,0,0
0.007131914227877745,0,2,33.624088092163966,0,0,0
0.00026462742863290513,0,2,32.882964578082834,0,1,0
0.0021804334627185196,0,3,31.550800495937896,0,1,0
0.0011977235044680625,1,1,25.493497657752513,0,0,0
0.0345246794359981,1,1,17.56433671184314,0,0,0
0.007880634573390772,1,3,32.05421032755823,0,0,0
0.005769940192428714,0,2,41.30752533114102,0,0,0
0.0160469940306402,0,1,28.877268518623122,0,0,0
0.008828392583855918,0,2,32.664574705008825,0,1,0
0.019457864277238345,0,5,28.72090970491236,0,0,0
0.003620461851756212,0,4,29.39859801569806,0,0,0
0.004894133558860983,0,3,24.735558467263367,0,0,0
0.007697547775027629,0,3,39.16393234675796,0,0,0
0.032322410897032534,0,0,31.235628496310344,0,0,0
0.0034969095224770016,1,3,31.321721407863752,0,0,0
0.0002067283294943202,0,3,26.71491214812614,0,0,0
0.012370654999488742,0,3,31.44811138294734,0,0,0
0.0005163001356110429,0,4,26.08196026676837,0,0,0
0.0026069615677360466,1,2,35.590687810375954,0,0,0
0.00017926059903036664,1,2,34.10933782694933,0,0,0
0.01661188835251371,0,3,28.26931523626077,0,0,0
0.14950460960019796,0,2,24.326076188833284,0,0,0
0.01919901724750142,1,1,27.652094818599316,0,0,0
0.029801367111319543,1,1,24.531503881395587,0,0,0
0.003033506923638482,1,2,33.00811546088855,0,0,0
0.013195438966042295,1,2,26.279279903096864,0,0,0
0.003003419984147346,1,1,36.09475448812798,0,0,0
0.004820282420005612,0,2,27.641443641933723,0,0,0
0.008856907271014323,0,4,40.57177042932653,0,0,0
0.025898334206605093,0,1,27.347416735614797,0,0,0
0.0020064055560320617,0,1,31.726985434122476,0,0,0
0.010378775185781952,0,2,27.4515577865316,0,0,0
0.006488096428028774,0,5,30.321371984701038,0,0,0
0.001592361538650973,1,5,23.593416316998056,0,0,0
0.0045800090098042185,0,0,33.034333395473965,0,0,0
0.04643341935945839,0,1,25.125362896676968,0,0,0
0.010475480022280449,1,2,45.98930968952975,0,0,0
0.001089983398957286,1,3,32.792321496775514,0,0,0
0.0024404822132597487,1,1,26.371514325509953,0,0,0
0.006567272461115705,0,2,30.291710833041666,0,0,0
0.003709398437124771,1,1,28.018191901795227,0,0,0
0.0003903895817444199,1,3,23.861310775540453,0,1,0
0.0008068976507552105,0,2,23.876210746499872,0,0,0
0.0052515949663836615,1,2,29.356008956245322,0,0,0
0.05021346220878234,0,4,28.83515590405401,0,1,0
0.00789858265944789,0,3,23.547010558232593,0,0,0
0.010626301929933411,0,2,24.258680754828987,0,0,0
0.09445041181855668,1,5,106.65058056948357,0,0,1
0.003994929861209339,1,2,24.968227007274283,0,0,0
0.010423827042247882,1,2,24.709372759395194,0,0,0
0.017424391815622733,1,1,99.69130934563914,0,0,1
0.00028623823597466843,0,2,32.50131175135022,0,0,0
0.0038890195712237693,0,0,31.34733830901271,0,0,0
0.00015663866326312402,0,2,37.671138509867134,0,0,0
0.0046679901451759254,0,3,25.38472683132237,0,0,0
0.0016968895297023525,0,3,30.18261313042689,0,0,0
0.002274390034772144,1,3,34.14379679949398,0,0,0
0.002293932429094935,0,0,106.43060650831386,0,1,1
0.014718949626001817,0,2,38.99201076205951,0,0,0
0.08434192514264353,1,1,25.5688771423097,0,0,0
0.001086841641511608,0,3,34.95729106272491,0,1,0
0.009575574533339066,1,1,34.37875280050872,0,0,0
0.02398912596984947,1,3,33.18493941234912,0,0,0
0.011042340696887056,1,1,25.651701530592568,0,0,0
0.007418602521624957,1,2,28.68374756682379,0,1,0
0.006352356182764762,1,2,36.273079413798236,0,0,0
0.0024644681143674557,1,1,17.09091200744409,0,1,0
0.018114051681649233,1,1,21.25999380596766,0,0,0
0.020218043032282862,0,1,89.02231963829892,0,0,0
0.0009447907279174382,1,1,23.066384809121978,0,0,0
0.0005107209085348671,1,1,39.85367100464631,0,0,0
0.010103118656042742,1,3,34.47787982061582,0,0,0
0.001603679376372639,1,2,33.31743766681758,0,0,0
0.01354075156534895,0,2,31.53844329790808,0,0,0
0.008734467642992412,1,0,22.844485151444694,0,0,0
0.018825926946104462,0,4,25.666947311559277,0,0,0
0.014217510403072748,0,1,35.51709109983408,0,0,0
0.001919436504957672,0,1,41.64880085809358,0,0,0
0.0033247722564069735,1,0,32.93319772922718,0,0,0
0.10847490183572907,0,2,39.113882589350936,0,0,0
0.006166551848187916,1,2,21.59187172161203,0,0,0
0.0018599735433248068,1,2,31.443714958477965,0,0,0
0.00209889531992154,1,2,33.76181669386568,0,0,0
0.0013090260132810785,0,2,32.89844105215862,0,0,0
0.030035189495709186,1,0,29.849552327171537,0,0,0
0.018347785098048765,0,0,30.08757688509104,0,0,0
0.002594028734159954,1,2,36.043301077952016,0,0,0
0.0020808700005631744,0,3,30.260608624700115,1,0,1
0.003123768009572652,1,3,28.687516178675168,0,0,0
0.0053726506352766695,1,6,112.58853900702368,0,0,0
0.03821659829531762,0,5,30.26121735087252,0,0,0
0.006115675701428577,1,2,28.528254464902954,0,0,0
0.011502379490442112,1,1,37.484037201458094,0,0,0
0.0048771406468252855,1,1,31.458605423177318,0,0,0
0.01755887210073848,1,0,34.47112362295496,0,0,0
0.01642525288870781,1,3,32.460125768354295,0,0,0
0.0009995923334022013,0,1,105.2098181921371,0,0,0
0.003038682639844951,0,3,33.00245667548379,0,0,0
0.026681812208826025,0,2,93.7287406493828,0,0,0
0.002041971464182031,1,0,32.368533297073654,0,0,0
0.06050199776255975,0,3,25.315322141936896,0,0,0
0.0013760335546005985,0,2,29.19420830882377,0,0,0
0.0022173511838207696,0,0,35.30709307281133,0,0,0
0.11738646177095138,0,1,104.73077448979333,0,0,0
0.04382775711512881,0,3,17.870621422467593,0,0,0
0.010812244633216166,0,2,31.846042728392476,0,0,0
0.047769100171100226,0,3,30.094048877350353,0,0,0
0.03560556582400105,1,3,37.931883041688266,0,0,0
0.002588488105774476,0,0,27.3692918449387,0,0,0
0.00016323894807845354,0,3,31.223798100487755,0,0,0
0.01433166610975094,0,2,32.758950937933186,0,0,0
0.0026626420599474227,1,5,36.6322907163824,0,0,0
0.009516520027193082,1,3,31.76568929885754,0,0,0
0.014463184835838513,0,0,26.555373999037176,0,0,0
0.2526661410745022,1,1,20.39126806128508,0,0,0
0.0374933819084194,1,4,31.791810312901667,0,0,0
0.09428740974794415,0,1,21.12442199735998,0,0,0
0.0008767392444328721,0,3,32.87166358564018,0,0,0
0.0002980372848669845,1,6,39.413216328364996,0,0,0
0.0044878308955143805,0,1,34.78804106858526,0,0,0
0.04520470706861589,0,0,107.32645899907894,0,0,0
0.0019996773370525287,0,3,25.390321480040786,0,0,0
0.017351618620217415,0,1,16.131942460358072,0,0,0
0.030963929277190938,1,1,26.03913639855682,0,0,0
0.00021876778388490352,0,5,32.471393677059424,0,0,0
0.0017490817970450708,0,1,23.259505673408064,0,0,0
0.0016462391593466284,1,2,26.95141027048482,0,0,0
0.0015458413748425598,0,2,42.946601618276986,0,1,0
0.02630691323438032,1,1,23.243355949279255,0,0,0
0.003949615861539207,0,1,24.355129200400416,1,0,1
0.001378779728545488,1,1,32.97714443655127,0,1,0
0.007276310958051971,1,0,36.18358089313171,0,0,0
0.001960356363879639,1,2,25.356116100211327,0,0,0
0.028272943922376045,1,0,30.958469670811002,0,0,0
0.06862235626765277,1,2,31.669608716781905,0,0,0
0.02107978797201998,0,1,21.76193056287117,0,0,0
0.02829178671281075,1,2,36.7227037057982,0,0,0
0.015116309196199024,1,3,25.298012462275743,0,0,0
0.022793521225140185,0,1,30.557700244375837,0,0,0
0.013680590118681602,0,1,33.41285807301436,0,0,0
0.001299548966353082,1,3,25.018578104381298,0,0,0
0.006568726895607545,1,0,30.04519276354629,0,0,0
0.00884135309999368,0,2,35.254132477181585,0,0,0
0.007465516932117645,1,3,32.81747470570595,0,0,0
0.022718216618662374,0,1,21.962087056423776,0,0,0
0.00635875085294624,1,0,30.54951986125331,0,0,0
0.0034172055476333623,1,1,37.04335263756542,0,0,0
0.030679477683856853,1,1,26.461679540749067,0,0,0
0.001283759560577388,1,1,27.787557247746655,0,0,0
0.04312389583867658,1,2,24.999987715048306,0,0,0
0.038052392635777324,0,0,28.165960766495584,0,0,0
0.015006654157786748,0,4,29.986010728104752,0,0,0
0.008393296007391029,0,1,31.045070281078452,0,0,0
0.09079327207987378,0,2,25.157593327491426,0,0,0
0.06135889949818938,1,2,36.5062181321857,0,0,0
0.0060563248614010304,0,0,32.32367523705665,0,0,0
0.0029271958816588354,1,2,40.91086484579471,0,0,0
0.001945063746568111,0,2,23.88900061339307,0,0,0
0.001924837636090694,0,2,30.15061931883591,0,0,0
0.004910577585287253,0,1,21.46753703399692,0,0,0
0.020175547350267095,1,1,32.28309760411282,0,0,0
0.0584677715143607,1,3,29.392759419301125,0,0,0
0.003197150265243508,1,0,32.99346869297388,0,0,0
0.0012501131621614208,0,1,24.509555541492958,0,0,0
0.007493712204464289,1,1,36.779268279540226,0,0,0
0.003184340174243232,1,1,30.32872216511903,0,0,0
0.053689911815242956,0,2,27.462797455346337,0,0,0
0.00830610473815054,1,0,33.34171853755619,0,0,0
0.0013346187809121636,1,2,23.649196202635387,0,0,0
0.0009512547358249369,1,4,36.19860749326452,0,0,0
0.0028239782392686097,1,1,28.901974291302736,0,0,0
0.011644448440518507,1,4,23.769981682424532,0,0,0
0.0044513487293185595,1,3,29.89161000418344,0,0,0
0.0010509041670744529,1,0,28.030125996754524,0,0,0
0.0003348610844537708,1,2,30.357321051388208,0,0,0
0.010517554738864726,1,3,33.42101167173585,0,0,0
0.015969087431755513,1,1,27.512207581690667,0,0,0
0.001335933172543544,0,2,167.83864750425818,0,0,0
0.013414484546825258,1,1,42.052880882275645,0,0,0
0.006255899754770524,0,1,27.575794425568393,0,0,0
0.0013587489511822546,0,2,30.144347523392003,0,0,0
0.03895509675084508,1,3,31.31753130135297,0,0,0
0.011632723396005056,1,0,27.542901294588454,0,0,0
0.00474203703859151,0,2,26.50788158417605,0,0,0
0.015404439826808284,0,0,36.90396387664933,0,0,0
0.025802140842130245,1,0,33.73104425450144,0,0,0
0.024762376853570175,1,1,35.14163392426348,0,0,0
0.015582410981856962,1,3,32.38380581210773,0,0,0
0.0519421526154377,1,2,22.592841369430744,0,0,0
0.0005736294333580417,0,2,39.630712007957825,0,0,0
0.0028715891247393394,1,0,31.75405979866359,0,0,0
0.007258423189723019,0,1,30.09263718388995,0,1,0
0.010907438081609206,1,0,29.212162610380318,0,0,0
0.041434775558548215,0,3,31.39255204108577,0,0,0
0.007675051186563404,0,3,24.6214318381943,0,0,0
0.0003429634810199872,1,0,26.377043740925473,0,0,0
0.005799068088760562,1,2,35.86762198071045,0,0,0
0.002124535793551431,1,2,33.26004737889369,0,0,0
0.03319878158140503,0,4,35.44891722486911,0,0,0
0.02818196254659425,0,1,32.439413299875255,0,0,0
0.006491555100662228,1,0,27.233558698657685,0,0,0
0.0010430723566576241,1,1,22.165589542751206,0,0,0
0.00043322230329864155,0,2,28.73954038767225,0,0,0
0.03540933424371485,0,2,62.253256281405235,0,0,0
0.021146253808121913,0,3,24.014880310267547,0,0,0
0.016366984247203575,0,1,29.351207430067262,0,0,0
0.0032157998291567724,1,1,28.544306477334057,0,0,0
0.001022790188999074,1,1,28.114081021578766,1,0,1
0.002485851632292776,0,2,27.178231104654337,0,0,0
0.010328810257369685,0,3,28.393155905331792,0,0,0
0.0005358467220592995,0,6,32.75942768106313,0,0,0
0.0053252082284031286,0,3,27.88887247260737,0,0,0
0.004925326966066337,1,1,33.16649422443316,0,0,0
0.05298372078651576,1,2,23.240043617006474,0,0,0
0.0019463869602655039,1,2,36.14566336643171,0,0,0
0.009639626473790318,0,0,29.413576261624236,0,0,0
0.02596985734251526,0,5,25.64186666631428,0,0,0
0.010556123790054087,0,1,34.179002184317966,0,0,0
0.03865706177003757,0,0,25.71954541367085,0,0,0
0.0007543111528204407,0,2,31.086641182940067,0,0,0
0.008751223028246824,0,3,17.81753764682342,0,0,0
0.04744642375854724,1,2,32.537810271988484,0,0,0
0.012517914006151423,1,2,28.920531603280196,0,0,0
0.002589609632901183,1,3,29.33822479910887,0,0,0
0.0020720652572763358,1,4,25.488213789151615,0,0,0
0.015898823860077037,0,2,29.848161134681803,0,0,0
0.022634769534088977,1,3,26.944334855115798,0,0,0
0.02250145352571937,1,0,33.282177227314094,0,0,0
0.0002171637373790583,1,1,36.009104063250874,0,0,0
0.007756417090154797,1,2,33.25391089684008,1,0,1
0.060206564991237166,0,1,34.79980204797262,0,0,0
0.0013643725044738086,0,4,20.426934281024366,0,0,0
0.02171434826044894,0,3,30.08020353022901,0,0,0
0.010240665546755415,1,3,31.691110499496617,0,0,0
0.0007345363136306015,1,5,30.048393724418684,0,0,0
0.0035823451656631527,0,0,33.38905615342174,0,0,0
0.007327278935495277,1,1,33.736373192359515,0,0,0
0.0006762426432719007,0,0,21.475221259347734,0,0,0
0.004894920449429215,0,1,25.085458152590178,0,0,0
0.00714527156348105,0,0,30.632544324483806,0,0,0
0.0006947477852032453,0,2,22.267319747163754,1,0,1
0.02848811789973821,1,1,28.644663867002325,0,0,0
0.0011170335111426435,1,3,23.07940257688023,0,0,0
0.014544034086142655,1,1,27.32722991757504,0,1,1
0.005340431084574317,0,2,30.496942553858325,0,0,0
0.03690509609661806,0,1,34.619349999571995,0,0,0
0.02295260100853132,0,2,28.657434297200094,0,0,0
0.004554197106842107,1,0,33.307033381824695,0,0,0
0.00025021150791281637,0,3,25.59322301849278,0,0,0
0.00033512943612912927,0,1,33.67247019828334,0,0,0
0.0068862725773103034,0,3,23.42183524856965,0,0,0
0.011624547635972817,1,2,28.765716046521366,0,0,0
0.011201473502427017,1,0,28.99371690190198,0,0,0
0.008383100426598643,0,2,34.48801905984894,0,0,0
0.0027724951440652656,1,1,33.103430114217154,0,0,0
0.008344247523446669,0,3,24.445420994260203,0,0,0
0.054673127577657445,0,1,27.633987982940486,0,0,0
0.007048603845381093,1,1,26.67682481649585,0,0,0
0.012709722265627622,1,5,32.994545408692865,0,0,0
0.007583609938902198,1,1,36.224711458290656,0,0,0
0.02560345241647325,0,5,31.345874257335442,0,0,0
0.0005797762021283009,0,1,23.10056511915924,0,0,0
0.002134927810750961,0,0,25.709023770032307,0,0,0
0.003055854303848363,0,1,25.38439160316325,0,0,0
0.02199634180379362,1,3,24.586232728475537,0,0,0
0.0012156080923230578,0,1,31.956260094293757,0,0,0
0.0154611543960934,1,0,35.68407516772017,0,0,0
0.022918773417439087,0,3,33.752856109963346,0,0,0
0.012879369000887793,1,2,29.26187969809137,0,0,0
0.0018936506259222144,1,3,31.861662701328605,0,0,0
0.0008664574715432652,1,1,37.34967467038639,0,0,0
0.00922625972575242,1,0,26.12129665596262,0,0,0
0.008453252191059536,1,1,27.39993566860984,0,0,0
0.01079051174098747,0,2,22.987857251685327,0,0,0
0.12148192414394318,0,1,30.809532040274572,0,0,0
0.0030216255953065103,1,1,27.706283930689356,0,0,0
0.014402802779867755,1,2,28.826518283926205,0,0,0
0.004893775300464109,1,3,31.427530214857047,0,0,0
0.017313734977639286,1,0,34.63367612205939,0,0,0
0.0011267957215281986,0,1,136.33173771553174,0,0,0
0.001036475885286418,0,1,32.97368111353754,0,0,0
0.00861154063211988,0,0,21.205278463446916,0,0,0
0.003496197712322507,0,1,36.91418647649188,0,0,0
0.013087987085973658,0,3,38.99107500390859,0,0,0
0.0021441834201245086,1,2,22.056103822037294,0,0,0
0.0005223288627806794,0,2,28.713109759652447,0,0,0
0.024064529995612666,0,0,25.59161989792282,0,0,0
0.016841596659517632,0,4,28.50577665915261,0,0,0
0.0270786239406645,0,2,31.564002342128784,0,0,0
0.0014138094419611825,0,4,31.63366118116649,0,0,0
0.00554609637779336,0,2,32.998653591411056,0,0,0
0.0032425188781196198,1,0,30.241420722184927,0,1,0
0.006280782629016919,1,1,28.082458781014076,0,0,0
0.03924924046848817,1,1,37.6147514681801,0,0,0
0.025807753585576746,1,2,33.61929366971051,0,0,0
0.000122256332729981,1,4,25.50945973148832,0,0,0
0.08125012025912008,1,1,39.05626234767138,0,0,0
0.0009845285379908653,1,3,34.98953088444233,0,0,0
0.032228601743129255,0,0,31.33527917821275,0,0,0
0.0027490734690705336,1,4,32.47738134886884,0,0,0
0.4425300727580594,0,2,12.834922985497514,0,0,0
0.01838279129712345,1,1,33.86743502603752,0,0,0
0.018284650105069116,0,4,35.70762104771665,1,0,1
0.01273444477540914,0,4,34.80114044119459,0,0,0
0.005112536666354185,0,2,145.30282046450807,0,0,0
0.006274048342131137,0,1,34.36816240215356,0,0,0
0.0016065277747087732,1,4,26.900529112887483,0,0,0
0.047624769540569954,0,3,21.706943847758197,0,1,0
0.009119580789951688,0,4,28.453823135972282,0,0,0
0.016196153933253677,0,2,41.82292992817827,0,0,0
0.04352681720288839,0,1,35.366818113283955,0,0,0
0.007229025649025775,0,4,31.964894946296265,0,0,0
0.06953416089064451,0,4,27.503920736397852,0,0,0
0.0025369844242554285,1,4,28.288889773559546,0,0,0
0.01528393821867934,0,4,31.667518408836845,0,0,0
0.013110294725205232,0,0,34.73053630000691,0,0,0
0.07824959351058873,1,1,34.2797370939601,0,0,0
0.0019314541559830496,1,3,30.475632281859347,0,0,0
0.0013260372105516934,0,3,29.098641826901193,0,0,0
0.0302047023712785,1,3,28.274461530691315,0,0,0
0.11517831279230567,0,3,33.06527380748166,0,0,0
0.00822067748391407,1,3,28.80753279869482,0,0,0
0.008096328647453983,1,1,22.75255849527064,0,0,0
0.0003205794025673566,0,2,30.783630183394276,0,1,0
0.010599008756295743,0,1,33.29931246233262,0,0,0
0.0026552871739205217,0,0,36.98690721792073,0,0,0
0.00655674897107107,0,3,39.466587680483656,0,0,0
0.021979844884206092,1,4,24.27035307928717,0,0,0
0.002617544925858103,1,3,42.020413551009725,0,0,0
0.0005622255856063896,0,1,30.64707734427787,0,0,0
0.0005213715251113039,1,2,24.793039954174088,0,0,0
0.008029194839626998,0,3,180.50875986670928,0,1,1
0.019254623009371138,0,0,29.664012059509016,0,0,0
0.00968449491840362,1,1,33.618901722058,0,0,0
0.005759528885710041,1,3,26.077354390828376,0,0,0
0.023275742323375113,1,1,25.333176466351876,0,0,0
0.08274169334752297,1,3,26.10503847823904,0,0,0
0.0012760329662677883,1,1,33.13974262522581,0,0,0
0.001677858503455818,0,2,34.00447894258678,0,0,0
0.0024352980144993065,1,4,26.60981562037374,0,0,0
0.0012052656981996945,1,2,21.568620601522447,0,0,0
0.06558398422722247,1,2,28.041659654479247,0,1,1
0.0034039937066809183,1,3,38.328536430471885,0,0,0
0.09637560343117085,0,3,35.73390840107727,0,0,0
0.006459549834570279,1,0,23.13495412610463,0,0,0
0.0009184704797309419,0,4,31.71383720734015,0,0,0
0.00018573247449486644,0,2,34.32847773820446,0,0,0
0.010927920952035108,0,0,23.670765792245234,0,1,0
0.01270042334385056,0,2,37.65922956532511,0,0,0
0.0007928768336586296,0,0,27.469949307562793,0,0,0
0.00839482130933375,1,2,22.46105001889309,0,0,0
0.0017410308454494795,1,2,35.36816588915485,0,1,0
0.032318364656470935,1,3,36.95395053488015,1,0,1
0.001456441551590962,1,1,21.797859392476653,0,0,0
0.0009944153468469507,1,1,31.47202374314581,0,0,0
0.00809416277811801,0,3,31.665080589646053,0,0,0
0.02724709596707482,1,1,32.90009243135068,0,0,0
0.006475059110313337,1,1,31.498468931201973,0,0,0
0.0020608363654425095,1,0,32.793214542459786,0,0,0
0.04590762440408101,1,2,27.29654399437868,0,0,0
0.004932894415730305,0,3,34.87262140063892,0,0,0
0.011113782453007643,0,1,37.776469297630015,0,0,0
0.0007811821881557917,0,3,27.900527043235485,0,0,0
0.013123857725824865,1,4,29.413758470928965,0,0,0
0.002058495747562886,1,1,27.289171472879698,0,0,0
0.003061365235771085,1,2,37.860392286020506,1,0,1
0.08480618414963131,0,2,33.15151989269683,0,0,0
0.016406884976567646,0,1,33.39289710831575,0,0,0
0.0016056661223236715,1,2,35.175982528885186,0,0,0
0.0028425250995876014,1,0,34.93966412879146,0,0,0
0.00465525470540605,0,1,25.346646133006583,0,0,0
0.0007479012579592547,0,3,28.45139819034252,0,0,0
0.009361939239546414,0,1,36.3364454800191,0,0,0
0.003803545272860826,0,1,36.4247198026849,0,0,0
0.003038539332308435,0,0,24.33974143162034,0,0,0
0.010413484880867735,0,1,34.40496559532779,0,0,0
0.0010589057742818788,1,0,34.02321990325349,0,0,0
0.10295404515815854,1,1,32.79558030908049,0,0,0
0.0029258088266568534,1,0,36.06607113825385,0,0,0
0.034626415224205245,0,3,35.14428531370598,0,0,0
0.0008057235576777419,1,2,25.372059746769583,0,0,0
0.08021332807191987,1,2,34.229960574978534,0,0,0
0.017549308735330234,0,2,171.68507340015137,0,0,0
0.002024435902117824,0,1,22.63282858967995,0,0,0
0.0005525491154004331,0,4,34.19827085107743,0,0,0
0.0816082804905331,1,3,21.1690354584321,0,0,0
0.005232535588546821,0,3,24.749297973318214,0,0,0
0.001725315076199221,1,2,37.6004915578516,0,1,0
0.0030276679533395396,0,0,18.672554791075715,0,0,0
0.01069720163258722,1,2,38.313204893622746,0,0,0
0.004607078500526168,1,5,30.70311082424371,0,0,0
0.008357628805118722,1,4,23.504947806572773,0,0,0
0.007563370040743142,0,3,35.719425903404705,0,0,0
0.0003719683711344195,1,2,37.57245938494659,0,0,0
0.013890633098246877,0,2,24.41955889420357,0,0,0
0.09877930067458104,0,3,32.445820343676495,1,0,1
0.006484158870836006,1,2,26.428687412134984,0,0,0
0.1888020538209123,1,1,26.4608314760017,0,0,0
0.004779075131798937,1,4,23.113377790833045,0,0,0
0.016720395700125786,0,3,25.67422874847486,0,0,0
0.010067189590234825,1,1,30.132933730636584,0,0,0
0.001589741247292062,0,1,31.81323962380261,0,0,0
0.0035463328196196713,0,2,32.533635381567635,0,0,0
0.020660719177807572,0,4,28.308896798179916,0,0,0
0.007342087499642265,1,0,28.45063635030835,0,0,0
0.023088622996604018,0,3,26.813823287328646,0,0,0
0.20399892097863934,1,2,29.44433136894722,0,0,0
0.025225672879988538,0,0,38.094241088415075,0,0,0
0.22254062894441778,1,3,19.043749505975804,0,0,0
0.0017323460945420804,0,1,41.002078752081594,0,0,0
0.007193963362026741,0,0,144.5952335151574,0,0,0
0.0043092990508004254,0,3,18.378887204883842,0,0,0
0.0014193199847616414,1,1,38.3063938976521,0,0,0
0.00729632511628621,1,1,37.212494841278556,0,1,0
0.00036473451366044786,0,1,34.58309250612573,0,0,0
0.04461544726397751,0,3,26.438014785713438,0,0,0
0.007845065744735903,1,3,35.64855950014885,0,0,0
0.019510160581745407,1,3,29.9816338781118,0,0,0
0.044880187875199574,0,5,25.679668396625615,0,0,0
0.01858862763761482,0,0,29.047785247175963,0,0,0
0.002886133992086958,0,2,21.10098108604901,0,0,0
0.002975162791886757,0,2,21.084820631952724,0,0,0
0.0018628677407333434,1,2,29.394147922654234,0,0,0
0.003259859625986792,0,1,33.93224764134214,0,0,0
0.00018482660226255802,1,3,25.835931149918203,0,0,0
0.0016598351179535039,0,1,23.560331144325282,0,0,0
0.08907960845491887,0,3,114.14098539459121,0,0,0
0.019839087731438915,1,2,27.66603024842678,0,0,0
0.014337266481824396,1,1,23.625639542809118,0,0,0
0.20350904769297282,1,1,28.39093011836076,0,0,0
0.009211024312113604,1,1,28.624305388535205,0,0,0
0.033725633482567054,1,4,26.80195958030797,0,0,0
0.0009115882181874546,1,3,33.08830993607285,0,0,0
0.007242799272503881,0,3,23.27063830906725,0,0,0
0.0025040582452035454,1,4,35.07109436418895,0,0,0
0.0026699220270568033,0,4,27.400299169618172,0,0,0
0.013174375057653837,1,0,33.86435432318515,0,0,0
0.0013291454537384948,0,4,131.3812601564501,0,0,0
0.005792947247349119,0,5,25.721287418320976,0,0,0
0.003194922554497082,1,2,31.080324956089175,0,0,0
0.006639048884361221,0,3,30.32799682368012,0,0,0
0.0023199343884580973,1,3,26.20787713030311,0,0,0
0.05523750538620159,0,1,28.624890071394237,0,0,0
0.0015262060077991216,1,1,34.67659517178268,0,0,0
0.004472500378560921,1,1,27.066009563604602,0,0,0
0.002350768587457492,0,3,35.42121684218022,0,0,0
0.04546115341464052,0,3,30.744855751099564,0,0,0
0.0009161915574383453,1,3,30.18574665701623,0,0,0
0.0011885430451866233,0,1,54.99991800780849,0,0,0
0.015825487174874375,1,2,164.39777922218053,0,0,1
0.016049032454199502,0,2,29.621286621967005,0,0,0
0.0051203596968386585,1,3,31.300696040026445,0,0,0
0.019343654987828984,0,2,27.780347191922257,0,0,0
0.004776169842525814,1,1,33.35083099311169,0,0,0
0.004210248036767623,0,5,30.401781744990856,0,0,0
0.010428218604377966,1,2,26.15750871831717,0,0,0
0.00382399410289444,0,3,35.45764344618096,0,0,0
0.0056478588033907285,1,4,29.94694925287758,0,0,0
0.002431120741054568,1,1,30.505291701743133,0,0,0
0.01811674686104741,0,5,26.364114339012698,0,0,0
0.005693508555048705,0,1,32.46193607310686,0,1,0
0.018956140361982683,0,2,41.73048202165277,0,0,0
0.05312156573868879,0,6,19.039455373438955,0,0,0
0.011855410288834117,0,1,25.949568554001026,0,0,0
0.0467079996142165,1,1,30.006693758533498,0,0,0
0.0018508429402897893,1,5,38.96891067617144,0,0,0
0.0079153795708447,1,3,27.22248414580332,0,0,0
1.059100770889622,1,3,34.82524566479303,0,0,0
0.009822015973849903,1,1,32.84373220833412,0,0,0
0.0123009169949528,1,3,26.500826329537205,0,0,0
0.015847054629023256,0,3,29.09063670018078,0,0,0
0.0014663796140837828,0,0,30.579745560980374,0,0,0
0.0020789628608811847,1,3,162.0485418965362,0,0,0
0.1508045049414807,0,4,34.207556333591945,0,0,0
0.013919813588437056,1,1,26.076140864664946,0,0,0
0.0051398866191923066,1,0,33.343178503727714,0,0,0
0.0005380282790706126,1,4,23.533664044892163,0,0,0
0.00019658949662908017,1,2,37.754017402873956,0,0,0
0.0023422987237540827,1,2,29.642511370826476,0,0,0
0.007910770454337954,1,1,29.561644780742807,0,0,0
0.015294665226230554,1,2,32.291227441717325,0,0,0
0.0016686609778210262,0,3,28.05704504822441,0,0,0
0.005267160104260612,0,3,32.43380089786653,0,0,0
0.0005440733794581226,1,2,27.65052797860647,0,0,0
0.08121861388367659,0,3,24.909973893083222,0,0,0
0.05865214905956396,0,0,27.18805165196291,0,0,0
0.0016836250287055982,0,3,27.79536842884651,0,0,0
0.013427637550158912,1,1,29.296644920531627,0,0,0
0.003741769029743745,1,0,31.039538857520427,0,1,0
0.012791128940580586,0,2,18.73592243012686,0,0,0
0.0033835613772126715,0,3,24.647985091350915,0,0,0
0.0005170978733442125,1,1,35.096830283784044,0,0,0
0.015424857222448893,0,4,24.971706050322588,0,0,0
0.0058553015133542535,1,1,132.24922128779704,0,0,0
0.0032724185602743846,0,1,27.0521074776746,0,0,0
0.0073929725013556465,1,4,26.190194739890153,0,0,0
0.005397743137416928,0,5,32.54665248965107,0,0,0
0.002422609727183582,1,1,30.353600885705845,0,0,0
0.005039739170110151,1,0,29.932422761733118,0,0,0
0.012589499404671313,0,0,36.714023647755674,0,0,0
0.034650949563871096,1,0,33.015436118595375,0,0,0
0.007907074009028287,0,1,34.01932841076065,0,0,0
0.03483212412023712,0,2,23.57282381206345,0,0,0
0.0008041803798900757,1,3,35.323181376289995,0,0,0
0.00843127164057446,0,1,20.028086594480655,0,0,0
0.009209696372368745,0,3,28.016176452747832,0,0,0
0.009825895676525817,0,3,39.917770835293865,0,0,0
0.0015725065820101506,1,5,37.186085579913744,0,0,0
0.10174125922502646,0,1,22.28101542752979,0,0,0
0.001312256173728921,0,1,97.0343774176835,0,0,0
0.13862267418286978,0,1,25.422202311179156,0,0,0
0.005735696790468355,0,0,32.930836978870985,0,0,0
0.0025944835950439103,1,4,28.34253443698937,0,0,0
0.0008462639478984208,1,0,34.45816641968153,0,0,0
0.016027407669797395,0,3,31.522025169884518,0,0,0
0.002985235144997461,1,1,32.27623501160107,0,0,0
0.5790954471882616,0,0,17.051567343929065,0,0,0
0.000901374246632419,1,3,25.140313443432493,0,0,0
0.004059092296883337,0,3,31.8067203698848,0,0,0
0.004948153892846696,0,2,25.96534699123334,0,0,0
0.011553879204082821,0,3,40.37156504142889,0,0,0
0.01128669302528435,1,3,31.292016254793857,0,0,0
0.0010096343071312175,1,1,32.15891054891146,0,0,0
0.029324278464877535,0,0,22.997287374106516,0,1,0
0.003748544422831973,1,2,146.80991971100013,0,0,0
0.012309337960022322,1,4,29.911260466339506,0,0,0
0.0037518768944067894,1,4,28.64810921368243,0,0,0
0.022173123913097174,1,1,30.537848553151925,0,0,0
0.0006593756780743977,1,4,25.49453972719861,0,1,0
0.0014040977658063146,1,3,26.800447903787358,0,0,0
0.011828973745916748,1,4,156.79145077730772,0,1,1
0.0038398891436786267,1,1,20.610368709337624,0,0,0
0.015272088975823635,1,5,35.055111938300314,0,0,0
0.044878791875917555,1,2,35.34204313286154,0,0,0
0.00048723808323050064,0,4,29.138667858648667,0,0,0
0.2917535171231144,1,3,33.354454817741775,0,0,0
0.003403434485248782,1,4,25.621019042700254,0,0,0
0.104607674774263,0,2,35.60708557440448,0,0,0
0.030052287471323245,0,2,26.31624494645334,1,0,1
0.004036857811173483,1,3,26.00859892865516,0,0,0
0.012756493449389438,0,1,24.64588517179557,0,0,0
0.018398106211929735,1,1,29.034927002239474,0,0,0
0.050768440399916626,1,1,191.68108405563095,0,0,1
0.002279706773930436,0,4,24.49402020456824,0,0,0
0.020239551082277905,0,3,28.978385773621383,0,0,0
0.0003246620352159196,1,3,26.643161537379825,0,0,0
0.009052648575711291,0,0,26.57119648469418,0,0,0
0.0026020207932018567,0,2,32.34382481381531,0,0,0
0.017343852120997757,0,1,30.329721587877113,0,0,0
0.005040493909610742,0,1,28.565005387947323,0,0,0
0.021536447176170967,1,2,35.162791948821585,0,0,0
0.003437683603811062,1,1,30.26194805117459,0,0,0
0.0037307163378076033,0,6,138.89012927630264,0,0,0
0.15058109627498473,1,1,30.561876814925565,0,0,0
0.002521700827172963,1,2,28.781332498441465,0,0,0
0.002535269190022608,0,1,22.00754979963549,0,0,0
0.0014395691078853189,1,3,29.973534964670407,0,0,0
0.01987366546829499,0,2,28.33932674218104,0,0,0
8.16910687853599e-05,1,2,29.764248419800513,0,0,0
0.0009675060394955656,0,2,238.91984514278153,0,0,0
0.05285955766439868,1,2,25.38722001710143,0,0,0
0.00863252481862606,1,4,29.241356378408266,0,0,0
0.0022939091523719443,1,5,26.371846435452625,0,0,0
0.0032585208064411196,0,4,30.952963570997834,0,0,0
0.0064355921867464095,1,3,30.544412793354724,0,0,0
0.010985440978761026,0,2,37.02272538556689,0,0,0
0.0011418000912168853,1,1,35.72768280425225,0,0,0
0.01759198741515725,0,2,103.59888414777679,0,0,0
0.13645832482173526,1,0,28.290044647444425,0,0,0
0.004142935495837381,1,0,29.359115529562217,0,0,0
0.014140948985827574,0,3,35.638810076558705,0,0,0
0.0055936450261639455,0,3,148.47949007312758,0,0,0
0.004712958491268413,1,1,26.375532670657122,0,0,0
0.00595747044490579,0,0,32.22492935117558,0,0,0
0.03198507772974605,0,4,34.35399531151118,0,0,0
0.0013351795976097203,1,3,95.16097712303929,0,0,0
0.02370182243207969,1,0,20.675219865022207,0,0,0
0.030697328417463293,0,2,31.010295358838256,0,0,0
0.10157672798187761,0,1,27.015921744982975,0,0,0
0.003475057001204588,0,0,31.580982020305942,0,0,0
0.00014223528797057804,1,2,34.84119689906051,0,0,0
0.014950725229574056,0,5,24.499166190019356,0,0,0
0.0065556549105520116,0,1,34.388525748101706,0,0,0
0.010214044690393605,1,3,36.682900477985484,0,0,0
0.002292892706406329,0,4,41.82877610295769,0,0,0
0.0006878532740143456,0,2,24.691623266380475,0,0,0
0.0006670326941447069,1,3,32.31428372015694,0,0,0
0.0003802706554100914,1,8,28.597795397192286,0,0,0
0.02199799986977353,0,3,31.115331470157955,0,0,0
0.0029528645284070966,1,1,32.35500458840582,0,0,0
0.0055411015086161185,1,1,36.980812875478705,0,0,0
0.005290219880834436,0,1,35.30573628512684,0,0,0
0.0009590411371595198,1,1,26.71832617702381,0,0,0
0.027480157920011197,1,2,28.26210536045947,0,0,0
0.005305935542703402,1,2,29.324401661370402,0,0,0
0.006788150812934225,0,0,36.367692853873834,0,0,0
0.0031511105622957303,1,2,24.75306631403997,0,0,0
0.0065105345773146285,0,1,36.609036100203326,0,0,0
0.0023134008061823455,1,5,31.488557787711432,0,0,0
0.0017966083090403733,1,1,32.50494684243381,0,0,0
0.010507589556985738,0,1,27.593393496139402,0,0,0
0.011806883332445187,0,5,27.129422909673057,0,0,0
0.0064833958752530075,0,1,40.93666192028909,0,0,0
0.021433007007089354,1,4,31.14297674754558,0,0,0
0.00041977582732741274,1,3,36.51926457731972,0,0,0
0.021348979903736753,0,1,37.35454163108092,0,0,0
0.011292492411944301,0,1,26.269200125013853,0,0,0
0.010487855104010145,0,1,29.93279704597268,0,0,0
0.0382399288295867,1,2,28.343591758448344,0,0,0
0.09690952613383988,0,5,33.895532620365294,0,0,0
0.009379856331506392,0,3,30.984937358463647,0,0,0
0.002321794944612835,1,2,25.83696431723701,0,1,0
0.0016207087494280877,0,1,25.950959491900658,0,0,0
0.05662240679491569,0,3,20.457949973052905,0,0,0
0.10172571593383893,1,0,33.89418881710115,0,0,0
0.02912563163331406,1,3,22.416984855072464,0,0,0
0.0020971069605416385,1,2,29.51008123830143,0,0,0
0.0011067665935710312,0,1,29.921057962939795,0,1,0
0.039021046351450504,1,3,26.38920186849033,0,0,0
0.008666829664428537,1,0,30.309338188030196,0,0,0
0.007563074855475207,1,2,30.036891423038657,0,0,0
0.004613894363884029,0,2,23.201870289050937,0,0,0
0.0467383053369704,1,2,33.80098938888332,0,0,0
0.001587068508762708,0,4,24.770968931823695,0,0,0
0.0013635982245535337,0,3,28.615312083520376,0,0,0
0.004562465526838603,0,0,38.4518825251106,0,0,0
0.018708657785463684,0,1,40.78829779274231,0,0,0
0.013064389805732936,1,4,25.526522284700714,0,0,0
0.009836365804832489,1,1,24.13395667804599,0,0,0
0.0004819070605019599,1,0,21.93955996197628,0,0,0
0.00041231879049908785,0,4,31.13101627623002,0,0,0
0.0013491282634843476,1,2,24.870575896611317,0,0,0
0.0015528721443456017,0,3,28.262450741606923,0,0,0
0.0004581103113037647,0,3,41.386112452568554,0,1,0
0.004811381915868814,1,1,41.900421757164445,0,1,0
0.0015395298434790548,1,1,26.542529933196633,0,0,0
0.03750686684924287,1,3,39.66844764820124,0,0,0
0.010264618375147767,1,4,30.570371699523168,0,0,0
0.00411037283163458,1,0,26.29823007475929,0,0,0
0.001241305625182471,0,4,33.04717454271616,0,0,0
0.004171259876473627,0,3,161.5530224508394,0,0,0
0.0036109232689447105,0,2,31.970326237311696,0,0,0
0.0021014377607298834,1,4,38.452269931468386,1,0,1
0.007873338306822504,0,4,31.108264288971103,0,0,0
0.007943774780017622,0,2,33.947329024157014,0,0,0
0.0014843671697356952,1,3,39.19233626956619,0,0,0
0.027260932972212226,0,1,34.141537480511104,0,0,0
0.019356051569494964,0,0,42.05522535360923,0,0,0
0.009326411741635326,1,5,28.4644458462332,0,0,0
0.0021879974609004794,1,2,34.72290965839899,0,0,0
0.012883844825391306,1,5,32.229139839656604,0,0,0
0.006333400671241163,1,1,36.44456922273814,0,0,0
0.025635101301621915,1,3,26.095081947445426,0,0,0
0.004810936834914634,1,2,34.71788260539801,0,0,0
0.006067586915148148,0,0,28.075667238982042,0,0,0
0.014137712236395407,0,2,24.122524117192775,0,0,0
0.012496608689750763,0,3,30.151913682987562,0,0,0
0.013444154693267082,0,1,30.289275665372543,0,0,0
0.0070866000738667246,1,2,25.965039832030037,1,0,1
0.42944974252210494,0,3,34.395128481607635,0,0,0
0.030768047202936747,0,3,34.23254813902105,0,0,0
0.20847455864209044,1,1,20.330015290966394,0,0,0
0.1207537850225706,0,0,29.214745940901654,0,0,0
0.000136281383423201,1,2,34.41656319976131,0,0,0
0.0011363559727029862,0,0,31.82123912334718,1,0,1
0.01340758854392912,1,1,165.19928361861307,0,0,1
0.019936018950624277,1,0,30.225698501495383,0,0,0
0.18176796418512875,0,1,39.37352754694909,0,0,0
0.0018620395004287215,0,2,31.6454344175171,0,0,0
0.0014852010296369498,0,1,30.90851869270948,0,0,0
0.009613632751938935,1,1,32.601906495576046,0,0,0
0.0027708137472218313,1,0,37.55991116273157,0,0,0
0.023173632061422013,0,3,40.03322527138795,0,0,0
0.0003052407953019905,1,1,28.1848649588175,0,0,0
0.04412368888998638,1,4,22.22311453938107,0,0,0
0.015510367675127291,0,1,81.79572451769529,0,0,0
0.0006269169755230996,0,3,26.35336674974315,0,0,0
0.003374330676301294,1,0,40.21261362081825,0,0,0
0.025423563769870216,1,3,102.56014381248696,0,0,1
0.0011141175526211175,0,2,28.059208732824697,0,0,0
0.047384024351386195,0,1,38.10199108907842,0,0,0
0.004837820263922481,0,3,34.09986531348105,0,0,0
0.008119090192697229,1,2,25.685725552028636,0,0,0
0.001980619406346791,1,2,27.972222177228133,0,0,0
0.0006428538624497066,1,4,26.029455671689412,0,0,0
0.03932616572612917,1,1,120.25513862538016,0,0,1
0.02098612986687015,1,1,27.93297583879071,0,0,0
0.0049884680963636074,1,2,28.204444701351022,0,0,0
0.027230303669357445,0,3,31.538485636356544,0,0,0
0.01687106839552744,1,2,41.10638654250482,0,0,0
0.04207878236870505,1,1,27.768709179021005,0,0,0
0.0014452044460072475,1,0,33.30308857668997,0,0,0
0.0034441018955076548,1,3,113.39406372977186,0,0,0
0.0016013535265519123,0,1,30.221671045818308,0,0,0
0.0030244160542608717,0,2,23.203000389600014,0,0,0
0.005721877651467058,1,4,35.75439550373446,0,0,0
0.015795758809574432,1,1,27.797517816227156,0,0,0
0.004834140139170786,1,2,128.87439014011255,0,0,0
0.002011329076009548,0,0,29.984222838081198,0,0,0
0.00037048165299112404,1,3,36.27762478280883,0,0,0
0.013246504073012082,0,2,29.945092482099763,0,0,0
0.00871972912478574,1,0,161.43123429749696,0,0,0
0.0002987225724954217,1,3,25.607924583639615,0,0,0
0.03880272683985498,1,3,35.31879810630502,0,0,0
0.0018872497814350804,1,2,36.69633158283008,0,0,0
0.017354572838334362,1,1,26.163976638355944,0,0,0
0.029619173499114287,1,3,28.429859408042965,0,0,0
0.0008476826199648114,1,0,33.073744451559605,0,0,0
0.019579974533713074,0,0,30.47379615920997,0,0,0
0.05601597062645053,1,2,35.935055789194784,0,0,0
0.007949730609368596,0,4,40.313429295461944,0,0,0
0.013829744367852937,0,1,21.112589344029985,0,1,0
0.07091615761491195,1,1,21.351384147300564,0,0,0
0.007405615055230804,1,2,30.763590480998946,0,0,0
0.015729679288894224,1,3,28.621590577536217,0,0,0
0.0017110046225116097,1,1,27.95325033436246,0,0,0
0.0036805820699113206,1,3,28.000393680098288,0,0,0
0.009202026316156625,0,0,29.613156074364962,0,0,0
0.0019989924164208303,1,2,38.883677991784005,0,0,0
0.008935100549487169,1,2,27.283495388061223,0,0,0
0.011461468887532066,1,0,26.021230492521042,0,0,0
0.009048509886560604,0,1,32.56892879646447,0,0,0
0.006426232157720725,0,4,35.743048225921655,0,0,0
0.018145130953956496,0,0,26.427668237837324,0,0,0
0.13319557978158694,0,3,27.986327788629517,0,0,0
0.0010510144921789437,1,3,31.633740485697267,0,0,0
0.022213949975763588,0,3,30.979802198649722,0,0,0
0.012286872620196695,1,1,23.12352183746346,1,0,1
0.01115290173798833,0,1,32.457912635984336,0,0,0
0.002953060890997456,0,3,37.09063948573395,0,0,0
0.01794593330699817,1,2,35.19195259289855,1,0,1
0.01587379317551465,0,1,24.93435694485844,0,0,0
0.0036777917786630972,1,4,26.650698323374613,0,0,0
0.37563725906286954,0,6,37.724382172768166,0,0,0
0.303978427581892,0,1,27.45615155152,0,0,0
0.005334454505712518,1,0,28.955102077845545,0,0,0
0.004002209334483657,0,2,24.758504575111168,0,0,0
0.013458350138923804,1,4,25.215133113193872,0,0,0
0.013257798690659305,0,2,25.482675654252233,0,0,0
0.011362043060947962,0,1,27.45447471865752,0,0,0
0.047110408557540485,0,3,25.072348777609143,0,0,0
0.012830641511877475,0,3,22.92806440538423,0,0,0
0.0031769798001315876,1,3,24.551403932437232,0,0,0
0.0016669295292714593,0,3,28.995209039377933,0,0,0
0.010784437296858965,1,1,29.013657856339965,0,0,0
0.0016516901718193048,1,1,34.524629200689546,0,0,0
0.0009551481925313153,0,1,33.42498064520329,0,0,0
0.003978350262734467,0,3,33.25764235635861,0,0,0
0.09449520287152065,0,2,23.619315168488452,0,0,0
0.006291276085943135,0,1,24.726930666953105,0,0,0
0.0028765167732951002,0,2,35.32647606838942,0,0,0
0.007958083757777233,0,2,27.89028439971308,0,0,0
0.0020606459811766003,0,1,30.615982615099153,0,0,0
0.17448245322433917,1,3,31.004786303954575,0,0,0
0.003014490949321664,1,5,23.98171126297531,0,0,0
0.007214586013128929,0,2,24.770351750898975,0,0,0
0.003773946824196967,1,1,31.977688214970406,0,0,0
0.04837505124205312,0,2,33.33490712046208,0,0,0
0.00903548772231001,1,4,31.370577951521145,0,0,0
0.5830131769824923,0,0,190.82189250947903,0,0,0
0.008607821872880443,1,1,32.59576595986392,0,0,0
0.0006491475713922528,0,2,31.530540443898474,0,0,0
0.2743431900817144,1,2,22.71243055676213,0,0,0
0.010054436889371132,0,3,32.14690547211007,0,0,0
0.03809557894589062,1,1,40.7651087441037,0,0,0
0.006226783855380544,0,3,27.544092703138485,0,0,0
0.009829267908133559,0,4,24.4242342689043,0,0,0
0.0067601370591083435,1,3,26.50769999568741,0,0,0
0.01333291639857109,0,1,31.66684529232975,0,0,0
0.0009766469852888163,0,1,30.05255727165186,0,0,0
0.004924889515463664,0,0,33.93177070465904,0,0,0
0.012653905276757138,1,2,34.311584845249406,0,0,0
0.009148242674692766,1,1,34.07571850605322,0,0,0
0.0013064827971804643,1,2,29.24536512595094,0,0,0
0.29426089803903993,0,2,35.45151471619761,0,1,0
0.0035730353685525375,1,1,27.484222784127354,0,0,0
0.0031664254050932997,0,3,35.720934999016386,0,1,0
0.00831353051976211,0,2,26.74774138168103,0,0,0
0.017064314957963254,1,4,35.0119362571879,0,0,0
0.0015701688523941098,1,2,24.3693028381266,0,0,0
0.021172434680613486,1,0,34.38711381563662,0,0,0
0.01806115322448165,0,4,17.555987579307537,0,0,0
0.01558207635489344,0,3,19.951465575743832,0,0,0
3.572816246296814e-05,1,2,25.150928147269568,0,0,0
0.0021836034999191383,0,1,34.517637707726564,0,0,0
0.012676667654445842,1,0,22.640262804085904,0,0,0
0.011876005021425216,0,1,35.29227280986362,0,0,0
0.07407417427516401,1,1,28.881199725994122,0,0,0
0.0023832548058669075,1,2,30.347526387156172,1,0,1
0.013707934548534528,0,1,31.54280642406972,0,0,0
0.042461845210831996,0,1,31.016778514759228,0,0,0
0.014614004316267644,0,4,37.62214051375274,0,0,0
0.0064876245578385375,0,1,31.368124008691254,0,0,0
0.0041087530398319265,0,3,29.010691265694586,0,0,0
0.013885464967300783,1,1,37.94103088169402,0,0,0
0.0034695866056238737,0,1,198.0031890715775,0,0,0
0.0025887815830442605,0,2,28.654306259079576,0,0,0
0.01967231775754871,0,3,198.77415041855053,0,0,0
0.011057329096841116,0,2,37.83772223603783,0,0,0
0.0021835468930576614,1,1,32.45975732567071,0,0,0
0.001743715136799588,1,3,30.313109850968143,0,0,0
0.0017418441013998655,0,1,31.825123981322626,0,0,0
0.00928266536647548,1,3,30.45619830274352,0,0,0
0.0017652077964715135,0,0,25.69449236990777,0,0,0
0.008430531380159,0,0,24.738176682862154,0,0,0
0.0019791652458285643,1,2,31.675886300042347,0,0,0
0.024895708771721866,1,1,119.02191100003702,0,0,1
0.04558918945064184,1,2,162.61942918150206,0,0,1
0.005069696340665361,0,2,30.410451051099937,0,0,0
0.010469996870473772,0,3,18.510412104155034,0,0,0
0.02070515660477906,1,3,29.02582179896851,0,0,0
0.0022827458831281696,1,1,28.852930447049737,0,0,0
0.0003244865488387558,0,3,126.38665345133738,0,0,0
0.0035704805281447016,1,0,27.805333453291425,0,0,0
0.04280818337191499,1,0,96.60235248693091,0,0,1
0.000788039905669538,0,4,94.50848343810792,0,0,0
0.08224091144326184,0,2,33.90167176700533,0,0,0
0.01992968598064612,0,0,25.247515068003935,0,0,0
0.04782911243907377,0,1,33.27224867519667,0,1,0
0.0033524410149633694,0,0,33.375226636142315,0,0,0
0.01122316275152723,1,2,30.891419431813244,0,0,0
0.01891454398719162,1,1,33.67236053002418,0,0,0
0.009091046393620454,1,2,35.141673490689335,0,0,0
0.01247555120015004,1,1,36.863327719506074,0,0,0
0.006563248852933477,1,3,26.11124061826773,0,0,0
0.000496807367066958,1,2,29.960494688256436,0,0,0
0.00041235335117729803,1,2,30.553687300454,0,0,0
0.009333817374984623,1,1,37.93660665889465,0,0,0
0.0033372532873095196,1,1,31.36848697169456,0,0,0
0.001900988642274504,1,2,26.731896470417073,0,0,0
0.004341763716555496,0,2,126.80213430578654,0,0,0
0.004871955974690433,0,5,18.0558111570387,0,0,0
0.0048692772584952694,0,0,28.21370278151929,0,0,0
0.0014507329562173574,1,0,31.38810645568769,0,0,0
0.015238265919828067,1,4,30.027691073160383,0,0,0
0.016770224800567928,1,2,162.04675671977571,0,0,1
0.0010165747391343819,0,3,29.48366993714712,0,0,0
0.027644321623505514,1,1,30.429565037001183,0,0,0
0.005913298563267901,1,2,39.55305008345796,0,0,0
0.05555319800811104,0,1,41.595801576630464,0,0,0
0.021842784732997524,1,2,29.078037391133993,0,0,0
0.013773650877738186,1,0,31.65483404467659,0,1,1
0.0036620612076358103,1,5,28.711900030294004,0,0,0
0.016897258609578938,1,0,31.295670397939155,0,0,0
0.0004121692580776054,1,1,151.39287885509353,0,0,0
0.003046646808811499,0,1,27.730611545539023,0,0,0
0.0018019279264044963,0,0,33.94286719365696,0,0,0
0.08849397788676305,0,3,24.410352556469324,0,0,0
0.007649051278276974,0,4,29.118665941944588,0,0,0
0.010246714172203382,1,3,28.455840780148314,0,0,0
0.00041887881513419427,0,2,23.81071076830976,0,0,0
0.060123921294085766,1,3,31.478460885563873,0,0,0
0.00355168034266152,0,1,27.1750455732205,1,0,1
0.01098821137751107,1,3,27.80671720844714,0,0,0
0.0008858090735521021,0,4,24.957317430406064,0,0,0
0.004497581465772374,1,3,38.363677269955,0,0,0
0.018220194518353088,1,2,31.12654911134557,0,0,0
0.004416529050199025,0,1,29.908440168233394,0,0,0
0.0057297712761142355,1,2,25.906633245666338,0,0,0
0.003544690950027797,0,4,35.69792203339878,0,0,0
0.03874532641523786,0,3,31.46922440081018,0,0,0
0.005516233688229077,0,4,37.77286062433082,0,0,0
0.003009952950049417,0,2,20.41861828984477,0,0,0
0.010597052020360431,1,3,36.11251948939382,0,0,0
0.005044336584751734,0,3,36.782109514419986,0,0,0
0.0012712797695701634,1,2,35.21341065671049,0,0,0
0.0012490097229703612,1,3,35.955883141657196,0,0,0
0.02027287768688512,1,3,23.51736343766823,0,0,0
0.0020262731456336344,1,2,32.398593781718695,0,0,0
0.006620107238405071,0,2,121.56061824490874,0,0,0
0.008934296805836692,0,2,28.701695773716192,0,0,0
0.002074045629822331,1,4,27.764946543872544,0,0,0
0.12184609515116829,0,3,33.895540813721254,0,0,0
0.01410740569614116,1,1,41.94201169432415,0,0,0
0.02470373347681035,1,2,28.355991522153985,0,0,0
0.010279457125334051,1,2,26.56115619380123,0,0,0
0.0010112478558353174,0,3,20.22125794983708,0,0,0
0.01895362522253997,1,1,112.5983945970643,0,0,1
0.008932335170123215,1,2,17.474135519501395,0,0,0
0.0008477950593561995,1,3,36.83516666969216,0,0,0
0.008043307746722725,1,1,29.371627466243794,0,1,0
0.003853318528126165,0,1,29.792593312513016,0,0,0
0.0878425768891601,0,3,29.125452827280313,0,0,0
0.0019770128793561476,1,3,27.665023855006062,0,0,0
0.012180725473685336,0,0,37.337427593551325,0,0,0
0.07529694362596553,1,4,35.22701343885784,0,0,0
0.02370086642686126,0,0,31.890195259980818,0,0,0
0.0032971368134107914,1,3,29.932246041704012,0,0,0
0.0217302258644452,1,1,27.968304226066948,0,0,0
0.025517151939659078,1,2,29.536847247989854,0,1,1
0.004800820597712928,0,4,156.00390257611883,0,0,0
0.005830546754103975,1,3,36.35954543921798,0,1,0
0.06716765500687027,1,2,35.657161469175115,0,1,1
0.05739884783369727,1,1,32.00160475356799,0,0,0
0.005150620797984464,1,0,39.49123103467887,0,0,0
0.0019340066514005206,0,2,26.73211806068956,0,0,0
0.004584003470205266,0,3,27.248821711815694,0,0,0
0.017289201371028087,1,1,32.64822606459704,0,0,0
0.006221375203845521,1,0,22.581686884472045,0,0,0
0.016397864015406077,1,2,26.04581346328765,0,1,1
0.0010476668807200644,0,1,35.11761237421626,0,0,0
0.08712919726087588,0,3,37.43079030406072,0,0,0
0.031686640228824454,1,1,37.087825931888666,0,0,0
0.030440764847096125,0,1,29.139713220733128,0,0,0
0.004380310904332581,0,1,32.82370574460247,0,0,0
0.015602567911590239,0,6,25.719008798114963,0,0,0
0.0041503319056341,1,4,22.22924886123562,0,0,0
0.012677962637558438,0,0,21.706318844668203,0,0,0
0.004810666911865519,0,2,27.130829714733473,0,0,0
0.011643656668001396,0,1,36.38087283463747,0,1,0
0.010541624758907025,0,2,40.4164698460376,0,0,0
0.046631120400594854,1,0,28.64201971242599,0,0,0
0.0316917408108024,0,3,33.870203370133595,0,0,0
0.06219189719137302,0,0,31.784481152392985,0,0,0
0.07738708084549228,1,1,26.904233470411175,0,0,0
0.19949568822509162,1,3,32.35207467176077,0,0,0
0.022756950450077168,1,2,23.230132712469896,0,0,0
0.00012772049626602968,0,2,25.3586446582892,0,0,0
0.003482613760161867,0,1,41.53164508271017,0,0,0
0.016036124546551154,1,2,39.38071048531691,0,0,0
0.00943509934143792,1,2,35.83735099358991,0,0,0
0.006141905283751385,0,2,29.96394186447306,0,0,0
0.010216405539421386,0,0,128.3156391511809,0,0,0
0.2067241658108039,1,3,35.09869998602798,0,0,0
0.01695692648615856,0,4,22.70464717700379,0,0,0
0.014623142170599375,1,1,28.933999109064473,0,0,0
0.007389837892488969,1,3,36.60624895493568,0,0,0
0.0034290402142775496,1,1,36.94020494109607,0,0,0
1.5283268777586108,0,2,30.778965615933313,0,1,0
0.0065326938207130175,1,1,27.251333069663673,0,0,0
0.007277652020232162,1,2,35.031543708087376,0,0,0
0.008403322157316517,1,3,25.950784679351113,0,0,0
0.002151149439354279,0,3,32.877156089245204,0,0,0
0.0068619931416313475,0,1,34.50786320907833,0,0,0
0.008973956412054685,1,2,32.54080048035564,0,0,0
0.008774888670488225,0,1,20.5554127683693,0,0,0
0.0024190585521647614,0,2,33.59428938077528,0,0,0
0.018517835103016966,0,0,37.50564685655607,0,0,0
0.013224401844683188,0,5,31.52579733168811,0,0,0
0.00027471922299315084,1,2,33.44580071898753,0,0,0
0.0030918033876510017,0,2,31.775980016793465,0,0,0
0.000757671637970475,0,1,36.637661992303634,0,0,0
0.008967250529915219,0,2,32.23277577206256,0,0,0
0.001681597336767566,0,1,28.114005131468694,0,0,0
0.11298042613585751,0,4,23.883286323075136,0,0,0
0.0002619056132701186,0,2,32.09706163751411,0,0,0
0.006114827780178723,1,3,34.25769221523883,0,0,0
0.0017037807297558302,0,0,36.28254349296141,0,0,0
0.0009816134220050944,1,2,30.63220720640393,0,0,0
0.006395469810572366,0,1,82.58670505861018,0,0,0
0.006700666444182487,1,5,30.072872517527838,0,0,0
0.007944867753159437,0,2,32.908261608788465,0,0,0
0.010169563437108961,1,1,33.83957499001244,0,0,0
0.005525345927221803,1,1,29.831707910120866,0,0,0
0.06664600632347449,1,4,34.499339914380016,0,0,0
0.026114468305314133,0,0,33.16808155726939,0,0,0
0.011448685425156768,1,1,37.14381419319842,0,0,0
0.012888785413853151,1,3,36.386087225277215,0,0,0
0.010571885014149419,1,4,33.29582820743595,0,0,0
0.011994588840561786,1,3,150.7146133438198,0,0,1
0.0244892677928316,0,3,37.40808843914976,0,0,0
0.004119107653828926,1,3,33.566162342538384,0,0,0
0.1435337578342082,0,0,37.42001874459619,0,0,0
0.005498160576434357,1,6,34.34415146040438,0,0,0
0.005131623056458725,1,1,40.1032829444183,0,0,0
0.0377016919568179,1,2,25.6090613661123,0,0,0
0.0018818578303446557,1,1,29.64724048375931,0,0,0
0.002321026764290358,0,2,25.18867213554195,0,0,0
0.0004113178689270595,0,3,30.108483543332127,0,0,0
0.016723257151677575,0,2,142.85769958456,0,0,0
0.0023960144600816895,0,1,96.36983725876449,0,0,0
0.03260508162275883,1,3,29.697505834843696,0,0,0
0.10972976181942032,1,4,37.829721222317154,0,0,0
0.005470901298328467,0,0,24.042443411845248,0,0,0
0.011743165750361518,0,2,32.632855208077714,0,0,0
0.0017594660869699119,1,4,132.38566966722405,0,0,0
0.007445545905985696,1,2,23.885301224582136,0,0,0
0.023345784558774195,0,3,30.207401537803968,0,0,0
0.03788890564977232,0,1,18.943179217613583,0,0,0
0.017950179760715338,1,2,28.118732844490548,0,0,0
0.0012197642530598423,1,2,24.702457901711046,0,0,0
0.02188077856202631,1,1,24.692574579755295,0,0,0
0.0019437156187353181,0,0,47.34943344329588,0,0,0
0.011833841184291052,1,1,31.570040815754176,0,0,0
0.0007015815381538751,1,3,28.87020618405242,0,0,0
0.004330889882904028,1,0,26.591388923629378,0,0,0
0.038703397762643865,0,2,29.606120452685037,0,0,0
0.0036915435086941205,1,1,24.30479899753682,0,0,0
0.004211480863387989,0,2,32.16052799848195,0,0,0
0.05856672283152299,1,2,29.430719296080806,0,0,0
0.028868119407291223,0,4,30.471687126061763,0,0,0
0.060285414471627725,0,1,33.90826108532263,0,0,0
0.005618862142462403,1,3,27.10498626062221,0,0,0
0.0025347874060021062,0,1,36.72268606370696,0,0,0
0.0022529153307089527,1,0,27.862934180112802,0,0,0
0.008800898395865862,1,1,23.609225776623642,0,0,0
0.07621651661372908,0,0,33.23903256306509,0,0,0
0.05098058406828628,0,5,33.01330778144221,0,1,0
0.006854952233079467,0,4,36.19563614682959,0,0,0
0.00266649966906378,0,3,31.771867297603016,0,0,0
0.012223692087079147,1,3,28.033513396005976,0,0,0
0.005598878258811925,0,1,21.936615504414394,0,0,0
0.04603123150421211,1,2,21.480539834374802,0,0,0
0.024927144234120215,1,2,35.72309755420899,0,1,1
0.0003248767775158958,1,1,36.09889709137693,0,0,0
0.0004079770489584767,1,5,22.542527915923934,0,0,0
0.004411088288145364,0,2,35.53678551141759,0,0,0
0.003128428304144799,1,1,19.263202434607443,0,0,0
0.015870226174371577,1,0,28.935231553430974,0,0,0
0.0029345154505725935,1,3,23.72051946748695,0,0,0
0.016242626811049717,0,3,130.5739448349398,0,0,0
0.006722897153551214,0,4,30.483306203730336,0,0,0
0.03956938174503866,1,1,23.12846443485786,0,0,0
0.0019310073076700724,0,4,183.865474815402,0,0,0
0.0026030251503083184,0,0,21.30920880637965,0,0,0
0.08207515495121695,0,1,26.468173791127107,0,0,0
0.007143096491799757,0,2,21.923864406574115,0,0,0
0.04316098018323018,1,1,32.785508973575794,0,0,0
0.0008529873291892541,1,5,34.609423430897316,0,0,0
0.0495498197920423,0,3,32.67979390660513,0,0,0
0.011732416797799492,1,0,32.86388922745779,0,0,0
0.0030692348059435486,0,4,32.97728811130625,0,0,0
0.0010893565567828987,1,2,27.944151477379283,0,0,0
0.03657369157922285,0,3,18.057089726447703,0,0,0
0.00283585426697306,1,2,39.84525621056349,0,0,0
0.01009434945521383,0,2,30.061089003569833,0,0,0
0.01173470637246316,0,3,32.02751389572108,0,0,0
0.0004194501163485128,1,1,28.823310740725017,0,0,0
0.04439949939043276,0,2,29.357258331580308,0,0,0
0.004205374207553345,1,0,28.053057106217683,0,1,0
0.0022394393583272595,0,4,32.22021752777732,1,0,1
0.00406672187665085,0,2,30.867742974493346,0,0,0
0.025759902544621884,1,1,23.336005104311734,0,0,0
0.004714309973121384,1,1,30.093287420641,0,0,0
0.20086589533466248,0,0,155.19967745894314,0,0,0
0.005686074726069248,1,4,25.34754023016263,0,0,0
0.030143330653697845,0,2,31.71617093292162,0,0,0
0.016941193998493448,1,0,35.05544875057634,0,0,0
0.013333650309686963,1,1,34.438364177379206,0,0,0
0.0031761593082229845,0,0,27.760273012422473,0,0,0
0.007948598900694985,0,0,27.23755023119721,0,0,0
0.0432660558993839,1,3,25.940964360445296,0,0,0
0.006839301121713188,0,5,30.01381322838275,0,0,0
0.008165785243231584,0,1,22.11817625208425,0,0,0
0.007043780602595042,0,4,23.060720734299082,0,0,0
0.002046748303624097,1,1,32.71671892102988,0,0,0
0.007409753982080135,1,2,26.158869407419623,0,0,0
0.009339554737659836,0,1,22.958474483154603,0,0,0
0.0008102329444824378,0,3,32.32030143566504,0,0,0
0.00324640307882807,0,4,29.280851381780092,0,0,0
0.0007086539627908444,0,1,33.11550793221009,0,0,0
0.23337333553030598,1,1,26.419220116428644,0,0,0
0.0015996819972016036,0,4,26.7580995524755,0,0,0
0.007034381081949409,0,2,35.129859085539124,0,0,0
0.0014877134700741446,0,4,24.700221396505636,0,0,0
0.004088354751763711,0,0,34.37661868542232,0,0,0
0.0029922630434550293,1,1,19.677353358451214,0,0,0
0.00025705796689517383,0,2,31.242886929780113,0,0,0
0.006462502610895622,1,2,32.17659575751561,0,0,0
0.01892261111813711,0,1,131.57124649951234,0,0,0
0.0119947768901931,1,0,28.758761089911747,0,0,0
0.014860946579760344,0,2,27.711316248381095,0,0,0
0.017162213326419717,0,3,30.92756216398132,0,0,0
0.002458223997657488,0,1,31.75118586359215,0,0,0
0.0014001542658311275,1,4,32.66523308910227,1,0,1
0.0797587697379495,1,5,27.517044710916313,0,0,0
0.3397177903207022,1,1,28.903166070833638,0,0,0
0.004468857116434628,1,3,27.993354440981186,0,0,0
0.023915934197197584,1,0,32.20306369699615,0,0,0
0.007333706680339084,1,1,28.99785930024998,0,0,0
0.0012256819977559232,1,0,24.089831488151184,0,0,0
0.0001408789956142929,0,1,35.26186106440541,0,0,0
0.011549204675936606,1,6,36.432224462780674,0,0,0
0.029354625893070842,0,2,31.620681182193223,0,0,0
0.020382972133237767,1,2,29.713838321489156,0,0,0
0.00280252430535924,0,0,26.82209448428193,0,0,0
0.041323150061895714,0,4,28.393548494871425,0,0,0
0.0058340224103684436,0,2,30.69766714917565,0,0,0
0.000895437853116583,0,1,34.90141244304446,0,0,0
0.034949276059080235,0,2,27.847087855800993,0,0,0
0.0085181918392713,1,1,19.340593338307727,0,0,0
0.024049407859348285,1,2,20.92302613931593,0,0,0
0.007489791455686833,0,3,36.80680749006512,0,0,0
0.38291538085407806,0,3,14.993058285462865,1,0,1
0.004334851793068031,0,2,23.721769823514943,0,0,0
0.005254449195346377,0,1,33.46156002644422,0,1,0
0.00030841279234841706,1,1,34.41195290042217,0,0,0
0.05216803034880112,1,2,32.014016676978706,0,0,0
0.025912300498070962,1,0,19.52796133860482,0,0,0
0.009374238513360052,1,2,30.83886234594875,0,0,0
0.006617291956400004,0,2,42.899359792148104,0,0,0
0.016799991914596666,0,1,38.14590439373217,0,0,0
0.00044561217306892845,1,2,28.39908164051959,0,0,0
0.005910933474172219,0,2,26.982607845526534,0,0,0
0.0009065561467569508,0,1,32.65087622734818,0,0,0
0.012339927668581876,1,6,27.64977232679293,0,0,0
0.0004380821132664298,1,2,32.19569971858602,0,0,0
0.001870154209755414,0,1,28.207107309769228,0,0,0
0.036752120757767834,0,2,32.323610458597436,0,0,0
0.004872322740909227,1,3,36.62417430084134,0,0,0
0.0011020317420245018,0,1,37.69618173686792,0,0,0
0.015669680935958656,1,5,26.26024071655959,0,0,0
0.039379973146194895,1,1,31.759455185680515,0,0,0
0.0049334252257246,1,3,28.48765987925957,0,0,0
0.00496301807798024,0,0,20.610867438717037,0,0,0
0.001964396416475091,1,4,28.554253004603588,0,0,0
0.002268400033268872,1,3,36.44809845272659,0,0,0
0.0010446971480474005,1,1,37.16804103663917,0,0,0
0.0012852685895445406,0,4,33.10233533583066,0,0,0
0.1133473445729792,1,0,31.604734294222162,0,0,0
0.008960943738215646,0,1,30.497886569541286,0,0,0
0.0014568346196220999,0,2,31.93602317959668,0,0,0
0.0030804032879122984,0,0,24.67354244305414,0,0,0
0.0026803824266128707,1,5,24.086462973784727,0,0,0
0.030218233302460307,1,0,23.4056334706073,0,0,0
0.030918556098240554,1,2,26.6701854085706,0,0,0
0.004793632717979953,1,6,30.631720178670076,0,0,0
0.0042568482423935225,0,5,31.45963562576352,0,0,0
0.001117050526294831,1,3,28.029057017274972,0,0,0
0.004482084261211648,0,4,22.70208960170123,0,0,0
0.012754280973005934,1,1,23.710556380951484,0,0,0
0.004819013384211511,0,2,27.932086892918967,0,0,0
0.013725605901643501,0,1,31.018581651042116,0,0,0
0.019397117798138866,1,1,27.41113162009624,0,0,0
0.0038851857128994675,0,1,20.057703069195007,0,0,0
0.004376882190979391,1,1,34.7956611217656,0,0,0
0.004838691474795515,0,0,25.654303067915947,0,0,0
0.0030704489660457646,0,3,29.31815671684426,0,0,0
0.00217314752203732,1,3,23.002214572609194,0,0,0
0.004046878724224707,0,1,30.635064536228253,0,0,0
0.028174494818969505,0,2,25.095162658633093,0,0,0
0.04326897248627719,1,3,37.38454341427875,0,0,0
0.0018266237319087483,1,5,20.655425132641348,0,0,0
0.003035929941488218,0,3,24.088833613213943,0,0,0
0.014236317682829321,1,2,31.391977563599628,0,0,0
0.024391994943664768,0,3,29.31700794754317,0,0,0
0.006281593731491682,0,1,19.25015543434083,0,0,0
0.004387360348949661,1,1,25.99101542867859,0,0,0
0.12278066679273854,0,2,102.4911461479268,0,0,0
0.09348527616445594,1,2,38.68258863280007,0,0,0
0.00024100102939921447,1,2,29.98154334160534,0,0,0
0.005426254503278433,0,2,31.929396959938654,0,0,0
0.0029809282508061617,0,2,34.2799579024104,0,0,0
0.00915162155005679,1,2,28.728909151506247,0,0,0
0.11843487838260534,1,1,29.23595954215767,0,0,0
0.005386982221261483,0,2,33.09318510289242,0,0,0
0.0013901127886374997,0,2,35.07320048144305,0,0,0
0.002297284306799338,1,0,32.165518082942306,0,0,0
0.012627679013620443,0,2,31.451682022933927,0,0,0
0.005399889400216772,1,0,21.31304334759171,0,0,0
0.006600381465571235,1,4,32.93585587627361,0,0,0
0.0018024382674069928,0,1,22.336311090608056,0,0,0
0.007017807814019122,1,2,25.53288449332765,0,0,0
0.12131811646297787,0,3,38.41430756462576,0,0,0
0.007990496296870693,0,2,31.2768156230998,0,0,0
0.008707201241358717,1,2,129.76452601920496,0,0,0
0.024614795339837403,0,1,39.271045681841855,0,0,0
0.005377729646735217,1,0,23.046369221447353,0,0,0
0.006925787284934609,0,1,26.415291272580053,0,0,0
0.0013040792351985107,1,1,21.11337361513405,0,0,0
0.0031144432165824834,1,3,31.449593503264758,0,0,0
0.006268825938363096,0,2,35.42489881916494,0,0,0
0.014922716598237231,0,2,32.635442508463946,0,0,0
0.0034008303719165974,1,1,35.37009057316866,0,0,0
0.008377105614305486,1,1,31.673694535885012,0,0,0
0.07062177786426951,1,2,30.234284065302425,0,0,0
0.012523554522819585,0,3,36.89265394118608,0,0,0
0.004163676853865827,1,4,32.95801840483508,0,0,0
0.0016048306871955036,0,1,29.402580911774432,0,0,0
0.006544610237761855,0,0,39.98110324773605,0,0,0
0.00011887085344241263,0,2,29.61537205625472,0,0,0
0.004595724975092335,0,2,35.05953449821614,0,0,0
0.026002452750640306,0,0,28.248860020341773,0,0,0
0.0028222611034404124,1,3,35.38096870048784,0,0,0
0.0012722023451075463,1,3,38.544180451179216,0,0,0
0.0019629282549668103,1,1,29.267197757787734,0,0,0
0.030115627295301654,1,6,29.90731729025009,0,0,0
0.013257417282909608,1,1,30.585409952475402,0,0,0
0.002442608276250112,0,4,30.42698839273349,0,0,0
0.0534447443671657,1,2,26.20045361720586,1,0,1
0.011195894056949695,0,3,31.759537483465202,0,0,0
0.0048954104701723076,1,3,23.51901626149941,0,0,0
0.005774278443037427,1,3,40.20867671035768,0,0,0
0.00030998117292209827,0,0,30.125670686496107,0,0,0
0.005449687294206041,1,2,30.29726684245654,0,0,0
0.0055304599136276325,0,1,20.388353210596545,0,0,0
0.010253175262211882,0,4,29.686958483798804,0,0,0
0.0010458680991650812,1,0,22.05101711916795,0,0,0
0.0032778202701739837,1,3,32.23806410096769,0,0,0
0.16437061931663785,1,1,28.174599039104947,0,0,0
0.0020236799994043674,1,4,28.427580783145306,0,0,0
0.03799495137818938,0,0,21.025840226538808,0,0,0
0.008343517272045846,0,3,25.577369106115,0,0,0
0.029183129129612753,1,1,32.24547302868812,0,0,0
0.15137968030513269,0,2,23.885802256861115,0,0,0
0.02081648280290233,0,1,32.98992242022858,0,0,0
0.03846582708077918,0,2,35.0746069093265,0,0,0
0.0013762994292337803,1,3,33.5500280703119,0,0,0
0.015156078272682848,1,2,28.696948714962847,0,0,0
0.024576911371162392,1,5,23.20099871796156,0,0,0
0.0015618514388567404,1,1,23.680433621144044,0,0,0
0.008153484267386726,1,6,38.62840804148996,0,0,0
0.004959754683080358,0,0,32.2535644420118,0,0,0
0.0019373062946418155,0,1,27.306835967088496,0,0,0
0.006178932188523927,0,3,25.125775164282054,0,0,0
0.021958245165299158,0,3,38.143574119265516,0,0,0
0.012346505766477313,1,1,29.348291669483473,0,0,0
0.0058873503827931795,1,1,24.44557228796918,1,0,1
0.22458985093393072,1,1,22.451034848418793,0,0,0
0.006831548743803424,0,1,33.342551231566446,0,0,0
0.006822183279839135,1,1,32.33994780814368,0,1,0
0.010978895057507605,0,1,26.41134249187101,0,0,0
0.010256771360811434,0,1,34.56973801692738,0,0,0
0.00034702676809193403,1,1,23.515279927694674,0,0,0
0.03079615827390492,0,1,33.99417683792146,0,0,0
0.004223770696141003,0,3,29.040168341252688,0,0,0
0.002332979490223996,1,5,29.938311641086255,0,0,0
0.0017719793780611736,0,3,36.95963927234698,0,0,0
0.000957237946226168,1,1,26.925413143612136,0,0,0
0.0046536278252823126,1,4,37.215329891906606,0,0,0
0.000635925771613373,0,5,33.15602189355833,0,0,0
0.0009406487458410877,0,2,26.62814640821172,0,0,0
0.0022202435688977707,0,1,36.77433157120209,0,0,0
0.013005316494674558,1,2,30.002160914865083,0,0,0
0.020053022016161066,1,1,26.381220630336294,0,0,0
0.0034109509313307385,1,3,34.73011429759986,0,0,0
0.00796787335030519,0,1,25.741364750189994,0,0,0
0.0004508935195107139,0,2,29.718526991437464,0,0,0
0.04287553043195628,1,2,26.54618317377338,0,0,0
0.013414006419849992,0,1,40.465049477205454,0,0,0
0.04129485040826868,1,2,25.88972927137677,0,0,0
0.004729559489660639,0,2,27.939711358311296,0,0,0
0.008843784512726952,0,4,39.81741418772517,0,0,0
0.008574033913139637,0,1,29.546453413379815,0,0,0
0.0018090826009747115,1,1,29.77865266182448,0,0,0
0.012503716055292227,1,3,28.497362724752758,0,0,0
0.016898658973625972,0,2,32.57172514091391,0,0,0
0.007943692649133536,1,6,30.117844342642925,0,0,0
0.044905785310591785,1,4,26.67643160128028,0,0,0
0.002036287426488876,0,0,30.57705122749321,0,0,0
0.011604950916061918,0,1,34.642193748222866,0,0,0
0.0015941358965036233,0,4,40.04580487080382,0,0,0
0.008139518459312213,1,1,35.570738484730356,0,0,0
0.021897964389390095,0,0,30.406471582458565,0,0,0
0.009854951652239098,0,0,26.001147528449415,0,0,0
0.004695157770826411,1,3,27.310599998506188,0,0,0
0.0009292303452429717,0,5,37.75020220386195,0,0,0
0.008742947173337842,1,2,33.101419781874796,0,0,0
0.005097752330119063,0,2,29.81846742415958,0,0,0
0.00679301768813562,1,2,117.70259584465678,0,0,0
0.008380302406116648,1,2,38.562307044956334,0,0,0
0.0002933401731428303,0,1,24.85383359228949,0,0,0
0.013746902182494644,0,3,27.652962917581842,0,0,0
0.016612332599735297,0,1,40.628446584406746,0,0,0
0.0027794444681297375,0,1,25.763427875928265,0,0,0
0.3063741865194136,0,3,43.07212352004581,0,0,0
0.0533523272636324,1,1,33.75543838336319,0,0,0
0.0035748064421870242,0,2,34.49064571939615,0,0,0
0.0015548956271528558,0,0,31.803987980475135,0,0,0
0.0004252953595361697,0,2,17.63112547324979,0,1,0
0.005900616570013402,0,0,34.71052695301722,0,0,0
0.0005045930521586101,0,2,33.03243638122821,0,0,0
0.002044308736154664,0,1,23.988327499022333,0,0,0
0.02317881402332837,1,2,25.1252330641365,0,0,0
0.0020757367384816195,0,1,34.36401360485619,0,0,0
0.0013322023100557573,1,1,35.94420577053309,0,0,0
0.0013767925142405247,1,4,25.13027752183321,0,0,0
0.0021327832978295627,1,2,32.83134265569588,0,1,0
0.004896515210800047,0,1,32.066911884206476,0,0,0
0.020493426731910767,0,4,25.308459509852486,0,0,0
0.017815236104986653,1,2,31.438964942823628,0,0,0
0.005742986647647975,1,3,31.67610715329298,0,0,0
0.011783538702411351,1,3,28.34333557141727,0,0,0
0.0002402098198244554,1,1,36.09137646996554,0,0,0
0.01807480984839546,0,0,31.076714943558347,0,0,0
0.0015236611744945173,0,0,32.482128174370786,0,0,0
0.000947554892203496,0,1,27.52295713679003,0,0,0
0.06234543628677224,1,3,32.40314321477306,0,0,0
0.0053424405244404975,0,4,36.06083977341736,0,0,0
0.003025447224841134,0,0,28.720727112467983,0,0,0
0.004413510195824029,0,1,27.05814133076328,0,0,0
0.02797982096699781,0,2,23.871566041158285,0,0,0
0.009606751777051893,0,1,28.373954892450374,0,0,0
0.012463073510642759,1,0,21.424611308996347,0,0,0
0.014269474741227929,0,1,34.84110182543679,0,0,0
0.0179626112497752,1,1,27.87126967170624,0,0,0
0.0388090964002498,1,3,22.36610312852237,0,0,0
0.0041004338184592055,1,3,28.4554610630699,0,1,0
0.04553082562357265,0,1,36.47695386078056,0,0,0
0.009410117994760969,1,2,27.94383587383885,0,0,0
0.03236741191401769,0,2,26.08366634778409,0,0,0
0.010843909298939794,0,1,28.592850378423787,0,0,0
0.00907430070038782,0,3,27.228661748942255,0,0,0
0.0004184945502974084,1,5,34.78482748142218,0,0,0
0.010630370150841905,1,1,26.94766172665356,0,1,1
0.022237669163141686,0,1,31.2438216971862,0,0,0
0.0013585034893159507,0,4,30.30186617201198,0,0,0
0.003818779250349929,1,2,30.021341323696678,0,0,0
0.008165332127229114,0,5,29.93814618941659,0,0,0
0.015204738436538188,0,1,35.80805770269176,0,0,0
0.007095079329366802,0,2,30.9739005504613,0,0,0
0.0031770463708587896,1,4,28.416147084314726,0,0,0
0.0003559712191352698,0,3,30.346111528326954,0,0,0
0.0007020155457115782,1,2,35.55946938427554,0,0,0
0.042108122410811945,0,2,28.067944710127925,0,0,0
0.00828581315611098,0,0,22.737194935201348,0,0,0
0.002624499168460631,1,4,29.636079393104048,0,0,0
0.0017738910074650983,1,2,38.514179807282616,0,0,0
0.0007061377632708654,1,0,26.34917196222579,0,0,0
0.003151180348140409,1,2,31.401457141721636,0,0,0
0.011915227632624311,1,0,26.753708856791206,0,0,0
0.003186513852998885,1,3,30.549021422088156,0,0,0
0.04476558497555514,1,1,32.1695961131308,0,0,0
0.0028986527558126866,0,1,29.089114457223463,0,0,0
0.16726368824286533,0,0,33.789407398528056,0,0,0
0.00714073266795806,1,2,34.28873451300179,0,0,0
0.004896467947488824,0,0,31.028169979773015,0,0,0
0.018690920569104295,1,3,33.2292776554817,0,0,0
0.07076444099817157,0,1,25.481768137075118,0,0,0
0.027769428905837307,1,0,34.11117910363004,0,0,0
0.0004779388838248741,0,2,31.615502848510232,0,0,0
0.03897929276150631,1,1,28.48602929151681,0,0,0
0.002076175284070464,0,4,32.19996551289422,0,0,0
0.001133712646644613,1,2,28.289696411354427,0,1,0
0.001099868993206378,1,3,27.658334738858123,0,0,0
0.010139514696102156,0,3,39.405603313166814,0,0,0
0.0009127345817985458,0,0,32.06818997184733,0,0,0
0.00850096059115194,1,1,25.17364842961905,0,0,0
0.006616750953774801,1,4,29.91349143032831,0,0,0
0.003178057248350571,0,3,32.88791122837974,0,0,0
0.001997576084212031,1,4,28.04420293340429,0,0,0
0.006267032241291958,0,1,30.82910905714532,0,0,0
0.020283845408209815,1,3,33.071579212703305,0,0,0
0.0013994958783647032,1,1,20.47495182671359,0,0,0
0.0005719594448143562,0,4,32.064699950917316,0,0,0
0.0010576928114360232,0,1,37.76480345884106,0,0,0
0.0008816515380222983,0,2,30.27884708775825,0,0,0
0.004002209394629699,0,2,28.178367774804205,0,0,0
0.0003351952763711148,0,6,31.688688177100083,0,0,0
0.013169567820080342,1,1,29.16499677633055,0,0,0
0.0018417227420208311,1,1,22.2206538412405,0,0,0
0.11280971445406439,1,1,27.770768605521354,0,0,0
0.014223312197988277,1,3,28.68660981871364,0,0,0
0.028984583071389007,0,3,21.409294365218585,0,0,0
0.02783036799354857,0,3,36.220709719271056,0,1,0
0.0021703185224251405,0,4,27.151082822703636,0,0,0
0.003066974504587166,1,1,142.06560100234483,0,0,0
0.04203179946778316,1,2,35.839988771168095,0,0,0
0.0006762634869377197,1,2,36.45459195014227,0,0,0
0.019534655512002754,0,4,25.370781564401554,0,0,0
0.00979075420915667,0,3,34.03128631426475,0,0,0
0.00041129840608101033,0,2,35.796679172374056,0,0,0
0.0020620676365596053,0,2,18.458245201689074,0,0,0
0.0016556030421176018,1,2,29.59195544523903,0,0,0
0.016894543307933607,1,1,29.603148115225824,0,0,0
0.0028983717472330583,1,1,30.70190821780789,0,0,0
0.009925702624450148,1,1,27.69352497803197,0,0,0
0.002909876801862705,1,5,36.52596915306698,0,0,0
0.046043987867006135,1,2,24.69566346020297,0,0,0
0.0020718997374206457,1,1,31.074313272691604,0,0,0
0.026513134179728334,0,5,35.20298332731041,0,0,0
0.03535995434507122,1,1,27.065313589775535,0,0,0
0.12217016029104771,0,3,27.72662439486543,0,0,0
0.0017836471420196152,0,2,189.240174036097,0,0,0
0.0025202714348142095,0,3,29.966813619504283,0,0,0
0.006513756576979199,1,3,13.710429916486046,0,0,0
0.016845371763558038,1,1,29.21939831247465,0,0,0
0.0069691301504588325,0,2,28.236263270617854,0,0,0
0.011007372852755458,1,2,31.427015429706653,0,1,1
0.00012925660481125363,1,3,31.076646442092542,0,0,0
0.003943037895543433,0,2,33.52018399050719,0,0,0
0.027689183584565645,0,3,26.687672930577804,0,0,0
0.00427322315910703,0,3,28.166670449899506,0,0,0
0.011557066915102662,0,1,85.15787008590237,0,0,0
0.04104451300294938,0,1,27.21089613093532,0,0,0
0.005138657425407165,0,7,34.70717478445035,0,0,0
0.004506463804757985,0,0,34.28593372600381,0,0,0
0.024412066933463955,1,3,26.90356263590867,0,0,0
0.002860696460395046,1,2,26.966806163268654,0,0,0
0.007364587569561615,0,2,33.57512401417054,0,0,0
0.008293700049252567,0,2,18.818468467812927,0,0,0
0.0013703140593431336,1,4,33.19121013852482,0,0,0
0.019727212426227377,1,4,28.91556174557495,0,0,0
0.035318200714096616,0,0,18.81176329934977,0,0,0
0.0019397691929421315,0,1,31.95596133095336,0,0,0
0.0448655553769015,0,2,27.539124409818296,0,0,0
0.00285760710048869,0,3,33.19701021486811,0,0,0
0.3030926400756139,0,1,38.242345474947214,0,0,0
0.001196599397393217,0,1,34.45082826205496,0,0,0
0.006960842512964075,1,6,22.596005117766985,0,0,0
0.00605344210286549,1,2,31.176938590330742,0,0,0
0.23551152918146165,1,3,21.463225685095573,0,0,0
0.0042804965806443615,0,2,33.77293072284293,0,0,0
0.0031620132022069946,1,2,37.67705719467846,0,0,0
0.029961678103160465,1,3,38.811844781672114,0,0,0
0.009549397034568674,0,0,34.55796581919285,0,0,0
0.0012148037346886408,1,1,27.034253135603308,0,0,0
0.003543358776120242,1,0,31.50868799321686,1,0,1
0.0022929546438327396,0,2,27.907935221829437,0,0,0
0.011154326302255692,0,3,23.599087056840943,0,0,0
0.010360103721214334,0,2,25.398242985341426,0,0,0
0.03782573927451306,1,2,38.03551544620373,0,0,0
0.038104240683557014,1,2,29.11241478652223,0,0,0
0.01252180501077205,0,2,23.526692286070897,0,0,0
0.024779456612488877,1,3,38.710695915946275,0,0,0
0.000854058223457995,1,5,132.13263207818358,0,0,0
0.07749665492346867,1,2,34.17011446976074,0,0,0
0.00036986642986096133,0,0,26.189046599347957,0,0,0
0.005966798276904203,1,0,24.36996346455129,0,0,0
0.016931803145227516,0,4,110.90411185544254,0,0,0
0.0028496013443781317,1,2,31.85701247669768,0,0,0
0.004007232817694844,0,1,107.59256632471809,0,0,0
0.001015852420565611,0,1,27.963757929453497,0,0,0
0.005393498790503863,0,1,39.47424740975978,0,0,0
0.0759392178092703,1,5,34.34964638744339,0,0,0
0.005919582682203949,0,2,21.646717701050978,0,0,0
0.011570365146245425,1,4,36.09371482871248,0,0,0
0.0004618929014123555,1,2,28.618271388211458,0,0,0
0.0004787276004503002,0,2,23.667884573815517,0,0,0
0.07189069816982971,1,4,28.15633509148712,0,0,0
0.008420537290717692,1,1,30.57731112908036,0,0,0
0.015602944018231221,1,1,89.14779042560903,0,0,1
0.005687216142307424,1,0,28.634318328939262,0,0,0
0.014966008079067427,1,1,31.70873860701773,0,0,0
0.011676447290914488,0,0,24.460572994935504,0,0,0
0.008186525134275402,0,4,29.516180686965573,0,0,0
0.003649861729351117,1,3,30.48792314379964,0,0,0
0.0010153802894867733,0,0,20.45571035342711,0,0,0
0.004130530402357432,0,1,34.16187699935154,0,0,0
0.018311900169194296,0,4,24.47613602974173,0,0,0
3.588068759116923e-05,1,1,37.431591299212734,0,0,0
0.01663980366038344,0,4,34.522312474459476,0,0,0
0.002193482215454748,0,1,32.35130230313293,0,0,0
0.008209486302453236,0,2,31.220459430458632,0,0,0
0.0011957501745268084,1,1,32.60925956212057,0,0,0
0.14464536073810194,0,3,36.01371996837942,0,0,0
0.0014818548787997007,1,0,26.765350883666308,0,0,0
0.11645155906956428,1,4,33.612371825024645,0,0,0
0.01466868505867067,1,2,35.41112092973393,0,0,0
0.0004909742682413403,0,2,33.8075505920551,0,0,0
0.0034135436146233724,1,1,29.02534198112936,0,0,0
0.02429602501111637,0,1,23.60790575885609,0,0,0
0.0012339090432591274,0,2,28.12062580971017,0,0,0
0.08814773890551056,1,3,26.683080463876774,0,1,1
0.0016543981846457343,0,1,26.71642118731093,0,0,0
0.1707040997778225,1,1,168.07907854580816,0,0,1
0.03129158281220933,0,2,27.572727786401703,0,0,0
0.006417441311265867,1,1,33.589709571395865,0,0,0
0.00827466373899547,1,2,28.599889954284397,0,0,0
0.013789828645099518,0,2,31.59452292348858,0,0,0
0.0007745821651395697,0,1,23.100264496960886,0,0,0
0.20285091684447237,1,2,22.765696193454257,0,0,0
0.04016958390880551,0,2,24.50527455753695,0,0,0
0.0025887311161730017,0,3,27.59511583242611,0,0,0
0.010847532770300225,0,5,28.761355444623497,0,0,0
0.005940997929384079,1,4,29.632640110874846,0,0,0
0.0027224035701862337,0,2,26.395089816548886,0,1,0
0.00015053225285924324,1,0,26.497568869341315,0,0,0
0.001317291894702417,0,3,32.129653557964616,0,1,0
0.0006659374812110026,0,3,30.917643798024958,0,0,0
0.0018535743615978651,0,3,24.385320032831125,0,0,0
0.023849635885512328,1,2,39.83686659550173,0,1,1
0.0030394255788990998,0,2,34.59536741808547,0,0,0
0.00864227348457015,0,0,24.60100601938842,0,1,0
0.006269074702023245,1,1,33.55349509030584,0,0,0
0.014075799360690224,1,4,32.70233694068334,0,0,0
0.5022982328761949,0,1,32.70731406929606,0,0,0
0.004825591720638847,0,2,24.427388459876013,0,0,0
0.007983828169620791,1,1,19.260289135513336,0,0,0
0.002037471526729791,0,0,31.064709515771032,0,0,0
0.005727129995209988,1,6,31.98450165247611,0,0,0
0.001967158221204964,1,2,30.07683399496719,0,0,0
0.00044471913966818565,0,5,30.723638841599673,0,0,0
0.003159043552564929,0,1,30.936197679762905,0,0,0
0.0008259308954298893,1,2,25.30185766771623,0,0,0
0.00269756914225299,0,0,28.989707978706623,0,0,0
0.010404294988542305,0,3,33.028216252999,0,0,0
0.0037090561045770246,1,6,35.53857269654253,0,0,0
0.008589124269966508,1,3,27.92929827293483,0,0,0
0.0005821190038763697,1,3,27.044472141085883,0,0,0
0.007215241850753135,0,2,25.72670675870807,0,0,0
0.006243020995379659,0,3,22.295943862800716,0,0,0
0.14773073159744704,0,3,27.37637011264774,0,0,0
0.008397266795234854,0,2,32.19028551244826,0,0,0
0.00281890525785314,1,2,30.83604421027025,1,0,1
0.0012196398678662246,1,2,27.798685310438035,0,0,0
0.016902144605738873,0,3,183.26385538688075,0,0,0
0.0003049334214671201,0,3,33.65805564811443,0,0,0
0.006650728645303806,0,1,34.93813011895948,0,0,0
0.004600539122263031,0,3,27.182973382009287,0,0,0
0.015815248789429717,0,2,29.308133986007448,0,0,0
0.0024280718872656377,1,1,34.69089985013312,0,0,0
0.07034205543576005,1,2,26.733737392781716,0,0,0
0.02321874644397182,1,3,132.92451340222655,0,0,1
0.006244840237089885,0,2,27.248927987027823,0,0,0
0.014351472462787897,0,1,31.332248407829624,0,0,0
0.0007045663217068436,1,0,31.140603228825068,0,0,0
0.0005642999560834868,1,1,29.479720382345622,0,0,0
0.022105147144503807,0,2,30.925054262383963,0,0,0
0.029834408125188398,0,3,31.708628166536315,0,0,0
0.01277492616473584,0,0,31.79327215922841,0,0,0
0.0027670204238651763,0,3,24.359896145616112,0,0,0
0.034167491542429505,1,2,31.82544034082092,0,0,0
0.04161658667835943,1,2,26.554018323768066,0,0,0
0.0009660793435337404,0,5,105.32576676814944,0,0,0
0.0018294322317565107,0,0,40.26209898367749,0,0,0
0.054432728849635126,0,4,28.37220791454742,0,0,0
0.0011919682220440679,1,2,19.842063376215723,0,0,0
0.00863960972792585,0,2,29.22337911424268,0,0,0
0.01847578003474205,0,0,25.291439278177858,0,0,0
0.028654099082980642,0,1,25.70852397717258,0,0,0
0.005545078697616433,1,1,27.344424222539185,1,0,1
0.03408414478463122,1,3,30.512355926506856,0,0,0
0.006893005181179229,1,0,35.82948589632633,0,0,0
0.0038484815545131944,0,1,30.804581594186043,0,0,0
0.003240813381173905,1,2,29.99442193516331,0,0,0
0.031213505353756277,0,3,28.676599362915518,0,0,0
0.0016126525711095841,1,2,19.0544408937947,0,0,0
0.21801780616585878,1,0,29.8811147687758,0,0,0
0.00528309810902338,0,2,30.348716483553765,0,0,0
0.0014438843515710111,1,2,33.81983213118391,0,0,0
0.01718807510404256,0,1,21.342113722350337,0,0,0
0.014909183782362211,1,1,40.818196466609955,0,0,0
0.010589784753872742,0,1,25.159032037533343,0,0,0
0.003105063405772941,0,3,30.103040747429077,0,0,0
0.002829702203241418,0,0,29.29285100763051,0,0,0
0.07338662484022743,0,1,43.316908962418005,0,0,0
0.003989269278911985,1,3,24.703335679498135,0,0,0
0.0010271488430655363,1,3,38.33758970896132,1,0,1
0.09633332718682996,0,2,29.296397280034004,0,0,0
0.022438180098710757,0,1,20.984664136143255,0,0,0
0.008201320668183151,1,3,41.38053172497304,0,0,0
0.005461372576194956,0,3,17.340795880215584,0,0,0
0.008552087168880331,0,4,26.960490123644924,0,1,0
0.025562213857622574,0,3,22.766420903189548,0,0,0
0.002228493329358379,1,1,31.742032436149078,0,0,0
0.009792624191538276,1,2,30.53684157369566,0,0,0
0.01605402547556806,1,0,34.25279001346011,0,0,0
0.005680451844313018,0,1,22.459349239974426,0,0,0
0.0026488942077860242,0,1,29.462026837977742,0,0,0
0.001113315674293222,1,5,23.254347224200938,0,0,0
0.015374075446761698,0,3,28.85209490618973,0,0,0
0.14470861003683896,1,2,26.543723227640744,0,0,0
0.08204483020574843,1,1,31.9807245477546,0,0,0
0.007002964622515356,1,1,30.30398629636639,0,0,0
0.007915656523442905,0,0,38.77324202004992,0,0,0
0.0017841364461993333,1,3,39.86576620958437,0,0,0
0.0028930827413558356,0,3,29.52684457863637,0,0,0
0.04305760486131324,1,2,20.051117197872827,0,0,0
0.006136058007703412,1,1,24.285634099025884,0,0,0
0.005306748930123947,1,1,26.766957839831885,0,0,0
0.03825438658319995,0,2,158.63189619184928,0,0,0
0.003207768508637093,1,2,32.285053093735705,0,0,0
0.0031942068969738864,0,1,19.20826022645151,0,0,0
0.0024464248891301063,0,4,33.28323665208097,0,0,0
0.07391734174483584,1,2,29.56921581288513,0,0,0
0.0032301197566731166,0,0,121.5263431619058,0,0,0
0.013295907500959847,0,3,31.625066066761665,0,0,0
0.0033182631895812527,1,0,27.22121497594987,0,0,0
0.046901586793331625,0,1,31.706584776433708,0,0,0
0.1240417543030303,1,2,22.23885134372137,0,0,0
0.02395486840137899,0,3,30.828630328947973,0,0,0
0.003838582086729774,0,1,32.95667721070531,0,0,0
0.2719849447843617,0,3,30.284262972168886,0,0,0
0.0007619796496515087,1,1,31.99948405301428,0,0,0
0.002796254850581037,1,4,28.011294458167548,0,0,0
0.0010129007444017626,1,1,30.940853311627368,0,1,0
0.0234703005810497,1,4,33.93846957532701,0,1,1
0.03248870022048143,0,3,30.801741079063603,0,0,0
0.03128174644155129,0,0,34.02326119450679,0,0,0
0.001161020943190924,0,1,34.36431712970672,0,0,0
0.004449713444840764,0,2,33.05703406350162,0,0,0
0.04869161843764488,1,2,25.832854752646487,0,0,0
0.007812456289702344,1,3,30.153338345623187,0,0,0
0.010391636622796933,0,0,82.75535559383604,0,0,0
0.03076386521939492,0,2,23.696598058983056,0,0,0
0.009427752365012705,1,1,25.503794865410338,0,0,0
0.004040266424764641,1,4,20.779904765995298,0,0,0
0.003427890473370592,0,2,35.94942063296597,0,0,0
0.017869117838575865,1,1,37.021983362346596,0,0,0
0.01476424826124729,0,4,32.42003469520145,0,0,0
0.002878947689073586,1,1,31.034343539920023,0,0,0
0.0172960088876287,1,1,31.920047576398076,0,0,0
0.0054723985145660615,0,3,29.784166507862416,0,0,0
0.001550482991324371,0,2,30.5890119713302,0,0,0
0.007123106337827905,1,2,32.66387902706779,0,0,0
0.0026500400437592074,0,1,25.72952913983087,0,0,0
0.01968928250905241,1,2,32.608068436877026,0,0,0
0.016075930404955967,0,2,23.464266115654006,0,0,0
0.016434450236273743,1,2,33.177422735676394,0,0,0
0.05181596241203444,1,5,30.483045536754037,0,1,1
0.0029873794519834997,0,1,33.24956438803297,0,0,0
0.0964686275178674,0,1,33.657345747059125,0,0,0
0.006889571239845226,1,0,24.878706843933713,0,1,0
0.0015843797104594937,0,3,30.01856633607113,0,0,0
0.010139202887677558,0,1,29.163349235328187,0,0,0
0.0043078886432335265,0,1,30.701199359802036,0,0,0
0.03590177889980674,0,1,22.67544175115662,0,0,0
0.0941337435977419,0,0,26.791497871996576,0,0,0
0.00219941949874312,0,1,36.20338903471656,0,0,0
0.002377282595855728,1,1,26.23256185115735,0,0,0
0.0048131351053345255,1,0,25.803579316532876,0,0,0
0.024475206453716456,1,1,23.660057128410543,0,0,0
0.03358415198582321,1,1,34.1041471426989,0,1,1
0.0008259609196727305,1,0,28.87433416415412,0,0,0
0.008088527670329948,0,3,32.6118229030109,0,0,0
0.0022021879570977305,0,2,32.209066958125774,0,0,0
0.009085148501325897,0,1,26.15822420678881,0,0,0
0.0007965552405152405,1,1,30.51099600789176,0,0,0
0.0007825853948186547,1,1,37.4475796623711,0,0,0
0.017323274886830865,1,1,23.931639137232754,0,0,0
0.005363008212477732,1,2,33.940714629587156,0,0,0
0.005244239084166385,1,1,36.13033619469548,0,0,0
0.005945601137147323,1,1,26.613466283310498,0,0,0
0.00041218004910655953,1,2,29.65155152799242,0,1,0
0.007366680875236728,1,2,29.774074398962906,0,0,0
0.0015839204344495932,1,4,32.516933293938514,0,0,0
0.04824793764193075,0,2,38.20545165336897,0,0,0
0.007026910585115129,0,1,36.00684190845557,0,1,0
0.15253767390929265,1,4,32.90014117969537,0,0,0
0.02388183076316607,1,2,29.18402742080498,0,0,0
0.13499768063089068,1,3,34.63681996184934,0,0,0
0.003673970538154364,0,3,34.68862211870493,0,0,0
0.003589035316188731,0,1,31.866446976315952,0,0,0
0.0034164850575207776,1,5,34.907562826550425,0,0,0
0.0012485504937267175,1,3,171.4198149708777,0,0,0
0.0024636867549688293,1,5,35.32232601618194,0,0,0
0.01255040843635896,1,1,27.572026955041487,0,0,0
0.019093361924990497,1,1,35.2438533509464,0,0,0
0.005586106486634902,0,1,37.73317234965622,0,0,0
0.022325390441286456,1,0,21.294584035457895,0,0,0
0.008227129272981824,0,0,36.19263648695923,0,0,0
0.0011618353875819383,1,1,36.60275827206978,0,0,0
0.02264025498476097,0,1,32.27482260474866,0,0,0
0.005768743909695767,0,3,32.09033066403603,0,0,0
0.02274191852246865,0,2,26.293130448931553,0,0,0
0.00528346657894938,1,1,24.869874257778516,0,0,0
0.000596536370870412,0,2,36.112090442582286,0,0,0
0.00138368159454583,0,2,216.59312341941626,0,0,0
0.06420744091383526,1,2,40.33977473943955,0,0,0
0.0014181051994912332,0,2,28.687748763194236,0,0,0
0.0011641807503668196,0,1,25.28034629568416,0,0,0
0.0007030222968075167,0,1,27.929723413844613,0,0,0
0.0005571136079730287,1,1,30.62141793727044,0,0,0
0.0027685202548208034,1,5,28.96459636643471,0,1,0
0.010483058646658331,1,2,34.21078780596757,0,0,0
0.005036723982513154,1,0,28.143540296220323,0,0,0
0.012221983656171213,1,1,32.49616913639029,0,0,0
0.000512005812457894,1,4,30.594897636796844,0,0,0
0.008787738437723503,0,4,32.39332267583562,0,0,0
0.00768012313296708,1,2,26.06433004255482,0,0,0
0.023025406746930422,1,2,110.1695787329565,0,0,1
0.05106059359660566,0,3,23.448117179943544,0,0,0
0.03226890886547688,0,2,24.489703221697994,0,1,0
0.0068252284699746885,1,2,30.094696354359197,0,0,0
0.001030620445308853,0,4,30.039904354428792,0,0,0
0.009459638455264523,0,4,31.33814227016198,0,0,0
0.0001583521208528588,1,0,28.926705333007014,0,0,0
0.0035685777152105647,1,3,23.59167355883215,0,0,0
0.011648937874555336,0,2,39.35635121926756,0,0,0
0.0005070855884640234,0,1,28.109282226935335,0,0,0
0.009656976524117346,0,2,132.10342910783754,0,0,0
0.003126858370570179,0,5,29.359088974822235,0,1,0
0.0008990510108956917,0,2,31.310893786150103,0,0,0
0.0038683935875224364,0,4,36.51276893434398,0,0,0
0.010406831267361248,1,2,29.16080802777116,0,0,0
0.011994136207394321,0,3,30.242142806670618,0,0,0
0.02774894858825974,0,3,37.718649022106135,0,0,0
0.0005189352863480807,1,2,30.49467301304606,0,0,0
0.011299701119360862,0,2,29.850266171316708,0,0,0
0.0002979920245732627,1,2,29.416357864912975,0,0,0
0.00046628267847965586,1,5,31.684050370214646,0,0,0
0.0006527487337873653,0,1,35.05660401900692,0,1,0
0.05340224486480325,0,1,28.531122551498395,0,0,0
0.005251429355420439,1,4,24.108787497240936,0,0,0
0.04059005738411768,0,2,33.234453561287125,0,0,0
0.03309920126188521,1,3,30.902177841593836,0,0,0
0.0017472029364503617,0,1,28.405387575199615,0,0,0
0.01479695147632505,1,4,27.53125403740201,0,0,0
0.10675438082045091,0,1,28.150943494685606,0,0,0
0.005733321274903132,1,1,27.90419258503934,0,0,0
0.002580290291784427,1,2,35.266001236536695,0,0,0
0.0529758454584844,1,3,36.76500034435839,0,0,0
0.02109293317311569,0,1,32.827188811267405,0,0,0
0.002315508560530208,0,1,27.622978881409168,0,0,0
0.06369919894265325,0,0,26.998127245567336,0,0,0
0.21221091409058138,1,1,31.583499027970205,0,0,0
0.009854917145983763,1,3,28.759556898825174,0,0,0
0.008452823430266336,1,3,35.58022496065075,0,0,0
0.005414483447815602,1,0,30.99975197569548,0,0,0
0.00785701546045429,1,2,28.368620613142316,0,0,0
0.006516987963127413,1,2,33.359965239305325,0,0,0
0.0038012122846201616,0,1,44.18252422381981,0,0,0
0.019738349131400934,1,4,28.695156815872288,0,0,0
0.00280214805277216,0,0,33.55210211750021,0,0,0
0.00322586891837128,1,2,24.526302705204067,0,0,0
0.0018052001482263653,0,2,30.2453863654607,0,0,0
0.046212864234238454,1,3,34.07700130514811,0,1,1
0.003518513324824853,1,3,27.461544077392034,0,0,0
0.005673655669096179,1,3,29.90577151956614,0,0,0
0.0013679705874746718,0,3,23.928583828771785,0,0,0
0.2746283557742546,0,2,26.538484369375052,0,1,0
0.0002448890062980603,0,1,89.9746590897047,0,0,0
0.019553840159029313,0,1,33.08117033689691,0,0,0
0.001617048130695275,1,1,44.1090989435601,0,0,0
0.03270552823557777,1,1,37.505639538987566,0,0,0
0.0038360886945733134,1,3,28.502892914732808,0,0,0
0.013657311963425726,1,3,26.289276130164993,0,0,0
0.01589390750741772,1,2,38.2661884202343,0,0,0
0.002482750402737895,1,1,24.30277619331826,0,0,0
0.005261098903685029,0,1,41.51806969078247,0,0,0
0.001944015019381653,0,0,29.467398851845797,0,1,0
0.0017474898837572482,1,0,36.438772511620115,0,0,0
0.06304107124563203,0,1,26.739939218552923,0,0,0
0.006278039697139375,0,1,27.969910813106374,0,0,0
0.0029884525741529213,0,5,37.80197510382675,1,0,1
0.0027648441695662094,0,0,117.25492311205834,0,0,0
0.002698653230658264,0,2,22.209235483992188,0,0,0
0.0003441188904470414,0,3,31.07859239808618,0,0,0
0.0027018597868832483,1,0,29.590816459082955,0,0,0
0.034311837753979856,1,3,34.37582890773175,0,0,0
0.008619253047316642,0,1,30.41422743930741,0,0,0
0.006308287817723314,0,2,28.971717674797663,0,0,0
0.01777939243272135,0,1,34.52658369468655,1,0,1
0.1935359777885252,1,0,38.702293495601864,0,0,0
0.012847829756210492,1,1,34.15108472162787,0,0,0
0.0008940387129923276,1,1,38.426853532221315,0,0,0
0.003626315408253144,1,3,33.90537817638078,0,0,0
0.002463229885222618,0,7,22.94852961133271,0,0,0
0.0012062387007264097,1,4,27.99164561055583,0,0,0
0.00265910639988021,0,1,27.85832080027478,0,0,0
0.005887122386109855,1,1,27.404466250024957,0,0,0
0.0013688758333190428,0,2,30.995653346443742,0,0,0
0.00793093252798353,1,2,27.428137935099382,0,0,0
0.0005657379193415212,0,1,26.21468094360251,0,0,0
0.002981378123999622,0,3,27.906092683697995,0,0,0
0.013516590644369995,0,3,80.76498631411121,0,0,0
0.004869689313458269,0,1,28.489267447572193,0,0,0
0.00782589298520197,1,2,30.914887143305513,0,0,0
0.013166157822450224,0,1,26.045286797127066,0,0,0
0.016440994495103525,0,3,28.93410247220729,0,0,0
0.003577705052350073,1,2,26.457328852995442,0,1,0
0.0034111719639145608,0,2,21.806506003033967,0,0,0
0.011477685161429892,1,1,24.57373384309472,0,0,0
0.028416660932438588,1,6,29.27790122068542,0,0,0
0.0009676811881213597,0,1,31.37520500574677,0,1,0
0.004278269657807587,1,6,27.32814155452145,0,0,0
0.0015810283866244785,0,3,28.61159164521946,0,0,0
0.009392983364377149,0,2,28.511709563890477,0,0,0
0.019977163436864252,1,3,24.510820736149242,0,0,0
0.011848863753302933,1,2,23.65456553279157,0,0,0
0.01439759269837176,1,0,28.240182004414688,0,0,0
0.03784241502040337,0,4,27.02748797496888,0,0,0
0.00292252073389738,1,0,20.862961101614225,0,0,0
0.002678381889250444,1,1,26.830549114057106,0,0,0
0.008351820031794745,1,1,30.241972693261477,0,0,0
0.018449400998341695,0,4,28.355154273127706,0,0,0
0.010453253259286421,0,3,35.54334519834624,0,0,0
0.02913258847734326,0,1,33.42686961567066,0,0,0
0.00020610882353495988,1,4,30.561337976467954,0,0,0
0.0023453925520775876,1,3,25.37404387736447,0,0,0
0.027121970718554652,1,2,32.91901505224231,0,0,0
0.004578462104656318,0,3,23.642880046594165,0,1,0
0.010209123128688753,1,1,29.251465860191207,0,0,0
0.015142336108687636,1,1,31.488949150934,0,0,0
0.042356136913308,1,1,33.84688236145227,0,0,0
0.006417696333375063,0,4,29.360828734892518,0,0,0
0.0010949563706042801,0,3,19.857698417498128,0,0,0
0.00668092287358727,0,0,32.74971720138991,0,0,0
0.002288101546407765,0,7,30.727655399481208,0,1,0
0.031069905180915784,0,2,144.28082390013736,0,0,0
0.00023385280454886378,1,4,33.76382901683558,0,0,0
0.18048170859882667,0,0,19.300759609110884,0,0,0
0.005195388921040456,1,4,30.551142723118748,0,0,0
0.19441118773531493,1,1,28.030251208795978,0,0,0
0.004331631833649844,1,2,28.96776952574904,0,0,0
0.01391147049232445,0,2,35.764578706481174,0,0,0
0.04011441822224401,1,2,26.781044403954027,0,0,0
0.027133972753531303,0,0,36.56173755548268,0,0,0
0.010194454318344962,0,2,35.61627446280416,0,0,0
0.0027328282830400637,0,3,44.44526453974558,0,0,0
0.0030472619186207,1,2,27.60647952891909,0,0,0
0.0016367930978874452,1,3,156.41531943906685,0,0,0
0.003801740094601165,0,1,38.745914272906546,0,0,0
0.002284840482471226,0,2,31.523745035068856,0,0,0
0.020487907012325026,1,2,22.038397123035423,0,0,0
0.01131379421342196,1,3,27.769547646351775,0,0,0
0.011427521115567496,1,0,30.962204125274198,0,0,0
0.003653378393901356,0,3,35.964212531335136,0,0,0
0.008407902098520144,0,1,32.10115722000948,0,0,0
0.0005501473101709205,0,1,33.70285790559669,0,0,0
0.0013363025369558493,1,2,24.01466540928113,0,0,0
0.002976061032453963,1,6,40.91040215865641,0,0,0
0.0033055980856424804,0,1,34.35513507302327,0,0,0
0.005515236666612134,1,1,33.512948522387475,0,0,0
0.006117642737477389,0,1,27.42393010825219,0,0,0
0.0141682324827977,1,1,29.13260005520893,0,0,0
0.00010907841529452029,1,0,32.11120768513724,0,0,0
0.013507694079212798,0,3,25.506279645886238,0,0,0
0.01433079314065317,1,1,32.28080615102981,0,0,0
0.016448388883559508,0,2,32.35056559935821,0,0,0
0.005063998437183192,1,2,30.784653723757085,0,0,0
0.003772863392843127,1,1,23.38710164021263,0,0,0
0.004579250199545887,0,4,26.32210423244288,0,0,0
0.21160396137591944,1,0,34.301777537519094,0,0,0
0.01154909138914275,0,4,35.52109027735523,0,0,0
0.010448561647864434,1,4,25.821069657150424,0,0,0
0.001725316597594967,1,3,30.989386017132205,0,0,0
0.22353727382463237,1,3,27.60339087293237,0,0,0
0.0040034518933518915,0,4,23.19267279008907,0,0,0
0.20048342500433844,0,3,26.47768191994265,0,0,0
0.039859880685941276,1,3,28.965879272346378,0,0,0
0.001520095277496914,1,2,27.71269144236826,0,0,0
0.03180525772354411,1,0,26.57753620594881,0,0,0
0.002782026427696847,0,0,30.82353187886898,0,0,0
0.007393650228345557,0,2,30.209368084214358,0,0,0
0.004400429646366135,1,1,30.38599269791983,0,0,0
0.007905560304940345,1,0,21.738244758988856,0,0,0
0.02317353296638809,1,2,31.740982435428972,0,0,0
0.00025831323486597067,1,1,31.12613506686518,0,0,0
0.05289208490845629,1,5,131.13272018870205,0,0,1
0.0010034586379836221,0,4,25.382611031776207,0,0,0
0.07026113872883286,1,4,38.046195532313405,0,0,0
0.012023561586384656,1,1,26.500249489376298,0,0,0
0.010441323605105234,1,1,34.95315273303173,0,0,0
0.011947383535725867,0,2,35.65618874852865,0,0,0
0.006564153416097042,0,3,29.204376087239034,1,0,1
0.17781187235107002,1,3,29.898294785150405,0,0,0
0.0031140966594004607,1,3,28.104907524797298,0,0,0
0.02585636838812598,1,4,29.144279384096414,0,0,0
0.012780604031771928,0,1,30.44651246874614,0,0,0
0.0022416485595559894,1,2,25.646512475298103,0,0,0
0.011457306710048736,0,1,36.24059031569633,0,0,0
0.011687860985505907,0,3,33.86447330136954,0,0,0
0.06750238442918882,1,4,33.205398142166366,0,0,0
0.03465097474652274,0,0,32.49627140730613,0,0,0
0.0009348510091524519,0,2,23.043443563759322,0,0,0
0.006923234466504345,1,3,39.69040801025531,0,0,0
0.020654813317589865,0,3,34.24882917976236,0,0,0
0.00020288280695561573,1,3,31.33821688717569,0,0,0
0.02617964139662699,1,1,83.6867856439877,0,0,1
0.020270945546410974,1,1,21.945087796003484,0,0,0
0.0019559493622221054,0,3,27.24294157742332,0,0,0
0.0007218632834125941,1,4,28.707612416255884,0,0,0
0.0033389832531096867,0,0,36.00915488165858,0,0,0
0.015287635608805333,1,3,18.534972865753083,0,0,0
0.012855504347911323,0,0,33.041968613504096,0,0,0
0.007078211220563736,0,0,18.26752281486133,0,0,0
0.0018432374039742743,1,4,23.190253805653008,1,0,1
0.0041140057658201655,0,2,123.579340208521,0,0,0
0.025844273332481717,0,0,33.46730055092872,0,0,0
0.014265842636268202,0,0,30.27102906624608,0,0,0
0.0022590193086840893,0,5,36.83598888560623,0,0,0
0.008365348285919253,0,1,95.74113117871114,0,0,0
0.009763927236090797,1,2,19.755405144689146,1,0,1
0.00536135643257659,0,3,23.401406271698875,0,0,0
0.008603486575149193,1,0,22.49942200590304,0,0,0
0.012867421513562217,1,3,30.98794911746547,0,0,0
0.0411157478193994,1,4,26.759484615738838,0,0,0
0.0012415157926851676,1,2,32.52428670247995,0,0,0
0.02126643024375284,0,2,28.67697568715198,0,0,0
0.0059457598841704965,0,4,31.78924877792868,0,0,0
0.0004885834407522554,0,3,26.379433141842462,1,0,1
0.0030404050695833117,0,5,23.824286575857137,0,0,0
0.005211389649135384,1,2,23.663164062479687,0,0,0
0.011702428929575593,1,3,36.09394973522837,0,0,0
0.01710451547700259,0,1,21.487900387279694,0,0,0
0.07287929750321852,1,2,121.95663375231302,0,0,1
0.004310165685783398,1,0,20.77423197095568,0,0,0
0.004570162302415607,0,2,22.85253295911,0,0,0
0.0020989365655359688,0,2,31.074635059704725,0,0,0
0.0006251082935438239,1,1,30.403284529911215,0,0,0
0.0026988025334877407,0,2,37.95934972957392,0,1,0
0.009830486807554113,1,3,31.430625344795303,0,0,0
0.014330653410541534,1,1,27.591624739872024,0,0,0
0.02296615053473817,1,4,19.291017079653958,0,1,1
0.012938819062168812,0,4,35.932925694618255,0,0,0
0.00224636824671347,0,3,24.88603387110649,0,0,0
0.020553565950619936,0,4,14.548356568738443,0,0,0
0.01829950379203018,1,2,29.52020013967487,0,0,0
0.0014921224946800788,0,3,29.37015336661561,0,0,0
0.00016369942936581748,1,0,34.85197487672608,0,0,0
0.012736428818138416,0,0,33.14206885312245,0,0,0
0.039045015773294736,1,6,117.27153366850285,0,0,1
0.01620362319542876,0,4,21.93439421535814,0,0,0
0.0024102118905187514,0,3,32.69547353453779,0,0,0
0.00016339052206432674,0,1,26.488226234223625,0,0,0
0.01699105853031188,0,4,41.38361169196668,0,1,0
0.013070348654385859,1,1,34.232037205020596,1,0,1
0.0017069606219458405,0,3,34.39481105420465,0,0,0
0.004285598796516604,1,1,29.661252068196887,0,0,0
0.1534139183843241,1,1,27.70043218732111,0,0,0
0.006016760586352666,1,6,156.59599078257432,0,0,0
0.07180618718822464,1,2,28.706839272933255,0,0,0
0.0248227946393185,0,1,33.36449436994184,0,0,0
0.005931388405125837,0,1,27.15966806902705,0,0,0
0.006658487228937335,0,2,29.61084514847895,0,0,0
0.036655606637452,1,2,23.449127479892176,0,0,0
0.006986132408317866,0,3,29.825017355403233,0,0,0
0.0027272534827883334,1,3,35.1410652844648,0,0,0
0.017694168971477967,0,2,28.674618491673357,0,0,0
0.012443946772648028,0,1,25.263344111674556,0,0,0
0.011253473284027727,0,0,30.286807246161818,0,0,0
0.0018949560444789693,0,1,22.101644833261584,0,0,0
0.0010333686417449575,0,3,27.293254730384568,0,0,0
0.01012330581164972,0,2,32.85230540032479,0,1,0
0.06924513712991692,0,4,23.32289981394692,0,0,0
0.007583748516356839,0,3,28.462620761167916,0,0,0
0.01092935278921287,0,2,34.050030465916954,0,0,0
0.0028837727454313813,0,1,118.57375514065846,0,0,0
0.0009390675312100943,0,2,30.60637256262725,0,0,0
0.04200855894955125,1,5,33.94722776785154,0,0,0
0.0028006771792640603,0,2,28.283333474299543,0,0,0
0.10195292874254147,0,3,27.726203249044673,0,0,0
0.037122640721976,1,3,31.65674196475466,0,0,0
0.0009492760030714026,0,0,27.645792634110613,0,0,0
0.0032062965138431802,0,1,33.828123903686866,0,0,0
0.007766954592729611,0,1,28.2306770533527,0,0,0
0.18093391973162887,0,3,32.07475564710366,0,0,0
0.0021857599350182254,1,0,33.22731056860259,0,0,0
0.0005106365369780201,0,0,30.319710691624902,0,0,0
0.008577929757732463,1,0,31.37949931701338,0,0,0
0.08156362593547882,0,4,44.23317655144679,0,0,0
0.003443633843772916,1,0,29.065453605500366,0,0,0
0.007635046703204272,1,1,23.80844891226566,0,0,0
0.00255427944485143,0,3,29.57613618471313,0,0,0
0.04017791758661045,0,3,30.004278381813485,0,0,0
0.014570281275200927,1,2,32.16627981646806,0,0,0
0.03359348986845888,1,3,33.97487802682119,0,0,0
0.001944481911516101,0,2,25.818323694836423,0,0,0
0.021170147689688605,0,1,26.965433077784763,0,0,0
0.0022185060184748274,1,2,32.41014918302003,0,0,0
0.03165333053916963,0,4,29.794317328263183,0,1,0
0.023873545043156776,1,0,33.95791635982143,0,0,0
0.0030806973531212847,1,2,25.74543234794098,0,0,0
0.050763048962634456,0,1,29.687120036186396,0,0,0
0.00033480450430717075,0,0,26.60173456476325,0,0,0
0.0020981870397807287,1,1,24.59893902636235,1,0,1
0.04420229121619738,0,3,31.00290951096509,0,0,0
0.0025085958762419217,0,0,27.525922874075544,1,0,1
0.05330310343423838,0,4,25.99023146716452,0,0,0
0.0018999447159804385,0,1,30.561346208596497,0,0,0
0.010160582121053073,0,2,17.338476035622474,0,0,0
0.0016113102567237253,1,1,24.452656386021623,0,0,0
0.015049059358748071,0,4,35.35657996552332,0,0,0
0.011580538424160318,0,1,21.737864537357083,0,0,0
0.019898523041768465,1,3,23.166536822908675,0,0,0
0.0007493929116144997,0,3,29.230245030958717,0,0,0
0.03081208994535836,0,5,34.515520917685116,0,0,0
0.007776364259998455,1,4,21.522334321161765,0,0,0
0.036495523066613515,1,2,30.503254259727232,0,0,0
0.004403223593609312,0,2,24.02330600457974,0,0,0
0.003502585221224609,0,1,18.348938663698327,0,0,0
0.010187446174612445,1,1,37.74695340825412,0,0,0
0.004201181212033321,1,2,33.479432809581304,0,0,0
0.0004914856335769264,0,5,32.997119064421355,0,0,0
0.00022207479295656513,0,3,34.561967535241514,0,0,0
0.001868177651730948,0,2,32.16806101812718,0,0,0
0.009312794285220742,1,1,34.849751212585005,0,0,0
0.028465961354254592,0,1,26.85628682176087,0,0,0
0.03147083622584649,1,1,146.1628932821273,0,0,1
0.029997307566287285,0,0,26.762259748601117,0,0,0
0.0014909815201797217,0,4,30.938640307025846,0,0,0
0.00033230560637912104,1,2,23.663559522884018,0,0,0
0.0011213942036649802,0,1,19.984264613905438,0,0,0
0.020233482351537047,1,1,33.10543396443421,0,0,0
0.0006244202975540893,1,4,26.53083980073238,0,0,0
0.02710461447914245,0,3,35.94234458337996,0,0,0
0.014991747483848189,1,0,21.243209470193154,0,0,0
0.022015330182246204,0,2,34.487971642455456,0,0,0
0.007050320766813735,1,1,23.92235994771919,0,0,0
0.13213293190141073,0,0,28.8938254766694,0,0,0
0.0047849557849356,0,3,31.78515278212108,0,0,0
0.0022245855542924347,1,2,28.86684283064308,0,0,0
0.004966281204485741,0,0,28.127965659202054,0,0,0
0.0012295660152206224,0,2,30.433372920412058,0,0,0
0.002306290616626639,0,1,25.994523740678154,0,0,0
0.0032318822074730532,1,1,29.94683048077061,1,0,1
0.0012791845382743737,1,2,28.601357063000574,0,0,0
0.007576406649378278,0,2,146.87729036627832,0,1,1
0.028666897734161416,1,1,22.121963884004078,0,0,0
0.025424052921928387,0,3,28.325873732541528,0,0,0
0.006327776194693664,1,0,40.37165733827082,0,0,0
0.0004242526521958058,0,7,35.645770785181185,0,0,0
0.002597301718709227,1,5,31.31835451700487,0,0,0
0.014179169253313981,0,1,33.45279845172834,0,0,0
0.010141305834206124,1,2,36.19169319255221,0,0,0
0.022288229206459436,1,3,21.116535230345892,0,0,0
0.07427685081489922,1,0,27.996620112656807,0,0,0
0.015069118874196822,0,2,141.15722999507375,0,0,0
0.023680982967426278,0,2,37.72884694885853,0,0,0
0.03240635166547584,1,3,32.73379781263378,0,0,0
0.030856548084196203,1,1,26.511412269597436,0,0,0
0.0008272306375305409,0,1,30.248690276383755,0,0,0
0.01935487276117028,1,1,162.93933457139997,0,0,1
0.0047910814780291995,1,1,32.43224308901977,0,0,0
0.010697834899170774,0,1,34.66981945017943,0,0,0
0.0011305719560109522,0,2,30.67219893166163,0,0,0
0.2031239510422807,0,1,33.3578302326843,0,0,0
0.008951645631330073,0,4,29.63245693096253,0,0,0
0.002391353626559961,0,1,30.362466998395128,0,0,0
0.0005441524719286962,0,3,26.670423130424997,0,0,0
0.008106523469578627,1,1,28.32378885658991,0,0,0
0.014674899004640045,1,2,35.129289979172604,0,0,0
0.03746911092117683,1,0,33.015169339633786,0,0,0
0.002935674056423035,0,0,32.97733848218988,0,0,0
0.003119493504246647,1,1,32.25561835405065,0,0,0
0.006164059562747383,0,0,41.36933405118799,0,0,0
0.006362086521355464,1,3,32.73861148520183,0,0,0
0.0008060211276445015,0,1,37.651264128050144,0,0,0
0.0016665240160565525,0,5,28.881657983572907,0,0,0
0.004239804351792776,1,2,32.936124268537945,0,0,0
0.002135188336670891,0,1,32.87860025254246,0,0,0
0.0011397102021224628,1,4,27.877442574994934,0,0,0
0.0010457184634228127,0,3,31.841869681463315,0,0,0
0.0010905579630327948,1,3,31.075609022748033,1,0,1
0.0013362404448663124,1,0,26.467270137255053,0,0,0
0.001054664327842358,1,2,28.53114048960789,0,0,0
0.0008020510766415643,0,3,24.73630669634975,0,0,0
0.0006584935935058363,0,1,36.33340301776307,0,0,0
0.10238088449756273,0,0,35.546242163363004,0,0,0
0.0057756361916556824,1,3,33.75956138399949,0,0,0
0.003109685586616073,0,2,30.828380731643616,0,0,0
0.007368406349697453,0,0,29.942104940629477,0,0,0
0.0005613784761471397,1,1,24.418860676422305,0,0,0
0.055916103173610246,0,3,30.426253244104046,0,0,0
0.0020229718703636793,0,2,22.81606982176299,0,0,0
0.020667555552209546,1,3,30.788267012084308,0,0,0
0.0020611869590174713,1,2,35.41548433914745,0,0,0
0.020460291917016322,1,1,27.45951192310437,0,0,0
0.0031520431639946874,0,1,31.91349325815067,0,0,0
0.01511531325519453,1,1,26.715393501634413,0,0,0
0.037773656974301434,1,3,34.67096268366411,0,0,0
0.0021564109435532235,0,2,24.00936486654704,0,0,0
0.00033457642329589525,0,4,18.765354613171432,0,0,0
0.002565575757266636,0,2,33.83783443233965,0,0,0
0.020035169101601316,0,6,22.68547914929945,0,0,0
0.010504174503852371,1,2,31.293764765318127,0,0,0
0.00395595029416309,1,0,25.904222227734447,0,0,0
0.018522893036431735,0,0,33.38132268686286,0,0,0
0.01686796210427971,1,2,29.58265630747729,0,0,0
0.01078757938879747,0,3,29.79014653273652,0,0,0
0.0013854195737542472,0,3,23.783353200231726,0,0,0
0.0006987959862778457,1,0,28.343725862568313,0,0,0
0.006508545221128561,0,2,33.84822979765724,0,0,0
0.0009050367593941784,0,1,26.294171602091602,0,1,0
0.012768312766550811,1,2,36.643233197359564,0,0,0
0.2110725298434465,1,1,30.000996606483106,0,0,0
0.00041401749435055786,0,0,139.51167611318053,0,0,0
0.012262834975786846,0,4,19.83360651045409,0,0,0
0.005746230773576784,0,6,31.153537520752327,0,0,0
0.016479255329325367,0,1,31.386894819619016,0,0,0
0.016122605204903127,0,6,33.39282212554245,0,0,0
0.0006611146531371541,1,5,28.516955002950667,0,0,0
0.003507791203253267,0,0,39.42600051923759,0,0,0
0.0019214428623278515,0,2,20.75890707882268,0,0,0
0.017503928988227637,0,0,23.085872272355722,0,0,0
0.007573882342774956,1,1,30.190473837724358,0,0,0
0.020979638875448823,1,4,31.226427653753273,0,0,0
0.019262772468051345,0,3,27.557511761590327,0,0,0
0.0014999944488507284,1,4,35.99941353333305,1,0,1
0.03819354257992601,0,1,31.03481814403742,0,0,0
0.1528953398353479,1,1,28.050950869916875,0,0,0
0.01754719081767215,1,2,27.93243875234745,0,0,0
0.038948191161433145,1,3,34.19671831890335,0,0,0
0.06633288574993783,0,2,35.94428206228349,0,0,0
0.0049415105521322476,1,1,37.74295683991306,0,0,0
0.01594533978933945,1,2,36.646403487754554,0,0,0
0.003444794072555017,1,0,36.89404488932618,0,0,0
0.0012071369250385871,1,1,31.4500624240687,0,0,0
0.00450827897865951,0,3,31.870792759029037,0,0,0
0.004583443877570527,1,2,136.83923267646995,0,0,0
0.049046634158165445,1,1,29.465557328463614,0,0,0
0.004865460488915739,1,2,29.5136481384349,0,0,0
0.0004714702736527653,0,2,25.93559338927018,0,0,0
0.04381176643771039,1,4,33.666824682112754,0,0,0
0.0036042932078937033,0,1,33.97633606847599,0,0,0
0.14608767047279325,0,1,32.52608697250583,0,0,0
0.006620013595439768,0,1,131.21072006694186,0,0,0
0.012268040770361375,0,1,30.742608193453503,0,0,0
0.011998955335470716,1,1,28.823526148868496,0,0,0
0.0007951878680363139,0,3,20.534266207545496,0,0,0
0.02072291566641943,1,3,21.68938196755883,0,0,0
0.0028363434688643075,0,2,27.257941349390812,0,0,0
0.0636614640033098,0,2,36.162273029315145,0,0,0
0.012800434787656849,1,2,30.660044370225734,0,0,0
0.00473062531614993,0,3,21.738571664950115,0,0,0
0.016189179197598286,0,2,92.46912853851306,0,0,0
0.03159054818656578,1,2,24.66917113986055,0,0,0
0.017636449893553556,1,5,101.08240184047753,0,0,1
0.022613516316080783,1,0,31.868050969248586,0,0,0
0.061647821208791365,1,1,31.377410707419333,0,0,0
0.0006382239579347699,0,1,22.947223112500545,0,0,0
0.011453377701700145,0,0,31.980436146280002,0,1,0
0.0297013209265888,1,2,31.654764156634926,0,0,0
0.0032146034241309837,1,1,24.14618765025388,0,0,0
0.019567731399581186,1,2,35.80864825879669,0,0,0
0.003660888936720851,1,2,34.04844627331074,0,0,0
0.020912740180525,0,1,38.82442415948555,0,0,0
0.041452309359064236,1,0,32.48331773437431,0,0,0
0.0005016593739966187,1,6,37.66528172790469,0,0,0
0.031445048277481465,0,1,178.55777825817785,0,0,0
0.00043403691843042156,0,2,26.566867774497705,0,0,0
0.07426580182211844,1,1,28.176440394097593,0,0,0
0.004764356615591415,1,1,27.359234787094675,0,0,0
0.015153418585919703,0,1,31.09872100438005,0,0,0
0.01259463034162854,1,4,23.715089960631385,0,0,0
0.019302246848556515,1,2,33.94944705220042,0,0,0
0.006049907113346904,0,0,25.283283662599107,0,0,0
0.001757321103347366,1,6,40.32891322872203,0,0,0
0.005438920133760313,0,4,29.6185132864144,0,0,0
0.07126939963235072,0,0,30.150518034451217,0,0,0
0.005706102435354457,1,3,32.67891895070981,0,0,0
0.013785369326681564,1,2,25.08393942702284,0,0,0
0.0022776490608115495,1,2,33.532503244442495,0,0,0
0.004130853283786795,1,3,127.18079799276644,0,0,0
0.006480884932013346,1,2,27.446905090040538,0,0,0
0.043965777923255636,0,1,24.69325114215429,0,0,0
0.0026253691402290595,0,2,25.48330278111237,0,0,0
0.024686132413468415,1,0,23.144208928386654,0,0,0
0.009625232701278404,0,5,24.99939856141765,0,0,0
0.0026197831002030387,1,0,26.40065459270002,0,0,0
0.09941899239729074,0,1,41.75400949811258,0,0,0
0.2186865880183451,1,2,27.522743015378882,0,1,1
0.02897182562706703,0,2,99.03086014866318,0,0,0
0.0007696833053924344,1,1,30.755127348189745,0,0,0
0.0015406919711447949,0,3,16.48276115708965,0,0,0
0.011296282520581295,1,2,26.47636085942891,0,0,0
0.027057923475167934,0,1,30.71710471470311,0,0,0
0.004068163333125825,0,4,33.1442347392483,0,0,0
0.0038182532397155722,0,3,33.18805462725929,0,0,0
0.10687260555718647,0,3,23.75924417221401,0,0,0
0.009346862128027711,0,2,39.22665760614474,0,0,0
0.013484198079333333,1,2,25.380280154666586,0,0,0
0.005064935788901884,1,2,200.80393788525242,0,0,0
0.009339019771300144,0,3,35.923144113803396,0,0,0
0.0035778918197888767,1,2,38.31798302158891,0,1,0
0.0014455973328634409,1,2,24.52241051687833,0,1,0
0.009868750311938583,1,0,29.550808810340893,0,0,0
0.0037466372636498157,0,1,22.30067732261071,0,0,0
0.0045505664413603925,0,0,27.558031388326764,0,0,0
0.0011025410002153885,0,4,33.4515207666408,0,0,0
0.009646964256705274,1,2,33.39740094080811,0,0,0
0.23394839237674223,1,0,30.796529530634274,0,0,0
0.21286398723277442,0,1,35.6368843584536,0,0,0
0.04025289648179144,1,4,28.897843955868165,0,0,0
0.0024211687952102995,1,2,21.542156867089936,0,0,0
0.001691320297584985,0,2,33.56223096573461,0,0,0
0.0019570910417062914,1,2,28.041286107011466,0,0,0
0.11035676681888919,1,0,25.72882335265566,0,0,0
0.028258770419973715,0,1,24.930407235183264,0,0,0
0.0005021302908173069,0,1,20.837221060619793,0,0,0
0.26940363165839093,1,4,23.625937129135743,0,0,0
0.014249296576572734,1,2,33.75227311923426,0,0,0
0.012064155308599599,0,3,26.736917262536327,0,0,0
0.0022605045490930466,0,3,28.188032299934108,0,0,0
0.010274764687076528,0,0,38.38224036244145,0,0,0
0.0018705519124391134,0,1,35.40702123982124,0,0,0
0.0019925318460872607,0,5,22.646110646547616,0,0,0
0.029301438197846804,0,1,32.805645229573905,0,0,0
0.010088370133059445,1,3,31.700537909955656,0,0,0
0.014342227479100923,0,2,32.81915743102405,0,0,0
0.0034472231965055637,0,2,26.953022975946524,0,0,0
0.004842335296727329,1,5,31.420756211251216,0,0,0
0.003016327390281106,1,0,44.73902642117844,1,0,1
0.006607959613081454,0,0,27.41418353197862,0,0,0
0.004196965696194714,1,1,33.53429631285856,0,0,0
0.00028944949300165653,1,1,29.675030872664266,0,0,0
0.011065892604502244,0,2,28.075940194460042,0,0,0
0.009129301318692652,0,2,29.95021126933858,0,0,0
0.003473919160520979,1,1,26.059885499827466,0,1,0
0.011981049899766004,1,1,21.210125214273077,0,0,0
0.021673982702845485,0,2,30.0226917661896,0,0,0
0.007211481543151453,1,1,29.703970801207113,0,0,0
0.011775115045368972,1,4,28.922822033868755,0,0,0
0.00011973784518322398,1,0,27.71917916234636,0,0,0
0.1125914618983514,0,3,25.635740596343027,0,0,0
0.011118245414466233,0,3,31.431622063189415,0,0,0
0.026318392174115038,0,1,34.9204657222295,0,0,0
0.01346065890167115,1,3,32.588781825899176,0,0,0
0.0060620593288286005,0,2,26.217787234495226,0,0,0
0.00582685429305226,0,1,25.04628674999415,0,0,0
0.001442625770789441,1,2,31.46287494073554,0,0,0
0.0009849365176116303,0,2,25.439073933729965,0,0,0
0.009521941335209321,0,0,151.71646879152175,0,0,0
0.0013355707398928732,1,3,23.133560555972615,0,0,0
0.0008179828882964575,1,2,23.683792857795776,0,0,0
0.00790477687180757,0,2,35.45986904588196,0,1,0
0.02537549992125975,0,1,29.965787470154194,0,0,0
0.023216168455967016,0,1,26.419128318810415,0,0,0
0.0003745744019938668,0,1,36.00240692849463,0,0,0
0.00239657368909217,0,1,29.524747662995818,0,0,0
0.0012752164443609357,1,2,23.70436430056158,0,0,0
0.012781197142822472,1,2,25.05472059936364,0,0,0
0.002585042064134193,0,1,26.516935186877685,0,0,0
0.01825583567062351,0,4,37.742944326874024,0,0,0
0.03000644599914167,1,1,36.08358201178229,0,0,0
0.0011985307904401991,1,1,26.609001323429784,0,0,0
0.0009436573676389398,1,1,31.076364085345247,0,0,0
0.02274479227993385,1,3,31.751666263909264,0,1,1
0.00016316905143849245,0,0,32.28707666500175,0,0,0
0.009425964730128574,1,3,30.594232170870526,0,0,0
1.9690892229227095,1,2,29.322434298320434,0,0,0
0.5528960021457133,0,3,37.448690211233654,0,0,0
0.0005149533354109468,0,4,26.843463731276312,0,0,0
0.05033367184519863,1,0,18.43340432900861,0,0,0
0.0009260609253604005,1,3,25.054010013167055,0,0,0
0.004130721852778682,1,1,30.351257527163828,0,0,0
0.002858122933881645,1,2,29.154288766716245,0,0,0
0.07315549789503738,1,3,32.791045649030664,0,0,0
0.005431243187903672,1,1,24.73525178119384,0,0,0
0.0030706752163104484,1,0,34.807685783878924,0,0,0
0.0015527027684981804,0,0,120.00957994591936,0,0,0
0.013703398033211321,1,1,28.755500262159224,0,0,0
0.005260430731464164,1,2,26.150108099224393,0,0,0
0.017165139858592755,1,2,31.440786437426638,0,0,0
0.02178856838604671,0,1,30.427159496531925,0,0,0
0.02034936940202596,0,1,34.39270356619701,0,0,0
0.0015077986278187424,1,5,24.187465106805853,0,0,0
0.004227560615381206,0,1,23.085168095771344,0,0,0
0.0041932215714102035,1,5,26.965715485383104,0,0,0
0.004921448617527564,0,2,27.86751873741973,0,0,0
0.005511885763745929,1,2,35.8793937916948,0,0,0
0.0018559914647279883,0,4,26.431884853910894,0,0,0
0.0002666097446025477,1,1,24.515266725339345,0,0,0
0.024754767639488088,1,3,21.847826480790545,0,0,0
0.006703311257419077,1,4,34.18014424720879,0,0,0
0.03126507352420852,1,2,27.805491991037705,0,0,0
0.0012973774968047707,1,2,26.559338692331576,0,0,0
0.005451190550148438,1,3,39.71099837951477,0,0,0
0.0024142170148351164,1,0,30.00254023229174,0,0,0
0.0003144528623120374,1,1,30.440214798305988,0,0,0
0.04545831671043655,0,4,29.11558251735267,0,0,0
0.004421497054149785,1,2,36.300447861143226,0,0,0
0.0011877131903609652,1,3,30.15248344291603,0,0,0
0.0246889010818257,0,2,24.589332994205087,0,0,0
0.013277799529007985,0,3,27.41204878659852,0,0,0
0.0012577387016504203,0,2,31.637193587450163,0,0,0
0.0033222632827497457,1,4,32.966719928940385,0,1,0
0.0018675442418429626,1,2,25.380508199284613,0,1,0
0.0051531800035753755,1,4,34.94799815392388,0,0,0
0.0009576246052890299,1,3,27.587327073836217,0,0,0
0.006065774852608642,0,5,201.42978016729037,0,0,0
0.019445158472525273,0,2,38.15089513889177,0,0,0
0.006826909957247374,1,2,21.735297302354773,0,0,0
0.004963916007042289,1,1,27.992321553407614,0,0,0
0.00821220587087395,0,0,37.85966169855561,0,0,0
0.014444518532210406,1,2,25.96792246519997,0,0,0
0.001991865944380412,0,5,28.187275681823483,0,0,0
0.020833536065837373,0,2,34.77430823595401,0,0,0
0.02820504585341371,1,6,35.0840865642607,0,0,0
0.0023905667716844392,1,1,28.909581586397028,0,0,0
0.011538392741445799,1,4,38.80799043777999,0,0,0
0.034965449789527155,0,1,114.67104055200019,0,0,0
0.006969786710570116,0,0,36.728357271955105,0,0,0
0.00013571387045794184,0,2,30.459242446972187,0,1,0
0.006355542114510537,0,2,35.30484195187868,0,0,0
0.004224332997270811,0,3,174.83063879219125,0,0,0
0.0007362572847527677,1,3,26.18407738423263,0,0,0
0.029998341999231952,1,1,23.99504438046318,0,0,0
0.005341493348472556,1,0,33.441845412233505,0,0,0
0.028079049131963525,1,1,30.881826430306493,0,0,0
0.007156181685258815,1,3,28.93117728577839,0,0,0
0.022828720208052537,1,1,34.391343688969144,0,0,0
0.006263297579334991,0,3,28.998319774486397,0,0,0
0.01837851727699974,0,0,18.165750799765117,0,0,0
0.0009603218456482238,1,3,32.91680731575468,0,0,0
0.0007375876817339659,0,0,30.239651870097163,0,0,0
0.014656958598300686,0,3,29.2453864809371,0,0,0
0.0019354916845731789,1,2,34.140908937972796,0,0,0
0.11849762465409512,0,1,27.282943545791003,0,0,0
0.01606495291305763,0,4,32.499204311322075,0,0,0
0.00799538364162639,0,1,30.705157191701236,0,0,0
0.0001425801900816059,1,2,23.24336743323611,0,0,0
0.001062623091810223,1,1,33.41020145239182,0,0,0
0.032210752382661925,0,2,36.89108959976077,0,0,0
0.012573480737802208,1,1,22.756135486425443,0,0,0
0.0838850014321323,0,3,23.342493241185124,0,0,0
0.0014883642546641154,1,1,32.292924911056545,0,0,0
0.0020506443715907216,0,4,35.79142795767241,0,0,0
0.0028302478353691395,0,1,32.28263398868293,0,0,0
0.00019004446579241362,0,4,38.74053517391086,0,0,0
0.006362519445094083,0,1,27.434701195541514,0,0,0
0.003626197178706743,0,3,35.28527469657198,0,0,0
0.029635879322475227,0,4,33.14862986400786,1,0,1
0.0011985049870990336,1,0,169.098457620206,0,0,0
0.007115262074876882,1,0,32.77371790883436,0,0,0
0.0032754594619782006,0,4,31.307256443780695,0,0,0
0.028554747374064337,0,2,13.69067998301135,0,0,0
0.006847805032514501,0,1,155.3078524415334,0,0,0
0.002297426895297775,0,2,28.48726197570208,0,0,0
0.008420782924832977,0,2,36.592313625210274,0,0,0
0.002829678455030407,1,3,36.1661138390794,0,0,0
0.006180930974755227,1,3,28.047718708802535,0,1,0
0.011152144846842937,0,2,33.00619256128042,0,0,0
0.0486147762770226,0,3,34.48998728735137,0,0,0
0.06787931188664799,1,1,26.050334739296208,0,0,0
0.004773840028688547,0,1,38.13020693619453,0,0,0
0.0032226719575822746,0,2,33.878326383777754,0,0,0
0.004225325199563454,0,2,35.124134653390364,0,1,0
0.005252226651009472,0,1,19.98567017274663,0,0,0
0.0013946006663332403,0,2,29.959574541656856,0,0,0
0.004004710786685694,0,2,28.470972235819307,0,1,0
0.02099445685581837,1,3,34.832343107067615,0,0,0
0.02810622362522055,1,0,152.29006998381666,0,0,1
0.002700907509568964,1,1,31.00206309128076,0,0,0
0.0013698217090148358,1,5,28.066007142803002,0,0,0
0.04656739527542809,0,0,31.32819647544379,0,0,0
0.10665070855242506,1,5,22.83824354266087,0,0,0
0.02659316350580694,0,5,24.615913303406465,0,0,0
0.002280616717372955,0,2,30.572817732249046,0,0,0
0.011416475667585156,1,1,30.611398532133308,0,0,0
0.21495944123872812,1,2,139.26951159412187,0,0,1
0.0011393537897726159,1,4,28.679959441523284,0,0,0
0.029718636135810068,1,2,27.016875184209248,0,0,0
0.0032497090682406813,1,1,27.25666226482847,0,0,0
0.002438162049552279,1,2,27.83477518031073,0,0,0
0.009830763631226641,1,1,29.83622959515861,0,0,0
0.050854963541077575,1,2,34.995032935720424,0,0,0
0.0013540196504172562,0,2,26.441465149880912,0,0,0
0.08178339189025796,1,3,30.745843265773505,0,0,0
0.00062684972945037,0,3,33.38444619540614,0,0,0
0.012565421310621817,0,2,25.196121610291108,0,0,0
0.034244908127939136,1,1,35.283517317895694,0,0,0
0.00798206889798053,1,2,18.580483045538905,0,0,0
0.0021504163776702966,1,3,32.58429777198251,0,0,0
0.13987735583299332,1,0,30.00844019463084,0,0,0
0.004467590492198872,0,4,26.044505495035544,0,0,0
0.15525798951385164,0,2,24.89926028194641,0,0,0
0.021311308984555116,0,3,32.23362684434405,1,0,1
0.0009086863742689456,0,1,27.835061384725027,0,0,0
0.02228937697065364,1,1,31.109500529916886,0,0,0
0.013935446031985498,1,2,25.774131396028295,0,0,0
0.0002918436219365952,1,1,25.31772682963043,0,0,0
0.0016391265409799105,1,1,26.157065157422068,0,0,0
0.0006263929769635921,1,2,32.74901359248549,0,0,0
0.0016737486036507545,1,1,33.43973428269064,0,0,0
0.006019439720077051,0,2,27.023319060866168,0,0,0
0.036750170828280464,1,2,22.787672257796423,0,0,0
0.023464673108746444,1,3,88.91241241311523,0,0,1
0.0023364432639736616,0,4,36.13579720891763,0,0,0
0.0037953102081044886,1,2,27.364491245746038,0,0,0
0.01356168057226487,0,4,28.47393902825729,0,0,0
0.021266913878233967,1,0,27.864349250405173,0,0,0
0.01444023477350812,1,1,27.331586589193165,0,0,0
0.0009675834477197949,0,3,34.46723336002366,0,0,0
0.0024150547337906158,1,2,31.04373471788906,0,0,0
0.006230963025424199,0,4,20.767814773338216,0,0,0
0.012699512366624036,1,4,24.961157285856032,1,1,1
0.0013088777764417802,0,2,31.600741248090344,0,0,0
0.003966018158319414,0,3,35.065568857342555,0,0,0
0.0031867721597480273,0,1,169.8905224571284,0,0,0
0.003489885726910433,0,2,31.497376304460953,0,0,0
0.018174549336551063,0,4,30.748844482711576,0,0,0
0.004398751308586438,1,3,24.19628592599556,0,0,0
0.006014327505316691,1,3,35.56318257191097,0,0,0
0.10048831574955135,1,5,34.032233249421054,0,0,0
0.0003445803146415711,1,0,26.1092638501412,0,0,0
0.006114653493507418,0,3,31.298704180023236,0,0,0
0.041348368567737416,0,1,30.089475103360247,0,1,0
0.0035288006605016437,0,2,24.422928250343283,0,0,0
0.025465320471903193,0,1,35.65645727070284,0,0,0
0.0027856555801054456,0,3,24.429199347960868,0,0,0
0.027109757330529054,1,5,30.131588619977745,0,0,0
0.00044591151047188515,1,2,41.98710063239781,0,0,0
0.04121126608296126,0,1,28.092780302090944,0,0,0
0.01962979340788927,0,2,19.29740083779994,0,0,0
0.02452022347364341,1,1,30.87144438020539,0,0,0
0.0054413366229490384,0,1,32.827232481303646,0,0,0
0.003794637244623165,0,1,32.74677065886819,0,0,0
0.0025229690687887927,1,3,33.46723620422212,0,0,0
0.0005905361968779296,0,0,27.383989588625496,0,0,0
0.032328843583411135,1,5,30.89358139834585,0,0,0
0.003050955472585553,1,2,24.208306076624563,0,0,0
0.006636878670230844,0,2,32.33910533143785,0,0,0
0.008853347514983567,1,3,31.74852170980442,0,0,0
0.007010650383105221,0,1,41.12610473491998,0,0,0
0.0014027668185437481,1,3,31.182651915892176,0,0,0
0.002183118831404379,0,2,32.435035342323694,0,1,0
0.0024178637773772604,0,1,26.56867841742447,0,0,0
0.000556523518261589,0,0,27.30430033633995,0,0,0
6.197076929329673e-05,0,2,29.642749484793555,0,0,0
0.0009681288045699537,0,2,33.890932770515796,0,0,0
0.0031871994308013377,1,2,29.244268335821154,0,0,0
0.005731554838966461,1,1,25.949259081126606,0,1,0
0.005867541291666451,1,4,36.57781883998018,0,0,0
0.022075543370830952,1,4,20.755312501321075,0,0,0
0.00823798328323345,0,2,27.25687676656827,0,0,0
0.0014407533418730578,0,1,30.072066745941942,0,0,0
0.00441962044122541,1,1,36.539232872865625,0,0,0
0.005332806532263452,0,1,31.033269725168132,0,0,0
0.011033795173152654,1,3,34.2370962778389,0,0,0
0.011657080729118342,1,3,32.82935242883863,0,0,0
0.002683878051044532,0,1,34.551378502924635,0,0,0
0.0008531820957385015,1,0,29.101559365058236,0,0,0
0.00045132361398483737,1,1,36.229060782481035,0,0,0
0.011457705875499182,0,5,37.66967622231786,0,0,0
0.004624262777012758,1,1,35.05281440781344,0,0,0
0.0026470242852105067,1,0,33.31991196392662,0,0,0
0.0024059304526748444,0,0,30.024465669114836,0,0,0
0.003296266854104476,1,1,28.581180604577433,0,0,0
0.001197787507753165,1,1,26.87957839852896,0,0,0
0.007334463049727166,0,2,26.09132535202285,0,0,0
0.004633536281233881,0,1,37.31209594016907,0,0,0
0.0026951195984048597,1,0,37.92070742065656,0,0,0
0.018633949055792978,1,1,31.126250295214486,0,0,0
0.05069874082758385,1,2,33.9120502659909,0,0,0
0.002904845126868436,1,3,17.66914504013045,0,0,0
0.05761483874150575,0,2,23.883635674998445,0,0,0
0.0043921250537874,1,3,37.85022263390786,0,0,0
0.01647322439143785,0,2,31.494518213142726,0,0,0
0.0006053200825505063,0,2,32.278136773751314,0,0,0
0.016963557159721428,0,1,29.69899794125225,0,0,0
0.020978885540405688,1,3,17.379567122683092,0,0,0
0.031145662848146894,0,4,34.64948657689879,0,0,0
0.0012731777622100636,1,2,24.9371755575783,0,0,0
0.009805951189841396,0,1,22.610825376939562,0,0,0
0.004372672138794653,1,1,30.366741635063775,0,0,0
0.029930330366842887,1,2,35.023281013379716,0,0,0
0.007462648639106102,0,0,175.79701062341744,0,0,0
0.009033997933279409,1,3,20.293082305041658,0,0,0
0.07989845654975541,1,3,32.64597641612557,0,0,0
0.0010447973477091936,1,6,25.251743577744097,0,0,0
0.025399585779222775,0,1,24.128503802364605,0,0,0
0.000989179623294217,1,4,25.54150005801204,0,0,0
0.020755189907516975,0,2,33.93718021694332,0,0,0
0.0017113610530147061,1,1,24.999735839665743,0,0,0
0.002388139879661908,0,0,28.884501434072074,0,0,0
0.006197594129963903,1,2,30.745288933555532,0,0,0
0.004125986236795341,0,1,28.617279011436484,0,0,0
0.009816093042556531,0,1,32.57082699757743,0,0,0
0.031898689223422136,1,0,33.97276758474419,0,0,0
0.03624527717623204,1,7,33.86780128491878,0,0,0
0.003357315270467415,1,2,28.09426621443503,0,0,0
0.02240689856439232,0,0,25.576929731419707,0,0,0
0.005767319297115038,1,5,27.621749382144067,0,0,0
0.00937965702238329,1,1,33.219850727595656,0,0,0
0.0012126856063935819,1,0,30.282282228422186,0,0,0
0.03661323824679795,0,2,34.27359442127027,0,0,0
0.0016507241478195453,0,3,26.15594183871373,0,0,0
0.0034344628701788293,1,1,35.57710908144472,0,0,0
0.004401218764311726,1,2,145.74531216058082,0,0,0
0.0014906060239024443,1,3,31.211770824475643,0,0,0
0.0026388610739074446,0,1,30.40949212067105,0,0,0
0.008636120408259167,0,3,35.594381575627715,0,0,0
0.00019953476856912963,1,2,29.78727890696022,0,0,0
0.0036419965185487003,0,3,34.85072044560773,0,0,0
0.028880083498049065,0,1,26.67132091942991,0,0,0
0.010027583710501178,1,2,35.24704561618573,0,0,0
0.0008584383159215512,1,1,31.011331116736336,0,0,0
0.04571331329785497,1,7,32.219302699168665,0,0,0
0.0029810748463568715,0,1,33.44645661863704,0,0,0
0.0006291632471287579,1,1,34.85703775633794,0,0,0
0.0031153879718589235,1,2,23.873591523896355,0,1,0
0.0011445074767035973,1,2,28.02930456805956,0,0,0
0.0070345951003339055,0,3,20.31074356566323,0,0,0
0.012852990136408546,0,1,26.280668449185775,0,0,0
0.03554917651328955,1,6,27.3128756379983,1,0,1
0.0037552080206459996,0,2,32.28882878028853,0,0,0
0.0008131918292279525,0,2,31.726719904841772,0,0,0
0.0022970459017603337,1,3,30.992104607292145,0,0,0
0.010932872030921293,0,2,31.054482235571225,0,0,0
0.003026538648787364,0,3,34.842703922735346,0,0,0
0.0010772950824874295,0,2,25.178927503469755,0,0,0
0.0011480296496508243,1,4,28.021441655206512,0,0,0
0.022957233387738786,0,0,29.06039501017664,0,0,0
0.022325406228570585,0,2,31.451891963804957,0,0,0
0.004376675323493948,1,5,33.74157180770331,0,0,0
0.03225990829959038,1,5,30.932760702987416,0,0,0
0.00018903511228548963,0,1,32.07974371534353,0,0,0
0.005781095437816797,0,3,34.9048584208638,0,0,0
0.0077125275940308395,1,1,27.037407404150343,0,0,0
0.009744617945479823,0,4,34.1475863956477,0,0,0
0.01909264386221401,0,2,33.572685930037814,0,1,0
0.0022505891347386073,1,2,35.31961134673238,0,0,0
0.014396987946166041,0,1,35.53082990420873,0,0,0
0.01974912226305628,1,5,20.86515141756416,0,0,0
0.026550981614839264,0,1,20.93138662596644,0,0,0
0.0006926296826850713,1,3,27.320764709569346,0,0,0
0.0020729615507899695,0,0,25.54606855315284,0,0,0
0.004415662228103692,0,1,41.16339272465626,0,1,0
0.004717157425788232,0,4,39.40321384752553,0,0,0
0.03287551477057873,1,1,34.33968465314247,0,0,0
0.0823071746746244,1,3,36.13234691276928,0,0,0
0.07677117804640601,0,0,27.69660498426994,0,0,0
0.008539527893886296,1,5,28.617274406648125,0,0,0
0.0013295755054933344,1,5,117.25941175039291,0,0,0
0.0014967100601889884,0,2,43.15701007650877,0,0,0
0.004283685078358821,1,2,28.181638615582717,0,0,0
0.021854296815106106,0,1,150.0710042537566,0,0,0
0.0034258261936970878,0,3,30.892611954042565,0,0,0
0.03518227812989849,0,2,29.71831785795157,0,0,0
0.004406701803025359,1,1,30.598370939169513,0,0,0
0.0030376203622843163,1,1,32.54674784200655,0,0,0
0.07601856462083774,1,1,35.57504462149463,0,0,0
0.002054878554489253,0,1,28.838860195400333,0,0,0
0.0028860444745347756,0,2,20.45342558267936,0,0,0
0.01294816093009857,1,4,25.789540331789542,0,0,0
0.00039884918120364416,1,2,26.561405440331615,0,0,0
0.05819573993909266,1,1,27.577837891928738,0,0,0
0.013126428409857676,1,1,34.26980833348636,0,0,0
0.005388998450363317,0,2,28.26420396529102,0,0,0
0.0007149777872107061,0,6,30.18555751844843,0,0,0
0.019185291726155407,1,2,44.201854089198775,0,0,0
0.01035045584666759,1,2,21.169021707710503,0,1,1
0.0008438047757794587,1,2,175.3487568032725,0,0,0
0.002941005231476775,0,4,27.7485087770635,0,0,0
0.0009529845431074843,1,1,31.43585901400654,0,0,0
0.0008699237748854064,0,4,29.08475873874793,0,0,0
0.06410876853885444,0,3,179.6236829470451,0,0,0
0.013265222562816084,0,4,32.3668409614082,0,0,0
0.0035828575712709776,1,5,31.203858060926954,0,0,0
0.008822407643840654,0,2,43.22083283912116,0,0,0
0.012320264619037843,1,2,28.42784489236985,0,0,0
0.00019714093890512091,1,2,28.98214670838854,0,0,0
0.002669113964244298,1,4,25.713281696538377,1,0,1
0.020809978653946636,1,1,36.18898234968867,0,0,0
0.001808287757129126,0,3,38.47615532997025,0,0,0
0.00890730811831996,1,3,23.63585810074263,0,0,0
0.0006964217227782474,0,3,31.612243145292673,0,0,0
0.0016569422233720726,1,1,35.690523859448334,0,1,0
0.0027372541191795587,1,3,29.903841553471462,0,0,0
0.015555062001529335,0,3,26.408698497831047,0,0,0
0.0004158292426778145,1,2,30.504679852890565,0,0,0
0.000964075619378273,1,1,29.01227324543649,0,0,0
0.003633496842450319,0,2,26.87660176552498,0,0,0
0.0024543900755425205,0,3,25.151476689610313,0,0,0
0.010881998445888828,0,3,30.091893989902612,0,0,0
0.0008548420643078424,1,2,32.43103947340108,0,0,0
0.012976512617220673,0,4,35.722674274238734,0,0,0
0.0017780131415555613,1,0,30.33975983610599,0,0,0
0.002141772485558872,0,2,27.4800128613519,0,0,0
0.009441195679110703,1,1,27.88967619557171,0,0,0
0.020721424753513986,1,1,25.26830569588659,0,0,0
0.016795528395180406,1,3,29.814183456252913,0,0,0
0.004922530936657205,0,2,27.887733665734082,0,0,0
0.008234898459292744,1,1,26.932409426171358,0,0,0
0.0007331827817320293,1,2,28.656956589023373,0,0,0
0.0014845682798445236,0,1,30.60598201003356,0,0,0
0.007429202711323458,1,2,31.475568909448697,0,0,0
0.002171490987665935,1,1,34.79476443126494,0,0,0
0.022526889394443753,0,3,31.056087485068545,0,0,0
0.0035056933094345104,0,1,36.02409367708806,0,0,0
0.009816977099461235,0,1,29.224000536531996,0,0,0
0.001292894808717385,1,6,32.525837382389405,0,0,0
0.002184215739489608,1,1,20.348537045583818,0,0,0
0.003252110330925886,1,1,28.29936053046182,0,0,0
0.07169357240120136,0,4,20.056065523434995,0,0,0
0.004097876924756128,1,2,27.841849017859868,0,0,0
0.0009040070538801033,0,0,30.787469721266948,0,0,0
0.027823014718927806,1,3,20.553291661381788,0,0,0
0.008125091275552691,1,0,29.889582756911597,0,0,0
0.006765664943690204,0,2,40.374210820016664,0,0,0
0.04290897659689898,1,0,31.756104285683804,0,0,0
0.15863168169555444,0,3,25.98763868501942,0,0,0
0.0012351204025561522,1,1,40.09867256520399,0,0,0
0.0007607878677650808,0,2,26.867174787289777,0,0,0
0.0004014680161676987,1,1,31.664244464482714,0,0,0
0.006892669659518949,0,4,34.598153854369336,0,0,0
0.01694742123083397,1,3,30.73965287864167,0,0,0
0.00027969074808590526,0,3,30.913458421732965,0,0,0
0.00939499339227292,1,1,32.005896070556055,0,0,0
0.003726599143281417,0,3,28.80200351573656,0,0,0
0.037406901687494144,0,2,27.71939464326782,0,0,0
0.0012730215679131907,0,1,25.9627424392697,0,1,0
0.009770086065782418,0,1,25.669748379358357,0,0,0
0.02034525347008187,0,1,27.612584415194174,0,0,0
0.010537736560362465,0,4,28.891188471260154,0,0,0
0.0037111421162586956,1,1,91.59772571820491,0,0,0
0.01652697655057667,1,2,32.85385666875674,0,0,0
0.0014607941396493228,0,4,27.76026692215186,0,0,0
0.008538005583351289,1,0,35.209452213546555,0,0,0
0.032528168389300186,0,3,31.189469129667856,0,0,0
0.007364479612021863,1,1,28.619710736478496,0,0,0
0.010907630987925458,1,6,125.915326790982,0,0,1
0.013899583126766937,1,1,40.83103383308405,0,0,0
0.011333779298083156,0,0,20.22549991774629,0,0,0
0.007013808408820028,0,1,34.40140075962874,0,0,0
0.002703081456930361,0,4,29.718127525138232,0,0,0
0.006035147783497414,0,5,19.480372536727124,0,0,0
0.012365478438553965,1,0,31.128120597428367,1,0,1
0.009270224443726282,1,2,28.223186289948824,0,0,0
0.0025906016149810007,1,8,34.82172782777997,0,0,0
0.019995860222813067,0,3,28.31491321523862,0,0,0
0.010431355512190868,0,2,28.600472556159303,0,0,0
0.00995585278031606,1,2,36.19499813428915,0,0,0
0.0029203840925416625,1,2,30.604845008875557,0,0,0
0.0008058424987769549,1,3,25.101358109336697,0,0,0
0.003700358204744015,1,4,22.689936005515,0,0,0
0.002450158976002605,1,3,35.72696627306926,0,0,0
0.06360157681742777,1,3,31.86744003067484,0,0,0
0.0008083805404885923,0,1,25.27729378695023,1,0,1
0.0013823724380552143,0,1,26.426556582349043,0,0,0
0.0014510132093996408,0,3,33.82724242727106,0,0,0
0.004225356005985862,1,1,25.470625959171358,0,0,0
0.00028651171157330433,0,4,28.98024460167293,0,1,0
0.005336165553828489,1,0,25.289531015781986,0,0,0
0.0023773208896686157,1,1,25.450995821733343,0,0,0
0.004381555675173807,1,3,35.48826550226778,0,0,0
0.017701998827219654,0,1,31.485187994242928,0,0,0
0.029438921006174856,1,2,38.66945197118648,0,0,0
0.0022504755635737923,1,0,34.34503805272466,0,0,0
0.006443127705384424,0,2,27.399707764296178,0,0,0
0.002590949177254805,1,3,32.629460391142445,0,0,0
0.14158234115095258,0,3,31.883320724584465,0,0,0
0.014547797650851789,1,2,27.021616330584326,0,0,0
0.017617546245423974,1,1,37.91073832845724,0,0,0
0.00862662211647949,0,3,27.243908215969387,0,0,0
0.003876021951591901,0,3,38.97924141142647,0,0,0
0.006060521120221227,1,2,23.916137987597104,0,0,0
0.00014979160101723048,0,2,31.83957721568917,0,0,0
0.007273627504719579,1,1,35.68411985498836,0,0,0
0.018474141232823895,1,4,31.667037363646845,0,0,0
0.000997490877702481,0,3,36.699542724189776,0,0,0
0.00842395114713491,0,1,23.95703605019763,0,0,0
0.0012871373856238435,0,1,23.36236427138317,0,0,0
0.0017256913189584802,1,1,30.230388189317782,0,0,0
0.009182302355123968,1,3,31.032558797164963,0,0,0
0.00046077098570615905,0,3,23.505069018239233,0,0,0
0.008736403205642724,0,3,29.899312441084053,0,0,0
0.0008677409537651229,0,2,38.811790884417405,0,1,0
0.026871044741787316,0,2,28.817117889715917,0,0,0
0.0024494457063739283,1,2,37.79411808872184,0,0,0
0.007391677139815329,1,4,28.417697563920967,0,0,0
0.0013624192747293477,0,3,27.066954411388686,0,0,0
0.0020337391441719627,1,3,24.055963491649933,0,0,0
0.09260730976828829,0,2,29.990371039954592,0,0,0
0.006795023309604371,1,3,27.46764149616487,0,0,0
0.010125376623832335,1,2,28.53372095006011,0,1,1
0.0014633413028974484,1,2,34.31226842057259,0,0,0
0.0011076259827489975,1,1,32.39265367606733,0,0,0
0.0025646256779919305,0,3,25.029779464145072,0,0,0
0.002419560476055439,0,3,30.463781306714964,0,0,0
0.001161896434210169,0,5,91.26549379994377,0,0,0
0.0002541526507904005,1,0,37.557067225976716,0,0,0
0.003343571607196463,0,1,30.20393650467965,0,0,0
0.05040319288854204,1,4,25.20698549689574,0,0,0
0.008734519289361187,1,1,28.605590198575932,0,0,0
0.08239508018421207,0,4,27.55953263008689,0,0,0
0.004197181607284657,1,3,32.55146753737578,0,0,0
0.0010948834072157963,1,1,31.877676423907285,0,0,0
0.002727663266926303,0,4,31.181639766029242,0,0,0
0.021053050059931164,1,0,31.479417830605488,0,0,0
0.0006133621379990425,1,2,29.321749571369242,0,0,0
0.0004744351979633099,1,2,32.460819035183896,0,0,0
0.20216888194352775,0,5,29.666600386398756,0,0,0
0.06420545441884516,1,1,34.54682626834378,0,0,0
0.009361851539534678,0,2,19.092071343597745,0,0,0
0.011226249376296514,1,3,28.17195756595421,0,0,0
0.00412957746414087,1,3,33.36902653010519,0,0,0
0.0014324918410859228,0,1,29.048724156270243,0,0,0
0.0006724200215712407,0,5,26.114498505981956,0,0,0
0.00047961454820023847,1,3,36.809024940930506,0,1,0
0.011483748367086648,1,1,125.33572169202019,0,0,1
0.04585391073502316,1,4,31.252341145360937,0,0,0
0.0015702846854502564,0,2,32.3586833930338,0,0,0
0.0014819533082796532,1,2,30.78096288671741,0,1,0
0.0007399263646356084,1,1,25.70607702686199,0,0,0
0.015097829120939646,1,0,34.66040788929702,0,0,0
0.017350934656644047,1,3,33.74234242428358,0,0,0
0.011435446523914788,1,0,28.65456551036843,0,0,0
0.0016744615864619742,1,0,35.44762230706334,1,0,1
0.006316347448490005,0,1,30.957588664635963,0,0,0
0.0025994023816423126,1,1,35.43219528115658,0,0,0
0.06239119163253878,1,0,30.704603231920743,1,0,1
0.018424891979344413,1,4,28.868376819188665,0,0,0
0.053469295857283244,0,2,23.356334529956378,0,0,0
0.016607696473651182,1,0,34.088202571308116,0,0,0
0.005459586978719032,0,2,23.79871752384746,0,0,0
0.0034145098385177483,1,5,32.56318254694994,0,0,0
0.0016668378610927104,1,1,24.932281741634178,0,0,0
0.0036821105135143623,0,4,26.070236380097562,0,0,0
0.06606694729165095,1,2,26.608693517307437,0,0,0
0.0045673816711144614,1,3,33.78129337515456,0,0,0
0.009710320250341622,1,3,35.211054635255664,0,0,0
0.005604357731950861,1,1,30.47636262477385,0,0,0
0.011338747610148489,0,4,43.45392745463606,0,0,0
0.04441429458063331,0,1,32.83059560980218,0,0,0
0.018200732908089382,0,1,28.589627955727163,0,0,0
0.0014611960306361016,1,2,28.566387896470054,0,0,0
0.0011016239311987695,0,3,30.576181828655322,1,1,1
0.02121950477134298,0,1,21.204719712828556,0,0,0
0.006163664703410814,1,3,26.752215619390373,0,0,0
0.05859528934542036,1,4,30.5454430229223,0,0,0
0.0022425934972498704,1,1,34.08292432518835,0,0,0
0.0039601877343525636,0,1,27.798603588139677,0,0,0
0.028694276355944428,0,3,32.27629467018684,0,0,0
0.0014494616322890746,0,3,46.477629288158,0,0,0
0.011251679534415516,1,4,165.9898461895042,0,0,1
0.001890441464428014,1,0,29.122443045180034,0,1,0
0.033935950983292835,1,0,21.802605834427304,0,0,0
0.007094825881504149,1,5,22.97659874288565,0,0,0
0.0348872282465484,0,1,30.874230237304914,0,0,0
0.0021223145211118574,0,1,26.682067965232267,0,0,0
0.00915289181464134,0,1,35.04434271099383,0,0,0
0.0005044692572104254,1,3,34.34546886875778,0,0,0
0.01799847524762986,1,4,33.461174614432075,0,0,0
0.0026128222733619554,1,0,36.605650267004535,1,0,1
0.006354675939295664,1,5,32.40740724561036,0,0,0
0.006899369738296634,0,2,29.005259650042863,0,0,0
0.0018140013049001693,1,3,33.96472817369806,0,0,0
0.006677023093100564,1,0,34.13040658809049,0,0,0
0.008509055182845747,0,3,23.411173408479268,0,0,0
0.028060110782750582,1,3,31.33606289867451,0,0,0
0.05270021739326049,0,0,27.567599848813376,0,0,0
0.0010074273790270623,1,1,28.75838789749672,0,0,0
0.0477850738316545,0,2,38.40685437994215,0,0,0
0.0033224849668301417,1,3,36.44383391577744,0,1,0
0.000486904202126182,0,3,26.333818660006127,0,0,0
0.01668366408590138,0,0,27.980615674907636,0,0,0
0.035403058435100186,0,2,24.59134349448427,0,0,0
0.004704777515381075,0,4,27.78569728540159,0,0,0
0.007730406463191284,0,1,31.794300834758513,0,0,0
0.04812280428930102,0,1,20.094908901116618,0,0,0
0.002193163376651964,1,4,22.009468002613307,0,1,0
0.0036546158099518573,0,1,24.496429011160032,0,0,0
0.003720954320814299,0,3,30.416303247084194,0,0,0
0.0018285052658475903,1,1,34.01164742152299,0,0,0
0.013139808844926949,1,0,29.858873444207806,0,0,0
0.06560066997826954,1,1,28.97972251644529,0,0,0
0.004989060562050987,0,3,32.947694970113645,0,0,0
0.005147568439042224,1,3,27.044309350523875,0,0,0
0.027594830086290066,1,1,32.14238856346395,0,0,0
0.030833790107165564,1,0,31.57876527756771,0,1,1
0.008577558039795858,0,2,31.77891445269553,0,0,0
0.0159110577116846,0,3,29.8037013845579,0,0,0
0.006342534754872081,0,0,36.16925425804781,0,0,0
0.027456687137631827,0,3,26.590990306215282,0,0,0
0.011156107518968717,1,2,28.2378129325104,0,0,0
0.006009998439422254,1,2,24.307856918355952,0,0,0
0.005464798208593681,1,4,32.748568541774844,0,0,0
0.03612719675668546,1,5,28.31769847189364,0,0,0
0.003572867144660803,1,1,20.201312446583742,0,0,0
0.009031267357475115,1,1,27.980751849624717,0,0,0
0.001419885600457557,0,1,26.007355148412536,0,0,0
0.004563769536291151,1,4,34.230503401405315,0,0,0
0.013693099830575406,1,3,27.046630961244386,0,0,0
0.01728714749253939,1,3,23.460430456901335,0,0,0
0.0012773013523529277,1,0,20.48130404038886,0,0,0
0.009893716196849978,0,0,29.084914461967024,0,0,0
0.04999920016905252,1,4,23.965169589224175,0,0,0
0.009495608324088665,1,3,26.25675614138021,0,0,0
0.0030970129513958203,1,4,27.365525507296546,0,0,0
0.000937310465809207,1,1,29.2354461584496,0,0,0
0.026257949210482058,0,4,30.366830105701894,0,0,0
0.004214807135782564,0,2,21.5051088129946,0,0,0
0.010504553631596605,1,3,31.199352020740914,0,0,0
0.020203047443670314,1,2,27.128948699566596,0,0,0
0.000339783327240532,0,2,26.920081297811652,0,1,0
0.003176761900952525,1,1,89.81634469047893,0,0,0
0.017575861718490224,1,3,29.819550106472303,0,0,0
0.00819849570875995,1,2,31.861747905408023,0,0,0
0.012428440748962755,1,2,23.862275020612213,0,0,0
0.006350275986245094,0,3,36.06536713226816,0,0,0
0.002138137283945611,1,3,24.01312033848041,0,0,0
0.005561047648381522,0,3,20.057593921774313,0,0,0
0.0008990552709666547,0,2,29.23725382315231,0,0,0
0.005816626944941506,1,3,26.074495729798606,0,0,0
0.007277623217946717,0,1,21.285517683471937,0,0,0
0.046527377807839616,0,1,30.004103380906766,0,0,0
0.004463481364884227,1,1,19.84641804930407,0,0,0
0.01622417268504367,1,3,30.447526003460744,0,0,0
0.0025622103394871833,0,3,27.613804315182982,0,0,0
0.00301463138024196,0,3,33.06672541740875,0,0,0
0.0057077794170239905,1,4,32.360291963462664,0,0,0
0.028889231156028893,0,4,25.013964335094766,0,0,0
0.007679024672844298,0,2,24.94873592733993,0,0,0
0.015056067898788389,0,2,34.87490860396495,0,0,0
0.034595149311375625,0,1,34.22385399173288,0,0,0
0.043389123108259174,1,0,40.159204245353735,0,0,0
0.0019164955859538976,1,2,26.092443028997764,0,1,0
0.006775587520935342,1,2,27.065322563694018,0,0,0
0.0037232979100979254,0,4,32.10976817830689,0,0,0
0.027845863292995453,1,0,32.980036241716576,0,0,0
0.006267914661943186,0,2,24.86861878703626,0,0,0
0.039389920787733346,1,3,31.006831838344148,0,0,0
0.014473910458140952,1,3,18.65744773433597,0,0,0
0.0004074700582631229,0,1,32.48524409655453,0,0,0
0.04844559503234551,0,1,33.90260093381326,0,0,0
0.00931809364418156,1,2,28.747427769958833,0,0,0
0.04061259076446293,1,4,28.599180776416908,0,0,0
0.024207297187228444,1,1,28.658179560752863,0,0,0
0.007948294001497493,1,2,22.175000373014136,0,0,0
0.0033572487981850087,1,1,36.05168617786745,0,0,0
0.13959105656306656,1,1,24.886248252428345,0,0,0
0.01851229776866498,0,0,31.77657492434779,0,0,0
0.03146392912010758,0,2,39.25057281012499,0,0,0
0.011381104081204168,1,4,32.12322307488423,0,0,0
0.023965162952846515,1,3,31.745651117283437,0,0,0
0.028509238538237263,1,2,23.721909428585075,0,0,0
0.006472706499057635,0,1,32.904793330120924,0,0,0
0.0013829409812485874,0,2,31.841689139550166,0,0,0
0.0032652879753594976,0,3,26.799040914692483,0,0,0
0.01630913767260293,1,3,33.26313523815775,0,0,0
0.002307202582830423,0,1,29.890151076848348,0,1,0
0.0028116519193688407,1,1,24.20693856278443,0,0,0
0.011231892804576338,1,0,25.959524399392023,0,0,0
0.07346411832214916,1,1,23.46299534544969,0,0,0
0.0023854211224117318,1,3,24.386582391754335,0,0,0
0.0034892393773531525,1,0,36.47116958974837,0,0,0
0.002221569767334005,1,0,120.86497260537018,0,1,1
0.008402819001911116,1,4,38.6967455109561,0,0,0
0.025971936880239053,1,5,18.51181973255703,0,1,1
0.001564257013832005,0,1,29.172226948973485,0,0,0
0.010775285877970735,0,5,24.081127319738847,0,0,0
0.03834448478717272,0,3,30.40157495665011,0,0,0
0.0021897153899696274,0,5,41.61447365530451,0,0,0
0.0425033266159428,1,1,34.955030836696515,0,0,0
0.00015296673379258465,1,1,25.30138019575087,0,0,0
0.002392359579852908,0,3,38.39648239478003,0,0,0
0.009965139728846937,0,0,33.91855040150324,0,0,0
0.013741682406735277,0,1,19.728540492214158,0,0,0
0.010698405969751813,0,4,23.169103425217415,0,0,0
0.004941736528496652,1,4,25.8340595859392,0,0,0
0.014153243470937054,0,0,34.808256342901274,0,0,0
0.014249748422133397,0,3,19.31586872506204,0,0,0
0.016829931160464683,1,5,25.10220277752454,0,0,0
0.005378349234654122,0,6,32.529734386647846,0,0,0
0.006226378526317128,1,1,35.24454140583627,0,0,0
0.015132658307967322,0,4,24.924170604876018,0,0,0
0.001518025841973733,1,1,28.605576756025734,0,0,0
0.006253803410807498,0,1,31.69959605081026,0,1,0
0.07832584666993074,1,3,33.104173402158644,0,0,0
0.004697058428227599,1,3,31.885836949496966,0,0,0
0.0060787718935632435,1,5,21.408674256752104,0,0,0
0.0008312632211665724,0,1,176.83970086431464,0,0,0
0.00517055013088258,0,1,27.840416372281744,0,0,0
0.0045561918869704895,1,3,32.22115711552718,0,0,0
0.0027385252551704493,0,2,29.080573725669492,0,0,0
0.00664077483518712,0,2,22.868101868550916,0,0,0
0.004493202003419883,0,2,30.99041422946655,0,0,0
0.00754745411997013,1,2,23.011362936667137,0,0,0
0.011854691185142855,1,1,30.10774865401367,0,0,0
0.00645398103015156,0,4,28.903766087355237,0,0,0
0.015962128559187296,0,2,29.907136663476095,0,0,0
0.0005940844218019212,0,0,30.625441330755567,0,0,0
0.00089995812527632,1,2,35.085806971685315,0,0,0
0.0054195949510658595,1,5,34.101532997661096,0,0,0
0.000523064059169066,0,1,28.584168483681463,0,0,0
0.0035660386691251946,0,4,35.53910528948883,0,0,0
0.009992269748186502,0,3,28.542363623954735,0,0,0
0.2214362889685269,1,0,175.05152020980472,0,0,1
0.0013127293182896458,1,3,29.090998779230354,0,0,0
0.009166915476788974,0,2,172.12747604559715,0,0,0
0.02985183429797134,1,2,28.420058564200183,0,0,0
0.043888459356235074,0,0,24.909241662940893,0,0,0
0.005221341340144882,0,1,26.57736880503894,0,0,0
0.008737609005750185,0,1,32.1925016189945,0,0,0
0.021873170919108093,0,1,29.433591538132408,0,0,0
0.0003926778135282508,1,4,32.76447102574515,0,0,0
0.006770423381555735,1,0,34.91368557872458,0,0,0
0.007652704297498351,0,0,34.0234350124235,0,0,0
0.027797848782176473,0,4,25.229012434158424,0,0,0
0.5123631354519366,0,1,24.56972274631252,0,0,0
0.03453235984714989,1,2,26.59718886528284,0,0,0
0.010174852492195597,1,2,25.182789933342185,0,0,0
0.002981668747764595,1,1,27.07456536143819,0,0,0
0.00034602527748434786,0,1,32.047475112964065,0,0,0
0.009489003157287094,0,2,30.07579677152191,0,0,0
0.007242657229325585,0,0,32.10378967493368,0,0,0
0.0011717185724103994,0,0,31.023907669668954,0,0,0
0.0015121120627430273,0,1,29.307418572331112,0,0,0
0.00464212805143576,0,5,23.99317699960024,0,0,0
0.006294036287713598,1,3,21.889990141605168,0,0,0
0.003942441527755809,0,3,29.30761790574858,0,0,0
0.004864912722904643,0,1,28.987235304342384,0,0,0
0.005161415171827488,1,3,22.361334331134213,0,0,0
0.0015466937615247684,1,2,29.620119355716085,0,0,0
0.023328753160642934,1,2,36.986726186381006,0,0,0
0.006496551871681671,0,4,31.480214455436037,0,0,0
0.019362068724765404,0,3,33.43319863412254,0,0,0
0.02568641072495798,1,3,30.431660588490523,0,0,0
0.016815333957207416,1,1,21.193194079240108,0,0,0
0.24231130727987474,1,1,33.082929823440104,0,0,0
0.004629204023485424,1,1,35.87557513075578,0,0,0
0.009237320409632013,0,3,22.618101094005887,0,0,0
0.0053531523756731834,0,1,22.880280024153336,0,0,0
0.018340261336722848,1,1,28.560652210505243,0,0,0
0.0006838572509773554,1,3,32.89478495264477,0,0,0
0.019785502008193796,0,1,32.233087413934605,0,0,0
0.02061162803618859,1,6,31.764116802970264,0,0,0
0.011147293798926946,1,3,28.32108033866459,0,0,0
0.005188965644208092,1,1,28.423035422756485,0,0,0
0.010959993033833467,0,4,26.806724376456913,0,0,0
0.008274085222761686,0,1,32.53592001094465,0,1,0
0.011056644335549665,1,1,106.37318713966546,0,0,1
0.014912575971852809,1,0,26.778647723201896,0,0,0
0.019215203824172418,1,2,33.55818220925492,0,0,0
0.004082326889495284,1,1,32.29925059381695,0,0,0
0.015576327320268146,0,2,25.097671011019994,0,0,0
0.005901880443806852,1,3,25.64783762629861,0,0,0
0.0012363834019355406,1,0,30.731019740540006,0,0,0
0.010440073322201779,0,2,31.29125232349417,0,0,0
0.00030524646970602685,1,1,34.66012604618265,0,1,0
0.06944049811067135,0,3,24.39054776541791,0,0,0
0.01725427660978422,1,0,29.540834553994898,0,0,0
0.04227501894084706,1,2,36.55455828819222,0,0,0
0.0020042338251853786,0,3,29.473219511236962,0,0,0
0.030621766779397087,1,2,32.019009583174466,0,0,0
0.006054472434360359,1,0,29.314895084455607,0,0,0
0.004077605424288709,0,1,25.802312890015425,0,0,0
0.0010550672519259127,0,2,36.56446189265955,0,0,0
0.008612798159483142,1,3,28.299974661736485,0,0,0
0.0014255171203258598,0,2,34.709641757840814,0,0,0
0.008789806819504808,0,4,22.560950348072026,0,0,0
0.036940093289930816,1,0,28.151232623872474,0,0,0
0.012794234478167184,0,2,25.386803831324762,0,1,0
0.08851599976030348,0,0,31.085044172308418,0,0,0
0.006929734393283667,1,1,34.581607347297016,0,0,0
0.05188689193606454,1,3,33.876112515972366,0,0,0
0.0022560987926116423,1,1,32.15940356300242,0,0,0
0.0032083774313203593,0,0,28.37394633944619,0,1,0
0.003392474192404801,1,3,31.179097224350507,1,0,1
0.0009253321223737963,1,2,29.710052013209268,0,0,0
0.01641715328048636,0,5,19.934834189580737,0,0,0
0.0006666983769485146,1,3,31.36982790245592,0,0,0
0.00083394214682782,0,0,96.17851265922563,0,0,0
0.003678669259686669,0,2,20.95297372742626,0,0,0
0.0002734662935386524,1,4,41.69732389607001,0,1,0
0.0013104051682494926,0,2,24.504903208358094,0,0,0
0.003012238954923725,0,3,32.143965135473785,0,1,0
0.018547717612818586,0,2,22.45368686203727,0,1,0
0.0023420737802834638,0,2,29.115219825019956,0,0,0
0.010346704000580562,0,1,28.63231050012469,0,1,0
0.0008151965406473936,0,1,37.30541543583084,0,0,0
0.0009094918177852875,1,2,34.84443042543119,0,0,0
0.00872039004987578,0,3,22.876738497380256,0,0,0
0.16896179718821938,1,3,33.77835672222619,1,0,1
0.006709093049858235,0,2,22.573093968754733,0,0,0
0.0004920723627551646,1,2,35.22883946562093,0,0,0
0.0002581113897356333,1,1,26.017254214924897,0,0,0
0.010641007855642537,1,0,29.43927281022298,0,0,0
0.010982092179394349,1,3,140.27503639962072,0,0,1
0.032804494833342655,1,1,32.70987735507891,0,0,0
0.024991925507876194,1,1,35.75711949988465,0,0,0
0.007554675472565583,0,0,33.51090707435629,0,0,0
0.001473177174538448,1,5,36.219017202492886,0,0,0
0.003991500088789509,1,6,34.546239737953684,0,0,0
0.011857114296601452,1,3,29.418299290398743,0,0,0
0.00026815701785477353,1,0,41.467602871089525,0,0,0
0.0034107818557768403,0,1,23.447025990791325,0,0,0
0.0021389600640622673,0,2,32.61743291722115,0,0,0
0.0016664522492717997,1,4,25.043755347616607,0,0,0
0.020602782294339005,0,1,34.31883341032305,0,0,0
0.001791974375552678,1,3,28.913691792996147,0,0,0
0.00200585932143635,1,4,28.54144409336163,0,0,0
0.006015035001082528,1,2,35.566268301386444,0,0,0
0.02756304283389644,0,3,41.817176201909746,0,0,0
0.07268124194397213,0,2,26.94102085352537,0,0,0
0.012158871214124267,1,3,107.14288536113803,0,0,1
0.000458712544328207,1,2,29.453810608018824,0,0,0
0.01225445933065229,1,3,28.3763003769845,0,0,0
0.009782493293633907,1,2,18.568376190149003,0,0,0
0.022044511341905142,0,3,36.27795654082731,0,0,0
0.002836088006368325,1,3,27.180435395962366,0,1,0
0.004138079908558594,0,1,35.174224343109806,0,0,0
0.003350717513295942,1,1,30.66806121297722,0,0,0
0.01863491710888132,0,5,24.293254442612813,0,0,0
0.026617442962246756,0,1,30.693975591076818,0,0,0
0.05909871925178119,1,0,33.28348038342683,0,0,0
0.014438841785206524,0,0,34.1041512843319,0,0,0
0.004497930207576437,1,3,23.459348342610635,0,0,0
0.0019584858468021334,1,2,28.893496499320133,0,0,0
0.028171020879920784,0,1,27.188001432554003,0,0,0
0.006975953773140492,1,3,21.26269211293674,0,0,0
0.016243968828946593,0,4,28.617413589045743,0,0,0
0.005281132035038589,0,1,32.292928387189846,0,0,0
0.0032001797004378263,1,4,31.9142395553358,0,0,0
0.0023992901153032536,0,2,176.72726697628005,0,0,0
0.011726625039432982,0,6,103.57675289243022,0,0,0
0.024879577677410065,0,2,27.164120545360205,0,0,0
0.014220551406589383,0,1,22.76974296970983,0,0,0
0.006140107426861288,1,2,20.670456438210785,0,0,0
0.003557339689237039,1,2,103.96545394294216,0,0,0
0.5396943359196361,0,1,25.614399281909186,0,0,0
0.0013059999343615388,0,0,37.52001848605418,0,0,0
0.017928605297473654,0,2,32.22212393273884,0,1,0
0.0007011813086872308,1,4,21.509107507592397,1,0,1
0.0012398531071222511,1,3,29.13498229732431,0,0,0
0.06673180552200607,1,1,30.091867196648003,0,0,0
0.002597095105857235,0,1,27.584053830658725,0,0,0
0.0025148028027595025,0,1,25.763411258249803,0,0,0
0.0006471353630487364,0,4,37.76720225576731,0,1,0
0.009743068948039401,1,2,27.309264584213743,0,0,0
0.03463292844545383,1,0,30.165822595459417,0,0,0
0.02027483460889033,1,1,24.917247589046767,0,0,0
0.0045014506939124845,0,3,29.279252445382966,0,0,0
0.006450794639230955,0,1,26.589120612004297,0,0,0
0.0013345871978525737,1,2,23.36223669527043,0,0,0
0.027288767636073033,1,1,19.836099967436905,0,0,0
0.09573993983522294,0,2,21.4053420004236,0,0,0
0.030722215736144552,1,2,25.478515208423563,0,0,0
0.0025119860065816366,1,3,34.78027406626508,0,0,0
0.0007343942738623763,1,4,27.70139033677964,0,0,0
0.0013874485574483211,0,2,25.47087810382092,0,0,0
0.0060254269226900775,1,0,23.486582888911144,0,0,0
0.10292333126748887,1,1,22.283712857408375,0,0,0
0.021898348367284253,1,4,164.34984804765818,0,0,1
0.004266038243800109,0,6,23.877246476506585,1,0,1
0.002280303302563393,0,1,24.486945007433224,0,0,0
0.0035179212490177992,0,4,28.558094703552314,0,0,0
5.944975922098157e-05,1,5,28.44988972280652,0,0,0
0.004431422808954887,0,1,32.886398703078726,0,0,0
0.0287501111847665,1,2,31.07964524999025,0,0,0
0.07024751762571327,0,3,30.031088681443265,0,0,0
0.0004751457161365909,1,3,32.14602655351972,1,0,1
0.0008743389184325979,1,1,130.61139079243154,0,0,0
0.028535584893684032,0,2,32.83651132468473,0,0,0
0.12326611008463131,0,2,17.646402094631004,0,0,0
0.019121672856705765,1,2,31.16297636665703,0,0,0
0.03689759736212238,1,0,35.214969952318576,0,0,0
0.009433912903854426,0,1,27.003118964572103,0,0,0
0.0015137913070518683,1,3,44.47199005186825,0,0,0
0.02701394973658804,0,1,26.99496235477159,0,0,0
0.012168355261886863,1,2,42.14052885556753,0,0,0
0.029632164000441975,0,1,26.535252319785176,0,0,0
0.025253901262504156,1,2,32.82521590504495,0,0,0
0.0006572564295372896,0,1,28.753023573317464,0,0,0
0.024307196719039373,1,2,24.704336931913335,0,0,0
0.0012486447325221178,0,4,26.475402835052208,0,0,0
0.019645262312465658,0,1,156.66434077059617,0,0,0
0.001150435737032583,0,1,26.409122903495316,0,0,0
0.007074390024142941,1,1,30.612276692166844,0,0,0
0.01033837812426808,0,6,30.709551079780177,0,0,0
0.004173372354346208,0,1,26.669050936095687,0,0,0
0.017337047356887805,1,2,36.76080892227564,0,0,0
0.006245279081189672,0,3,29.90075550272276,0,0,0
0.0012692746316967584,1,1,37.198968210762374,0,0,0
0.0011697874515057272,0,0,30.85364124127167,0,0,0
0.0005198696438683908,1,3,24.885451918223588,0,0,0
0.0008148198322657281,0,5,22.189792265629535,0,0,0
0.05130307252175704,1,2,39.827139807374635,0,0,0
0.009113786798676703,0,2,33.015198945869535,0,0,0
0.0021178585704946123,1,1,29.877267794598495,1,0,1
0.005220954632127008,0,4,30.128379753737985,0,0,0
0.021845677532558647,0,3,25.606373676894343,0,0,0
0.02724515194813052,1,1,28.952792992892512,0,0,0
0.03448274687711579,0,2,26.79062332327936,0,0,0
0.019716671152324877,1,1,30.16569458523021,0,0,0
0.000838344109745681,1,3,34.5830122299447,1,0,1
0.0017340697163731474,0,2,121.00742191608103,0,0,0
0.000926647191267525,0,0,36.870740693285846,0,0,0
0.0010771293285407025,1,1,22.669033967647703,0,0,0
0.0027238707330482863,1,3,34.046782672231416,0,0,0
0.004636655659946891,0,1,39.1487444011249,0,0,0
0.0020191165014056657,1,3,33.192132172020905,0,0,0
0.0016958003993599049,0,3,23.780058020730284,0,0,0
0.011131771487317492,0,2,25.18988138153281,0,0,0
0.014250708466215973,1,2,31.157212767765085,0,0,0
0.0005149223015192324,0,3,31.36737425145627,0,0,0
0.020152257879943354,0,2,32.24448525135608,0,0,0
0.0384675989563103,0,0,32.73646890482778,0,0,0
0.0027497960879011778,0,2,133.399112586212,0,0,0
0.012700605012471007,0,2,24.004493603077478,0,0,0
0.02529226325884707,0,4,112.83220396659702,0,0,0
0.009125386446630588,0,1,21.367658079695676,0,0,0
0.015402462118349926,1,2,31.91911208006663,0,0,0
0.10196427958753591,0,0,28.644584024398412,0,1,0
0.05954019524773397,0,3,30.418907870469067,0,0,0
0.004240750164556956,0,1,22.251754105670496,0,1,0
0.006851801667017498,0,5,24.203772563693988,0,0,0
0.0012565965303775368,0,3,27.284157284687986,0,0,0
0.007797740203428275,0,4,30.02157104610798,1,0,1
0.0010224001912552216,0,5,26.778612898851165,0,1,0
0.009302877606288002,0,1,27.614610452570595,0,0,0
0.021833262790862715,1,2,25.110613418904745,0,0,0
0.05643301818850486,0,2,33.28639613376786,0,0,0
0.012301309248056062,1,2,36.86446737396957,0,0,0
0.0036144025032461328,1,2,33.959680881812005,0,1,0
0.01735572689032165,1,4,22.832485624032728,0,0,0
0.0033987050595080852,1,3,36.69543705259454,0,0,0
0.015829516736286714,0,1,33.876260168888706,0,0,0
0.0634272814300075,1,3,33.726637717670904,0,0,0
0.004142075656303477,1,2,28.815137625679185,0,0,0
0.013145809266746335,1,4,33.3871565383488,0,0,0
0.001275091963380234,1,1,18.419156075310198,0,0,0
0.008528500329572133,1,1,26.60771441582534,0,0,0
0.012264685893709276,0,2,28.512071509234186,0,0,0
0.0013385788614890559,1,3,31.40260574480305,0,0,0
0.01426475865192611,1,3,31.43925422335181,0,0,0
0.01004022772867666,0,1,33.95708384640413,0,0,0
0.003372599354416407,1,4,34.39513930455449,0,0,0
0.0026373973951316935,0,0,31.189286877793755,0,0,0
0.0049279111604359676,0,1,33.1085325811494,0,0,0
0.0021660454128916607,0,1,33.29982168997732,0,0,0
0.009990830205796962,1,3,33.15276358272867,0,0,0
0.002501811618918724,1,5,34.48486471945701,0,0,0
0.03200795547052967,1,1,28.551258436546377,0,0,0
0.001957338369886115,1,2,23.73183778969351,0,0,0
0.02064543053613445,1,0,33.79019627575795,0,0,0
0.000544242465868411,0,1,33.55336619040497,0,0,0
0.002922803365752189,0,6,37.25086850163037,0,0,0
0.007844053263190705,1,0,28.405844151912046,0,0,0
0.021048237600411954,0,0,31.71219182968127,0,0,0
0.015452086707421186,1,1,29.10735541505218,0,0,0
0.01853337938136992,0,1,24.535600424929967,0,0,0
0.0009510119005224025,1,3,33.068383311208336,0,0,0
0.06359392858139049,0,4,36.543256519994934,0,0,0
0.0027524148312058163,1,1,38.03701324594366,0,0,0
0.007246558061592397,1,1,26.35129340978166,0,0,0
0.007731285545836514,0,2,31.911041491086504,0,0,0
0.020733429872454863,1,1,129.90406168907987,0,0,1
0.0070080222066475845,1,1,27.8468083259223,0,0,0
0.004826020605972992,0,3,28.42598302639889,0,0,0
0.019467408275456944,0,3,24.14745306898847,0,0,0
0.0040352496519410865,0,3,29.84004525506587,0,0,0
0.005874565465448188,0,2,31.472204750992734,0,0,0
0.0031060236366616135,1,1,27.339657359706273,0,0,0
0.00776517599160443,1,0,28.176332376615374,0,0,0
0.004919629264938062,1,1,40.36177970906813,0,0,0
0.0008672607366431886,0,2,33.56360498956699,0,0,0
0.0011219412289257594,0,2,29.918123320175503,0,0,0
0.0005585385340836105,1,4,33.70905598428179,0,0,0
0.03006321361445502,0,1,33.37831512087465,0,0,0
0.005640207611579037,0,2,42.36089034576764,0,0,0
0.000996750902680717,0,3,32.290052237434416,0,0,0
0.11622071278073223,0,3,37.9171577220536,0,0,0
0.006410043732570931,0,2,150.88742664628802,0,0,0
0.30545891810001435,1,3,28.575389993376444,0,0,0
0.012058823687045337,1,1,32.43603657632299,0,0,0
0.009537121755343205,0,2,30.49644055644736,0,1,0
0.015008059984270988,0,2,36.43268338976121,0,0,0
0.0005710151147184374,1,1,26.52938132854741,0,1,0
0.03127584232613927,0,1,30.903736007525676,0,0,0
0.003073219947929497,0,2,38.41687353475939,0,0,0
0.11465239160192012,0,1,38.08135158174355,0,0,0
0.016194640455068497,1,0,31.34714077047573,0,0,0
0.056747789053097686,0,3,33.691661686599666,0,0,0
0.010631411656263736,0,2,32.27459830494878,0,0,0
0.004386306191725878,0,1,15.914379215538332,0,0,0
0.08404553988183562,0,3,30.974397980260314,0,0,0
0.025708988499134378,1,1,25.99840556495741,0,0,0
0.01256201233252088,1,2,29.34907337459423,0,0,0
0.00046418771148056686,0,2,34.25105296961775,0,0,0
0.0076009564505094196,1,0,32.374588644841985,0,0,0
0.005265391566752996,1,2,31.26842507171057,0,0,0
0.008776946999206772,1,1,24.88159911295408,0,0,0
0.0007779965413206025,1,0,31.578931189703034,0,0,0
0.00266018535577708,0,2,25.20349920250924,1,0,1
0.0010484550578950466,1,5,27.432880077135756,0,0,0
0.0027248231551333245,0,1,23.404286471994688,0,0,0
0.012096834570502328,1,1,34.32948424782633,0,0,0
0.015721564669148213,0,1,28.623403091231708,0,0,0
0.03301145671353769,1,1,33.385359952408,0,0,0
0.0013991342536612817,1,2,26.983100182951137,0,0,0
0.0009616581630248525,1,1,39.30073397258968,0,0,0
0.0055166398649378395,1,2,23.001859161727026,0,0,0
0.019047043296312263,1,1,30.139031455554612,0,0,0
0.0149068554318471,0,6,24.58044199845517,0,0,0
0.0030244584896271676,0,2,22.885951168922464,0,0,0
0.003412916228836378,0,1,24.23658634584149,0,0,0
0.04570941794114838,1,1,39.11066134972572,0,0,0
0.00937445983717298,1,2,38.84878400826556,0,0,0
0.01945255178169862,1,1,31.893103786502934,0,0,0
0.0002658946909996437,1,1,28.398658233595892,0,0,0
0.0023233342057589787,1,2,33.400249301116844,0,1,0
0.001852657410385434,0,1,38.46824342405964,0,0,0
0.0025905557880763104,1,1,28.391108275002193,0,0,0
0.04068192925218738,0,1,20.082226124610244,0,0,0
0.0030464551111184747,1,1,34.100606165014675,0,0,0
0.008280759227932885,0,0,33.11552821612359,0,0,0
0.005470535152257467,1,0,22.31647542004429,0,1,0
0.045327102161781374,1,2,25.933867347830066,0,0,0
0.007229739208240977,0,0,36.8775179331608,0,0,0
0.0006509484289015809,0,1,31.29892326624525,0,0,0
0.13653172217596704,1,1,36.33745187514778,0,1,1
0.006254329935335539,0,1,27.940202894125104,0,0,0
0.008565636758041048,0,2,24.00245188509998,0,0,0
0.00689596326000737,0,3,28.473567549078226,0,0,0
0.029355792683205546,1,1,28.572404547961035,0,0,0
0.023811698932543923,0,2,32.05077554461694,0,0,0
0.020271073363114386,0,1,32.83727212217667,0,0,0
0.009041363672267322,1,0,30.886137717637794,0,0,0
0.0032481463610111202,1,2,33.67483865072125,0,0,0
0.023313248070596877,0,1,37.06146466499244,0,0,0
0.022685495328775257,0,1,32.90232979003021,1,0,1
0.007623099163455495,0,1,35.15210665661792,0,0,0
0.008257293291270897,0,1,29.287436827580873,0,0,0
0.007664880069408213,1,1,31.103440659484196,0,0,0
0.00567453839619822,1,1,26.52731223673131,0,1,0
0.01581936404014645,1,2,25.961885068592753,0,0,0
0.08830565953917152,0,2,24.64446487760841,0,0,0
0.051347311539571075,1,1,29.739312468881675,0,0,0
0.004574139875362682,1,3,34.77993240677528,0,0,0
0.02606545067147375,0,1,38.00987310171432,0,0,0
0.004152283181004727,1,2,36.81484639154582,0,0,0
0.0051224514328027685,1,1,39.27797943873109,0,0,0
0.004343734373443804,0,2,26.06785688597713,0,0,0
0.01439480550526269,1,0,26.39653406167677,0,0,0
0.03613963018951254,0,4,27.473699815334914,0,0,0
0.017444963791921588,1,1,29.006162818068645,0,0,0
0.0029248632644546684,0,1,33.80219817872054,0,0,0
0.022393816821538938,1,1,30.29084432581924,0,0,0
0.006051406093748985,0,2,25.49659310194184,0,0,0
0.01444246805712598,0,4,30.316322184681322,0,0,0
0.0003549467874237007,0,4,29.793092411361034,0,0,0
0.008052786531429261,0,0,30.758455962814505,0,0,0
0.0005531799995441079,1,0,31.999099309111926,0,0,0
0.00410039324283882,1,1,26.649539442362492,0,0,0
0.010456661275409685,1,2,29.077508239767294,0,0,0
0.003636342075240245,1,1,23.14427376115258,0,0,0
0.08023288455676227,0,2,30.201783146084402,0,0,0
0.00712986945945328,0,1,33.22935552983043,0,0,0
0.025987740601719614,0,1,29.56785324262576,0,0,0
0.013460326543349638,1,0,29.351428565198407,0,0,0
0.01951859576691022,0,2,31.42378344501132,0,0,0
0.06222563526314421,0,1,31.38626726387193,0,0,0
0.0015538389059340633,0,1,31.968024438748934,0,0,0
0.023238409115772966,0,1,27.48547654866756,0,0,0
0.0005839625613310541,1,2,32.63850157741153,0,0,0
0.019201741419059483,0,2,25.648477791098685,0,0,0
0.009571501335709536,0,1,28.84975372141553,0,0,0
0.0066878592874614826,0,0,34.22494906737417,0,0,0
0.013828597561244759,0,2,29.963195884905108,0,0,0
0.031272376069390956,1,2,25.626808652080342,0,0,0
0.005063223079228357,1,3,30.680602447544658,0,0,0
0.011640889055404488,0,0,33.07436941748229,0,0,0
0.006834338983820187,1,3,24.21197496584173,0,0,0
0.0034296613158423138,1,1,30.66795668530173,0,0,0
0.001491225851682144,1,2,29.408490128581324,0,0,0
0.0031891769554909764,1,2,27.160271823591703,0,0,0
0.08100944106540056,1,4,30.393037713618973,0,0,0
0.004010081457995356,1,3,40.99089261961376,0,0,0
0.005263645189205969,1,1,30.067548308909885,0,0,0
0.010409217886606922,1,1,23.01353928085357,0,0,0
0.005685769605889673,1,1,29.22147530007627,0,0,0
0.002676900767072088,1,1,199.34917398403718,0,0,0
0.022262189004031936,0,5,36.60213838613563,0,0,0
0.002935827965001969,1,1,26.93851662363061,0,0,0
0.011697715778969902,1,0,23.224112890689327,0,0,0
0.013324047755849352,1,4,31.47595226459199,0,0,0
0.001665136975803734,1,2,26.43569641015316,0,0,0
0.015613595326598083,0,3,18.97848005684743,0,0,0
0.007968376531167711,1,0,22.27474034941617,0,0,0
0.021977752366080947,0,2,18.882870265259267,0,0,0
0.000549230898073905,1,5,29.67899831330192,0,0,0
0.013357347166510974,1,0,24.530290712164046,0,0,0
0.000302662441180293,0,3,24.757638098481287,0,0,0
0.020505276985699206,1,2,29.06239453086175,0,0,0
0.003051840281165213,1,2,205.98876493697676,0,1,1
0.02358467492942072,0,1,26.15354456528828,0,0,0
0.006329757588479556,0,1,40.67035641657803,0,0,0
0.03106382525537029,1,1,24.907899684902006,0,0,0
0.006284388073804717,1,2,187.73050178421073,0,0,0
0.00037430017446857196,0,0,38.908565281587705,0,0,0
0.009731146081903761,0,2,19.397219667622025,0,0,0
0.008130569194499372,1,2,36.85491614272631,0,1,0
0.002628646541202872,0,4,21.72932222177907,0,0,0
0.010969658181384474,0,2,30.92776436558371,0,0,0
0.007597574196363117,0,3,31.748242910097474,0,0,0
0.031193908718744986,0,0,35.942679983348185,0,1,0
0.0014541846240672032,1,2,86.38568786786524,0,0,0
0.007096478933050103,0,1,33.95549234760409,0,0,0
0.008125421604797322,0,0,37.741958180046424,0,0,0
0.1371125658252321,1,3,93.42605132445918,0,0,1
0.017679081845293203,1,3,24.835320009712767,0,0,0
0.0033518183940020522,1,1,43.30285144872346,0,0,0
0.005600863769084409,1,1,32.50461050092064,0,0,0
0.0034117273584468952,0,4,150.4577163519367,0,0,0
0.011020848914887629,1,1,31.0734972578017,0,0,0
0.019980881067625602,0,2,35.75777555922908,0,0,0
0.0007591565972998191,0,2,29.980488227688536,0,0,0
0.032304173585256286,0,2,33.76541148313339,0,0,0
0.010299377704830042,0,1,35.246205666740295,0,0,0
0.12799259098048044,0,4,25.397207038467123,1,0,1
0.00029709908323466997,1,1,16.619282875470276,0,0,0
0.009452260786781162,0,2,36.31544137355588,0,0,0
0.022549269958837426,0,2,36.32711215051678,0,0,0
0.006153788609448082,0,3,29.48820436818221,0,0,0
0.017512879849323926,1,2,30.853124580050956,0,0,0
0.05371899098774942,0,1,30.777378078392672,0,0,0
0.0031404013321331137,0,2,28.7022867069845,0,0,0
0.004648612900549182,0,1,41.089873322609755,0,0,0
0.15670061235816168,0,3,30.854529557743643,0,0,0
0.014328066279851458,1,2,32.33926063735907,0,0,0
0.004914828218967874,1,1,27.43066287313976,0,1,0
0.02913202706826417,0,0,28.18514716652196,0,0,0
0.0025034367090860797,1,0,22.957675342927022,0,0,0
0.005297740891526412,1,1,33.61695315039134,0,0,0
0.027857495615769376,0,1,165.09914998357652,0,0,0
0.0015560119104813183,1,2,23.458551832723842,0,0,0
0.001098862054270665,0,1,35.34085015183005,0,0,0
0.0015640695447744397,0,2,24.745387410030396,0,0,0
0.04905363872000794,1,1,30.039493661092852,0,0,0
0.0032928223403168025,0,3,29.22924148523437,0,0,0
0.002195367059774094,0,3,31.114505183108257,0,0,0
0.0007176475247747028,1,4,178.60451729578625,0,0,0
0.004761841178960624,1,1,32.659818274656445,0,0,0
0.006670247270935845,1,1,31.26093641799353,1,1,1
0.007249445456404306,1,0,26.87348580992386,0,0,0
0.026314518833334896,0,4,25.026635714225847,0,0,0
0.0064273604639660175,0,0,24.420232159329053,0,0,0
0.002007370717447442,1,1,27.628949752170385,0,0,0
0.03139944393074439,0,5,25.99398897894062,0,0,0
0.002757068730965655,0,1,27.179066287937918,0,0,0
0.002996559254933988,0,2,32.708320433990245,0,0,0
0.02116812422100483,0,3,37.6865685735841,0,0,0
0.0023877835065572303,1,4,21.554388093965457,0,0,0
0.02396310549879116,1,4,28.486911818138726,0,0,0
0.009283476628020836,1,2,28.08423830463897,0,0,0
0.010125054017933541,1,2,29.71979457482095,0,0,0
0.008740564886867924,0,0,191.89429798448538,0,0,0
0.001693535604220278,1,1,99.74288899524562,0,0,0
0.32450008776155154,1,2,28.85659251616333,0,0,0
0.028384896510862616,0,1,32.48377311479453,0,0,0
0.17593842917268163,1,1,75.37613154797894,0,0,1
0.0325579272494031,0,4,36.21677745803541,0,0,0
0.004341103746671076,0,1,32.11154692047029,0,0,0
0.006066366404025124,0,5,25.428648983857045,0,1,0
0.021478113072971424,0,2,27.999954361944123,0,0,0
0.021035697874891034,0,1,30.013314773624018,0,0,0
0.00017316493297038867,1,0,20.867780161762145,0,0,0
0.0036024177681059193,1,3,28.52693938880882,0,0,0
0.0004833623201267205,0,3,29.03257204880575,0,0,0
0.03897890785174959,1,1,27.46416235255633,0,0,0
0.07535209183173353,1,2,34.07567326174059,0,0,0
0.020713939132576693,1,2,28.69190116967341,0,0,0
0.01999947003422743,1,0,31.71234715381831,0,0,0
0.0015016119740270857,0,1,35.70665306683277,0,0,0
0.0019972439957756613,1,0,36.00473671485555,0,0,0
0.0026961615436292136,1,3,41.374640776373965,0,0,0
0.003765713022134041,1,2,25.6941023523186,0,0,0
0.00010462213202570262,1,0,33.68871036972778,0,0,0
0.0006084834039471532,1,4,25.1338891856889,0,0,0
0.003700793217289287,1,2,31.4421351399356,0,0,0
0.003787137975256157,0,1,27.419386481492875,0,0,0
0.01258008526568571,1,5,37.196260492848864,0,0,0
0.016904203117690846,0,1,27.060681234832778,0,0,0
0.025650422514338328,1,3,21.806043406030124,0,0,0
0.010389229464705333,0,1,19.83532220179442,0,0,0
0.007594608227460058,0,3,21.001445340173255,0,0,0
0.0010706527753327655,0,3,35.785714212484024,0,0,0
0.001618217872219753,0,3,26.790682681696858,0,0,0
0.015482460113688553,1,4,27.50895985400289,0,0,0
0.02292887114701524,0,3,31.374068211717937,0,0,0
0.0016640849366797066,1,4,30.534472334668404,0,0,0
0.03343683853303884,1,3,22.36376807241595,0,1,1
0.0020393711332821318,1,3,34.7185009623763,0,0,0
0.08592412643808374,1,2,30.574734319032785,0,0,0
0.011582661255681337,0,2,31.221539012539594,0,0,0
0.002949816807479525,1,4,26.324097321661927,1,0,1
0.002767969492132458,0,4,37.26017033011922,0,0,0
0.02200878266130875,0,4,22.851827189142085,0,0,0
0.008446870845397036,0,0,33.12715697212734,0,1,0
0.004497392051095049,1,1,27.579481370071576,0,0,0
0.003334674180760844,1,1,15.391484522323033,0,0,0
0.0001358728363145817,0,2,30.24478141109247,0,0,0
0.0028033822577089107,1,4,208.72809849651728,0,0,0
0.01602674058953426,1,0,27.217888412793386,0,0,0
0.0006572980694764857,0,1,29.477964753700032,0,0,0
0.0034955493704292113,0,4,32.93942649803475,0,0,0
0.00045616455458567036,0,3,36.162208754926176,0,0,0
0.02771901661755779,1,0,35.382797948528165,0,0,0
0.03694385168617349,1,4,29.987442872314766,0,0,0
0.00790473793912709,0,1,31.675119966114824,0,0,0
0.07335031108421827,0,2,29.143287576708147,0,1,0
0.0016239623491622606,1,2,30.880752140150186,0,0,0
0.005493464745662907,0,5,30.51324403352015,0,0,0
0.00324240774683971,1,3,36.57293187454163,0,0,0
0.003971830502108325,1,1,31.674299804614385,0,0,0
0.06195714506361169,0,2,26.15794174361142,0,1,0
0.02708926548005441,0,3,40.147113379632266,0,0,0
0.002932800987393493,1,3,25.792289273841718,0,0,0
0.0022727453506810017,0,4,30.16124590712996,1,0,1
0.02522846666882634,1,3,22.297432736884808,0,0,0
0.0010394754931169752,1,2,29.73535316716114,0,0,0
0.014754693882251443,0,1,26.09219849946792,0,0,0
0.0032744299928300605,1,4,26.264444699925026,0,0,0
0.00027252903584510063,0,2,27.072792508931986,0,0,0
9.689838370261991e-05,1,5,25.285486878534158,0,0,0
0.007324822298452331,1,3,28.814058765802933,0,0,0
0.00042328536883675814,1,1,121.07684985259145,0,0,0
0.000987634719741594,1,4,29.13098727476669,0,0,0
0.09138416033749999,1,0,30.263756513733146,0,0,0
0.02259407873419852,1,1,24.603768453773704,0,0,0
0.00860109259388742,0,1,40.53595765561286,0,0,0
0.00014838425405019347,0,2,33.47752592928185,0,0,0
0.002311762731010073,1,0,18.211800132102272,0,0,0
0.007444093993947637,0,1,26.61183158603736,1,0,1
0.01876279712124214,0,1,29.951924914113867,0,0,0
0.004536078171250941,0,1,31.512502398741788,0,0,0
0.005375947935339307,1,2,37.42423101946173,0,0,0
0.006421295209040393,1,1,25.25365557577915,0,0,0
0.001387429239888227,1,3,30.62397059916112,0,0,0
0.016101572412089458,1,4,25.886536256126526,0,0,0
0.00976662143871878,1,1,31.583639923627363,0,0,0
0.018587801017181525,0,1,23.735722087486067,0,0,0
0.014791369045811034,1,0,34.71370913342069,0,0,0
0.005461209506470304,1,2,21.682627425140208,0,0,0
0.014920430169184712,1,0,33.63475460408697,0,0,0
0.012250326135608199,0,3,27.69951654591388,0,0,0
0.0015283748374429126,1,0,31.723496686595347,0,0,0
0.011512589038910686,1,5,33.613977814366194,0,0,0
0.004183341112218351,1,1,30.552463641212444,0,0,0
0.0029660215426508857,1,5,22.82159632882481,0,1,0
0.005853677022430297,0,1,28.07856351494932,0,0,0
0.004867330223792867,0,2,35.756553371061415,0,0,0
0.007396454313588128,0,1,26.538452431848192,0,0,0
0.017608879148153584,1,5,23.07102391018006,0,0,0
0.0005189109943847116,0,1,29.455917836925337,0,0,0
0.019770956662426748,0,0,24.306178845697833,0,0,0
0.002811958346989087,1,1,26.18675804493486,0,0,0
0.005606720342164422,0,3,33.20090038784155,0,0,0
0.04633473489147591,0,0,33.14367062796044,0,0,0
0.009365871400207094,0,1,31.775107424702597,0,0,0
0.0494150502838951,0,3,25.767526892068616,0,0,0
0.05739440798425223,0,3,38.71134759269726,0,0,0
0.019877201305561237,0,2,29.741763918537455,0,0,0
0.03533817277997432,1,2,31.746423959036328,0,0,0
0.008792583461949067,1,3,26.518299606586478,0,0,0
0.00012398208032094759,0,1,44.86547459220553,0,0,0
0.008378835002798376,0,0,37.32761708917246,0,0,0
0.0038851799781194937,0,3,37.82787585088323,0,0,0
0.002862952942625597,1,2,33.05953359214177,0,0,0
0.009502858389051936,0,0,29.900900251728128,0,0,0
0.005021127303410808,1,1,29.713355305185285,0,0,0
0.0034714750649206677,0,4,35.33381935118385,0,0,0
0.0007938950538239079,0,0,32.580466844655234,0,0,0
0.007048897073669905,1,0,30.036917607129073,0,0,0
0.00021380694912087877,0,3,22.27275590314069,0,0,0
0.15160438598186177,1,0,27.277464144133962,0,0,0
0.07486101243501052,1,2,42.44847139283209,0,0,0
0.02126992653076052,1,1,35.110286206891175,0,0,0
0.00245664039251867,1,2,28.966213047660418,0,0,0
0.0010704301206690388,0,1,34.83725657610508,0,0,0
0.004285217751039806,1,2,26.60428552862031,0,0,0
0.002440902047575597,1,3,22.305110973067848,0,0,0
0.00607836006847987,1,1,123.56394433237544,0,0,0
0.009071792925462207,1,1,25.984714835959988,0,0,0
0.000631665680874902,0,0,33.10240645839047,0,0,0
0.0033228650226155556,1,1,35.549067462114174,0,0,0
0.008059014797163163,0,2,37.54805345444535,0,0,0
0.01652405302525104,1,0,37.40439897500037,0,0,0
0.0015641252660766728,0,6,27.387888087337537,0,0,0
0.003001291883675405,0,1,22.28980533094161,0,0,0
0.0012887321527350014,1,0,32.23763952688246,0,0,0
0.04468722318854727,1,1,21.135268204870684,0,0,0
0.11030885377464573,0,0,25.89865996099397,0,0,0
0.3268667943959958,0,1,31.467908831506385,0,0,0
0.008355689520212286,1,1,33.97693139413643,0,0,0
0.0012691782983135188,1,3,26.109452692966197,0,0,0
0.0009810012891817883,0,0,94.49251930249224,0,0,0
0.0005445010873874011,1,5,24.421505899532054,0,0,0
0.004041342209416361,0,2,25.21423221843713,0,0,0
0.004770622456673044,1,3,32.20014621357784,0,0,0
0.006787224041741304,1,2,26.81485018905835,0,0,0
0.011632318201894774,1,1,33.49594591692187,0,0,0
0.2577822584157178,0,2,22.80239395337169,0,0,0
0.014800750609927263,0,3,37.80060238636164,0,0,0
0.01492703186313978,1,2,33.51562084127744,0,0,0
0.0027953928388369824,0,2,21.031245033023975,1,0,1
0.006059880867376236,1,3,27.48792861571732,0,0,0
0.017883748001098886,0,1,26.32202250794607,0,0,0
0.0025589119865349905,1,2,22.810598207413975,0,0,0
0.05498196601231912,1,3,36.09635480699042,0,0,0
0.005265324254569572,1,0,25.857534737992367,0,0,0
0.0018005709459135765,1,2,37.027448979171865,0,0,0
0.009371772262601724,1,6,28.469008041473206,0,0,0
0.0006396270533090654,0,1,31.579485324235037,0,0,0
0.016612478160429323,1,2,34.10328457899608,0,0,0
0.06452167466714534,1,0,40.69198005378785,0,0,0
0.007323098475430422,0,4,35.387985856082736,0,0,0
0.005329704244723518,0,3,27.50318146026814,0,0,0
0.03737941634275466,0,2,29.06098123647996,0,0,0
0.015526662272814094,1,0,31.654859911826243,0,0,0
0.00815181306782455,1,1,34.921172825305824,0,0,0
0.003425496227308027,0,2,28.04802082973685,0,0,0
0.019897968570128304,1,1,27.966370402011812,0,0,0
0.0015783126758407518,0,3,28.969806542412254,0,0,0
0.014258498739206414,1,3,25.440621849806263,0,0,0
0.0227359243955016,1,3,31.94549357821738,0,0,0
0.004920110276830394,0,1,33.33985036380062,0,0,0
0.009199393806622519,0,0,22.80240057075202,0,0,0
0.039575227503477126,0,2,22.92503291536009,0,0,0
0.025471115727143227,1,2,32.68193772582975,0,0,0
0.010729326501074232,1,4,29.493635049513514,0,0,0
0.002660957601004625,1,0,141.22933332867368,0,0,0
0.003323036473973261,1,0,30.20891305893908,0,0,0
0.034020812607497446,1,3,31.168485068409804,0,0,0
0.01156631491801457,0,2,31.49738151634579,0,0,0
0.0017375063592390654,0,1,24.55132548532567,0,0,0
0.005612099098717345,0,3,24.76146620216589,0,0,0
0.008053379405444247,0,5,21.51315806003403,0,0,0
0.002524844632085791,1,2,28.503557607084414,0,0,0
0.028181787202959108,1,0,30.857923599485957,0,0,0
0.039646239221922626,1,0,30.03375828720488,0,0,0
0.02201277786587677,1,2,26.655191890719912,0,0,0
0.012100509154483612,0,2,30.157915438880334,0,0,0
0.004035601596927209,0,2,33.77859798015945,0,0,0
0.0073392527563029995,1,2,27.34237903643558,0,0,0
0.00063647148729647,0,1,29.989766335013023,0,0,0
0.006497412569165486,1,2,20.760168055488325,0,1,0
0.004545378515172504,0,3,28.25209692195756,0,0,0
0.025516598468305656,0,2,26.4826288049985,0,1,0
0.009056684753993903,0,2,21.530159952996897,0,0,0
0.09793839548643579,0,2,23.919406911825742,0,1,0
0.008462313843140432,0,1,27.727093226010744,0,0,0
0.0028955991251809286,1,0,20.830312794988714,0,0,0
0.003922427970746826,1,2,30.22550221900591,0,0,0
0.012240806302889606,1,1,38.21358575896957,0,0,0
0.0015693696584566002,0,4,29.961459860914584,0,0,0
0.021242563549590348,0,1,87.56954806909722,0,0,0
0.0010513765156932421,1,5,33.1660462777996,0,0,0
0.010558870760429991,0,4,27.40685934841729,0,0,0
0.0150151223325203,0,0,35.97385143514585,0,0,0
0.002428503517537554,0,5,31.0891468600178,0,0,0
0.00957822125432371,0,1,24.05426109705517,0,0,0
0.001019666746025107,1,2,28.992737899874186,0,0,0
0.024860733781574548,1,2,33.49044727045072,0,0,0
0.003227308727489041,0,4,33.01141460125329,0,0,0
0.019151719680244535,1,4,31.142522309554046,0,0,0
0.004341083003672963,1,2,29.63698693894631,0,0,0
0.018434967377754068,0,3,40.17916063125355,0,0,0
0.019572683055457292,0,2,32.91941589320034,0,0,0
0.030099431732645378,1,4,29.882626717166005,0,0,0
0.0286102132518117,1,2,23.271551978179073,0,0,0
0.001432425839272599,0,4,32.481946307280815,0,0,0
0.0033622626580099746,0,2,37.006065624898525,0,0,0
0.015317035945876944,1,3,27.977129279346368,0,0,0
0.007436032703248492,0,3,39.09584891600516,0,0,0
0.00690754227133184,1,2,33.78448498139523,1,0,1
0.002286234735566951,0,2,35.57243243970048,0,0,0
0.00959886529987403,0,4,38.00087712027667,0,0,0
0.020061200136412462,1,1,30.495321994018205,0,0,0
0.004334331282257221,0,4,37.843954531190626,0,0,0
0.0023623457649226834,1,1,20.989965539279673,0,0,0
0.02475836172291482,1,1,25.89812222408348,0,0,0
0.003036786293318645,0,2,29.832889443212125,0,0,0
0.0004916685581999963,1,2,157.7631954680441,0,0,0
0.0005365214825993111,1,2,98.15081244426328,0,0,0
0.009115730120713917,1,0,31.659971108537164,0,0,0
0.009981743947130252,0,4,38.95748608831667,0,0,0
0.04723377579963328,1,2,31.157595034040554,0,0,0
0.001196485211152428,1,2,29.457776289435166,0,0,0
0.0026507196327705566,0,1,26.989660117674617,0,0,0
0.005148467508687093,1,2,39.93238359341376,0,0,0
0.00478673130138934,1,6,23.513015176947967,0,0,0
0.001169444004760761,0,2,31.783717599507057,0,0,0
0.011145564446566484,0,3,30.220222324216103,0,0,0
0.003600459302521699,1,2,31.121882618745655,0,0,0
0.008148153229633248,1,1,39.040066038890316,0,0,0
0.002222871819026085,0,1,32.66555451997424,0,0,0
0.010713731914151451,0,4,30.822257139042097,0,0,0
0.04707466408726032,0,1,25.395855191990453,0,0,0
0.017176078650855776,0,2,22.41351683544601,0,0,0
0.003978028448211014,1,3,34.28554666473979,0,0,0
0.0024276833144471735,0,2,29.21947669097932,0,0,0
0.013478221399377476,1,5,28.09003654914585,0,1,1
0.01311329881387015,1,3,26.321633364039442,0,0,0
0.005352274723290551,0,1,26.315420072415264,0,0,0
0.0005725584588313461,0,1,32.074962187434764,0,0,0
0.0009123549260112434,0,1,31.469698541296147,0,0,0
0.008531177603736825,1,3,20.267180353491113,0,0,0
0.0006621614747242806,0,3,32.065183189101454,0,0,0
0.0012882202408735959,1,0,24.70276114208677,0,0,0
0.0028311369044692835,1,3,25.53148373102666,0,1,0
0.004582621638693839,0,1,37.24337760308622,0,0,0
0.013534422848991323,1,3,33.00044898942536,0,0,0
0.0006085408495878579,0,1,34.18860170402901,0,0,0
0.0010974079872253148,0,2,25.92225034110351,0,1,0
0.03708290818352463,0,4,36.50587097032583,0,0,0
0.03234270775301713,0,0,38.00263589850464,0,0,0
0.0010074667555674398,0,1,30.686901313838895,0,0,0
0.003375024874676398,0,1,196.3662271421399,0,0,0
0.006058126846821095,0,4,31.021759386809297,0,0,0
0.0007214603291001693,1,1,29.537581057209515,0,0,0
0.005806036861193693,1,3,31.660784671898487,0,0,0
0.007724534555416276,1,2,28.176392814062602,0,0,0
0.004094464149960825,0,0,27.827655097329373,0,0,0
0.004095707402718645,1,2,26.640284333737313,0,0,0
0.00037862152139931103,1,2,23.727822073843228,0,0,0
0.01977416935566464,1,4,32.69343005235403,0,0,0
0.006359316120974966,1,2,19.279164584145295,0,0,0
0.023355583910681314,1,1,33.26494219021033,0,0,0
0.008157958418264104,0,0,85.5967543301922,0,0,0
0.03721498682387042,1,1,30.640309059049823,0,0,0
0.026929130218195485,1,1,30.767332861633417,0,0,0
0.0037169843942256174,0,0,28.565693088077882,0,0,0
0.0015019227318965225,0,2,29.78332049124576,0,1,0
0.01702750653094327,1,2,23.321642698850678,0,0,0
0.0020442820584294975,1,3,28.318838343485922,0,0,0
0.00731941514040396,0,4,20.90451685638022,0,0,0
0.0012558382408038536,1,3,67.03977973737129,0,0,0
0.05050581893594722,0,2,35.85505667137934,0,0,0
0.010137321637466949,0,2,24.144062130447914,0,0,0
0.004458906197319797,1,1,26.827752754648625,0,0,0
0.04359982818908242,1,0,26.55501296078235,0,0,0
0.00044069000865010676,1,0,31.819395748149685,0,0,0
0.007934126122953293,0,2,37.439654882527634,0,0,0
0.005370899696863099,0,2,29.819392574099922,0,0,0
0.003118826142695227,0,4,35.85786440673702,0,0,0
0.0021328377038922746,1,2,31.84905214185105,0,0,0
0.14288832171676227,1,2,31.295847380597873,0,0,0
0.002604948148328699,0,2,26.31249292196858,0,0,0
0.05683372187253411,1,1,33.459123136687346,0,0,0
0.003354142368536268,1,4,31.68163542698574,0,0,0
0.11647092080245611,0,1,26.025214184440134,0,0,0
0.008813118997636399,1,2,28.11649235603357,0,0,0
0.0022828130475205655,0,2,33.313338405954184,0,0,0
0.016333902427235564,0,4,27.48341314515436,0,0,0
0.0023999559684940402,0,3,26.14998847860313,0,0,0
0.005044219105855222,1,1,29.558811580073037,0,0,0
0.05434255008688751,0,0,35.119616367658224,0,0,0
0.06251291496225486,1,2,26.02882187490283,0,0,0
0.02632746497354107,1,0,31.46304719310518,0,0,0
0.045478212382970826,0,1,29.026209308815737,0,0,0
0.006143093470004036,0,2,23.98973960227893,0,1,0
0.0058356358512190315,0,2,35.053224719099795,0,0,0
0.000637197666551128,0,5,40.72176259414722,0,1,0
0.00037871506680813504,1,1,23.46333156224958,0,0,0
0.001623811841410311,1,0,29.166222287021807,0,0,0
0.005408721082672038,0,1,34.561013910915236,0,0,0
0.0029307064417939607,1,2,29.524245293972555,0,0,0
0.03940074218083881,1,0,35.14335898907645,0,0,0
0.04996866518764337,1,0,30.52938067005663,0,0,0
0.14579468458675646,0,4,40.42702551754721,0,0,0
0.0017728493717244248,0,0,36.63380360213988,0,0,0
0.007524517565549952,1,2,42.86660607792588,0,1,0
0.010555624892649614,0,2,38.923354966195646,0,0,0
0.065928525032119,1,2,23.7743001493169,0,0,0
0.006649589536799864,0,0,36.69935354904957,0,0,0
0.049649855484203115,0,2,30.589742597307296,0,0,0
0.009041258049417057,1,2,25.151848293919944,0,0,0
0.500123625316959,1,3,26.484135806095836,0,0,0
0.005582438094825671,0,2,16.478465301101785,0,0,0
0.0014779948654610631,1,3,28.96106210017174,0,0,0
0.0006523406378993249,0,1,31.727137553477135,0,0,0
0.00677096845724414,1,0,21.16415364975118,0,0,0
0.010270833957876537,0,1,32.53057229461365,0,0,0
0.11928443768349231,1,2,29.895677472018043,0,0,0
0.0009813493743171483,1,1,35.630241145663405,0,0,0
0.0007374063903054139,0,1,30.72052480708706,0,0,0
0.02326796834039228,0,1,35.41805324980678,0,0,0
0.8033957007067752,1,1,29.03079159480435,0,0,0
0.07240915472965316,1,2,27.474434712182692,0,0,0
0.0656496115278866,1,3,30.435632949849996,0,0,0
0.005197246900228129,1,1,133.15404783316652,0,0,0
0.026540907769086925,0,1,28.3909511105686,0,0,0
0.005913819922143964,1,5,28.458562107269035,0,0,0
0.012590426390800836,1,3,25.87999006695968,0,0,0
0.010265885649973274,0,0,33.60656798097676,0,0,0
0.13746775287044458,0,7,28.259551429384,0,0,0
0.014015894717947333,1,3,30.159950036181215,0,0,0
0.02242605398527345,0,1,34.78634180440865,0,0,0
0.0006028553027166647,1,4,31.87338863228296,0,0,0
0.0006368636613456566,0,3,36.40270923925446,0,0,0
0.005898806205223362,1,4,17.574356293482463,0,0,0
0.002190076603394582,1,3,33.26396332802201,0,0,0
0.005245170899375609,1,0,28.41648060179758,0,0,0
0.007302036044188015,1,2,126.32425696708964,0,0,0
0.001071076972179867,1,3,28.446262890078238,0,0,0
0.00066414204456248,0,5,23.894332388103777,0,0,0
0.01170294255144951,1,1,25.29774175094236,0,0,0
0.0009615984597514605,0,1,35.45123701837238,0,0,0
0.008375278187921373,1,1,40.38934291414433,0,0,0
0.04494598040937265,1,3,33.78003250615002,0,0,0
0.003933349131523881,0,2,29.375052300276895,0,0,0
0.006297605593639072,0,0,28.494804812828903,0,0,0
0.006167536633844931,0,2,31.44866838162712,0,0,0
0.013141049934746137,0,2,27.305811828052327,0,0,0
0.000378777228779397,0,2,26.982369575457774,0,0,0
0.4709690656847507,0,6,27.332271797878484,0,0,0
0.05370104636935226,1,5,30.768030354303527,0,0,0
0.06651776272001442,0,3,31.519812947144487,0,0,0
0.016077540253816972,1,2,25.357124139046064,0,0,0
0.003406124448440215,0,0,35.55325236330878,0,0,0
0.012709936093811203,0,2,25.39139085844058,0,0,0
0.006750809583537862,1,5,32.50366837954165,0,0,0
0.00042824083037616755,1,3,35.31841864908032,0,0,0
0.004228862040627897,0,1,36.36528847312469,0,0,0
0.038371958580855424,1,1,30.38632202398838,0,0,0
0.0008349068087806242,1,2,35.53726445531846,0,0,0
0.025391032405000874,1,4,35.05293672728511,0,0,0
0.00944956105686036,1,1,31.127897467230746,0,0,0
0.004762898917866346,1,3,27.113867938800997,0,0,0
0.002910604964040342,0,5,25.42182036313194,0,0,0
0.003783377329411249,0,5,23.089082058195828,0,0,0
0.07885682203714901,1,5,27.31012237240341,0,0,0
0.016354433712119507,1,1,32.0526212233771,0,0,0
0.0030196671949199623,1,0,30.282379626735167,0,0,0
0.005134036558968111,0,3,35.04886408403287,0,0,0
0.007117833243720613,1,0,33.08894936354394,0,0,0
0.28674362552948085,0,5,24.85551249514348,0,0,0
0.014225148157629253,0,3,34.15786696477657,0,0,0
0.0007278861666629543,1,4,26.933035185261858,0,0,0
0.024826785644004177,1,1,27.948448390382552,0,0,0
0.0006287892794692792,1,2,30.67311801687384,0,0,0
0.005219242486903821,0,0,33.375525392698506,0,0,0
0.008102660260791697,0,4,33.0905827639522,0,1,0
0.04044841390924017,0,6,17.743955100846613,0,0,0
0.0018825939598323684,0,3,34.439431517916745,0,0,0
0.0012539871647875964,1,2,26.671472028452698,0,0,0
0.0010638287341799507,1,2,31.464771402762658,0,0,0
0.002902144226029877,1,2,32.097241767320995,0,0,0
0.0010276368944159655,1,2,26.483416999496953,0,0,0
0.0747673233193898,1,1,21.27888339959369,0,0,0
0.0035708833971402165,1,1,36.918119933306286,0,0,0
0.0231129435310876,0,1,21.793068162673126,0,0,0
0.050060878969289124,0,2,24.25337936806732,0,0,0
0.022287526456201256,0,4,23.51105575597541,0,0,0
0.036928256777402926,1,1,35.29963333884754,0,0,0
0.0023593925177094427,0,2,30.301997993025786,0,0,0
0.005270210804770082,0,0,32.85020255285266,0,0,0
0.0006902240693411076,0,3,32.581128245127196,0,0,0
0.0007334031003329051,0,6,26.367093270817342,0,0,0
0.008617333724966177,0,1,33.50775842344137,1,0,1
0.016028612745716472,0,3,23.740392671407026,0,0,0
0.03163546510818853,0,3,31.949736242338517,0,0,0
0.014377925388100163,0,1,27.466360623690292,0,0,0
0.002826502237481077,1,0,28.062792811944917,0,1,0
0.019234948200495452,1,1,28.49678547800159,0,0,0
0.07159021215451648,0,2,25.806758023440352,0,0,0
0.050446836344954456,0,3,30.2359365647083,0,0,0
0.0037047190954159173,0,3,30.698030889494145,0,0,0
0.001100013669295066,1,2,35.18477296647726,0,0,0
0.011534186974591663,1,2,138.92811303408374,0,0,1
0.0178211491555798,0,1,34.745632697392494,0,0,0
0.01663184678877431,0,1,32.96560966226197,0,0,0
0.008455041473282415,1,4,33.20248886095799,0,1,0
0.01599905170383053,0,4,27.53843408800456,0,0,0
0.008755258474957343,1,2,32.902982467889125,0,0,0
0.003138289275607438,0,3,22.736074426780217,0,0,0
0.06003184427996487,0,3,41.32562927013281,1,0,1
0.07975143360255775,0,1,31.19389840608557,1,0,1
0.0008028641552201733,1,1,32.038279237005426,0,0,0
0.01955779002004242,1,1,23.50899691923154,0,0,0
0.004423570745291141,0,0,33.5102369847596,0,0,0
0.01568766875626037,0,4,32.99915940096643,0,0,0
0.02004575028613981,0,3,27.376068222464106,0,0,0
0.0001349019329682543,1,2,29.58129695884742,0,1,0
0.09080075534739354,1,0,25.96780556671704,1,0,1
0.00605856408461248,0,0,20.537888744099178,0,0,0
0.00041365284995947073,1,2,28.976571435944734,0,0,0
0.010265075083690733,0,2,30.0060306314742,0,0,0
0.005079139980617844,0,2,29.1750556421248,0,0,0
0.05687072747678736,0,0,24.14236462986577,0,0,0
0.007670197625539067,0,3,29.2914202802458,0,0,0
0.1551745595156143,0,2,22.064960402099228,0,0,0
0.011031146670477113,0,1,35.74332641747195,0,0,0
0.007364282867424267,1,4,26.779827985122143,0,0,0
0.004281119583178567,0,2,38.49780797225287,0,0,0
0.012809307259508747,1,0,28.558692229409225,0,0,0
0.008882370562797545,0,3,184.81406744397813,0,0,0
0.21526338026649405,1,0,29.08017463914525,0,0,0
0.14179918026178925,0,2,22.626583621353003,0,0,0
0.000619855136975229,1,4,34.17948257756867,1,0,1
0.06432916621718587,0,0,34.843886063509935,0,0,0
0.001438063871286466,1,0,25.887400204545703,0,0,0
0.013767878918971025,1,1,111.38609418868502,0,0,1
0.0066239955904167916,1,2,27.950581121462335,0,0,0
0.01312902020779939,1,3,32.95018371551804,0,0,0
0.009908654884132458,0,1,40.58632262582243,0,0,0
0.033993431350176836,1,2,38.11364956283395,0,0,0
0.0034588011673245705,0,2,26.41420985789116,0,0,0
0.013668148838922787,0,2,32.826731550192186,0,0,0
0.003875159438864875,0,2,28.406127953180007,0,0,0
0.03600819805400136,1,6,29.779738663360895,0,0,0
0.03155903050734407,0,1,21.010638482506373,0,0,0
0.0020258598151459677,0,0,31.011302916069305,0,0,0
0.0010603959664102966,0,1,29.838529034468845,0,0,0
0.0007445825710685533,1,0,32.365845780459736,0,0,0
0.014608411583724197,1,0,35.625179613688005,0,0,0
0.0011683515355588973,1,2,28.39279935214178,0,1,0
0.006346932395221318,0,2,20.30469567473831,0,0,0
0.0011287306347044293,1,2,33.79884788308472,0,0,0
0.0027818536566027144,0,1,26.69070888554271,0,0,0
0.03290752189384943,0,2,30.778180796391627,1,0,1
0.001828270956094625,0,1,35.46412383093444,0,0,0
0.0002104922635249028,1,2,31.51611277221476,0,0,0
0.10148578497148643,0,1,27.8931373398704,0,0,0
0.005257951620337409,1,3,39.42868135053986,0,0,0
0.011772253165473735,1,4,30.856962682515164,0,0,0
0.03018751153947534,0,3,35.92546792083655,0,0,0
0.0005073068155787378,1,2,33.158207233003736,0,0,0
0.005383111457233434,0,3,33.60740650239507,0,0,0
0.033189109281313335,1,2,26.249776625570167,0,0,0
0.055845247904893716,0,2,31.97937992732268,0,0,0
0.0010256423461301968,1,2,28.343257687870317,0,0,0
0.006880532161267747,1,1,29.90355056862653,0,0,0
0.008024163226075132,1,2,27.84185243785735,0,0,0
0.018559295193516366,0,3,35.06666488739005,0,0,0
0.027349602004770088,1,1,28.988018536129154,0,0,0
0.003578166405123557,0,2,31.435111162083636,0,0,0
0.0021989628099283783,1,2,34.08418707417553,0,0,0
0.08590836755531747,1,1,30.67194477049872,0,0,0
0.0012976169569732215,1,5,33.087219292189324,0,0,0
0.07645540355132799,0,4,35.87762939191296,0,1,0
0.00039289835552051307,0,3,29.78964933386473,0,0,0
0.07846854589329692,0,2,34.67993625664227,0,0,0
0.0038186613779683676,0,3,25.798108891895847,0,0,0
0.00982054761927059,1,1,27.64205721963519,0,0,0
0.007041617404904737,0,0,28.107762788314258,0,0,0
0.01690363973144369,1,1,27.854035662916996,0,0,0
0.004071559117522336,1,1,152.97158563633127,0,0,0
0.0008804652411224269,0,2,31.050711121564326,0,0,0
0.005759328628529408,1,3,28.99559942411084,0,0,0
0.01198391029138778,1,1,22.175258022426114,0,0,0
0.19716400727989722,1,4,34.129907240823805,0,0,0
0.0006172503494238862,1,1,29.24673991455291,0,0,0
0.01237008453570786,0,0,31.606852343919016,0,0,0
0.006916079293906769,0,1,32.324292617909435,0,0,0
0.004087053307397068,1,2,24.62273545934544,0,0,0
0.044457151512177,0,2,20.951829647034224,0,0,0
0.0020820099163373356,1,2,34.788679458189975,0,0,0
0.006107548254761072,0,3,28.06014411355361,0,1,0
0.0032700661720422362,1,0,108.38349475059192,0,0,0
0.04642384341994159,0,4,30.404851284016583,0,0,0
0.02067370594966939,1,5,27.4487848349115,0,0,0
0.00903901957796331,0,1,27.105290003234597,0,0,0
0.1138948150137643,0,2,31.345224033913453,0,0,0
0.009519188719755782,1,3,160.0235794685671,0,0,0
0.0014631212927937644,0,0,33.831660718869024,1,0,1
0.0339308545575671,1,1,27.657028757834347,0,0,0
0.004027979193591433,0,3,28.685173622493377,0,0,0
0.006174823847054548,1,3,21.591142539764547,0,0,0
0.007484137265454178,0,2,32.26464743292733,0,0,0
0.03583154072078063,1,0,25.140683228378286,0,0,0
0.005107573050062358,1,1,36.918557614616105,0,0,0
0.0028690011176431577,1,0,34.955235036749826,0,0,0
0.004456943725694815,0,2,30.11175473367233,0,0,0
0.006878539895120873,1,1,29.529255476334612,0,0,0
0.014495621990629983,1,0,28.351113677325355,0,0,0
0.007877938824747903,1,3,18.866216228524983,0,0,0
0.01912568428704115,0,1,31.273085185675026,0,0,0
0.00148232269919304,0,2,33.424859356946335,0,0,0
0.0006978453691681857,1,0,32.47387564778201,0,0,0
0.0018283036876327265,1,1,31.737224649738295,0,0,0
0.02614264595722874,1,3,23.852870810033,0,0,0
0.005560569415921396,0,1,149.52842835448595,0,0,0
0.012347091158317329,0,1,22.902706112215277,0,0,0
0.0016111129116535747,1,0,20.408851281910916,0,0,0
0.00026702636208613377,1,1,34.18833154464591,0,0,0
0.0011774589478224925,1,7,29.156579071499227,0,0,0
0.11044455536363061,1,1,29.264251519688315,0,0,0
0.0133247627620116,0,1,29.51178453752971,0,0,0
0.06602425079426982,1,3,33.87586777193475,0,0,0
0.005081202250232383,0,2,33.93958718922326,0,0,0
0.008935791347582397,0,0,23.865050217488214,0,0,0
0.021685936481852602,1,3,20.41028381163232,0,0,0
0.006475605709668779,1,1,30.979776858781964,0,0,0
0.01688217738732026,1,2,39.76825577381598,0,0,0
0.09677092182112552,0,0,29.25797487958704,0,0,0
0.006780462215633618,1,2,37.06888566760622,0,0,0
0.024857728753811262,0,2,23.00631817136813,0,0,0
0.014628534035140549,1,1,181.47859908350262,0,0,1
0.0048579011796751476,0,3,24.945990432487537,0,0,0
0.033837060188510466,1,2,30.084415709072815,0,0,0
0.0027339139306612826,1,1,26.323224506712734,0,1,0
0.003976495401875298,0,2,22.152975331005678,0,0,0
0.037815882296418586,1,2,24.92683866091716,0,0,0
0.008006585437914517,0,2,11.262988420771684,0,0,0
0.008736028473153017,0,1,24.13209299860805,0,0,0
0.002321748911288181,0,2,29.733032901141314,0,0,0
0.0019110552863784082,0,6,32.19357135136633,0,0,0
0.010079637305398305,1,2,32.7404669190467,0,0,0
0.025516030594609756,1,4,28.393310302530978,0,0,0
0.01533305017031674,1,0,23.476892219825015,0,1,1
0.012371938943239088,1,1,21.03740981413084,0,0,0
0.009358190890606759,1,5,34.11150766652142,0,0,0
0.008694163667392847,1,1,23.472860092278893,0,0,0
0.002038353112944453,0,2,25.011927716864996,0,0,0
0.003735749224624795,1,0,31.58929442878556,0,0,0
0.0030445252871416674,1,1,173.14976579337602,0,0,0
0.016116327116348025,1,1,22.952313637633317,0,0,0
0.019034270266838942,0,5,26.309233153279163,0,0,0
0.004712069838138681,1,3,32.41259545149329,0,0,0
0.04840942605524743,1,5,28.609863806321126,0,0,0
0.0020727867516715224,0,0,39.78436894804547,0,0,0
0.020951851582575145,1,1,28.708323503304634,0,0,0
0.11291714477900083,0,2,29.930058461625062,0,0,0
0.00032100579457728154,0,3,29.787558356683128,0,0,0
0.003622317279458119,1,1,27.107883799363854,0,0,0
0.0030579978617479965,1,1,23.860176962544593,0,0,0
0.0022351968726295177,1,2,37.08963460573018,0,0,0
0.0006107945016443844,0,0,25.63974252201467,0,0,0
0.0028774394389924156,0,1,39.70412005106564,0,0,0
0.0037328015698305933,0,1,36.7082107872275,0,1,0
0.01553409214823311,1,2,25.079160360018633,0,0,0
0.001285634931190127,1,3,27.69765799487252,0,0,0
0.002464324094612381,0,3,25.408900900541862,0,0,0
0.01985041407995149,0,2,32.66829038159485,0,0,0
0.0065678583991067695,1,3,116.907565151967,0,0,0
0.0031833630143125635,1,4,140.80145973607546,0,1,1
0.004124545588032017,0,2,30.736032854048446,0,0,0
0.0046897234668775,1,1,22.281023928618172,0,0,0
0.006705220615298886,1,2,32.59904657352375,0,0,0
0.049591133013884896,1,0,24.36080569295179,0,0,0
0.002954635591216944,0,6,119.29790607458436,0,0,0
0.0009634035534382925,1,1,24.260400911972233,0,0,0
0.009056526904925694,1,2,28.891365797724465,0,0,0
0.006182978563286462,0,2,26.927459036501414,0,0,0
0.007403898615459641,0,2,22.435560237535753,0,0,0
0.00022766701771428647,1,1,36.79120077349763,0,0,0
0.008714181545884223,0,4,33.93843316536671,0,0,0
0.006151049175809246,1,0,207.87661469979918,0,0,0
0.052642354832838884,1,3,28.11040576549462,0,0,0
0.005056392355941782,0,2,24.24071575371977,0,0,0
0.009492241510350038,0,1,34.02393017499379,0,0,0
0.0071347296720274045,1,1,28.173792697745036,0,0,0
0.00015719993835436506,0,3,98.04323679304062,0,0,0
0.006111999240313665,1,3,21.119320305316926,0,0,0
0.0013202496304085198,0,2,26.083762333076372,0,0,0
0.003854372345304151,0,2,22.336335791029917,0,0,0
0.002932872128719696,0,2,29.491879749316652,0,0,0
0.03198835957314469,1,5,25.10247453179146,0,0,0
0.0011728733342717117,1,0,33.4264292280425,0,0,0
0.0021479013143315645,1,2,30.729906444875702,0,0,0
0.006917193991219641,0,2,31.756686481689403,0,0,0
0.12244873312993369,1,1,24.937954776161796,0,0,0
0.0018166912841590798,1,3,34.146593741251934,0,0,0
0.012171610396172578,0,3,25.070436711426368,0,0,0
0.006156404093053994,0,2,36.62157088743345,0,0,0
0.003950933732980125,1,3,29.18712440805125,0,0,0
0.0007163983428345245,1,0,35.153061481377094,0,0,0
0.0012487427063706462,1,1,30.988852757009965,0,0,0
0.047793434213340355,0,3,28.884823884875356,0,0,0
0.0338303338330602,1,1,29.708455062486177,0,1,1
0.0023519441074095304,0,0,27.76330333439534,0,1,0
0.02799392026648243,0,1,24.16290418917211,0,0,0
0.009968503249021285,0,2,28.793159893840386,0,0,0
0.019599099352869822,0,3,33.65628926110849,0,0,0
0.5687252551663108,1,1,35.37225520205655,0,0,0
0.0018408849261917376,0,1,38.35754644577439,0,0,0
0.0016666893923948736,1,1,23.170730761147208,0,0,0
0.0020630230266361167,1,0,44.553965107668965,0,0,0
0.025713767905260823,0,1,25.995486242970998,0,1,0
0.041669761294009615,0,1,29.35385224861919,0,0,0
0.008339320711547518,1,1,25.903322988971247,0,0,0
0.0036828044117504766,0,2,22.803630223463934,0,0,0
0.010409018749120333,1,2,30.31267545404565,0,0,0
3.8378756719243294e-05,1,2,35.17157340169915,0,0,0
0.011306596856785768,1,2,37.72730581459836,0,0,0
0.007896718756607728,1,2,32.37943356219022,0,0,0
0.020010303342874156,1,2,32.26361473416867,0,0,0
0.04912680248446636,1,1,25.180710646072082,0,0,0
0.037172973650925624,0,1,27.816980032555694,0,0,0
0.11468299717368936,0,1,31.564190809674834,0,0,0
0.0024623797751593458,0,2,26.837927428037265,0,0,0
0.0041808632846204756,0,1,33.15474703533228,0,0,0
0.010850207387369425,0,0,17.891643646124734,0,1,0
0.002774236659393343,1,1,29.966926030350113,0,0,0
0.01482591426831006,0,3,29.066472743372874,0,0,0
0.00010084227843222622,0,2,29.152182627810546,0,0,0
0.01153573476862236,1,3,36.42631193452702,0,0,0
0.012863575127439368,1,7,96.85354111762436,0,0,1
0.06361443793628103,1,2,22.44198715260096,0,0,0
0.0012536346112946588,1,1,40.43764975314914,0,0,0
0.007115360861613605,0,1,25.872309244653938,0,0,0
0.13065592699880335,1,1,32.92416165125991,0,0,0
0.008545881545470042,1,1,25.912615146732012,0,0,0
0.024043706511907893,0,3,22.55916620618725,0,0,0
0.02224396954876968,0,2,40.63816586116251,0,0,0
0.0032301706481198153,1,0,36.217004025140966,0,0,0
0.008295679017126214,0,1,30.35801630070778,0,0,0
0.0015165999798379013,0,1,28.325054045957355,0,0,0
0.003563689183494905,1,3,28.5422387855584,0,0,0
0.008793015695887568,0,2,28.24496699724573,0,0,0
0.0016314532591872716,1,4,36.31369484189716,0,0,0
0.009703535604965839,1,3,36.54847756156578,0,0,0
0.0012040920560955827,1,1,30.902065617521437,0,0,0
0.05721708598549307,1,2,33.80697936944023,0,0,0
0.11807591754763247,1,5,28.58373782441705,0,0,0
0.002878431397297435,0,1,30.310377237402374,0,0,0
0.0001465447664774706,0,1,29.620763637543085,0,0,0
0.02703613006623942,0,2,27.133286665326434,1,0,1
0.02577999386911528,0,0,22.511683905260597,0,0,0
0.04797244336164091,0,2,24.535903991536767,0,0,0
0.018550661183419175,1,1,116.43812821977005,0,0,1
0.004358372610946168,0,2,24.08714567757417,0,0,0
0.007042573158931257,0,1,24.506690593284866,0,0,0
0.009212411283321733,0,0,21.0703236918871,0,0,0
0.0077030235670198545,1,2,25.687856150083228,0,0,0
0.03467453011903329,1,2,27.633723609420528,0,0,0
0.001092559050873926,1,1,22.36320339836142,0,0,0
0.005553068533623796,0,2,31.749389275214938,0,0,0
0.004174468958139192,0,1,25.146226036564684,0,0,0
0.013518372661430146,1,4,28.71138605583885,0,0,0
0.08222482233585912,1,0,35.24678854792475,0,0,0
0.039151053333329446,1,4,30.438889153130177,0,0,0
0.01482849869493173,1,3,30.682170650221376,0,0,0
0.0013615518613040267,1,3,130.217681719274,0,0,0
0.028395169455169414,1,1,37.47417854227422,0,0,0
0.0030060542926383152,0,1,33.32404689574253,0,0,0
0.006238788527622288,0,1,34.108024803909125,0,0,0
0.0011754035402085491,0,1,27.91295717688864,0,1,0
0.0006250072108475019,1,1,22.3309654122257,0,0,0
0.005035412899149844,0,2,30.86968885547229,0,0,0
0.003126469326462649,1,1,34.0283603014169,0,0,0
0.008369882171889985,0,3,156.66909079890044,0,0,0
0.0032065666522265042,0,2,24.869927674180854,0,0,0
0.005248591002962441,1,3,30.23407420459345,0,0,0
0.03630840558408395,1,5,22.47491932528191,1,0,1
0.1645760338848836,0,0,36.37553869156404,0,0,0
0.002494400340756818,0,1,16.719934050990073,0,0,0
0.003638932523282048,0,3,26.252599046170808,0,0,0
0.0286496019900597,0,2,26.991532667890873,0,0,0
0.0026793839628266513,1,0,35.589106675511104,0,0,0
0.014869261906873944,1,3,36.06870765228099,0,0,0
0.0007917333145415893,0,3,35.1867220676443,1,0,1
0.0064701549443055735,1,0,33.13391933312688,0,0,0
0.0010508925853553654,1,2,28.088665804153194,0,0,0
0.004822956958424266,0,0,28.566768903750578,0,0,0
0.000977676812424813,0,1,35.1186784212162,0,0,0
0.0023377284438696015,1,0,37.62570279948165,0,0,0
0.023000372321999373,1,1,35.66509440538472,0,0,0
0.015086580249035541,1,1,26.70133749989889,0,0,0
0.19622531269745205,1,1,23.644030626412746,0,0,0
0.021755814211716927,1,0,27.300997373310672,0,0,0
0.005125880649742088,0,2,27.416053139928326,0,0,0
0.023407987521502232,1,1,188.20434443047256,0,0,1
0.03463573732539543,0,1,37.350953203231114,0,0,0
0.004685266532953898,1,3,21.602609096149976,0,0,0
0.003048625844048478,1,1,24.65380792701624,0,0,0
0.0019163564305051015,0,4,34.955154616527935,0,0,0
0.018423849373356234,0,2,27.883856637148508,0,0,0
0.02567730917657829,0,2,28.272535556371317,0,0,0
0.019408399833899644,0,2,25.642364366511558,0,0,0
0.05720960052937973,1,3,30.849824552047018,0,0,0
0.004317575819977995,0,1,35.08306310355313,1,0,1
0.12868347304045485,1,3,34.072557726643026,0,0,0
0.010308841234847257,0,1,25.685725309753366,0,0,0
0.003730704194531701,0,2,24.91885497371452,0,1,0
0.005686106363046748,0,6,35.38715629598208,0,0,0
0.002972134625535807,0,2,28.540629456884854,0,0,0
0.009327713551282726,0,5,29.248411971334185,0,0,0
0.044655804689322315,1,2,28.997225394522196,0,0,0
0.0009141471900550929,0,1,22.625381862436537,0,0,0
0.0025690252996284696,1,2,26.565328750974977,0,0,0
0.004065275567501492,1,4,31.613185052468246,0,0,0
0.03809312152899332,1,0,33.86569559461896,0,0,0
0.005058302130391175,0,1,26.182769280782633,0,0,0
0.05721968390691628,0,1,43.415686069622176,0,0,0
0.014455506129035144,0,1,28.79271348159259,0,0,0
0.00990498783862785,0,3,24.640347190506866,0,0,0
0.03254634478257034,1,3,34.64401236877826,0,0,0
0.011098992292732044,1,4,32.22788273677578,0,0,0
0.26479146754695226,0,2,38.59028145870008,0,0,0
0.017432572632820366,0,5,22.449189929480116,0,0,0
0.00284129498733245,1,5,33.80962721882325,0,0,0
0.0053809770896341156,0,1,150.43318555981315,0,0,0
0.0010438304361276606,1,1,35.690910753523866,0,0,0
5.95402484373187e-05,0,1,33.42222374524293,0,0,0
0.0002512095870319275,1,2,39.27400033540898,0,0,0
0.007907357231224486,0,4,35.5158914505918,0,0,0
0.002165828274095758,1,0,29.755004567512064,0,0,0
0.002169677478626599,0,0,33.01211297245258,0,0,0
0.0026790135465724605,0,2,37.31091574664455,0,0,0
0.0042857093098239325,1,2,124.16906942328964,0,0,0
0.0015547469876465855,0,3,127.51228512740825,0,0,0
0.010839197335896725,0,1,38.36971221886411,0,0,0
0.015367278544495286,0,0,34.04800635504791,0,0,0
0.0019619784962566457,1,1,30.79683424559422,0,0,0
0.00018916020293794592,1,2,29.281814455269075,0,0,0
0.006796384639014319,0,0,34.29181230998569,0,0,0
0.005544615261344059,1,1,30.314676905596887,0,0,0
0.004058816403834992,0,2,29.00201018920087,0,0,0
0.01532263713292706,0,0,25.414930331900315,0,0,0
0.014990984639680363,0,2,36.81456806370899,0,0,0
0.014962086225988413,0,1,22.172885529747738,0,0,0
0.011527425723423062,0,2,23.839900758420285,0,0,0
0.0037227217996810297,0,0,118.75663602677476,0,0,0
0.03345822430745236,0,3,34.175772676720506,0,0,0
0.008901915072288038,0,2,36.74485034951419,0,0,0
0.005675805155174138,1,3,31.42098414574016,0,0,0
0.022417620531171422,0,0,35.34020584401382,0,0,0
0.0029180434832255676,1,2,26.828506764949868,0,0,0
0.04946700869674629,1,2,27.7638358279674,0,0,0
0.024685297725468756,0,3,182.98399428495532,0,0,0
0.003521554562739329,1,3,34.42027368397698,0,0,0
0.0019393244718702062,0,1,30.46350950763251,0,0,0
0.0005776559010897705,1,2,35.4035632667044,0,0,0
0.004415417806402792,1,0,40.52994077254642,0,0,0
0.006109328616382776,1,2,27.960439127885717,0,0,0
0.02678093404843623,1,2,32.52020940663759,0,0,0
0.0013666989786437884,1,0,31.884970019666945,0,0,0
0.009111696663943878,0,6,176.26438156816434,0,0,0
0.025937972873663014,1,0,25.899366255387406,0,0,0
0.005042421578004624,1,3,35.860397275092765,0,0,0
0.00040378786298295817,0,1,28.796194444865804,0,0,0
0.004567963195775072,0,3,26.830149339463723,0,0,0
0.041901791408409224,1,0,29.63647212162216,0,0,0
0.009674051380107948,0,2,31.00909037697063,0,0,0
0.0009907625441338153,0,0,42.2671756883314,0,0,0
0.01288044907645435,0,2,30.326710852682883,0,0,0
0.00296328835871102,1,1,28.535136188773514,0,0,0
0.05051860205185348,1,2,27.85333222400624,0,0,0
0.011743670364011284,0,0,33.248642509722025,0,0,0
0.016107554756954082,0,1,33.76398611917018,0,0,0
0.0012351108797975614,0,2,31.62402457146403,0,0,0
0.0026542206382747543,1,5,22.616670106468288,0,0,0
0.0038271770474567627,0,2,33.17448467370499,0,0,0
0.023316470782984895,0,2,28.37659687901439,0,1,0
0.00020457033539160585,1,0,25.5565447951112,0,0,0
0.008897299101714832,1,3,28.739614930507077,0,0,0
0.05485379423791662,1,1,29.175388708289486,0,0,0
0.007508851283544174,1,2,27.922026941934885,0,0,0
0.007180261078076332,0,0,29.05059081733741,0,0,0
0.0054164073567372255,1,1,22.774907265153537,0,0,0
0.0003903894459284061,0,4,41.00808341086034,0,0,0
0.005444788206777667,1,1,31.402183259687906,0,0,0
0.0006118590160527475,0,7,29.30940813462317,0,0,0
0.005176632967653262,0,2,24.660915610511946,0,0,0
0.002561187877503599,1,4,34.52381550281082,0,0,0
0.006276776166443108,0,1,34.27687782956356,0,0,0
0.0008625591900757064,1,4,32.685568070215,0,0,0
0.00515020388140826,0,1,24.08084049372465,0,0,0
0.004731501523414684,1,3,39.38827385452074,0,0,0
0.00019619006586911916,0,1,30.39900282863471,0,0,0
0.032379808802185536,0,1,29.35876462428805,0,0,0
0.0006548470905579788,0,3,35.90223204424928,0,0,0
0.15598246608940136,1,3,36.05775283196568,0,0,0
0.22450889630009005,1,7,39.14050971030678,0,0,0
0.024958614489274243,0,3,33.646747306425254,0,0,0
0.03223092601153516,0,3,24.761772324671263,0,0,0
0.007086980380064748,0,4,118.78402213322418,0,0,0
0.00222936252764335,1,2,23.764794587692265,0,0,0
0.20331583578219065,0,0,23.409395826743342,0,1,0
0.010646495718997428,0,3,80.14621532843088,0,0,0
0.00048769085036332315,1,2,27.593174427122378,0,0,0
0.007654947017498378,0,5,28.172843672332178,0,0,0
0.013050284479076723,1,2,37.34117114713186,0,0,0
0.002091155599636793,0,3,27.477799441840535,0,1,0
0.00172155296935407,0,1,28.723575592110137,0,0,0
0.0009942350800002011,1,2,25.528914907945364,0,0,0
0.09826367471531723,1,1,32.67724341764547,0,0,0
0.026833864315722978,0,3,28.32808609126523,0,0,0
0.006234075265163287,0,1,108.34945626782375,0,0,0
0.14567435495887565,1,1,26.40453063655091,0,0,0
0.01236825092410553,0,2,25.84325389009433,0,0,0
0.01424167087652762,0,5,138.59038011930767,0,0,0
0.013075153352708032,1,4,33.58136679118822,0,0,0
0.18024830864307506,0,2,30.45867187177969,0,0,0
0.0017889710815192875,0,2,23.143780304043773,0,0,0
0.003981406993740027,0,3,185.7816813018442,0,0,0
0.002259804837699771,0,3,35.37016201344359,0,0,0
0.02569739714075756,1,3,41.44430918256843,0,0,0
0.01805090424903489,0,2,115.88938825048986,0,0,0
0.0043847313448738354,1,1,31.800994553413705,0,0,0
0.05094727928482049,0,4,30.636798192162615,0,0,0
0.0028646723388189854,1,2,30.184777759367357,0,0,0
0.0023032062971999833,1,0,24.212299200289912,0,0,0
0.018412994418280697,1,1,20.159015401708167,0,0,0
0.01397407652025796,1,1,32.31565800184492,0,0,0
0.022907593460928764,0,3,39.22018113139707,0,0,0
0.009250277328379242,1,0,32.3908106133079,0,0,0
0.01276771746742121,1,1,36.52807966532038,0,0,0
0.005728080119921893,1,2,136.8235047947127,0,0,0
0.011428049987250272,0,1,37.170172872904665,0,0,0
0.0028344427575219674,1,1,29.42354381613715,0,0,0
0.006154745100188008,0,2,29.991322767767958,0,0,0
0.08189597989043697,1,4,30.97911447194507,0,0,0
0.08067340683331278,1,2,32.23779989640705,0,0,0
0.0003171755197755706,0,0,32.862140846160734,0,0,0
0.00254064975809675,0,1,27.10467974906501,0,0,0
0.03605911579361828,0,4,40.250020114056944,0,0,0
0.007800425046266917,1,1,37.523716023162905,0,0,0
0.1519176879448568,0,4,27.714436914237176,0,0,0
0.015233150438154935,0,0,35.02074388086977,0,0,0
0.013850363618024343,0,1,21.75486030753422,0,0,0
0.007881886526254146,0,1,38.06095323482103,0,0,0
0.01812309306343154,1,1,36.05439839697288,0,0,0
0.0017037115344390424,0,2,108.38118660171997,0,0,0
0.008822949719894503,1,1,27.056447453268767,0,0,0
0.016405140190065302,0,4,33.41358919456836,0,0,0
0.017142797474473035,1,2,153.67909306024117,0,0,1
0.003771157089663873,1,2,36.288914568209435,0,0,0
0.006019228574462221,0,1,25.16624827292395,0,0,0
0.008822058694408993,1,3,31.745683210719797,0,0,0
0.0025925616656281383,0,1,36.89402248910607,0,0,0
0.02693549717843915,1,0,36.95983334670053,0,0,0
0.024469101530874896,0,0,27.52534948465076,0,0,0
0.015289720027796284,0,1,33.385193222254514,0,0,0
0.0015437345396659837,0,5,27.413670282823713,0,0,0
0.0014677773154740006,1,4,28.758132608691966,0,0,0
0.028080797446408953,0,1,33.51669323956186,0,0,0
0.002570027410133259,1,2,34.54185401722229,0,0,0
0.007483191557498215,0,5,29.85731371753514,0,0,0
0.0010117314815822759,1,1,41.57444801815977,0,0,0
0.00692385157340908,1,2,27.621382403787628,0,0,0
0.004634977357463115,1,1,180.8606732598696,0,0,0
0.0655311843791244,1,0,34.506763981826644,0,0,0
0.004880559191023288,0,5,22.737329265177813,0,0,0
0.19245517068355628,0,2,169.23395052839075,0,0,0
0.014291834325528198,0,1,34.47322599048868,0,0,0
0.0005384423731060547,1,4,31.23455805563058,0,0,0
0.009646302223835862,1,5,32.20196668492337,0,0,0
0.011595278206467684,1,2,36.164094478978505,0,0,0
0.010918698337376699,0,1,28.815088021622678,0,0,0
0.009204513660364516,1,5,26.28597782935255,0,0,0
0.009016756536128637,0,2,20.11502984104314,0,0,0
0.017466233542288007,1,0,33.899970181578595,0,0,0
0.006986586574268552,1,2,42.45856177241767,0,0,0
0.014923739750716517,0,2,26.453845239555495,0,0,0
0.11026647963113753,0,0,25.329880534549623,0,0,0
0.027885977472886195,0,2,27.451613457388195,0,0,0
0.022357627585858242,1,2,28.223954745918444,0,0,0
0.0013535162932041163,0,0,26.373619740477874,0,0,0
0.016602692276593813,0,2,26.27448702503614,0,0,0
0.044854995453304805,0,1,35.05423041826575,0,0,0
0.004425429659752119,0,3,187.09004447134242,0,0,0
0.001819284624750164,1,1,106.59277091829351,0,0,0
0.0013951421755785366,1,1,18.394390786254263,0,0,0
0.0007855352477981536,1,0,20.18861657275594,0,0,0
0.012093974877624926,1,0,30.99926314866982,0,0,0
0.0473627438187482,1,2,30.879119865131987,1,0,1
0.004180908988906912,1,3,33.59201279825912,0,0,0
0.005434873148752839,0,3,24.806362856630226,0,0,0
0.008956341791300278,1,2,106.83996650265698,0,0,0
0.04953471390274903,0,1,29.729905726355145,0,0,0
0.018664681658088718,1,0,34.86724544738794,0,0,0
0.002899720831716973,0,5,22.058827283649254,0,0,0
0.014141273964434683,0,0,28.425689342211392,0,0,0
0.5592930049010004,0,2,30.646924314927038,0,0,0
0.01958235093636162,0,3,29.590969962379315,0,0,0
0.0053367386747873655,1,4,29.309696591768734,0,0,0
0.07590228299399239,0,2,34.90536723120989,0,0,0
0.005594314380966818,1,3,27.49392578733177,0,0,0
0.002911994630920186,0,0,29.38415759700001,0,0,0
0.02161810055977981,0,2,83.63063965963849,0,0,0
0.021725808663341912,1,0,19.31247033788226,0,0,0
0.09929053398708904,0,1,21.392759171551916,0,0,0
0.019679494138231644,1,0,28.168252736319744,0,0,0
0.01182658769596139,0,3,25.800136550448634,0,0,0
0.01575855589055784,0,1,37.94124987797588,0,0,0
0.00419043604309268,0,2,39.649015947811904,0,0,0
0.47520609290894694,0,2,23.173784919559854,0,0,0
0.0022400823016685656,1,1,23.3621887638911,0,0,0
0.0019642639284105966,1,0,28.77628520541298,0,0,0
0.01838911911569068,0,3,29.033939768884945,0,0,0
0.03658044106678149,0,2,27.836886295526135,0,1,0
0.22602927960257485,0,1,28.864838808860764,0,0,0
0.0017713722986080743,0,1,103.5186002781888,1,0,1
0.02190150100429954,1,1,28.38726945779273,0,0,0
0.0012873385194653879,0,1,28.942810136873504,1,0,1
0.008834387644953265,0,2,27.325206839720494,0,0,0
0.0003603623470117203,0,1,20.288457787608294,0,0,0
0.13005205921511673,1,3,33.17880800766242,0,0,0
0.14493323435156866,0,2,31.22914547782742,0,0,0
0.009695170941813207,0,0,25.89570486415426,0,0,0
0.026323074348026616,0,2,111.67854133221067,0,0,0
0.000350411886937829,1,1,36.96511862497928,0,0,0
0.07105284059704112,1,2,21.6703073901841,0,0,0
0.0021755920057493117,1,1,26.469987155786846,0,0,0
0.015869266567888788,1,2,34.383426142395265,0,0,0
0.0015752365565217777,1,0,32.322920784787385,0,0,0
0.0012232625650806983,1,3,28.776503956849904,0,0,0
0.02624104823573233,1,3,18.600447423358663,0,0,0
0.003893569271511413,0,1,31.18406070876157,0,0,0
0.0018492875927299227,1,2,27.822257709235846,0,0,0
0.023059296147825963,1,1,114.28241240471462,0,0,1
0.059243459814112505,1,0,30.825150714682128,0,0,0
0.03129787500070911,1,1,36.63186809419216,0,0,0
0.0342665787656623,0,5,21.428855905649147,0,0,0
0.01272460719698014,0,1,32.14978227478295,0,0,0
0.0013643305177273015,1,0,30.85700397263013,0,0,0
0.007056571344170627,0,2,24.19918302131792,0,0,0
0.006906172313739587,0,4,33.63742578206852,0,0,0
0.08564835679769028,0,0,30.920791594598587,0,1,0
0.008741612384949863,0,1,26.25563870271088,0,0,0
0.0003844076106495368,1,4,31.49470665832147,0,0,0
0.01304987566466108,1,4,23.961750239798995,0,0,0
0.0016897683676812766,0,5,40.13346644429724,0,0,0
0.0034369063090075717,0,2,33.186455684018654,0,0,0
0.004529142882862481,0,2,36.10420312544921,1,0,1
0.002644376867307466,1,4,27.239037691670326,0,0,0
0.029150771133976485,1,4,29.481661412502053,0,0,0
0.16448515933282395,1,1,25.962305236408994,0,0,0
0.009536914392544924,1,5,29.38234743434283,0,0,0
0.014413860451431405,1,1,36.05932437373813,0,0,0
0.007018565088470627,0,4,33.651061110608424,0,0,0
0.009615744360659283,0,1,35.7310478651334,1,0,1
0.0019345149135938915,1,2,158.77463255418252,0,0,0
0.013066795803822024,0,0,27.905117041799294,0,0,0
0.001933047643778949,1,3,34.650730054106944,0,0,0
0.009707733662779086,1,1,29.93887637981556,0,0,0
0.018494148827632666,1,4,160.047976733107,0,0,1
0.01629976309266082,0,1,154.82212869217736,0,0,0
0.009843188008533362,0,4,23.711259107498552,0,0,0
0.001628802075150924,1,2,27.82360508962098,0,0,0
0.029924342634031195,1,0,31.991997099377222,0,0,0
0.011695022361260372,0,2,126.35608932636059,0,0,0
0.0002947249204505594,1,1,34.08574661336861,0,0,0
0.011590962211675784,0,2,34.58019649106802,0,0,0
0.03139181083842084,0,0,32.69241483256889,0,1,0
0.0032362808555788936,0,3,31.394891943363742,0,0,0
0.009855068904633302,1,3,27.828853204325387,0,0,0
0.0028827763003157502,0,1,30.848490646565523,0,0,0
0.0016662029180914148,0,1,25.76362296652641,0,0,0
0.00045984844147346445,1,3,33.85437791691804,0,0,0
0.009558046261598813,0,2,26.160090824225374,0,0,0
0.01360612525817298,0,3,34.81055281953142,0,0,0
0.003360589473367928,1,4,29.538714667459203,0,0,0
0.00010377981422175992,0,1,32.61025263748692,0,0,0
0.0007243361233421433,1,2,27.85943369636361,0,0,0
0.0007389165670112606,0,2,29.25282098495883,1,0,1
0.07780870079401483,0,1,36.54448071571006,0,0,0
0.0007423862301584837,0,2,82.52052420261441,0,0,0
0.005489075243194924,1,1,26.840597757358115,0,0,0
0.0049290963272794405,0,0,33.47589907917524,0,0,0
0.002930574504482332,0,2,30.492917193079137,0,0,0
0.006693800564284407,1,2,31.277905158973837,0,0,0
0.023173336665894884,0,2,26.290196123714853,0,0,0
0.005698785539132584,0,2,36.22447226892641,0,0,0
0.0143969514829059,0,3,34.627576387851285,1,0,1
0.00025292098831303114,1,3,33.161295056022794,0,0,0
0.11617109401581144,1,2,34.209619791925476,0,0,0
0.004380734567991519,1,3,39.460663081159055,0,0,0
0.0056377992343115465,0,1,29.232908382627798,0,0,0
0.0027630160801213146,1,1,38.89726426784341,0,0,0
0.003497657768355301,0,3,26.42494126310706,0,0,0
0.005957369031011411,1,3,117.79522143414685,0,0,0
0.007538431217794083,1,1,19.33607414138779,0,0,0
0.041627310198901174,0,2,38.632085479036476,0,0,0
0.0028733025757482853,1,0,31.750906528404887,0,0,0
0.03978710820645414,0,1,34.30331241695383,0,0,0
0.00745827757512329,0,0,38.93276687603174,0,0,0
0.0027148167635208816,1,2,22.953780060950287,0,0,0
0.05227705072122177,1,0,34.75637501235336,0,0,0
0.0025562549419997104,1,2,127.28799369313647,0,0,0
0.02455220569752262,0,2,21.568719969751463,0,0,0
0.007799540981602775,1,2,111.80718971549501,0,0,0
0.001135622921421138,1,0,24.22023031245278,0,0,0
0.005176937757577772,0,3,28.14309378124859,0,0,0
0.07199378260917216,0,1,36.67729713075784,0,0,0
0.032250595821704066,1,2,27.878874939557132,0,0,0
0.0005031880177425805,1,2,24.587201035025224,0,1,0
0.0008489726266650355,0,1,26.943029959010275,0,0,0
0.002776258615301515,0,2,33.165452174642354,0,0,0
0.0029738459004791593,1,1,26.105327737893376,0,0,0
0.023111667972548905,1,1,24.619986731267662,0,0,0
0.009707124297413003,0,3,32.12136303022082,0,0,0
0.001771216337458905,0,0,32.68494908719959,0,0,0
0.0025635089875009984,0,4,29.081742686746487,0,0,0
0.006338573433796852,1,0,32.80102120759553,0,0,0
0.0029411518450926984,0,4,27.04857375917505,0,0,0
0.03251820811960594,1,2,21.969087889703225,0,0,0
0.0042707073395470896,1,1,31.293490466418167,0,0,0
0.0010171592506583644,1,6,29.21081689321894,0,0,0
0.00380525079510398,0,1,43.482209289643,0,0,0
0.010366726784452314,1,1,26.93521386253633,0,0,0
0.0589377179379655,1,2,19.27002904385125,0,0,0
0.005751275091164207,1,2,35.58628520287317,0,0,0
0.011844512831073847,1,1,32.48533686516739,0,0,0
0.03135891726532175,1,2,26.749432649503515,0,0,0
0.00271444003983593,1,2,29.398673640740014,0,0,0
0.037257032086261244,0,0,25.042538122403165,0,0,0
0.0310783716429054,1,3,30.87803614761941,0,0,0
0.010809085348740179,0,4,26.340210883399585,0,0,0
0.003119828074872296,1,1,26.67949107359523,0,0,0
0.0010604375129104689,1,2,25.687997794065684,0,0,0
0.011302791950522117,1,3,29.003262524105306,0,0,0
0.0016579304276206474,1,3,39.75765192137646,0,0,0
0.024168838565053908,1,2,28.757484778577165,0,0,0
0.0016266843988344758,1,2,34.700131251793685,0,0,0
0.02761762853553555,1,1,21.402408108101582,0,0,0
0.00846383473503866,1,3,35.95809134806816,0,0,0
0.004083795234652277,0,2,30.820838537055405,0,0,0
0.0009551547513473218,1,1,31.940143756501424,0,0,0
0.008800945956167863,0,2,35.34228930501635,0,0,0
0.22749983234720172,1,2,27.315776890203853,0,0,0
0.054029253989477916,1,3,36.98371955559937,0,0,0
0.003981872911403914,0,3,25.571347414111614,0,0,0
0.040855013906375706,1,2,33.14164257524409,0,1,1
0.011748292416542554,0,1,41.94181683510465,0,0,0
0.0008223045825025322,1,1,41.402668386489395,0,0,0
0.006024297567012132,0,2,27.936880579643947,0,0,0
0.012423299875503184,1,3,33.96048206551204,0,0,0
0.000638228014246458,0,1,26.658411205233275,0,0,0
0.002669674703369299,0,4,26.031434516580877,0,0,0
0.3647877872358887,1,2,37.662383709514174,0,0,0
0.0011030881164413528,0,1,24.204055066332003,0,0,0
0.001538986130918052,0,0,212.82109811761939,0,0,0
0.016105502101144458,1,3,27.651645860060597,0,0,0
0.01721953424918527,0,0,35.86299203700975,0,0,0
0.03678603376418949,0,4,37.1606906737429,0,0,0
0.024272322505739376,0,2,27.90426787823765,0,0,0
0.010005704082340002,1,4,33.42251812303779,0,0,0
0.009569514058929167,0,1,35.856825582649414,0,0,0
0.011235424046210625,0,1,27.936221716524628,0,0,0
0.007032209572033684,1,0,25.37913224029173,0,0,0
0.0042139343083030315,0,2,31.154942458085742,1,0,1
0.0032908084823102435,0,1,33.684562199737115,0,0,0
0.0483119564660093,0,1,35.480863856475736,0,0,0
0.021026429227713868,1,4,21.59912113436278,0,0,0
0.009879693058969295,1,2,25.255904558173608,0,0,0
0.06126465795654768,1,4,29.929485648044015,0,0,0
0.02035890944536393,0,2,30.20363971990076,0,0,0
0.0008919165825147064,1,1,33.438322980029795,0,0,0
0.0033635486821233652,1,3,29.2043676295192,0,0,0
0.008177049083838515,1,5,23.784497322663917,0,0,0
0.008167078163983986,1,0,191.26383675909008,0,1,1
0.029054042796318475,1,4,29.961973263757244,0,0,0
0.00022616753900072433,1,2,198.25621206089252,0,0,0
0.043764105781442755,1,2,31.783881858433222,0,0,0
0.009595327843921506,0,0,30.932217510571878,0,0,0
0.030727316177837204,0,2,27.591107076441293,0,0,0
0.0067507127869551875,0,3,96.2374559516721,0,0,0
0.0003838065818310252,0,1,22.1960924960497,0,0,0
0.013629499577515093,1,0,31.72585028703369,0,0,0
0.18443554816665086,1,0,144.5320113218023,0,0,1
0.012309382701943416,1,2,30.23591081676062,0,0,0
0.022212356799524508,1,1,33.189182885813295,0,0,0
0.005268571683482709,0,1,35.373576573526464,0,0,0
0.01989920691853468,1,1,36.46910822221974,0,0,0
0.003492292071493976,0,1,99.5970674808549,0,0,0
0.012101958830026618,1,3,29.93711625153601,0,0,0
0.012840724466319026,1,3,29.619910702314282,0,0,0
0.007313047845915284,0,2,25.503474354355014,0,0,0
0.0007773069386540913,0,3,37.08392288773947,0,0,0
0.00392671341950047,1,3,78.40413561495932,0,0,0
0.0038761003937617627,0,3,39.88929506636204,0,0,0
0.002616054150391631,0,2,18.145753210603996,0,0,0
0.0049113625217843395,1,2,34.573248773441485,0,0,0
0.007777547950075967,0,1,29.86862594973472,0,0,0
0.00024221298197121713,0,3,27.262554430341382,0,0,0
0.006881329505694417,1,4,21.21680645235443,0,1,0
0.013921279704343224,1,1,34.24339795056618,0,0,0
0.01094509780349716,1,3,30.562175533419147,0,0,0
0.0212566082914609,0,6,22.53431481021632,0,0,0
0.004408928778571288,1,3,33.97367663454068,0,0,0
0.01034796405863176,0,2,28.762867898441783,0,0,0
0.003455451529245115,0,2,23.55322585762613,0,0,0
0.008755700434697105,0,3,32.24596288558543,0,0,0
0.0011005957008340267,1,0,32.76209333762086,0,0,0
0.026732042335601322,1,2,32.3468935592544,0,0,0
0.003084844304939865,0,1,37.50839305672051,0,0,0
0.0013253882716275497,1,0,31.49015410935087,0,0,0
0.0017511376805212436,0,2,31.19082380662174,0,0,0
0.003859128015534468,0,2,32.53126681678954,0,0,0
0.0001398895511291534,0,1,30.304707933428322,0,0,0
0.0036190703355661116,1,1,31.222273521356904,0,0,0
0.0008878848962450499,0,1,27.25984528306497,0,0,0
0.0023699906187549403,0,2,24.488297128264428,0,0,0
0.010686782535357209,0,2,36.00549681121204,0,0,0
0.019271806762370447,0,1,32.233000811366416,0,0,0
0.004178256669782387,0,2,29.39213160525275,0,0,0
0.0007718442880445259,0,1,34.49795895574317,0,0,0
0.001039851389478118,0,3,28.43203393877109,0,1,0
0.0016565264524013642,1,1,36.73681906115811,0,0,0
0.01104361439945477,0,2,34.428883488868884,1,0,1
0.001976464883590178,1,1,32.48485493484903,0,0,0
0.002748623047537599,0,8,34.692760503556684,0,0,0
0.008417161950161194,0,1,25.238406262948196,0,0,0
0.01577821934650943,1,3,33.887083027592126,0,1,1
0.008611215076816343,0,4,32.500041639813425,0,0,0
0.00596582036320238,1,1,37.7697969382545,0,0,0
0.0043387916321441615,0,2,36.89855231379193,0,0,0
0.01575362190326668,0,3,36.154857194429425,0,0,0
0.002442009494861617,1,3,30.174006198498358,0,0,0
0.029340268069245085,0,4,28.486632040831104,0,0,0
0.008297234185424787,1,0,32.07879384360233,0,0,0
0.004121647213249881,0,4,24.177172234606232,0,0,0
0.01774171975906931,1,2,23.033475296140704,0,0,0
0.0016639358457275735,1,1,32.022307658126735,0,0,0
0.0011105869843807909,0,1,27.821264525577792,0,0,0
0.00716793748963815,1,3,22.640388786219,0,0,0
0.02015922343589737,1,4,20.88643748757033,0,0,0
0.021236749339380922,0,2,31.310791280835062,0,0,0
0.013015202451492444,0,3,24.22690784409375,0,0,0
0.03388621561345434,1,2,24.854635502081834,0,0,0
0.009099630602173822,0,2,82.27272114437893,0,0,0
0.0022655850428053336,1,0,32.01272663787677,0,0,0
0.009211205525125842,0,1,32.071736154707956,0,0,0
0.010195565263624246,1,4,28.86946090966358,0,0,0
0.013076043747410112,1,1,37.41263278766964,0,0,0
0.0004665327586166632,0,4,23.01718302000942,0,0,0
0.001702900881192037,1,1,32.45138572322258,0,0,0
0.0008580247658442538,1,5,23.62860959961105,0,1,0
0.005059397473576767,1,2,31.09651246488597,0,0,0
0.0009842078330631393,0,3,28.484105178453067,0,0,0
0.09866202640470516,1,4,31.5441098970242,0,0,0
0.08134457587929,0,1,30.741525873373572,0,0,0
0.003659859071030235,0,4,29.43607989800379,0,0,0
0.001129099055535463,0,1,28.243242325290193,0,0,0
0.0022558203153370516,0,1,30.699167490311734,0,0,0
0.0017423740423713077,0,5,110.78049679108875,0,0,0
0.015382251428631739,0,2,41.81780921294316,0,0,0
0.0016083818663162417,0,4,36.39860220361003,0,0,0
0.0026380293879389835,1,0,26.19972904502774,0,0,0
0.012778864154519374,1,1,28.23355991418356,0,0,0
0.01005962429447269,0,1,26.031005630322394,0,0,0
0.009208687068427921,0,1,24.35555559016443,0,0,0
0.001209441011109319,1,1,28.982753329329626,0,0,0
0.0033385282343714926,0,3,25.03915741685467,0,0,0
0.07415774993840735,1,1,27.602500042573077,0,0,0
0.009730787089768352,1,3,36.30004602326048,0,0,0
0.035488338298489526,0,4,27.33226068391749,0,0,0
0.05909081935700704,0,3,26.14016389737068,0,0,0
0.009332642388005557,1,2,28.865313935879342,0,0,0
0.03804960947367131,0,2,27.19629382854753,0,0,0
0.029499145032022518,1,1,26.980981470606295,0,0,0
0.0024856154067478516,1,2,32.06028867555652,0,0,0
0.007849509795590291,0,0,32.373079391183516,0,0,0
0.00950894708293879,0,2,26.47487482699931,0,0,0
0.03285207936059423,1,3,27.565302545716495,0,0,0
0.0010404589576814534,0,1,28.113779941538663,0,0,0
0.00405718897627313,0,1,34.20134209696921,0,0,0
0.01104262922985529,1,1,27.59335793910417,0,0,0
0.006590382235242119,0,1,26.341593883965803,0,0,0
0.01724892939515206,1,0,32.30526113530729,0,0,0
0.0033152881208423127,0,2,24.863806470066578,0,0,0
0.02078684009246247,1,1,33.888734503977,0,0,0
0.007848786197620628,0,1,28.743071845590453,0,0,0
0.002592510154594928,1,3,22.920510667516055,0,0,0
0.0075785522147205,1,2,30.753939426831767,0,0,0
0.01730400398229196,0,0,35.16814446807184,0,0,0
0.0011865998113695891,0,3,30.425080549768015,0,0,0
0.04882244254401202,0,2,37.74607896670133,0,0,0
0.000958781975426936,1,1,26.513121036264838,0,0,0
0.013441878396744817,1,3,23.884752332518303,0,0,0
0.00044678056222059856,0,5,21.870085175269786,0,0,0
0.0011053104240782118,1,1,24.29053658413451,0,0,0
0.0002017017973399679,1,4,29.916499603632268,0,0,0
0.001535794326581791,0,4,27.494561762747875,0,0,0
0.0563697514694849,1,1,29.366337438494245,0,1,1
0.004877295222218983,0,3,164.75497643937967,0,0,0
0.002404311908945595,1,1,33.9444653094821,0,0,0
0.006596275063502021,0,1,27.144483452722024,0,0,0
0.0021708208932410154,1,2,24.37084695305806,0,0,0
0.002243413177626722,1,1,20.134017910511943,0,0,0
0.007348909099221851,1,4,32.1465058371067,0,0,0
0.004174491945947103,1,2,44.4737756972667,0,0,0
0.017164501943700096,0,5,31.6626904904551,0,0,0
0.0029048518930443676,0,4,91.46845307314929,0,0,0
0.0007673497765525455,0,3,32.87788788887671,0,0,0
0.015444066110777433,0,3,21.328755333374104,0,0,0
0.0034607376196585512,1,1,166.36736516382194,0,0,0
0.00010380315162089337,1,4,28.08153055339509,0,0,0
0.006565067617196296,1,1,32.41112573280791,0,0,0
0.0010886878146985227,1,2,34.59911449807265,0,0,0
0.00907297741169146,1,2,20.032750259164445,0,0,0
0.01744577821114339,1,3,38.125537969799936,0,1,1
0.00615420737407025,0,0,25.33737848843803,0,0,0
0.010524885442421748,0,3,24.957976277695074,0,0,0
0.008741690433223058,1,2,32.45605389718204,0,0,0
0.02888084394741391,1,1,35.00470113031146,0,0,0
0.005483512230357673,1,0,31.62276456531235,0,0,0
0.0019783977989412476,1,1,31.62731799331361,0,0,0
0.004985918156915015,1,2,30.168664650428802,0,0,0
0.0018374125162103788,1,2,32.54769253684074,0,0,0
0.012160630494655487,0,0,21.553088126362468,0,0,0
0.008086687532027138,1,0,31.75998931205606,0,0,0
9.604075280217813e-05,1,1,33.20475995531099,0,0,0
0.021019913461096874,0,1,25.740631119458406,0,0,0
0.0005357369536262982,1,2,25.82827866641871,0,0,0
0.042632282221641934,0,0,27.46929669693539,0,0,0
0.0776340220689979,1,4,21.12365698495421,0,0,0
0.027292166908591105,0,5,22.928320284936554,0,0,0
0.002378896296273247,0,1,30.62140235459754,0,0,0
0.009295465566793578,0,0,33.87165397269703,0,0,0
0.02343647938035884,0,2,24.240216054932713,0,0,0
0.0023771559070056565,0,3,33.82359893751461,0,0,0
0.008227495598664836,0,2,21.59480328215781,0,0,0
0.25481744552375024,1,2,37.430190509005755,0,0,0
0.03593118275571993,1,4,30.539329335866178,0,0,0
0.07768082091150193,0,2,38.900295661640676,1,0,1
0.0029500402313130413,1,1,24.302164022043208,0,0,0
0.04529173485405891,0,1,24.029290848970476,0,0,0
0.0030366030308850342,0,1,33.8481075953028,0,0,0
0.001069003345946405,1,1,25.7493837486873,0,1,0
0.003812023349165766,1,3,24.7555553884888,0,0,0
0.017209302724909812,0,1,28.232426175307793,0,0,0
0.044825608883113495,1,2,25.057510288186844,0,0,0
0.003491554565966575,1,1,36.266306731422745,0,0,0
0.018324020233534362,0,1,27.052881142443997,0,0,0
0.0006740525959149077,0,1,27.227229831841193,0,1,0
0.0018240129189932791,0,4,25.036873119305046,0,0,0
0.004056720530131988,1,0,27.543874990405282,0,0,0
0.0045234112105897615,0,3,26.567802624584612,0,0,0
0.009434006633924817,0,1,22.079147312690026,0,0,0
0.020244593228394017,1,2,31.297946132290342,0,0,0
0.0009443110897913592,0,0,33.981354249396496,0,0,0
0.051984747632287644,1,2,24.6941632052063,0,0,0
0.039128414436239226,0,1,28.51790567429656,0,0,0
0.008569663397345731,1,3,33.95250415188507,0,1,0
0.004044501960438996,1,2,33.65232472124101,0,0,0
0.02638482390571708,1,1,29.31253491694136,0,0,0
0.003744384996409385,0,3,34.58789900956672,0,0,0
0.03358360265286697,0,2,31.321486479635556,0,0,0
0.003205523723341243,1,2,43.21427276412976,0,0,0
0.021189820343149812,1,1,30.551970166103974,0,0,0
0.00044424036184969646,0,2,29.940656367311956,0,0,0
0.0006636586884447916,0,1,36.47581697865798,0,0,0
0.0043746767397282406,0,3,22.86267928379259,0,0,0
0.0016045902697114955,0,1,24.143251394462702,0,0,0
0.004761749730614459,1,4,35.21121231333157,0,0,0
0.02223993998794488,0,1,33.294200284546264,0,0,0
0.004769993315796598,1,2,23.880232982889495,0,0,0
0.03128884382215643,1,2,27.799520564803167,0,0,0
0.006404061766997135,1,1,29.188931917349723,0,0,0
0.0024786140607089674,1,3,25.811599782790367,0,0,0
0.005574277347489747,1,3,31.43399887857547,0,0,0
0.026334923359470346,1,4,35.269592930349155,0,0,0
0.000931555555286403,0,2,32.95450063011176,0,0,0
0.00782857513221128,0,1,25.950207601519814,0,0,0
0.0017812970437808193,0,1,27.73647590378367,0,0,0
0.011346950867860625,0,1,32.606923209411114,0,0,0
0.1301992372278741,0,3,22.6750771521084,0,0,0
0.000489058057467334,0,1,31.79693948912883,0,0,0
0.0065369511476631,1,1,33.00806043802934,0,1,0
0.12957405882321982,1,3,36.289470856609114,0,0,0
0.013456612559261458,1,0,27.67574636460082,0,1,1
0.0010856895543404886,0,1,28.234801158250164,0,0,0
0.0022243394580091762,0,1,21.00333002887193,0,0,0
0.04805090598405436,0,4,22.74234408845614,0,0,0
0.21661179207422812,0,1,137.65431976162924,0,0,0
0.006145530434999685,1,3,25.515868132012056,0,0,0
0.0013915557294325279,1,0,25.61764740851062,0,0,0
0.0035505198339213944,0,1,27.360554291352624,0,0,0
0.002371176333203887,0,2,40.79795384555701,0,0,0
0.008360886309872848,1,5,29.241903408168184,0,0,0
0.007167723460483783,1,1,26.319227828541887,0,0,0
0.004240922077985379,1,3,107.4777187657788,0,0,0
0.009512920099050082,0,0,29.299881224766466,0,0,0
0.03628927277590473,0,1,38.84312220132654,0,0,0
0.05384292956028298,1,8,30.145256027428285,0,0,0
0.007987113921159245,1,1,40.32860713450245,0,0,0
0.007544072579796492,0,1,25.176400494775883,0,0,0
0.011196061314516515,1,0,32.81512523220746,0,0,0
0.0064377180192300345,0,0,28.7827279300724,0,0,0
0.002738392884246285,1,2,24.313777734533325,0,0,0
0.0023404006657310713,1,4,38.68668550810441,1,0,1
0.000533863917688659,1,0,33.28180636419806,0,0,0
0.006099948627827156,0,3,33.37146308899277,0,0,0
0.0007215609958112413,0,0,24.268951069488274,0,0,0
0.004917837516462093,1,1,23.40310930763491,0,0,0
0.0026614711032349548,1,2,32.27818297021425,0,0,0
0.019304948153313864,1,2,35.2678382205151,0,0,0
0.010930232235531936,0,1,31.628644740189568,0,0,0
0.017320682921054265,1,1,33.09504711412326,0,1,1
0.000997734620278415,1,2,33.34892058610487,0,0,0
0.0007463089010679521,1,3,31.777815033699085,0,0,0
0.005287369579638806,0,1,31.379406055174076,0,0,0
0.017732218726918495,0,2,28.76237659792406,0,0,0
0.08448683701690395,1,3,32.1910069790405,0,0,0
0.00010402118402162007,0,3,29.590644347403845,0,0,0
0.03183000662704974,0,1,25.120509005166163,0,1,0
0.001424724915967345,1,0,32.71113719315611,0,0,0
0.0050056552214517115,0,1,33.09440790394211,0,0,0
0.04378796707956673,0,2,29.067315630593246,0,0,0
0.0007545864518082637,1,1,33.440436377405895,0,0,0
0.03315538707848903,0,1,34.742158647873836,0,0,0
0.003040434917971927,1,3,20.443628110458565,0,1,0
0.025145532732320078,0,3,29.345247633153537,0,0,0
0.016045691702428783,0,3,29.975139783552986,0,0,0
0.023011365398779432,1,2,25.542052703318678,0,0,0
0.001992960041571078,1,0,29.70365085919559,0,0,0
0.010130300302722517,1,2,250.79333764431865,0,0,1
0.029805820251393222,1,3,27.542331616137528,0,0,0
0.0033740559728142453,0,2,30.59893318303048,0,0,0
0.020506955984976656,1,0,162.41959441924382,0,0,1
0.05728682495678993,0,1,32.58297315479675,0,0,0
0.002574336879380372,0,3,33.80628941854572,0,0,0
0.0026100706166207596,1,1,38.28288279818441,0,0,0
0.01846104802618744,0,0,27.964576952204563,0,0,0
0.005495881292413346,0,5,30.24932561675062,0,0,0
0.03434610700513339,0,2,27.432781358121396,0,0,0
0.009748518467157775,0,0,34.20973855153963,0,0,0
0.0291327853372802,1,1,35.001690059465645,0,0,0
0.0010990918571993347,1,3,29.677735938123597,0,0,0
0.0053354852984793715,1,0,31.453659244236736,0,0,0
0.0026593110742400075,1,2,22.16929907898166,0,0,0
0.014553096215351556,1,1,31.2717942135635,0,0,0
0.0034489312861047017,1,2,39.141767330043386,0,1,0
0.6322126102808958,1,2,27.558792762221614,0,0,0
0.030575043849825467,1,3,39.111928443551356,0,0,0
0.026779564110597814,0,2,35.37909021618208,0,0,0
0.01193692534394095,0,1,28.34424114389617,0,0,0
0.0010942077556783793,0,4,35.15670066108092,0,0,0
0.008151150708007135,0,3,32.594624180025804,0,0,0
0.08102001261479795,1,3,25.827239240615995,0,0,0
0.023013426607563323,0,1,30.61641747185461,0,0,0
0.02550565873493229,0,2,35.371013093982214,0,0,0
0.051667120704547057,0,1,29.414249673193883,0,1,0
0.002705642214795777,1,4,40.59737073783717,0,0,0
0.0063456023106938245,0,1,29.414118465757014,0,0,0
0.025649868091676003,1,2,23.766031879740325,0,0,0
0.003484038644545805,0,4,28.664254837079977,1,0,1
0.003451279082878444,1,1,20.39167024946429,0,0,0
0.0016310727941929934,1,4,27.909973529151138,0,0,0
0.016442014684106047,1,0,37.519655867824426,0,0,0
0.004617207833808875,0,3,38.7677485627752,0,0,0
0.002394487676785819,0,4,33.58277484219276,0,0,0
0.032197369844241465,0,0,35.21219300197424,0,0,0
0.002094589285876701,1,6,32.68531332049253,0,0,0
0.000466256072126235,1,2,120.7470575951795,0,0,0
0.0009676475755680293,1,5,25.851636632840084,0,0,0
0.0059311428922186864,1,4,30.511397496754082,0,0,0
0.0034412862003910397,0,5,27.61608471256348,0,0,0
0.007117918091009448,0,4,20.421027782750322,0,0,0
0.036642462641614235,0,1,27.444906437133028,0,0,0
0.00812366947014203,0,2,95.079129135319,0,0,0
0.0004258667802581009,0,1,31.74754075418638,0,0,0
0.04813352494014326,0,4,39.650433846213545,0,0,0
0.014402758027263032,0,1,27.497729384654356,0,0,0
0.006024504033396587,1,3,26.369537771609988,0,0,0
0.11340350611021684,1,5,27.302506946960843,0,0,0
0.0007986684153421195,1,0,36.96636089762273,0,1,0
0.002218843835719304,0,3,25.95410216172675,0,0,0
0.07126250245557322,1,2,31.716365765076436,0,0,0
0.006286025012365532,0,1,28.16237547533527,0,0,0
0.0026276982240794355,1,1,27.665935389531395,0,0,0
0.04760142253769996,0,2,31.80131557201826,0,0,0
0.0001954788399293481,1,2,20.260912605949454,0,0,0
0.010681476112980717,0,2,138.81599210656674,1,0,1
0.007240612232869856,0,2,30.789020952019076,1,0,1
0.009129942390365143,1,2,35.37244973754801,0,0,0
0.03799598964547252,1,0,33.568779685891776,0,0,0
0.0010799277148361615,0,1,26.11221857969863,0,0,0
0.0027586785862140518,0,3,29.45263873028084,0,0,0
0.005956658015548841,1,1,26.473358804570697,0,0,0
0.00810273059966717,0,1,98.5615365699277,0,0,0
0.007396346615043436,0,2,37.888764063466986,0,0,0
0.0021387474665340244,1,1,24.953491995139068,0,0,0
0.0064647095485199655,0,2,31.358085519252665,0,0,0
0.005783138881807114,0,1,32.10849120071899,0,0,0
0.0015442194377638238,1,1,37.688388016790505,0,0,0
0.013190930643805518,1,1,23.773143721357435,0,0,0
0.03414670119530145,0,2,30.65113459639887,0,0,0
0.008273227953997328,1,2,25.239167157317652,0,0,0
0.002909410431224394,1,1,28.78675826658597,0,0,0
0.014908311102882765,1,1,25.123994580993077,0,0,0
0.014136857208864336,0,3,27.890151534221232,0,0,0
0.008777684188569793,1,5,186.3811717104913,0,0,0
0.0010605556621715471,1,5,23.870406573691984,0,0,0
0.061523401829504755,0,1,27.64818239908521,0,0,0
0.00043209644296731645,0,3,27.15223071873196,0,0,0
0.014945512303691663,1,1,31.040044748333777,0,0,0
0.002992866322217419,0,1,25.36124127864758,0,0,0
0.012193855282619997,0,0,21.965956859414028,0,0,0
0.013998960009391178,1,4,29.14043054723104,0,1,1
0.015329157238849669,1,3,20.708910737823842,0,0,0
0.00047550036982502207,0,1,30.663435917570368,0,0,0
0.01640696914359719,1,3,19.979730164889713,0,0,0
0.005125442898355179,0,2,29.268509635117194,0,0,0
0.002473352485858679,0,3,34.13219713420299,0,0,0
0.006350159187869022,0,3,25.99825170647545,0,0,0
0.004001742919240237,1,3,33.83534416171943,0,0,0
0.0013795207519803523,1,1,27.982316702412376,0,0,0
0.01000661018886415,1,3,29.84398330982996,0,0,0
0.019922305849827404,0,3,26.75404113887446,0,0,0
0.005262954116151443,1,1,24.84604647524604,0,0,0
0.004466609343156342,0,2,28.485782771825775,0,0,0
0.01728945064530132,0,1,30.825883984135324,0,0,0
0.00032453238717404834,1,4,33.510340666868636,0,0,0
0.010666624404673813,1,2,36.61078539111479,0,0,0
0.009525345016820851,1,1,24.491515412941787,0,0,0
0.14739049512431987,1,2,35.25068625631225,0,0,0
0.16361618195842548,0,1,27.490363930756647,0,0,0
0.0016840769749609675,0,1,29.400677253456628,0,0,0
0.07454907265434532,1,2,26.1000964582293,0,0,0
0.00722057072737035,1,2,25.68279243639102,0,0,0
0.0374595632810514,0,2,30.001998075104442,0,0,0
0.014899867681508945,0,1,31.07394724302237,0,0,0
0.006377783218566919,1,3,27.815032733645815,0,0,0
0.009350375186543802,1,3,19.4957674991043,0,0,0
0.03926711797793911,1,2,42.22826981672256,0,0,0
0.08177421604617949,0,1,36.20382260169424,0,0,0
0.01232687800228379,1,5,27.955778782975365,0,0,0
0.02708547632879587,1,3,30.52668520831107,0,0,0
0.0032730919684482323,0,1,27.272118230425264,0,0,0
0.010322200781446748,1,2,32.968569800702284,0,0,0
0.000854295680535478,0,3,25.159733166935382,0,1,0
0.025087524401719512,0,1,29.149801201476375,0,0,0
0.011967374343024096,0,2,33.590884786355446,0,0,0
0.008683339901721548,0,3,135.64447326005282,0,0,0
0.018270819914617535,0,2,30.971144460821414,0,0,0
0.005471413106778328,1,3,28.175943183920804,0,0,0
0.04153991535179165,0,3,32.55379841628279,0,0,0
0.0005991706295930778,0,3,29.157445211861624,0,0,0
0.01050406273700692,1,5,28.031379130398008,0,0,0
0.00703127815964215,0,2,27.511154037858983,1,0,1
0.0010270119605161028,1,4,27.430274406680397,1,0,1
0.009181328506927986,0,4,42.31247782968924,0,0,0
0.02675835292833583,0,3,32.082262569865854,0,0,0
0.054838810958386386,0,3,26.142844459354748,0,0,0
0.043053475703469145,0,3,28.747877915962206,0,0,0
0.028979716926152373,0,3,26.92948428674693,0,0,0
0.002766779254922473,1,1,34.288741524359246,0,0,0
0.0013167525983560158,1,4,32.03191065076141,0,0,0
0.0020266642846884482,1,3,29.30804919626552,0,0,0
0.014531030915460178,1,0,143.99444338934833,0,1,1
0.22836770049306773,0,1,18.95668922600899,0,0,0
0.010887451741670618,1,1,24.363925929593222,0,0,0
0.11319372622541375,0,2,25.432819325731693,0,1,0
0.022276182158053215,1,5,21.721535438993534,0,0,0
0.0006265251069506756,0,1,38.351791142281975,0,0,0
0.0019288090915715898,1,2,28.089405717702864,0,0,0
0.007036054232321518,0,4,28.981063979926862,0,0,0
0.0003280325059067202,0,3,23.567153817213587,0,0,0
0.09953177775731187,0,2,37.29354753359041,0,0,0
0.00043849348385566856,0,0,29.46605514437455,0,0,0
0.004349682462034759,1,4,25.971441349059496,0,0,0
0.004601343293455766,1,2,33.41148917960514,0,0,0
0.006914164440880247,0,3,25.931061634920134,0,0,0
0.010850087878898159,0,4,36.50667114055483,0,0,0
0.011006038810782154,1,1,24.96307237702638,0,1,1
0.07261573658618851,0,5,27.15817174527437,0,0,0
0.00191021400557155,0,4,27.920260806793983,0,0,0
0.010590134540540004,1,1,29.209234907906854,0,0,0
0.02186312271317268,0,3,28.178565324263435,0,0,0
0.00673786048493922,0,4,32.924390708904006,0,0,0
0.02079413894181015,1,1,30.9032840046509,1,1,1
0.001849860199427075,1,2,30.73117059938355,0,0,0
0.003208723028003726,1,1,29.038218481354804,0,0,0
0.0015391711152699574,0,1,23.999594811685437,0,0,0
0.0023595240694439476,0,1,24.39378010333878,0,0,0
0.001012646941672029,1,2,27.16035076584578,0,0,0
0.023119605071551377,0,1,30.459016215405683,0,0,0
0.0002151769277356311,1,1,25.691628061554127,0,0,0
0.0006724796469842154,1,3,25.151218670833003,0,0,0
0.0010528297857847313,1,0,25.422153867471934,0,1,0
0.0065385120386111314,0,1,33.87026142258302,0,0,0
0.011699748286968618,0,1,27.9004644322392,0,0,0
0.002353333484035164,0,1,31.63369029901659,0,0,0
0.01772325346741228,1,4,100.91430725987522,0,0,1
0.0011560694367698807,1,5,30.045535467952618,0,0,0
0.006929108344361314,0,4,36.762589660168864,0,0,0
0.002943601541086629,0,1,31.334154333914082,0,0,0
0.001440358093922927,0,2,33.13249682351941,0,0,0
0.0068359525025708835,0,1,21.10742457241794,0,0,0
0.0010807737377732099,1,0,33.479591819912066,0,0,0
0.000720606558745037,0,3,37.36916365155615,0,0,0
0.004802039357946834,1,4,29.613207786560295,0,0,0
0.044143813717293125,0,1,32.383991808155315,0,0,0
0.15264251604662735,0,2,33.912186604878116,0,0,0
0.000688631691153432,1,4,25.40465014570877,0,0,0
0.08137478087740056,1,4,29.378492861535566,0,0,0
0.0010366429947683648,0,0,28.42071978746725,0,0,0
0.010991073152806966,1,0,27.613253566318498,0,0,0
0.004025361683500242,1,1,160.8292709701047,0,0,0
0.008553763896268949,0,2,28.15217538161735,0,0,0
0.004876178681447373,1,0,28.666815275280182,0,0,0
0.015778610997489423,1,3,24.515228579493964,0,0,0
0.05050529126523736,1,4,34.69269458448391,0,0,0
0.020998503103407885,1,0,28.317967729783724,0,0,0
0.02258646769277715,1,0,28.99821474061628,0,0,0
0.05857203776742176,0,0,26.87435627004285,0,0,0
0.002960245810527626,0,0,32.22396480735964,0,0,0
0.012010750229731342,0,2,32.61442310442296,0,0,0
0.037502955056638324,0,3,19.305265195687177,0,1,0
0.03383648820084488,0,1,34.960480705639725,0,0,0
0.010681831335460686,0,3,23.06752451216607,0,0,0
0.003930358824543186,1,2,28.210336182153956,0,0,0
0.007769002850729404,0,3,36.30014982080611,0,0,0
0.014657588926141706,1,3,32.368723292240645,0,0,0
0.002615676026274231,0,3,29.08949309929514,0,0,0
0.0433840493755142,1,0,24.050238190716033,0,0,0
0.016162959751612235,0,1,48.46021441441459,0,0,0
0.0037895117532164716,0,1,27.84749428645109,0,0,0
0.0056293065127637956,0,1,32.82025456260084,0,0,0
0.026153946796470196,0,2,28.252735588032813,0,0,0
0.012388213391900658,0,0,34.22273107522275,0,0,0
0.02328792889659745,0,0,24.280980250712126,0,0,0
0.006954641118710288,1,3,35.77965723984698,0,0,0
0.010218729154028359,1,0,33.2216818854084,0,0,0
0.02740849237471723,1,2,28.38710964325208,0,0,0
0.029795484685672387,1,3,37.582982656289204,0,0,0
0.004224523807292705,0,3,29.671574425564764,0,0,0
0.032341793120278794,1,5,29.30551135554451,0,0,0
0.012838464917347261,0,0,27.60526073994388,0,0,0
0.012417084705145926,1,1,29.251462874124012,0,0,0
0.006396753340249993,0,1,32.15238562376446,0,0,0
0.0014113087014956942,1,4,21.541935628795937,0,0,0
0.0033196615839687295,1,3,29.17306338720524,0,0,0
0.0013383087816299683,0,3,32.87581677195996,0,1,0
0.001063462773121448,1,1,21.24224456343274,0,0,0
0.00937548646882777,0,1,35.61038329684759,0,0,0
0.0028373091723677864,1,2,32.45339215509213,0,1,0
0.021831997209371165,1,1,26.87205100385828,0,0,0
0.027802495451989838,1,0,23.090420262859073,0,0,0
0.033274181452610165,1,3,25.504994426883158,0,0,0
0.004935186916739853,1,1,37.441653659612264,0,0,0
0.009609549116216042,1,0,29.320780209048323,0,0,0
0.007239249120556038,0,2,26.99017074192415,0,0,0
0.004375153646987786,0,9,27.790164685053075,0,1,0
0.003926562363044494,0,2,28.682439606839544,0,0,0
0.006205024334645166,0,3,26.913486011304848,0,0,0
0.018613686844909286,0,2,30.855510562767638,0,0,0
0.007645194307706352,0,2,32.38481481340696,0,0,0
0.001980152912652607,0,1,17.04330798444291,0,0,0
0.015934566356623815,1,5,177.6048815348199,0,0,1
0.023354540316415776,0,3,31.5053092155867,0,0,0
0.0019694113569265785,1,0,22.723873530369396,0,0,0
0.010377518265793808,1,3,31.7660574960998,0,0,0
0.001357176476861059,0,0,25.588681686919156,0,0,0
0.0017480497031987126,0,4,23.595864055005617,0,0,0
0.16313331027668734,0,2,25.245459641103732,0,0,0
0.012458561736624938,1,4,30.53623499377819,0,0,0
0.015554026882028579,1,2,27.810036700348466,0,0,0
0.004087058053253593,1,2,30.098602565799286,0,0,0
0.01672621941033751,0,3,31.849579101497106,0,0,0
0.015563309691318012,1,3,28.751743850988984,0,0,0
0.006149342939580403,0,1,36.79381038710711,0,0,0
0.005041643614467224,0,1,27.196642044814713,0,0,0
0.0361567675311607,0,2,27.445142756688732,0,0,0
0.0013687443357403577,0,4,25.368957764589716,0,0,0
0.06751114300371776,0,2,25.84623105239938,0,0,0
0.016591095372873347,1,4,37.07408815674083,0,0,0
0.0130491002500088,1,1,83.86455612756995,0,0,1
0.0037752198316155774,0,4,27.76224422899289,0,0,0
0.2442064579391464,1,3,30.737427576313774,0,0,0
0.003919286393663303,0,2,28.134854047790697,0,0,0
0.03217981505634316,0,1,32.20006215352986,0,0,0
0.007317292409529494,0,1,105.27616477645338,0,0,0
0.00035020642502522323,0,1,36.11350331620752,0,0,0
0.010386018686923721,0,4,33.04794353010592,0,0,0
0.004199730296636032,1,4,29.448948598663833,0,1,0
0.010302604910010284,1,3,24.81675895238886,0,1,1
0.028316317756274974,0,5,42.347489351918064,0,0,0
0.012484476978634218,0,2,19.965384171824436,0,0,0
0.0008924348538529311,0,3,124.46841465705288,0,0,0
0.00622174616040446,0,2,32.45105217772982,0,0,0
0.0015750211859008488,1,1,26.232803155064815,0,0,0
5.894075446907187e-05,0,2,32.86803957321305,0,0,0
0.015930029177637077,1,1,22.036149767106963,0,0,0
0.04868810602672611,1,2,38.42872864170601,0,0,0
0.009377038055308339,1,1,23.23652906511277,0,0,0
0.008652182274711089,1,1,31.496725582650004,0,0,0
0.3999734662570043,0,3,31.096629929447897,0,0,0
0.050753701944796996,1,3,38.21359405325353,0,0,0
0.03341492292111763,0,2,37.976169366715084,0,0,0
0.027233714049328863,1,4,28.309628419317047,0,0,0
0.006158468435284353,0,1,31.66035247905493,0,0,0
0.020003800400347695,1,1,162.91950078822018,0,0,1
0.0017241368019745911,1,2,34.65399512346619,0,0,0
0.01239284349337348,1,2,29.417779943881612,0,0,0
0.0011624941172347085,1,6,28.990802000592133,0,0,0
0.0038944705908760323,1,1,21.781775269875816,0,0,0
0.0056289086732074925,1,2,33.636017761709,0,0,0
0.006539358586090638,0,0,37.41817667606037,0,0,0
0.0010564364642576631,1,1,29.475623512939027,0,0,0
0.002924096111367848,1,2,28.127436226858517,0,0,0
0.01664884264996,0,3,32.48392610401432,0,0,0
0.0022893744852944104,1,2,18.719912622225344,0,0,0
0.013442890083697485,0,3,36.00533640735864,0,0,0
0.00627701189999487,0,1,26.36326593082979,0,0,0
0.008395720899145554,1,2,27.70072894331788,0,0,0
0.0022164402472586893,1,3,24.022737618937143,0,0,0
0.006227897445371522,1,6,28.97937539281916,0,0,0
0.0015029096133396065,1,1,37.916202607251805,0,0,0
0.004660095467502372,1,2,33.41986441814717,0,0,0
0.005280994260403091,0,2,125.78495057131532,0,0,0
0.002824557661325668,1,7,30.33503061094366,0,0,0
0.0015666605214085497,0,1,35.37637206802569,0,0,0
0.021756790919627785,1,1,21.699219208949582,0,0,0
0.0078107865199321625,1,1,24.257033777775668,0,0,0
0.0075755250666246455,1,2,27.62262359890173,0,0,0
0.1509469527187583,0,2,25.185776022063656,0,0,0
0.005934040008006429,0,2,23.966169819294528,0,0,0
0.011866353271959448,0,3,19.227385007917455,0,1,0
0.010419753481135979,1,6,32.509987446252296,0,0,0
0.000312978743076436,0,4,32.07389274817473,0,0,0
0.02559043595307675,0,1,29.624018921988196,0,0,0
0.022121442379500318,1,3,25.812671249317457,0,0,0
0.314367752378082,0,3,21.59137840445723,0,1,0
0.041568771953471126,0,0,28.509601936678457,0,0,0
0.0011066675591396094,1,4,25.25175527778774,0,0,0
0.0011962678666193518,0,0,31.95374072019753,0,0,0
0.005290697269337194,0,4,37.14035208987091,0,0,0
0.001255583504475061,1,1,26.97584002165352,0,0,0
0.0028661424966007873,1,1,34.11896323387586,0,0,0
0.00761056133693271,1,1,15.675299236812858,0,0,0
0.0007071578647519108,1,2,29.770537012335954,0,0,0
0.051375660205554695,0,4,27.05789514353378,0,1,0
0.007895353421870555,1,1,30.122793237747903,0,0,0
0.022061847044643992,0,2,30.65058928979418,0,0,0
0.004702699380300341,1,1,28.006265535506977,0,0,0
0.002642184657682002,0,2,31.46477177166544,0,0,0
0.162380307915295,1,1,29.433657259854364,0,0,0
0.001865384139607388,0,4,20.162949097616607,0,0,0
0.0008044290739675485,1,0,29.854231790513996,0,0,0
0.003094528303755149,1,4,35.771456161581774,0,0,0
0.002808065046665604,1,1,29.00035111392009,0,0,0
0.08517058581638917,0,4,29.116236991553464,0,0,0
0.027376940522606863,0,1,25.816206024117164,0,0,0
0.0005336584660226743,0,2,25.381953265661892,0,0,0
0.0017567216789536148,1,3,30.278158684073308,0,0,0
0.07505528185947007,1,2,29.64688559262833,0,0,0
0.019625368928601138,1,4,39.2406734630121,0,0,0
0.005030475833998692,1,4,33.69217910300317,0,0,0
0.004863341766967332,1,1,41.2134761715414,1,1,1
0.023252095471243368,1,1,26.876599777147046,0,0,0
0.005222214836994738,0,2,36.84836009745804,0,0,0
0.004755760049754036,1,1,23.39630183172963,0,0,0
0.001936681467574409,1,3,31.00427922441928,0,0,0
0.0028151310710528834,0,3,28.341733255482286,0,0,0
0.0025406763805268144,0,4,33.736703836277165,0,1,0
0.010149191469770813,1,6,33.94511733792824,0,0,0
0.008016931168981136,1,6,35.758583969874145,0,0,0
0.2858042523793761,1,2,32.062366335891326,0,0,0
0.005357808636476486,1,1,32.995769112586316,0,0,0
0.018747001740175046,0,4,28.387761718943096,0,0,0
0.0035584190241307947,1,2,21.870794061955436,0,0,0
0.0003958862693009944,1,2,23.053264947162923,0,0,0
0.00211656225168737,1,1,34.6668880940251,0,0,0
0.056611767764949535,0,3,37.17311732650944,0,0,0
0.013739129216724504,0,4,28.40195597642374,0,0,0
0.003952747767984881,0,1,36.32006377994816,0,0,0
0.18602340615063334,0,2,26.64032887932748,0,0,0
0.007531859258732182,1,2,35.06716641016454,0,0,0
0.007647216742700119,0,2,32.67703601959278,0,0,0
0.007010796174583131,0,1,23.74292005463375,0,0,0
0.01199323644674618,0,1,21.25630390244875,0,0,0
0.0073520428946937276,0,7,19.70403984954686,0,0,0
0.0015371137978336927,0,1,28.127352374355805,0,0,0
0.0004936020389725651,1,0,36.59974662171595,0,0,0
0.006945247583374445,1,3,29.801784341985044,0,0,0
0.0003928117178016469,1,2,26.576830162601194,0,0,0
0.015726162836333747,1,2,31.99773701145684,0,0,0
0.003129633729965467,0,1,204.92992674062452,0,0,0
0.010053789060705372,0,2,39.13877690611821,0,0,0
0.09454384212705175,0,0,34.631419407482504,0,0,0
0.0006444136142131565,0,3,18.345535230661277,0,0,0
0.009181865439485725,0,2,27.966857003312903,0,0,0
0.0009765849242873489,1,2,33.08549587551663,0,0,0
0.007072066043271588,1,0,27.537472220068455,0,0,0
0.007815253420611441,1,3,27.174354340243678,0,0,0
0.0005866259448490906,1,1,30.252936775141308,0,0,0
0.0028016160597815537,1,2,30.28073550289689,0,0,0
0.13401454429220086,1,1,25.737918720719843,0,0,0
0.039611907303822844,1,2,31.669582872131365,0,0,0
0.004384177911275003,1,2,34.252382125695426,0,0,0
0.0036787289416024237,0,1,22.931940499483723,0,0,0
0.0014056059811733278,0,3,18.224479797456695,0,1,0
0.0021872780257816715,1,0,38.19768342482482,0,1,0
0.0028614352234477415,0,2,31.064072174863284,0,0,0
0.0031215866063479085,0,2,27.29058401197829,0,0,0
0.027497469840142452,1,1,35.224339589957616,0,0,0
0.01855646923843851,0,1,31.53442081281736,0,0,0
0.03452570444589204,0,1,23.838657646583158,1,0,1
0.0096141308359851,0,0,24.625043791407155,0,0,0
0.032583526521228715,0,0,38.28325084345389,0,0,0
0.061714406966628825,0,4,31.400869987573934,0,0,0
0.018277017048421926,1,2,35.20002219545339,0,0,0
0.010773375191804298,1,3,24.34456434109162,0,0,0
0.007506397195033941,1,1,31.572076031668047,0,0,0
0.0044927080008054536,1,4,36.92251622062035,1,0,1
0.0022967509349686036,0,2,30.318485582696844,0,0,0
0.032409738600413636,1,1,33.1542851406403,0,0,0
0.0008850827678129112,1,4,39.833947152042704,0,0,0
0.013783876360495781,1,4,27.08526916966302,0,1,1
0.044802742646201946,0,4,37.323662946954855,0,0,0
0.0026051711057815704,1,2,25.733524394014726,0,0,0
0.001795419550338014,1,10,177.34535025946326,0,0,0
0.012610583836756685,0,0,24.22312339755848,0,0,0
1.467517114501479,0,2,27.36864279449449,0,0,0
0.05962159905971216,1,5,29.472153631634562,0,0,0
0.050068273693340375,0,0,28.915863510321515,0,0,0
0.003564246653140068,1,0,28.685453002182296,0,0,0
0.002534300234672926,1,2,28.189084548874938,0,0,0
0.005566581626819327,0,1,26.663346389673958,0,0,0
0.0037093467950834063,1,2,38.413932655614914,0,0,0
0.0112812919032513,1,1,31.793771620454173,0,0,0
0.01084084225309335,1,2,29.186738444322224,0,0,0
0.0036998636279012413,0,3,33.57364862750781,0,0,0
0.0007533127644779494,1,3,30.573287775187275,0,0,0
0.07090574438963337,0,3,25.411976510914982,0,0,0
0.03230585076471438,0,0,23.616468878079836,0,0,0
0.009601522865648644,0,1,29.0705162152182,0,0,0
0.028744312314585598,1,3,27.843383110653512,0,0,0
0.002581194322954361,0,2,31.18614213526299,0,0,0
0.004238523718800054,1,3,26.718973333978028,0,0,0
0.0008458801162997682,1,0,20.019623247453175,0,0,0
0.0022152486994208415,0,1,29.600591722289305,0,0,0
0.0009348110771328856,1,2,31.79894175627413,1,0,1
0.01698437209485164,0,1,32.37798766890679,0,0,0
0.00015045679139332935,0,4,36.02206402161091,0,0,0
0.00160689961113782,0,0,28.553300647702105,0,0,0
0.019385287917381516,1,1,39.10070054760931,0,0,0
0.008940177941341942,0,5,18.819588806936842,0,0,0
0.01417913580839813,1,2,36.18626743083096,0,0,0
0.0015239006861765142,0,2,24.187278989257152,0,0,0
0.04403962854620271,1,3,33.148313988664924,0,0,0
0.002797901634958853,0,3,24.431907564997687,0,0,0
0.0016617602150480885,1,0,30.47599019043132,0,0,0
0.024851667119498457,0,2,34.985507384323775,0,0,0
0.028079363501635774,1,0,18.62208451128572,0,0,0
0.005250972922453855,1,2,30.39358368129714,0,0,0
0.0003693516977586872,1,2,167.95715075079232,0,0,0
0.0035141926383169325,1,5,30.546550020443323,0,0,0
0.011889328143440799,0,3,34.08225458736178,0,0,0
0.07555910655343617,1,3,33.24250012746478,0,0,0
0.037316760552385156,1,3,28.643869435209794,0,0,0
0.014936724126133448,1,5,27.59094875461367,0,0,0
0.0016893652544163276,1,2,27.34248994858668,0,0,0
0.006163648086400292,1,1,30.934250873239634,0,0,0
0.00377046360274197,0,2,26.81674889792091,0,0,0
0.006507299334971774,1,3,34.759453679153715,0,0,0
0.0005301283961564853,0,2,25.520827351215807,0,1,0
0.02426055692907326,1,3,33.81263847536401,0,0,0
0.0011429206712721032,1,1,28.826561191801385,0,0,0
0.02494262573420096,1,2,32.94459149261685,0,0,0
0.03438386354371307,1,2,24.182621363513338,0,0,0
0.0003987520235081727,0,0,34.95356530317705,0,0,0
0.013927676746944504,1,2,28.03533048341556,0,1,1
0.13790199826694852,1,2,29.270293302537127,0,0,0
0.012932750973311192,1,1,29.62390735233134,0,0,0
0.0015088200052190417,0,1,30.92219198897025,0,0,0
0.00020333150470393233,1,5,25.58163531020027,0,0,0
0.012978954554769308,1,4,35.61011502036854,0,0,0
0.02581904135031413,1,3,32.848800880377176,0,0,0
0.002158729294534014,1,0,23.81802072838299,0,0,0
0.05719347498805771,0,1,28.9324796417978,0,0,0
0.03559425458455409,0,2,29.44985662797064,0,0,0
0.038002114564358716,0,1,30.55495935101456,0,0,0
0.0018670024318558466,0,2,31.43546385019475,0,0,0
0.0019170864970607343,0,2,24.90688873328536,0,0,0
0.004665823463474238,1,2,27.09149930512757,0,0,0
0.02615631511004616,0,3,25.25080281904205,0,0,0
0.002640978054216032,1,0,33.65634789687356,0,0,0
0.010143151499197861,0,4,188.97010200097597,0,0,0
0.005209055223853324,0,0,23.431206758492912,0,0,0
0.06310728157401042,1,2,16.51931903209477,0,1,1
0.003289356531679672,0,1,30.412625149601606,0,0,0
0.017353976151524213,0,1,35.852541494237336,0,0,0
0.009667905015353442,0,3,31.670894822508778,0,0,0
0.0015314706120089984,1,1,32.45647733573454,0,0,0
0.00593666657882209,0,3,38.23339560448436,0,0,0
0.003320631222776838,0,3,36.69063460560914,0,0,0
0.00138622470690751,0,3,32.90259129210158,0,0,0
0.008250139450198615,0,2,24.84763382416763,0,0,0
0.002822840894124563,1,3,38.70993464253164,0,0,0
0.07312502582303171,1,0,41.131701616800044,0,1,1
0.019644496535825916,0,2,31.76042154636608,0,0,0
0.014739638887161862,0,4,31.478047245390414,0,0,0
0.0075496321831365005,1,1,24.289181060370495,0,0,0
0.0001898152310776569,1,1,16.683280415561605,0,0,0
0.0022864002918600137,1,3,29.93439560226101,0,0,0
0.0005682520083795916,0,4,131.09418463590697,0,0,0
0.009003607074534063,1,2,28.987241524460256,0,0,0
0.15628600503443718,1,1,30.30594731444046,0,0,0
0.009991211665134517,0,3,155.77338392658152,0,0,0
0.08783958471203722,0,2,38.98008368995825,0,0,0
0.00016125443558983953,0,2,22.770151450956515,0,1,0
0.003062324488832134,0,1,40.06405246286514,0,0,0
0.0006718255783147062,1,4,31.17624351127543,0,0,0
0.002689595498851421,0,2,136.76473609955468,0,0,0
0.016568568488571994,1,1,26.433291640917872,0,0,0
0.028094039794151336,0,1,27.327726962530956,0,0,0
0.07178517022654862,1,1,24.154695577393888,0,0,0
0.06780981749947503,1,3,28.683364466320626,0,0,0
0.0039044829255816082,0,2,37.500182541790714,0,0,0
0.0291631914214678,0,4,25.672736523437827,0,0,0
0.012366363952760346,0,5,35.22718010350533,0,0,0
0.008354379046830075,1,2,28.65589893104916,0,0,0
0.03619229098263635,1,4,28.765846497156428,0,0,0
0.025194259563569694,0,1,129.6316015577218,0,0,0
0.0005966324832342603,0,0,20.81680806650236,0,1,0
0.0053776128170374485,0,4,28.442031130393335,0,0,0
0.08368924546285061,0,0,31.699519685830712,0,0,0
0.0001879384368632764,0,4,28.829997043494796,0,0,0
0.0080454024190262,1,4,35.94507036344484,0,0,0
0.004966507413191041,1,5,35.23350281157243,0,0,0
0.003097859795311795,1,1,33.860415416810476,0,0,0
0.0019079530646942072,0,1,31.041241186904745,0,0,0
0.007047950985132453,1,0,30.1198656567938,0,0,0
0.008276602441284642,0,1,35.877973331727986,0,0,0
0.002021366519781178,0,1,21.576249445088102,0,0,0
0.0016556420637025768,1,1,102.86302390915675,0,0,0
0.009201376984960746,1,0,28.017794953138647,0,0,0
0.008099001659600903,1,1,27.631599649539943,0,0,0
0.0066495167545106435,0,1,27.664149220403576,0,0,0
0.014298877306727189,0,1,23.245907910311075,0,0,0
0.01046815989195279,0,0,31.40562262184988,0,0,0
0.0018617042577917574,0,3,23.977381811851405,0,0,0
0.015849153016480266,1,5,31.644565464330565,1,0,1
0.000899028722612935,0,1,33.704315624662165,0,0,0
0.005730396478790785,1,4,32.45155116187156,0,0,0
0.13017376097223804,0,0,27.414404903331924,0,1,0
0.00530964135990292,0,2,39.1669500186967,0,0,0
0.012911526233190982,1,0,36.72032089620335,0,0,0
0.0011292703048306149,0,2,29.833759905893032,0,0,0
0.025909875564927614,0,4,32.49490755331816,0,0,0
0.0064144999525878425,1,4,23.75208923966602,0,0,0
0.001020085588852044,1,3,30.27378162350826,0,0,0
0.0057343643301260355,1,1,29.316551540914226,0,0,0
0.007065697520106936,1,1,26.762107894840458,0,0,0
0.006638594037994674,0,2,30.478308386744754,0,0,0
0.012522237148789694,0,0,30.59728055076275,0,0,0
0.0021958443749639034,0,2,36.76160484468972,0,0,0
0.0012935036019743598,1,2,28.416285181267384,0,0,0
0.032400988694698395,1,1,149.02371008997542,0,0,1
0.001087266025383917,0,3,34.942022315432084,0,0,0
0.0023976794328301283,1,2,141.8013667996136,0,0,0
0.07251622799775147,1,1,22.786259916598432,0,0,0
0.033905912001905604,1,2,35.88159723665029,0,0,0
0.003576238569680982,0,3,30.89535174348502,0,0,0
0.0005579482259684104,0,2,21.385199252061845,0,0,0
0.001370101169516507,1,2,225.75301630296886,0,0,0
0.058212539569535884,0,2,25.24795702319365,0,0,0
0.0017169633144285884,0,0,38.713946481188685,0,0,0
0.40850932740388934,1,1,21.845103460806904,0,0,0
0.0163831195011021,1,1,23.27631444289932,0,0,0
0.0016929749731317376,1,2,35.202215079504924,0,0,0
0.007371875858503878,0,2,33.04971728693969,0,0,0
0.0010669889666294677,0,1,26.581836665966662,0,0,0
0.004740030581622256,1,1,23.07840153234043,0,0,0
0.07801109502504086,1,1,26.568500674839157,0,0,0
0.002364010014089081,0,0,33.545977580078386,0,0,0
0.009402286958903014,1,1,25.507393059751536,0,0,0
0.0044791311099861425,1,2,23.539587901085227,0,1,0
0.08221489615175014,0,1,40.263629566134355,0,0,0
0.005434440411655427,0,0,33.495586506352815,0,0,0
0.007547039295775517,0,3,39.05282955050761,0,0,0
0.005405433312404642,1,1,31.380099753657102,0,0,0
0.0008118046713130985,0,4,26.71618522570201,0,1,0
0.01048327292660272,1,1,24.75278407163482,0,1,1
0.0024163470446447997,1,1,21.388495309065895,0,0,0
0.000546634654136638,1,2,28.012486463547937,0,0,0
0.0014932574204499956,0,2,29.568358514231402,0,0,0
0.004481317732268718,1,2,35.04204125917589,0,0,0
0.014130716266667426,1,1,19.048034942530286,0,0,0
0.010977424043821167,1,1,33.008723218565606,0,0,0
0.006581446870660475,0,3,27.22286792900518,0,0,0
0.008949954810668976,1,1,35.17930294197072,1,0,1
0.1823976668272434,1,2,25.040314485772793,0,0,0
0.003698557824046274,0,0,29.226499970773204,0,0,0
0.0004511511736605775,1,2,25.29270580268632,0,0,0
0.006557821492478197,1,1,32.59048621107782,0,0,0
0.006892676906364838,1,1,22.067261898447576,0,0,0
0.02074456349703938,0,0,177.38647069021908,0,0,0
0.024331869760505966,0,0,36.188704767703044,0,0,0
0.0012260613005812132,1,3,19.869574042409184,0,0,0
0.00781916406412992,1,1,24.31267031908753,0,0,0
0.0015429457489313319,1,1,31.121707233162407,0,0,0
0.0023824718080714723,1,1,27.50981097755183,0,0,0
0.0141758670132594,1,0,36.670466972275904,0,0,0
0.013356069511536898,0,0,139.90408658115703,0,1,1
0.06746869510742971,0,2,33.66947668882648,0,0,0
0.023113093571187803,0,2,29.860904327960753,0,0,0
0.06522268950720636,0,4,21.798802282724672,0,1,0
0.008035066730560111,0,3,24.45218661823558,0,0,0
0.0005051122834479169,0,2,35.46007591962315,0,0,0
0.006753676426263853,0,2,30.860052618617328,0,0,0
0.0023111241750298273,1,2,23.205759921139162,0,0,0
0.008197447584855857,0,2,41.01187387081568,0,0,0
0.09304863623073074,1,2,27.81970986378787,0,0,0
0.008312425525276024,0,5,33.04665974197167,0,0,0
0.00087155170639276,1,2,35.01779308554484,0,0,0
0.0538835600150586,0,3,27.118845804196447,0,0,0
0.046044206472393816,1,1,35.190641740425576,0,1,1
0.0026682989967295474,1,1,31.79403069706313,0,0,0
0.0027076459648773302,1,0,20.55557610075476,0,0,0
0.015206347347503013,1,3,23.647147320463688,0,0,0
0.003227030414792546,0,0,35.925532942829946,0,0,0
0.010862439297784441,0,5,31.084168396142122,0,0,0
0.004568054977644095,0,1,39.17751160761476,0,0,0
0.003981853313450894,1,3,34.95330843135118,0,0,0
0.004826317895574213,1,1,26.744543597398454,0,0,0
0.0005622234155700213,1,2,31.883935214294194,0,0,0
0.0019138961324049605,0,2,33.62311149315435,0,0,0
0.0031517203576898398,0,3,38.64138402754678,0,0,0
0.004750715751967849,1,2,32.367150857383876,0,0,0
0.02863861760806794,0,0,33.284760160703975,0,0,0
0.06725289104974295,0,0,31.634969011277946,0,0,0
0.0027324305910148504,1,0,32.40484299082298,0,0,0
0.0009182403759832462,0,2,33.995730829554965,0,0,0
0.007526736152877935,0,4,29.6353098861047,0,0,0
0.025987500268143962,0,2,24.802558498999954,0,0,0
0.0007249394386559901,1,2,33.48437470659373,0,0,0
0.004177376371088851,1,3,33.65080627291569,0,0,0
0.003746188017684694,1,3,34.24941479223261,0,1,0
0.04535331941561886,0,0,30.668575137307393,0,0,0
0.004525049363975532,0,0,35.07195784160105,0,0,0
0.0032756316047952063,1,1,36.797515709756674,0,0,0
0.0012926214802939941,1,2,18.83857364955067,0,0,0
0.004121508259118063,1,0,33.92533449052911,0,0,0
0.000192978070481214,0,3,32.293039121752365,0,0,0
0.004780542112961414,1,0,32.24193389774308,0,0,0
0.007567214189588327,1,0,28.028341991958296,0,0,0
0.007233889290209514,0,1,24.978305974938124,0,0,0
0.0004571951371849144,0,5,40.37239920882011,0,0,0
0.0007123325485975548,0,3,22.669204229882602,0,0,0
0.0022762625710539626,0,2,33.79776020053598,0,0,0
0.013690827431430885,1,2,39.333140546309366,0,0,0
0.011360317607089505,1,2,28.474297675870503,0,0,0
0.04405924183844496,1,3,21.97004293466326,0,0,0
0.004526768972579906,0,3,27.870819348799465,0,0,0
0.004772072367462012,0,2,35.78665972502532,0,0,0
0.010692608346598003,1,2,35.84822869048898,0,0,0
0.014107092739437336,1,6,37.15229100410376,0,0,0
0.01539425685984348,1,2,28.206676473862075,0,0,0
0.007008987107479245,1,3,32.33689212354417,0,0,0
0.0014682824242477955,0,2,37.51210208597814,0,0,0
0.010990453785200291,1,2,23.877088857812847,0,0,0
0.018864032318334483,1,4,27.556659111697,0,0,0
0.051557537135912344,0,1,22.629987070181684,0,0,0
0.015468950479202066,0,1,25.48039342684905,0,0,0
0.0013416895162179678,0,6,38.3108135950104,0,0,0
0.0034956620114322736,0,4,31.416068701313787,0,1,0
0.01073754717774868,1,3,26.994583946674695,0,0,0
0.007946833479974226,0,1,26.83071355927805,0,1,0
0.033481448909054246,0,2,27.620930471103,0,0,0
0.06509897485853906,0,1,33.21396859394933,0,0,0
0.009590361003966125,1,1,34.02615070658118,0,1,0
0.04125826092927864,1,4,31.677829518870084,0,0,0
0.026378074115546508,1,2,23.038919081639413,0,0,0
0.0008834788674306428,1,2,32.337641332695874,0,0,0
0.0031841567556138424,0,1,35.80692089810553,0,0,0
0.0072638680700598925,1,2,31.18515780441536,0,0,0
0.007852780050757287,0,0,24.172702697114694,0,0,0
0.00016150567220871382,1,1,29.85920619778692,0,0,0
0.0023008332168696676,1,1,17.584003301584392,0,0,0
0.2600502974627429,1,4,28.922762653371077,0,0,0
0.0066692939540821975,0,2,30.803455051067914,0,0,0
0.0004257476954058283,1,3,42.88721985323291,0,0,0
0.1485357974566244,1,1,30.216293593033136,0,0,0
0.008707574164860763,1,3,25.024988560316235,0,0,0
0.003769553115386537,0,3,25.445037587190775,0,0,0
0.006014764041658428,1,1,23.54749590069906,0,0,0
0.02178337256883146,1,1,145.09186297295196,0,0,1
0.022194452915441833,0,2,29.00287213432457,0,0,0
0.0020294473043084003,0,1,21.553457966775074,0,0,0
0.01160386548423625,0,3,28.089655995350583,0,0,0
0.02602877828377184,1,4,31.361232873014096,0,0,0
0.0543416647695184,0,0,31.202309641838898,0,0,0
0.0018122002406548668,0,1,32.79117055589667,0,0,0
0.0027017424928839693,1,1,43.43675897008724,0,0,0
0.0008451760533341336,0,2,32.94300688584143,0,0,0
0.004599575623353986,1,2,30.28256049505387,0,0,0
0.005878985379277357,0,2,34.373530729647825,0,0,0
0.00021683254192763818,1,3,32.786039231933486,0,0,0
0.0038238361343431474,0,2,27.935050509477872,0,0,0
0.0018470881474154488,0,2,31.787370801576124,0,0,0
0.0034667023137205316,0,1,205.7493437291637,0,0,0
0.0009840108837365748,1,1,30.22187670394808,0,0,0
0.00868456021685609,0,0,36.605467957067475,0,0,0
0.011434169575464328,0,2,31.847820802747997,0,0,0
0.04314729238583467,0,2,34.14872886627607,0,0,0
0.007464075368119789,0,2,29.11478798891756,0,0,0
0.000779034122359714,1,0,29.5914096978718,0,0,0
0.0020760206011762082,0,3,35.1989171875078,0,0,0
0.020098379995355388,1,3,27.4834855432214,0,0,0
0.007232248662676313,1,3,29.80731737004054,0,0,0
0.006976799157364716,1,0,27.609352516809302,0,0,0
0.0063094253095309135,0,0,35.091779488980855,0,0,0
0.004380087961764275,1,2,26.066953519118137,0,0,0
0.0023489490554667826,1,6,32.01177726659929,0,0,0
0.004556789017142302,1,1,194.47141481941216,0,0,0
0.025280155222468643,1,1,31.57737087912966,0,0,0
0.003267762123174201,0,2,32.47373266959799,0,0,0
0.003746972504262119,0,0,121.22414968757187,0,0,0
0.005037507317452959,0,2,29.581467173542354,0,0,0
0.014140704009387448,1,0,150.5671283101174,0,0,1
0.0012287942252428923,1,2,26.426054029059507,0,0,0
0.03451256038407799,1,5,23.736971909654056,0,0,0
0.012276404997785196,1,2,29.87417548464589,0,0,0
0.0054977341228044365,0,2,23.15551303193395,0,0,0
0.007893665587284758,0,2,29.92609957087161,0,0,0
0.025085345141353445,0,2,31.418062004117132,0,0,0
0.0017398056881775582,1,2,25.824518113836234,0,0,0
0.00033251198014374683,1,2,32.420426679720734,0,0,0
0.002766147225323437,1,0,28.05654499297338,0,0,0
0.007002418345026733,1,0,23.39081108855286,0,0,0
0.001088525882520661,0,5,29.737925184199433,0,0,0
0.001510193113825275,0,0,40.42782473583895,0,0,0
0.0019016075188380932,1,1,31.45540877948581,0,1,0
0.05011033164303931,0,3,27.135986840755642,1,0,1
0.05596031046633363,1,2,24.719093956677884,0,0,0
0.029670992935687257,1,3,28.272098844005072,0,0,0
0.0005102755207693163,1,0,31.562525484091136,0,0,0
0.0024455073761704958,0,2,32.91189764741357,1,0,1
0.00524221785737202,1,2,30.9573625332685,0,0,0
0.012488133566426942,1,3,23.19610712714362,0,0,0
0.04676984547798325,1,2,29.19959540426667,0,0,0
0.0029248147384182553,1,0,32.771096415897176,0,0,0
0.004918797327633298,0,2,29.993070517319534,0,0,0
0.02839237203278479,1,4,27.256083113705067,0,0,0
0.0004223183291120451,0,3,30.58897692673028,0,0,0
0.05023554965563316,0,1,33.24789824150678,0,0,0
0.013804087003956321,0,2,176.0307515101021,1,1,1
0.045120569622159934,1,1,35.69661553591193,0,0,0
0.021373135938206864,1,2,22.82574728183601,0,0,0
0.01210095893276343,0,4,31.328442617408083,0,0,0
0.0071519794615162915,0,2,33.249680226464676,0,0,0
0.0008481507261363724,1,2,28.605164411044193,0,0,0
0.001474189434698353,0,2,34.57465188269748,0,0,0
0.00037016209750784424,1,1,28.61840813951822,0,0,0
0.009493624929493441,0,3,25.761017010392496,0,0,0
0.004622471205819572,1,0,25.20355172911882,0,0,0
0.0063463172124752455,1,3,31.023369569326388,0,0,0
0.002484712054015239,0,2,25.979226562525014,0,0,0
0.007159128494597097,0,3,26.8521181883661,0,1,0
0.0040143043196579345,0,2,29.44718720287991,0,0,0
0.011218248317879128,1,1,34.610873408741504,0,0,0
0.015886909918489962,1,4,20.177166010063054,0,0,0
0.0009934439178186127,1,2,27.374442301053797,0,0,0
0.003414251748055539,0,1,34.10546165571498,0,1,0
0.0033003653659921623,1,1,27.707853391275584,0,0,0
0.04969216071837719,1,5,25.340881061811345,0,0,0
0.018812166032625827,1,1,29.72497859410802,0,0,0
0.007146020236383217,0,3,30.82776423971532,0,0,0
0.016164152794032723,0,2,29.16007112283244,0,0,0
0.007281654221134696,1,3,35.48197517683927,0,0,0
0.017768802638677344,1,1,24.90012410536676,0,0,0
0.009394653619372537,1,0,28.01262102664035,0,0,0
0.0007731433293460821,1,1,25.685415535289295,0,0,0
0.0013457541897681116,0,2,34.57104585354244,0,0,0
0.0003459752113125724,1,1,39.19326169319595,1,0,1
0.004084836296407658,0,2,30.162917527144046,0,0,0
0.012633840413704628,1,2,22.589027020312894,0,0,0
0.4432577966470553,0,0,31.972298245813025,0,0,0
0.007275217852081762,1,3,28.988319096249217,0,0,0
0.005160292104875782,0,0,30.329533258919124,0,0,0
0.007318549075354609,0,2,28.08038859215167,0,0,0
0.019117986423964395,0,3,219.04340635839907,0,0,0
0.024703248090471995,1,2,24.29976406558145,0,0,0
0.004207008160998507,0,0,29.89365710550194,0,0,0
0.0009635382960613065,0,3,29.83659251858195,0,0,0
0.010656419629021394,0,1,27.282244706589722,0,0,0
0.020238168008048653,0,3,30.8575797967029,0,0,0
0.0013511759914247058,0,4,31.88973558479783,0,0,0
0.009195855461129448,0,1,34.597365933734096,0,0,0
0.05811760325265716,1,4,31.386306042223183,0,0,0
5.2444182497566336e-05,1,2,25.80619567421065,0,0,0
0.020194056284051257,0,2,19.553360384894553,0,0,0
0.019900724212081458,1,2,26.152902898659942,0,0,0
0.0019172473594836065,1,3,37.279843237903385,0,0,0
0.0024308646531501802,0,1,35.79273855723988,0,0,0
0.0015198310791451287,1,2,31.54670670367092,0,0,0
0.015483511754704945,0,0,24.111518034051148,0,0,0
0.030734092004406927,0,4,189.8946392907627,0,0,0
0.011551098469557812,0,5,26.793114965246346,0,0,0
0.021893678539274458,1,3,27.73438772869593,0,0,0
0.009839950224084671,0,1,37.31861304578923,0,0,0
0.004484466578558023,0,0,26.442958090506227,0,0,0
0.006427038584355491,1,1,30.730919262850183,0,0,0
0.06238782155017146,0,3,19.576688846607404,0,0,0
0.009892266862440005,1,3,27.54289164143613,0,0,0
0.007387472787533108,0,6,32.82927365353637,0,0,0
0.0019409242922628737,1,1,28.994815966815906,0,0,0
0.0019249697735893541,1,2,32.15360091228497,0,0,0
0.0009983145101127623,0,1,39.02421106366597,0,1,0
0.010688107290703528,1,0,29.23242544947299,0,0,0
0.011821681460231381,0,4,29.807358042574908,0,0,0
0.0016892506864221244,0,3,20.270956303794236,0,0,0
0.0028796671144988837,0,1,30.79803761890151,0,0,0
0.019601301692644707,0,2,32.52313117205965,1,0,1
0.030161102611341018,0,2,30.121742095860323,1,1,1
0.007283219140789581,0,4,27.86387086007054,0,1,0
0.03964028824335795,1,0,33.125876370926356,0,0,0
0.0012068402675493417,0,1,30.5452561610559,0,0,0
0.0008029976865993364,0,4,27.027418452616356,0,0,0
0.00416728992050633,0,1,37.69039977074946,0,0,0
0.049007234344545965,1,1,29.95980219747175,0,0,0
0.0019291664424179143,1,2,32.09980948848563,0,0,0
0.0009756697672002937,1,0,24.921405902969752,0,0,0
0.03252622317991308,0,4,21.104943105058666,0,0,0
0.0001684455236555343,0,3,25.977484587842568,0,0,0
0.007302923572188419,1,1,34.23582782065471,0,0,0
0.008487901356832105,0,1,18.985738641802865,0,0,0
0.0016576596202612882,0,3,28.63646553281951,0,0,0
0.001728901976334504,1,3,18.803401270997647,0,0,0
0.0034808822343958654,0,4,29.44908453651627,0,0,0
0.009866295738139965,0,1,25.04359726193279,0,0,0
0.005624235950073299,0,1,31.098177875775086,0,0,0
0.00420557095649743,1,2,29.833188752337453,0,0,0
0.008453182643992663,1,3,25.814756104227857,0,0,0
0.037322524937551414,0,1,27.63073089189265,0,0,0
0.07187699666434666,1,0,22.13006911266521,0,0,0
0.004894097973224338,1,2,146.25985642992583,0,0,0
0.0033352397758956683,1,2,36.674192693158346,0,0,0
0.009049679884451243,0,1,29.334911347920205,0,0,0
0.013373619191697491,1,3,27.20456622391663,0,0,0
0.0005363547095540005,0,5,33.771978364339446,0,0,0
0.0083406874411208,0,5,36.70967130990907,0,0,0
0.0026645591721887163,0,0,33.467199164479624,0,0,0
0.03462251704186844,0,1,16.579339057642873,0,0,0
0.0012169015589528062,0,3,36.01224755446423,0,0,0
0.006444065254631808,0,0,29.61317352957261,0,0,0
0.009616863688832026,1,1,177.53185887409597,0,0,0
0.002872541873533348,1,5,30.362863769217256,0,1,0
0.00275875683549241,1,4,38.285214733141814,0,0,0
0.0009427284000606127,1,4,96.45273244685582,0,0,0
0.03634243638691691,1,2,28.338094118510153,0,0,0
0.0028336618859531714,1,2,24.975349391736636,0,0,0
0.0029089672585348872,1,3,165.96873751983657,0,0,0
0.004125183201449205,1,1,156.70040984479698,0,0,0
0.010180267843012908,0,1,26.832702852666344,0,0,0
0.004065804173272545,1,0,31.671908755050097,0,0,0
0.0005226904030277122,0,0,27.50745110484444,0,0,0
0.006232981549252998,0,1,30.322078879411386,0,0,0
0.06468538405749935,1,5,115.9239372592566,0,0,1
0.014871999054782259,0,3,25.5617064175118,0,0,0
0.005165864682333117,0,3,22.814953672960822,0,0,0
0.0004362891838561743,0,2,27.225519981189173,0,0,0
0.0059221353221532965,0,0,30.184898633218033,0,0,0
0.05360861775043307,1,0,27.99427450512963,0,1,1
0.0016305157248803247,0,1,20.908739414047403,0,0,0
0.020899365435318402,0,3,25.100674273315672,0,0,0
0.0028821463397338772,0,0,30.085502759174194,0,0,0
0.0014684191364855747,1,2,28.935358145045207,0,0,0
0.002132372643186603,1,0,33.065613424226065,0,0,0
0.011754078126427302,1,2,29.934069180313138,0,0,0
0.03172466224191716,1,0,32.16315362939909,0,0,0
0.011703214807407452,1,3,31.850193687705215,0,0,0
0.006930930024038312,0,1,27.016819872258495,0,0,0
0.02002449349598715,1,1,34.760386626004156,0,0,0
0.014721299508705732,1,1,37.183255386419034,0,0,0
0.014405347917587267,0,1,27.789930980688656,0,0,0
0.005149908832825159,1,3,25.873565140186614,0,0,0
0.0006533091769191419,0,4,22.481535710953438,0,0,0
0.003064940784492039,1,2,128.8213863440348,0,0,0
0.10210683754496953,0,2,40.01407877888175,0,0,0
0.00042519170757004927,1,2,26.041249467829083,0,0,0
0.025377961926270735,1,1,14.588350129499943,0,0,0
0.0013261143938983443,0,2,38.68707862619464,0,0,0
0.00017144115754131229,0,2,28.0607626567932,0,0,0
0.023096239490881656,0,1,31.681082701919152,0,0,0
0.003860940113814499,1,3,29.879355780065083,0,0,0
0.0027436699132594826,1,1,35.11996177176501,0,0,0
0.009257593456806486,1,3,154.95332198066768,0,0,0
0.01625938728917923,0,2,27.36526195290209,0,0,0
0.0027048456579035272,0,3,26.28365623529593,0,0,0
0.009713940396557612,0,7,28.291522640701032,0,0,0
0.0011050524518019635,1,0,44.6496264947379,0,0,0
0.0009588756571600089,0,1,31.259121593969375,0,1,0
0.003712766749718862,0,2,29.62567954734905,0,0,0
0.0008471642310047914,0,1,32.41631227723256,0,0,0
0.0010338965452362165,1,1,28.549129801916422,0,0,0
0.10085408180225774,1,1,27.18503999642426,0,0,0
0.039968845841760844,0,3,23.021523074718466,0,0,0
0.0013484404601696197,1,3,28.131452426310236,0,0,0
0.009891357207030325,0,1,31.97293644639054,0,0,0
0.024414601765572225,1,3,25.73336752289349,0,0,0
0.00144494630655703,0,0,38.09520287642279,0,0,0
0.014017310057239862,0,4,20.25592210030282,0,0,0
0.049073588023763284,0,2,26.119502142722524,0,0,0
0.04193502180116633,0,2,34.87243869308235,0,0,0
0.010189875071811998,0,2,31.104594669842648,0,0,0
0.010098316775945455,1,0,40.43442775917507,0,0,0
0.0056328112387409295,0,0,24.611139670894733,0,0,0
0.007559012121857744,0,4,22.94774912150414,0,0,0
0.0350768805352353,1,5,20.000627101830666,0,0,0
0.0012609528734487052,0,2,31.71927687787389,0,0,0
0.023418406509257608,0,3,33.21648490796319,0,1,0
0.0006828737683876446,1,1,32.802681924909365,0,0,0
0.008643700106545896,0,0,34.33410507417938,0,0,0
0.0058051339562883485,1,1,38.05020539717174,0,1,0
0.001934480102330021,1,1,35.741898354440806,0,0,0
0.00797154823972857,0,1,35.08943706642108,0,0,0
0.0026133719735891106,1,3,20.01536197871865,0,0,0
0.03943962670957965,1,1,28.405396160724237,0,0,0
0.040800413724582985,1,2,27.20189935912134,0,0,0
0.005091729481362721,0,1,28.105556317365533,0,0,0
0.0034209770419064427,1,3,29.903328287683117,0,0,0
0.0015978675855994446,1,1,35.44407890794726,0,0,0
0.042712910485584246,0,1,22.933345224926075,0,0,0
0.008094856231729982,0,0,27.63773981883713,0,0,0
0.01628870945115522,0,0,29.939570389191594,0,0,0
0.023163630273174987,1,4,25.975494986502955,0,1,1
0.00392421001479024,1,4,21.325673414830455,0,0,0
0.022693261870793444,0,5,30.73820804912882,0,0,0
0.0008948108658184223,0,0,28.64472750351106,0,0,0
0.021207885671791275,0,5,27.32286004522435,0,0,0
0.006196226482375074,0,6,32.71014810247822,0,0,0
0.015017528391016477,1,5,29.490707360365406,0,0,0
0.009642444954520907,0,3,34.2546222958298,0,0,0
0.03435509734411366,0,1,24.703485148424548,0,0,0
0.0462706657080542,1,2,32.34793576356418,0,0,0
0.011005922692421117,1,2,29.59930789785313,0,1,1
0.004390750488648156,0,4,31.67201159317847,0,0,0
0.004834055961113407,1,3,37.881715247093204,0,0,0
0.004250627234968615,0,0,39.57792481151657,0,0,0
0.00031330218086148313,1,3,27.310119355969533,0,0,0
0.040951728136831504,0,3,115.31938815796407,0,0,0
0.0020925439894231407,1,3,32.37403505038908,0,1,0
0.009139744429017304,0,1,27.621529040453687,0,0,0
0.0878112916176975,0,1,34.72127518589777,0,0,0
0.16575063613005778,0,2,25.469813240845628,0,0,0
0.01963196247498848,1,0,35.57882902931158,0,0,0
0.012841193809222983,0,2,39.256694609471765,0,0,0
0.00316401285363376,1,1,31.33233458680741,0,0,0
0.0027202731022612004,0,0,33.66901776805849,0,0,0
0.0004646086248406425,1,1,29.29924136660541,0,0,0
0.0027189401239374085,1,3,150.2279982300827,0,0,0
0.0019308989170579629,0,0,24.332846808242948,0,0,0
0.0038233796215918275,0,0,35.20035216065989,0,0,0
0.006148034559289559,0,0,32.68683019212377,0,0,0
0.014368809655689112,0,0,26.901571942735465,0,0,0
0.0007743765933183846,0,4,28.23366944229168,0,0,0
0.018661884229875504,1,2,26.81704253874377,0,0,0
0.0040881449456973236,1,1,32.3572564260465,0,0,0
0.044350404690303845,1,3,37.527398421596125,0,0,0
0.01056308317366765,1,2,34.20794389711427,0,0,0
0.011236980583302468,0,3,30.757906010974775,0,0,0
0.004454266168556821,1,2,35.733706248516874,0,0,0
0.009676810986979614,0,5,35.27016299912273,0,0,0
0.0534392694438852,0,1,31.629863880172103,0,0,0
0.0575159762497093,1,6,17.95409070128121,0,0,0
0.019830875144357114,0,1,28.162192413996394,0,0,0
0.004082834386413743,1,2,22.59860849325135,0,0,0
0.006690405317934423,0,3,22.933162916742262,0,0,0
0.012427312504402217,1,1,30.388151579482734,0,0,0
0.001195025869175219,1,1,31.65445846278735,0,1,0
0.0019716245599954887,1,3,27.49631691367768,0,0,0
0.010252936534021893,1,1,33.63023557962404,0,0,0
0.01617412488381511,0,2,34.77869791226935,0,0,0
0.019140677557991752,0,1,22.685914839505035,0,0,0
0.005017578059006912,1,1,31.22330251034294,0,0,0
0.00035371799264281194,1,4,33.504962992175734,0,0,0
0.004679605374663837,1,0,34.429374431138235,0,0,0
0.002730422476473976,0,1,28.33516439999834,0,0,0
0.004387025884049122,1,4,33.19721408414003,0,0,0
0.006985576742298071,1,4,36.27610257926452,0,0,0
0.010492371094318288,0,1,36.46325038275583,0,0,0
0.00791319832749506,1,0,30.969070079722,0,0,0
0.01262306160007108,1,6,29.631157698371496,0,0,0
0.007110462605883574,1,0,25.483353559382728,0,0,0
0.04245894423860892,0,3,32.36318093060089,0,0,0
0.004830270292177734,0,1,22.453958817427004,0,0,0
0.001123826119934795,0,4,28.91140032025435,0,0,0
0.001440727178668114,1,4,34.17107592336142,0,0,0
0.011590565009251114,1,2,32.54156977507819,0,0,0
0.013889777428837517,0,4,28.864934198447372,0,0,0
0.0021830051720376016,0,5,25.14685565234013,0,0,0
0.005370714586290713,1,1,148.2576600518913,0,1,1
0.000899191775444045,0,5,31.829536766431453,1,0,1
0.004896017076689516,0,3,20.73170493639332,0,0,0
0.011204580389769517,1,0,34.830594061022154,0,0,0
0.004003146350855984,0,3,27.584836095258396,0,0,0
0.14281137773839853,1,3,22.53211338606194,0,0,0
0.00048392072001800414,0,1,28.742710208583915,0,0,0
0.001582922819742462,1,1,24.98796176633563,0,0,0
0.0026472852574563025,0,3,28.909483036960882,0,0,0
0.07683201040599981,1,0,19.642347990631503,0,0,0
0.015272165058634385,0,2,34.959862451506524,0,0,0
0.0038000710499199774,0,0,34.89758486158324,0,0,0
0.0249376218834158,1,5,26.914687761545135,0,0,0
0.012864497607521806,0,1,32.890045163401766,0,0,0
0.0014274788789411703,1,1,32.6510762123848,0,0,0
0.04283715874974597,1,2,36.07074280545342,0,0,0
0.007040871962329558,0,2,36.13421323082547,0,0,0
7.432610816170823e-05,1,0,33.62912222239754,0,0,0
0.017446347163210352,1,0,25.474355885022334,0,0,0
0.007249988168945577,0,0,103.56785477870402,0,1,1
0.006462677155543117,0,2,30.462301385563826,0,0,0
0.007399072163263944,1,2,27.503067454945022,0,0,0
0.0021989211817614825,0,2,26.19111044568829,0,0,0
0.0065663575040056515,0,2,37.15612710694047,0,0,0
0.0051996386465363,1,7,19.446624465390236,0,0,0
0.006284159284307939,0,1,32.939947540426175,0,0,0
0.035252379730197396,0,1,26.555916644038597,0,0,0
0.0007035854781604483,0,1,35.86041648119335,0,0,0
0.01048295023145599,0,2,33.633331247522115,0,0,0
0.023908889470447336,1,1,32.352717400462026,0,0,0
0.000490965741180192,1,1,21.787495371085274,0,0,0
0.012084895699724364,0,4,163.48996067278006,0,0,0
0.013675707420126715,1,2,40.935176644531936,0,0,0
0.008534018859540046,1,1,32.06549556244858,0,0,0
0.04800192198124525,1,3,27.004132152468795,0,0,0
0.003698697936168846,1,0,35.85104953055804,0,0,0
0.013420446038344733,1,0,27.88803956065221,0,1,1
0.008539870226142261,0,5,34.33523214089037,0,0,0
0.00472086477793661,1,3,36.94604623689248,0,0,0
0.0008045627138488947,0,0,32.6877101580717,0,0,0
0.0035347063292975904,1,2,23.646204092851974,0,0,0
0.000473317916894366,1,2,30.075078039569515,0,0,0
0.019256961326715092,0,1,24.0464979977436,0,0,0
0.004115150527458046,0,2,20.884376477986862,0,0,0
0.0031838782959848883,1,2,126.00295754828295,0,0,0
0.0020502665020867054,1,0,28.670632861390466,0,0,0
0.000528130223123169,0,5,30.75307727012381,0,1,0
0.1777914770878789,1,3,33.47712482625827,0,0,0
0.00038914741213823186,1,3,32.61330505288583,0,0,0
0.010520160706531825,1,1,23.893899909482936,0,0,0
0.003956868337236988,0,0,114.28502502104149,0,0,0
0.00159245363028704,1,2,30.472936736748526,0,0,0
0.002449930285009399,1,5,30.23017480025977,0,0,0
0.011190063210100474,1,3,24.492679380388324,0,0,0
0.004055505258143495,0,3,29.60967423220298,0,0,0
0.0008137316425355033,0,2,38.82582818875493,0,0,0
0.00262883419001933,1,1,33.126783008589896,0,0,0
0.002217145183702905,1,5,46.57729430362579,0,0,0
0.0003239451328754135,1,3,34.11451760052861,0,0,0
0.002512258089364639,1,4,146.72896591669064,0,0,0
0.0008212743517504158,1,4,34.583397261045135,0,0,0
0.002204709566552529,1,1,28.36717972482981,0,0,0
0.012641730704815366,1,0,31.586591476780697,0,0,0
0.0006493193681431437,0,1,23.300352296122455,0,0,0
0.0010980686578480853,1,2,25.023169247895115,0,0,0
0.005902451856042135,0,0,36.275971230525,0,0,0
0.0011215792623304188,0,1,36.994321446056,0,1,0
0.008720529836620295,1,0,27.826078284955514,0,0,0
0.0004867482438424736,0,1,25.9106110894667,0,0,0
0.003717919901233266,0,0,34.84759016680819,0,0,0
0.008207890306942738,0,0,29.31661102737032,0,0,0
0.027182711224802536,1,1,34.02389901181916,0,0,0
0.003292309069181042,0,2,32.08736945519043,0,0,0
0.012047367486147284,0,1,32.2980996393745,0,0,0
0.0008590378795302224,0,1,83.92811162758098,0,0,0
0.007113657194072372,1,3,202.7480639778159,0,0,0
0.0015499924047727475,1,1,27.366412160480472,0,0,0
0.005732653165869629,0,4,135.99743258896873,0,0,0
0.0001291863542655672,0,4,31.690696637161324,0,0,0
0.002379538941717144,0,0,29.53036662428292,0,0,0
0.04854371035737984,1,3,32.01325073844808,0,0,0
0.011702696672669407,0,3,27.700584906179323,0,0,0
0.08888508656302954,0,4,26.751369198809513,0,0,0
0.007298768355324302,0,5,30.64587218978361,0,0,0
0.01726210436895226,0,2,34.02652711063387,0,0,0
0.0038300614337610137,1,3,36.08250465261402,0,0,0
0.17134766539374818,0,1,205.8296293846589,0,0,0
0.0023173062862010714,0,2,31.898277894036628,0,0,0
0.0028430987162294187,0,2,28.491597013340765,0,0,0
0.009459807919788177,0,0,29.806504459183156,0,0,0
0.0018452732567063842,1,2,27.446683968349543,0,0,0
0.17097121714315391,0,0,34.202005458572074,0,0,0
0.016731945434503865,0,0,28.103393298126296,0,0,0
0.004645554750390893,1,2,33.458200204923436,0,0,0
0.0011448563839981335,1,5,25.07302430828789,0,0,0
0.028590392000584993,1,3,28.69163820234675,0,0,0
0.0049171734234654645,1,1,27.906557957048168,0,0,0
0.0002703368898136983,0,4,16.88935520689189,0,0,0
0.019144087289479618,0,1,32.44045127096888,0,0,0
0.0016041110367915634,1,1,34.522119023821425,0,0,0
0.0033984039886186057,1,4,26.01395009763841,0,0,0
0.01034969807686914,1,3,28.435325966489124,0,1,1
0.0008718738088686128,0,4,31.183392269697446,0,0,0
0.0026909286453156095,0,1,30.325029274878567,0,0,0
0.006147166576083996,1,0,33.234387967163926,0,1,0
0.012155821209979007,1,1,31.793712863737,0,0,0
0.02626267622857282,1,1,38.467449137968686,0,0,0
0.011301995947531302,1,3,117.5118334653512,0,0,1
0.01459130357598535,0,4,33.51860468810217,0,0,0
0.00317078899377471,1,1,31.09496848229741,0,0,0
0.006852749803208941,0,0,26.41788038670968,0,0,0
0.0010583650548825743,1,2,30.625545541815637,0,0,0
0.0010346169048654392,1,1,25.9068555246783,0,0,0
0.08082245086943042,1,1,30.72672268692018,0,0,0
0.00826967205469435,1,3,30.506315299421516,0,0,0
0.0023277428966743973,0,4,28.081649640748704,0,0,0
0.008651281708838785,1,2,27.24635153009706,0,0,0
0.0016678197972317822,0,2,32.686311589684784,0,0,0
0.025857626582658298,0,1,33.440547627990874,0,0,0
0.0009316017603761596,0,4,31.590165945628083,0,0,0
0.004610950956155776,1,4,29.042414367657944,0,0,0
0.004044998617387575,1,1,30.797582451323,0,0,0
0.022898356141212224,1,0,37.156015399728126,0,0,0
0.007277486691064068,1,2,37.2000365959576,0,0,0
0.007925680291172951,0,2,25.758920117688476,0,0,0
0.08560090011158637,0,3,30.880470368797763,0,0,0
0.003646020799129535,0,2,23.38216921819484,0,0,0
0.013736486336935753,0,0,29.085573585316165,0,0,0
0.007168133029921989,0,2,26.07015619130432,0,0,0
0.0008355221041673041,1,2,31.160522259067044,0,0,0
0.018085666289662607,0,4,30.14252982663268,0,0,0
0.010442729708227665,0,5,26.92054484586286,0,0,0
0.0026740749600684638,1,0,35.54592282222281,0,0,0
0.008783071662066912,0,1,28.066984186545948,0,0,0
0.0007393512032249197,0,1,34.86647744618283,0,1,0
0.013188610362381269,0,3,29.59945058562968,0,0,0
0.04787699762072876,0,3,27.042687547849525,0,0,0
0.006191526616497336,1,4,33.47437862128068,0,0,0
0.02851823444967812,0,3,31.067185938558012,0,0,0
0.0359085553698435,1,3,30.208910656346678,0,0,0
0.0030947968323756805,0,1,29.398337094534266,0,0,0
0.02730384153246341,1,2,28.77874923991509,0,0,0
0.019288577149986802,0,2,38.502041975818685,0,0,0
0.04439664583453128,0,3,117.06114066303022,1,0,1
0.09554908945836313,1,1,37.92478334414426,0,0,0
0.0009985037572036559,0,3,41.26102736358024,1,0,1
0.024461439242530865,1,3,34.97879810920857,0,0,0
0.01302733212120697,0,3,27.202603299499653,0,0,0
0.005731394581960885,0,2,30.364619876985657,0,0,0
0.0006304714262201026,1,3,27.890061521166828,0,0,0
0.0033389897552047183,1,1,28.318054916453143,0,0,0
0.029756938108129728,0,2,28.69562844443842,0,0,0
0.0002588073489854153,1,1,31.115273030686232,0,0,0
0.17352543671614268,0,3,22.255806678753085,0,0,0
0.0007713938922502312,0,1,24.600817429521946,0,0,0
0.013347115955539677,1,5,38.911904498813406,0,0,0
0.028241319519971816,0,1,34.10680590435016,0,0,0
0.001419474261840005,1,3,27.06714424592402,0,0,0
0.003725823612991409,0,1,18.353398648628335,0,0,0
0.0009937786435997578,0,2,45.53869639908577,0,0,0
0.023997810621521246,1,1,32.11303724890105,0,0,0
0.003527200522705149,1,1,36.09502164893499,0,0,0
0.039691773157617086,1,1,25.360288824104504,0,0,0
0.012141330283784673,0,2,29.350704170675044,0,0,0
0.027760714112068745,1,1,19.507623683125836,0,0,0
0.004729999665325456,0,0,28.8046544989487,0,0,0
0.568216631941631,0,6,32.44912563241255,0,0,0
0.0032917096900191905,1,3,31.576599922166118,0,0,0
0.004613316337045149,0,2,30.587859097081644,0,0,0
0.0007902063190087296,1,1,27.565612591322672,0,0,0
0.03060080977471545,1,3,25.225280823101457,0,0,0
0.0020105584046864592,1,0,39.86748074310864,0,0,0
0.047815104771426545,1,1,30.248656407752833,0,0,0
0.003047899699121224,0,2,32.81645517404998,0,0,0
0.0069370715684009075,1,2,28.67122876440327,0,0,0
0.05541905056612691,0,2,33.70268067833783,0,0,0
0.007564021569518828,0,3,31.939997230454075,0,0,0
0.0006440917874503375,0,2,33.09228053975314,0,0,0
0.0005032585507700269,1,2,32.41857835799111,0,0,0
0.02635746713723637,1,1,28.350708935974886,0,0,0
0.030002858419492243,1,2,32.24287394770377,0,0,0
0.02373952894089879,1,2,26.171268882372424,0,0,0
0.001897752715449446,1,2,28.326503276326935,0,0,0
0.05769314662675333,1,4,34.75354411692997,0,0,0
0.002898125382394758,0,0,24.78475977855426,0,0,0
0.024534923318746592,1,3,43.77471371925333,1,0,1
0.003513567102040399,1,4,30.596200059207888,0,0,0
0.0015597208770313801,0,1,29.26739509216715,0,0,0
0.00016608445910543915,0,2,35.039343589010684,0,0,0
0.005253244323231438,1,2,34.320735813796674,0,0,0
0.004773680518978193,0,3,26.548599226487752,0,0,0
0.11636347336353509,1,3,34.54342788212759,0,0,0
0.01840174846709892,0,2,27.256423181858647,0,0,0
0.008931871851165995,0,2,27.166927375439705,0,0,0
0.0002960354745342435,1,1,30.642851496545923,0,0,0
0.2712166044480989,1,0,31.509714278462166,0,0,0
0.0005886756657402664,0,2,26.67830892746917,0,0,0
0.008026015737554855,0,0,33.41861297535698,0,1,0
0.024923585218279146,1,5,31.925002758326468,0,1,1
0.10053001738692281,0,1,25.900293019098974,0,0,0
0.0016762428866050868,1,2,33.682784173223176,0,1,0
0.005932069722821624,1,1,32.933451892654176,0,0,0
0.0009969839816410737,1,5,22.36416372682422,0,0,0
0.022680485131127026,1,3,28.424570387671285,0,0,0
0.0029245009935900475,0,1,31.65086925505483,0,0,0
0.005061864822478354,1,1,30.429528139271792,0,0,0
0.00036939141308794173,0,2,32.205401502619964,0,0,0
0.10975001524342905,0,2,19.89776267657151,0,0,0
0.0022110819858711336,0,1,28.49599870467288,0,0,0
0.0010060680494657994,1,3,38.49739786764931,0,0,0
0.003309686924749783,1,1,30.498109849860757,0,0,0
0.0018004232071265169,1,2,34.835765293114136,0,0,0
0.016275085179322336,1,0,33.991307994239065,0,0,0
0.004209015326431136,0,4,22.201288555844187,0,0,0
0.0030892508585266417,1,2,23.49824157517364,0,0,0
0.00277209836556242,1,2,27.559336238135295,0,0,0
0.0034469203416080878,1,1,129.38940513913397,0,0,0
0.0016001401099882016,1,1,26.759121014297033,0,0,0
0.020508271084525992,1,3,28.450440955092507,0,0,0
0.008657129238185776,1,3,22.510439128958204,0,0,0
0.0007788465036626545,1,1,36.31241089889841,0,0,0
0.000757245256838333,0,3,28.45622248076111,0,0,0
0.218720925633635,0,1,35.452522204558825,0,0,0
0.009172741825669092,0,2,22.724986624322156,0,0,0
0.013472125139209219,1,1,28.42664124195563,0,0,0
0.004653594524366446,0,3,35.11632172066774,0,0,0
0.023193964601755778,0,2,30.210245322145475,0,0,0
0.0010687809012237997,1,0,27.27461995819987,0,0,0
0.008850963152472285,0,1,38.16198690942859,0,0,0
0.009307871884668245,1,3,30.7732538377552,0,0,0
0.11744770780394623,0,3,30.80168535897521,0,0,0
0.007433668341600935,1,3,31.797528001155325,0,0,0
0.00386982367799926,1,5,160.37772451915413,0,0,0
0.015910157299908384,0,3,33.84585150042049,0,0,0
0.007234815636504063,1,3,35.309384101636844,0,0,0
0.00022223061267953215,1,0,22.125456065384498,0,0,0
0.008261229193721615,1,1,26.797164922077705,0,0,0
0.13555409520149983,1,2,28.71221158371177,0,0,0
0.004325574872473196,1,3,30.349189485616677,0,0,0
0.0027075166553071563,1,1,28.256628750993574,0,0,0
0.04881006099611695,1,2,34.377138910611734,0,0,0
0.007515313134328206,1,2,32.11856510962144,0,0,0
0.04379872905494746,1,4,31.6713080365898,0,0,0
0.028913710499393685,1,0,31.84396651678943,0,0,0
0.0010604858357255418,0,2,29.463223155701993,0,0,0
0.010262704224099573,1,4,28.80417139331819,0,0,0
0.007519380160874007,0,3,27.51612205546204,0,0,0
0.0003868435976038884,0,3,28.863316894995357,0,0,0
0.005259550454092091,0,1,27.40705114054217,0,0,0
0.0036412853303633658,0,1,28.062158049243195,0,0,0
0.030593286008648714,0,1,25.85721656171862,0,0,0
0.0021158318132658257,0,2,36.26790766926325,0,0,0
0.002727274757197071,1,1,30.12435069757507,0,0,0
0.003922324253335837,0,2,37.25018376613011,0,0,0
0.006802232243159096,0,3,32.58718973802502,0,0,0
0.001102940759986684,1,0,33.88991139623404,0,0,0
0.0072367388452894395,1,1,31.30406447335488,0,0,0
0.008275897584211411,0,2,22.75739557868536,0,0,0
0.008615387213208486,0,3,32.776313206622774,0,0,0
0.026335431020250197,1,2,25.241087527309737,0,0,0
0.007102868507508529,0,2,29.594618104292945,0,0,0
0.01758520894693885,0,3,28.979873023299692,0,0,0
0.003362352675728797,1,1,39.815444918826046,0,0,0
0.02727647779448012,1,2,20.073325808820833,0,0,0
1.1254491225534338,1,1,23.780271657362164,0,0,0
0.008673214909392506,0,2,27.780295379275437,0,0,0
0.002461264922698135,0,4,27.966185351037762,0,0,0
0.0020060923718482017,0,0,167.53087194959718,0,0,0
0.0014620080280397928,1,2,28.7054826167274,0,0,0
0.02962123011595411,1,3,30.96747317151553,0,0,0
0.002251394449101439,1,2,24.34361733459323,0,0,0
0.005003568875222368,0,2,30.606291990719797,0,0,0
0.05693391616632276,1,2,28.56576213878649,0,0,0
0.016432319370061153,0,2,33.224341142314614,0,0,0
0.09753647177601113,1,3,31.489457602656795,0,0,0
0.07111565200303893,1,0,27.77329702437405,0,0,0
0.0020612208276335987,1,5,16.466551366816322,0,0,0
0.0006460098702259006,1,2,33.25253768419245,0,0,0
0.02797326259392034,0,8,97.55963946166649,0,0,0
0.005521593585206461,0,3,30.986692496582112,0,0,0
0.0023296344092649016,0,4,22.66447174123941,0,0,0
0.9470980933110257,0,2,40.828882688912856,0,0,0
0.004107940564006921,0,4,23.425214171324605,0,0,0
0.010994875678920123,1,1,26.201535886032406,0,0,0
0.06499339098158163,0,2,29.908805555152316,0,0,0
0.055498998265436764,1,3,26.337076789754253,0,0,0
0.004570288474057699,1,3,25.410943580837916,0,0,0
0.00019006105328025008,1,1,31.74086158037204,0,0,0
0.015582226259315967,0,5,38.5001154942309,0,0,0
0.0002390584787188078,0,2,30.003448980975723,0,0,0
0.014457433391240242,1,1,127.92579504065016,0,0,1
0.00802020994988142,1,2,25.36167010461378,0,0,0
0.009910162837468579,0,0,30.19336537519329,0,0,0
0.0224287793782623,1,3,150.7871120058115,0,1,1
0.003344117244700443,0,3,28.760967478326926,0,0,0
0.0019786054767674944,1,2,33.53881070287081,0,0,0
0.015014650410572233,1,3,29.437704524945445,0,0,0
0.04424726929930106,1,2,25.959338737442664,0,0,0
0.018241816785622728,1,2,30.24506999922727,0,0,0
0.010677804923347337,1,4,26.001270996822985,0,0,0
0.007632276387743861,1,0,29.49923462187418,0,0,0
0.0032791685285374376,1,1,32.324683980564984,0,0,0
0.0032027849354670838,1,2,24.184625903811497,0,0,0
0.024243613693999983,1,0,36.46349029569081,0,0,0
0.0025714761082333126,0,6,33.765386659230664,0,0,0
0.003742836098005485,0,4,31.55576714806412,0,0,0
0.011726471856555473,1,3,32.310282052242606,0,0,0
0.01735535530386726,1,3,107.59610638807368,0,0,1
0.0003759734810626848,0,1,29.803540659139184,0,0,0
0.02100940772690057,1,0,29.932567078725242,0,0,0
0.05727228226415316,0,0,32.97776236448659,0,0,0
0.0007343232188728409,1,2,24.14881214786598,0,0,0
0.0019063343801817094,1,2,37.24223311430415,0,0,0
0.0012388036234014927,1,4,29.989035257575864,0,0,0
0.014095479101175326,1,2,32.04466561321236,0,0,0
0.0038624945040653964,1,1,26.365959156886994,0,0,0
0.0018057744255095016,0,1,34.81800742926095,0,0,0
0.0020522305188010502,1,1,20.877864689507117,0,0,0
0.00040764108515142815,0,0,30.757799419148743,0,1,0
0.002655069034757956,0,1,42.78137067264818,0,0,0
0.008430511981633979,1,1,35.49043293984535,0,0,0
0.013410401572945192,0,3,29.89047334784389,0,0,0
0.005212292808113133,1,3,31.71284287829487,0,0,0
0.001076551152773245,1,2,25.92957445303145,0,0,0
0.004923724892246992,0,2,34.24988626873006,0,0,0
0.00852218335307741,0,2,29.757268043038117,0,0,0
0.004388478099936087,0,4,30.191032130055415,1,0,1
0.00729059365279669,1,4,35.3936526503948,0,0,0
0.006165890986583287,1,4,32.35706925300727,0,1,0
0.0008987214185568564,0,0,31.457683390349615,0,0,0
0.0027475532034395836,0,3,34.45461659521601,0,0,0
0.01848896214381584,0,1,29.329437025029627,0,0,0
0.0008407402732058905,0,2,23.94371278637611,0,0,0
0.0004983472184707443,1,6,26.60442322931405,0,0,0
0.005081812932746834,0,2,24.935439168727473,0,0,0
0.004296269504154701,0,1,37.64737216571902,0,0,0
0.027984815808402345,1,2,30.81106724109216,0,0,0
0.012033533514166255,0,0,32.981436125744096,0,0,0
0.02557615269936105,1,3,28.979689430826692,0,0,0
0.003395962140362571,1,3,22.324410618858188,0,0,0
0.0006891118541076845,0,1,28.695031196072094,0,0,0
0.0009926732289421698,0,4,22.642353687152465,0,0,0
0.007567192033117255,0,6,24.478800754622156,0,0,0
0.018557049153561468,0,2,28.13818805034192,0,0,0
0.004960904616772227,1,2,21.107356824509303,0,0,0
0.09791696216510912,0,2,21.90458124862112,0,0,0
0.0007980418683436087,0,3,31.41025764644256,0,0,0
0.14234423316942912,1,1,27.18444396600939,0,0,0
0.00023532946980101035,0,5,45.542939342055995,0,0,0
0.02868266514874334,0,2,179.23688657325792,0,0,0
0.032667992620200065,1,3,27.56794932730811,0,0,0
0.010828275488851818,0,1,20.69095271558719,0,0,0
0.0011157427387297727,1,3,19.593235931316908,0,0,0
0.16888172483577485,1,1,27.032241230496126,0,0,0
0.002512172220416963,0,1,26.930500803921557,0,0,0
0.020552831775426595,0,2,126.40265264651917,0,0,0
0.00389625152567126,1,4,32.553027100900465,0,0,0
0.0009490246513461333,1,3,21.44927330404206,0,0,0
0.11412198616320839,0,2,32.40192178032078,0,0,0
0.02066049537428196,1,0,34.397409766300825,0,0,0
0.002684197667007501,0,0,32.29095457824776,0,0,0
0.008193470363577426,1,1,30.48769948700823,0,0,0
0.004854316233946917,1,4,24.22239307215337,0,1,0
0.0013182866475010863,0,3,35.28607987948894,0,0,0
0.07723601337633737,0,1,29.277855282105175,0,0,0
0.0019003435258499685,0,0,33.763051100923164,0,0,0
0.020663516539904357,0,4,25.391208764083302,1,0,1
0.021493877154674372,1,5,32.7670731863801,0,0,0
0.01305616488513201,1,0,37.104737399932176,0,0,0
0.005630263957130661,0,0,28.35513614244345,0,1,0
0.07507396013469461,1,4,39.13040892504796,0,0,0
0.028081119801503757,0,1,34.29897019562334,0,0,0
0.0004423092608514453,0,0,33.335404724454975,0,0,0
0.0003055954012402018,0,3,25.23438021968291,0,0,0
0.00915975869773102,0,2,29.901344842020222,0,0,0
0.012897028721334608,0,1,38.91304528241566,0,0,0
0.005930990382157565,1,3,31.509258914348298,0,0,0
0.004050991073497439,0,1,19.550631458688308,0,0,0
0.0006038929835756879,0,3,33.335382113867624,0,0,0
0.012373298691924965,1,3,29.065271635099588,0,0,0
0.0034084287405617476,0,2,29.699602613094537,0,0,0
0.013248706035849895,1,1,26.95015310712866,0,0,0
0.009717929274237544,0,0,41.23863322569338,0,0,0
0.003017645774191244,0,0,30.478879530162494,0,0,0
0.11575565582562237,0,2,31.009791103901925,0,0,0
0.017575424138908537,1,4,126.10791329331197,0,0,1
0.0014162481503909798,0,1,25.460219177680266,0,0,0
0.006343599992030522,1,2,223.85971422650792,0,0,0
0.000755213081985406,0,3,31.7309318905084,0,0,0
0.0027253932602456852,1,2,34.2360281981237,0,0,0
0.0016019565547190067,1,4,32.83181384448238,0,0,0
0.006072156220387746,1,2,28.536552230671838,0,0,0
0.0029129889788319764,1,1,29.484668164525612,0,0,0
0.00017159432034152507,1,4,30.570297133555705,0,0,0
0.04184865041364236,1,0,33.918283166593866,0,0,0
0.0019192066506352999,0,2,33.16324967890185,0,0,0
0.0007252199005535,1,2,19.778599210114656,0,0,0
0.009569202119338312,0,2,25.19981384362137,0,0,0
0.0012258890583596537,1,3,28.7852545676515,0,0,0
0.049874570012066195,1,2,32.78140869029353,0,0,0
0.007446945348824724,1,2,25.171708505288503,0,0,0
0.0028293475161288474,0,2,29.64589535623276,0,0,0
0.012488523906216619,1,2,31.89752074595246,0,0,0
0.011988178716338135,1,2,27.520100018743765,0,0,0
0.0016693138371321797,1,0,24.807421891967238,0,0,0
0.024971441511483346,0,3,26.290197600224438,0,0,0
0.01343916855968052,1,3,27.20646061079183,0,0,0
0.005016906419992528,1,1,25.721180318493595,0,0,0
0.008134767676223247,0,1,33.60605280149465,0,0,0
0.01664742773980806,1,1,39.06043522620479,0,1,1
0.0037235815882712218,1,2,30.010923652126017,0,0,0
0.0009686641024712315,0,4,31.236944999283285,0,0,0
0.0027584982909790493,1,1,28.953823414284912,0,0,0
0.003399104920823843,0,0,25.729673063375746,0,0,0
0.0036693543817144106,1,2,32.14162492851987,0,0,0
9.497852372910298e-05,0,1,34.62127036785678,0,0,0
0.01006286266410085,1,1,23.811316993096117,0,0,0
0.00024155026641430697,1,0,29.37192417586353,0,0,0
0.003163883712578374,0,2,33.39905807967536,0,0,0
0.1012239993253246,0,1,29.401804253552985,0,0,0
0.019472664564486087,0,1,19.57271682401943,0,0,0
0.0005193375200732242,0,2,27.714372840941486,0,0,0
0.19327547279145416,0,1,23.051601119525905,0,0,0
0.005656101998702912,1,4,29.078516145676954,0,0,0
0.006101275035685534,1,0,32.51210840811026,0,0,0
0.0009399774244604246,1,1,31.588770444170088,0,0,0
0.011724450249018976,0,4,26.40211035751313,0,0,0
0.0005782404992709367,1,1,26.183843136857096,0,0,0
0.0025764763107347,0,0,28.142527108194834,0,0,0
0.00715690347759326,1,2,36.01884312788552,0,0,0
0.004686771480390145,1,1,34.16368615522567,1,0,1
0.005949526751214139,0,5,25.689433556920577,0,0,0
0.0470785283431828,1,4,33.49598639259135,0,0,0
0.0027334017547232157,0,2,33.96321260173899,0,0,0
0.0035945659635701717,0,1,33.32184166189186,0,0,0
0.010201309018390406,0,2,35.320561660067014,0,0,0
0.13157131916752376,0,1,31.06494335795011,0,0,0
0.005391647310932035,1,3,24.64551994918852,0,0,0
0.007067383078553444,1,4,35.27338390051655,0,0,0
0.05669005074259859,1,2,27.801716817288508,0,0,0
0.00043469889887175396,0,3,26.17955552696585,0,0,0
0.0048044610761951104,1,2,30.192810822387337,0,0,0
0.03701641746361731,1,2,36.749049520246935,0,0,0
0.0004999036829216208,1,2,32.135246996125964,0,0,0
0.1176037310819789,1,2,16.02568562223854,0,0,0
0.001986166311573756,0,1,40.3960464915901,0,0,0
0.012233718800116297,1,1,36.74273755300906,0,0,0
0.001460799225319212,1,2,35.06244549424022,0,0,0
0.0006159116020298038,1,1,32.10771110639113,0,0,0
0.039844366246722496,0,1,31.013171941232596,0,0,0
0.01773471580726603,0,3,27.827997288628836,0,0,0
0.009147135199109847,1,2,37.31692722061979,0,0,0
0.005309957230612531,0,2,40.68878460474512,0,0,0
0.0015457051586189765,1,1,35.02731166320853,0,0,0
0.2579187093941538,0,4,28.80970624775623,0,0,0
0.07972893221724586,0,1,36.04994954876652,0,0,0
0.0031828298217060342,0,0,25.10911875693344,0,0,0
0.034662007509653016,1,2,32.01380538460617,0,0,0
0.02653496084802658,0,2,28.833450486554295,0,0,0
0.0012846532730815651,1,2,25.737376758154383,0,0,0
0.004756423221536927,1,2,34.365393675226805,0,0,0
0.003967568504310604,1,0,33.68343691355692,0,0,0
0.0014198737787915739,0,4,38.038141132929574,0,0,0
0.024871407528568343,1,2,23.24008210697526,0,0,0
0.007523479757510442,1,5,39.978957360607076,1,0,1
0.04408409025165951,0,0,35.06505493449849,0,0,0
0.0012616584449293377,0,3,32.6300819927759,0,0,0
0.02207021909524292,0,3,28.026215435518285,0,0,0
0.011288812247578736,0,1,29.870480003395492,0,0,0
0.0048713629261279276,1,2,35.79425250014463,0,0,0
0.008599993539738024,0,2,29.219774076501533,0,1,0
0.05322348371395276,1,1,24.557014843296763,0,0,0
0.0021894003049685064,0,3,33.61498192599938,0,0,0
0.029958289695089867,1,3,119.84882478011231,0,0,1
0.05662950164064466,1,1,39.17817613656822,0,0,0
0.004777311351552936,0,1,23.034988370112778,0,0,0
0.0011680632788058007,1,1,25.24148729983553,0,0,0
0.0006110144572839542,0,2,30.81703029853368,0,0,0
0.07789827843631533,1,3,156.59160994884772,0,0,1
0.00939451767384023,1,3,27.23778606148485,0,0,0
0.019478618713444164,0,0,21.83072750909729,0,0,0
0.04376779044203855,0,1,30.06300951166869,0,0,0
0.0025629323394505245,0,1,31.914336515576075,0,0,0
0.0024288502319456083,0,2,32.83471208205608,0,0,0
0.004521851561333788,1,0,32.27638950791926,0,0,0
0.014302052425192632,1,2,25.078331404851838,0,0,0
0.010797850564797542,1,1,29.41865894920439,0,0,0
0.002002875312271541,1,1,29.516162481759718,0,0,0
0.0006049975506878599,1,1,33.18063862629349,0,0,0
0.005032163270071224,0,3,34.381058862411464,0,0,0
0.009432056032193499,1,3,28.435127490978164,0,0,0
0.010875117901673899,1,1,25.133434712611844,1,0,1
0.0023249204054439083,1,0,28.22097159533137,0,0,0
0.1817143917638941,1,2,28.977500980742516,0,0,0
0.14602849891175518,1,2,26.761877102922753,0,0,0
0.00870992066324568,0,0,38.06762046091829,0,0,0
0.007696045659220993,0,1,34.47522242067042,0,0,0
0.006573557530923264,0,2,24.120505940960374,0,0,0
0.0006885857470446051,0,2,20.743083993742527,0,1,0
0.0012448108922055447,0,4,23.74890629752489,0,0,0
0.0018341054388166544,1,2,32.19493327976242,0,0,0
0.003817383625625571,0,1,25.071189610039134,0,0,0
0.005392815176146834,0,0,23.058481011429368,0,0,0
0.0006374666752869285,0,2,32.06857116261432,1,0,1
0.03635654807934833,1,4,29.752392929458757,0,0,0
0.008395275318748558,0,3,26.42396666185185,0,0,0
0.0015729485339708543,1,3,31.398354621290746,0,0,0
0.005459231661033903,1,1,36.1636693820848,0,0,0
0.027321468170277283,1,2,35.8214105199663,0,0,0
0.037509236992738094,1,0,33.32333344932622,0,0,0
0.01409112791171492,0,4,37.556997807125754,0,0,0
0.020381697914681546,0,0,30.289216030571932,0,0,0
0.006425495816888561,1,3,28.216301483190502,0,0,0
0.03342043890701227,1,7,30.697668690126967,0,0,0
0.000882343021178626,0,4,119.26727137839721,0,0,0
0.0036709429908343464,0,1,28.204656853379987,0,1,0
0.10664203336421177,1,0,30.830530195684343,0,0,0
0.0007514669550527528,1,4,26.726410818228494,0,0,0
0.009754170618342961,1,3,35.347534405164396,0,0,0
0.0026083247994377907,0,1,36.660917299861495,0,0,0
0.005895359745170841,1,1,17.786230512211336,0,0,0
0.4032513181359791,0,3,35.597455670968486,0,0,0
0.007455638829743687,1,2,41.99135677307737,0,0,0
0.04947346710694401,1,0,40.63204541415506,0,0,0
0.00018177762073542025,0,0,118.57685046987297,0,0,0
0.00064584271878824,1,1,36.026699913537826,0,0,0
0.06812262296096723,0,0,30.046671277368635,0,0,0
0.041076009908448334,0,0,29.44394912678422,0,0,0
0.011033291701632442,1,3,29.877902208063322,0,0,0
0.009120937909829317,0,0,22.128987518858338,0,0,0
0.003953939614878122,0,2,21.035663557460637,0,0,0
0.00414800925930506,1,2,32.82495789978245,0,0,0
0.05171129652467949,1,1,24.519114732848777,0,0,0
0.0018926585363902315,1,3,30.163139055889665,0,0,0
0.0007166785169390759,0,1,32.53273558745698,0,0,0
0.044753642928807125,0,0,28.8854961540136,0,0,0
0.005249049213549948,1,1,29.13431177820847,0,0,0
0.05191400629798372,1,1,29.91314401230425,0,0,0
0.002364852865620684,1,6,34.558063878218746,0,0,0
0.0060652360158691045,0,1,37.82109080050818,0,0,0
0.004879663263636122,1,3,40.97242465430474,0,0,0
0.0347484703133226,1,5,34.47020609666567,0,0,0
0.0817291928771952,1,0,31.51772017743577,0,0,0
0.003202318779352647,0,2,34.475496634225,0,0,0
0.0012417577851636234,0,2,35.62319951801837,0,0,0
0.07650202169646209,1,1,35.50064545931953,0,1,1
0.0003382775513637412,1,2,25.63555813546468,0,0,0
0.017963200299278705,1,4,87.01907287639877,0,0,1
0.005121183153436055,1,3,36.01934661681012,0,0,0
0.07453659903153594,1,4,24.103689020556786,0,0,0
0.04399324066873811,0,1,38.781015618342096,0,0,0
0.0018273056249285759,1,4,27.337479517469106,0,0,0
0.00441120852387382,1,4,46.80536379491474,0,0,0
0.1736471388178966,1,3,24.487370402989672,0,0,0
0.0012300883016827314,1,4,27.799740156552264,0,1,0
0.0017967101156682623,1,1,33.22244040966336,0,0,0
0.001813116921289404,0,2,30.850940798424958,0,0,0
0.04499104861791199,1,2,27.66833328546318,0,0,0
0.002523319698146857,1,2,31.591978921797583,0,0,0
0.007139867902695469,0,2,106.9242976277658,0,0,0
0.029690885561170943,0,4,22.358115563934923,0,0,0
0.003072430076372279,1,2,26.735721958824726,0,0,0
0.0011452211360995278,1,0,40.3839323759146,0,0,0
0.015574605596161853,1,2,34.18254305118274,0,0,0
0.009745996258421121,0,0,30.955944709989403,0,0,0
0.006349572087960234,0,2,33.84493998711993,0,0,0
0.007376812579453237,0,3,26.869933925515234,0,0,0
0.005846013905166699,1,2,29.361118111857785,0,0,0
0.0007634349821151869,0,4,26.038416281320863,0,0,0
0.05909572536805064,1,3,34.10466708512476,0,0,0
0.0217588024975906,1,2,31.123904189940824,0,0,0
0.0035732560241225797,1,1,30.38170761928339,0,0,0
0.10650976631860934,1,3,25.563299117219806,0,0,0
0.0019820667168992264,1,2,31.41361961428501,0,0,0
0.018268590094539655,1,2,27.217177224338915,0,0,0
0.011796312280515798,0,3,29.744656020264934,0,0,0
0.006051618967898512,1,0,32.39628433201513,0,0,0
0.003006278772698764,0,2,33.418226032495255,0,0,0
0.004077360827255617,0,3,27.8727748576015,0,0,0
0.08995139404632385,0,2,36.05503340750773,0,0,0
0.002952683694426528,1,2,32.02094038645946,1,0,1
0.007291935074959395,1,2,36.411605368469935,0,0,0
0.0037936925547909207,0,2,30.139201643089457,0,0,0
0.003909330486047917,1,0,27.941779059189265,0,0,0
0.02603053741083873,1,1,36.05337833590337,0,0,0
0.0009046272396611954,0,3,215.2846376707023,0,0,0
0.007243476686727793,1,2,30.213831240991357,0,0,0
0.004661062209110366,1,1,37.880978338855165,0,0,0
0.0015952204062392116,1,1,31.6674694449377,0,0,0
0.06340505484432503,0,4,28.678979800221942,0,0,0
0.0053977988435748555,0,2,25.631462478910002,0,0,0
0.0033081762458022574,0,1,124.29571834616209,0,0,0
0.007416011755922793,0,3,40.05729530931165,0,0,0
0.0005313372127150463,0,5,30.387085319671247,0,0,0
0.004474608905059102,0,4,91.16111339395995,0,0,0
0.00034698319644261584,1,2,30.353165217328883,0,0,0
0.0015180992039460232,0,2,20.545388219413475,0,0,0
0.016852631636925366,1,3,30.709713223475323,0,0,0
0.006456897544894625,1,2,144.04404655380725,1,0,1
0.017321546148313133,1,6,35.27857539009196,0,0,0
0.06917544442832978,0,0,24.70921606059747,0,0,0
0.08561262803673705,0,4,31.99737909498182,0,0,0
0.011083710654752247,0,1,25.430924329873577,0,0,0
0.00320084645072072,1,1,18.928956995801933,0,0,0
0.005805797863231985,1,3,29.54357808707541,0,0,0
0.03607955151807818,0,0,29.025334488020498,0,0,0
0.025466025400571583,0,1,40.20510856368329,0,0,0
0.003797818841070152,0,1,35.59348935283003,0,0,0
0.003290211144089306,1,2,29.5046860395868,0,0,0
0.0010527653964452469,0,0,23.22997692525051,0,0,0
0.000594155069817531,1,5,29.60315170445646,0,1,0
0.0021144925949374603,1,1,29.72060592689942,0,0,0
0.023663266456441852,0,0,30.352305436848713,0,0,0
0.020676044471354207,1,3,31.19837305595502,0,0,0
0.0030162964163557,1,2,25.224688475900642,0,0,0
0.0068387521485007655,1,1,37.60762524772668,0,0,0
0.0016328473359905516,1,0,27.187069238971596,0,0,0
0.05078929967942569,0,0,36.83613276337426,1,0,1
0.0004707532559667075,0,1,29.535482824445754,0,0,0
0.05760333272641469,1,1,28.937283963688863,0,0,0
0.0008534124418451061,0,0,121.98448855831644,0,0,0
0.00026644330264888214,0,1,39.25167882652122,0,0,0
0.08772314760104383,1,4,25.69412831743131,0,1,1
0.00925951547417313,0,4,26.907227329726055,0,0,0
0.0004494867981918413,1,1,27.673507946262912,0,0,0
0.0018715698862493155,1,2,30.24364315843282,0,0,0
0.0019567858755694116,0,0,21.584234252397053,0,0,0
0.018710486366587727,1,3,36.76514117341402,0,0,0
0.015617553759456438,0,1,34.80758136663927,0,0,0
0.0073028062486677255,0,5,37.32879377430686,0,0,0
0.023207065344200285,1,1,28.443906993109188,0,0,0
0.016473886507163554,1,1,35.08620681150859,0,0,0
0.039441333990862325,0,3,157.17381226636894,0,0,0
0.0004423348646422516,0,0,31.34681787167739,0,0,0
0.00800052726935801,0,3,25.668835680028344,0,0,0
0.0003426318350241761,1,2,23.844557755340173,0,0,0
0.003765657746584899,1,5,31.429011807913785,0,0,0
0.0029706722407145665,0,5,26.654794774112236,0,1,0
0.016119959706015114,1,2,26.51759877018501,0,0,0
0.013388726686937963,0,0,27.436388034042146,0,0,0
0.004586561046462393,1,3,37.09681446369402,0,0,0
0.004945585646919431,0,0,18.499128965851337,0,0,0
0.0016276890246165387,1,0,33.501209765962294,0,0,0
0.10930381510389281,1,1,23.076719300378002,0,0,0
0.0637818774071105,0,2,30.27227131704744,0,0,0
0.10315232185585108,0,1,19.04433683674962,0,0,0
0.004477817519179737,0,2,27.091995076628667,0,0,0
0.012832816067891373,0,0,41.436450063806355,0,0,0
0.0840905619159172,0,0,27.985628923640792,0,0,0
0.03285397632974209,0,2,36.34625202440347,0,0,0
0.02902121730219902,1,4,35.71595915577738,0,0,0
0.007797663322644951,0,1,32.71238715456272,0,0,0
0.009507117543912123,0,1,23.87568409389408,0,0,0
0.02281525169475713,1,0,30.530908726348347,0,0,0
0.0023172536388324735,1,4,28.3941562215278,0,0,0
0.2021945460615227,1,1,38.88010489534342,0,0,0
0.005059307494159597,0,4,24.504852513246234,0,0,0
0.0001182400284556614,0,0,32.18862373085489,0,0,0
0.011501975642537444,0,0,30.37291483823924,0,0,0
0.03248421825013335,1,1,22.747615976298533,0,0,0
0.0002895496191289008,0,4,28.462533876084862,0,0,0
0.031284909104386506,0,4,155.00932446833016,0,0,0
0.01996531873505032,1,1,33.914634505407825,0,0,0
0.0008475469311321903,1,3,35.254403349475616,0,0,0
0.0006713259134823807,0,1,35.35377506290296,0,0,0
0.00793991966901055,1,1,37.46986304810783,0,0,0
0.009279479118340171,0,4,33.70074239544413,1,0,1
0.024393216906365856,0,4,40.930386993462335,0,0,0
0.046801291936091206,0,4,31.89898588037479,0,0,0
0.07852521730749142,1,3,28.332218336136304,0,0,0
0.009630482154698264,0,1,29.842792566083176,0,0,0
0.008637126251058568,0,3,125.12829696443288,0,0,0
0.005327743110084489,1,2,28.708587768423154,0,0,0
0.0013232944397600587,1,4,32.823434216026456,0,0,0
0.0011308888067703732,1,1,34.23171894384654,0,0,0
0.00225704748918534,0,5,32.0190457885867,0,0,0
0.0012005523781956696,0,2,24.77160199771523,0,0,0
0.007367511008398571,0,4,27.850605231491645,0,0,0
0.0070764859206380515,1,0,34.68662170967985,1,0,1
0.0027468593808791107,0,4,27.05122055234089,0,1,0
0.011360931684326689,1,2,30.05156177780871,0,0,0
0.004164459510479083,1,0,30.773412981260268,0,0,0
0.0024013369794377297,0,1,26.084687543814944,0,0,0
0.036732122746130635,0,4,18.472449585948652,0,0,0
0.007272096493443201,0,2,32.895617963693844,0,0,0
0.007004078465051302,1,3,27.193405697684376,0,0,0
0.027933502885066203,0,1,24.89536229735883,0,0,0
0.014228382036472309,1,1,32.0238135542031,0,0,0
0.018206098483492895,1,1,34.562498245720676,0,1,1
0.008733601664382154,1,0,28.542931676949976,0,0,0
0.01730292433712996,1,1,29.90029830322223,0,0,0
0.010136151375749036,1,0,36.77198288389478,0,0,0
0.0050835174510368035,0,1,26.488042966285743,0,0,0
0.16194018789362397,0,0,29.257819915168536,0,0,0
0.025297897861295597,0,1,36.29391853467577,0,1,0
0.0057926253469670445,1,1,24.965530418338986,0,0,0
0.003681373789982327,1,0,37.24262631003096,0,0,0
0.06663615702459429,1,2,24.4111419039794,1,0,1
0.05373110783180346,0,2,32.22010483868533,0,0,0
0.005016268436856203,1,0,37.37545542631382,0,0,0
0.01903201273296882,1,3,26.61430392797022,0,0,0
0.12671507813833913,0,8,28.175413629517767,0,0,0
0.0053441869607015495,0,1,37.0729610696742,0,0,0
0.008637330284636585,0,0,30.469771753616403,0,0,0
0.08433518961707948,1,1,30.554992029488712,0,0,0
0.0014789051911847284,1,3,36.107033379972535,0,0,0
0.0064266400938278725,0,1,27.978772614518192,0,0,0
0.00519186323037122,0,0,28.170930389357384,0,0,0
0.001414535383290729,1,2,24.34780512284039,1,0,1
0.01396738208736766,0,2,23.18923141195521,0,0,0
0.00190865171004768,1,5,26.306209337535982,0,0,0
0.016665529441761272,1,2,27.12333231981078,0,0,0
0.006750540686279434,1,2,33.076601953446634,0,0,0
0.1476242402653833,1,1,22.259215881652835,0,0,0
0.0013653456279725934,1,0,29.56489001847273,0,0,0
0.0017027143123073364,0,0,32.096119225600944,0,0,0
0.01059538138670406,1,3,28.74999348670498,0,0,0
0.02772689104287998,0,1,25.294953336679512,0,0,0
0.01965913082592406,1,1,34.02118103049005,0,0,0
0.017128495326065623,0,0,31.605376067371516,0,0,0
0.016132911191886302,1,4,29.809843217353414,0,0,0
0.07916715084058495,0,0,36.00539706349089,0,0,0
0.008441795030950229,1,4,27.071101068158406,0,0,0
0.00202489615940194,0,4,29.548342285204416,0,0,0
0.00024329822861895244,0,2,27.230907034246606,0,0,0
0.0010674850409169688,0,1,25.623763243962678,0,1,0
0.006032941984581116,0,0,25.650547910280398,0,1,0
0.0035694522002566098,0,0,25.688013998951522,0,0,0
0.001988223298662064,1,0,25.35328576186252,0,0,0
0.023542898971092963,0,1,32.59962356800427,0,0,0
0.010490916420698182,1,5,20.90280492886636,0,0,0
0.007072855742701826,1,4,29.900281787276775,0,0,0
0.0027037366672485797,1,2,31.690808523830214,0,0,0
0.00465447179646181,1,1,32.56899530030777,0,0,0
0.007072646340918036,0,1,28.858947343428945,0,0,0
0.011622937875713876,0,2,23.742066254807686,0,0,0
0.008319134192693516,0,3,35.27856364204707,1,0,1
0.007416762303722016,1,3,32.41727856422285,1,0,1
0.022030647530603156,0,3,28.02680728948431,0,0,0
0.0026022157978355135,0,2,24.936422917647313,0,0,0
0.004497187591888673,1,1,33.06794856015944,0,0,0
0.029708384873437303,1,3,35.429727793458106,0,0,0
0.0003997312151735774,1,2,27.811822820837733,0,0,0
0.017214231844053768,0,4,31.757477705511214,0,1,0
0.0021578703669659105,1,1,24.68438639878646,0,0,0
0.0073907851616968915,1,1,32.19283795645925,0,0,0
0.008668771334597038,1,0,30.28054313188446,0,0,0
0.0019187566889433615,1,0,22.213211290635748,0,0,0
0.02780819951540828,0,0,32.420781520772465,0,0,0
0.01039547995956702,1,3,30.102669358582563,0,0,0
0.07254795455466644,1,1,25.236385921658684,0,0,0
0.017231040278436405,0,4,32.22814552683965,0,0,0
0.0565443359489821,0,3,29.725853311131008,0,0,0
0.012337777034912706,1,2,32.02405838979058,0,0,0
0.002402757044824642,0,4,134.28477570269902,0,0,0
0.011160659559154287,1,1,20.430672918138562,0,0,0
0.00195853740791087,1,1,16.10055225622842,0,0,0
0.002716817536002913,0,0,21.107952956042276,0,0,0
0.0023290063275168333,1,0,32.48384612588475,0,0,0
0.0016205532282857207,1,1,33.85373662800054,0,0,0
0.0029100706306215756,1,2,26.984319635328347,0,0,0
0.03594885806757077,0,0,175.7131761366205,0,0,0
0.006620826368371322,1,1,34.24025871894351,0,0,0
0.030903478052415927,0,1,134.83422821246168,0,0,0
0.05359174310683153,1,2,37.81044096440826,0,0,0
0.0009868935931269236,0,1,29.52997553796224,0,1,0
0.010034020089832259,1,5,29.36318403375253,0,0,0
0.018648665566562108,1,2,26.804463244442044,0,0,0
0.009805519631326512,0,6,27.856881571669156,0,0,0
0.012845617222976799,0,0,29.206373889982697,0,0,0
0.00017259825625613972,1,2,34.69928877711188,0,0,0
0.002140508973629565,0,1,26.25007736262375,0,0,0
0.01568681793393069,0,1,33.54498728405029,0,0,0
0.001017261721165095,1,1,27.491230531739106,0,0,0
0.1310675864679902,0,3,203.48296970964978,0,0,0
0.007273028594768677,1,5,31.24029994962138,0,0,0
0.022168102076747447,1,2,29.84096276729185,0,0,0
0.01521517361743508,0,5,29.87553988252458,0,0,0
0.010705172893037112,1,1,26.00753252718853,0,0,0
0.008512291333740976,1,0,37.12289097162517,0,0,0
0.008113216745605344,0,1,34.68442622299443,0,0,0
0.0008628947292197572,0,2,33.31090645275902,0,0,0
0.003491824882525751,1,1,37.2477124866584,0,0,0
0.05487336962145165,1,1,34.804972119475345,0,0,0
0.032419421214101206,0,3,37.538812515036355,0,0,0
0.17667575959540163,0,2,19.291161671630952,1,0,1
0.0014581282163411593,1,2,30.95820944547988,0,0,0
0.04410498481976897,1,2,34.48628136212513,0,0,0
0.00023147591194969434,1,5,30.90091460303504,0,0,0
0.014256923502886728,1,1,33.712848288079265,0,0,0
0.008972778732080418,0,1,31.37961338820923,1,0,1
0.011873993451467965,1,4,26.75874743447181,0,0,0
0.0008193941602993926,0,0,19.800607529209163,0,0,0
0.0007526711785680934,1,0,31.738107446904404,0,0,0
0.02374145070391055,0,2,31.057398966340354,0,0,0
0.025366210579162187,0,0,19.349085199837287,0,0,0
0.0013136907366291689,0,1,35.88448098262496,0,0,0
0.006798880189453656,1,0,23.97589774713567,0,0,0
0.0010951598204793649,0,2,32.14409592706078,0,0,0
0.002622070229635397,0,1,32.645964845326716,0,1,0
0.0030739795669909877,1,1,34.279357458573315,0,1,0
0.006110981778917092,1,2,26.034398605825594,0,0,0
0.08799739615330131,1,0,30.74155558958361,0,0,0
0.10074059544937623,1,1,34.54245671492287,0,0,0
0.00404954221969297,1,0,35.264977170664864,0,0,0
0.008315197651765437,1,2,34.41247575491856,0,0,0
0.002410757170157228,0,1,30.989597921310974,0,0,0
0.002846645780449419,1,0,29.129300610805725,0,0,0
0.004650285627660318,1,1,35.01975248475503,0,0,0
0.001738005054003133,1,4,30.716468112594807,0,0,0
0.0066872133793530394,0,4,24.187130026882173,0,0,0
0.0007510876999761972,1,3,29.962774128085307,0,0,0
0.09227485667518957,0,1,31.723737761360365,0,1,0
0.00821469883759768,1,2,36.7747686801699,0,0,0
0.0013121003531313222,0,2,213.7532934544188,0,0,0
0.0021852904877539456,0,2,27.44887401553679,0,0,0
0.0037675124611937037,0,1,25.49402468730627,0,0,0
0.00027637169168188985,1,2,32.37610450379809,0,0,0
0.10376229778150414,0,4,31.903576824715532,0,0,0
0.005190635633250284,1,4,33.5830298913883,0,0,0
0.05971909125224919,1,1,22.02586501315793,0,0,0
0.10170724926940271,0,1,27.084306719214485,0,0,0
0.012489558446856567,1,0,36.964391421968465,0,0,0
0.013112998238386008,1,2,48.13970052521446,0,0,0
0.029932838604971063,0,0,22.33222399012965,0,0,0
0.001050870074560538,0,2,20.853047315452383,0,0,0
0.0004559859517458227,1,0,25.611759070345588,0,0,0
0.0061844213041217086,0,1,35.4321573247089,0,0,0
0.01344505220206193,1,4,19.202683835425212,0,0,0
0.021807109097855208,1,1,31.364154080980274,1,0,1
0.1379146824941691,0,1,35.64314507201764,0,0,0
0.0017867420446707886,1,2,20.56659334189263,0,0,0
0.00965340950087222,0,2,24.911208045886717,0,0,0
0.0005169148467504795,0,4,23.27843239314203,0,0,0
0.011278089368808199,0,2,29.43933444224054,0,0,0
0.023856066169305634,0,2,29.74070902526118,0,0,0
0.01772143567081721,1,1,27.096697163430235,0,0,0
0.004484880261995598,1,2,21.953173194356275,0,0,0
0.006708954006703106,0,2,34.68536134305245,0,0,0
0.0032839286326829978,1,1,30.186948936624102,0,0,0
0.014263856356312934,1,8,30.877121333740572,0,0,0
0.02719558381309756,1,1,24.97179713938833,0,0,0
0.005569376320090875,0,0,36.07091316852927,0,1,0
0.02017967760010799,1,1,31.701333517116364,0,0,0
0.004879885829192416,1,2,38.61541864236199,0,0,0
0.018261820554227898,0,1,34.584535650439165,0,0,0
0.06158890221351757,1,0,32.14697176701754,0,0,0
0.008605458285553244,1,3,29.69277146043807,0,0,0
0.02520654210624466,1,2,22.43842881805497,0,0,0
0.004537500630232551,0,0,29.013633740014054,0,0,0
0.011153172850035227,1,1,38.936284634657504,0,0,0
0.000732329062957946,0,2,103.84522545180636,0,0,0
0.00377417055559144,1,1,25.228502040844646,0,0,0
0.0010989249297305632,1,1,31.095199191770718,0,0,0
0.021215469767641968,0,1,38.825116858195486,0,0,0
0.022638030482500876,0,4,28.363434828100253,0,0,0
0.0025408325663106336,0,1,20.259986034514334,0,0,0
0.02499086451703913,1,2,32.48128873053635,0,0,0
0.0008434559482089692,1,2,33.21608760589166,0,0,0
0.039171459662873796,1,1,29.137277525189695,0,0,0
0.0009868569858688444,1,1,33.58645841234987,0,0,0
0.0007719380099032036,0,7,28.506498259138425,0,0,0
0.0142957210442116,0,1,26.178487011898206,0,0,0
0.0025764659581125906,0,3,21.49198813798218,0,0,0
0.009155600332149476,1,1,26.88577926181128,0,0,0
0.00019779450268336376,0,2,20.809850927686554,0,0,0
0.00884785487772377,1,2,30.84687028201265,0,0,0
0.022050530593001043,1,3,108.33934720719192,0,0,1
0.0036871891372059215,0,2,27.675241770308634,0,0,0
0.02422034607277148,1,1,33.677695074038795,0,0,0
0.0147472074135397,1,2,36.51781922779583,0,0,0
0.03335256061697636,1,2,26.770063067188968,0,0,0
0.039577489208119244,0,1,21.620002425723204,1,0,1
0.018303950351076334,1,1,34.93871119149432,0,0,0
0.004438507473374534,1,4,31.575049842203697,0,0,0
0.012424333503300003,1,1,30.96947691755841,0,0,0
0.011447061587777349,1,1,36.55104373687792,0,1,1
0.006741265521065835,0,1,33.65373849082347,0,0,0
1.3513223099372897,1,3,36.20317961767854,0,0,0
0.016541357199444273,1,2,34.881461234681666,0,0,0
0.09061709614395422,0,1,31.654656356615902,0,0,0
0.0019833789715587046,0,2,125.7684794922259,0,0,0
0.03426176211532912,1,1,33.56881465119247,0,0,0
0.0032910924967985387,0,5,33.93200581088912,0,0,0
0.00686077293299173,0,1,34.11160992097283,0,0,0
0.006193418626539915,0,2,31.900553653768664,0,0,0
0.01089755604296043,0,2,35.50171739049687,0,0,0
0.0015854360152295023,0,1,23.170130854095945,0,0,0
0.09549133955523523,1,2,22.694325180588,0,0,0
0.04342241992207294,0,2,30.768557281793033,0,0,0
0.008983626800400804,1,3,35.48345070023328,0,0,0
0.0015316961910531056,0,2,29.766341382899842,0,0,0
0.0036886059918966544,1,1,74.06006363598273,0,0,0
0.02684370433071281,0,1,29.49830798922865,0,0,0
0.0020081097876920007,0,3,23.807278582189596,0,0,0
0.033262408692649945,1,1,27.65132984450213,0,0,0
0.006017940308282101,0,3,33.289865677003334,0,0,0
0.013401920276371741,0,1,34.90715812482798,0,1,0
0.006191066155714429,1,2,39.885126674421706,0,0,0
0.019123633317066603,1,1,29.956333434182675,0,0,0
0.0006794695034906339,0,2,35.37591165084193,0,0,0
0.09447504903288417,1,2,27.591203227024288,0,0,0
0.03671071194880131,1,4,32.5854207999628,0,0,0
0.0018616931193670637,0,2,31.154958742537833,0,0,0
0.0478432940075864,1,2,36.04748257690723,0,0,0
0.007748665007941715,0,1,42.17785989301845,0,0,0
0.01669669837247153,0,1,72.43366223541324,0,0,0
0.04757993398932548,0,0,29.81876909194616,0,0,0
0.01800885550943102,0,2,28.98165630593136,0,0,0
0.06104101116653998,1,1,28.681708648973192,0,0,0
0.0013443541505597843,1,1,26.733551572658378,0,0,0
0.015339255961887517,0,0,25.299611245758175,0,0,0
0.0035749141282146097,0,2,28.21961443436599,0,0,0
0.0007321250573841667,0,2,34.680408766427504,0,1,0
0.04141911068596185,0,0,27.343286131165954,0,0,0
0.0010936130913407126,0,0,29.706732855784146,0,0,0
0.027561957024065446,1,2,18.38632399837455,0,0,0
0.006278900248435035,1,2,32.15049692139648,0,0,0
0.0028089036106027044,0,0,23.272847794869463,1,0,1
0.006395993320162116,0,2,30.839105482215714,0,0,0
0.012965498648617181,1,3,28.999669917684443,0,0,0
0.0036822759815659514,1,1,25.441478715860953,0,0,0
0.03805742870535707,1,4,29.530306656051597,0,0,0
0.0015101605921680047,1,2,30.62674994642853,0,0,0
0.00936065372736964,1,0,34.18008855057951,0,0,0
0.0021569167198905014,1,1,28.481478823794987,0,0,0
0.014033108821206156,1,1,32.04496644845812,0,0,0
0.01685746235484783,0,2,28.666276674196663,0,0,0
0.02526392558188476,0,2,32.64556971586448,0,0,0
0.06887061121971899,0,2,25.574224248326697,0,0,0
0.005690643913374366,1,4,23.061055126204426,0,0,0
0.02939558278586141,0,3,30.079961934684917,0,0,0
0.02042004299742375,0,3,27.328992688593793,0,0,0
0.005735777854812965,0,0,32.414161439297416,0,0,0
0.0013415370086872144,1,1,26.549482520979883,0,1,0
0.003603995920747518,0,2,32.61997244950284,1,0,1
0.009218378853051374,1,2,33.087655421284595,0,0,0
0.014963578711975236,1,1,29.98687471576359,0,1,1
0.004903794137442823,0,4,31.107689091746682,0,1,0
0.03328723292750275,0,2,35.77210511029739,0,0,0
0.02368563901681348,0,0,38.206343313050155,0,0,0
0.031093941023358822,0,5,34.79208142360321,0,0,0
0.001027814526620388,1,2,22.262306055396515,0,0,0
0.009495323499540544,0,2,35.387598334026706,0,0,0
0.03049152978952007,0,1,36.29780552648031,0,0,0
0.019123004048668475,0,2,34.79095542571946,0,1,0
0.0012939502347472983,0,1,24.24983331669823,0,0,0
0.00186646100467471,1,1,26.93392971922896,0,0,0
0.023384249800843214,0,5,24.33736315280445,0,0,0
0.015827932191550705,0,1,28.424724022568792,0,0,0
0.018304723361352512,1,1,32.77256392295063,0,0,0
0.003768650377075897,0,2,30.22848156308507,0,0,0
0.002408561610338828,0,1,28.56691346928312,0,0,0
0.007558583529359471,0,1,28.43402085551369,0,0,0
0.0039763206876704295,0,1,29.672685075496215,0,0,0
0.015087073677204178,0,3,26.54700283109782,0,0,0
0.013364656940385808,0,2,41.71035365714403,0,0,0
0.005948245607102036,1,1,30.695990724222835,0,0,0
0.23869961884997795,1,2,36.46354437855323,0,0,0
0.045963195998231864,1,0,32.37930070505409,0,0,0
0.007407857475865214,1,2,30.274483010268497,0,0,0
0.06459842155315897,1,1,24.666407363627975,0,0,0
0.0030226290953660217,1,2,38.18050546165146,0,0,0
0.010317299394357644,1,2,29.878819242938384,0,0,0
0.0013787856650718294,0,3,30.806538886491587,0,0,0
0.0016725011699572502,1,2,37.209752410409806,0,0,0
0.0010064060971751553,1,1,33.81655931058377,0,0,0
0.001675329102730789,1,0,28.461441931181845,0,0,0
0.01654136251339569,0,3,32.04287249095868,0,0,0
0.0037628951276141884,0,2,33.466174887406396,0,0,0
0.0007860177506096972,1,1,33.65011580372033,0,0,0
0.02823749971581422,0,1,30.716937808194118,0,0,0
0.005409295035223573,0,3,29.02406932892804,0,0,0
0.002128138122152363,1,0,28.373731170051784,0,0,0
0.0030761474380352574,0,1,35.820789551878526,0,0,0
0.0017779510620336294,1,2,37.001068748818895,0,0,0
0.0005547488813980465,1,4,31.067228302527052,0,0,0
0.009021612581370332,1,3,27.9388892520375,0,0,0
0.0021383888731230536,0,2,28.08659623991532,0,0,0
0.0010987995644868196,1,4,33.54426680291114,0,0,0
0.002794274830162293,1,1,26.98727466868308,0,0,0
0.007080749567939476,1,5,29.466547201894727,0,0,0
0.054036751868855905,0,6,27.38504581601626,0,0,0
0.013599111930558789,0,2,28.341054129825057,0,0,0
0.008987754499579538,0,2,23.203956207928805,0,0,0
0.016589153119286073,1,3,28.06752021517271,0,0,0
0.00246751780329126,1,2,23.88830059118561,0,0,0
0.018172113324874933,1,0,29.159501708036057,0,0,0
0.00027152365731348497,1,0,25.363206116994395,0,0,0
0.020316382614792163,0,1,27.880084136685205,0,0,0
0.096949127556724,0,2,32.25575588517179,1,0,1
0.011730545151353168,0,1,28.058244750475374,0,0,0
0.0034737798099861187,1,0,31.650702377631767,0,0,0
0.007624988396555457,1,1,40.87551173944665,0,0,0
0.005318763612647142,1,1,28.53938406736272,0,0,0
0.00874005811889127,1,4,24.023099805198203,0,0,0
0.06762468821176838,1,2,25.796190652143594,0,0,0
0.0493346845742074,0,3,33.53803534063656,0,0,0
0.0468940932381341,1,0,30.56740672211288,0,0,0
0.003416105361622435,0,2,39.69874484660924,0,1,0
0.002808524822666316,1,1,30.920660750580424,0,0,0
0.006663246571091894,1,0,32.61149171195779,0,0,0
0.032437707012877584,1,2,29.650981998152073,0,0,0
0.04273116957586764,1,1,202.37035197601313,0,0,1
0.0013506928487541127,1,6,110.1945417330216,0,0,0
0.005726382399102496,1,3,31.44717573664082,0,0,0
0.0024573638472816244,1,2,31.680742015754493,0,0,0
0.08187100546500783,1,0,32.93867746681305,0,0,0
0.027919248206577985,1,0,37.55667439468212,0,0,0
0.00278077274285539,1,2,28.745237184273094,0,0,0
0.005838006464609409,1,1,27.431609677672455,0,0,0
0.001733474149294405,1,6,35.350221461901995,0,0,0
0.003633033879995753,1,2,29.336359863068967,0,0,0
0.007357768120654773,0,1,32.80629009852348,0,0,0
0.022995828669422496,0,2,29.32857131037665,0,0,0
0.010789932276762957,0,4,25.077511470138045,0,0,0
0.008363033383510146,0,2,29.36347932570446,0,0,0
0.06346934668294178,1,4,20.90704303307867,0,0,0
0.029048137471457822,1,4,30.975033270515038,0,0,0
0.0053432961806785815,0,1,27.06314595697395,0,0,0
0.03169478178215875,0,2,28.66116903813139,0,0,0
0.003822638041632039,1,0,33.144324025367574,1,0,1
0.006286280216729888,0,4,33.709361510466515,0,0,0
0.0034163550039840386,1,2,32.51199844094043,0,0,0
0.001632212581891577,1,0,105.11343332729336,0,0,0
0.02522803061215424,0,1,21.2821712682792,0,0,0
0.011005957080777938,0,2,31.7535831163616,0,0,0
0.010507777837900027,0,3,28.66251615594208,0,0,0
0.00599932291845885,0,1,18.55363986696677,0,0,0
0.02293386370712298,0,4,31.55025635081522,0,0,0
0.06073286808838708,1,1,148.91804516765092,0,0,1
0.005095924152302254,0,3,28.759253075709836,0,0,0
0.018843829041897183,1,1,26.403573148268478,0,0,0
0.004860779244171529,1,2,34.816916383616906,0,0,0
0.002022526845066286,1,2,32.37389740678295,0,0,0
0.026502104843476287,0,4,21.90862907009986,0,0,0
0.0005672644826552901,1,1,23.50230282598639,0,0,0
0.054061208847224984,0,2,41.69291446445725,0,0,0
0.006578850391822584,0,3,21.946201521006014,0,0,0
0.005375818906910523,1,3,30.47518726637474,0,0,0
0.012220132860123172,1,2,21.900625880112965,0,0,0
0.0004989605069907441,0,0,23.44355127632438,0,0,0
0.0026032882812070425,0,2,37.60609741550186,0,0,0
0.0001756798292005851,1,0,34.0345827051526,0,0,0
0.005447720745835683,1,2,26.66550298453015,0,0,0
0.060443372272041954,1,2,36.31218239171512,1,0,1
0.00158397612898293,1,6,30.15627023893588,0,0,0
0.0100319317698488,0,6,28.333156734909146,0,0,0
0.001657502175429191,1,1,31.330079402499297,0,0,0
0.012015616223230885,0,1,35.94482980948306,0,0,0
0.017187417979166997,1,5,30.68496826245646,0,0,0
0.013297641203837435,0,1,19.620554452748266,0,0,0
0.0033915375793751516,0,3,32.95088954784779,0,0,0
0.010638481025857485,1,4,243.8345131350799,0,0,1
0.00519530462450657,1,2,24.050341751363717,0,0,0
0.006581581977764313,0,3,28.668009011493574,0,0,0
0.13893281497512183,1,2,35.671438302672136,0,0,0
0.01474803090750452,1,3,24.054787001560193,0,0,0
0.030065544786242265,0,3,31.269770758131173,0,0,0
0.0016592862182404433,0,1,26.22790521801322,0,0,0
0.006128135600978479,0,2,30.69491647722995,0,0,0
0.010639766418504993,1,1,34.42717024338934,0,0,0
0.038517948460704936,1,1,38.53450867544627,0,0,0
0.019629403531618187,1,1,37.142815767384484,0,0,0
0.0010459518340087564,0,2,30.474662218166618,0,0,0
0.0007563007808349723,0,0,33.24359381368404,0,0,0
0.011704239175032648,0,0,28.400362295407945,0,0,0
0.005744391270706732,0,3,24.663217016742713,0,0,0
0.012470649277330595,1,3,23.726424279092218,0,0,0
0.13180436815847343,0,1,35.86579343422885,0,0,0
0.0011666820015455946,0,2,34.77993984360481,0,0,0
0.0071448773212985615,1,2,22.443785933725,0,0,0
0.04081193863711879,1,3,33.429516737646836,0,0,0
0.003244137194741942,0,2,28.440897878163145,0,0,0
0.012895083636865682,1,1,24.431969096058033,0,0,0
0.019555532222862472,1,1,33.886237776953635,0,0,0
0.022520708683379406,1,1,32.54649590169547,0,0,0
0.0035462543638564723,1,1,25.4232324403293,0,0,0
0.008357320816634898,1,2,27.440503172910287,0,0,0
0.0026831549106848995,1,2,25.704535701752874,0,0,0
0.00879683724284567,1,1,37.196638542363466,0,0,0
0.1025752227480767,0,3,36.194493964406135,0,0,0
0.0073024010750798035,1,3,20.06228382088621,0,0,0
0.00849484264655325,0,5,31.537679182512587,0,0,0
0.0009756032312783499,1,0,82.07925451563517,0,0,0
0.32582569652835863,0,2,32.64216602438914,0,0,0
0.014531378596623356,1,1,28.97537752498378,0,0,0
0.011011945122513163,1,1,32.57237722009934,0,0,0
0.012332891840053156,1,2,31.543791142204938,0,0,0
0.015736760356669495,1,3,28.333203393667795,0,0,0
0.010902074901244646,1,3,26.58808981704474,0,0,0
0.006475185185555325,0,4,22.805529194132667,0,0,0
0.02189885920615329,1,4,36.90826755160113,0,0,0
0.0824476433806351,0,1,22.795375574484282,0,0,0
0.008834890831228183,1,2,36.603980937782545,0,0,0
0.033936272621692125,0,1,29.720286781216334,0,0,0
0.008902066359514247,0,3,36.51006471131104,0,0,0
0.0027740602830569608,1,1,36.539863532790946,0,0,0
0.0011936799068016821,0,1,30.445102393338317,0,0,0
0.0004105801978895798,0,1,41.72698823558644,0,0,0
0.011087908877302028,1,4,27.621159569203712,0,0,0
0.0007444985446367229,1,1,22.891328756409457,0,0,0
0.011081368977006642,1,0,30.774758994455343,0,0,0
0.0008913000067451052,1,4,32.36601546538614,0,0,0
0.003788983965630285,1,2,31.491437338665563,0,0,0
0.0037628960847435116,0,1,32.53225353637475,0,0,0
0.012860168401506998,1,3,40.510982438609034,0,0,0
0.05202767880624375,1,1,22.321713080390992,0,0,0
0.005261234252253654,1,6,22.906057117337898,0,0,0
0.0016176183567378065,0,1,27.69344931850193,1,0,1
0.005939504610047996,1,5,23.514230950937073,0,0,0
0.007596475037394894,0,3,32.85331380830669,0,0,0
0.006519673145104706,1,2,33.48281914911477,0,0,0
0.027976354527541797,0,1,24.583403563500433,0,0,0
0.003846580488602176,0,2,28.42607195269269,1,1,1
0.04530106769012666,0,3,27.04345071905418,0,0,0
0.061953820780806995,1,5,36.599831160286776,0,0,0
0.04444949148934415,1,4,34.734641576794616,0,0,0
0.0239553588600011,0,1,29.08732375006878,0,0,0
0.014135182338421703,0,0,36.2704276055677,0,0,0
0.009266296928767194,0,2,30.433151373900586,0,0,0
0.000810187245459486,1,2,19.24616413104813,0,0,0
0.002583427746010174,0,3,27.061621917478785,0,0,0
0.014185552731426862,1,2,26.028833864622666,0,0,0
0.0019486995654041574,0,4,27.37281918444793,0,0,0
0.0009896864289675915,0,4,26.949265192998617,0,0,0
0.0038603422369057282,0,3,28.621594071595663,0,0,0
0.007794755340874835,1,4,26.036890075086312,0,0,0
0.025250935359815874,1,3,26.488904200130627,0,0,0
0.008344923071610316,0,1,28.22511575447012,0,0,0
0.0022560551814561837,1,4,21.104049335295286,0,0,0
0.0001650885939141057,1,3,33.509297904514966,0,1,0
0.021819754910233673,0,1,27.888673253911396,0,0,0
0.0001558396089050151,1,1,22.815868623725564,0,0,0
0.005523084347820394,0,5,28.072714617872098,0,0,0
0.0008809480574815946,1,1,27.84350195050639,0,0,0
0.05485518295101094,1,1,19.671599558242953,0,0,0
0.009108486018745343,0,1,28.03050085209003,0,0,0
0.008367684828784304,0,0,28.930888799334614,0,0,0
0.0027283622520891003,1,3,38.32365500453406,0,0,0
0.007132544961775127,1,1,39.74564106266793,0,0,0
0.011088560516212343,0,2,32.932857135951174,0,0,0
0.03456755283515317,1,0,32.02535245981786,0,0,0
0.10569674350239824,0,2,29.78358420460469,0,0,0
0.018238113865131824,0,1,29.916230885043714,0,0,0
0.041090610425311834,1,1,73.77547145619181,0,0,1
0.01767282789048551,1,2,26.03528298770047,0,0,0
0.002719297065315594,1,3,183.78901005174984,0,0,0
0.001606305392615665,0,1,24.678391872498754,0,0,0
0.003280149428640765,1,3,30.281293806783072,0,0,0
0.010936869395607373,0,5,29.864973971161064,0,0,0
0.08877740888231052,1,2,37.29508436760438,0,0,0
0.004897197941076933,1,2,32.68122769324832,0,0,0
0.03447828836095364,0,1,33.68864929419603,0,0,0
0.0027867689776269974,0,3,29.623415594103708,0,0,0
0.029410588677396123,0,2,26.69143229192168,0,0,0
0.03187746613216641,1,1,30.259400115010273,0,0,0
0.00473770859107782,0,1,31.072134660007862,0,0,0
0.00987017825098743,0,2,27.961062639747283,0,0,0
0.1114214268513331,1,2,32.324250833699736,0,0,0
0.0023926512451533885,0,1,22.828853697690832,0,0,0
0.005454201418750057,1,2,25.544216770993867,0,0,0
0.03412603670261697,0,1,39.369761641122594,0,0,0
0.000345516147596747,1,3,28.782386967736148,0,0,0
0.008113207892970292,0,1,34.567301986042395,0,0,0
0.028243894114944327,0,2,35.716281614331265,0,0,0
0.005623974547483169,1,3,21.195549093681905,0,1,0
0.00056696826936888,0,2,33.88605617467781,0,0,0
0.008576911217238884,0,0,32.124305437522416,0,0,0
0.007551917098607681,1,5,35.44839563439476,0,0,0
0.06133568392649706,0,4,32.69172820873368,0,0,0
0.0319401028273828,1,3,25.860213412354096,0,0,0
0.0016051866322319762,0,2,27.423741309515883,0,0,0
0.02838614744362642,1,1,34.74257383652089,0,0,0
0.001015811147377389,1,1,27.583774412043745,0,0,0
0.002047994697278163,1,2,34.26526686223097,0,0,0
0.004980602128313763,1,1,28.089936372092904,1,0,1
0.00045830354080648967,0,2,30.151539474288082,0,0,0
0.04427463379590557,1,4,27.663455947165115,0,0,0
0.004728197739412583,0,1,36.16591299545482,0,0,0
0.012112029065149058,1,3,36.74402444924415,0,0,0
0.0014902136638760637,0,0,19.767683109133852,0,0,0
0.009388187879507506,1,1,34.148727106673086,0,0,0
0.03330690501783197,0,2,35.27584505031488,0,0,0
0.0011696015055713501,1,3,31.171900329296566,0,0,0
0.005125461290310927,0,2,31.46260507060195,0,0,0
0.014811609295866664,1,3,40.06617294120744,0,0,0
0.0029988457453758643,0,1,27.99768019824515,0,0,0
0.018339136706051726,1,3,37.0534884277863,0,0,0
0.0035655051127327178,0,2,29.193534760613005,1,0,1
0.010583103990787667,1,3,40.51799529488901,0,0,0
0.0030432044542058876,1,2,29.24106801124898,0,0,0
0.02326806562330603,1,3,26.235265638578134,0,0,0
0.035714452164200806,0,2,26.131372292104693,0,0,0
0.06592407106712805,0,2,30.67060570802161,0,0,0
0.015601366512181929,1,5,29.843836479104198,0,0,0
0.01765931395428838,0,3,25.7404373597603,0,0,0
0.00703285082871121,1,2,24.897507370394713,0,0,0
0.0053725115888403506,0,1,34.67178463405402,0,0,0
0.1383338857568856,0,0,31.846008551463154,0,0,0
0.06135260091244868,1,0,33.146070418559525,0,0,0
0.008530922865607138,0,3,38.83658001353609,0,0,0
0.0029088728919284997,1,0,25.113945802403634,0,0,0
0.028797425638802977,1,2,22.239792891378105,0,0,0
0.006017279922779972,1,2,28.02778119504283,0,0,0
0.0034301325668950684,1,5,30.391283799927738,0,0,0
0.02994057727374083,1,1,35.96155939402176,0,0,0
0.012292670125817761,0,4,36.551644083099944,0,0,0
0.0015289375961438205,1,1,27.10103653192522,0,0,0
0.0009848829502831045,0,2,27.740661093679734,0,0,0
0.0022505539440473804,0,2,35.24159062755672,0,0,0
0.0022676023152766486,0,0,31.453679859241653,0,0,0
0.003754653884130797,1,1,22.55931655849231,0,0,0
0.028862767171278014,0,2,34.29092674966825,0,0,0
0.009626732526241681,0,3,31.039356670302897,0,0,0
0.011247678821558112,0,0,32.433835191478366,0,0,0
0.010283065366378803,0,2,35.41478488094621,0,0,0
0.0003259452418072812,1,3,32.97807501020797,0,0,0
0.0018101359308259216,1,5,36.599229655121384,0,0,0
0.004066999355553065,0,2,36.82999511143288,0,0,0
0.019867545408389125,0,4,31.049168628608353,0,0,0
0.006107288588261828,0,1,32.99976232384711,0,0,0
0.003441081304009112,1,2,27.732309484389518,0,0,0
0.004610947800082085,0,2,24.785729446941566,0,0,0
0.0033990996598358145,0,2,25.97580530014882,0,0,0
0.03740721897275987,0,2,33.84610278692143,0,0,0
0.03548832835574111,1,3,32.51995462031087,0,0,0
0.0011191613485687423,1,4,30.289146876028372,0,0,0
0.002570100230349375,1,0,33.82508049065434,0,0,0
0.15781675077598897,1,3,27.466520615438945,0,0,0
0.02419478930751969,1,1,31.24143966512194,0,0,0
0.002384686518773198,1,3,22.883038455320587,0,0,0
0.005029446664864805,1,1,27.471887338421087,0,0,0
0.2860378221978885,1,0,33.06306725827567,0,0,0
0.0005667976474717885,0,3,28.27249065055933,0,0,0
0.0008578570657850984,0,1,27.258074849192745,0,0,0
0.010120112053603697,1,2,26.82869654863446,0,0,0
0.0073086029509907245,0,1,25.25683624552555,0,0,0
0.0033928223182312445,0,4,40.96209820556752,0,0,0
0.0009437672825086616,1,2,31.49232227285757,0,0,0
0.017659862137970467,0,1,28.187691982646633,0,0,0
0.00317408133115852,1,0,26.023940646022776,0,0,0
0.011479579735111496,1,1,32.09490138988596,0,0,0
0.020636841279960808,1,4,31.28397140347534,0,0,0
0.013936405098966112,1,3,30.181028594183896,0,0,0
0.11060309236469404,0,1,31.106400338632096,0,0,0
0.015491190433376389,1,2,24.323470874058202,0,0,0
0.004344809865193303,1,3,29.18214867799333,0,0,0
0.0669207886557047,0,2,28.636566477625294,0,0,0
0.04781388410205035,1,1,35.23872447198856,0,0,0
0.006572032930759406,0,0,26.7908433584466,0,0,0
0.006261757331187609,1,1,25.315291024026834,0,0,0
0.025329585786442274,1,1,28.62452915167229,0,0,0
0.16670129736368225,0,1,132.24354297764236,0,0,0
0.005781880766924823,0,5,33.82288386669128,0,0,0
0.008203210604275663,1,4,30.260345540168377,0,0,0
0.0006144246474927664,0,0,21.534443904666972,0,0,0
0.017022265879244776,0,0,29.63237678382531,0,0,0
0.002926655746721502,1,1,31.54110262122034,0,0,0
0.009234075227409135,1,1,20.75727262858926,0,0,0
0.0029223408564841152,1,2,28.496738732541488,0,0,0
0.007630017933873286,0,1,27.824545011248947,0,0,0
0.04616815368797542,0,2,24.982143073332086,0,0,0
0.002458854607231544,1,2,28.58342653348881,0,0,0
0.020077401986939525,1,2,26.44089407758002,0,0,0
0.006316608983951938,1,0,40.55908959767128,0,0,0
0.09031320386894028,1,0,31.01463109592379,0,0,0
0.0030856954524986673,1,1,25.10502491070694,0,0,0
0.0024601501645631785,0,1,24.985037912097106,0,0,0
0.011220860958826493,1,0,27.022692455624025,0,0,0
0.010069486752165955,0,4,28.822901110701853,0,0,0
0.0007847167868994891,1,5,33.95196927809158,0,0,0
0.004266273143962196,1,4,33.17192774152282,0,0,0
0.010889718702897922,0,1,25.37163030185078,0,0,0
0.03225902097068672,0,2,24.48087044602631,0,0,0
0.03098689768974352,0,2,31.172425373363264,0,0,0
0.0008230643890487233,1,3,24.534429037661592,0,0,0
0.00017412320820772473,1,2,34.95436057216912,0,0,0
0.0021654804320789954,0,2,38.441862774320825,0,0,0
0.002584476212008727,1,2,23.79424267804203,0,0,0
0.037943140884083404,0,1,32.42274110196262,0,0,0
0.00880326128500328,0,3,32.85717296432032,0,0,0
0.23235557162403767,0,6,36.46270619465294,0,0,0
0.025021360036418538,1,3,27.625301976896193,0,0,0
0.028913294275816265,0,1,39.119077778176376,0,0,0
0.017401039328549063,0,0,165.44411591426544,0,0,0
0.0036687940369176933,0,2,34.029308842973826,0,0,0
0.006850802060881135,1,1,29.279786665694633,0,1,0
0.014192836534039698,1,2,31.85065281567684,0,0,0
0.05196721774886725,1,2,29.102940017188086,0,0,0
0.005401450055342498,0,0,27.258430524554015,0,0,0
0.0025471980434618497,1,5,30.731704931559776,0,0,0
0.0016791825762986926,1,0,31.523638244233496,0,0,0
0.014175148350669324,0,0,27.90005426831584,0,0,0
7.669516683960399e-05,0,1,29.714693265263666,0,0,0
0.07485522563738052,1,2,29.059087586236007,0,0,0
0.0035005303281722294,1,3,30.38447960759848,0,0,0
0.0008460146636546707,0,1,41.48065353411828,0,0,0
0.003923267272754656,1,2,29.709831516254855,0,0,0
0.029000733485065402,0,1,28.632812682255313,0,0,0
0.010890369232107434,1,1,30.0328169626476,0,0,0
0.0006966760203619328,0,4,29.36882517255377,0,0,0
0.012080575132179002,1,0,34.25272205053843,0,0,0
0.001129782074758819,1,2,33.414341297522896,0,0,0
0.04823862125331968,0,3,31.12737071410014,0,0,0
0.0016688268051410736,1,1,27.99919507360506,0,0,0
0.027608463380108163,0,3,23.71209458496415,0,0,0
0.0010914962684782125,1,1,27.922234480055277,0,0,0
0.01767675581182147,1,4,27.61316451502992,0,0,0
0.005121055478157688,1,3,17.956015380223352,0,0,0
0.002212769075468845,1,1,34.627735352380355,0,0,0
0.0018176175428307295,1,0,37.978227717329844,0,0,0
0.027150658489331982,1,5,32.653165538247215,1,0,1
0.004306011965964719,1,8,38.76103153170204,0,0,0
0.002972285747655359,0,2,25.848840489984042,0,0,0
0.0065763461778284215,1,2,41.1861385012644,0,1,0
0.009664111003789971,0,1,30.831857625533804,0,0,0
0.005679121265328456,1,4,29.47016201849092,0,0,0
0.0006825042595107482,1,1,30.02470125155536,0,0,0
0.018367741024076956,0,3,26.864524717386526,0,0,0
0.003591966812638777,1,3,24.24849786420491,0,0,0
0.03404893033894317,0,1,26.1830243787684,0,0,0
0.0002046167830235026,1,3,28.371843097956337,0,0,0
0.07354964351430739,1,0,21.78441508985643,0,0,0
0.002678465249595021,0,3,27.74318233980656,0,0,0
0.0013154480174590213,0,3,38.55072862681292,0,0,0
0.0010155843596501397,1,1,37.52219549394029,0,0,0
0.0023330808630258235,1,3,31.629666843600553,0,0,0
0.0026037510982377023,0,1,30.168914514885987,0,0,0
0.006577730776761009,0,2,32.24717148371027,0,0,0
0.0030756479442618162,1,2,28.163552597238116,0,0,0
0.008449154898899771,0,2,75.28426393808584,0,0,0
0.04964745846783322,1,0,34.39063571289109,0,0,0
0.0034331783809869267,1,1,31.991779421122285,0,0,0
0.011371579101949855,1,3,32.40039730545626,0,0,0
0.03848188121137458,1,3,30.45445404343848,0,0,0
0.01620807253382686,0,0,34.66621527513151,0,0,0
0.002850019137458684,0,2,25.96363448776496,0,0,0
0.02606717830977917,1,1,27.27969058873654,0,0,0
0.007928324094697925,0,1,30.730568729793507,0,0,0
0.03161323161670829,0,2,29.236500810461568,0,0,0
0.006004243625179064,1,1,34.122196741345796,0,1,0
0.004439375048972445,0,0,33.29833158922435,0,0,0
0.009835459443249298,1,2,22.535809314665347,0,0,0
0.00034211717165494223,1,0,25.20431567752579,0,0,0
0.004855407838243672,0,1,27.97060172405201,0,0,0
0.026843944840679836,0,2,163.290092339763,0,0,0
0.003511382006231619,1,1,25.092831047819587,0,0,0
0.16777833895375804,0,4,23.190868928307307,0,1,0
0.021398305794460986,0,2,32.41465285196153,0,0,0
0.006437639472954715,1,0,32.09223628043238,0,1,0
0.0035470756466987846,0,2,25.838926022208796,0,0,0
0.02394895563702908,0,2,27.368655324865856,0,0,0
0.0073824688785502565,1,4,32.94102982403876,0,0,0
0.0012855057357463358,1,3,30.98796869116798,0,1,0
0.0013657653320780889,0,3,45.07536713264269,0,0,0
0.28116346236693174,1,1,30.68919444250293,0,0,0
0.003606727002306072,0,1,38.14626843247105,0,0,0
0.008133595712423964,0,3,18.723632041564713,1,0,1
0.0023776460643525547,1,0,36.710989187071775,0,0,0
0.002557581742391212,1,3,31.139464676019422,0,0,0
0.0029197699791501247,0,1,31.748360699584524,0,0,0
0.011404405309955117,0,0,33.46990718450971,0,1,0
0.00786421864878837,0,6,28.91150041512086,0,0,0
0.00198606413953601,0,1,18.28920076615956,0,0,0
0.0023618316403629276,0,2,30.526274489685164,0,0,0
0.0011849754003241822,0,1,41.84156908773575,0,0,0
0.004631084573312883,1,1,26.926840102185018,0,0,0
0.037764544365371994,1,0,29.469324125752166,0,0,0
0.0033451633368179355,1,3,27.703703043477603,0,0,0
0.0003284163988338214,1,3,33.85349072257132,0,0,0
0.004532737465421317,0,3,30.92189119577685,0,0,0
0.0017702389910693153,1,0,28.57032633988716,0,0,0
0.0017184183487816444,0,1,24.82103923234674,0,0,0
0.02246745853303666,0,1,30.554967437808802,0,0,0
0.007998900914755034,0,3,27.480525605976077,0,0,0
0.004374004437570404,1,4,26.87476786101409,0,0,0
0.008450511536013816,1,1,23.34124506185707,0,0,0
0.0735974129075886,0,2,25.18463776559347,0,0,0
0.07673543802837798,0,1,36.52207908142592,0,0,0
0.001683054996175074,1,1,39.86720977542001,0,0,0
0.004637773171375643,0,3,35.400309638625764,0,0,0
0.005001142712286394,1,2,28.83054459229082,0,0,0
0.002820976627589118,0,1,24.738995998840565,0,0,0
0.0002695860914805498,0,0,37.648362883864074,0,0,0
0.0016656524772497496,1,0,31.43577445930308,0,0,0
0.005608516635017799,1,5,25.32167140054889,0,0,0
0.46154459480182486,0,2,40.364584312923064,0,0,0
0.02631178673722132,0,2,29.958091219818577,0,0,0
0.007908748800863083,0,5,32.106707251210274,0,0,0
0.006181291775188346,0,2,31.533973226977924,0,0,0
0.08124241608451614,0,4,35.885843022773145,0,0,0
0.004539574800990212,0,3,32.462604173540186,0,0,0
0.0042923309289783895,1,1,24.190980828765216,0,0,0
0.003875164097619666,1,1,35.600539397155764,0,0,0
0.002921787035413872,0,0,27.203887839102322,0,0,0
0.004024654577768813,1,1,35.64961024399915,1,0,1
0.08129644704090828,1,1,37.571736935617125,0,0,0
0.008504335807831158,0,2,30.47145235645305,0,0,0
0.003219171166814921,1,1,29.780271557995828,0,1,0
0.021908074192906885,1,0,28.80120939611569,0,0,0
0.026196406254146126,0,1,31.45389027289264,0,0,0
0.014577422030935962,1,2,22.55226311323812,1,0,1
0.001499372687906325,1,5,29.939834178761192,0,0,0
0.05065229799046951,0,3,30.464695909256687,0,0,0
0.002444706312727745,1,0,37.464809682220555,0,0,0
0.01906295642035356,1,1,29.311054084391657,0,0,0
0.0008911104694371084,0,1,36.82084609842383,0,0,0
0.020292275106571604,0,0,34.80938604341087,0,0,0
0.007241807296506462,0,1,24.01496679126741,0,0,0
0.001174334938905404,1,1,27.899798905227865,0,0,0
0.00876797917243372,0,1,30.04069479360214,0,0,0
0.0018765184436093543,0,1,26.46030055872025,0,0,0
0.0042886820647195885,1,0,27.477299900482,0,0,0
0.0006333450030995678,1,2,120.84857896444936,0,0,0
0.10237415419035012,1,0,39.89158370907424,0,0,0
0.14582282327221266,0,3,32.56770938647639,0,1,0
0.018513443565000766,0,1,25.826904675535623,0,0,0
0.02136070131324785,1,1,28.983493126059006,0,0,0
0.0035621792057986402,1,5,30.72906513379713,0,0,0
0.0014304790821404998,1,3,29.951406555911113,0,0,0
0.012401744530181443,1,0,37.77852728882835,0,0,0
0.17498743437691772,0,1,38.40123209797627,0,0,0
0.0009638875158177479,0,3,26.527684673641172,0,0,0
0.011763460007341688,0,3,37.17106723354077,0,0,0
0.35347438051210855,0,3,20.764838858169682,0,0,0
0.01650437538012358,0,6,26.943936148595284,0,0,0
0.005577903299531672,1,1,34.48141945235655,0,0,0
0.009301733559141072,0,1,21.781019577064697,0,0,0
0.0021627320976735846,1,1,23.565245753667163,0,0,0
0.0038994820629643947,1,1,25.42609261443919,0,0,0
0.000916056328839725,1,1,239.58833556873284,0,0,0
0.010592952560671639,1,1,38.3413568586271,0,0,0
0.0031088085494598364,1,5,28.099038812286352,0,0,0
0.014108205006228357,0,1,196.06389641657813,0,0,0
0.0030911731323295818,0,3,40.23933408497864,0,0,0
0.005812940118568952,1,1,26.857625198768865,0,0,0
0.16762165257774958,1,2,27.715075121474296,0,0,0
0.09849481266024172,0,1,29.118066116782035,0,0,0
0.017320834099379283,0,2,33.767013110279954,0,0,0
0.010540114688500381,0,0,31.087469475039732,0,0,0
0.000768478229925586,1,4,29.69565242175088,0,0,0
0.0042120666458087715,1,4,27.878396136855557,0,0,0
0.0012181950881853026,0,4,33.004980431951196,0,0,0
0.09062351268020968,1,1,31.520146748285107,0,0,0
0.0010836397956817442,0,2,40.76486123438079,0,0,0
0.09489111498276569,1,2,33.93887518299872,0,0,0
0.021284478647657507,0,1,29.748278154732247,0,0,0
0.00214088853149761,1,2,22.932389936009002,0,1,0
0.007269995837257765,1,0,35.48205635162107,0,0,0
0.003151878554379689,0,0,33.987828100099314,0,0,0
0.0460214327381972,1,2,23.50692547022695,0,0,0
0.013101058822433627,1,3,33.42451462684266,0,0,0
0.08245412395542084,0,4,28.009744146082404,0,0,0
0.005079178434059756,1,2,16.136659828430673,0,0,0
0.01501130827647936,1,6,33.37483593039298,0,0,0
0.0035115779462613667,0,2,38.12916390005069,0,0,0
0.15898331627300438,1,0,29.467232998311207,0,0,0
0.006712468762866671,1,1,30.288181843211202,0,0,0
0.0122107144244527,1,1,30.5273577268022,0,0,0
0.011235464824569623,1,1,19.57306605420263,0,0,0
0.00480024466114707,0,2,113.29506708808492,0,0,0
0.026111620433895238,0,3,31.764389404154077,0,0,0
0.007291767189988154,0,1,23.58294562147652,0,0,0
0.015028237048099115,1,0,30.065946583241445,0,0,0
0.014165757993999453,1,1,30.517840245140174,0,0,0
0.03359727561136333,0,2,32.9695171190415,0,0,0
0.0006072566575920587,0,0,31.071515239654207,0,0,0
0.0010087527163077884,1,4,21.41408863764344,0,0,0
0.009969053804655785,0,2,22.156072958237303,0,0,0
0.056491444504631755,0,4,28.38060479396835,0,0,0
0.053296257129370285,1,2,35.43697927346896,0,0,0
0.0017215792982414187,0,2,37.366453102729,0,0,0
0.02141693764733121,1,3,33.494236716719264,0,0,0
0.010181233335594196,0,1,137.29482551319387,0,0,0
0.01630767010570998,0,2,33.33510879016756,0,0,0
0.011401698620396042,1,6,29.618837713007586,0,0,0
0.021640360702148566,0,0,32.05486282494885,0,0,0
0.006004893744426615,0,2,37.049421664620375,0,0,0
0.04390763794945915,0,1,21.77572958410591,0,0,0
0.10493125358779459,1,3,36.31089846505112,0,0,0
0.005275370937118002,0,0,32.30796377212549,0,0,0
0.014921568862490717,0,2,30.013462571796623,0,0,0
0.022946737973639938,0,3,31.738768001084274,0,0,0
0.002452920623979467,0,0,26.786641877291487,0,0,0
0.011871166572572882,1,2,33.65596974623252,0,0,0
0.01125364175047144,1,1,28.044541109739665,0,0,0
0.00314314604278176,1,5,177.75705924758353,0,0,0
0.013924042904643129,0,0,35.090716765329624,0,0,0
0.0042770003823142675,1,0,31.214956892563045,0,1,0
0.014686160756024164,0,1,33.54777758012929,0,0,0
0.004850753586717644,1,1,28.122166136629854,0,0,0
0.010880904467511885,0,2,26.894827323896326,0,0,0
0.003510559126952382,0,1,24.334052397065943,0,0,0
0.018827490174406252,0,4,33.034133936078035,0,0,0
0.02543620132909776,1,6,35.356273881347065,0,0,0
0.0017755594063182897,0,2,25.22461724800602,0,0,0
0.016279386630981576,1,1,27.72621803059728,0,0,0
0.04612564316233541,0,4,26.266719461768172,0,0,0
0.0060076014846589185,0,2,37.066334004941346,0,0,0
0.004817305438048317,0,3,36.40443873059524,0,1,0
0.005085309594008374,0,2,27.351760160118022,0,0,0
0.0002222780757028714,1,4,30.286610948197808,0,0,0
0.006150132635863655,0,3,31.750091728544994,0,0,0
0.0002465401964812619,0,3,30.87677331729604,0,0,0
0.028429398691426428,0,1,33.23227701174354,0,0,0
0.0022182367000750203,1,0,26.65972307091082,0,0,0
0.004022923288549724,0,0,40.533432387204925,0,0,0
0.014350156012986672,1,2,24.96477916161836,0,0,0
0.013022326312444155,1,4,25.80148625475268,0,0,0
0.0017681952986349104,1,1,28.057940198138095,0,0,0
0.0005095633383360087,1,0,38.77156793867892,0,0,0
0.00027996210006626775,0,1,22.887630685004517,0,0,0
0.03826348924233654,1,1,25.234624087119972,0,0,0
0.007147347413809501,1,1,33.35151553930127,0,0,0
0.030387719460015294,0,3,24.35925756237889,0,0,0
0.0031757572554234103,0,3,35.60026051881152,0,0,0
0.006255246204372634,0,2,30.354840539537808,0,0,0
0.0026684134031974595,1,3,31.544753013019086,0,0,0
0.07369961874394616,0,2,27.685467942729858,0,0,0
0.016172244701255313,0,3,30.91233626261121,0,0,0
0.00931786159242187,1,1,30.92422675937302,0,0,0
0.025776107507712614,0,0,32.6740265771197,0,0,0
0.010352648563316648,1,1,27.925355704589723,0,0,0
0.002893482917470772,0,1,31.85005171124991,0,0,0
0.002254020985784512,0,1,28.163157471100465,0,0,0
0.006712110133355507,0,3,43.9756117185687,0,1,0
0.0036714788258156335,1,0,32.14960790692686,0,0,0
0.0041908730946212626,0,6,30.24597463293531,0,0,0
0.004110196583133357,0,2,18.421574056870412,0,1,0
0.010903099953297078,0,4,34.811272062512366,0,0,0
0.00193757197048516,0,2,135.0472458420351,0,0,0
0.0003982883116747052,0,1,30.00093293520755,0,0,0
0.11637222471960634,1,0,110.38432048000789,0,0,1
0.0015152324640585375,0,0,39.03860435513161,0,0,0
0.006771819929103051,0,1,25.243511519083413,0,0,0
0.0006269731659716509,1,2,31.78501786534361,0,0,0
0.004415914140339238,0,2,25.990553406232365,0,0,0
0.0015853451704235905,0,1,26.148242956781207,0,0,0
0.004319926060363877,1,1,27.64857803946725,0,0,0
0.004743693264114102,1,1,35.000377148566244,0,0,0
0.0006980875198578009,1,1,30.643195228816957,0,0,0
0.006122239984801864,0,5,28.553169795813382,0,0,0
0.00028724326512693106,1,3,30.835467800706358,0,0,0
0.0071128337710136755,0,1,26.013412585100166,1,0,1
0.020823257397617277,1,1,34.543444853399926,0,0,0
0.02439678657534709,0,2,32.316862446544675,0,0,0
0.00935434346081861,1,1,40.49834952538644,0,0,0
0.0010824055998480877,0,3,18.37841599335937,0,0,0
0.0007493978976700223,1,2,29.132989059499575,0,0,0
0.015214629710326092,0,2,30.215189869051756,0,0,0
0.08794354436526797,1,0,28.526483910985696,0,0,0
0.009889913979142935,1,1,38.71553047303213,0,0,0
0.002001429968885996,0,1,46.075926411617786,0,1,0
0.020764677207209845,1,1,28.977957535106654,0,0,0
0.00073462782448126,0,2,26.03270985743518,0,0,0
0.002506117239402923,0,5,23.267336212420272,0,0,0
0.009986119323112436,0,0,36.601641548910614,0,0,0
0.012434405132971746,1,6,38.19298967431295,0,0,0
0.16149766857737174,0,1,32.74262938861687,0,0,0
0.03508030945982127,0,2,31.21932139478751,0,0,0
0.005535364695464594,0,4,24.618534021696263,0,0,0
0.0033122556093346817,0,2,37.18338503348624,0,0,0
0.14481022703173968,0,1,34.41571370337627,0,0,0
0.0031908301567451663,0,1,30.939249283949202,0,0,0
0.0013778449019847872,1,0,117.54242595863704,0,0,0
0.02355185049469115,0,0,24.525879689585608,0,0,0
0.004195409742556897,0,2,26.2099068443004,0,0,0
0.0011391456943238803,0,1,29.507436653293176,0,0,0
0.011943137381583362,0,4,27.82720463529472,0,0,0
0.047402175899833164,0,3,36.28211211278162,0,0,0
0.0028079791836646086,1,2,32.115028606029966,0,0,0
0.015274726050379307,0,1,35.95143039632652,0,0,0
0.003914115850371508,0,2,27.996922254427265,0,0,0
0.0020250692300291602,1,3,27.300232815012524,0,0,0
0.0013312768532661667,0,1,36.64344504894066,0,0,0
0.0011866869603197776,1,0,27.04391192739683,0,0,0
0.007740766707012739,0,0,31.685194256834333,0,0,0
0.03306935642763501,1,0,36.65336856333806,0,0,0
0.004461093610228139,1,0,21.927607724744778,0,0,0
0.0523554143511457,0,1,27.8986235839322,0,0,0
0.00259798965846676,1,2,38.443183517243256,0,0,0
0.0027344109233979853,0,1,29.89829032695737,0,0,0
0.009778168260246847,0,1,25.428628281246475,0,0,0
0.007220516499849163,1,1,27.858525921959448,0,0,0
0.13359809467904102,1,0,32.89835603085446,0,0,0
0.002544096723277404,0,1,40.13422983884216,0,0,0
0.007662790849890272,1,2,17.885348049356075,0,0,0
0.009324964266689545,1,4,16.732768965343293,0,0,0
0.007742787664035962,1,0,83.9942456179061,0,0,0
0.0033953003693095022,1,4,29.462153653986732,0,0,0
0.04514567473187093,1,3,30.602572644482233,0,0,0
0.010005710197420236,0,3,121.77320147811861,0,0,0
0.004636977086061193,0,2,23.814029056367993,0,0,0
0.050604752995054576,0,1,28.586325965639197,0,0,0
0.004056042620890251,1,2,33.862557087123406,0,0,0
0.013406588620210207,1,1,41.09454832104123,0,0,0
0.018694400517542308,1,2,32.534747149110174,0,0,0
0.005520514046543072,0,1,27.648282948280546,0,0,0
0.009672383986464379,1,1,21.70216009932807,0,0,0
0.005116980893815328,1,0,104.68766080810207,0,0,0
0.0008167672795296298,1,1,28.161643407849947,0,0,0
0.002098860703810105,1,3,33.92070358615585,0,0,0
0.0038888737648540158,1,4,31.746965864283755,0,0,0
0.0021672216034153966,0,2,28.20272780710673,0,0,0
0.016819283242501638,0,2,27.585036221950443,0,0,0
0.028866084153976117,0,2,33.587736525417505,0,0,0
0.015784226900321625,1,0,28.622826389597762,0,0,0
0.010984970054448411,0,2,32.175211107048455,0,0,0
0.047939500310180974,1,1,32.73204497084624,0,0,0
0.0016838234080029442,1,2,32.29937242755941,0,0,0
0.055361660859672694,0,3,34.717282704722315,0,0,0
0.0019077166496645115,0,1,33.0784785514936,0,0,0
0.09696499050564522,1,2,21.019536350213336,0,0,0
0.00039748896386657427,1,3,27.955670046202616,0,0,0
0.047695429546806924,0,1,29.660949889133178,0,0,0
0.006883215223832529,1,2,31.883114210481402,0,0,0
0.0013599017220523757,0,1,33.67210320345971,0,0,0
0.10123214731522755,1,2,34.124359730653914,0,0,0
0.0037633544424789636,1,2,22.192719234605107,0,1,0
0.018144641816203493,0,3,22.010160018697096,0,0,0
0.003936284723851664,1,3,30.665368317428086,0,0,0
0.002584352300299966,1,2,31.709758022538598,0,0,0
0.00971661188586013,1,2,27.608265147113666,0,0,0
0.0004037252837462084,1,2,29.077899275462872,0,0,0
0.003628230337502664,1,1,33.94691931935635,1,0,1
0.07682700158295555,1,4,36.82078704857901,0,0,0
0.023316339153240755,0,3,28.53189004087877,0,0,0
0.0059424550204236325,1,1,32.06165368152843,0,1,0
0.0015750154308393654,1,1,29.32275670283496,0,0,0
0.03986520298645419,1,3,33.198444839437904,0,0,0
0.0032782335357239762,1,1,26.019237348996345,0,0,0
0.019490771227742593,1,3,130.79603622988228,0,0,1
0.03084956624835051,0,4,28.57835357078411,0,0,0
0.005949186110505658,1,2,98.15558882147593,0,0,0
0.004578180195316652,0,3,25.369652355661145,0,0,0
0.0068260593707940255,0,1,30.13624251937273,0,0,0
0.017915516880772277,1,2,35.39846755470598,0,0,0
0.07522060275085705,1,1,29.690393689400437,0,0,0
0.0018357024896290457,0,5,25.36900547415653,0,0,0
0.00029478346201429603,0,3,34.6828119117537,0,0,0
0.00181862511402772,0,0,29.75234838136026,0,1,0
0.10563014329072563,0,2,29.339767672742262,0,0,0
0.009248817764307752,1,2,31.1186659124741,0,0,0
0.004595425380781712,0,4,21.081838414702943,0,0,0
0.003574259949225621,0,0,35.40694535066586,1,0,1
0.09001463752076548,0,0,37.50648042700939,0,0,0
0.000437616743940317,0,4,29.232447523252397,0,0,0
0.017828183456356884,1,3,37.97245128412907,0,0,0
0.045912495708554435,1,2,32.46000105759069,0,0,0
7.650301317264837e-05,0,1,30.25879981999442,0,0,0
0.04008316619472295,0,4,33.99608316570165,0,0,0
0.007780491977328749,1,3,41.133605786240075,0,0,0
0.002478038425438591,0,3,28.287488048876448,0,0,0
0.03173023058213054,0,2,26.715841444462125,0,0,0
0.001447342908499157,0,0,28.95192271757581,0,0,0
0.00809207563711251,0,1,29.767741459467317,0,0,0
0.02672814480465588,0,2,33.09277606139732,0,0,0
0.004673009653619882,1,3,35.46908926734793,0,0,0
0.0010248891940860432,1,1,92.31653868583892,0,0,0
0.0026954676555464036,0,1,35.11688315590885,0,0,0
0.00026461511357318336,1,3,31.636454692519717,0,0,0
0.009182822944805512,0,2,34.380886062395334,0,0,0
0.0028239516336917105,0,1,35.79110378490845,0,0,0
0.0016806367365634265,0,2,20.762637051620494,0,0,0
0.0027789216975346895,0,2,28.73687493112531,0,0,0
0.0072603001415116495,1,1,27.37549746299649,0,0,0
0.0011026789294262486,0,1,35.506438188615384,0,0,0
0.05835143195534536,0,1,21.197899437120267,0,0,0
0.010365813956454282,1,2,24.341771566032783,0,0,0
0.003814147824904682,1,2,28.539905541617053,0,0,0
0.04537865106060871,0,2,29.217656449377696,0,0,0
0.0022467339453042775,1,1,32.72411553769595,0,0,0
0.0012905348514716836,1,6,27.78252190498999,0,0,0
0.0047626776406023575,0,2,28.846498121826265,0,0,0
0.03182927511878092,1,2,30.536962154025627,0,0,0
0.011261117547421982,0,2,32.4147486006837,0,0,0
0.028735666024814824,1,1,31.77065847890806,0,0,0
0.0003110847618392463,0,2,24.678169665100352,0,0,0
0.023332888512667075,0,4,24.49766447609769,0,0,0
0.0004034459299990459,1,3,29.728000570722365,0,0,0
0.0032587476286512697,1,0,30.16228645141161,0,0,0
0.0033095364023519144,0,3,39.93421206479102,0,0,0
0.002014011080697489,1,2,33.500410005201275,0,0,0
0.0023058190452619953,1,3,28.29754953601832,0,0,0
0.0006799566999132034,0,6,30.02043773864015,1,0,1
0.004920135535345708,1,2,29.1418929044286,0,0,0
0.0025985089958095848,0,3,31.768667718483023,0,0,0
0.001987850956197341,0,2,26.939485913938658,0,0,0
0.00824279291341748,0,1,32.93528753100354,0,0,0
0.05057454322741062,0,2,26.872955953318872,0,0,0
0.0009557019288708575,0,2,28.90624107810533,1,0,1
0.05162089202280336,1,2,31.083687667661476,0,0,0
0.010173750048010088,0,2,16.64262427482035,0,0,0
0.009922627858680418,0,0,21.06928609373178,0,0,0
0.0013235560522972946,0,2,32.86379697730699,0,0,0
0.0006875778251037174,0,1,31.586038376045337,0,1,0
0.00468020074461558,1,3,37.00557206482094,1,0,1
0.0299262802500791,1,0,33.763911308045586,0,0,0
0.007398746581692538,1,3,25.138339302462118,0,0,0
0.003930739077660178,0,0,27.71237585624516,0,0,0
0.00044757545099640875,1,1,30.145843456160776,0,0,0
0.0028497590239153128,0,1,31.80620700972684,1,0,1
0.009461164092420628,1,3,35.18329225624742,0,1,0
0.0018658122423345987,1,1,35.257120129194846,0,0,0
0.008614282216043965,1,2,38.99762258034506,0,0,0
0.005275327712447062,0,2,38.42889635032101,0,1,0
5.6292098001232606e-05,1,2,24.413091542008992,0,0,0
0.22858722277140292,1,1,23.693278434903867,0,0,0
0.0038607021833477442,1,1,26.64936198311833,0,0,0
0.014759085900534683,1,3,19.0666402197284,0,0,0
0.005302171433256233,1,2,29.311151811530227,0,0,0
0.019601982426807996,1,4,33.929390132731065,0,0,0
0.006947250873938598,1,4,25.47060280756503,0,0,0
0.0031571648353504456,0,1,34.32793171769199,0,0,0
0.007267594228591237,1,3,31.346452115487253,0,0,0
0.008481937995795788,1,1,31.914963230721106,0,0,0
0.0034772763697125827,1,6,23.697342113886215,0,0,0
0.045566957651762705,0,1,35.31658295359771,0,0,0
0.002430132469820697,0,2,36.93756822876662,0,0,0
0.0034300584550149217,0,1,25.663492705352947,1,0,1
0.015504570175053883,1,3,31.847382222013422,0,0,0
0.0025197212735596592,0,2,32.56116170997298,0,0,0
0.08344885812349347,1,1,33.22218457063621,0,0,0
0.00485674921860145,0,1,24.805192998837796,0,0,0
0.004193375763165238,1,2,30.126740232756635,0,0,0
0.00596982897466476,1,3,31.708084953344272,0,0,0
0.008438543973435617,1,1,35.318833283773714,0,0,0
0.0002386165938370061,1,3,23.664167966398487,0,1,0
0.042945396653815186,0,4,31.61924483339949,0,0,0
0.005661611248645288,1,1,27.309911263891223,0,0,0
0.0032885054107286934,0,2,28.105305268246408,0,0,0
0.07201189266124239,1,3,32.63469849952582,0,0,0
0.001764185331483515,1,4,24.9364248450364,0,0,0
0.014523049569786839,0,2,25.99325240720931,0,0,0
0.005154920238770881,0,2,25.08145212349428,0,0,0
0.0034800887480439403,1,2,35.219763438905154,0,0,0
0.017214865326677525,1,3,22.771435116047883,0,0,0
0.020843778678460285,1,2,26.597988663264655,0,0,0
0.00941704407250424,1,1,23.74454169581307,0,0,0
0.0005136464087235305,0,2,29.8368532093752,0,0,0
0.00469149049954181,1,2,43.75422454673391,0,0,0
0.13629393449117533,1,2,27.63377833322936,0,0,0
0.007028832309540342,0,1,25.494065464828708,0,0,0
0.03583127718823201,1,4,24.290796935038077,0,0,0
0.04633360114095002,1,1,27.760293037982358,0,0,0
0.004013233183620991,1,3,27.739545042735244,0,0,0
0.012711709371553248,1,1,31.062353223514002,0,0,0
0.0050461988989585135,1,2,142.60808324833485,0,0,0
0.0008570310661025595,0,1,24.10075414360351,0,0,0
0.0693254351348319,0,1,27.26831300366682,0,0,0
0.0009177882701925729,0,2,28.82531610222883,0,0,0
0.004788145886441021,1,4,35.21539099318498,0,0,0
0.006898866560002468,0,0,32.75778463878479,0,0,0
0.01086740791292292,1,0,24.690597588396713,0,0,0
0.017808028348378652,0,5,23.671802124970927,0,0,0
0.004116415433537142,0,1,30.49765837393195,0,0,0
0.02241561745428845,0,2,30.968225163547558,0,0,0
0.013338446739603143,1,1,31.207342727149467,0,0,0
0.008763127327889335,0,3,18.98142665662956,0,0,0
0.01912562976311749,0,6,29.18547129990201,0,0,0
0.00011342550150579997,0,1,31.27283125069607,0,0,0
0.0004790627695929262,1,0,19.676217043469162,0,0,0
0.00872670542396306,1,2,35.80387784703586,0,0,0
0.0023017669715520027,1,1,27.891306217675208,0,0,0
0.017402090666149703,1,1,29.898061638051633,0,0,0
0.015536705994538262,0,2,29.377622274897853,0,0,0
0.005111319559243352,1,4,21.405293946047976,0,0,0
0.0024450100692590478,1,0,28.25916074333464,0,0,0
0.003787985409147838,0,4,113.47794472925062,0,1,1
0.10030395388814388,0,4,26.418902581876306,0,0,0
0.0028339048663773452,0,3,30.100038779155632,0,0,0
0.005614522596912426,1,3,31.347998178655796,0,0,0
0.0005261620920542527,0,5,28.548709138531905,0,0,0
0.16062911318100126,0,0,34.03335247975793,0,0,0
0.00037399435867147506,1,1,36.08187479058262,0,0,0
0.030731477834825726,0,9,17.4222922765286,0,0,0
0.029839253754011964,1,0,29.158787923091467,0,0,0
0.07849121062510599,1,3,28.319095697004457,0,0,0
0.003924549476417428,0,1,36.010285825281514,0,0,0
0.004723418020404767,1,0,34.87333647569544,0,0,0
0.057910260109058496,0,3,72.30536911060128,0,0,0
0.00396206972720788,0,2,30.410839162952737,0,0,0
0.0007967066469704605,0,4,36.594254114760844,0,0,0
0.00708778319741958,0,3,18.00815666271533,0,0,0
0.010708879481373073,1,1,26.886040202777664,0,0,0
0.08590185665501185,1,1,25.232954479202327,0,0,0
0.005047374827316,0,2,22.720302113237572,0,0,0
0.29531350941972123,0,3,24.932068860978937,0,0,0
0.03176541992135403,0,3,32.887533607063524,0,0,0
0.0024781011735144757,1,1,22.79353451740105,0,0,0
0.006665041069859953,0,4,34.93214643150644,0,0,0
0.007485568629857099,0,1,144.479437637139,0,0,0
0.0010387304688742657,1,2,36.60960069120732,0,0,0
0.026776979740578175,1,4,29.695667019136337,0,0,0
0.0782427585237471,0,0,30.243922590458233,0,0,0
0.005846672327990695,0,1,31.889797968288327,0,0,0
0.003214432364962425,0,5,30.381685933870834,1,0,1
0.030042983115242963,0,7,25.979582643901797,0,0,0
0.025357274461728876,1,1,25.78434183011275,0,0,0
0.004236106790869457,0,0,24.819794061055212,0,0,0
0.005875645946764753,1,0,26.513128019590187,0,0,0
0.001986378536587026,1,3,30.74143604533405,0,0,0
0.2714730343084519,1,2,34.97498961652681,0,0,0
0.014868743315559287,1,2,139.02506181848887,0,0,1
0.0030867054052634737,1,2,23.366607558212877,0,0,0
0.004423991866188688,0,6,24.89468077061253,0,0,0
0.0039871449550860265,1,1,25.296781286845007,0,0,0
0.007074860593088062,0,3,20.47927308689702,0,0,0
0.005520706840019807,1,3,28.688587518512502,0,0,0
0.005686160699084217,0,0,29.911492267480632,0,0,0
0.032426698895177596,0,4,31.731415911492437,0,0,0
0.0017102182238917147,0,2,28.62152338833706,0,0,0
0.0003130422060233101,1,2,24.87281938465891,0,0,0
0.021545882359386356,1,2,30.222725294409255,0,0,0
0.0005293922600165444,0,2,31.878010902821934,0,0,0
0.01099254072224475,0,4,17.47586332220858,0,0,0
0.0003466421393507799,0,3,23.16921047581922,0,0,0
0.05751661800564181,1,2,136.97633713369774,0,0,1
0.0017340161835041267,1,2,31.123785021157595,0,0,0
0.0019115726895508165,1,2,33.95616337923153,0,0,0
0.02145448854963636,1,3,28.472228475451523,0,0,0
0.0034967864508748483,0,0,31.14629091811706,0,0,0
0.004087571633396126,0,1,38.784951285184725,0,0,0
0.0010416151875547142,1,2,26.112056316420905,0,1,0
0.0005345259535536028,1,1,20.179853660564042,0,0,0
0.004559311954024787,0,4,27.66951898784632,0,0,0
0.00040227767210627557,1,4,29.162102587051525,0,0,0
0.00031939710096951684,1,4,20.36976445360103,0,0,0
0.010368511726277639,1,3,25.24020989088831,0,0,0
0.000864402153630422,1,3,28.776822971043902,0,0,0
0.009499224608783234,1,2,35.02860870077282,0,0,0
0.010956824197317097,0,1,32.77382216296783,0,1,0
0.02629993697311445,1,6,33.408052053608394,0,1,1
0.0004625035838874442,1,3,27.18963244547054,0,0,0
0.0100694407028363,0,1,92.59922586912148,0,0,0
0.07235048283810461,0,0,26.007472116177134,0,0,0
0.0008957114779866445,0,4,33.76303090060436,0,0,0
0.003714969515950302,0,2,31.49644075263816,0,0,0
0.0014280031607005145,0,4,26.346803281975717,1,0,1
0.005720955240273566,0,3,30.342771109842303,0,0,0
0.014740139977576072,0,2,19.69968215589268,0,0,0
0.11682469843019597,0,2,26.464527634922227,0,0,0
0.09939716288458426,1,1,25.24533914728362,0,0,0
0.006826339134976981,0,1,29.511036087806247,0,0,0
0.0065059142551052345,0,1,29.50131650150218,0,0,0
0.012357033734877775,1,1,27.005032916685483,0,0,0
0.00990671643006241,1,2,32.68137005625809,0,0,0
0.054272317873700335,0,1,26.920429085455005,0,0,0
0.0023006363369045893,0,0,35.583562890677634,0,0,0
0.017437060840465583,1,1,32.82636178793846,0,0,0
0.001183728844505072,0,2,32.2986256656475,0,0,0
0.00012636962972868557,1,0,24.49417689627841,0,0,0
0.0015489933538517073,0,1,26.49281677244416,0,0,0
0.011291353427799071,1,2,27.055027142250072,0,0,0
0.003639593859432104,0,1,36.74537659851218,0,0,0
0.003335125021122026,1,2,26.821444019382927,0,0,0
0.06635247241053277,0,0,28.50712513993776,0,0,0
0.0011450248720404606,1,2,29.004798255168716,0,0,0
0.005075071322213232,1,3,38.25846086656135,0,0,0
0.017211767145279864,1,0,29.336136638687684,0,0,0
0.006782802851217176,0,2,31.121410713617877,0,0,0
0.0011689209372346288,1,2,26.6627459934199,0,0,0
0.001318942885547656,0,3,167.00058563728794,0,0,0
0.01293198087496777,1,1,31.8799353806748,0,0,0
0.0039152699871372165,0,5,26.082026724817325,0,0,0
0.002031802602868731,0,2,35.66254638090448,0,0,0
0.0009221969605584069,0,0,26.920371961327255,0,0,0
0.0007069812989278123,0,3,39.76357086232154,0,0,0
0.0578906374923483,0,1,34.41844309262687,0,1,0
0.0037027917558504703,1,1,28.507884955009256,0,1,0
0.028490171660252,1,1,31.095517832374135,0,0,0
0.00676466884558245,0,2,32.902006548933926,0,0,0
0.1151351037639772,0,1,29.17553758355124,0,0,0
0.12817321068301632,0,2,29.89773439288125,0,0,0
0.006082615262677904,0,1,32.65803903685984,0,1,0
0.0003597156431861801,0,4,29.870928966030082,0,0,0
0.007294658140186693,1,0,34.48522550802478,0,0,0
0.006606444781475142,0,1,37.3933057623505,0,0,0
0.005184791602868928,1,1,37.41216033618801,0,0,0
0.013113283352273544,0,3,27.164069633466898,0,0,0
0.012227968751555237,1,2,35.81748060933062,0,0,0
0.0005930961450692413,1,1,24.513436411103747,0,0,0
0.025748096156884354,1,1,36.16222679128611,0,0,0
0.0007362727021588375,1,1,31.06392060215147,0,0,0
0.014887228811371007,0,1,182.68510901065537,0,0,0
0.003936760706259266,1,1,22.274910559975094,0,0,0
0.05509583176662082,0,2,35.36692053899046,0,0,0
0.0009980686648722716,0,2,126.95382344979502,0,0,0
0.004491253406085249,0,5,23.826673279263865,0,0,0
0.0009292174100038141,1,1,27.191629484276337,0,0,0
0.004094118131329139,1,2,22.48778708367918,0,0,0
0.003960854677019797,1,1,27.10132783357889,0,0,0
0.011571104349939229,1,2,110.25894667757726,0,0,1
0.00904420606716999,1,1,20.83723593040507,0,0,0
0.005111291348355948,1,4,34.51159914298206,0,0,0
0.026018296574584997,1,1,32.60676483625819,0,0,0
0.012377248526552078,0,2,24.931520491533675,0,0,0
0.004225183654319606,1,0,23.191267849727282,0,0,0
0.0015235596207553823,1,1,31.167416723743056,0,0,0
0.0023830618058910034,0,1,28.182168544628507,0,0,0
0.008046205655161672,0,3,29.03312397216373,1,0,1
0.009357740081638699,0,4,24.17265859375017,0,0,0
0.0017290653204023682,0,1,33.39611421781674,0,0,0
0.011350024367000165,1,2,31.51186566021277,0,0,0
0.006608652717911324,0,3,150.74985556795886,0,0,0
0.09284701617360953,1,4,36.600205192206126,0,0,0
0.001852104412477416,0,0,23.76296619765556,0,0,0
0.03595197461371406,1,3,24.711358296253632,0,0,0
0.0046978002552514045,0,1,33.131230783828094,0,0,0
0.001480849453622049,0,2,32.03461456585965,0,0,0
0.02172468738433131,1,2,28.247711189192962,0,1,1
0.0019494522881828716,0,4,25.074427355690872,0,0,0
0.018232958486891403,0,1,21.988299197836316,0,0,0
0.016807425670600992,0,2,29.209574550538985,0,1,0
0.024703382172771342,1,4,29.060392329764234,0,0,0
0.001046856049812724,0,4,26.654872929601346,0,0,0
0.0029319595037250487,1,2,25.85669947796261,0,0,0
0.014172606197493337,1,1,33.7099216515818,0,0,0
0.005725467197940806,0,0,104.88361865732085,0,0,0
0.05218773540151722,0,0,29.957545048934385,0,0,0
0.0003697566423898084,0,1,29.758456166185486,0,0,0
0.002369688683747828,0,1,40.56803134753413,0,0,0
0.005804243735483397,0,1,26.560204444884707,0,0,0
0.0032588695700791303,1,0,35.79083182087523,0,0,0
0.0001375500300300684,1,4,30.136570760131303,0,0,0
0.0009304328082892818,0,3,30.72170714603441,0,0,0
0.0008235961742851198,1,1,16.11591463983568,0,0,0
0.012312992036555588,1,2,24.05169358493042,0,0,0
0.0022001014204315297,1,1,28.465146280705437,0,0,0
0.0006913825784885233,0,1,33.80901644716505,0,0,0
0.000401036561968793,1,1,129.71402696463332,0,0,0
0.0209788453977202,1,3,29.553349155229018,0,0,0
0.004262092312817033,0,3,26.063100318749143,0,0,0
0.0032709959080303402,1,0,21.920894756486998,0,0,0
0.0048461644638195635,1,0,30.28308995081617,0,0,0
0.04344442371001802,0,0,33.050390814183785,0,0,0
0.005213577667574944,1,1,24.307037026704663,0,0,0
0.0005383697820896445,0,3,32.318503224925344,0,0,0
0.004776461055064534,1,0,32.07532124940995,0,0,0
0.015546959216574771,1,4,33.63656458053601,0,0,0
0.021355673173263486,1,2,34.31394386341971,0,0,0
0.008207259660367916,1,1,39.77219339213488,0,0,0
0.01617064222323177,1,2,28.915594147092925,0,0,0
0.03876011556696241,0,5,33.653677772108715,0,0,0
0.008760619814565619,1,4,30.00849031712924,0,0,0
0.001947658401815209,1,2,22.062617447102625,0,0,0
0.0012964895996208743,1,1,30.49843973309245,0,0,0
0.0015624808584909892,1,2,29.280095466852945,0,0,0
0.05075098590495001,1,2,26.366858830196726,0,0,0
0.014321882807765446,1,2,40.51464657577607,0,0,0
0.0019491819500130321,0,4,28.667905160461395,0,0,0
0.0007232909697100036,1,5,23.555616040644196,0,0,0
0.045268179151551916,1,1,24.72676909165179,0,0,0
0.022226125508111042,0,3,29.492875203511254,0,0,0
0.0034210296593524623,0,3,23.432208747194643,0,0,0
0.1811049129023314,1,3,30.209333868274612,0,1,1
0.0010600172300555836,1,3,24.08835640035889,0,0,0
0.003615937313790793,0,4,27.884352990062542,0,0,0
0.037402056474948334,0,1,40.304646018407595,0,0,0
0.004262169345876971,1,1,24.055037144049525,0,0,0
0.0035241876818041936,1,4,18.198558672033272,0,0,0
0.009156429638885988,0,3,29.971043315591256,0,0,0
0.0046161389992237,0,0,22.529455000447065,0,0,0
0.016516123992369902,0,6,32.06506675401878,0,0,0
0.003173183725567694,0,4,23.621614026850217,0,0,0
0.004389606734858558,1,0,24.123090168017995,0,0,0
0.0069886650293672845,1,2,29.8449683357504,0,0,0
0.0014706289300278777,1,1,28.350402625774887,0,0,0
0.04299379820688592,0,1,28.924491467776853,0,0,0
0.012949138603784072,0,2,34.29741215025386,0,0,0
0.007601534855458609,1,3,37.83884904012517,0,0,0
0.0047605888461222075,1,4,34.9774316251788,0,0,0
0.08380864706359285,1,2,30.578178731870555,0,0,0
0.0043508635053120135,1,1,22.28603292906862,0,0,0
0.004992387982652191,0,2,31.366135486500507,0,0,0
0.027120615609441595,0,2,27.752719370824806,0,0,0
0.03667685824193881,0,2,29.27070522273327,0,1,0
0.01883249627382818,1,5,31.05136221699292,0,0,0
0.022288863647387448,0,2,31.67784172242881,0,0,0
0.00042136821458739097,1,2,20.29744122594915,0,0,0
0.015721142418483592,1,0,29.785065983443623,0,0,0
0.006857820560973159,1,1,33.13104706618017,0,0,0
0.021826378626951613,1,2,110.44762799841313,0,0,1
0.0025257560083732067,1,4,133.16905524094844,0,0,0
0.11185721694000413,1,0,31.23043868101955,0,0,0
0.24501873685302913,1,1,31.27203809240647,0,0,0
0.03619376863115827,0,1,36.057232066192796,0,0,0
0.019942490567686932,1,2,174.26346400746735,0,0,1
0.00257691621488487,1,3,30.20373742690349,0,0,0
0.0035036948071992067,0,3,22.747800391911476,0,0,0
0.001267341109747228,1,2,31.545416560016527,0,0,0
0.0007933917679188851,0,1,37.78817527664916,0,0,0
0.4583976259379412,1,0,35.16293843903859,0,0,0
0.06749691109211495,0,1,25.269065613017936,0,0,0
0.012350594647304432,1,3,170.46632550775132,0,0,1
0.015286028477250625,1,2,30.23803366672396,0,0,0
0.019339206914045667,0,3,27.93582576356355,0,0,0
0.060435102493137716,1,0,27.223605149069293,0,0,0
0.0020017287014657405,0,4,23.913492417666866,0,0,0
0.00233118066249097,1,2,26.82809676169994,0,0,0
0.002928787301961852,0,0,30.00871562181102,0,0,0
0.002703640333963028,0,0,24.202174062056514,0,0,0
0.3150058058385092,1,1,27.02740952445022,1,0,1
0.004829661591990361,1,0,20.96294822554142,0,0,0
0.0030666717197041313,0,1,27.195730721326065,0,0,0
0.024099964509606414,0,2,16.970494917589416,0,0,0
0.001012505646796247,0,4,38.69531948004403,0,0,0
0.009814745586040004,0,3,32.37382862486757,0,0,0
0.01388389805312965,1,2,29.534826999626617,0,0,0
0.03238766310310446,1,2,141.36300093684312,0,0,1
0.0075720786444744125,0,1,24.814513203204065,0,0,0
0.0009283395516281133,0,0,21.13226827247257,0,0,0
0.0071245922614746075,0,2,28.170060032297414,0,0,0
0.017834483622691882,1,2,31.9949181726164,0,0,0
0.004271377201576354,0,2,24.75852679063652,0,0,0
0.015701774097789573,0,2,27.159679170157908,0,0,0
0.03464887858865973,1,1,32.47104610939747,0,0,0
0.0027689432161093212,1,2,36.288147142273885,0,0,0
0.007254743994144841,0,7,29.527416718836474,0,0,0
0.0014066517908212619,0,1,36.77223997847509,0,0,0
0.004558408939104215,1,4,31.3359140238833,0,0,0
0.024558683083652482,1,2,33.45936690504073,0,0,0
0.0014150051420228431,1,0,29.957867168643784,0,0,0
0.006721070402228563,0,4,25.06741306598926,0,1,0
0.0010058902399779314,0,3,31.44310855151404,0,0,0
0.001375952523382763,1,3,29.766797586615308,0,0,0
0.00222775021774193,0,4,38.25503849131559,0,0,0
0.012281959251405914,1,5,26.232637975654676,0,0,0
0.009906587268998544,0,0,23.291943814325677,0,0,0
0.048616250558335336,1,4,34.21573164853515,0,0,0
0.0013831460145341322,0,3,28.9685546890074,0,0,0
0.0024059312040247737,1,1,27.856561112919657,0,0,0
0.013268641367216415,1,4,29.65359143515326,0,0,0
0.07838809572830936,0,0,33.6911851684718,0,0,0
0.006093482912606532,1,1,30.626746693389514,0,0,0
0.014731126735149123,0,1,157.91482150591887,0,0,0
0.004344567943127699,0,4,100.60849766490524,0,0,0
0.0030726256516088917,0,3,25.461181204171222,0,0,0
0.033385130665349365,0,1,26.765837222609974,0,0,0
0.003302604017556733,0,3,20.22979681514606,0,0,0
0.00846402029731474,0,5,34.78572964722224,0,0,0
0.0012342448620494021,1,3,39.46047528195514,0,0,0
0.003444954521863387,0,3,30.906574567838323,0,0,0
0.0040988990811251435,1,1,25.104527075865292,0,0,0
0.0022001902827011245,1,1,33.6933251706195,0,0,0
0.02484452769221081,0,4,30.4515326730469,0,0,0
0.0037840090011438433,0,3,38.37824684606444,0,0,0
0.00863259036901858,0,1,33.78969043392231,0,0,0
0.05185669916810137,0,1,26.964258304610016,0,0,0
0.003040127289233887,1,3,120.93039696889825,0,0,0
0.0010898492236923268,1,0,23.571313768321012,0,0,0
0.01713532704405693,1,3,29.312161554378104,0,0,0
0.07391481780909392,1,2,32.13857492064299,0,0,0
0.01713015535052243,0,2,17.04433347223239,0,0,0
0.00031421809160553984,1,4,26.34671057169133,0,0,0
0.003872636722947573,1,1,21.362544366241874,0,1,0
0.006350815226401995,0,0,35.96637757986119,0,0,0
0.01620194179495399,0,2,29.330416891388538,0,0,0
0.027282179619488846,0,3,25.01762557317628,0,0,0
0.001796080296774331,1,2,27.902111046521313,0,0,0
0.0033861735347550936,1,3,27.46786364353997,0,0,0
0.01702903881915827,1,2,131.1972972184523,0,0,1
0.0012754795071501532,0,4,33.925574222921924,0,0,0
0.005831882054021141,0,4,53.37283091919595,0,0,0
0.004922687283786921,0,2,42.03422829631617,0,0,0
0.019552089954943643,1,3,32.68286794541652,0,0,0
0.0004078211637429126,1,3,33.35376476144209,0,0,0
0.007776458081110583,1,3,25.592533351955296,0,0,0
0.012501877798089032,0,2,122.57738498972357,0,0,0
0.0011766845823499726,0,0,30.046948846894242,1,0,1
0.003743586810730441,1,0,27.99686661727193,0,0,0
0.05188492965723237,1,1,28.39053499861982,0,0,0
0.008806486971171016,1,2,28.396961951392235,0,0,0
0.0017232716129146329,0,1,34.68881795917951,0,0,0
0.003280789992309486,0,2,31.006303045035523,0,0,0
0.013088988925741245,0,4,24.627952177312345,0,0,0
0.025917297128134568,1,3,134.78614968590128,0,0,1
0.0028816169038680464,0,2,35.84363396248847,0,0,0
0.007120881412649902,0,2,27.592143402110082,0,0,0
0.02010481776416417,0,3,34.324511565446066,0,0,0
0.010983362111538032,1,6,31.511899155150946,0,0,0
0.16648362217854693,0,1,32.71088663801855,0,0,0
0.010355676713793017,0,4,30.073903470292095,0,0,0
0.011664191567957742,1,3,24.89615810850066,0,0,0
0.003184844552875785,0,1,31.456665332223867,0,0,0
0.004739499908937771,0,2,32.775085919137716,0,0,0
0.001308597358249976,0,3,100.30044195693006,0,0,0
0.1326818263342345,1,1,27.475595230342908,0,0,0
0.0005973399467339688,0,2,29.58201429989483,0,0,0
0.03779974972920038,0,2,29.789204531875903,0,0,0
0.013885185607689398,1,1,36.342433349679226,0,0,0
0.021144497555810642,0,3,25.93503066454263,0,0,0
0.000680776334641912,1,2,28.502665049383705,0,0,0
0.06443315620863606,1,2,31.55757929560484,0,0,0
0.014415051226313695,0,3,33.3122594488323,0,0,0
0.0037993879747633256,0,0,116.34542623264998,0,0,0
0.004263050670006491,1,0,38.049381095295715,0,0,0
0.0009032167632963421,1,1,25.155026326910782,0,0,0
0.01705390705753161,0,1,24.22528928569018,1,0,1
0.0006646372860865157,0,1,27.96016898439932,0,0,0
0.06584619642047515,1,2,30.170063482415223,0,0,0
0.007849273993170874,0,4,28.016098416298355,0,0,0
0.00497423623500707,0,2,30.32924054585725,0,0,0
0.0034000006279536147,0,3,29.726984516796957,0,0,0
0.37683818538137903,0,1,21.431901743934805,0,0,0
0.038497633711466424,0,2,200.55960063990403,0,0,0
0.0006675096169606856,0,3,30.859674837636533,0,0,0
0.001651677283998862,0,2,30.47816775654153,0,0,0
0.04412175323387535,1,3,26.158477334451263,0,0,0
0.03211766363084356,0,3,39.961359177539556,0,0,0
0.009266136393771551,1,2,37.801984064092494,0,0,0
0.01235638567632917,0,2,35.177102303833856,0,0,0
0.15408590042031023,1,1,28.672267333452186,0,0,0
0.005191985067498804,0,3,34.524642769103,0,0,0
0.005034165902075287,1,2,29.976717312367462,0,0,0
0.0008662248724299015,0,3,27.814218154538885,0,0,0
0.003984105978099258,0,4,34.2192912286821,0,0,0
0.006368407970964536,0,1,45.62165366259042,0,0,0
0.007277092247356971,1,1,24.643407984853994,0,0,0
0.017732625536601213,1,2,21.166251308228112,0,0,0
0.009285787666115517,0,3,151.36968315121828,0,0,0
0.00740229661969079,1,2,22.870474505284964,0,0,0
0.012800809068009296,0,2,31.990482553992877,0,0,0
0.029961157510233594,1,3,23.217918772383964,0,0,0
0.014364517378027207,1,5,37.71603195452617,0,0,0
0.0014687621084111568,1,2,31.846392098572693,0,0,0
0.030799949149498924,1,1,32.547551251742334,0,0,0
0.0019645506981780837,0,2,33.36466976399631,0,0,0
0.0032400627227536652,0,0,23.837583859493044,0,0,0
0.0014181831949328268,1,0,27.428815412483313,0,0,0
0.027568685970537625,0,3,22.996104761989038,0,0,0
0.007145113607560887,0,1,144.76891083026007,0,0,0
0.00998643654144043,1,3,27.524766244625454,0,0,0
0.004074424106402912,1,2,29.814353873901275,0,0,0
0.018130997293422,0,3,30.67487917368074,0,0,0
0.0016073895825463186,1,1,35.6967746005873,0,0,0
0.009265891484846703,0,2,40.25935097452423,0,0,0
0.005391955314811186,0,3,35.78045615923931,0,0,0
0.003306405119822088,1,2,32.29408590178877,0,0,0
0.001296630979316102,0,2,24.84208674681892,0,0,0
0.0012832381461677336,0,4,23.553502147119136,0,0,0
0.038887197878684304,0,1,29.677188403345227,0,0,0
0.03598530749650447,0,1,43.30332787456503,0,0,0
0.00037491304906058377,1,0,39.230589471249644,0,0,0
0.051160581420406054,0,4,27.640971128830802,0,0,0
0.005941517541021727,1,2,41.95755740999434,0,0,0
0.00481100486069982,0,2,34.82776316943632,0,0,0
0.0027170858841603167,0,2,28.784348827505458,0,0,0
0.08539225529649709,0,5,28.519833401922547,0,0,0
0.0051467524676143345,0,0,38.02333708933814,0,0,0
0.0008258527298082071,0,3,33.96755783781387,0,0,0
0.002431749608543652,1,3,41.34743608762175,0,0,0
0.027730941619805032,0,4,24.848475226848805,0,0,0
0.0571146817931906,0,0,30.664016732439393,0,0,0
0.13395948874314806,1,3,29.124471003307775,0,0,0
0.029482859138916392,1,0,21.006678896873055,0,0,0
0.0005896948823280924,1,1,26.812778544299512,0,0,0
0.000154548920285316,0,1,31.02633117877901,0,0,0
0.06963621038977921,1,2,31.727268909057837,0,0,0
0.013530226255194268,0,3,21.082808047501878,0,0,0
0.024611930939985194,1,0,33.57430436385411,0,1,1
0.01072984983701534,1,1,27.911975037191354,0,0,0
0.00273362083978779,1,5,28.94398374200934,1,0,1
0.034262028022396834,1,2,27.86987848846714,0,0,0
0.19996177532428347,0,5,33.72639496399001,0,0,0
0.0002913918653059098,1,3,23.679065622484355,0,0,0
0.0008840694449433263,0,1,25.006995901536456,0,0,0
0.0018836048692303393,0,2,31.209603025234063,0,0,0
0.01495689771116342,0,1,29.602960031422285,0,0,0
0.00362041438691549,0,2,30.735559798005095,0,0,0
0.2818286249329168,0,5,25.37205472152808,0,0,0
0.004888297828824555,1,3,27.977282761376454,1,0,1
0.005133841643271453,1,2,33.48728680300084,0,0,0
0.00413328911019407,0,4,33.4479631716366,0,0,0
0.0017202992724548525,0,6,32.29588975389653,0,0,0
0.058503379170648837,0,3,30.276896615609367,0,0,0
0.010511024547662692,0,1,22.029523956593216,0,0,0
0.053684937319316235,0,1,33.83233180221465,0,0,0
0.02835094825857933,0,3,24.316522555746904,0,0,0
0.00026041093639307347,1,1,27.632465123655518,0,0,0
0.0010829350126891875,0,2,35.054306160979955,0,0,0
0.01807906928663775,1,2,26.80468635570687,0,0,0
0.007140046574727612,0,4,19.528677150974815,0,0,0
0.00912560417344705,1,3,30.437060294285416,0,0,0
0.003022269995137098,1,4,28.50870310958203,0,0,0
0.0012557490275021232,1,2,41.293931731577906,0,0,0
0.0005458253350476151,1,3,35.000606511211544,0,0,0
0.014703299644337467,1,2,25.65714186366482,0,0,0
0.0036547727901843348,1,1,33.48697705748233,0,0,0
0.002309191440896164,1,0,24.614002342872126,0,0,0
0.02213945373463976,0,1,32.981933260701666,0,0,0
0.009741594036507708,1,4,33.07222036107622,0,0,0
0.0004070000707715835,0,2,29.349749254729666,0,0,0
0.0017335758444091212,1,0,26.699848845541524,0,0,0
0.003745235564562809,0,0,35.5513820449072,0,0,0
0.016502852775429344,0,2,28.286182085263903,0,0,0
0.009444699568859863,0,0,31.472623821374203,0,0,0
0.009468055527375497,0,3,36.328608257077676,0,0,0
0.003302105519257149,0,2,26.349289250282325,0,0,0
0.0010825511915962245,0,2,32.160609327409745,0,0,0
0.0004787694731942538,1,3,36.58959647464106,0,0,0
0.00479309835062888,1,0,124.09224756594378,0,0,0
0.01028834292716654,0,2,26.88013066065949,0,0,0
0.0004246884134564547,0,5,36.497829647562746,0,0,0
0.027971656623846118,0,2,20.556031458475204,0,0,0
0.025079285319612628,0,2,28.765249940638387,0,0,0
0.0069267766751387365,0,2,24.130511189750212,0,0,0
0.015410597745336265,0,1,26.831413722658002,0,0,0
0.04905590007224253,1,3,23.99617311375708,0,0,0
0.026743694091382348,1,3,37.74799340300996,0,0,0
0.00017081132762085914,1,3,34.925152127889476,0,0,0
0.07665248001209961,1,2,37.34848528570099,0,0,0
0.003279943238956919,0,1,82.48551670126294,0,0,0
0.0012473884479595593,1,1,94.60139350849009,0,0,0
0.0036407041801690306,0,1,26.846667412614572,0,0,0
0.007302344878486562,1,2,27.219852100336972,0,0,0
0.004104931978788965,0,2,32.32994172778703,0,0,0
0.11718926978848691,1,3,24.17755552458695,0,0,0
0.00034992109200927216,0,1,34.85312292099627,0,0,0
0.00490101734465335,0,1,38.23903273176663,0,0,0
0.0012549200008132178,1,2,28.36085829805056,0,0,0
0.0008952282952586325,1,1,29.302712931390985,0,0,0
0.0016895070876164519,1,1,24.412651569286943,0,0,0
0.00370933801568258,1,0,29.238492007240286,0,0,0
0.005712087625042656,0,1,26.502155581106905,0,0,0
0.004915317079495128,1,3,28.98570276386362,0,0,0
0.015920083725477836,1,1,40.38348590593302,0,0,0
0.016684861672554112,1,7,21.857327453584062,0,0,0
0.0008587709924222036,0,3,35.18889778862689,0,0,0
0.029257040342443922,1,0,25.712361936195762,0,0,0
0.06259682385370269,0,2,23.478050742686946,0,0,0
0.018400540269781617,1,3,29.375543135449906,0,0,0
0.0185301204488595,1,2,29.65901761529141,0,0,0
0.002027301577994038,1,2,36.00484378184917,0,0,0
0.05825591240594165,0,3,32.707565488318316,0,0,0
0.014158983707584552,0,3,33.30933181548519,0,0,0
0.0011295409691152347,1,1,38.57072609758407,0,0,0
0.003810471019934869,0,1,31.388051677395744,0,0,0
0.04289622108110429,1,1,31.028215769096274,0,0,0
0.0011178239449680977,1,1,24.266406521954583,1,0,1
0.05389034096402853,1,1,34.67038484369927,0,1,1
0.02591122323853023,0,5,31.419033385482305,0,0,0
0.0399156772152509,1,2,28.51607352159527,0,0,0
0.0071087080783850095,0,0,30.246224746862925,0,0,0
0.0028774786566492577,0,1,28.273245769130664,0,0,0
0.0012972041658529624,1,1,23.41253533968016,0,0,0
0.001179415674831141,0,0,21.71283281615059,0,0,0
0.004639279288986932,0,1,36.103576265856965,0,0,0
0.0014620333249133145,1,0,31.66680420026155,0,0,0
0.048174535129781856,1,3,24.787807080680352,0,0,0
0.0010694075067066108,1,2,26.793288669916627,0,0,0
0.021383816592744714,1,1,27.737086067670468,0,0,0
0.003155410595261041,0,0,37.23407852629894,0,0,0
0.002759637112213576,1,0,19.34254263201254,0,0,0
0.003951348178553243,0,2,32.8524250277272,0,0,0
0.040778389948528886,0,1,21.674092623125013,0,0,0
0.0009792719192654228,1,4,28.09995956984037,0,0,0
0.007194440672084209,1,3,27.642851267224735,0,0,0
0.0015629849048467053,1,2,142.8207398814491,0,0,0
0.0021812568342155655,1,3,35.75704627314826,0,0,0
0.017283603264432644,1,5,31.832648835165735,0,0,0
0.12664490693005537,0,1,27.654261003087388,0,0,0
0.013939544620602528,0,2,83.70428793052143,0,0,0
0.004036766643601998,1,1,28.313123590108795,0,0,0
0.026169638984854207,0,1,127.94404819463647,0,0,0
0.04862282357091567,1,1,27.609980257028013,0,0,0
0.0639992993560136,1,1,15.014366272541926,0,0,0
0.0074256518420612195,0,1,24.518703739012874,0,0,0
0.019188459918508646,0,3,28.17095315525335,0,0,0
0.05676684364182896,1,4,36.802208947144635,0,0,0
0.030788231183062294,1,3,36.89299660508986,0,0,0
0.00018083989086773973,0,2,35.97410531529046,0,0,0
0.00470851075851916,1,0,31.429246705675325,0,0,0
0.002191734936216398,1,1,21.904628302462037,0,0,0
0.01851308886059027,0,0,36.12885642145385,0,0,0
0.03863609437675573,0,2,34.64208379364654,0,0,0
0.001008771189961445,1,4,27.82615638703167,0,0,0
0.0003861541658924647,1,5,32.63114191020868,0,0,0
0.0007404518127113228,1,3,27.00099395611528,0,0,0
0.15976141770010627,1,2,37.880583887688644,0,0,0
0.003631061401112286,1,2,33.98142411740288,0,0,0
0.0010213087784630022,0,2,33.34445871885906,0,0,0
0.008759998798557224,0,2,28.299033081908927,0,0,0
0.007774479027132643,0,1,29.594627327065947,0,0,0
0.004286158701673294,1,1,19.529025405531804,0,0,0
0.0033965653596565054,0,2,21.195201089981516,0,0,0
0.05893605923888087,1,2,34.46989764251215,0,0,0
0.005114410183143126,0,5,26.73845316212917,0,0,0
0.0028757228474002093,0,2,30.317759039197977,0,0,0
0.003396123348528149,0,0,31.46081083087973,0,0,0
0.041189029193966525,1,3,25.177157306367157,0,0,0
0.0006399571895310715,0,1,30.28421231476393,0,0,0
0.0019883415932266954,1,1,27.0794110468972,0,0,0
0.009327483625071816,0,2,31.846707106712554,0,0,0
0.0036975174238179204,1,0,26.12917243480293,1,0,1
0.005241884505696119,0,2,23.741575373946322,0,0,0
0.013068289455496018,0,0,27.770065307966558,0,0,0
0.004687006746716725,1,1,29.484147293819213,0,0,0
0.0027381611381699215,1,1,30.807076992006657,0,0,0
0.0017796966386870242,1,0,33.18337480747392,0,0,0
0.08877748331814804,0,2,29.5443436315974,1,0,1
0.004314012163379505,0,2,30.352212159960768,0,1,0
0.00030030996189514797,0,1,27.50188415996639,0,0,0
0.011683149941668471,0,1,27.805528717895342,0,0,0
0.011107468122713276,1,3,34.605091126255026,0,0,0
0.03879209804127885,1,1,37.83000283637586,0,0,0
0.014447822898224869,0,2,35.20146517423838,0,0,0
0.0028852944245034966,1,1,27.919580696473293,0,0,0
0.006782504408447408,0,1,26.34478972007049,0,0,0
0.0035541005449751203,0,0,34.23657173062365,0,0,0
0.01199280380667812,1,2,28.307197168250678,0,0,0
0.0030404269620867594,0,6,23.177194441006417,0,0,0
0.013589220626324703,0,2,139.46303265238768,0,0,0
0.007653769707048901,0,1,24.472031039244417,0,0,0
0.044105861338706316,1,0,92.43036591031384,0,0,1
0.010130356954208141,1,4,31.382756052161483,0,0,0
0.0057923405952735214,0,1,106.17019621209043,0,0,0
0.0012877345232047198,0,3,33.77809710687963,0,0,0
0.0014194674676413631,0,3,25.890227375487985,0,0,0
0.028417490229327554,1,2,32.09291247290632,0,0,0
0.007126179495773148,1,0,27.839156644381703,0,0,0
0.0007392910501840877,1,1,29.58627276125454,0,0,0
0.0037885103797855855,1,3,29.025196749274407,0,0,0
0.0013834051229314867,0,0,18.349118982549633,0,0,0
0.0011253164531169549,1,2,31.523031306180254,0,0,0
0.007005377295939444,0,2,29.719894502185664,0,0,0
0.0540753730054683,0,5,33.51749537524633,0,1,0
0.0009219498559083858,1,3,24.546522756301044,0,0,0
0.03645566503012852,1,0,36.13592973624663,0,0,0
0.003554317534622259,1,2,31.22883231300676,0,0,0
0.006426551773939074,0,2,29.467718457137767,0,0,0
0.002749980892927955,0,0,31.262387373325733,0,0,0
0.003177739886332211,0,4,33.13484039349402,0,0,0
0.0023038264384659716,1,0,33.51772331768371,0,0,0
0.052561704094414956,0,2,24.603211364583547,0,0,0
0.05131679702109049,1,2,30.999725583551946,0,0,0
0.06917981444132677,1,2,26.67044462652352,0,0,0
0.0040048101641373245,0,2,30.276217711983243,0,0,0
0.05427332125976795,0,2,30.093593438434127,0,0,0
0.0077348200622053,1,4,32.14181752795534,0,0,0
0.0006882609032379931,1,2,34.21308995407302,0,0,0
0.010593513522822277,1,3,33.81319249062914,0,0,0
0.006659917341169027,1,3,104.58488573077068,0,0,0
0.02333942700553178,0,2,37.004493190626604,0,0,0
0.02809522577490068,1,3,82.46299441067376,0,0,1
0.017135793922357794,0,1,21.225279317530507,0,0,0
0.001972176167901578,0,1,83.55417637730717,0,0,0
0.0008459618075259012,1,2,30.06276974418444,0,0,0
0.0079145571462022,0,2,30.30381473187786,1,0,1
0.0030595221493920793,0,5,30.96775610855399,0,0,0
0.0035654495706805736,1,3,23.624552678543616,0,0,0
0.10744790578145255,0,3,32.56439931514737,0,0,0
0.010558665029034277,1,2,36.46883313439798,0,0,0
0.05777694912452775,0,6,33.01227068095628,0,0,0
0.03819109327195431,0,0,29.848656303910143,0,0,0
0.004615640652992562,0,3,38.43560967443161,0,0,0
0.005720274430538255,1,2,32.345497627126605,0,0,0
0.0055835853439056395,0,2,25.23915772537098,0,0,0
0.002981120404931135,0,3,262.80670649920637,0,0,0
0.04222439037580623,1,3,40.587547846892605,0,0,0
0.0018160416744101744,1,3,33.53161543263076,0,0,0
0.016903264432834592,1,3,35.38749945475004,0,0,0
0.016700935115914833,0,2,28.177724418580464,0,0,0
0.007228277424042059,1,0,34.1861614961189,0,0,0
0.05245937918541748,1,4,28.1370386399806,0,0,0
0.0022479008891714953,0,2,31.127356610552393,0,0,0
0.0005795837110382884,1,1,24.112322665347104,0,0,0
0.0006086070725014875,1,4,37.869887997351356,0,0,0
0.002111605674523538,0,3,187.8871774470762,0,0,0
0.008018518768716688,1,0,26.954038223060063,0,0,0
0.015589413308845211,1,2,123.94458219722702,0,0,1
0.04047153100720978,0,0,31.191890807640323,0,0,0
0.0002507499363927607,0,1,21.865074887027387,0,0,0
0.01118653774140269,0,2,33.27884810373166,0,0,0
0.0034432012953366496,0,1,36.97788037652555,0,0,0
0.1530150721991923,0,0,27.729850748882374,0,0,0
0.050915879526967675,1,0,33.81070308788722,0,0,0
0.002427677198853466,1,1,150.00384903013432,0,0,0
0.0011104768729557715,1,3,30.263586996410368,0,0,0
0.0009694164078905487,0,2,37.20478291758113,0,0,0
0.00029940654401899966,1,0,32.0734241417194,0,0,0
0.004790085498513613,1,2,25.523149093798303,0,0,0
0.019860069521145496,0,4,28.34716072608514,0,0,0
0.014468005802191859,0,3,148.75562371074238,0,0,0
0.05040485613161195,0,1,26.938140509717687,0,0,0
0.004615203303998542,0,2,30.922481565209058,0,0,0
0.0005261503070613721,1,4,148.40069088549902,0,0,0
0.00030432180839732524,0,4,40.28350477842885,0,0,0
0.03908560138969089,0,3,31.641871023213383,0,0,0
0.004573906138209816,1,3,30.919629148980317,0,0,0
0.002052140152835076,1,4,32.002609743207366,0,0,0
0.019541511274094824,0,3,18.440058353721582,0,1,0
0.003467396961808855,0,2,20.54334752839255,0,0,0
0.010295963036414855,1,1,19.711133234144924,0,0,0
0.04687687563740207,0,5,32.96942625266137,0,0,0
0.018079652660146724,0,2,31.243038488667242,0,0,0
0.005431605774202391,1,3,25.072073264865633,0,0,0
0.06386464400989124,0,3,23.406215050889724,0,0,0
0.03051214192780095,1,0,30.318170874737547,0,0,0
0.016077967932385237,1,2,28.08440298272349,0,0,0
0.01208159379031053,0,2,31.78809818782126,0,0,0
0.02818622626228756,1,2,31.78479995024078,0,0,0
0.0013792207745301197,0,1,126.3661410978213,0,0,0
0.07532068026524813,0,4,30.46055902812984,0,0,0
0.0008424996912476944,1,4,36.073015856198616,0,0,0
0.08677632747792088,0,1,24.881037153642303,0,0,0
0.015415340239214152,1,2,30.56840275693638,0,0,0
0.004644966685452817,1,4,34.55808109339825,0,0,0
0.005345945420310393,0,3,38.47955772628232,0,0,0
0.0006123701684242049,1,8,34.6585435663558,0,0,0
0.012102383032989486,0,1,29.940818836625855,0,0,0
0.006881708581352401,1,2,36.27009275129031,0,0,0
0.005701054312166023,0,3,31.034828797475402,0,0,0
0.029506789614136896,1,0,32.23033132467758,0,0,0
0.008761413442948071,1,5,27.103419324771934,0,0,0
0.14841062405678546,0,5,125.8447838252603,0,0,0
0.0033139214775534023,0,4,31.536771861792804,0,1,0
0.03405793127826641,1,5,30.163969503595833,0,0,0
0.004736411146176175,0,1,28.380040232563108,0,0,0
0.03420505427012766,1,0,33.525823893778515,0,0,0
0.0024723632134924264,1,2,27.132647476550254,0,0,0
0.009990898336408507,0,1,28.641157712917675,0,0,0
0.006688576318564877,1,3,32.56247769210135,0,0,0
0.012251477652293232,0,3,26.64373923132713,0,0,0
0.050976360132227214,0,3,23.560221813770095,0,0,0
0.00694016042713824,0,0,26.590866184738232,0,0,0
0.050686419799219985,0,2,28.198564869340633,0,0,0
0.0026351121440821015,1,2,28.05629220236944,0,0,0
0.04935088767348947,0,6,25.551404906476673,0,0,0
0.004779823303233566,1,3,23.40981452426859,0,0,0
0.023591888774917365,0,4,28.797525197016228,0,0,0
0.0058571210424884475,1,1,38.1479629112104,0,0,0
0.00645052487406401,1,0,32.816868421880834,0,0,0
0.010298976354397422,0,0,25.322618426559306,0,0,0
0.0013890725134942902,0,2,34.19164679740782,0,0,0
0.04740510064103102,0,1,20.451269441139036,0,0,0
0.019225978530120837,1,3,34.12297407595372,0,0,0
0.0015062627973988104,1,3,22.92944263475711,0,0,0
0.07894016365885306,0,3,43.416524709762825,0,0,0
0.0002050244696068599,0,3,29.387179651315186,0,0,0
0.0037804722741306297,1,2,26.587287080872485,0,0,0
0.00024324958785326077,0,0,32.567942462681174,0,0,0
0.00046341674447892027,0,3,39.173780836667824,0,0,0
0.0023468610962955913,0,2,34.248794953003554,0,0,0
0.020669719625518584,1,0,29.52318341575428,0,0,0
0.003349648071257207,1,2,30.713422988630395,0,0,0
0.01613323412704592,1,4,27.539675925674615,0,0,0
0.0022569420955238628,0,0,36.81833963863474,0,0,0
0.01202116202415715,1,2,25.299750718656618,0,0,0
0.010755462293824104,1,1,32.6372578000146,0,0,0
0.003847055151983932,0,3,38.13865796304773,0,0,0
0.01729635926683033,0,2,26.286160103797783,0,0,0
0.02882336423895659,0,4,26.748324962974582,0,0,0
0.0005903522060883007,0,3,31.88415911355046,0,1,0
0.004775813349891248,1,1,19.68364380144526,0,0,0
0.004394264624683154,1,2,28.19197607265452,0,0,0
0.0017476266714429368,0,1,29.729859592325763,0,0,0
0.03651355002826773,0,0,38.217459817837,0,0,0
0.01300014947033029,0,3,28.19138534087752,0,0,0
0.040165291874819174,1,1,34.549725121453505,0,0,0
0.027866055614848367,0,2,29.729972885139865,0,0,0
0.0007995617628740247,1,2,25.190829316113643,0,0,0
0.0008747941360249161,1,3,40.8012500872762,0,0,0
0.007636983265095883,0,1,33.9620550916832,0,0,0
0.005729866255630272,0,3,29.316481505069294,0,0,0
0.00443305222410113,1,1,30.77117708578363,0,0,0
0.004765033060642298,0,1,26.126465563664695,0,0,0
0.012460813411718268,1,2,28.328977729105276,0,0,0
0.014852821384872492,1,4,31.3839211953033,0,0,0
0.0021009100722608684,0,4,36.37259540547947,0,0,0
0.008135512561152955,0,0,29.547556324372312,0,0,0
0.11028860946541044,0,2,37.97200580867704,0,0,0
0.014813413607755547,1,0,28.2153141423201,0,0,0
0.133873800185224,1,2,28.558589976939835,0,1,1
0.006818942274906876,0,3,29.068658727776572,0,0,0
0.00801534992522069,1,1,30.890005482243527,0,0,0
0.007197085484264019,1,1,25.305610262369058,0,0,0
0.009202490613721052,1,0,27.716523892365117,0,0,0
0.018998897826538602,1,4,29.39396781227724,0,0,0
0.030929729351671844,0,2,27.678075230941733,0,0,0
0.0017520579875614122,0,3,29.19568517301369,0,0,0
0.01900309218956533,0,2,32.93868962653952,0,0,0
0.01519795669035195,1,5,160.15901176505727,0,0,1
0.00792132938846528,0,0,25.197452014568263,0,0,0
0.008663397381406406,0,2,31.30766617574454,0,0,0
0.0016902303445193538,0,2,28.147529352488032,0,0,0
0.003152638262169369,1,2,29.960495031925905,0,0,0
0.000993645385950265,0,1,29.763633290724997,0,0,0
0.006445720633899333,0,4,27.716921269725923,0,0,0
0.009599402026335097,1,4,27.93928864363039,0,0,0
0.0023670705290241853,0,2,37.57887990710138,0,0,0
0.022551317342157776,1,5,32.405162973975806,0,0,0
0.006000291885978647,0,3,31.46867596191272,0,0,0
0.030246558994132852,0,2,37.10766232906143,1,0,1
0.05526212275347155,1,3,28.833610435091707,0,0,0
0.01996468019055498,0,2,23.484868341196105,0,0,0
0.01947439664720704,1,0,19.868945553584354,0,0,0
0.025470981461345896,0,0,25.39796050884482,0,0,0
0.0041683676606071975,1,1,32.40672058064682,0,0,0
0.06082649473140914,1,0,34.050204968685904,0,0,0
0.01036253225744359,1,2,32.46227693072068,0,0,0
0.0036128430849769835,0,2,27.969554195353247,0,0,0
0.016646931494036427,1,3,36.53453571905894,0,0,0
0.0026790394562458317,1,4,28.28609787289339,0,0,0
0.000301839192640156,1,3,25.096719580238762,0,1,0
0.007169592771346504,1,4,35.00865149839719,0,0,0
0.004793797696515281,1,2,31.01037414143109,0,0,0
0.0005827511375017053,1,2,30.92737413305784,0,1,0
0.014568154600731374,0,1,34.50889052114311,0,0,0
0.003978721950343138,0,0,26.7079614380011,0,0,0
0.003905271875534713,1,4,28.66843272884843,0,0,0
0.012001204318954605,0,2,17.519402434844928,0,0,0
0.006862251590151687,1,3,42.97347049846096,0,0,0
0.03222091717718514,0,1,30.33478166926774,0,0,0
0.009702436999942547,0,2,31.433628302005317,0,0,0
0.005365791585627162,0,2,24.77953100270122,0,0,0
0.029672344639767135,1,2,33.284582352354406,0,0,0
0.008034525689620438,0,4,31.294892529923203,0,0,0
0.030309299694292174,1,1,33.57825291836283,0,0,0
0.04922354616655615,1,3,136.04269563282628,0,0,1
0.03688292600854778,0,2,28.655118880818446,0,0,0
0.012928691670081717,0,3,32.887856230520555,0,0,0
0.028299112728875007,1,1,32.16110499826359,0,0,0
0.015232597085428515,1,1,35.03812324622886,0,0,0
0.0006470730850063336,1,0,31.453201155010944,0,0,0
0.0005288931792764487,1,2,31.57949932753684,0,0,0
0.007970002814193423,1,2,27.581357934369727,0,0,0
0.01062362217114879,0,2,36.539871672543086,0,0,0
0.07757306977672944,0,0,42.84616638146251,0,0,0
0.006131018141398519,0,1,45.00741205229414,1,0,1
0.0012537382349335042,1,2,33.956139978656395,0,0,0
0.05621318203880197,0,4,39.323703389788314,0,0,0
0.009240286433379569,1,0,24.602554538324455,0,1,0
0.0033923074696168678,0,4,34.40074435106243,0,0,0
0.001580918555995336,1,3,34.6553161202124,0,0,0
0.032348117144286925,0,1,32.89158211551308,0,0,0
0.00737282806708709,0,2,32.87867633295949,0,0,0
0.10108024160884592,1,2,28.173995392673966,0,0,0
0.004185822570830913,0,1,32.186047074003554,0,0,0
0.0056089270259855675,0,4,30.411181195578603,0,1,0
0.02054362980169667,0,3,29.012778647051057,0,0,0
0.008884352715038006,0,1,26.179518222429078,0,0,0
0.08899321174145645,0,3,31.535172614044484,0,0,0
0.01622169355513917,0,3,35.72561772274678,0,0,0
0.007209193128838086,1,2,28.75951993078415,0,1,0
0.00540305320105953,1,2,21.68990129149227,0,0,0
0.003585878256902754,0,0,25.641682717405637,0,0,0
0.0037503415077137165,1,1,35.548130994353535,0,0,0
0.06236791919790387,1,4,27.664606239513382,0,1,1
0.0030364044982776495,0,1,30.698170526465407,0,0,0
0.01806294425670235,0,5,19.88568477025997,0,0,0
0.020048228135403266,0,2,33.48809355738782,0,1,0
0.004714545018571412,0,1,31.26282642987259,0,0,0
0.000916288751738927,0,2,29.69985893435063,0,0,0
0.00041674835813371543,1,1,24.306899336927618,1,0,1
0.07807834633402862,1,2,25.178253227271973,0,0,0
0.009518447561617792,1,4,34.37260687393697,1,0,1
0.009962487962168491,0,2,26.115024416833567,0,0,0
0.005318841745768724,1,2,25.897195234148036,0,0,0
0.0208239928841769,1,2,22.584140580034685,0,0,0
0.0019456591165090736,0,2,29.66696035197102,0,0,0
0.004108344038974238,1,1,193.69025331640083,0,0,0
0.005910855688083818,0,4,27.955931610388387,0,0,0
0.02339304132027624,0,1,23.93544886098721,0,0,0
0.10083364688929163,1,1,33.145819817700115,0,0,0
0.0012327792830020294,0,2,36.88641910131983,0,0,0
0.006252139194820012,1,3,33.60139927198778,0,0,0
0.07699806645854529,0,2,28.030191134399754,0,0,0
0.0025233990166881716,0,1,42.89418350981877,0,0,0
0.00516316657422629,0,0,23.636109903264263,0,0,0
0.010678167149019872,0,1,40.90925423138427,0,0,0
0.0013805971969007426,0,1,31.86853728257367,0,0,0
0.005373129688588125,0,3,34.45519096213789,0,0,0
0.00772240245292252,0,1,34.78196174805393,0,1,0
0.21178959003918996,0,1,32.873829134573185,0,0,0
0.015190577078426741,0,0,40.13677817049019,0,0,0
0.0009010338626239573,0,3,24.880788054172072,0,0,0
0.0052451035570138796,1,3,27.484816020224905,0,0,0
0.004076103854417093,0,1,33.86295355500337,0,0,0
0.006839407912590095,0,3,32.23301698575384,0,0,0
0.014838753755379248,1,2,22.57217034842769,0,0,0
0.0008653120689764926,1,1,31.83326079901986,0,0,0
0.001355184067883375,1,2,30.42244812704362,0,0,0
0.002936855981736185,1,2,222.86209970053085,0,0,0
0.009089776186997247,1,1,37.66725376576086,0,1,0
0.08854971026108611,0,5,37.48500070788378,0,0,0
0.037300423256650644,1,2,29.465759410150937,0,0,0
0.006597056528031731,1,1,28.52257129058518,0,0,0
0.002894740334369081,0,2,28.762235108330465,0,0,0
0.00866134804451444,0,1,32.57041767308033,0,0,0
0.0004999698439163762,1,3,35.377415804507024,0,0,0
0.0065292816408476576,1,2,37.61813774651702,0,0,0
0.0028232438263810435,1,1,25.780921462664367,0,0,0
0.010945835738429137,0,2,34.59291431565511,0,0,0
0.015432781999890243,0,2,29.160438699687656,0,1,0
0.007668196222059436,0,0,29.037110189140062,0,0,0
0.005777882456543399,0,2,28.79502797443619,0,0,0
0.03233054399967577,0,0,33.15420945528246,0,0,0
0.01792244491936162,1,1,32.66982889998398,0,0,0
0.001782838940987338,1,1,32.65018880182275,0,0,0
0.00028417815228998987,1,2,35.578359706695394,0,0,0
0.004848936792443848,1,0,27.978030233887942,0,0,0
0.02318948417630888,1,2,40.229537891612544,0,0,0
0.009724951051060002,1,2,30.69356617094717,0,0,0
0.0010667793376578348,1,3,26.138028521241253,0,0,0
0.3065412044403486,1,4,30.095292707685793,0,0,0
0.008919160600235619,1,1,31.294596490413973,0,0,0
0.009657277948574315,1,1,187.73275886768198,0,0,0
0.011364632170773978,0,2,30.402719001556594,0,0,0
0.005834936130512242,0,3,28.340365817038773,0,0,0
0.06692179714330024,1,0,30.318571553942405,0,0,0
0.015155169496606193,0,3,33.1087930176509,0,0,0
0.003653136715788437,0,1,32.43384229343376,0,0,0
0.0018897244131193453,0,2,28.264189931367337,0,0,0
0.0036675069887664425,0,4,40.02528368339301,0,0,0
0.017473230267164234,0,5,29.070519607834573,0,0,0
0.03296930536584733,0,2,38.18567049538789,0,0,0
0.0014213624621969923,0,1,26.09915347310794,0,0,0
0.005438371230447175,1,3,29.621838372286643,0,0,0
0.002802773641678769,1,0,27.883461984567077,0,0,0
0.013219551457726079,0,3,30.374365875592066,0,0,0
0.003090334881585203,1,2,89.43870470524602,0,1,1
0.0035270939779642376,0,1,28.84695997134204,0,0,0
0.06889981167843212,0,5,25.531017880011753,0,0,0
0.02780251833862815,1,1,27.864268036137673,0,0,0
0.7140873322372091,0,2,27.519583012744487,0,0,0
0.009095349134725247,1,1,27.826991622751436,0,0,0
0.002038506617819495,0,1,24.53865275710063,0,0,0
0.015649214370742695,0,3,16.665031542370105,0,0,0
0.0011424614869069848,1,1,26.699729873162163,0,0,0
0.4278317198719585,1,2,36.57140819719819,0,0,0
0.051682106351828544,1,2,34.830606975098966,0,0,0
0.001558103301418255,1,3,27.823854750897475,0,0,0
0.01708253627654754,0,1,28.979515579336162,0,0,0
0.008561032795912797,1,3,26.60704053482092,0,0,0
0.15076842777081256,0,2,25.474952914502307,0,0,0
0.007548717475132056,0,2,29.046584968113944,0,0,0
0.055733633216371016,0,2,40.61142414209088,0,1,0
0.012279551179986466,0,2,23.7894406237632,0,0,0
0.13620723655288622,0,2,28.64477364259783,0,1,0
0.004627151596294366,1,2,28.60451977238238,0,0,0
0.00838645260135513,1,2,29.84792998135695,0,0,0
0.0019610030053381954,1,1,23.143001108507633,0,0,0
0.053248823327752964,0,1,32.89929802649121,0,0,0
0.010553297429094588,0,2,28.698499075340237,0,0,0
0.015931539666125795,0,2,27.086837951520437,0,0,0
0.001571133590679249,0,4,31.72759781271928,1,0,1
0.00403685248230232,1,2,27.983139923053987,0,0,0
0.04178844034891506,1,4,41.004659668630225,0,0,0
0.012023382131592599,0,3,27.62378840028591,0,0,0
0.012814264917668922,1,3,28.79294272748275,0,0,0
0.011466612964580626,0,1,31.123298531519332,0,0,0
0.0010659235386424033,1,1,35.42065922143536,0,0,0
0.00015053803032596163,0,2,19.454095657177803,0,0,0
0.0018070752740758438,0,0,171.74753548991606,0,0,0
0.11303384326072287,1,4,30.04265237783783,0,0,0
0.0006713544143816062,1,0,128.04831627439194,0,0,0
0.0007070406305791752,1,1,24.264792703202364,0,0,0
0.04410277501366805,0,1,30.510798584321936,0,0,0
0.02184883429599459,1,2,32.19591072274074,0,0,0
0.028411684561189383,1,2,31.037595191988757,0,0,0
0.0027730917712214657,1,1,36.62915087279119,0,0,0
0.006811202190417493,1,2,36.531601195370435,0,1,0
0.006263950755803551,1,2,39.42377523224813,0,0,0
0.0012835702809468731,1,4,21.282699311883505,0,0,0
0.00026700712644710505,0,0,39.015261096634816,0,0,0
0.004673277687319367,0,2,27.033474429360243,0,0,0
0.0023313220233657523,1,0,35.28536060521075,0,0,0
0.011034300375802124,1,1,145.2777637183636,0,0,1
0.0036188729500902725,0,1,26.623354402109374,0,0,0
0.003458450788881304,1,2,28.25610630357291,0,0,0
0.003949971994310679,1,0,43.13508123113789,0,0,0
0.004300909424058444,0,0,30.09204772982036,0,0,0
0.053418900956226936,0,0,152.4496837613294,0,0,0
0.1249113483735316,0,0,29.04098740817879,0,0,0
0.0006878757575061792,0,1,23.296990789013385,0,0,0
0.0017565688052584537,0,2,33.862581748639904,0,0,0
0.0004117329443404504,0,2,30.809568653560557,0,0,0
0.016931414632129556,0,1,172.89871641918646,0,0,0
0.0015762697703225754,0,1,25.997800404615873,0,0,0
0.0020987241020186563,0,2,27.538556704998296,0,0,0
0.008177365692347142,0,1,28.001317008731473,0,0,0
0.00023939997939811887,1,0,33.76899722555041,0,0,0
0.0004979046238194972,1,0,31.35252145529326,0,0,0
0.002474383179359765,0,0,23.427216831499635,0,0,0
0.0017142525073086368,0,3,23.91942446244985,0,0,0
0.001690009285589623,1,0,31.99650690233282,0,0,0
0.004688438373192769,0,3,24.47767457828864,0,0,0
0.024772009915962814,0,2,27.974208862697065,0,0,0
0.03212380028214747,1,3,87.24054063642956,0,1,1
0.007814185059210492,0,0,26.953166057355432,0,0,0
0.013181974982280228,1,1,25.348059094232664,0,0,0
0.009365297794297492,0,0,26.20525013245777,0,0,0
0.010824246720372542,1,0,27.269384132754677,0,0,0
0.009139182549961277,1,3,21.353679115459762,0,0,0
0.004333861225495001,1,4,33.52813473812875,0,0,0
0.04316150319593008,0,2,23.042261875445206,0,0,0
0.06991228170677966,1,2,27.90597439158007,0,0,0
0.0010508230834609762,1,1,38.721462280168524,0,0,0
0.023588453961890455,1,1,27.173975597598414,0,0,0
0.006308332965821906,0,0,26.074075691646794,0,0,0
0.0038718336785713275,0,1,27.003318565996036,0,0,0
0.002800124195754989,0,0,31.96804416943454,0,0,0
0.01111731377698408,0,0,36.41735401086633,0,0,0
0.0053816713735477875,1,2,32.68433369097573,0,0,0
0.0044208913130142575,0,2,36.387962752315154,0,0,0
0.027092495946155506,0,5,31.898451356059343,0,0,0
0.021496477286035688,1,3,23.739250997087883,0,0,0
0.017285035309053547,0,1,26.32834832922523,0,0,0
0.00125892230493485,1,1,26.3981490167429,0,0,0
0.13343305752633164,0,2,26.56904054769777,0,0,0
0.034178707575247325,0,2,41.22817238309336,0,0,0
0.016663581789971443,1,2,32.59157681302051,0,0,0
0.0032696934255164547,0,1,36.04976635073726,0,0,0
0.01818649972252223,1,1,28.028621422609564,0,0,0
0.004818501996455933,0,5,33.46675310975552,0,0,0
0.011351565691566675,1,1,32.95425274496171,0,0,0
0.0010864778198828365,0,6,30.615537470817205,0,0,0
0.0010587032409189632,0,2,23.57531248568392,0,0,0
0.08184292078214135,1,1,30.409471793714093,0,0,0
0.009064998648239172,1,2,35.66168102812201,1,0,1
0.005021034530109438,1,0,38.59842232829264,0,0,0
0.0032515765442300737,1,0,24.503281809121994,0,0,0
0.000419485560261734,0,6,23.678306314340162,0,0,0
0.0012260133801003158,0,2,27.666802807654644,0,0,0
0.06293757493142285,1,2,37.87513597321177,0,0,0
0.004061514187147326,0,4,24.08524808544669,0,0,0
0.026973724651012814,0,3,27.60765143958688,0,0,0
0.001629889267192764,0,2,31.10049344499439,0,0,0
0.00042447399584511186,0,0,25.457866784135092,0,0,0
0.0046920692539897035,0,3,29.042531817007493,0,0,0
0.03324301943542198,1,0,23.467707042259015,0,0,0
0.0033036321130157312,1,3,32.78926765812645,0,0,0
0.017526259598897122,0,3,141.1610557391539,0,0,0
0.005622427009605119,0,0,31.39525057958082,0,0,0
0.008350992189756212,0,3,37.921364687689916,0,0,0
0.026635048042058393,0,4,27.2283815570054,0,0,0
0.01441395245110671,0,1,27.420695459950146,0,0,0
0.010204099470856057,0,1,29.037773974387918,0,0,0
0.009977250999331957,0,2,34.50371675411631,0,1,0
0.046808909282730314,0,3,28.43152465724577,0,0,0
0.035955896460381206,1,1,37.992445892420925,0,0,0
0.0010174496698403758,1,2,22.802912321114768,0,1,0
0.01941334250464252,1,2,35.8148778909282,0,0,0
0.064395242464256,0,4,23.256700586111634,0,0,0
0.003203267389070506,0,2,28.392780934660678,0,0,0
0.013098463238953391,1,3,27.516159517080045,0,0,0
0.008216820437801219,1,2,31.333788260190758,0,0,0
0.0013096550707275294,0,3,27.2264444185786,0,0,0
0.005497057776604295,0,1,27.41080091348045,0,0,0
0.00116529979022685,0,1,22.8075758519849,0,0,0
0.026332971064435676,1,3,32.86818096227756,0,0,0
0.005867051671566548,0,1,164.54599748090763,0,0,0
0.0006720922330537678,1,1,29.718773989504513,0,0,0
0.07874453056197962,0,1,36.9477318023515,0,0,0
0.0022856268623753315,0,1,32.21963006718484,0,0,0
0.011530012123407174,1,3,27.937551719641718,0,0,0
0.0020762331785690986,1,1,35.64011552788958,0,0,0
0.005166538311362061,0,0,24.31417740711485,0,0,0
0.004924119986620349,0,2,34.74730830302161,0,0,0
0.0017837013823488149,0,3,28.13841333064887,0,0,0
0.11895520678284106,0,3,40.22621280392265,0,0,0
0.006105107438583083,1,2,28.96817335947071,0,0,0
0.01033541065798471,1,1,25.152714146089597,0,0,0
0.0013267225401819359,1,1,28.830482485521614,0,0,0
0.0021267522132594374,0,2,29.27141488001322,0,0,0
0.03837826492025309,1,0,27.80054090522172,0,0,0
0.013654363556586493,1,2,21.951202231687162,0,0,0
0.00964117528651771,1,2,24.64721864792508,0,1,0
0.0059658360977202915,1,2,25.551485033418665,0,0,0
0.007826187875042462,0,4,28.145050129342245,0,1,0
0.05063470227106832,1,3,33.5863037254451,0,0,0
0.0019055150161134318,1,1,33.03279398236186,0,0,0
0.003881300273461771,1,4,28.247490721038123,0,0,0
0.04126079001090258,0,0,24.618141956854565,0,0,0
0.002869671325756693,1,3,35.675495264168404,0,0,0
0.0028503214341663555,1,4,28.866469267726753,0,0,0
0.02105531915813031,0,2,34.01822826847472,0,0,0
0.006602725117181048,1,1,28.24335090163236,0,1,0
0.0020231350647702457,0,2,199.62084335655368,0,0,0
0.005758403256726396,0,4,26.361014349871805,0,0,0
0.010721634402488715,1,1,33.11669447503468,0,0,0
0.04531599184085431,1,1,33.52852848374111,0,0,0
0.01741638697069859,0,1,24.58565367335582,0,0,0
0.0040181781111335736,0,0,32.51608796656803,0,0,0
0.019390190441103097,0,5,24.2389199973434,0,0,0
0.0007025191348656315,1,2,31.75128919606599,0,0,0
0.006509670469250492,0,0,33.8097880634539,0,0,0
0.09514497187354566,0,1,33.771001688841366,0,0,0
0.09070650836167922,1,2,30.678795796874176,0,0,0
0.00046022595233540696,0,1,30.400131239794202,0,0,0
0.03519467453545004,1,1,22.337004207625746,0,0,0
0.009037329140392686,1,3,162.56989416456184,0,0,0
0.024494236980477962,1,1,26.60302652784224,0,0,0
0.0016595516170765411,0,3,27.077056378321725,0,0,0
0.00043918779497588103,0,2,33.5867481334349,0,0,0
0.014583637149789466,0,4,28.648324319585008,0,0,0
0.0012202078098993122,1,1,29.14640011843689,0,0,0
0.001833862885855138,0,5,29.08173750858885,0,0,0
0.015953176700590935,1,0,27.572576953265035,0,0,0
0.0023155954668247934,0,2,22.648437098505884,0,0,0
0.0010882878947214038,0,3,36.9783714390367,0,0,0
0.0017075350433908738,0,3,23.09531782464896,0,0,0
0.10752890931050257,0,1,24.923513785543996,0,0,0
0.004204309613117264,1,5,32.852275505840765,0,1,0
0.012444740798597444,0,0,34.01150411048032,0,0,0
0.004405876893511566,1,1,26.616649173072457,0,0,0
0.03723914791663777,0,4,26.01201089612082,0,0,0
0.020085727833802323,1,2,30.75146283797047,0,0,0
0.0031303207347161193,1,0,36.03752302860362,0,0,0
0.004897407463512912,1,1,29.132295327510896,0,0,0
0.06632003807514981,0,2,23.40315228107869,0,0,0
0.016411300610215174,0,1,36.58140583992581,0,0,0
0.01939579165186414,0,0,20.989095009824524,0,0,0
0.0017802557472913717,1,2,33.9220834513569,0,0,0
0.0034346304599404912,1,4,28.329372879140987,0,0,0
0.032103799492832034,1,3,105.04950904745465,0,0,1
0.01426186633555843,0,4,26.775634601575835,0,0,0
0.020986718877385808,1,3,34.20013200945532,0,0,0
0.07348827045980975,0,4,25.873918832148874,0,0,0
0.08471426876050418,1,1,31.564954617784394,0,0,0
0.0015904730317338432,0,0,29.301931243316105,0,0,0
0.001116904791622207,1,1,21.305648693265553,0,0,0
0.006043692628028324,0,2,33.054063461280286,0,0,0
0.009272693066599327,1,0,29.25469388797853,0,0,0
0.007424815207430265,0,0,29.53540239481112,0,0,0
0.07456113568801928,0,3,27.110151597861027,0,0,0
0.016097598322637702,0,1,23.311228222101136,0,0,0
0.002611226070678432,0,1,23.230050751583633,0,1,0
0.0007770843606811005,0,1,31.565382916289995,0,0,0
0.06179195833145814,1,0,29.453779826547095,0,0,0
0.0003422464616593884,0,4,27.208179195141252,0,0,0
0.05544014279105027,0,1,31.610146901126274,0,0,0
0.05167501772570957,1,1,22.455456990097694,0,0,0
0.007013836263058886,1,4,44.156654455819584,0,0,0
0.012079505567489882,1,1,33.389059020156104,0,0,0
0.0031674203187403655,1,2,25.382825643653902,0,0,0
0.004703529230160753,0,3,29.013045740980683,0,0,0
0.04174536359019918,0,4,25.95565940830943,0,0,0
0.006000083910463712,0,2,19.043641394548764,0,0,0
0.02746828857194584,1,2,30.202324306126602,0,0,0
0.051630985604319946,0,0,36.54059281720469,0,0,0
0.003951098485645358,0,2,40.62035959945799,0,0,0
0.0004934328923531025,1,2,129.46399393493175,0,0,0
0.027639308715290474,0,2,24.787739610364,0,0,0
0.053541307432346225,0,2,34.47837607557808,0,1,0
0.015425012971080131,1,3,32.829038698876445,0,0,0
0.006782814925509731,1,3,30.389662225698746,0,0,0
0.007926046765321229,1,4,20.780071901776765,0,0,0
0.004447065492680942,0,2,31.695666099472,0,0,0
0.020344935710175427,1,3,29.171375678817846,0,0,0
0.01635834785198082,0,1,34.53993660701636,0,0,0
0.005052986767377021,1,2,27.94580867141991,0,0,0
0.0012807814923162443,1,1,36.46045770595256,0,0,0
0.0021587319064720343,1,2,24.189811701175753,0,0,0
0.0022467554017890027,0,2,31.62016778146507,0,0,0
0.01911215878417319,0,1,27.873229256245658,0,0,0
0.006744648739902447,1,1,24.183978177657323,0,1,0
0.0011484047216579875,1,2,24.486268507401725,0,0,0
0.004575851808801749,0,2,29.4443507600586,0,0,0
0.0026827245629979166,0,1,30.46986057529567,0,0,0
0.016773264159839586,0,1,30.863228343448892,0,0,0
0.017865035478751345,1,2,30.346292937859857,0,0,0
0.00042748184114950325,0,0,25.345293654235554,0,0,0
0.053762205621093954,1,4,36.738016995441235,0,0,0
0.017994983738810588,0,1,28.12528421680187,0,0,0
0.027902960288290146,1,3,29.42849376349143,0,0,0
0.002337073610431648,1,2,29.82712568515513,0,0,0
0.033215121652364635,1,1,41.62296832590076,0,0,0
0.010169488719884982,1,0,31.042532100170725,0,0,0
0.03438415519736547,0,3,135.4382006680649,0,0,0
0.01000917710182679,1,2,28.13438943045173,0,0,0
0.0151170680608793,0,1,21.717445864256053,0,0,0
0.004741011084017916,0,1,25.728209316434686,0,0,0
0.1013397129774271,0,4,33.87384867855345,0,0,0
0.024522705554858772,0,1,27.294777575375257,0,0,0
0.0029611356528580954,1,2,25.47784407445745,0,0,0
0.0011511106051258879,0,1,31.06313454497348,0,0,0
0.015351722926547616,1,3,33.69328013129473,0,0,0
0.010261524002750983,0,1,26.645585633863263,0,0,0
0.000650652846784246,1,3,33.292372910004865,0,0,0
0.027471857804457364,1,4,36.486052549333145,0,0,0
0.0017822459162429303,0,6,28.867170425138355,0,0,0
0.0017471631252250893,1,3,26.676494280435506,0,0,0
0.01748316833343933,0,0,168.39190843160975,0,0,0
0.006498267612862117,1,1,21.70095465976761,0,0,0
0.005433774128446484,1,0,34.93629843784189,0,0,0
0.0008802298735989874,0,3,25.42541874522123,0,0,0
0.003396425017586768,1,1,23.311122619211215,0,0,0
0.026947567069993662,1,2,34.9780302629045,0,0,0
0.009396604456208598,1,2,28.53287510728053,0,0,0
0.013620363742903022,0,1,35.74752394166792,0,0,0
0.001524606985722587,0,1,26.364719694941513,0,0,0
0.023424348139824497,1,4,27.484254824209632,0,0,0
0.008010277087839301,0,0,25.859800897028578,0,0,0
0.015658320976113853,1,1,26.743699228058315,0,0,0
0.005518518428359169,1,3,21.920182302825946,0,0,0
0.008955065421617206,1,1,25.961055371456045,0,0,0
0.006042103792683816,1,2,33.55862683100682,0,0,0
0.00024209823138922663,1,3,37.91083904620932,0,0,0
0.017818655440501853,0,0,33.98408930412441,0,0,0
0.008766340013638768,1,3,27.698044631917178,0,0,0
0.00243192401965284,1,2,27.838551540477138,0,0,0
0.004052662552992922,0,0,34.52373203025954,0,0,0
0.0035605029401523736,1,2,34.70099763024568,0,0,0
0.0003855069293424015,0,4,138.20359872846151,0,0,0
0.006595980185099517,1,4,19.863634920036542,0,0,0
0.020699795984218405,0,1,33.66116188431779,0,0,0
0.00015958822085969447,1,3,30.423245806237137,0,0,0
0.0017938001228956747,0,1,32.2137042406686,0,0,0
0.02579850454361561,0,3,40.427777606363186,0,0,0
0.002058815454469989,1,4,32.01644950711412,0,0,0
0.0035474694438012533,0,1,34.284116046601596,0,0,0
0.00019341198096265865,1,4,30.418154101054558,0,0,0
0.0021110257946406748,0,3,30.47007065603218,0,0,0
0.02586200746631337,0,3,35.434623126177705,0,0,0
0.057881411738087446,0,3,22.126872451440164,0,0,0
0.0012417270950067605,1,2,37.062057759791486,0,0,0
0.0047639149323733245,0,2,30.726802324402044,0,1,0
0.058720989070215085,1,1,28.88755834279984,0,0,0
0.005064077329462745,1,1,33.60923899645122,0,0,0
0.04518245171629799,0,0,26.638696502810262,0,0,0
0.0015887825407568553,1,3,19.2148680809103,0,0,0
0.0010557608392639476,0,1,24.79336785023401,0,0,0
0.050462220979501586,0,4,31.99863875821712,0,0,0
0.00024139289856027474,0,2,31.197370831761322,0,0,0
0.0037636479040000287,0,1,23.538993593688758,0,0,0
0.0173468473879369,0,2,27.049801047204017,0,0,0
0.3173555538787036,0,4,24.703930972683036,0,0,0
0.0055059073651501905,1,1,28.382811276967043,0,0,0
0.0041282959460877035,0,4,30.200478052858085,0,0,0
0.002104409883309286,0,2,27.178140754676342,0,1,0
0.01466204060706779,0,1,28.171624731182124,0,0,0
0.001887702438843292,1,2,28.03164591976061,0,0,0
0.0011246733241316279,0,2,28.909816718730873,0,0,0
0.006475222469020885,1,0,25.958487002829205,0,0,0
0.07396575362111633,0,3,31.197596695672143,0,0,0
0.24056985078966675,0,2,129.1918802433472,0,0,0
0.00386737459550321,1,2,30.378858917723534,0,0,0
0.025189801627177322,0,3,33.50594818528512,0,0,0
0.0025129076813047418,0,1,47.228843364882295,0,0,0
0.014451609154986321,0,3,33.55875953461539,1,0,1
0.0005497457779095892,0,3,35.56616712497762,0,0,0
0.0329179330258087,1,1,27.749963574769467,0,0,0
0.02235647094451453,1,2,36.28876988911232,0,0,0
0.020651132089181224,0,5,30.8464062994153,0,0,0
0.028983017800934305,0,4,21.860802800380732,0,0,0
0.026384194682313566,0,1,26.269065725104646,0,0,0
0.000884421352433003,0,1,19.719073646855012,0,0,0
0.008223023071347202,0,3,32.31735113174342,0,0,0
0.05890098830599044,0,3,29.289291463829702,0,0,0
0.03780726307410591,1,3,107.86344572645656,0,0,1
0.002176202773331258,0,1,30.15137208819293,0,0,0
0.026243962309583292,0,2,22.421194896984435,0,0,0
0.009900777569311152,0,0,33.576139777757234,0,0,0
0.0010753310349181373,1,0,36.09814205015069,0,0,0
0.002370934902038466,0,0,23.92638924410767,0,0,0
0.018729977301291143,1,3,21.655869898117572,0,0,0
0.0002846651350429866,1,1,30.21185936852589,0,0,0
0.01501585914391144,0,3,33.422086543023994,0,0,0
0.00018970871865701115,0,3,30.68215423032436,0,0,0
0.002036032434600991,0,0,29.733423413316082,0,0,0
0.009925185501157504,0,0,25.156573053629007,0,0,0
0.0204002713041545,0,1,35.25004033362052,0,0,0
0.00012931121569192467,1,4,26.362483612665958,0,0,0
0.012467425406030968,1,1,32.688895392055215,0,0,0
0.018332264010168752,0,2,27.919210345474376,0,0,0
0.033264085098183196,0,1,32.455671930590455,0,0,0
0.004360915790015232,1,2,23.139458705728245,0,0,0
0.003297047328338146,1,3,27.647239924192707,0,0,0
0.1241186899132386,0,3,22.924599614242062,0,0,0
0.007143348955838323,1,2,24.53474336654893,0,0,0
0.002128206045778406,1,1,29.311562745925553,0,0,0
0.04582434048256026,1,3,21.982750716751905,0,0,0
0.002712964440560875,0,3,32.96045717011568,0,0,0
0.004117692896048523,1,2,32.732504159871574,0,0,0
0.02201204364697093,1,2,39.86814474457908,0,0,0
0.0015646219971082176,1,3,32.368432304922685,0,0,0
0.004659886226328141,0,4,41.16344144620258,0,0,0
0.011846315439399596,1,0,18.083093765396825,0,0,0
0.0030647803202317626,1,4,26.363248920100297,0,0,0
0.0034530903977998523,0,0,33.369977673312476,0,0,0
0.008089220232375067,0,2,41.778903444903975,0,0,0
0.025779590698387356,1,1,31.627864071956424,0,0,0
0.02768819342133891,1,0,35.82305540719544,0,0,0
0.0021419590214186604,0,0,33.047036581442576,0,0,0
0.05525906755571935,1,0,35.78545317449956,0,0,0
0.012170081961977147,0,3,37.703365417418745,0,0,0
0.037800353717628556,0,2,29.79070701815784,0,0,0
0.004126559428839719,1,4,112.84632918534773,0,0,0
0.0007647021239838677,0,3,34.343209782312144,0,0,0
0.007807420594986069,1,1,36.20228605365402,0,0,0
0.009876816373239696,0,1,33.59242622009572,0,0,0
0.004039729330554009,0,4,34.755857052703305,0,0,0
0.0005900145612960293,0,1,32.22172386613535,0,0,0
0.011748389271506662,0,5,34.08332592519426,0,0,0
0.0024223763090295077,0,1,19.595728841532384,0,0,0
0.0767767304148429,0,1,30.305223350004933,0,0,0
0.020119589906932002,0,2,36.82645729303522,0,0,0
0.0008380737913769667,0,3,23.49523779167891,0,0,0
0.003492817566498542,1,5,34.26056778479001,0,1,0
0.06307611716295107,0,0,39.898962382982376,0,0,0
0.0005627060210776321,0,0,30.62226548649129,0,0,0
0.007514239119794605,0,0,24.183006391009936,0,0,0
0.011650577473992247,1,2,29.001671238255007,0,0,0
0.03975272846208333,0,1,30.165350046629026,0,0,0
0.0011562537700493107,0,1,28.98103318087468,0,0,0
0.011479164273182981,0,3,41.03652229299371,0,0,0
0.037369518845516134,1,2,36.804641489549994,0,0,0
0.002381712545201954,0,3,30.83497789879544,0,0,0
0.0044917358440913265,1,2,28.47839600016658,0,0,0
0.00012196001076980098,1,3,24.661433338753085,0,0,0
0.006184201059511458,0,3,153.47927257521607,0,0,0
0.0017127419688829264,1,2,33.437916794188205,0,0,0
0.014220379593823869,0,3,28.95495151999766,0,0,0
0.022881839926669725,0,2,41.696684524800304,0,0,0
0.0011010094286961697,0,2,31.249657193911272,0,0,0
0.004932434129789463,1,5,33.54678424202373,0,0,0
0.0006907774576644096,1,0,23.890484481563373,0,0,0
0.005305836377953264,0,2,180.05105204476166,0,0,0
0.002527581711812383,0,1,22.654355715323717,0,0,0
0.0032149614890641764,0,2,32.21177713112001,0,0,0
0.0350685021245025,0,3,177.84404276339018,0,0,0
0.0036001496525815066,1,2,29.713883776221284,0,0,0
0.006053625313666894,0,0,24.635767723959738,0,0,0
0.00021967926746832738,1,3,35.76414648143977,0,0,0
0.05296656176631993,0,1,22.898952417683518,0,0,0
0.006761730943831976,0,1,30.04435416330041,0,0,0
0.004918801085983132,0,4,29.198355302475694,0,0,0
0.0027860388060391337,0,2,35.24532280222938,0,0,0
0.0013632340167662666,0,1,25.237980281434243,0,0,0
0.015791903792295833,1,1,29.97570154772574,0,0,0
0.045350787343317496,0,3,25.126126569854478,0,0,0
0.0011215005326134888,0,2,37.28309392110001,0,0,0
0.0024222230997779895,0,0,20.956401089756945,0,0,0
0.01834641060836153,0,1,27.224133162362357,0,0,0
0.012439126576384085,0,3,26.11466977972417,0,0,0
0.005887557235481725,1,1,31.076689129745606,0,0,0
0.00799429845793138,0,1,32.18221261079783,0,0,0
0.0025645777800244554,0,3,29.510946834808156,0,0,0
0.0037531391407696,1,3,30.93872875176267,0,0,0
0.05278111643370074,1,2,32.143064400591065,0,0,0
0.0008957387164899283,1,1,41.82469743909666,0,0,0
0.05224085572730599,0,3,24.85949855383143,0,1,0
0.003050537713631456,1,2,36.9876415779132,0,0,0
0.048999233507891156,0,4,25.038075552750897,0,0,0
0.007467329684230798,1,2,20.980346521667848,0,0,0
0.00782494944047497,0,2,26.432565371800905,0,0,0
0.005406551501014519,0,1,25.79421294855419,0,0,0
0.007406363112918269,0,3,30.140756462439974,0,0,0
0.007607586480456075,1,0,32.254343135952695,0,0,0
0.0005289845039223068,0,0,33.18118237773577,0,0,0
0.005375594334119258,1,1,34.43720165087445,0,0,0
0.0005573381456756017,1,1,28.209184422400135,0,0,0
0.0030974529990984083,1,1,31.916136888368055,0,0,0
0.006096102660685257,1,3,34.01946728643181,0,1,0
0.019199870814016248,0,1,26.36714487930988,0,0,0
0.0026537700901787765,1,3,19.393556361278165,0,0,0
0.00837110859564686,1,3,27.276545468439995,0,0,0
0.020556543778797797,0,1,26.165364335167364,0,0,0
0.0008969506771780002,1,0,35.839642158634334,0,0,0
0.01071261839346036,0,0,35.023208918669525,0,0,0
0.001085366325899461,1,3,27.081987870448078,0,0,0
0.0021968496678542795,1,3,33.65190741327769,0,0,0
0.002331794396445128,1,2,27.99563714625987,0,0,0
0.01303998821873565,0,3,33.54929910261512,0,0,0
0.018063535814044338,1,1,31.66772683874243,0,0,0
0.00338230333389328,1,1,28.030439871280418,0,0,0
0.009952519659338781,0,1,31.768389061921575,0,0,0
0.014111091246207467,1,1,27.01766109581716,0,0,0
0.010264219926588908,1,0,37.091344710231134,0,0,0
0.09139899338695019,1,0,24.509860243172035,0,0,0
0.011943300853283724,1,6,34.797844351353234,0,0,0
0.09540018564893327,0,1,29.146991826633244,0,0,0
0.002626810919954286,1,3,25.244121942509476,0,0,0
0.001845272673446275,1,3,26.975868591301367,0,0,0
0.005942371174903915,1,2,25.866806249415816,0,0,0
0.0007334391738914256,0,2,29.7637927024502,0,0,0
0.0005129975699849252,0,1,36.47091295512403,0,0,0
0.013422144558265488,1,1,29.571961620416317,0,0,0
0.013034998033870237,1,1,28.923085685689344,0,0,0
0.012164537531855101,1,2,107.32731450162913,0,0,1
0.006829544096510313,0,2,31.770963640235788,0,0,0
0.0018890749755526496,0,1,30.50730438428166,0,0,0
0.00043081620078598646,1,4,30.35004806715431,0,0,0
0.00782029028291724,0,2,31.563346022971043,0,0,0
0.009367763070942687,1,3,29.36806749500697,0,0,0
0.0297412976856923,0,2,30.069897667963048,0,0,0
0.027702760052302735,0,0,37.72354823088996,0,0,0
0.030101176348519734,0,5,29.606004771464036,0,0,0
0.062296904192488955,1,0,22.930023056748112,0,0,0
0.0007081165901909888,0,1,24.037565120932243,0,0,0
0.010359887095802585,1,0,25.593002429938856,0,0,0
0.011415796210151716,1,2,33.62149065071097,0,0,0
0.02884824869044855,0,2,26.953006756095398,0,0,0
0.005260047537360744,0,5,36.190961601976554,0,0,0
0.0015588633843718002,1,2,30.663355692924203,0,0,0
0.013197912443156832,0,0,18.553700257305515,0,0,0
0.033004077761014244,0,2,37.16460938909446,0,0,0
0.016925076179894943,0,2,35.38901954558614,0,0,0
0.10939425496738808,1,2,31.318222111742113,0,0,0
0.0011489679606752118,1,0,35.78671537689791,0,0,0
0.010083402377402928,1,0,28.359332520244724,0,0,0
0.004742842524041692,1,3,111.67518868857289,0,0,0
0.019368473787664226,1,1,31.250928665597925,0,0,0
0.007960911123567095,1,2,24.79362503590879,0,0,0
0.017981170197229824,0,0,25.221521912837886,0,0,0
0.04024057882241633,1,3,23.408196807993992,0,0,0
0.419430161221737,1,2,31.65335871358212,0,0,0
0.03389911808061319,1,2,27.9463686714489,0,0,0
0.0030950988446197514,0,0,35.32545928461527,0,0,0
0.01567377781677163,0,1,24.874820596304097,0,0,0
0.006342376944835149,0,2,36.0345848189856,0,0,0
0.00023431376458600873,1,1,29.579909841504286,0,0,0
9.7944110442112e-05,1,3,24.487087669220458,0,0,0
0.04323121828130552,1,0,34.345842072172076,0,0,0
0.006292695995293799,0,1,26.321867356627624,0,0,0
0.14870938161163763,0,1,18.60993890705022,0,0,0
0.0008345837768039011,1,2,27.74588159647057,0,0,0
0.008269612093120927,1,1,27.811314866034092,0,0,0
0.004640274318690317,1,4,31.395978755675465,0,0,0
0.009872091563462287,0,2,27.30614500248765,0,0,0
0.002714384506166396,0,1,39.91165370140316,0,0,0
0.024355570202576986,0,0,21.837090735845003,0,0,0
0.02736773320910275,0,5,33.09345881793662,0,1,0
0.006696033455526982,0,0,31.227730252610552,0,0,0
0.00016352258549744633,0,3,22.27192653148641,0,0,0
0.002480866308416864,1,4,38.462992555815774,0,0,0
0.021974056872583917,0,1,23.0968063653526,0,0,0
0.0792447843730806,1,2,31.917669216996696,0,0,0
0.009989192060780385,0,2,32.75097435830243,0,0,0
0.24201299140363974,0,0,31.905195499575218,0,0,0
0.002926663463749217,1,0,25.353433699587967,0,0,0
0.011682003351820564,1,2,32.68305365485776,0,0,0
0.0004928431978186831,0,0,33.537688241976014,0,0,0
0.0006762501720234101,0,3,24.790282888353584,0,0,0
0.016050253857592237,0,5,34.02683186889889,1,0,1
0.0003359442104795487,1,2,29.748315490596582,0,0,0
0.007613995817945191,0,1,33.81307606616041,0,0,0
0.006587987436771158,0,2,30.588813717185403,0,0,0
0.0010657236002278474,0,3,16.08483780755395,0,0,0
0.0010389819616396375,1,1,32.05845876871497,0,0,0
0.004125810454892595,0,3,28.105979483304175,0,0,0
0.006440155054516127,0,1,32.3747844712544,0,0,0
0.00021633126129798024,0,4,26.018884835736543,0,0,0
0.016734622493977874,0,2,30.997133423852627,0,0,0
0.0030135429100459172,0,2,25.129335299114082,0,0,0
0.084399707037726,0,3,33.5679708297201,0,0,0
0.0017897151144079444,0,1,23.270286198486144,0,0,0
0.0016815930225241658,0,1,23.372771522782504,0,0,0
0.00993435713651567,1,1,31.253591130632493,0,0,0
0.007295798904459675,0,3,32.751845671468054,0,0,0
0.005764343140890373,0,0,184.54082679514843,0,0,0
0.014479483113416283,0,2,27.476155077475866,0,0,0
0.006168909570464733,0,0,35.7752347729156,0,0,0
0.0020763804167813426,1,1,19.569799437890545,0,0,0
0.01870190237953664,1,1,27.517308810221543,0,0,0
0.2004277917092279,1,2,31.548502034326447,0,0,0
0.005087998298969888,0,2,27.41242800366735,0,0,0
0.014712008280221928,0,1,174.77533213977253,0,0,0
0.002999212644247056,1,3,36.55981679798433,0,0,0
0.005272158618676433,0,0,28.123466663279487,0,0,0
0.0028648381279405177,1,1,109.31989239884204,0,0,0
0.015116790299305535,0,0,27.014456437266098,0,0,0
0.003169155660192784,1,0,29.63490335013296,0,0,0
0.005428372031013298,1,0,35.3740276654404,0,0,0
0.008223236879262356,0,3,25.295141022436937,0,0,0
0.005251473154200777,0,2,27.724166024655293,0,0,0
0.03460123403046593,0,4,31.112732688472573,0,0,0
0.007845977815950811,0,1,30.242574399978697,0,0,0
0.004557787646484493,0,0,38.30399897659201,0,0,0
0.0011408883794847386,1,2,33.29939436935712,0,0,0
0.012845295489886574,0,2,33.029966751132484,0,0,0
0.009138850450306104,1,5,28.12683214776921,0,1,0
0.014084514935474694,1,0,32.962236115397964,0,0,0
0.0026290374572800843,1,3,27.145886199403165,0,0,0
0.002419821829568155,1,0,28.032237385225365,0,0,0
0.0036350212544945222,0,2,29.494958684180723,0,0,0
0.0071676082036671125,0,1,32.283509445994014,0,0,0
0.0043531524695251895,0,0,32.09992697663321,0,0,0
0.0006729400071805936,1,3,23.977891533145176,0,0,0
0.016514362677918733,1,2,37.18511508062353,0,0,0
0.004329007358511767,1,0,23.63631265647355,0,0,0
0.01786143597492654,1,3,26.397875017375107,0,0,0
0.008846927224925293,0,1,28.156632382232356,0,0,0
0.0006904337110027592,1,1,146.21544055979524,0,0,0
0.005512666516748571,1,1,36.791527267859024,0,0,0
0.0012630502061891373,1,2,35.59369570622221,0,0,0
0.0175317570830352,0,1,31.21118577127523,0,0,0
0.0025316506762031125,1,1,31.996996676593472,0,0,0
0.006543512951313928,0,1,26.832372631917757,0,0,0
0.030780317631942583,1,0,115.62702785420724,0,0,1
0.000354490111739922,1,0,26.985317048309142,0,0,0
0.1881307274153501,1,2,32.786147132862205,0,0,0
0.019585834211450104,1,5,34.3442365633887,0,0,0
0.05007484059182546,0,0,38.599723778143485,0,0,0
0.0028312360418633435,1,0,31.737038487506908,0,0,0
0.024964849247618243,1,5,25.521570363130802,0,0,0
0.125701802584569,0,1,29.598540950899647,0,0,0
0.0034943621114381746,1,2,29.440261693301714,0,1,0
0.0016644498208171338,0,3,30.284743783017042,0,0,0
0.0004103121866201475,1,2,143.09005113609942,0,0,0
0.0024521154423191253,1,3,28.090669709868695,1,0,1
0.0013626236643237363,1,1,21.251706035757216,0,0,0
0.0004975858943468388,1,2,24.98339519295609,0,0,0
0.001723804144558155,1,1,42.22688619716226,0,0,0
0.00268588086665043,0,1,35.01914415624322,0,0,0
0.0007313553780409178,1,3,24.80035003147678,0,0,0
0.0027380817151185723,1,3,32.76682380749399,0,0,0
0.0047865107550907554,1,2,38.43899569109136,0,0,0
0.004385918362797361,0,2,35.59697049411967,0,0,0
0.004216829300745,0,0,22.199577501536716,0,0,0
0.0013221700589323476,0,1,31.50927505090148,0,0,0
0.006661869374789548,0,3,38.62663424971703,0,0,0
0.0368643494433862,1,1,40.08413783480975,0,0,0
0.017811876723662745,0,3,29.437747598100447,0,0,0
0.004871132155570212,1,1,30.276983669192404,0,0,0
0.0026211831347019332,1,2,30.435256225457493,0,0,0
0.007402005961573301,1,3,29.216844780515554,0,0,0
0.004799544689501327,1,0,29.45697936824974,0,0,0
0.0008808450671411557,1,2,25.936546406747283,0,0,0
0.02686128899796199,1,1,35.7199110678814,0,0,0
0.5330722472752847,0,2,27.106156634869947,0,1,0
0.004356865543483646,0,2,36.14636827141119,0,0,0
0.11763610546992626,1,1,32.51096238449343,0,0,0
0.0009965838487133553,0,2,26.388668616050595,0,0,0
0.028642047522548467,0,2,28.83073521230957,0,0,0
0.05264634791999951,0,4,30.07867761159465,0,0,0
0.007361123114028527,1,2,31.489793544168627,0,0,0
0.01121905343989073,1,4,26.475977716002596,0,0,0
0.19690734197174672,1,1,30.08993527972284,0,0,0
0.021834454169230254,0,1,34.35273079890554,0,0,0
0.004698323983625143,1,4,34.664011373385094,0,0,0
0.008140516817730712,0,3,36.69247095504738,0,1,0
0.011091713891858099,0,5,33.874441957457435,0,0,0
0.0022822956915825297,0,3,24.320821224192365,0,0,0
0.013021689960858469,1,4,26.610307293178476,0,0,0
0.1414348862332408,0,1,80.40240596318345,0,0,0
0.001607622035391412,1,2,27.774696323985367,0,0,0
0.002175090336615165,1,3,37.1174249237543,0,0,0
0.003389137403823735,1,4,32.127717393055924,0,1,0
0.0032517519377629916,1,2,26.747691315611167,0,0,0
0.054609628111875835,1,3,28.49749360802418,0,0,0
0.0029880604688775543,1,1,28.935220772470114,0,0,0
0.0006879849474090828,1,3,24.306101830314113,0,0,0
0.008499612954836783,1,4,34.186284540374594,0,0,0
0.0014779169341401456,0,1,24.06635616342427,0,0,0
0.09260489286018624,1,3,28.571065168201045,0,0,0
0.002936213969946378,0,3,24.509044777059977,0,0,0
0.0028841466432067637,0,2,31.749605155438903,0,0,0
0.05612332320085327,0,1,24.167654745106326,0,0,0
0.0020079074675666926,1,4,23.93025258045762,0,0,0
0.009530643967137608,1,3,31.30251547317286,0,0,0
0.017097273126065366,0,2,31.371373287517603,0,0,0
0.007296953148170933,1,0,28.60709552126812,0,0,0
0.0010630247179388168,0,2,31.640044255402955,0,0,0
0.01112682949082541,0,3,30.306120445355276,0,0,0
0.015924371519175397,0,2,30.677487018695825,0,0,0
0.0026208238698387123,1,1,29.106752092251213,0,0,0
0.011333924589580623,0,2,41.829431002339234,0,1,0
0.0036010458034873337,1,5,28.174447087668938,0,0,0
0.02423864188120347,1,6,183.31820044519205,0,0,1
0.019327991010240957,1,0,30.907527448171468,0,0,0
0.0323146914554301,1,3,24.580423472959573,0,0,0
0.016861278762100956,1,2,20.339806202904057,0,0,0
0.024036021219806754,0,3,35.48974188346471,0,0,0
0.007334202135992036,1,3,27.643236422959014,0,0,0
0.026746396639415315,0,0,35.07943701010831,0,0,0
0.00034600133408663967,1,2,27.549809772581927,0,0,0
0.00022776772676835018,0,2,38.392199404341305,0,0,0
0.006586510950079076,0,3,28.895125364890404,0,0,0
0.0029691932753692497,1,1,25.651052120736153,0,0,0
0.0007289280539861564,1,4,41.301659362976196,0,0,0
0.0017859844683930492,0,1,21.885126784805912,0,0,0
0.042957155072537216,1,2,27.90813793385783,0,0,0
0.0363429910057668,1,1,85.62381695467774,0,0,1
0.003960985860808352,1,2,30.855185676451345,0,0,0
0.011329814103232857,1,1,23.31663774144674,0,0,0
0.006854915901631147,1,0,25.625355197860948,0,1,0
0.0020541877786745613,0,2,30.229902394784,0,0,0
0.014664539033430938,1,2,28.75121868012299,0,0,0
0.037695613362656644,1,0,20.98312670007197,0,0,0
0.002450852799831824,1,6,37.39149963109378,0,0,0
0.003380820881606246,1,0,61.78261372872557,0,0,0
0.003442329230182541,1,3,23.650335797236604,0,0,0
0.0016419591026333982,1,4,28.356152817895953,0,0,0
0.000550734577639091,0,0,34.186439513554944,0,0,0
0.0029312430466176096,0,3,40.50841851017867,0,0,0
0.018357082836998433,0,0,29.528865872225985,0,0,0
0.010307553197076757,1,0,28.95301806009469,0,0,0
0.0014483892487187565,1,1,23.76496993134077,0,0,0
0.01856444977900313,1,0,29.66145621145206,0,0,0
0.017915818970029196,1,3,32.48427876578137,0,0,0
0.006812662059987952,1,0,37.076625200873096,0,0,0
0.022645860705053703,1,1,20.34854464426774,0,0,0
0.009383701594390646,1,1,31.00126623117736,0,0,0
0.006485859358659272,0,2,18.864576286929818,0,0,0
0.0036048641421378247,1,1,36.80306430352631,0,0,0
0.031169526730077758,0,3,32.59014366734821,0,0,0
0.027286036234949823,0,3,31.926004547388793,0,0,0
0.0005310404049913363,1,1,27.198514266774286,0,0,0
0.009130504595649932,1,3,26.671228492548376,0,0,0
0.03045847705902642,0,4,21.384867622456184,0,0,0
0.0014812054936158942,0,2,29.978887011275,0,0,0
0.2459943581819273,0,1,26.503756624113237,0,0,0
0.021722709371274407,1,4,23.974090402650916,0,0,0
0.0018291339943460176,1,1,25.48695393058504,0,0,0
0.0035198662506758615,0,2,32.14079144777856,0,0,0
0.0015055398795485533,0,0,27.81340805000782,0,0,0
0.03101541264774502,0,1,35.91951689196687,0,0,0
0.04189948408901365,1,1,33.00927772258398,0,0,0
0.01166987359155685,1,5,29.790467401343104,0,0,0
0.0004986486103164373,1,5,22.682127787168422,0,0,0
0.0022975472505329816,0,5,33.77480146949564,0,0,0
0.011704515296740636,0,3,26.814824228341486,0,0,0
0.0068568793719743955,0,1,34.45252307980581,0,0,0
0.0021510957988262846,0,4,25.175109962473794,0,0,0
0.0006333044974057338,0,2,23.747854587080163,0,0,0
0.018103636358079073,0,2,24.539521024949167,0,0,0
0.013912421247982327,1,1,25.259179095727063,0,1,1
0.07072374582239917,1,3,28.954476026030644,0,0,0
0.008925721151420709,1,0,34.55100850321112,0,0,0
0.10801212667140776,0,1,29.0943211685643,0,0,0
0.0012500858654294386,0,1,29.31049394076269,0,0,0
0.013106879595618397,1,5,28.737972772636734,0,0,0
0.04272416723485412,1,3,135.58105933543422,0,0,1
0.0033524836030472335,1,4,29.0590454112011,0,0,0
0.0037828328699021263,0,2,40.26575495368798,0,0,0
0.006803400135610818,1,0,29.5743944742619,0,0,0
0.013353095614656045,1,0,23.661103368235352,0,0,0
0.017068553033747106,0,3,27.187567187817837,0,0,0
0.01007276555258215,1,2,24.14347810708987,0,1,1
0.011840764448578518,1,1,20.93244139086265,0,0,0
0.006982483884935636,0,2,29.986396121176526,0,0,0
0.0007893537449356506,0,4,31.083559881823795,0,0,0
0.003990523244333573,0,1,27.66097953968712,0,0,0
0.0011705155973869652,0,3,30.65374634228377,0,0,0
0.0015415332069472864,0,0,23.455128347861677,0,0,0
0.0007260118877834152,1,2,35.73814408592853,0,0,0
0.016256884051108797,1,3,23.124223999887825,0,1,1
0.007174764358482787,1,1,40.018958685264366,0,0,0
0.015086319450123623,1,3,20.852609979177064,0,0,0
0.025128159053101156,1,1,34.608839390175525,0,0,0
0.010635227745043111,0,0,177.50440649750354,0,0,0
0.08559357904982232,0,1,34.52124107489482,0,0,0
0.0018021571284498818,1,1,25.229749759619448,0,0,0
0.011590551183278243,1,0,39.56846433387707,0,0,0
0.017189996099142072,0,3,26.529454124403163,0,0,0
0.09389787590749556,0,3,27.726432988115818,0,0,0
0.07698946831958794,1,2,122.7485555234683,0,0,1
0.002278474837214452,0,4,29.660900885928818,0,0,0
0.0008367442813487551,0,1,31.95022877028249,0,0,0
0.05493224194680983,1,1,33.24879778361909,0,0,0
0.0016877186335042954,1,4,32.105096288136004,0,0,0
0.007420096667037902,1,4,30.647043279535232,0,0,0
0.005314388326389114,0,2,31.663208373695053,0,0,0
0.01273666102667367,1,2,25.279873023758725,0,0,0
0.04613167484976262,0,4,21.64892638398151,0,0,0
0.011084979009412936,1,3,35.46051155352359,0,0,0
0.02067867702434718,0,4,40.84107512926418,0,0,0
0.003670676088019392,1,2,41.947888673225435,0,0,0
0.015093344836951286,0,2,24.002717920846923,0,0,0
0.0038042220803609704,1,2,30.536175515160274,0,1,0
0.06645015903193499,1,3,27.24237005624788,0,0,0
0.001029705026874248,1,2,29.41358313208903,0,0,0
0.010096358351340328,1,2,27.815552267876647,0,0,0
0.0056489378778738575,1,3,31.343201964597505,0,0,0
0.09059811351526616,0,4,33.89239502865797,0,0,0
0.004936578514396098,0,1,30.339086400437896,0,0,0
0.029629533815893852,0,4,30.233278958683297,0,0,0
0.003211036640462908,1,1,40.72080370491204,0,0,0
0.015030986637943295,1,2,35.51571047497596,0,0,0
0.006215080469486805,1,1,28.2099443636751,0,0,0
0.010662081036741456,1,2,29.82796021342638,0,0,0
0.004981076714110414,1,3,33.280135036567,0,0,0
0.0005640816083615283,1,2,37.464847749423114,0,0,0
0.0005748411677477247,0,2,22.090740342127322,1,0,1
0.008804513059659942,1,1,30.172292110562783,0,0,0
0.0011696016581209067,0,2,25.992557223133428,0,0,0
0.054301917457970306,1,1,157.78625217155022,0,0,1
0.005737432701346255,0,1,31.95132222687097,0,0,0
9.16275251298889e-05,1,1,26.558833667922894,0,0,0
0.00030051809270820304,1,2,22.182025482378563,0,0,0
0.0009061610047401035,0,0,27.430732886499317,0,0,0
0.014323954572822416,0,3,27.54689305174193,0,0,0
0.006210670295418004,1,2,155.40621019625004,0,0,0
0.0013495300111896415,0,0,24.271856477457625,0,0,0
0.002726082668852196,0,2,23.844099209571176,0,0,0
0.006696069628188793,0,0,23.37559301623115,0,0,0
0.060592618761593775,1,1,20.219154296835974,0,0,0
0.030640254066160742,0,0,30.9775438287605,0,0,0
0.0007669900076431218,1,4,38.16320682779157,0,0,0
0.05272773538663159,0,2,28.015624546207643,0,0,0
0.015638788549653834,0,1,25.165236442446535,0,0,0
0.009304685692543384,1,1,33.29244319362652,0,0,0
0.0019769312987596714,0,5,30.02298140813134,0,1,0
0.02624789102369405,0,1,24.503064897231145,0,0,0
0.007907832291206066,0,2,38.414485100715595,0,0,0
0.05773214204025108,0,0,111.32558764114043,0,0,0
0.005961982473136266,1,3,26.333041778667514,0,0,0
0.03419897727827026,0,0,32.24400811140308,0,0,0
0.005778358560462735,0,2,32.33025584392986,0,0,0
0.00020797776787570842,0,3,26.105106372985865,0,1,0
0.00042120205083307204,1,5,24.803014792617088,0,0,0
0.07768007843418624,0,3,28.830481364732332,0,0,0
0.0034999059698732635,1,0,33.67519378306807,0,0,0
0.006748366721924169,0,2,22.057907187122773,0,0,0
0.005414005054334255,1,3,30.190289917952043,0,0,0
0.00011220477364803851,1,3,37.705923608757644,0,0,0
0.0015305966445550343,1,1,25.750140668965937,0,0,0
0.044174091879457665,0,4,25.054254707326972,0,0,0
0.0029283478785976508,0,3,27.074493453382956,0,0,0
0.002622941456379122,0,4,28.999811508575092,0,0,0
0.009163175865778422,0,4,110.20668645829656,0,0,0
0.010928120576615453,1,2,32.67529920536219,0,0,0
0.0020190830317224832,0,4,26.59431201262546,0,0,0
0.004184934660831396,0,2,32.20057097246789,0,0,0
0.00429802307107644,0,1,146.1582243655213,0,0,0
0.010222577641334305,1,1,24.794197851939693,0,0,0
0.00014196543402099875,0,2,23.716255669872197,0,0,0
0.05577281786896749,1,2,30.722477883112333,0,0,0
0.00728282955098298,0,1,29.643027125417667,0,0,0
0.017759520538400728,1,1,22.977852376582042,0,0,0
0.0018882319674153093,0,3,27.878964073322305,0,0,0
0.0030449453486137788,1,3,32.13923275724796,0,0,0
0.14235359258948996,1,4,25.205384689915704,0,0,0
0.013958284026114723,1,1,35.12004807280305,0,0,0
0.04421617759570496,1,1,33.856313863880175,0,0,0
0.1089921952045792,1,2,29.334089845551404,0,0,0
0.0013788471687906974,0,0,33.78126471634555,0,0,0
0.004731045274540503,1,3,36.92476951042376,0,0,0
0.0030792198597213803,1,3,28.002261150643903,0,0,0
0.040274181428726026,0,1,28.849755913675924,0,0,0
0.0022672917828650543,1,0,35.975234639669814,0,0,0
0.004357063575843788,1,4,34.90261457044511,0,0,0
0.005818325350295253,1,1,28.35758326743063,0,0,0
0.07137179641921379,1,3,24.77063259322488,1,0,1
0.0006045647964773679,0,1,31.970287507360307,0,0,0
0.01625887376207215,1,2,25.87598587211931,0,0,0
0.009557846931577555,0,1,27.77708605402712,0,0,0
0.002886032441825561,0,2,32.717716454404346,0,0,0
0.0034123160552594596,0,4,30.57684001333321,0,0,0
0.005271888860585385,1,0,29.20449373385802,0,0,0
0.0042672677588545625,0,0,33.00244627683415,0,0,0
0.07087438643852104,0,6,25.011128554393004,1,0,1
0.007476029895156703,0,2,34.442288922232926,0,0,0
0.007539646652868451,0,3,36.47618953359474,0,0,0
0.0009107332718361111,1,3,26.47907291989226,0,0,0
0.00039306428563585627,0,4,31.24913532895581,0,0,0
0.0017885977321389444,1,2,30.48785385841749,0,1,0
0.0019233194370670721,0,3,35.579629644007845,0,0,0
0.00044597317419938897,0,5,31.14511112666935,0,0,0
0.0013353454695592235,1,1,29.01822865999029,0,0,0
0.036520868505778,0,1,36.090904342149244,0,0,0
0.0002803984138984594,0,2,21.1879408712406,0,0,0
0.007867185988170228,0,1,25.96144722514965,0,0,0
0.07516265221923259,1,1,25.422321698345268,0,0,0
0.008577208214131805,1,3,23.557267270264656,0,0,0
0.020045907026042736,0,4,33.38623231262943,0,0,0
0.0426986817561154,1,2,34.58456380788358,0,0,0
0.016993525710187002,1,2,30.55125559467967,0,0,0
0.007342874277455849,0,1,32.05165054096048,0,0,0
0.0015515911360021852,1,3,30.846629588719825,0,0,0
0.00047861578813311297,0,0,29.169846694507505,1,0,1
0.004436909291551769,0,1,36.921588697982195,0,0,0
0.0035098482355029287,0,2,26.54954729253799,0,0,0
0.3045730641332198,1,3,34.1268721206845,0,0,0
0.0007143402957488506,0,1,32.27627102138951,0,0,0
0.011154526096714724,0,1,35.6587137351753,0,0,0
0.019878699034204417,0,1,21.795518471244087,0,0,0
0.015538424801039591,1,1,26.338924800205156,0,0,0
0.02851997149868929,1,2,34.28397186212258,0,0,0
0.02449846633976678,0,1,26.789064421954887,0,0,0
0.02202464490250344,1,1,24.79566300242024,0,0,0
0.011828269012828277,0,1,23.532335031300747,0,0,0
0.3101519958044154,0,3,28.3213385643334,0,0,0
0.0006125449987757214,0,2,33.163633853280245,0,0,0
0.012036021220842158,0,2,35.32458258296057,0,0,0
0.001521151101623663,0,5,37.33874527838747,0,0,0
0.009164568811394993,1,0,26.34797133762798,0,0,0
0.0010624555768418654,1,2,27.791338929077618,0,0,0
0.01477132981181835,0,0,35.688936567355285,0,1,0
0.01598459577306761,0,3,38.45700765011225,0,0,0
0.0009355256318789552,0,0,27.947777071628398,0,0,0
0.0010012277211499765,1,3,38.924851469297835,0,0,0
0.03899007069611334,0,2,36.492405787122756,0,0,0
0.03287538473076321,1,0,22.131808764896743,0,0,0
0.0019140721173571838,1,3,28.355784786770307,0,0,0
0.013006097127162943,0,1,34.471482215226025,0,0,0
0.008588199745950044,1,2,39.49542368843284,0,0,0
0.0040017808554526834,1,3,34.57940896471838,0,0,0
0.0015311969592104924,0,3,119.81539577879619,0,0,0
0.012039882057505238,0,3,29.10590072426129,0,0,0
0.006723560439962303,1,4,26.711639254833376,0,0,0
0.0008545315150839725,1,2,36.25169271398539,0,0,0
0.0004485578542513374,1,3,21.698095082759426,0,0,0
0.00783811440990857,0,2,28.0916322515294,0,0,0
0.012391687193625538,1,0,36.083835328573464,0,0,0
0.052479130009937085,1,2,37.34278892737877,0,0,0
0.007441388452300671,0,1,31.061248406406865,0,1,0
0.001340235070652697,1,1,18.233032923965773,0,0,0
0.008314937709729249,0,1,32.11252554526904,0,0,0
0.0059203625371013835,0,2,28.112904708536348,0,0,0
0.0022340239892150453,0,3,142.13946212130628,0,0,0
0.0030031183690198485,1,2,29.263675496150977,0,0,0
0.000911654118559644,1,1,16.651477579278726,0,0,0
0.002439926572146446,0,1,33.60519786960789,0,0,0
0.0011762373708972503,1,3,39.8230973839044,0,0,0
0.023140749466507154,1,5,34.78036847508547,0,0,0
0.021632113500244774,1,5,30.056308413148038,0,0,0
0.0021312242079282707,0,3,33.175026361554,0,0,0
0.00037949017680767523,1,2,22.9488249402696,0,0,0
0.00029521682987588524,0,3,40.56163646306108,0,0,0
0.0030554027827282898,1,0,22.17060798871644,1,0,1
0.00241617565760808,0,3,22.042289380206128,0,1,0
0.003674487220567867,0,3,36.427428835911925,0,1,0
0.0005589738344111975,0,2,28.67939508989845,0,0,0
0.0030906722250099053,1,3,27.972441744948437,0,0,0
0.015932893194474083,1,2,21.212607268257727,0,0,0
0.09106038859644736,0,1,23.88781514672643,0,0,0
0.021113770115922803,0,2,37.10072050874437,0,0,0
0.005591276391949199,1,2,37.802481275266715,0,0,0
0.004525441489594635,1,2,27.20647804606472,0,0,0
0.001434438901337035,1,0,31.575556682653158,0,0,0
0.0074199568353010585,1,3,23.703570275070582,0,0,0
0.0028841178813358804,0,4,35.9646318536674,0,0,0
0.014064490896546648,1,2,35.94588529384473,0,0,0
0.008139852185705806,1,1,164.06077498157427,0,0,0
0.0022179936666706234,1,0,20.288996437303137,0,0,0
0.0032549035688613963,1,1,30.98257715104704,0,0,0
0.004052613927471654,1,7,34.0578289310354,0,0,0
0.06456315736996697,1,0,17.160399416555588,0,0,0
0.0165985584649281,0,1,33.77938703722633,0,0,0
0.0075531990992093925,0,1,28.807942425516906,0,0,0
0.01296375532662824,1,2,35.04794098854307,0,0,0
0.026648156804403095,1,0,25.840561921481434,0,0,0
0.016769915236839274,0,2,29.784150926511074,0,0,0
0.012362182903179716,1,2,31.524953392944994,0,1,1
0.0012072138388193724,0,4,22.716648546491136,0,0,0
0.022240766678149834,1,4,34.14281305907808,0,0,0
0.0076158725641073234,1,3,27.258002553983747,0,0,0
0.0017675877374603792,0,4,33.096548486730384,0,0,0
0.00012100431826458403,0,2,29.302896039352486,1,0,1
0.0022738535952076472,0,3,31.856097446253678,0,0,0
0.0035629159408332284,0,1,33.005759202231154,0,0,0
0.0068554552222456384,0,2,34.76478297075823,0,0,0
0.0028881638948522943,0,0,33.66724921117317,0,0,0
0.008830312571434932,1,2,27.372814572758482,0,0,0
0.06333803714031794,0,1,27.478081868493845,0,0,0
0.005005788625041553,0,0,29.316401029707315,0,0,0
0.00527950547106005,0,2,32.24281903607158,0,0,0
0.02427617215218642,0,1,29.042470249687362,0,0,0
0.00020116063705767306,1,2,136.98719738777845,0,0,0
0.017585578549396068,1,1,30.2581920690555,0,0,0
0.0005058108451392467,0,3,18.400329131246384,0,1,0
0.0060170378788415736,0,1,31.46867700399158,0,0,0
0.08715125060061428,0,3,32.237722577249855,0,0,0
0.02898131592489978,1,4,175.78292025527267,0,1,1
0.0033186296995315694,0,2,32.96255576444898,0,0,0
0.000859880323810124,1,5,20.8391517220039,0,0,0
0.015974486994163387,1,6,26.602754227323878,0,0,0
0.08715111314825365,0,1,32.37737670991188,0,0,0
0.00865820435994435,1,1,31.743684312552617,0,0,0
0.048277906870024964,0,6,34.94956503699294,0,0,0
0.007532216753507004,1,0,38.61724306387664,0,0,0
0.013495728334672325,1,3,26.06714870300768,0,0,0
0.010786048084715723,1,2,27.880693333028088,0,0,0
0.010009309750914103,0,1,34.713463164288434,0,0,0
0.0032104229780668065,1,3,35.183784944940534,0,0,0
0.009389286263511125,0,2,23.925265504207154,0,0,0
0.009153886363833035,0,5,40.05257381911161,0,0,0
0.03426841236846925,0,1,26.502008876687484,0,0,0
0.003503701588273012,1,1,25.597896990735215,0,0,0
0.014973248994305887,0,3,30.373409995090896,0,0,0
0.0011799306651434545,0,2,23.046806192640332,0,0,0
0.02251770421803128,0,1,29.35347900449584,0,0,0
0.002034244949526663,1,3,31.635729573860903,0,0,0
0.005460079951908359,0,5,42.74896242239008,0,0,0
0.004567182992246489,1,2,31.862960456292235,0,0,0
0.34350817312504445,0,0,23.269723340681708,0,0,0
0.0012764778414262172,0,0,17.372391720875576,0,0,0
0.003694497990266181,0,1,29.633636566917687,0,0,0
0.005992940032063935,1,3,29.194417933679,0,0,0
0.0014647413959327012,0,2,34.030963145508146,0,0,0
0.008023381682834094,0,2,25.68963713116171,0,1,0
0.01632733321684014,0,3,31.349437671227786,0,0,0
0.006093767306183351,1,3,28.46951042647291,0,0,0
0.052591212913178205,1,0,26.86469250131314,0,0,0
0.07754223967872016,1,1,31.538633759664943,0,0,0
0.008322963840338444,0,3,27.597335713233146,0,0,0
0.011715163099231641,1,0,31.54732473839318,1,0,1
0.48829071605454766,0,3,27.630852110094708,0,0,0
0.0009693018169733403,1,3,16.0568433672047,0,0,0
0.01060953115879892,0,0,30.276939054596614,0,0,0
0.02148729022232759,0,1,31.99099751704314,0,0,0
0.01729744224500935,0,0,24.093745922038167,0,0,0
0.015901832847439564,1,1,23.660371870804763,0,0,0
0.012201902031072385,1,1,159.5276356752612,0,0,1
0.05457158200870821,1,3,21.281845401290475,0,0,0
0.016519196316326586,0,1,21.467058507155063,0,0,0
0.0021760536698439067,1,2,29.9340126004078,0,0,0
0.010161619004671649,1,2,24.770434197063395,0,0,0
0.004691884725660031,0,0,25.769079697280425,0,0,0
0.00025582312374178176,1,0,26.564378626584585,0,0,0
0.005485181404944217,1,1,133.96073526178606,0,0,0
0.009101930279489825,0,3,25.146086563975743,0,0,0
0.004693053473764789,0,1,32.61470938650257,0,0,0
0.006841477394068727,1,3,33.947981457781694,0,0,0
0.0005624230856299794,0,3,32.10723101360101,0,0,0
0.004786564213160844,0,3,25.85523471531083,0,0,0
0.021111777239212502,1,2,26.762901444112075,0,0,0
0.0008661270530045446,1,0,30.44223817259207,0,0,0
0.006087337560857071,0,3,27.463620039980366,0,0,0
0.010319297377256688,1,3,30.395586906195863,0,0,0
0.020061864952516516,1,0,91.58316372556557,0,0,1
0.0021263066210590324,1,4,27.20379014846487,0,0,0
0.0019316388891469631,0,3,26.086677091226232,0,0,0
0.0115822470821933,1,1,34.6076503034193,0,0,0
0.0027471462049373455,0,0,22.86506610551676,0,0,0
0.0015573764101764693,1,3,33.95814775481275,0,0,0
0.015209877135398321,1,2,33.629622747724326,0,1,1
0.008468803561153206,1,1,26.219290671339795,0,0,0
0.004673051922617077,1,3,28.674766754614534,0,0,0
0.0021674957134385575,0,2,117.65692126711696,0,0,0
0.013959247062102302,0,3,20.23951583941907,0,0,0
0.07155991413869366,0,0,21.219490886161246,0,0,0
0.031105245629567145,1,3,36.903080559089545,0,0,0
0.004092725034250932,1,3,29.65958401446414,0,0,0
0.0044481343190266535,0,3,31.993453568938325,0,0,0
0.0020973534591388304,1,0,25.701147982191877,0,1,0
0.002494582081738852,1,2,36.890431046732495,0,1,0
0.00234912288235086,1,0,22.42536352641453,0,0,0
0.036886241244653395,1,2,38.12831080241715,0,0,0
0.00043529475144943373,1,1,31.0084934038322,0,0,0
0.0034631998137139514,0,3,26.294280661609832,0,0,0
0.007316429345046727,1,1,28.834799647747563,0,0,0
0.015593023971604199,0,6,23.99111831692661,0,0,0
0.0007220013574622095,1,2,30.31495923902296,0,1,0
0.034071442543663275,0,1,29.595779211849425,0,0,0
0.08284292165785859,1,3,27.251232683857097,0,0,0
0.0021614605006942474,0,2,28.874844115829724,0,0,0
0.003802138112692974,1,1,33.95247775363111,0,0,0
0.013162721212124666,0,4,22.614666311639493,0,0,0
0.0007466640125470298,1,2,33.958978613357594,0,0,0
0.03644410211154577,1,4,33.36049115615304,0,0,0
0.0027324943229866195,1,3,30.65546016998687,0,0,0
0.0028058217143465286,0,4,22.104364187551518,0,0,0
0.01293240900124522,0,1,35.35508099689282,0,0,0
0.006309752758558536,1,3,17.234612354313036,0,0,0
0.09281804975455095,1,3,26.064333411473967,0,0,0
0.025046010044663572,0,1,31.743606873661427,0,0,0
0.006186590964157671,1,1,36.349698742950785,0,0,0
0.010351275674715124,1,4,17.84957216354896,0,0,0
0.003675522109898999,0,2,23.06351196611335,0,0,0
0.0022203050840454504,0,1,35.55879040107485,0,0,0
0.00023148188926174726,1,2,27.047759149690236,0,0,0
0.006394836167353355,1,4,37.848795300763946,0,0,0
0.0011621509373862628,1,0,30.13469797248101,0,0,0
0.08395844966508176,1,1,37.04201076744143,0,0,0
0.007168605103146298,1,2,26.07616878268943,0,0,0
0.002506033903265215,0,2,30.078523290990713,0,0,0
0.002821022369529367,1,2,29.122242879241693,0,0,0
0.00682712038252896,1,3,29.72026094999187,0,0,0
0.005280838941324108,1,3,38.352584170726416,0,0,0
0.00685329724837205,0,1,34.54779399576297,0,0,0
0.00642499016919127,1,3,38.91934906455904,0,0,0
0.021559235791523294,0,2,31.40706474367531,0,0,0
0.0037102075139858674,0,2,27.25457635632045,0,0,0
0.0023911068837529463,1,1,34.311549386557616,0,0,0
0.00139953350201383,1,4,32.70602975702866,0,0,0
0.03143649806164208,1,2,35.671172818458466,0,0,0
0.013801384759015958,1,1,34.67911590051336,0,0,0
0.002603449678719464,1,3,17.9462966344097,0,0,0
0.003516808655810285,1,2,34.3367219406414,0,0,0
0.0014450802321046088,0,1,29.1778631130888,0,0,0
0.0280150753601855,1,2,30.754949331090145,0,0,0
0.06519067664535565,1,4,25.60678276396909,0,0,0
0.014840941156106504,0,2,19.73341305376623,0,0,0
0.013500175111683306,0,4,27.401475949834218,1,0,1
0.0012611382957180557,0,3,31.54719144108789,0,0,0
0.026882334477149543,0,3,34.287700597280235,0,0,0
0.012576292083980449,0,2,25.621109451647936,0,0,0
0.02575342652373528,1,3,26.767331876774396,0,0,0
0.018416538568714867,0,1,37.248289055122584,0,0,0
0.0014832780677484702,1,1,34.74000222362923,0,0,0
0.0004617249194532552,0,1,34.928332580372164,0,1,0
0.07174988447508729,0,2,26.499707123733035,0,0,0
0.0021630528985615246,0,3,32.59256659219248,0,0,0
0.006087635344566607,1,4,35.90053678222654,0,0,0
0.0021652411461071785,1,1,25.66739576696547,0,0,0
0.0004294700195856419,1,0,32.93147730584896,0,0,0
0.009461820946337525,0,0,146.5332153690819,0,1,1
0.005905900630066962,0,0,29.91151281200794,0,0,0
0.0032083416752775396,1,3,30.415690157124406,0,0,0
0.053676470370271366,0,1,31.109677308102622,0,0,0
0.017480361140783954,0,0,32.962230770081355,0,0,0
0.001922627135805617,0,1,37.453348773203004,0,0,0
0.000431635853159147,1,2,23.939950657829666,0,0,0
0.002102492224730433,0,0,23.846688860184617,0,0,0
0.19675125560838483,0,0,22.05982423838914,0,0,0
0.020932291738313572,1,2,35.440127370759775,0,0,0
0.006357830521780892,0,4,36.40096818303125,0,0,0
0.034938810225885075,0,2,39.945438258331706,0,0,0
0.006591624904433106,1,3,38.302138480026,0,0,0
0.12716516604138467,0,2,30.802141410247042,0,0,0
0.009441227275780992,0,2,35.25978673121913,0,0,0
0.00448149015752151,1,3,26.997129019630478,0,0,0
0.009308429320856485,0,3,104.85637569949937,0,0,0
0.019660753886950474,1,2,24.03681849346971,0,0,0
0.006915057553707108,1,0,26.274864162528488,0,0,0
0.001148931973963211,0,2,36.91860081389784,0,0,0
0.0018930022509158135,0,0,31.96479696624284,0,0,0
0.0006943369877404308,1,3,22.384597622092794,0,0,0
0.004112812179365395,1,2,35.3147625767119,0,0,0
0.060394714060941844,1,1,25.20639974454267,0,0,0
0.008810132266581542,0,1,35.33600268216544,0,0,0
0.009324167017960534,0,1,29.04354090657752,0,1,0
0.01271564105267032,1,2,159.7223752388568,0,0,1
0.0035803834792660478,0,1,33.48625771224895,0,0,0
0.0017196489656023347,0,1,150.24581146169407,0,0,0
0.005228880646224113,1,7,33.66448616537093,0,0,0
0.0035045789413526564,1,2,32.37248316523713,0,0,0
0.13235960004292763,0,2,24.20926045759672,0,0,0
0.01452926304141871,0,2,35.74252921457396,0,0,0
0.0051186561873056485,0,3,35.28623895331154,0,0,0
0.010628806441494335,0,4,31.020516287220325,0,0,0
0.0628942544912879,1,0,38.170701738233795,0,0,0
0.15909490378403138,1,2,30.451568606860953,0,0,0
0.025852300814200077,1,3,32.429854618201,0,0,0
0.0028228570789298395,0,1,30.412982234240474,0,0,0
0.009527961610796892,1,5,22.966094764873965,0,0,0
0.00791506881446396,1,3,21.193958994307977,0,0,0
0.06927550459537396,1,1,156.82218763124203,0,0,1
0.0010284432289542089,1,1,30.742742544632915,0,0,0
0.012285473802632693,1,0,31.01670504196499,0,0,0
0.0025133284368327622,0,4,32.90142612450327,0,0,0
0.05644721120217025,0,1,22.41153099314044,0,0,0
0.11873947177624038,0,2,40.73659368779049,0,0,0
0.033018635919286166,1,4,23.807188363219677,0,0,0
0.0944805046833656,1,5,26.007357545410883,0,1,1
0.006611823037689139,1,1,25.55725302750517,0,0,0
0.03201040473745603,0,1,28.51626393761219,0,0,0
0.015154230088085398,1,3,135.03826704965755,0,0,1
0.0017610994209367593,0,1,29.91776238895705,0,0,0
0.0003711439563966759,0,4,32.19112830737546,0,0,0
0.047142764848037935,0,2,40.78468397297617,0,0,0
0.07625502193925075,0,1,28.946797360374852,0,0,0
0.02608755893762498,0,1,34.82751190719222,0,0,0
0.011175643430456527,0,0,27.817593831086608,0,1,0
0.13927978839320404,1,2,155.22737133124548,0,0,1
0.05662062371401907,1,1,32.997848347103876,0,0,0
0.014501263607856425,1,2,34.71940904510337,0,0,0
0.0031194696525741776,1,1,32.26989336188352,0,0,0
0.007139336663263558,1,4,30.719844658557037,0,0,0
0.009973148092018684,0,3,30.661596459786157,0,0,0
0.00033083203688731675,0,1,29.128848968333834,0,0,0
0.015728800978985553,1,2,26.6667824739282,0,0,0
0.0036386062669329735,1,2,24.673629330417267,0,0,0
0.06543918983819512,1,2,36.22743269149412,0,0,0
0.006062532238845469,1,1,33.906577377440684,0,0,0
0.0016192970011286855,0,3,29.232649483711953,0,0,0
0.00831906917378491,0,2,28.792900876112903,0,0,0
0.03152188965904828,0,2,37.6621670330197,0,0,0
0.002664191021899205,1,1,34.007535008715585,0,0,0
0.0029118570465369972,1,2,21.97565754128775,0,0,0
0.0011506447316703737,0,0,22.651877932850105,0,0,0
0.008624711055864022,0,1,38.480126656391846,0,0,0
0.007481454591434111,0,0,36.17789432061796,0,0,0
0.0005744222057384987,0,1,40.2923097079012,0,0,0
0.0005126101363524272,1,1,33.018261300750524,0,0,0
0.002591812185790071,1,2,26.393827676969938,0,0,0
0.003293335537429952,0,1,37.11783896355601,0,0,0
0.04257888120497646,0,2,37.79113828288722,0,0,0
0.005509098298587847,1,4,30.17967547337086,0,0,0
0.008229852132310795,0,1,22.65544397637685,0,0,0
0.017346196665806543,0,0,29.53207566436677,0,0,0
0.003967666254417405,1,2,28.20742650919819,0,0,0
0.0002016831038060142,0,2,32.75963770310179,0,0,0
0.0030452706250652275,1,4,32.06770925282484,0,0,0
0.001726927424642864,1,2,28.957022650976995,0,0,0
0.0039218279119534035,0,3,32.90829520376842,0,0,0
0.009093459626681847,0,1,32.814716073402735,0,0,0
0.012872774447190951,0,0,181.43630426941735,0,0,0
0.014741549942178724,0,1,38.808480178340574,0,0,0
0.02236229074245249,1,4,31.351951452732674,0,0,0
0.10913764102284748,0,2,29.238348544200186,0,0,0
0.015733595553457172,1,2,26.851487322015988,0,0,0
0.0007730479193036275,1,2,30.966524236286695,0,0,0
0.01089901882400533,1,1,27.66384095510176,0,0,0
0.003929399709634999,0,2,36.266649697231855,0,0,0
0.0005807824709064325,1,3,28.75166051231322,0,0,0
0.09083619062546112,0,1,36.31099983387258,0,0,0
0.015680666776770467,1,1,21.61148718762105,0,0,0
0.04295863908105457,0,2,36.63352593400018,0,0,0
0.004077553179763813,1,1,23.241037917098332,0,0,0
0.0005485853623072916,0,1,30.71663355300462,0,0,0
0.03016664264301312,0,0,35.510018720162066,0,0,0
0.002611953138333392,0,1,35.13703787250054,0,0,0
0.0058202229370653774,1,2,22.71040795751088,0,0,0
0.042771086887078216,0,2,20.170287659412267,0,0,0
0.010627559764333721,0,3,41.83398501500218,0,0,0
0.0073099660250533285,0,3,30.338969639290173,0,0,0
0.015671295973951574,1,2,23.277075188774905,0,0,0
0.00023580396469564477,0,3,31.742507506294054,0,0,0
0.009133067828888992,1,3,34.98588448095877,0,0,0
0.022639666180682503,0,2,29.538567422923556,0,0,0
0.008475624415934298,0,1,31.888818260508724,0,0,0
0.03567885570189873,1,1,32.87112943641951,0,0,0
0.10268192103480837,0,4,31.68443008428961,0,0,0
0.0071806142419033395,0,5,35.55609689780034,0,0,0
0.03677432416363194,1,3,34.73684990216155,0,0,0
0.005197640122698148,0,0,22.10560103441935,0,0,0
0.007365165333476109,1,3,26.84056309683472,0,0,0
0.007420389176650963,0,0,29.343794950792443,0,0,0
0.0012816497496451287,0,1,42.170305982740835,0,0,0
0.012686438511354026,1,4,36.221196880604694,0,0,0
0.0012591456960198305,1,2,36.49295805266619,0,0,0
0.0027400485125674352,1,1,22.57261841820743,0,0,0
0.008511020224828763,1,1,25.827258362398663,0,0,0
0.00806213993466818,1,1,34.083414740020615,0,0,0
0.013822477798607917,1,2,21.458414328957666,0,0,0
0.03438050006809193,0,2,34.27592618357983,0,0,0
0.0005291557182289397,1,0,24.20752018752019,0,0,0
0.0002666595493640326,0,4,26.68113552992075,0,0,0
0.011986441313918761,0,0,31.323170633276252,0,0,0
0.0033552716322138086,1,3,29.672317475511225,0,0,0
0.011895477597851993,0,2,27.35406001896939,0,0,0
0.004268875139844773,0,3,26.289431513447624,0,0,0
0.006164198533276088,0,2,30.83562678550075,0,1,0
0.003226601257341974,1,3,199.01935773984536,0,0,0
0.005484046378091532,0,4,35.41546700814641,0,0,0
0.001791524652735013,0,3,28.20087753831664,0,0,0
0.002631730322019086,0,4,36.87057791524566,0,0,0
0.0016195489047393147,0,1,21.04297641126415,0,0,0
0.1120629337676853,0,2,24.024490348971547,0,0,0
0.0034061814068999338,1,5,33.25389081537061,0,0,0
0.015099521721763261,1,3,137.12962955681758,0,0,1
0.0024881802372624566,0,2,22.27412599507766,0,0,0
0.0027736812487431073,1,3,35.45814445877494,0,0,0
0.0030240141185451166,0,5,26.14411516940918,0,0,0
0.0023174520641954773,0,1,26.023747844302992,0,0,0
0.003621993722390275,0,3,29.387861089759838,0,0,0
0.006650819616538791,1,2,36.81384751109825,0,0,0
0.0016293884206767736,1,6,27.044795835356652,0,0,0
0.012118563332753476,0,2,32.26453335038247,0,0,0
0.0011514723700239756,0,3,28.58566768014774,0,0,0
0.0006280650466094641,1,1,24.955683107902082,0,0,0
0.4175328895846832,0,0,20.200590519326557,0,0,0
0.0001309304845752339,0,3,32.7213276956078,0,0,0
0.009032038426199367,0,2,40.879984873114395,0,0,0
0.013911091028093894,0,4,35.991095484505315,0,0,0
0.01371447585607511,0,1,35.570302451152415,0,0,0
0.0016780291636938531,1,1,22.437648688195427,0,0,0
0.005464662969249111,0,2,32.86961381149714,0,0,0
0.003214596485613914,1,2,35.290419893087716,0,0,0
0.001602644778052726,0,1,36.06784154871095,0,0,0
0.0007342400492418271,1,7,37.55006505477053,0,0,0
0.0011229504206512978,1,5,36.033567944301474,0,0,0
0.006938805786310253,0,2,18.638991647563632,0,0,0
0.004041032703031994,1,4,26.14616404375462,0,0,0
0.051059103308880284,1,0,25.420471878017644,0,0,0
0.00397222767170162,1,0,35.27487583141693,0,0,0
0.0008989351566489834,1,3,26.362454757901347,0,0,0
0.007684768932075251,1,3,27.09121514243118,0,0,0
0.003339842359733704,1,2,33.12800052251757,0,0,0
0.08252290741216504,0,0,30.470597793674674,0,0,0
0.000616987589707315,0,5,22.712306670220634,0,0,0
0.08172156453734065,0,1,37.79274036236875,0,0,0
0.039591814387121685,1,2,24.76285021389639,0,0,0
0.015449958774560756,1,6,30.146809454243296,0,0,0
0.148896605770556,0,2,37.41154564323941,0,0,0
0.0028215389754963622,0,1,30.867223155945414,0,0,0
0.003532334172936084,0,2,37.13850528627234,0,0,0
0.02298605697544043,1,2,37.75586427407175,0,0,0
0.014851276538270581,0,2,33.400009710173556,0,0,0
0.027778933174455196,0,1,24.72155116899028,0,0,0
0.0048673893695993856,0,3,24.291942054877705,0,0,0
0.013746033014562727,0,0,118.74056905565239,0,0,0
0.059008244606852236,1,1,33.16729318095157,0,0,0
0.04938802227171031,0,1,21.958910437970353,0,0,0
0.0657721692546271,0,1,27.7949308411354,0,0,0
0.003795736181341076,0,2,159.20072957859418,0,0,0
0.010702401989080375,1,2,37.11586164555075,0,1,1
0.016146608489810223,0,4,23.512614885496383,0,0,0
0.002463547223547428,1,1,37.83258155652274,0,1,0
0.001758561927385951,0,1,22.827863928698136,0,0,0
0.005241643273727136,1,5,25.721823710777294,0,0,0
0.010389944598439674,0,0,34.38545778103615,0,0,0
0.0069298707470416025,0,1,31.33555517187202,0,0,0
0.0055343645120555516,1,3,25.064110577009654,0,0,0
0.0021124010266451478,0,0,29.57807095358949,0,0,0
0.03650891823411041,0,2,37.13964214027658,0,0,0
0.005505934352957553,1,3,26.891911079875577,0,0,0
0.02179573492129528,1,1,34.01748007106685,0,0,0
0.006155821659337409,1,2,32.60841230477931,0,0,0
0.0056255041597009945,0,4,28.00740054455904,0,0,0
0.011837529928693306,1,1,35.3368627918232,0,1,1
0.00016865462886842477,0,1,21.188838472182205,0,0,0
0.006625651048604777,1,1,36.94139522881034,0,0,0
0.001766739254083867,0,1,40.96712710655689,0,0,0
0.0007074409941882392,0,2,25.388849143045288,0,0,0
0.005038044295352493,0,2,28.894260842677994,0,0,0
0.0024146733194538423,1,2,33.779773698940694,0,0,0
0.0011253317982527693,1,0,29.405224217436274,0,0,0
0.009594574063272895,1,6,27.656228688789973,0,0,0
0.10371037230501069,0,1,27.372143503817746,0,0,0
0.0043739800098591365,1,2,35.022948685123794,0,0,0
0.018721133426385556,0,1,18.334213301432627,0,0,0
0.00031940743101481126,1,2,33.23548495371918,0,0,0
0.009240213314104729,1,3,34.9961798086253,0,0,0
0.009253160827395628,0,4,28.068126430626364,0,0,0
0.0018625407839021238,0,3,33.62044005673696,0,0,0
0.08079872404945526,1,2,27.866537256374684,0,0,0
0.002129309324530108,1,4,32.28009955000025,0,0,0
0.002138990943151463,0,1,33.492646107490685,0,0,0
0.009873394360351954,0,1,34.51512024977594,0,0,0
0.03831148143690367,1,1,30.567121086835687,0,0,0
0.001917471574864324,1,1,32.65085127277093,0,0,0
0.004816634395860622,1,0,31.322196567151746,0,0,0
0.014278489097426125,0,0,40.97441975694543,0,0,0
0.04535403900617655,0,3,35.10890100446481,0,0,0
0.0012135159054019354,1,0,28.461559299856972,0,0,0
0.0008254732833624141,0,1,24.05537600192706,0,0,0
0.06977897302260608,1,1,30.286641270009603,0,0,0
0.0017758744518765266,0,2,37.68498262143766,0,0,0
0.004429118823458402,1,2,29.6795150536517,0,0,0
0.011705309249723508,0,1,40.303277924392916,0,0,0
0.00413225125298691,1,0,31.102868148857837,0,0,0
0.012168251531890181,0,2,28.827527633527733,0,0,0
0.0034680811275387127,0,0,32.581945146478,0,0,0
0.007497727705548183,0,5,33.62710454285625,0,0,0
0.004862281143473736,1,1,38.59305811693172,0,1,0
0.001920569832749717,1,1,26.188742842211184,0,0,0
0.02597043398840149,0,2,33.18956907754686,0,0,0
0.011809728627420385,1,1,37.64246321772716,0,0,0
0.00808164754761566,1,1,30.258990235043395,0,0,0
0.02222192141804752,1,4,26.84949296225212,0,1,1
0.0037806041364419458,0,4,39.51741061563254,0,0,0
0.005809497414665274,0,3,92.45382102179569,0,0,0
0.004622071713238984,0,4,33.292265296248736,0,0,0
0.013231009418609753,0,1,30.200897287100453,0,0,0
0.001588205064052597,1,2,26.33825023080822,0,0,0
0.001957916481978133,0,4,25.891376938243635,0,0,0
0.004827293829581253,0,0,29.718101684657405,0,0,0
0.010712190106673167,1,1,32.64815475826695,0,0,0
0.006905456863667146,1,0,30.697129962924354,0,0,0
0.0014855584597317554,1,1,29.026038654416567,0,0,0
0.002347335227257491,1,2,38.58922137914704,0,0,0
0.022133644649387572,1,2,25.954232919109852,0,0,0
0.010113984349207754,1,3,26.51902534154108,0,0,0
0.014483025224947972,1,2,23.17779748440718,0,0,0
0.001564965748464282,0,4,37.708240723805204,0,0,0
0.004759619830982353,1,2,31.203582853415362,0,0,0
0.00177757289207562,1,1,29.815416910011553,0,0,0
0.007266462511543067,0,3,35.97448585409059,0,0,0
0.0020579349476403433,0,4,30.876146311750837,0,0,0
0.0038868381107022357,1,3,29.359607674318255,0,0,0
0.0037012474073352545,1,1,30.732223077520935,0,0,0
0.04935772494222967,1,4,30.208829789365108,0,0,0
0.031276074991759044,1,2,34.30510022214043,0,0,0
0.03633935329867357,1,2,36.06071918677445,0,0,0
0.0008875047831368855,1,1,26.803767690547158,0,0,0
0.002615024768779878,0,2,34.07348152694624,0,0,0
0.004096743472214538,1,4,26.15547341126552,0,0,0
0.010121382580047142,0,4,27.31627771290555,0,0,0
0.10342542386087766,1,5,18.25055553892282,0,0,0
0.3444429644762987,1,2,24.970469795616253,0,0,0
0.004789633473795636,0,4,22.431740042195244,0,0,0
0.010277568585665715,1,1,38.58894381283062,0,0,0
0.0014211002763667674,0,3,26.70821826710433,0,0,0
0.029200366753000934,1,4,39.46269178868144,0,0,0
0.008364696519823663,1,4,34.44772094922178,0,0,0
0.0007926956479321418,1,3,23.508875087235065,0,0,0
0.009439177503772867,0,1,30.361511156901194,0,0,0
0.0023460337498731896,1,3,27.20650111089075,0,0,0
0.028784041810180575,0,1,22.594278935720403,0,0,0
0.005038195147381576,0,2,29.128612507829615,0,0,0
0.0014294274600607797,0,3,32.097864132628345,0,0,0
0.006938311715628807,1,3,18.003430886412232,0,0,0
0.08093420307012282,1,4,32.10139405125238,0,0,0
0.04625872952030742,1,2,34.200090164939766,0,0,0
0.0041272960784277815,1,0,24.626921041593402,0,0,0
0.05126299450359676,1,1,28.37289491023399,0,0,0
0.009685766712672118,1,5,129.43925122335983,0,0,0
0.009813192375904906,1,2,27.877231790813696,0,0,0
0.00193700840932889,1,1,29.63005511581767,0,0,0
0.03568317577222481,1,2,30.085619417882477,0,0,0
0.0031159150922945187,0,4,19.394633240449448,0,0,0
0.014047311166945414,0,3,28.743007134840905,0,0,0
1.6459793995598424,0,6,29.968699050425588,0,0,0
9.649053069638031e-05,1,3,33.630705830667736,0,1,0
0.013533957147788324,1,2,32.371207029599184,0,0,0
0.001921584673321477,0,2,24.52615913763846,0,0,0
0.01992358309246562,0,0,39.01434462757166,0,0,0
0.011873042721559214,0,4,23.723964044451648,0,1,0
0.05604822314749079,1,3,23.630517211369295,0,0,0
0.015846749091604814,0,3,30.464427080016456,0,0,0
0.045555148021839985,1,2,23.29913928954959,0,0,0
0.008528693139784355,0,0,27.663459102722335,0,0,0
0.030555101728263978,0,2,36.7264618038091,0,0,0
0.00409230702568447,1,1,43.81858145548989,0,0,0
0.0014740144548200792,1,2,33.610430870320194,0,0,0
0.007229556897421313,1,4,24.49551864160219,0,0,0
0.07657607846424946,0,3,30.37336199223372,0,0,0
0.005260869561233342,0,1,21.902574023853592,0,0,0
0.004073765863616739,0,2,33.954297870705375,0,0,0
0.06190178495489755,1,2,136.43804891847577,0,0,1
0.03211107574174672,1,3,173.5465165617363,0,0,1
0.004415698518667465,1,1,31.377267569301267,0,0,0
0.005925728909333026,0,4,32.53724132746804,0,0,0
0.01926748021079053,0,2,23.601126287322487,0,0,0
0.001554596899594304,0,1,23.895745936228128,0,0,0
0.26563425434263394,1,2,30.177997822030843,1,0,1
0.0005856616491491522,1,3,21.696459224018014,0,0,0
0.00120884408894577,1,2,31.137978802971283,0,0,0
0.0012679832738812476,0,2,157.26340513146408,0,0,0
0.0008034605545083122,0,1,37.32108034045338,0,1,0
0.004957443152866441,1,3,33.31366480396965,0,0,0
0.005113722271193093,0,5,29.09147038531175,0,0,0
0.0522351665635307,1,2,39.03208010274312,0,0,0
0.004839239720401501,1,0,29.83923717617974,0,0,0
0.004010799737887891,0,1,33.856374256081665,0,0,0
0.0025257499510818716,1,1,30.316857770483573,0,1,0
0.002238192345207228,0,3,29.974876910410682,0,0,0
0.0013496430436750902,0,1,25.672956357200455,0,0,0
0.002520912666249134,0,2,34.214724413465035,0,0,0
0.04140367296470585,1,1,34.67681599329284,0,0,0
0.00039366333215061646,1,2,25.423323088656996,0,0,0
0.00026983468254794876,1,2,33.04596420513971,0,1,0
0.007262797716952003,0,3,183.30229919864857,0,0,0
0.037265912620426826,0,3,37.88991580624871,0,0,0
0.0020154091852563017,0,4,34.268765248658994,0,0,0
0.005491893403404304,0,3,24.65769897283051,0,0,0
0.00020053900811250032,1,1,24.615129710229606,0,0,0
0.008109552049150039,0,2,39.34616026592015,0,0,0
0.0004766869691211647,0,3,30.170025375469578,0,0,0
0.022503743029554327,0,3,95.98331565308379,0,0,0
0.0034435820659982973,0,2,22.170342669848587,0,0,0
0.0022537036805071946,0,2,32.09846338413985,0,0,0
0.007857264360265997,1,2,29.07554620086292,0,0,0
0.008298886880904518,0,0,22.825521527265963,0,0,0
0.00040926917760955833,0,1,29.310467815031434,0,1,0
0.002270184802235783,1,1,35.12017524633886,0,0,0
0.001288206490678287,1,1,30.68282334881221,0,0,0
0.24338487437394282,0,2,34.778646165156594,0,0,0
0.046127722784865134,0,1,27.73158305628758,0,0,0
0.003384431122033649,1,1,25.43396913455467,0,0,0
0.0020609857052111343,1,1,28.21921446314081,0,0,0
0.0014678059897369874,1,3,23.89614530603552,0,0,0
0.5418593146565036,0,2,32.014715448870135,0,0,0
0.055701280620829824,1,2,36.666453675163744,0,0,0
0.011956670024148975,1,2,35.102173253190585,0,0,0
0.002429987476532745,0,3,25.01392877543188,0,0,0
0.03172038673620246,0,1,29.491884692541955,0,0,0
0.0038600095471121136,0,1,30.193071410288283,0,0,0
0.0019600674673419644,1,2,29.918558283367084,0,0,0
0.009256916946735793,0,2,32.60138055073354,0,0,0
0.008974721664489423,0,1,19.985792742125255,0,0,0
0.006069953301641869,0,3,27.78949097656192,0,0,0
0.00121192849292955,0,4,24.57985457222905,0,0,0
0.0014996854462773095,1,1,33.1218721779933,0,0,0
0.002633264588368851,1,1,32.0168858645181,0,0,0
0.002140961282643814,0,2,34.65215400307202,0,0,0
0.00018775267664193634,1,3,28.142522369595046,0,0,0
0.00980802499059968,0,0,25.61053065715307,0,0,0
0.01901656203469389,1,2,24.645535975262618,0,0,0
0.0065338310457042775,1,0,22.319901660751658,0,0,0
0.007500097324173444,1,1,30.936275285702184,0,0,0
0.019321409485048496,0,0,30.46395151372508,0,0,0
0.005629365752417372,0,2,21.920669788187183,0,0,0
0.002040332238958048,1,2,28.298123845091716,0,0,0
0.003353009913722506,0,2,41.346287718353636,0,0,0
0.003650515716558724,1,2,29.963379353012634,0,0,0
0.012207799665596951,1,4,24.297940274840446,0,0,0
0.030355072601594518,0,2,33.32445861909284,0,0,0
0.037156435956278794,0,1,39.95890629346597,0,0,0
0.09864920430715365,1,1,26.735229468455938,0,0,0
0.002623767825915936,1,2,25.93631530637444,0,0,0
0.009480309748856521,1,0,30.261492125581306,0,0,0
0.02024503922241534,0,2,35.411688621053806,0,0,0
0.0023748418609624753,0,5,23.650325618307633,0,0,0
0.0022090642503988203,1,2,28.288862947270427,0,0,0
0.0033834784202408366,1,2,34.68924671792614,0,0,0
0.0024631634329987063,1,1,25.66308544824768,0,0,0
0.0008912939240221277,0,1,31.06359668045334,0,0,0
0.01507531089208786,0,1,30.890382972908505,0,0,0
0.00525695655785764,1,0,26.99540884629897,0,0,0
0.00695891501243234,1,2,31.650521875298875,0,0,0
0.002893634753263016,0,2,29.908638443516956,0,0,0
0.010308137783921586,0,3,24.928347554578252,0,0,0
0.0015022643852264826,0,0,18.12447363354285,0,0,0
0.01176403050142963,0,0,37.40263975777877,0,0,0
0.0036843772280866567,1,1,35.31929033823671,0,0,0
0.01987504524631999,1,3,28.081165551164514,0,1,1
0.011862756728539915,1,2,30.372934352339286,0,0,0
0.00036244382553960694,1,2,29.514483853632743,0,0,0
0.000589764333651956,0,2,26.846489273762323,0,0,0
0.014477415696863253,0,2,31.570344106140276,0,0,0
0.005419177346504873,0,0,38.217645604847036,0,0,0
0.021862609661352155,0,5,31.27472141609323,0,0,0
0.0036552078689616203,1,0,31.860069569110653,0,0,0
0.0078484764751154,1,2,27.206521316050058,1,0,1
0.0008133210323781747,1,1,31.55485514818972,0,0,0
0.01343211480173576,1,2,155.05299774003132,0,0,1
0.0006978982381423789,1,2,40.501305909290835,0,0,0
0.006373220663675342,1,4,39.019590523971985,0,0,0
0.008550163410587517,1,1,35.93479901084631,0,0,0
0.04041159218749538,0,1,23.10361083894356,0,0,0
0.0012235423504662697,0,3,30.883283901843445,0,0,0
0.01282231720146135,0,1,34.70657695894016,0,0,0
0.00068619091082796,0,6,27.281505296139436,0,0,0
0.0027094418004139508,1,1,31.76639857356364,0,0,0
0.002094933132407979,0,0,36.128693523610906,0,0,0
0.0009212819733026833,0,3,33.92449387161052,0,0,0
0.0018588147899278769,0,1,38.32840630811914,0,0,0
0.004451571803524878,0,2,23.32231817897243,0,0,0
0.01159627556986095,1,0,40.69125900867785,0,0,0
0.0013804721066474257,0,1,131.1159441273137,0,0,0
0.06537958597456077,0,1,25.768641382668438,0,0,0
0.017733319711506306,1,3,34.077576263635734,0,0,0
0.2171609188798968,0,3,22.99328687217949,0,0,0
0.07404296593531412,1,1,31.300805263446822,0,0,0
0.024237736338821914,1,5,105.89266405667975,0,0,1
0.007819329625979938,1,3,24.870017317288227,0,0,0
0.05638226245690227,0,1,40.020559565899596,0,0,0
0.0008795425215145986,0,2,27.290025949968044,0,0,0
0.002521218892767918,0,1,26.57292102661611,0,0,0
0.005381089621289862,0,1,33.717483459987896,0,0,0
0.007380128782284283,0,1,34.42524345063174,0,0,0
0.07358780760121501,0,1,23.4396912202343,0,0,0
0.03125073433898903,1,2,29.583668214153054,0,0,0
0.07532710335358257,0,1,28.351093924019292,0,1,0
0.01095767852399048,0,1,24.376583449001618,0,0,0
0.0038071979110662524,1,3,38.036516246918474,0,0,0
0.010807905198267414,0,3,31.635711260501168,0,0,0
0.004977326008421263,1,2,101.58925606591312,0,0,0
0.011997884305017038,0,1,29.953694543528535,0,0,0
0.008311694920019194,0,2,32.82338114524371,0,0,0
0.0043651169062536455,0,3,26.77402247053484,0,0,0
0.0010802345092883836,0,5,31.115481235035574,0,0,0
0.06341059077045497,1,1,31.85706815940254,0,0,0
0.002447115471101333,0,0,27.555741937251074,0,0,0
0.044213120599742584,1,2,41.62500750548596,0,0,0
0.06121160145783074,1,5,37.24547506981818,0,1,1
0.06816362378071808,1,0,30.72240081817396,0,0,0
0.006177438330429947,1,3,36.68703308966667,0,0,0
0.01321224133415756,0,4,29.148252639694093,0,0,0
0.0006555756125669155,1,1,35.56337471364348,0,0,0
0.0031529413461312476,1,1,40.42593591460191,0,0,0
0.00065440180333388,0,2,27.54746586020147,1,0,1
0.00569599456914072,0,2,31.65820617691045,0,0,0
0.0012301992212301349,0,1,34.58635135360802,0,0,0
0.006142389069100277,0,1,37.57318695940965,0,0,0
0.1414242943503894,0,6,18.840982808720398,0,0,0
0.004483912206167822,1,1,33.91927057236955,0,0,0
0.007399516976399165,0,0,28.025821374104797,0,0,0
0.0008765295830775024,1,3,27.099810620818058,0,0,0
0.011930293560001975,1,2,27.38958520720191,0,0,0
0.9185836160451665,0,4,24.0032345385602,0,0,0
0.043094604198098144,1,0,34.68074027631621,0,0,0
0.0027520247512832965,1,2,27.640143207423097,0,0,0
0.004706082051615876,0,1,37.515170744285065,0,0,0
0.003668506541375939,1,0,25.17696374170368,0,0,0
0.03102394504141681,1,2,40.47987189702903,0,0,0
0.004556072873170377,1,3,28.666256130890954,0,0,0
0.2845854593399037,0,3,32.366147270249925,0,0,0
0.0058534450960687195,1,5,28.075059784504745,0,0,0
0.001632322356590189,0,1,32.97520139353212,0,0,0
0.004818583575518137,1,1,27.73255914432369,0,0,0
0.049372792087457616,0,2,22.034961851703162,0,0,0
0.0013104982072464776,0,2,30.734537000309594,0,0,0
0.017774325469170127,0,1,25.05615081056314,0,0,0
0.0006216772270783191,0,2,37.45874430306579,0,0,0
0.0020205692855525784,0,2,24.945764439668014,0,0,0
0.07158145772478451,1,2,30.920725728939622,0,0,0
0.0015207891222419683,0,3,29.686851855985125,0,0,0
0.003900476264326066,0,3,27.817885597454165,0,0,0
0.003613064968382592,0,3,143.7264513222893,0,0,0
0.0017850681876867528,1,3,18.955668365446446,0,0,0
0.0003741279497411299,1,0,113.7230045137925,0,0,0
0.016400433810843926,1,3,24.175354471309763,0,0,0
0.003358639261616468,0,2,27.317186765989803,0,0,0
0.044075024843345106,1,2,27.557979207455134,0,0,0
0.008964284870306675,0,3,27.694902810458185,0,0,0
0.023665202972870558,1,3,35.452700985241755,0,0,0
0.00202016890969771,0,3,36.558473540012145,0,0,0
0.001639600891723565,1,5,31.311564448454586,0,0,0
0.0017605871040310356,0,2,37.479638518783666,0,0,0
0.380955124534742,1,5,22.383182568799604,0,0,0
0.0029371699647521084,0,2,24.63433038686883,0,0,0
0.005720642508744554,1,5,29.13591500026673,0,0,0
0.0030221170017639925,0,1,23.38203451236752,0,0,0
0.0028195077237808323,0,3,26.966827042116215,1,0,1
0.019038609030082473,0,1,31.344684554362743,0,0,0
0.035285897637569334,0,1,103.55934124624444,0,0,0
0.0006038943175287995,1,4,31.065914383599527,0,0,0
0.008288319460631664,0,1,32.5977579454652,0,0,0
0.00331738889852072,1,2,36.79532110241045,0,0,0
0.008110229038047949,1,1,32.36085676101663,0,0,0
0.0016490977509599407,0,4,34.588958008917956,0,0,0
0.0008327953165068075,1,3,37.12931848483939,0,0,0
0.011293316486330175,0,2,30.801162764205337,0,0,0
0.0020989848744541037,1,1,30.818691328187263,0,0,0
0.005503827354374718,1,3,32.11049853628917,0,0,0
0.1312722721767041,0,0,30.893343795947263,0,0,0
0.010437490117015292,0,1,21.82866357873409,0,0,0
0.0009225682993587916,0,3,18.720283945726514,0,0,0
0.042727782663198835,0,3,29.117736686035247,0,0,0
0.004323503473908056,1,0,28.891658756907365,0,0,0
0.006652073133047019,0,0,30.566324001471326,0,0,0
0.02361383686065212,1,3,31.279585651893985,0,0,0
0.0008857803535985778,1,3,29.188755099081707,0,0,0
0.003287835243350443,0,3,30.842232751860674,0,0,0
0.18456406183838184,0,0,29.429276262567754,0,0,0
0.005558791195693729,1,1,30.40048388542164,0,0,0
0.008533544791814533,0,2,27.189528591989664,0,0,0
0.03158088141931017,1,1,23.440718606304536,0,0,0
0.018242307439917872,1,2,29.809804982774295,0,0,0
0.0003622651225989784,0,0,28.947810650874164,0,0,0
0.004076075854399142,0,2,32.37265165654939,0,0,0
0.0024666805723327296,1,3,27.638303649942806,0,0,0
0.00778484097249863,0,2,34.263615903649864,0,0,0
0.029709967254096168,0,2,31.21772092762927,0,0,0
0.027353626803648813,1,2,31.5583312592796,0,0,0
0.028583730980789094,1,0,28.382427745480054,0,0,0
0.00507139843644147,1,2,35.811620797752184,0,0,0
0.00122429255467364,0,1,37.24498860871573,0,0,0
0.0036385821611996452,0,0,32.327470926521514,0,0,0
0.1280125673541213,0,4,30.53550285640305,0,0,0
0.01167487789177953,1,1,31.42031242435219,0,0,0
0.0033024300944897843,0,2,29.059469883111067,0,0,0
0.0025707757968299496,0,5,36.525606768002966,0,0,0
0.009922673476852098,0,6,32.11115317695342,0,0,0
0.0006810980936024296,0,3,33.13176280008742,0,0,0
0.029450459760871614,1,2,38.67649336980695,0,0,0
0.0705303451993619,0,0,29.727419488283388,0,0,0
0.01775865921927977,0,1,37.4614510414052,0,0,0
0.040309135077452964,1,5,27.635515647234214,0,0,0
0.010770368716818633,1,3,27.965152915546348,0,0,0
0.05119814971561204,1,1,25.44618859125545,0,0,0
0.05844263552966649,0,2,26.820375105084082,0,0,0
0.024994365201761147,1,3,34.19132106107798,0,0,0
0.0007447246340768872,1,0,27.6614085246157,0,0,0
0.003220424913026386,0,2,26.91972548610937,0,0,0
0.10485673947199206,0,3,28.029071511329846,0,0,0
0.01324654584585051,1,1,24.071805202917993,0,0,0
0.010164915072395558,0,3,33.82493509275175,0,0,0
0.000825582201971164,1,2,28.667736355423287,0,0,0
0.007736266367204276,0,1,23.98929510262843,0,0,0
0.2948785153314952,0,3,30.14034106971141,0,0,0
0.003197598705868602,1,1,26.31252225331133,0,0,0
0.0029759001955303307,1,3,29.325899297387895,0,0,0
0.04328115924861383,0,3,27.34001537216454,0,0,0
0.010287874372203016,1,3,33.61296765672962,0,0,0
0.003618414774095615,1,0,200.4128871988411,0,0,0
0.017179113296239657,1,1,27.811046693055683,0,1,1
0.028119598807466662,0,4,38.20881782169387,0,0,0
0.0003537382052187774,0,0,30.90616085702595,0,0,0
0.05958947569566942,1,1,238.9985449949998,0,0,1
0.00039175159349947127,0,2,29.31207970701855,0,0,0
0.0008789519945401622,0,0,32.27660071937545,0,0,0
0.0015117278354693936,0,0,35.44795728860075,0,0,0
0.0021427402031749415,0,0,33.28216828760923,0,0,0
0.0057646579093326555,1,3,34.18873146330728,0,1,0
0.007696882874828849,1,2,36.76524455677304,0,0,0
0.00970733805021672,1,3,31.95628566915638,0,0,0
0.0002689631615009531,0,1,31.63665574203129,0,0,0
0.012683002113988874,1,0,27.600432444864865,0,0,0
0.009732241756932368,1,1,32.50580337446818,0,0,0
0.02854280144550384,0,0,26.968666896082734,0,0,0
0.007776117926104877,0,3,41.03500649297321,0,0,0
0.03911680377958512,0,3,26.88561488965793,0,0,0
0.00034047950802626253,0,2,31.87905329854791,0,0,0
0.010658283396892343,0,1,35.89092262825084,1,0,1
0.00251037142501779,1,2,33.26801419952603,0,0,0
0.008241063104455878,0,0,28.53748925127664,0,0,0
0.0005003763218003225,1,2,35.728565388668294,0,0,0
0.0002130950043092724,0,2,35.89869358607925,0,0,0
0.004122021788577541,0,2,36.15902315103554,0,0,0
0.04162093059968188,0,3,34.65064119527254,0,0,0
0.002604074001212339,0,0,34.42950671244552,0,0,0
0.005313950146485926,1,0,40.019331206582024,0,0,0
0.0020007903875083927,0,2,27.185665144124734,0,1,0
0.028782902416765017,0,1,23.83667254468206,0,0,0
0.000630716800234518,0,1,23.22606543259705,0,0,0
0.00367805769242127,0,2,32.13540697784017,0,0,0
0.008631024627584888,1,2,25.926493106667852,0,0,0
0.02001707275937406,1,3,15.268067164404599,0,0,0
0.07633527432620243,1,2,27.194939049459464,0,0,0
0.0019850054643822885,1,1,37.26116109255969,0,0,0
0.0015282716174313926,1,3,38.13485955652534,0,1,0
0.004824995136528752,0,3,31.642570291350022,0,0,0
0.00036755635277308164,0,6,28.32088855236117,0,0,0
0.0035740068382969213,1,4,141.65410961697583,0,0,0
0.12851336492794116,1,1,23.550234573801507,0,0,0
0.010117442847022708,1,2,16.86007209614129,0,0,0
0.003642176183036149,0,1,27.93763431748745,0,0,0
0.0018439725438726309,1,6,31.680943538774624,0,0,0
0.01928061405609184,0,4,31.18345416746799,0,0,0
0.0008413700019653363,0,0,26.81890251133112,0,0,0
0.0005649813335559613,0,2,24.142979219610343,0,0,0
0.02039810646629842,1,3,26.607051751221963,0,0,0
0.0068043459404901595,0,4,30.842322037978704,0,0,0
0.02669557222409799,1,6,28.484782978791458,0,0,0
0.0017630869368339696,1,2,32.28852936571288,0,0,0
0.00020084642419414755,1,3,30.004607537964134,0,0,0
0.0034930839579966344,1,3,29.970063746345385,0,0,0
0.010397523395247105,1,2,29.508776642149524,0,0,0
0.07149278154600619,1,1,31.90655809220333,0,0,0
0.00926617391477347,0,1,24.35407303013309,0,0,0
0.0009015674378742303,0,0,29.864589530003784,0,0,0
0.012645510938550689,1,1,30.168572083037823,0,0,0
0.0013424317347544776,0,5,27.487291983857045,0,0,0
0.000691763413892678,0,1,28.66500418284923,0,0,0
0.0009777810306303616,1,1,135.17178701538748,0,0,0
0.004814659818199434,0,2,23.469975991367093,0,0,0
0.0010267990411522746,1,1,32.54855061080302,0,0,0
0.0023479459157566464,1,2,35.78786092990811,0,0,0
0.024587657120133496,0,6,31.821614056279067,0,0,0
0.0006951371603569914,0,0,25.942333920586762,0,0,0
0.02189653721199811,1,0,29.29556214861915,0,0,0
0.009729489861045581,1,0,33.873138059567026,0,0,0
0.009686037644372274,1,3,24.27526226378488,0,0,0
0.003962383228413722,1,2,165.57050305059,0,0,0
0.006323340117142367,1,2,31.63147999823461,0,0,0
0.041027230207584406,0,2,25.185549399326607,0,0,0
0.013199897470550767,1,0,34.03212472059802,0,0,0
0.0022658189506737357,1,3,32.17703236936752,0,0,0
0.0014153274913704511,0,1,21.90468918806841,0,0,0
0.014480677737511435,0,4,32.816061758168736,0,0,0
0.012423449219369264,1,2,26.320148180483287,0,0,0
0.006805816752002323,1,6,30.001161533148355,0,0,0
0.002067761335153625,0,3,22.38930599329024,0,0,0
0.020524146584297773,1,1,31.419298057379745,0,0,0
0.013011252309252434,0,4,27.01504724212215,0,0,0
0.0010853860809400997,0,3,29.41640246420978,0,0,0
0.001912266984825803,1,1,25.56939825910871,0,0,0
0.002955899499471272,0,2,34.27330825276594,0,0,0
0.021175930713404827,0,3,34.778755452542576,0,0,0
0.07533093376216955,1,2,35.88481584724199,0,0,0
0.016688227860622736,0,3,33.40070380451822,0,0,0
0.004300212934698069,1,2,32.0662358012278,0,0,0
0.019613289672665825,1,4,27.897132766650465,1,1,1
0.030839448508550926,1,3,196.9189377277798,0,0,1
0.020328146587877117,0,2,32.02514884640476,0,0,0
0.006222446744581545,1,2,23.49217314366745,0,0,0
0.002041750370699781,1,3,32.04642108232641,0,0,0
0.037893211258003545,1,1,33.108275702521226,0,0,0
0.01685844901054656,1,1,23.28337505352393,0,0,0
0.03267954778775461,1,3,28.24066350501757,0,0,0
0.0007914565937710302,0,2,29.849503912872386,0,0,0
0.00218535567192276,0,4,108.2115195429179,0,0,0
0.0254168564063183,1,3,41.74730872217637,0,0,0
0.05687725956569777,0,3,31.98401642564708,0,0,0
0.008194691794421125,1,1,39.93539349597107,0,0,0
0.003791284061153765,1,0,30.507428067659422,0,0,0
0.009378031096812947,0,2,28.453523487641313,0,0,0
0.03413463077316328,1,3,33.14024852851496,1,0,1
0.0038657163629830637,0,4,31.903902455937885,0,0,0
0.002591242957053282,0,3,27.906463778900825,0,0,0
0.0006010713802063213,0,4,34.096152886159324,0,0,0
0.003254736483278549,1,1,31.909051151544062,0,0,0
0.0006397492962189775,0,1,132.96529488104042,0,0,0
0.002176130855847796,1,2,29.287650126416985,0,0,0
0.0188222926417528,1,5,29.26335616934113,0,0,0
0.004655056865838878,1,3,26.408469270079177,0,0,0
0.0089198704491808,0,0,34.043186071902724,0,0,0
0.0018095293772061245,0,1,90.18911422405502,0,0,0
0.016832216766718817,0,3,32.51279762950589,0,0,0
0.0030268331511248384,0,1,27.30934829855577,0,0,0
0.15953401170839435,1,1,32.452859605434035,0,0,0
0.003046673197415276,1,3,28.27752695109015,0,1,0
0.004376242789290561,1,7,25.01323006176533,0,0,0
0.007353976451393407,0,0,30.64410596671293,0,0,0
0.004305480072270588,1,1,32.643327798202016,0,0,0
0.0019457914428831278,0,3,37.40852907085757,0,0,0
0.0022009940891682973,0,0,179.6244136262878,0,0,0
0.012813376865054385,1,5,27.021712772976116,0,0,0
0.001691005226152215,0,2,26.488247163830792,0,0,0
0.045942145561578496,0,4,36.06799846461556,0,0,0
0.0029305982372939345,0,2,22.537563415865247,0,0,0
0.010615443212806433,0,0,30.380109575405122,0,0,0
0.01350777284811349,1,3,24.69321416758693,0,0,0
0.015469409777999543,0,3,25.872172342951558,0,0,0
0.0006953427736724652,1,3,31.202478818525016,0,0,0
0.0003805553700927204,0,1,22.206890807269524,0,0,0
0.0015429520972649667,0,2,27.12691471999002,0,0,0
0.000286484683416779,1,1,32.83495473330605,0,0,0
0.018648065423678833,0,4,33.3190503013765,0,0,0
0.021129872955678003,1,3,36.01547702564223,0,0,0
0.028722241593678106,0,1,23.69014532747525,0,0,0
0.0009627520188824659,0,1,32.04189065408106,0,0,0
0.0004208900688776035,0,1,26.798681399608178,0,0,0
0.29990011818213574,1,2,21.124119969747376,0,0,0
0.00043738265339831445,1,4,39.480671337888225,0,0,0
0.00026844575921587574,0,0,23.426792356735035,0,0,0
0.004215866484003145,0,5,26.08007933079118,0,0,0
0.00020679064999500567,1,1,112.91427287554039,0,0,0
0.001851760342118966,0,1,25.740790671761566,0,0,0
0.02052958323483925,1,1,31.44942974866695,0,0,0
0.0749710410529568,1,1,22.49283955982984,0,0,0
0.024019074453333684,0,1,26.007530084757896,0,0,0
0.0012795014278770044,0,1,30.761021212900562,0,0,0
0.007475092231313536,1,1,148.9095422260488,0,0,0
0.013717738598909308,0,0,38.64779385047008,0,0,0
0.0011408126905264077,1,4,23.677170662137303,0,0,0
0.01763834293654887,1,0,85.60475872713386,0,0,1
0.004430460139305047,1,3,34.47301124664225,0,0,0
0.014602654076079516,1,3,33.897450269718625,0,0,0
0.0042151832204817405,1,0,24.60466690242646,0,0,0
0.002831872249672652,1,0,35.319257059612056,0,0,0
0.001071193842271819,1,0,131.27775789704674,0,0,0
0.015820696093643942,0,0,26.570759325282644,0,1,0
0.0024872011460758472,1,0,29.140424099007284,0,0,0
0.002910063920869598,1,2,32.84720765229079,0,1,0
0.005581849971549886,0,2,22.554682507383642,0,0,0
0.0018413774727847926,1,0,24.827577841578787,0,0,0
0.008514277262881394,0,4,28.842698851702618,0,0,0
0.01541965776541219,0,0,39.240315955939295,0,0,0
0.006044935942520573,0,0,28.79078542787948,0,0,0
0.11094995561438131,0,2,26.701529286911622,0,0,0
0.0013756331690708637,1,1,28.424068397078052,0,0,0
0.0003555847657713383,1,0,26.760878171281348,0,0,0
0.02733474264214655,1,4,38.280940859704884,0,0,0
0.0005315566609161751,1,2,112.80599080415364,0,0,0
0.003495499171901301,0,5,28.77578884240643,0,0,0
0.011748126517098612,1,1,21.043088561855427,0,0,0
0.2354476134658818,0,2,17.725785404041957,0,0,0
0.06746737661800237,1,1,21.456104039958618,0,0,0
0.0007367958445258151,1,2,30.508985809742402,0,0,0
0.007913051287040439,0,2,26.83543264439209,0,0,0
0.005873520613340728,1,1,29.16052963588778,0,1,0
0.009183895949283693,1,1,29.33342175683856,0,0,0
0.014284810224231158,0,0,28.816707005824483,0,0,0
0.0051005756700711795,1,2,22.65400938980644,0,0,0
0.04228190388661811,0,2,30.565231063045168,0,0,0
0.010978840542321055,0,2,20.39337805256372,0,0,0
0.011493175711564453,1,1,21.72549030266462,0,0,0
0.008180931447107092,1,1,30.367162512879535,0,0,0
0.0007590625331498644,0,2,28.783232146356205,0,0,0
0.014567225000479446,1,1,35.6360744438889,0,1,1
0.05994227540929824,0,2,31.661183201687205,0,0,0
0.004318803425634055,0,4,32.6550845502688,0,0,0
0.014676477560588139,1,2,38.52743303806221,0,0,0
0.013284690340234315,1,6,44.501531251843105,0,0,0
0.003748642633793924,0,2,30.4672330787629,0,0,0
0.0034873634856377343,1,3,24.604663400566352,0,0,0
0.00024023601918413918,0,3,40.74694371817692,0,0,0
0.03954640288432126,1,2,34.24262195323275,0,0,0
0.00895253869954996,1,2,31.46360904351756,0,0,0
0.004744937344832675,0,1,22.054076773810134,0,0,0
0.0035560821743082986,0,0,39.98867126096343,0,0,0
0.012189981469898052,1,0,34.3088087220178,0,0,0
0.010182917140436216,0,5,32.74464239119521,1,0,1
0.0043071926146812925,0,3,29.599916412749987,0,0,0
0.007432035624632261,0,1,38.56650973438645,0,0,0
0.003432734101778396,0,1,37.180210956086874,0,0,0
0.03256234782994866,0,1,37.81692810792819,0,0,0
0.019295044351487045,1,2,31.853604503652253,0,0,0
0.012716905222455431,1,2,36.79296478119733,0,0,0
0.0065971166658615335,1,1,25.28096312277872,0,0,0
0.0038084255710793494,0,1,24.08635542979087,0,0,0
0.004160466284107555,0,3,35.78258083594452,0,0,0
0.009759272533637214,1,1,26.308357905616155,0,0,0
0.003599703715003329,0,2,35.772090159389286,0,0,0
0.011986091357627945,1,1,35.049998254589546,0,0,0
0.01641853893751311,0,1,27.552812864590887,0,0,0
0.0017471689341390514,1,0,29.74514800443928,0,0,0
0.006045665184363922,1,1,29.202164150470228,0,0,0
0.045700942716810376,1,3,26.25063104354917,0,0,0
0.01077161336739992,1,2,31.270805259609322,0,0,0
0.001923150345566977,0,1,27.332575008787593,0,0,0
0.0028692289837197586,1,1,33.66542438713578,0,0,0
0.0055323002012899565,0,2,29.70062430586147,0,0,0
0.0018894164922997705,0,2,33.44215260654088,0,0,0
0.0015948961143526822,1,2,34.20267910596734,0,0,0
0.004437445901090292,0,3,31.282447789543063,0,0,0
0.040497527510092314,1,0,37.62909118426065,0,0,0
0.0047580190146045195,1,3,28.616386363403624,0,0,0
0.03248046944050227,0,2,20.485849337247913,0,0,0
0.011875718730160464,1,1,30.45081933838444,0,0,0
0.00020935784956281254,1,2,24.440885916094366,0,0,0
0.0010577907034838435,0,2,23.916122475709823,0,0,0
0.011665226514556735,0,0,24.486537659125375,0,0,0
0.010027792921632047,1,2,21.7753784923445,0,0,0
0.004705209293741761,1,1,26.62200490312574,0,0,0
0.015456233219611945,1,2,34.0613024093827,0,0,0
0.001910332130066853,0,5,29.44915937776005,0,0,0
0.011612193007069928,1,0,32.28086837042272,0,0,0
0.0052487017256078496,1,1,34.38451876152124,0,0,0
0.010851507441031374,1,2,22.878327425800045,0,0,0
0.0023146902312337525,0,3,23.310647047144343,0,0,0
0.03263164007616007,0,2,36.4147142933949,0,0,0
0.046083100339440485,0,5,34.064717364965816,0,0,0
0.009723416668443343,0,3,27.061133010913686,0,0,0
0.007475374727639225,1,0,26.769972451248062,0,0,0
0.0027547992461870396,1,2,38.021057846269045,0,0,0
0.003657376136522577,0,2,34.853733831330175,0,0,0
0.24078325890326896,1,0,35.36896010734809,0,0,0
0.0007574506539400098,0,1,33.70831618859792,0,0,0
0.0007553487677334559,0,3,31.15577602807218,0,0,0
0.0043636491536187165,0,4,32.23547143912802,0,0,0
0.0059879417441002164,1,3,36.401116509781545,0,0,0
0.03390971387838906,0,1,36.600214676884306,0,0,0
0.015505319610012822,1,5,27.87959203900928,0,0,0
0.005415407342637199,1,3,30.02426304588403,0,0,0
0.004200519365636183,0,1,36.46508634955556,0,0,0
0.00037231003998008347,1,0,24.448975805803375,0,0,0
0.0021829036437036034,1,4,26.991043970264435,0,0,0
0.0030212634187821398,0,1,26.006748031808556,0,0,0
0.009048244361900168,1,2,32.73118817631097,0,0,0
0.046741595891877964,0,1,31.07198695531394,0,0,0
0.003650964418691907,1,1,23.40827096341206,0,0,0
0.047918097885199795,1,3,38.25264326633681,0,0,0
0.0041556647601150125,1,0,30.472261715303482,0,0,0
0.0030959503336176943,0,1,31.177472104848956,0,0,0
0.03721745533531845,0,3,29.858786167375897,0,0,0
0.0018883780556201532,1,0,39.317410361067445,0,0,0
0.004134083608261596,0,2,27.646480488916403,0,0,0
0.04331853680360882,1,1,32.87835104748817,0,0,0
0.027716832722367073,1,2,32.26382985428586,0,0,0
0.00532249354442561,1,1,32.468276160620064,0,0,0
0.0005558282798128955,0,1,24.38501433069625,0,0,0
0.0010329396332923702,1,2,31.140081458316043,0,0,0
9.254151678261415e-05,1,1,33.17837336308394,0,0,0
0.010356257407525726,0,1,27.879167212912847,0,0,0
0.004894376334551165,0,3,26.118329770624634,0,0,0
0.001897160620952632,1,4,31.712701734338204,0,0,0
0.002807719559426685,0,3,33.59417344357542,0,0,0
0.01903500044965692,0,1,26.40600455820638,0,0,0
0.03671883359302197,1,4,29.5829809964757,0,0,0
0.0004287495721700953,1,2,28.0751630510373,0,0,0
0.01798345876714053,1,3,27.156037055447577,0,0,0
0.005047160192724603,1,2,26.251137463594073,0,0,0
0.0003439492008605002,1,4,30.143732579153685,0,0,0
0.0028859668259353507,1,1,27.791258997467512,0,0,0
0.018893308083931512,1,3,35.40603784046539,0,0,0
0.019574290557296363,0,2,33.6488403330728,0,0,0
0.02200505507594724,0,2,35.429111899751284,0,0,0
0.002719979874921084,1,0,40.16067621957703,0,0,0
0.0006537907592840726,0,3,29.609550736936562,0,0,0
0.01618699186258697,1,0,30.36936314494059,0,0,0
0.021638175091927725,1,2,31.517402144397195,0,0,0
0.13434342625506998,1,4,24.44999463952172,0,0,0
0.025230949690802047,1,4,26.264945177642733,0,0,0
0.008471125814883497,0,1,28.890008101845897,0,0,0
0.00031101022007195596,0,4,30.38972224160469,0,0,0
0.00447309054840501,0,0,28.20465457340697,0,0,0
0.004182192866915753,1,1,24.364224815887354,0,0,0
0.003286329903800116,0,3,37.407721268571684,0,0,0
0.015778004276817147,1,1,24.866919068229794,0,0,0
0.009993276698982461,0,0,32.162416244249094,0,0,0
0.008591682665534194,0,2,28.579826428054233,0,0,0
0.00029648492857867285,1,1,37.47539417366383,0,0,0
0.07339780168389069,0,1,16.00202870248637,0,0,0
0.012327630479314686,0,4,34.600338384757784,0,0,0
0.016389370049631893,1,1,139.32023927139022,0,0,1
0.008613270880578849,0,0,22.395389309775076,0,0,0
0.04332420671254961,0,1,39.90506401267204,0,0,0
0.0006784081576552526,1,2,24.49588152463155,0,0,0
0.0027539372555987593,1,1,26.406437043723795,0,0,0
0.011819402348315865,1,0,34.45712462239752,0,0,0
0.022546778976772482,1,0,32.34579357336628,0,0,0
0.008581845540737825,1,3,34.26456286155077,0,0,0
0.0027954391468784996,1,2,28.59035967430707,0,0,0
0.005975382026056474,1,1,25.806778010712947,0,0,0
0.0014366303114242618,1,1,16.4818259950573,0,0,0
0.023618504420746252,1,1,33.223862511310934,0,0,0
0.011532007124800417,0,5,35.83975481413953,0,0,0
0.01806419250865707,0,1,26.244328560523503,0,0,0
0.01962202919854052,1,3,31.101700548490957,0,0,0
0.017020191723650525,0,1,25.205369803791527,0,1,0
0.0025931266263402295,1,0,32.73593177705486,0,0,0
0.005676504036686456,1,3,32.25879655274151,0,0,0
0.07097589839106389,0,1,183.90116510776943,0,0,0
0.07579400404351797,1,3,22.42798621938097,0,0,0
0.0026958968487773003,1,2,41.75174103112985,0,0,0
0.007635829305494298,1,0,41.066776559740404,0,0,0
0.007365955645354033,1,2,32.245437801807746,0,0,0
0.007941896718454982,0,1,35.60609501708977,0,0,0
0.03464680192968515,0,1,20.366139448457226,0,0,0
0.005340567482124687,1,1,29.330593292409382,0,0,0
0.00490747306732493,1,8,28.32556929592337,0,1,0
0.008963713189240503,1,4,17.46309302957598,0,0,0
0.005559582349356923,1,3,37.09240413223677,0,0,0
0.000567296210195585,1,4,32.54427133656528,0,0,0
0.0009380001135739073,0,0,24.069147967540864,0,0,0
0.007880422055314572,1,2,31.82630640027275,0,0,0
0.009699366694485305,1,1,30.125917960814306,0,0,0
0.02072954751339617,0,2,32.399557162349915,0,0,0
0.0010308005886103036,1,2,26.486570412686785,0,0,0
0.00024918535523891003,1,1,37.97549427453681,0,0,0
0.002593646255539341,1,3,35.21477188992035,0,0,0
0.003816935555586628,1,1,27.83928436203848,0,0,0
0.0018304254247854866,0,1,109.77756156802064,0,0,0
0.05547659786422129,1,0,87.1759209062895,0,0,1
0.004527315677768926,1,1,30.038494881794545,0,0,0
0.0008148119494519152,0,0,33.287555286357055,0,0,0
0.0008560315961620541,0,2,35.46095335255145,0,0,0
0.004010038969580411,0,3,33.796468475983055,0,0,0
0.03164358274126445,1,2,37.82296040009552,0,0,0
0.006893056405431049,0,1,33.027607746445156,0,0,0
0.001192565622603927,0,4,20.164348822063822,0,0,0
0.0038146292109282353,0,3,32.70281778189097,0,0,0
0.0099679025933364,0,3,24.21637661134691,0,0,0
0.0007170234544619791,1,2,21.443835904058623,0,1,0
0.0029465278935171565,0,0,33.28693477143378,0,0,0
0.016278690858822577,1,1,31.470574147227673,0,0,0
0.07561747727345772,1,1,25.8345878043257,0,0,0
0.0022907351966592725,0,0,32.984138569168586,0,0,0
0.0001813441029051147,0,0,31.073971702070256,0,0,0
0.0037756847963498564,0,4,20.372687942872563,0,0,0
0.0310385970962963,0,1,35.58659073233909,0,0,0
0.0030528251499227755,1,2,31.0010269560033,0,0,0
0.0006026848458941928,0,2,33.579232865924624,0,0,0
0.0027522122396991793,0,1,21.75718071887966,0,0,0
0.011687982633270028,0,2,29.57625337971815,0,0,0
0.004266455244851625,1,4,24.01304698830548,0,0,0
0.001827164027334821,1,4,170.96263153496085,0,0,0
0.015140963913712027,1,1,23.134018903481802,0,0,0
0.009317620235166515,0,2,26.35310546849617,0,0,0
0.013150648597638577,0,1,25.298375084535557,0,0,0
0.0005500061774451186,0,1,32.41056612577923,0,0,0
0.18464641504411175,0,2,28.519197376102383,0,0,0
0.013765820757707343,1,5,29.122464335716273,0,0,0
0.0066525558641041,1,4,35.2239444896434,0,0,0
0.012378178574698754,1,8,32.82443521422395,0,0,0
0.006834494080062838,0,4,34.18909645652099,0,0,0
0.011273550308660644,1,1,35.65551162270289,0,0,0
0.00017724678429502141,1,1,23.660136041221058,0,0,0
0.008065244416155769,1,3,29.9757118560118,0,0,0
0.0021935956936034473,1,1,24.840214147640072,0,0,0
0.001050646881088956,1,1,32.02053569132975,0,0,0
0.0005972393852855755,0,4,34.80054936464266,0,0,0
0.0005690062668981889,1,1,29.590236693479962,0,0,0
0.0008685934192451375,1,7,23.770949864011243,0,0,0
0.0024072249818057395,1,1,36.567142030068766,0,0,0
0.011101515799483264,1,1,29.34550002878953,0,0,0
0.0010316087772133575,0,3,29.471772171087927,0,0,0
0.05104776401972377,1,4,25.652820821833565,0,1,1
0.0041551824468927245,0,0,27.22154335347927,0,1,0
0.009573383551110573,1,1,20.96425520103093,0,0,0
0.007327586420953881,0,3,27.53028631434304,0,0,0
0.0005302870698035404,0,4,31.927534030286203,0,0,0
0.001040817066821449,1,4,25.130745390508704,0,0,0
0.0013074424168307312,1,1,29.081215163227778,0,0,0
0.104564612504974,0,3,123.82479228624909,0,0,0
0.01516188432319911,1,1,26.064531788804445,0,0,0
0.0037576588386543713,1,1,30.94921999368421,0,0,0
0.0018232078083033263,0,1,30.245869075001078,0,0,0
0.0011856807074178356,0,1,24.243317925611347,0,1,0
0.00011692706098318953,0,1,28.799094174430376,0,0,0
0.009467985317574893,0,2,164.11255259317198,0,0,0
0.000741820037119008,0,3,24.318225968588976,0,0,0
0.023333007616209166,0,2,35.011528899824235,0,0,0
0.0012491527678202957,1,2,35.20020462041382,0,0,0
0.01677294235960938,1,2,45.475699610564426,0,0,0
0.0026320300822360843,0,1,34.907801871301004,0,0,0
0.032166034946695635,1,6,29.222543357391217,0,0,0
0.024178495521931874,1,2,32.29031158791653,0,0,0
0.0020412013007213067,0,1,25.295163690723896,0,0,0
0.01618051365460118,1,0,25.486559294135116,0,0,0
0.007651949436908236,1,1,32.18919422308158,0,0,0
0.0037825266639353447,1,1,29.24802310838095,0,0,0
0.0019143032436865182,1,1,26.1523229118706,0,0,0
0.004976636717530006,0,2,30.76066683669776,0,1,0
0.0019801272549250476,1,4,31.212952950542338,0,0,0
0.0011657055860979325,1,3,30.375182444375877,0,0,0
0.0026989291677766785,0,0,14.706271976806931,0,0,0
0.014568702112736162,0,0,37.07517871230614,0,0,0
0.001356575683402296,0,2,33.28979224557971,0,0,0
0.0006969227841486665,1,2,26.914008061909076,0,0,0
0.011836006992119064,1,6,33.56999358476092,0,0,0
0.006350728602973087,1,3,193.85459764986336,0,0,0
0.00846440609851617,1,1,43.36442050449597,0,0,0
0.03767484779247284,1,2,27.67436963928195,0,0,0
0.0043895140551319925,0,3,23.672234908279925,0,0,0
0.01001661274518986,0,2,33.331543680290665,0,0,0
0.003344739286696985,0,5,28.66410485766044,0,0,0
0.0040099102020907315,1,3,19.30968640698569,0,0,0
0.024496011935533215,1,3,18.33562458311082,0,1,1
0.007258066551510434,0,1,28.38108626239994,0,0,0
0.004062444576333199,1,0,42.34292570126392,0,0,0
0.0015842089129031343,0,0,29.461592072778647,0,0,0
0.07261996688137964,1,2,34.714166148291575,0,0,0
0.0020143723377936754,1,3,37.5206949418557,0,0,0
0.008327447862153056,0,4,23.991002148809663,0,0,0
0.007377534913220079,1,3,28.335110995137523,0,0,0
0.015346934847315854,0,2,34.72066651132685,0,0,0
0.00032963407375680213,0,1,36.58501907924461,0,0,0
0.018501044415829133,0,2,20.28918681704097,0,0,0
0.00597013750939027,0,4,34.07760412506364,0,0,0
0.017848786260888864,1,0,32.27582522073058,0,1,1
0.3220585318129394,0,4,91.48522416317951,0,0,0
0.0018002133959024232,0,3,23.186696857309006,0,0,0
0.008067352649772975,0,1,25.41064757797183,0,0,0
0.028488177107346347,0,3,35.45880018600384,0,0,0
0.003542372028096824,1,2,38.74465440160007,0,0,0
0.000337711622843718,0,2,25.492725901926747,0,0,0
0.021453641147545437,1,3,22.035246724597794,0,0,0
0.0749521378555028,0,3,27.621355823792566,0,0,0
0.0030859874687366516,0,1,24.37743771031792,0,0,0
0.0003888261531512578,1,1,36.411403743330574,0,0,0
0.005160002086861484,1,1,28.96333387086732,0,0,0
0.01851335108620768,1,4,33.788728582981705,0,1,1
0.008835473559465658,1,2,29.997066931984424,0,0,0
0.3004465702564819,1,1,28.341338923714776,0,0,0
0.004632419318676971,0,3,26.78370059973597,0,0,0
0.000656984278136708,1,0,24.825317616655205,0,0,0
0.004443439229038466,0,1,30.991795372250962,0,0,0
0.05219038783128967,1,1,25.48777622868956,0,0,0
0.22742922048037967,1,1,36.715574935662005,0,0,0
0.007769190920123572,1,2,23.538738032360115,0,0,0
0.03186017439128351,1,1,36.15989212320535,0,1,1
7.289064820891752e-05,0,4,27.634376023209082,0,1,0
0.008171199524128854,0,7,28.872087048342546,0,0,0
0.007476497003646862,1,1,32.45628663679475,0,0,0
0.016589373039178297,1,3,29.428479550731073,0,0,0
0.013483263972507948,1,2,34.59156914356138,0,0,0
0.013008053183740539,1,2,36.63304947655235,0,0,0
0.0076776174208863495,1,0,38.64422690473392,0,0,0
0.00038359440393290586,1,4,30.50532432399172,0,0,0
0.012357041730242792,1,4,29.739006702717884,0,0,0
0.017758895393273137,1,0,35.52035467211614,0,0,0
0.02641402916342428,1,0,101.96651439871454,0,0,1
0.027745612923023428,0,2,37.35111870642462,0,0,0
0.0674574933051765,1,3,21.98582084417478,0,0,0
0.00854041566258788,0,0,90.94097668330944,0,0,0
0.0005567666938942838,1,2,22.924050101168007,0,0,0
0.011943654974718576,1,1,23.033719708140964,0,1,1
0.013581327127368007,1,0,29.229455675935824,0,0,0
0.22751314706159084,1,1,41.49820433033224,0,0,0
0.0053242497706205046,1,2,25.894777576321424,0,0,0
0.00022367736478201146,0,4,36.42596762724089,0,0,0
0.33850431377542184,1,1,31.92561326546923,0,0,0
0.0083410810624857,0,2,31.21015018593521,0,0,0
0.00917595981432144,1,2,34.99173468973227,0,0,0
0.0008455451019224353,1,4,37.305543252701476,0,0,0
0.0016200952813709376,0,0,22.5892948932118,0,0,0
0.00025381075216393366,0,2,34.31002438478419,0,1,0
0.047467350674933545,1,3,31.551347634419383,0,0,0
0.042634169640533265,1,1,32.72322658533304,0,0,0
0.005242195946552795,0,6,40.0857103464203,0,0,0
0.002382466333749544,0,3,25.694912445717158,0,0,0
0.008850854325950031,1,2,27.381571108848362,0,0,0
0.008331714978984222,0,1,35.77436349043354,0,0,0
0.0021490199014474456,1,0,34.71586212733157,0,0,0
0.017668176433978673,1,4,32.80381013856531,0,0,0
0.007659554771114409,0,3,30.02843969892592,0,0,0
0.013015665480341065,0,3,31.575689921650845,0,0,0
0.0073939670543199144,1,2,22.910362890640712,0,0,0
0.009812039424121264,1,1,26.044267624289635,0,0,0
0.0019524726519777984,1,2,26.363260154277818,0,0,0
0.007093316199938315,1,2,33.034512175055916,0,0,0
0.04164285015310738,1,2,20.83884355697402,0,0,0
0.0011830719452906127,0,1,29.42333833565029,0,0,0
0.32395414941199147,1,1,31.76925777573586,0,0,0
0.02264308706330472,1,3,32.10362394469831,0,0,0
0.0019156583687142674,0,1,26.413259132206424,0,0,0
0.01812661243892513,1,1,36.450892576146984,0,0,0
0.10306479251242595,1,0,25.56753942491121,0,0,0
0.008304913414903624,1,1,40.06744977857472,0,0,0
0.0047130984649671175,1,1,27.159386068961403,0,0,0
0.021059441924129965,0,5,35.17897143046467,0,0,0
0.003110248674783568,1,3,38.62496648809317,0,0,0
0.0020809350582382475,0,2,25.683547838005516,0,0,0
0.0015640443766928797,0,2,27.845347250997435,0,0,0
0.003437891699588654,1,3,24.545733195047582,0,0,0
0.0006909146099322877,1,2,32.13485599136199,0,0,0
0.001139468237469457,1,4,29.485179198736766,0,0,0
0.0015191929828492943,0,2,26.734287323585587,0,0,0
0.0036291525965554813,1,2,27.80641136743597,0,0,0
0.002049885683908142,1,3,25.165428563036965,0,0,0
0.0078017381269537885,0,0,30.146174575659195,0,0,0
0.008358459739367528,1,3,35.21424131639327,0,0,0
0.06080082342401296,0,1,39.172227572070284,0,0,0
0.013285887848477366,0,5,25.493962612331913,0,0,0
0.0007933814440036652,1,1,27.277811558351093,0,0,0
0.002605525255833574,0,3,38.23277844645679,0,0,0
0.004503711527159545,0,2,28.53960071850852,0,0,0
0.004065851416947095,0,3,30.86519590382331,0,0,0
0.003871236623934327,1,0,28.159787859421474,0,0,0
0.00478497377177499,1,1,33.51406012715286,0,0,0
0.000769015897785626,1,1,20.382059493226464,0,0,0
0.005840137296847542,0,1,30.623794269898358,0,0,0
0.0019284825056716589,0,3,39.61637318974598,0,0,0
0.0005825819799566756,1,0,34.523690607115725,0,0,0
0.001172763942809152,0,0,30.220918288068763,0,0,0
0.1077453805599992,0,1,41.1918425900827,0,0,0
0.06907965359912249,0,0,37.37188872648794,0,0,0
0.011317248216928096,1,2,89.66970984969694,0,0,1
0.0011765994352280413,1,2,37.9185321699556,0,0,0
0.0018513730742063604,0,2,31.014327521448593,0,0,0
0.0015849019966577625,1,1,33.39779514396462,0,1,0
0.0008698232712395378,0,2,21.751813710146315,0,0,0
0.005865103630174834,1,1,32.46811662769735,0,0,0
0.023157904889446343,1,3,31.443941197361696,0,1,1
0.008133259578881318,1,2,35.83950780745214,0,0,0
0.0005937413405161266,1,0,45.14646059924078,0,0,0
0.010079176041693113,1,3,35.95871420463837,0,0,0
0.002016796248703035,1,2,28.7372802773897,0,0,0
0.0047892534756555655,1,1,25.283291760731565,0,0,0
0.008098100493934118,1,3,19.86741915446052,0,0,0
0.004774655104075149,0,2,34.469716506392906,0,0,0
0.09525343917344066,0,2,19.241460921327743,0,0,0
0.006817134378988953,0,2,26.045217127128613,0,0,0
0.004820233262160358,0,6,32.527358579956456,0,0,0
0.03358455374092676,1,3,24.34084639309247,0,0,0
0.008419197349680808,0,6,37.71148676763712,0,0,0
0.002300251719437023,1,4,25.321917777247716,0,0,0
0.005010019739651416,0,0,26.474515191211363,0,0,0
0.08604202930988783,0,1,30.491990771730823,0,0,0
0.03298598980386357,0,5,35.812288156832416,0,0,0
0.0009083129446479863,0,3,27.673957040164797,0,0,0
0.0049090963337294685,0,0,28.78775616507874,0,0,0
0.02588305057529062,0,1,33.50548414449781,0,0,0
0.04221965786284852,0,3,29.084076836600858,0,0,0
0.0004014649043951935,1,1,44.00122972003714,0,0,0
0.015090203901972379,1,3,43.46896065886426,0,0,0
0.002217555698035467,0,2,23.38419161724631,0,0,0
0.007075092586015952,0,2,27.621222865514696,0,0,0
0.0303624592781302,0,1,24.79132005515521,0,0,0
0.0006745587886834688,0,1,37.87657229454063,0,0,0
0.006743047559313125,0,2,30.557370247182853,0,0,0
0.02733058142000054,1,5,24.774105228832127,0,0,0
0.0014253719960925844,1,2,86.6591511559596,0,0,0
0.003503989534456538,0,4,91.60429550319814,0,0,0
0.013916490811428905,1,4,30.95593807292665,0,0,0
0.03125150667860157,0,2,27.194574701718338,0,0,0
0.013762066891542246,1,3,16.039499796878967,1,1,1
0.006297463330434443,1,2,26.59219741338066,0,0,0
0.0006685759324462141,1,2,18.67331035515441,0,0,0
0.003975045642464878,0,3,47.53746671169975,0,0,0
0.004902620037136653,1,1,37.81481218361664,0,0,0
0.0012531406033220265,1,2,21.746686532762393,0,0,0
0.015567008566292333,1,3,25.86151810149655,0,0,0
0.00973231534336785,1,4,22.464225631591344,0,0,0
0.0009320401735760683,1,3,25.10400720326002,0,0,0
0.011569013653740618,1,1,37.205857510246396,0,0,0
0.10842166200582473,0,1,34.2573648480753,0,0,0
0.0011502701736156094,0,1,39.69465199823644,0,0,0
0.004854144805525675,0,3,28.452116031391498,0,0,0
0.014699304477410665,0,2,31.513237895434983,0,1,0
0.014954354646129658,1,3,20.896407503365424,0,0,0
0.003028484034551028,0,2,19.559960448454728,0,0,0
0.0533951830322008,0,4,27.911180753373998,0,0,0
0.0006325313432107868,0,1,33.634708875023605,0,0,0
0.0020586015336894526,0,1,26.865619403845525,0,0,0
0.00029390154211288264,0,3,41.32835508879708,0,0,0
0.0036688179273059248,0,2,34.816698618525514,0,0,0
0.005374483882851359,1,0,38.046719467533734,0,0,0
0.012893480401742898,1,0,21.57118447904606,0,0,0
0.0015042362356139855,1,2,29.85963304354653,1,0,1
0.008497265862661805,0,2,24.843808392951352,0,0,0
0.02329280193455868,1,3,29.741417041743446,0,0,0
0.0018815337277883167,1,2,33.12474669132738,0,0,0
0.020564410435038653,1,2,24.421260972765985,0,0,0
0.00498724724387567,0,1,25.251678765070846,0,0,0
0.05538925489335047,1,3,127.93023159244646,0,0,1
0.0010637511474143138,0,2,20.870455788435592,0,1,0
0.009040090949050868,1,4,32.75105070051743,0,0,0
0.006430153275900348,1,1,24.912357731227537,0,0,0
0.009616837944668437,1,3,29.715472781873032,0,0,0
0.0007957124303481057,1,2,33.88951741152535,0,0,0
0.02000356388887253,0,1,31.406005461748997,0,0,0
0.04832201318522729,1,1,27.563184238481604,0,0,0
4.5724207945549924e-05,1,1,34.05875351443278,0,0,0
0.0019709695189432785,1,1,35.822535269371755,0,0,0
0.0019663505413712143,1,2,23.831524821664928,0,0,0
0.0011508918438527887,1,2,29.285363443702494,0,0,0
0.006137842335487989,0,3,29.00787375745833,0,0,0
0.008366189340881814,1,6,34.88306276886884,0,0,0
0.04293700538679386,0,6,35.680558457223796,0,0,0
0.005250934163487825,0,2,24.229859054162,0,0,0
0.0019026751524192451,0,3,32.019058304579836,0,0,0
0.021100113034460834,0,1,25.829787664800353,0,0,0
0.005260620758765316,0,0,20.124404862987753,0,0,0
0.007844178725024822,1,2,30.315841495076004,0,0,0
0.009399159423960843,1,1,30.69258703057922,0,0,0
0.0002481734910792984,1,3,36.92805016049053,0,0,0
0.001543079788237411,1,0,35.13776833598152,0,0,0
0.005255720743601577,0,2,22.384379035924873,0,0,0
0.010917797381578942,0,2,33.94996106043055,0,0,0
0.0007506717366941607,0,4,34.60227304680413,0,0,0
0.01424212339933168,1,3,37.67878190894536,0,0,0
0.0022177579943177435,1,3,29.13764755903765,0,0,0
0.0122604925353865,1,0,23.82661167958701,0,0,0
0.0037828548817236208,0,3,32.785954305188504,0,0,0
0.00452665056837574,0,2,35.553900113415644,0,0,0
0.0024604853291111404,1,0,32.105903702414366,0,0,0
0.0022960045322760777,1,0,33.83935432190545,0,0,0
0.009740672643423402,1,2,25.356704470262503,0,0,0
0.007946808155238088,0,2,35.19255218996849,0,0,0
0.0004191787715781531,0,5,22.39425848513656,0,1,0
0.0006291647353338711,0,2,22.052732005683207,0,0,0
0.0018387328823432504,1,1,30.358941353244102,0,0,0
0.0037469410618309155,1,5,29.256274248251486,0,0,0
0.002828616588319206,1,1,33.15296688591021,0,0,0
0.016490478700150465,1,2,28.805524202916665,0,0,0
0.0021389786499642184,0,5,35.62144371024115,0,0,0
0.0014293176157916753,1,2,29.57946753826639,0,0,0
0.004566391103641447,0,0,34.898715404631055,0,0,0
0.00035575449837030613,0,5,40.24019827906424,0,0,0
0.0013583610151228181,0,1,30.318375087011646,0,0,0
0.002340440481825765,0,1,26.773019713553136,0,0,0
0.0006072274389121806,1,1,27.08547252185535,0,0,0
0.015582159103783888,0,0,21.340569744929223,0,0,0
0.06178719867423995,0,2,31.56894040832854,0,0,0
0.006942513551835156,0,6,28.23281910367966,0,0,0
0.004134709489797326,1,2,32.808240527897034,0,0,0
0.007636906524899677,0,1,28.802462437700303,0,0,0
0.10730611197335709,0,2,27.244654153493013,0,0,0
0.004660641961934136,0,3,29.826260494897543,0,0,0
0.000831385865780203,1,2,27.22081122650575,0,0,0
0.004165418636742944,0,7,25.763739146043193,0,0,0
0.07973049443333535,0,1,25.372593094377894,0,0,0
0.10118266794989138,0,2,29.987586571923195,0,0,0
0.03662860838706563,1,1,33.885068478617896,0,0,0
0.017399706644096995,1,4,27.519151342835162,0,0,0
0.006701315186532378,0,3,32.51956990959214,0,0,0
0.0030666984204532196,1,1,21.507074361079074,0,0,0
0.01361406685820768,1,1,28.322117119110327,0,0,0
0.004389960825543189,0,4,36.00888340963439,0,1,0
0.1315382416146224,0,2,25.899150874227246,0,0,0
0.005861408828127741,0,2,23.256706252030344,0,0,0
0.08305316793146555,1,3,28.428366110765158,0,0,0
0.007041086189313023,1,2,33.22291659128847,0,0,0
0.03909259331115842,0,3,16.469484119722566,0,0,0
0.02420160191395907,1,2,29.696513520308923,0,0,0
0.02219112326617164,0,3,35.457319459646634,0,0,0
0.011608685952788949,0,0,23.913956780168743,0,0,0
0.008715205767481676,1,4,29.990935050756175,0,0,0
0.015566089198304581,0,1,29.93272706811874,0,0,0
0.003213543812558429,0,2,23.192994680719053,0,0,0
0.004394536662976398,1,2,30.156967472173545,0,0,0
0.012497510845567626,0,1,20.496118730189252,0,0,0
0.0019433394266496647,0,1,26.853857107056978,1,0,1
0.005009774392058254,0,3,29.035959598820654,0,0,0
0.00026257299141161283,1,5,28.420497352544082,0,0,0
0.0022720899404768077,0,5,25.58090483812123,1,0,1
0.017247123733867182,0,2,32.946628969310844,0,0,0
0.003160908947598879,0,1,27.877268019887232,0,0,0
0.004028172009386438,0,0,28.64752357847037,0,0,0
0.001803931898507272,1,4,23.681283312727057,0,0,0
0.0269213575206427,0,4,27.569983202170164,0,0,0
0.0005668268671298752,0,2,30.990669464814165,0,0,0
0.06509675348469605,0,3,25.849881639768586,0,0,0
0.0035822052349054707,1,1,33.31890248871063,0,0,0
0.0022385520739700527,0,2,22.5302377883795,0,0,0
0.0036783818763077816,1,3,32.370838491717166,0,0,0
0.0028048574700641157,1,0,36.8036841049381,0,0,0
0.004359754889953501,1,1,31.18206178557311,0,0,0
0.018458906293720923,0,2,24.99329619700302,0,0,0
0.03282896890900878,0,2,31.693079206949037,0,0,0
0.003517303075310649,1,3,26.92311229645775,0,0,0
0.005957330520340082,1,1,28.46875799230513,0,0,0
0.00884840977949054,1,3,29.28298176469384,0,0,0
0.0020276147330669857,1,3,32.01257293982988,0,0,0
0.0050382711350570545,0,3,25.803120913594167,0,0,0
0.003830349337004412,0,1,31.202042530426063,0,0,0
0.021741217665326894,0,2,121.5204834779042,0,0,0
0.005737500358947248,0,1,29.187994436919485,0,0,0
0.004770178676105954,1,0,25.572430257707623,0,0,0
0.014267099665835878,1,2,31.22604189918895,0,0,0
0.0024541587421029213,0,1,30.92331639362426,0,0,0
0.050425085854520234,0,1,24.613193071873898,0,0,0
0.011411677996304829,1,2,38.22250673644932,0,0,0
0.0027242481601478393,1,0,23.37337819007397,0,0,0
0.0038292940920002135,0,1,30.604351246857057,0,1,0
0.008468783631195345,0,2,28.3130488532406,0,0,0
0.006237331864659448,1,1,35.411782553595515,0,0,0
0.0068580458152484175,1,1,26.22970508140429,0,0,0
0.010434418462983035,0,1,31.946062001385815,1,0,1
0.005143151195872262,1,0,29.95373247806507,0,0,0
0.014055469392590702,1,1,28.19183838036171,0,0,0
0.06486956020009883,1,2,27.92976458589618,0,0,0
0.48062616888769444,0,1,28.533996427896824,0,0,0
0.027663818259852382,1,3,30.98956459295853,0,0,0
0.0035927428519128123,0,3,22.916238924300032,0,0,0
0.026279251129252938,1,2,31.99963704319974,0,0,0
0.020862268898247393,0,3,34.40000817545521,0,0,0
0.0037750381791629684,0,1,25.63536280265063,1,0,1
0.024202740900760175,0,0,32.10339553504578,0,0,0
0.042683236932944124,0,2,35.06918726002614,0,0,0
0.08655425848608378,0,5,30.07632873962339,0,0,0
0.0004226529626695207,1,1,111.00843947189655,0,0,0
0.02098566472138202,1,1,23.93903648775632,0,0,0
0.0006816206947533398,0,1,32.95082345287115,0,0,0
0.0706916476534956,1,4,36.91793917618494,0,0,0
0.0040286386463454366,0,0,33.243267546833486,0,0,0
0.03200988072603618,1,2,31.744246107796652,0,0,0
0.0789740696722851,1,3,27.066615045634144,1,0,1
0.004513239935948776,0,1,31.29986053783806,0,0,0
0.00023452317270035176,0,5,33.41913383325008,0,0,0
0.011595401649461346,0,1,25.011084259062244,0,0,0
0.006885910215712062,0,3,28.674580845618976,0,0,0
0.0048495132391375,0,4,28.609674267944584,0,0,0
0.008044720419539665,1,1,27.454516445188343,0,0,0
0.001277580812398292,1,2,35.983633185690564,0,0,0
0.019322468452266626,1,0,155.23037465907683,0,0,1
0.03163742790670727,1,0,32.12494575026196,0,0,0
0.00167482104711104,0,2,34.387130584984234,0,0,0
0.0011917720096268037,0,0,26.505681491253625,0,0,0
0.0033599299779703204,1,0,38.02700931295479,0,0,0
0.0049857349443022825,0,2,30.220016515505318,0,0,0
0.011894252898875569,0,3,30.345371581593138,0,0,0
0.02137930925005536,1,3,24.592623256505647,0,0,0
0.0004151980713082563,0,1,38.260914389292594,0,0,0
0.0072216756873644105,0,0,28.059792843897352,0,0,0
0.1614307919674999,1,1,32.965009858262825,0,0,0
0.023821776723312687,0,0,34.4519148548881,0,0,0
0.01785099935778815,0,1,32.316947170795586,1,0,1
0.001632620831839304,1,2,25.58151036719552,0,0,0
0.020092804981547308,1,2,25.656453825585228,0,0,0
0.004133518596430534,0,1,28.409276853357813,0,0,0
0.004496307392961223,0,0,22.98650464077294,0,0,0
0.0049234704853209675,0,1,221.55281847075648,0,0,0
0.01454954184770156,1,1,33.9581588455843,0,0,0
0.021565491057083382,0,3,33.21577106103918,0,0,0
0.0005471522676845137,1,3,27.59658722914231,0,0,0
0.0005311984043747083,0,1,28.86139711908991,0,0,0
0.011392922925169182,0,2,25.632843067255934,0,0,0
0.014521616786893688,1,0,34.50964588370664,0,0,0
0.014179939103839587,0,3,30.42437618437387,0,0,0
0.0063230547519871555,0,2,27.276367297591985,0,0,0
0.005492348649939809,1,1,25.872656713910224,0,0,0
0.014801863266801621,1,2,17.950553413597063,0,0,0
0.054616049958837454,0,1,30.563641404267894,0,0,0
0.05722962904374129,0,0,37.87035002180078,0,0,0
0.006724701490232083,1,2,33.873022058602785,0,0,0
0.08890356453738306,0,2,27.40517901511278,0,0,0
0.006714528620950619,0,1,26.036403687499647,0,0,0
0.0027856185213313654,1,1,27.764524560414696,0,0,0
0.004898914160018915,1,1,27.702221601697488,0,0,0
0.0046018903717613205,1,5,31.207741750380016,0,0,0
0.0009540523530525896,1,1,25.786509918646146,0,0,0
0.008276286957305075,1,3,31.682173494023377,0,0,0
0.02741907040812913,1,4,29.1059523431103,0,0,0
0.0017936548308456774,0,1,30.27674659174072,0,0,0
0.0019496177406197852,0,3,30.120061995958654,0,0,0
0.040070714512084424,0,3,28.506640660879178,0,0,0
0.002305128074924918,1,2,22.412495582955597,0,0,0
0.0008274895298396886,1,3,28.002200264518823,0,0,0
0.012379700135597938,0,3,28.5216060117871,0,0,0
0.002520400809961101,1,1,31.6204472759618,0,0,0
0.006342801048659626,1,1,26.32085853807817,0,0,0
0.004032743083583281,1,2,32.03112788401741,0,0,0
0.01414268737110828,1,2,22.721071814423606,0,0,0
0.18657705618024026,0,2,22.18071329482553,0,0,0
0.0006493730448911087,0,2,33.56456929977475,0,0,0
0.0004046117428890143,1,4,26.11635599722499,0,0,0
0.012851266247602222,1,4,35.22596818760782,0,0,0
0.01076123740011555,1,2,38.6600944923417,0,0,0
0.009833667142944353,0,1,25.604552965217913,0,0,0
0.0007102909395932961,0,2,36.073134648724825,0,0,0
0.08692797277234401,1,2,27.883346756853605,0,0,0
0.02069164751798981,1,4,34.78712623291195,0,0,0
0.005269620186871149,1,5,27.536226999310365,0,0,0
0.04913726695678567,1,1,28.84589307623419,0,1,1
0.03897050405925741,0,0,31.19542841793295,0,0,0
0.011760772107283154,1,0,25.769334758996678,0,0,0
0.03784345034923109,0,4,33.473572545308954,0,0,0
0.006442132462536113,0,2,29.713956556395456,0,0,0
0.024954267422288984,0,0,24.175453885233924,0,0,0
0.0009294986021026051,0,2,33.17794125670311,0,0,0
0.00883754334577744,0,2,31.25042091183131,0,0,0
0.020473304341148663,0,0,32.43402392425421,0,0,0
0.023264719733097985,0,2,27.90138749362605,0,1,0
0.05541217155106127,1,3,34.66814885724497,0,0,0
0.01564930112574044,1,3,26.045113511617608,0,0,0
0.008677699349588406,1,1,28.439262079935627,0,0,0
0.0019694253170061287,0,1,29.524347453362278,0,0,0
0.01563999896829933,0,3,34.5726466229713,0,0,0
0.004412034598641807,0,0,22.696291770503276,0,0,0
0.0007271572728494162,1,3,21.099037708333352,0,0,0
0.004711247043159354,1,1,30.061904941122783,0,0,0
0.00467234856104648,0,3,19.83404462495858,0,0,0
0.0026143831746993458,0,0,32.64238819712342,0,0,0
0.0056991245222162016,0,2,31.6126945279677,0,0,0
0.0034656468537780545,0,2,21.393071364224106,0,0,0
0.0023323600776253275,0,0,40.705552319613915,0,0,0
0.0027984155129323605,0,2,34.63764905606224,0,0,0
0.009041687372335402,0,1,32.37333403526636,0,0,0
0.005305704323558313,1,2,25.334471016091275,0,0,0
0.019073700625788767,0,1,32.05625026361124,0,0,0
0.03382135416599057,1,4,27.06660711140613,0,0,0
0.0025818393185207756,0,1,23.759698252043968,0,0,0
0.00038652875565890554,0,2,34.55000408011263,0,0,0
0.0032236572269827768,0,1,32.05694155466789,0,0,0
0.002594080716180858,0,4,29.447028706266224,0,0,0
0.018733278913026206,0,1,30.618789659034363,0,0,0
0.031285398624101395,0,3,20.133156564481933,0,0,0
0.015242077192033866,1,3,28.799491184319663,0,0,0
0.00586500339391082,1,0,30.976361833241068,0,0,0
0.0039636633288081076,1,2,30.242242105546502,0,0,0
0.0004236296022273908,1,3,28.138470716752153,0,0,0
0.0221601516708494,1,1,27.3252569523814,0,0,0
0.01581434463669686,0,2,28.64042331986382,0,0,0
0.02311600395847256,0,3,26.424624078866742,0,0,0
0.0028592581668606086,0,1,23.016585439262467,0,0,0
0.0016996284435585433,0,1,27.142010257808888,0,0,0
0.00061769514119606,0,2,25.393780675098597,0,0,0
0.000936820119643451,0,1,23.645281665862314,0,0,0
0.010413736205944374,0,1,24.875383705983076,0,0,0
0.002033266030422104,1,3,39.09184812246416,0,0,0
0.0012797575831664165,1,3,28.41263718105875,0,0,0
0.008462629987106014,1,4,24.78478617691627,0,0,0
0.023552776148470053,1,1,31.879869042683502,0,0,0
5.9432561701920155e-05,1,2,29.493463949410074,0,0,0
0.0023996078038959236,0,1,25.48522473016042,0,0,0
0.00011749803909261599,0,4,33.51545189895691,0,0,0
0.0004016825139878036,0,3,30.383346530911314,0,0,0
0.045825419621771744,1,0,32.99649924813284,0,0,0
0.0024135166043425223,1,1,34.33067590322235,0,0,0
0.04784973984446936,0,3,23.89915237340276,0,0,0
0.0017659546650808822,0,0,127.19907987033118,0,0,0
0.004257322837128686,0,4,37.57196315726281,0,0,0
0.006818822341032267,0,2,35.952010088241494,0,0,0
0.0013107656127497958,1,1,28.56121891713497,0,0,0
0.031063207018588515,1,1,28.904428364580525,0,0,0
0.0038121123397930985,1,6,145.91414681749063,0,0,0
0.0013322153384087748,1,3,33.139439680944626,0,0,0
0.0001838138220470331,1,4,25.522551033963182,0,1,0
0.0008880944844010545,0,0,28.08838864834852,0,0,0
0.0034387394297876357,0,3,30.39202448218426,0,0,0
0.010536951926447343,1,1,33.96657992862827,0,0,0
0.0025157471113496197,0,3,29.213846958522915,0,0,0
0.007955911556442461,0,0,32.39893013985406,0,0,0
0.002459523865573303,1,1,30.38857806030095,0,0,0
0.021985844778203336,0,3,21.54574693449662,0,0,0
0.008295309353014372,1,5,28.82533340961155,0,0,0
0.07971907303814407,0,2,28.794153689321906,1,0,1
0.016801121249542986,1,4,32.14116629627246,0,0,0
0.004134931590041393,1,0,26.551017580338048,0,0,0
0.00636397576615655,0,3,23.80076916094489,0,0,0
0.04531624647738276,0,4,27.177258821186534,0,0,0
0.00440126990681128,0,2,24.106990606837396,0,0,0
0.0007891362292701133,1,3,33.2657040090902,0,0,0
0.11943077009292498,1,1,31.008559740453187,0,0,0
0.010734049746723387,0,1,38.49510075204752,0,0,0
0.03773916229532853,1,2,26.68219893613161,0,0,0
0.03387304963896085,0,0,25.817154984957558,0,0,0
0.008337407262534267,1,2,36.30461708273095,0,0,0
0.04003442103020051,1,3,31.960773931490213,0,0,0
0.011422203681140174,0,1,35.612180132216515,0,0,0
0.01765181487063098,0,4,125.06223280455713,0,0,0
0.018079217871063893,1,0,26.269791208918644,0,0,0
0.012633654528768194,1,4,33.67953296395617,0,0,0
0.01595957944781085,0,3,26.56688791083903,0,0,0
0.0495563050927949,0,2,31.17211244087432,0,0,0
0.020629351210550807,1,2,31.635674766986828,0,0,0
0.0058098120073438045,0,2,32.92040526062565,0,0,0
0.01117097983041503,0,1,28.434755993661447,0,0,0
0.015540842556380852,1,3,29.99893205753008,1,0,1
0.0018529403205161065,1,7,27.24902375425475,0,0,0
0.0029066139602212998,0,5,32.6958504566708,0,1,0
0.021449425709226453,0,1,30.362251356588676,0,0,0
0.0023126640419798244,0,3,34.0300567914457,0,0,0
0.0015219127673251874,0,1,30.534995374608833,0,0,0
0.0027617328923271217,0,2,17.226065210587926,0,0,0
0.00580222716121511,1,4,20.949895021113914,0,0,0
0.0027654233692835793,0,1,29.578335630234175,0,0,0
0.09523839168861313,0,2,29.92628767364693,0,0,0
0.0036683335500609033,1,4,126.45505592898523,0,0,0
0.002298157291016013,1,1,31.168097456814778,0,0,0
0.10012207370961808,0,1,20.23490070503184,0,0,0
0.0003740775382895605,1,1,27.783830735670048,0,0,0
0.0022888330239267513,1,2,31.89801203774383,0,0,0
0.0011984394797055996,0,1,37.91508335988093,0,0,0
0.008452416486518526,1,3,23.275517540737102,0,0,0
0.0011562883664028233,0,0,32.54621845941645,0,0,0
0.0019320239037937219,0,2,38.88050864020818,0,0,0
0.004884370043506568,0,1,40.839873734371494,0,0,0
0.0005511427344712259,1,1,30.98843197453034,0,0,0
0.03945299280033222,1,1,34.57398622048578,0,0,0
0.013087069530160731,0,1,34.78052868359064,0,0,0
0.00878504113287865,1,4,36.76963963801525,0,0,0
0.0025644460867721374,0,1,35.05328653446,0,0,0
0.03874586650111878,0,1,29.096423722832693,0,0,0
0.009675079896826182,1,2,39.26268269408257,0,0,0
0.02165091724624095,0,1,16.60976451237501,0,0,0
0.01421236528264874,0,3,28.019555071788023,0,0,0
0.023053908893678872,1,3,27.7489559728354,0,0,0
0.010730503012840262,1,1,24.91833518837067,0,0,0
0.02653616719667056,1,3,26.462490957606356,0,0,0
0.00822451007498167,1,2,25.670118715804115,0,0,0
0.057986894460491344,1,3,32.71222656388658,0,0,0
0.050636079965045246,1,2,38.695360316945866,0,1,1
0.02019663579530043,1,1,29.624782499352698,0,0,0
0.0068286652399436164,1,4,35.24425908990419,0,0,0
0.0077080818699620576,1,2,32.6053655905124,0,0,0
0.0045193927286353705,0,3,40.77790381255755,0,0,0
0.007520397361115924,1,2,115.98004711004181,0,0,0
0.008296178587085524,1,1,32.37494482345153,0,0,0
0.0007354979225445346,0,4,33.18361495315957,0,0,0
0.02062680866348449,1,3,29.56321289475623,0,0,0
0.0029789693368447497,1,3,19.566536735521403,0,0,0
0.07468184355723842,1,1,33.411771438230836,0,0,0
0.006514917924494889,0,1,101.71158140454081,0,0,0
0.002518887888407174,1,1,20.20618392510264,0,0,0
0.01629348101907612,0,3,194.58703705210417,0,1,1
0.017049760165522624,1,2,38.3839860544191,0,0,0
0.0053546650516435625,0,1,29.8260026887504,0,0,0
0.002054627182409579,0,1,27.288424409362012,0,0,0
0.016303324171156576,0,3,36.38172310902689,0,0,0
0.002533288585136818,0,1,26.970380571656154,0,0,0
6.282987927022567e-05,0,3,22.656733193573775,0,0,0
0.006173141941940484,0,2,24.91448419693764,0,0,0
0.00473490215452693,1,2,29.962971290349,0,0,0
0.023768575778276978,1,2,138.30293717161564,0,0,1
0.0018759971137102815,0,1,20.017404072199525,0,1,0
0.005284125826346869,0,4,29.4791235044468,0,0,0
0.003411529956196559,1,1,29.64528653963911,0,0,0
1.0612781381887033,0,2,20.981296541520873,0,0,0
0.0008067546474335369,0,2,34.83459664461661,0,0,0
0.003617313704788226,0,2,24.43919122791527,0,0,0
0.0012219825087612078,1,1,30.56934114260307,0,0,0
0.03355944909368515,0,3,34.54553329622026,0,0,0
0.03098277382523307,0,3,33.99356981284967,0,0,0
0.002027945921449939,0,0,22.317723786375698,0,0,0
0.007917927539995553,0,2,32.7977187082065,0,0,0
0.0011063761810520877,0,1,21.821773516246395,0,0,0
0.0026049578423878116,0,1,28.125753087256594,0,0,0
0.0012807260987589139,0,2,29.777515565039586,0,0,0
0.002419298159232121,1,4,134.23832227263708,0,0,0
0.02088826136851456,1,2,33.67505063634456,0,0,0
0.005935942605949641,0,3,26.006708096297878,0,0,0
0.014189840317428173,0,2,27.00355292860784,0,0,0
0.0069643686801720076,0,1,26.76155898647518,0,0,0
0.06218110382013848,1,2,24.164671314294544,0,0,0
0.0030747636458483977,1,3,30.227353761043847,0,0,0
0.02705000305194344,1,1,35.007060927227826,0,0,0
0.009230965122104475,1,2,30.71240750386825,0,0,0
0.007744606704475316,1,2,26.189981266783214,0,0,0
0.07417047950793876,0,1,35.845543634062636,0,0,0
0.022271361111655796,0,3,23.129774521278158,0,0,0
0.0016924662840910707,1,2,34.1821964469665,0,0,0
0.008339024240532796,1,3,20.428088019943903,0,0,0
0.04081651976063251,1,1,30.1922289161441,0,0,0
0.002406995650734357,1,0,36.65807296479023,0,0,0
0.014062873408876006,0,4,25.499925173477926,0,1,0
0.001916074622723325,0,1,28.655716794174158,0,0,0
0.11941691413795634,0,2,21.38595138324739,0,0,0
0.02996331513236354,1,1,22.66572541460505,0,0,0
0.006905698086331823,0,1,22.110197844049658,0,0,0
0.0037856191941392815,0,3,27.738225260536616,0,0,0
7.975944812591481e-05,1,3,34.020031174952784,0,0,0
0.03169833968079108,1,4,34.82768533090414,0,0,0
0.23126974353584592,1,2,39.4998155606854,0,0,0
0.007781070209867982,0,3,27.665396376480434,0,0,0
0.0006431326024627449,1,2,32.94747804046837,0,0,0
0.009473414687595874,0,2,31.930097461204728,0,0,0
0.012995249643212834,0,2,29.44597171693099,0,0,0
0.0001341772409800529,1,1,43.532916205029736,0,0,0
0.0034942696549976125,1,1,27.393793043180416,0,0,0
0.029231771456741128,0,4,23.421779716576253,0,0,0
0.031688268984858194,0,3,40.712212904461516,0,0,0
0.01192974357829308,0,1,24.5561077619869,0,0,0
0.003084238173680664,1,4,31.90856561771668,0,0,0
0.003990259202598573,0,4,93.44715618185555,0,1,1
0.0007738189923684331,0,2,24.772767048220985,0,0,0
0.0399473410712957,0,3,224.42562045225696,0,0,0
0.017418026224590905,0,2,22.637197248246487,0,0,0
0.012039373774752806,0,4,35.58511278933181,0,0,0
0.0012121791114501955,0,6,19.911083122327636,0,0,0
0.004624189020787117,1,1,33.09207429995871,0,1,0
0.0022038717836234357,0,3,25.709814269877224,0,0,0
0.014460261348266857,0,2,28.859129951215433,0,0,0
0.014205431354318841,1,0,32.307265318463294,0,1,1
0.023907706377851376,1,1,34.436077778993244,0,0,0
0.007935795748881556,1,1,16.37638250725774,0,0,0
0.07200600340117917,1,0,35.26220880165012,0,0,0
0.020047050210618953,1,2,31.64775282490212,0,0,0
0.0009933730637562551,1,1,20.660783143686125,0,0,0
0.0006638869464606948,0,3,22.334051790113282,0,0,0
0.010550960359213745,0,1,30.079780709473315,0,1,0
0.0003401852276904529,1,2,29.734649979647102,0,0,0
0.350161840608634,1,1,31.284941449321128,0,0,0
0.009385667841248283,0,1,26.786874461173262,0,0,0
0.005442187938357508,1,3,26.59183886406161,0,1,0
0.006134619453997363,0,2,27.04173938405552,0,0,0
0.004360215922917618,1,2,39.43065401956998,0,0,0
0.04151168263769719,0,1,32.9558044921719,0,0,0
0.0072669878519565955,0,1,24.8891829004519,0,1,0
0.007810715684185168,0,1,26.678885756899707,0,0,0
0.04498630232508791,0,2,118.43857010559086,0,0,0
0.014248047593591091,1,4,32.64568748602982,0,0,0
0.006577355199559017,0,2,126.44848698158044,0,0,0
0.006189748660636526,0,5,26.73401471221643,0,0,0
0.0038298197865655205,0,2,35.45799338550417,0,0,0
0.003617663095687296,0,2,30.26879598858936,0,0,0
0.013670145341153557,0,3,37.22291908747163,0,0,0
0.011601531131049551,1,2,28.21803501583205,0,0,0
0.005286467916270118,0,3,234.12998239665225,0,0,0
0.0011652870224284086,0,2,33.40830478605708,0,0,0
0.0002657427868660156,1,3,26.695602147300438,0,0,0
0.004233339618268713,0,1,30.066065552868093,0,0,0
0.010304419463857097,1,3,23.203129282297752,0,0,0
0.0005100082626654557,0,3,23.65090943309843,0,1,0
0.004875468849854376,0,0,21.970227457266112,0,0,0
0.004172764355910092,0,3,24.627677363186258,0,0,0
0.03265778321078463,0,3,30.304103023335948,0,0,0
0.20175945335845813,1,4,25.43376320934396,0,0,0
0.0015807693038385475,1,0,26.717507040266284,0,0,0
0.017016975520658766,0,2,29.967502241131974,0,1,0
0.020017009649095398,1,3,27.73127774073219,0,0,0
0.025855321184830173,1,2,31.349654902730823,0,1,1
0.12037989924725187,0,3,36.10197065680546,0,0,0
0.0073300502822947365,0,1,96.41643619253186,0,0,0
0.016316473208085772,0,3,33.763767621207855,0,0,0
0.006469175999837955,1,3,27.251606976819733,0,0,0
0.03402578912361809,1,3,29.287891461127128,0,0,0
0.048937138185924156,0,2,26.693874039220294,0,0,0
0.0015959912740556269,0,4,32.38721372127965,0,0,0
0.03718932238521445,1,4,32.247689992358225,0,0,0
0.0016480635490475105,0,1,25.808154374602008,0,1,0
0.027197518291851956,1,3,21.669055192999718,0,0,0
0.003297116946590044,1,2,30.334356675664182,0,0,0
0.005243405158101782,1,1,25.22189719423518,0,0,0
0.003762374893055606,1,2,42.74889898620087,0,0,0
0.0021893332257197106,0,0,32.40887025541244,0,0,0
0.023090928986613152,1,1,33.98099158895658,1,0,1
0.008805070733132744,1,2,29.413940065113675,0,0,0
0.05482176382119828,1,1,35.00865277568248,0,0,0
0.00843069508333562,0,3,40.57508292905659,0,0,0
0.08785581109999309,0,0,35.502706008507474,0,0,0
0.0028465141387343297,0,3,28.821946326661678,0,0,0
0.0013133978210400543,0,0,27.005023920821838,0,0,0
0.01288334832382031,1,0,27.911681035266643,0,0,0
0.06020257837633256,1,2,37.75114092002927,0,0,0
0.006131024871457895,0,2,33.0109512564612,0,0,0
0.015567524309466445,1,2,35.41092086847093,0,0,0
0.012972748407544043,0,3,29.20729619295149,0,0,0
0.014159951441951016,0,0,32.11622747121235,0,0,0
0.012064667504793278,0,3,36.315636107399776,0,0,0
0.002094509713897317,0,1,32.75211380268309,0,0,0
0.001410930299026334,0,1,31.38497922361561,0,0,0
0.021225435657594476,1,3,31.17114364080127,0,0,0
0.13096477263917256,0,3,176.98816971264534,0,0,0
0.005446266964702897,0,1,35.3655785803617,0,0,0
0.008135649143796405,0,2,39.296528667669676,0,0,0
0.12830513163537577,0,1,24.48072363357967,0,0,0
0.002981980616408362,1,3,29.35343635103071,0,0,0
0.045184189153697235,1,2,31.065580066977137,0,0,0
0.006030244636066823,1,2,35.64773953405094,0,0,0
0.1686305500063602,1,1,31.471405415470823,1,0,1
0.003055811082968922,1,3,33.676892025680054,0,0,0
0.024262363283087635,1,0,32.90825437330973,0,0,0
0.006345797074434617,1,1,34.11367603187092,0,0,0
0.002883728249785027,1,1,23.483860680293212,0,0,0
0.0009850825618893078,0,3,31.299778421102378,0,0,0
0.0016701807754338446,0,3,28.962348663146884,0,0,0
0.003942017773821977,1,5,33.3836602613882,0,0,0
0.005799760558393097,0,3,27.576219139534963,0,0,0
0.0017560878281043743,0,3,34.81402417379274,0,0,0
0.02356288427600085,0,1,31.556423398802767,0,0,0
0.009806092937634067,0,4,104.23050958435526,0,0,0
0.00676718545687235,1,3,30.592421272887062,0,0,0
0.0022517791361428632,0,0,30.12557403483648,0,0,0
0.0024089544868109926,0,2,25.46133637050568,0,0,0
0.017802925877261566,1,2,34.718590281420525,0,0,0
0.008523708753571325,0,2,33.46397144760851,0,0,0
0.001973761312753367,0,2,21.73374400527576,0,0,0
0.001238180353357024,0,2,26.333907945405034,0,0,0
0.0013729187397970325,0,3,30.86298972650157,0,0,0
0.011641636891611046,0,1,30.921834554131323,0,0,0
0.12149988212301457,0,1,32.23161362192898,0,0,0
0.004925651971151883,0,2,36.81744868759779,0,0,0
0.009679479614121052,0,2,32.63705976611061,0,0,0
0.006371152137588459,0,1,36.19742977420333,0,0,0
0.0013793509569792345,1,2,24.839800961268136,1,0,1
0.00295010320120928,1,2,33.599485101124586,0,0,0
0.005631398496554158,0,2,30.384692489666836,0,0,0
0.006044561102332528,0,1,31.648780224916766,0,0,0
0.010097786513994777,1,0,27.76847102637136,0,0,0
0.014834994388809914,1,4,29.115464554240923,0,0,0
0.0052244460649543386,1,4,22.348830524613966,0,0,0
0.002616587736180307,0,2,34.85631099093921,0,0,0
0.00576705847989842,0,3,27.57527304506781,0,0,0
0.01002123826537711,1,1,199.0790513348199,0,0,1
0.02416348846201341,0,2,31.74135031200268,0,0,0
0.00027308136977989117,1,3,34.37865300473595,0,0,0
0.015257431483710351,0,0,30.540065273271146,0,0,0
0.010978344424608714,0,5,37.86794509195073,0,0,0
0.028907522536210175,1,1,28.647207048006145,0,0,0
0.01238352812453444,1,2,96.45863446941321,0,0,1
0.03445767907368729,0,3,26.388186083098226,0,0,0
0.023972003268587054,1,2,28.876545785387236,0,0,0
0.011742773230502645,1,1,23.068934280852876,0,0,0
0.041006072848433044,0,6,23.695935336437216,0,0,0
0.00235341035609052,0,0,35.37227897790735,0,1,0
0.12122881237266561,0,2,34.272519658557115,1,0,1
0.009935679493238068,1,2,28.000506937366737,0,0,0
0.007997740479549476,1,3,35.56022712996071,0,0,0
0.0001971069336464908,0,3,18.66215148166259,1,0,1
0.0007677646126867343,0,2,27.877502027241803,0,0,0
0.0237245869189784,1,1,23.32644574440618,0,0,0
0.006308975333014165,1,2,30.39334853102732,0,0,0
0.007396659696342444,1,3,26.267956162866923,0,0,0
0.0022751972163416994,1,3,30.253446925178572,0,0,0
0.09085640388989591,0,2,31.727264416075727,0,0,0
0.0023662483838246123,0,3,35.73551345894609,0,0,0
0.0031580463332790687,1,1,139.23072435857554,0,0,0
0.003454169739452309,0,1,30.476776111920078,0,0,0
0.0144884307396914,0,1,26.989018118204967,0,0,0
0.005740006813632991,1,2,34.62329744312241,1,0,1
0.0006217278168226846,0,4,25.1904322003295,0,0,0
0.005424600000367334,1,1,35.32017921753199,1,0,1
0.0052926928622556045,0,0,26.549101512738144,0,0,0
0.007984973753656624,1,1,28.893643997123164,0,0,0
0.009971873680985434,1,1,30.689259557468123,0,0,0
0.0070960115197196,1,1,36.272346349819145,0,0,0
0.0043433455108275775,1,1,35.52048877428001,0,0,0
0.011955529005586983,0,3,32.47122803982168,0,0,0
0.001109836806312317,0,1,24.74741658547131,0,0,0
0.009475645384631422,0,3,18.93531563187847,0,0,0
0.023205667673864245,0,0,34.69872843226906,0,0,0
0.003809456184799756,0,3,35.8064340771434,0,0,0
0.003261413383001797,1,4,27.293040357644056,0,0,0
0.007085855676996395,0,1,27.251452852775845,0,0,0
0.10458985080602817,0,2,30.782202234259444,0,0,0
0.003999548109947756,0,0,31.907170089695256,0,1,0
0.0028184228961664766,0,2,106.09597555713754,0,0,0
0.010826053673402078,1,2,31.506455380627894,0,0,0
0.05355483110688296,0,2,32.256724029202424,0,0,0
0.02586164194962882,0,0,24.474426070594532,0,0,0
0.002805193656392811,0,2,22.42569639229671,0,0,0
0.009189519148001956,1,3,31.134233477802763,0,0,0
0.0008705688576743733,0,1,31.027638533341666,0,0,0
0.0004901045370277717,0,1,29.453013861119537,1,0,1
0.013540824994564106,1,5,28.724400566753896,0,0,0
0.00684072056749194,0,2,30.16534459430259,0,0,0
0.007850586843256452,1,3,28.76428949661268,0,0,0
0.015584827489704703,1,2,30.02190889694389,0,0,0
0.03630699534295542,1,4,28.191803757698164,0,0,0
0.01085405041003731,1,4,22.191225363582138,0,0,0
0.0014665935810620294,1,1,29.972662829473755,0,0,0
0.040435826983190926,1,3,26.241483805710367,0,0,0
0.0027426590397826374,0,2,29.038232067453563,0,0,0
0.020729371960839085,1,6,34.56070274728659,0,0,0
0.0052764343855059995,0,0,35.258340569555045,0,0,0
0.012486164366323474,0,5,32.14202261777353,0,0,0
0.002833849022986294,1,1,27.474180799842724,0,0,0
0.007929214306549252,0,1,30.280264488496663,0,0,0
0.0020624059037323795,1,2,26.834548828048423,0,1,0
0.01920471723274953,1,2,34.68396218518811,0,1,1
0.007300349985836047,1,4,39.32535701648223,0,0,0
0.002929104273227447,1,1,35.48948136470014,0,0,0
0.08570525105083308,1,3,28.895608580653406,0,0,0
0.004195341039857536,0,2,36.90779450732043,0,0,0
0.029825288370394925,0,3,30.05531652498105,0,0,0
0.0351065077312404,0,1,34.49813772870536,0,0,0
0.0010098905762935758,1,5,27.782342062500053,0,0,0
0.09620315266292238,1,1,29.105080565630434,0,0,0
0.052451673465049226,1,4,28.808823512456744,0,0,0
0.016688094888837032,0,0,17.393997780151537,0,0,0
0.0038084562742264462,0,3,34.75133311663874,0,0,0
0.0072128968613022915,1,3,24.0310589261162,0,0,0
0.004257031730685202,0,5,36.892419597603826,0,0,0
0.00422240646119661,1,2,27.662106776471212,0,0,0
0.004675599406176572,0,3,27.733899591284935,0,0,0
0.001447535217624532,1,1,23.59920381291737,0,0,0
0.00405788969219369,0,2,18.229629522922096,0,0,0
0.22492190812817803,1,1,44.39756849110676,0,0,0
0.011677301052608885,0,2,30.042088319861346,0,0,0
0.02119985741317308,1,3,33.39263055383376,0,0,0
0.007062108210934318,0,2,36.24268460357563,0,0,0
0.000887747597113617,0,3,25.57921568967894,0,0,0
0.009539751274683022,0,3,150.00370946041102,0,0,0
0.0033167928026288777,0,2,27.74049011937376,0,0,0
0.04557710142297692,1,1,26.474529399346473,0,0,0
0.00783748512063689,0,3,35.064254696601026,0,0,0
0.026573812956467883,0,5,26.595777936601785,0,0,0
0.014019502950250246,0,1,26.71485116429343,0,0,0
0.004260133622518148,0,4,30.66154086648381,0,1,0
0.002236109595810581,0,2,32.797366266159166,0,0,0
0.02247394607173952,0,0,37.1993071215365,0,0,0
0.006353670311892994,0,2,29.911237733771635,0,0,0
0.005988867159399119,1,3,41.31762815167283,0,0,0
0.002151425980857183,1,0,29.83755751167502,0,0,0
0.0072950444195363975,0,2,34.103012369307734,0,0,0
0.0026357881332363564,0,1,31.43466218840761,0,0,0
0.06129725315665295,1,2,30.312374715341235,0,0,0
0.0021379457405928896,1,3,31.96760585675171,0,0,0
0.0001973614459813785,0,3,17.987217720241144,0,0,0
0.002083737892645769,0,3,28.194285521402133,0,0,0
0.004246708417402638,1,2,34.373234233197664,0,0,0
0.020385871221232945,1,4,30.718843594398038,0,1,1
0.004063966373670353,0,2,24.377277856020843,0,0,0
0.004444349475679338,1,2,33.371296493328074,0,0,0
0.002393667894641497,1,1,25.63059016170279,0,0,0
0.004030036182252347,0,0,29.680459733638543,0,0,0
0.1654874512431083,0,0,25.3471362933892,0,0,0
0.004334722241698249,1,1,35.41450317346119,0,0,0
0.009851723325543725,0,1,28.304698702120433,0,0,0
0.0031092542024726754,0,3,33.06611604962786,0,0,0
0.026496521498534313,0,3,146.67431142552965,0,0,0
0.05304290709538133,1,2,33.03903133159782,0,0,0
0.013317109730994516,0,3,24.285304194284144,0,1,0
0.004675183137214874,1,0,28.074636369223583,0,0,0
0.010629370201681254,1,2,32.09300037366045,0,0,0
0.016558592761491273,0,0,29.130026139328795,0,0,0
0.0040485387161173685,1,4,27.221982268129665,0,0,0
0.025991444488312702,0,1,31.527462671242667,0,0,0
0.0019863534435100695,0,1,84.86520601174207,0,0,0
0.05736422766194696,1,0,21.463762010595623,0,0,0
0.017611934972432457,1,2,33.55178670581912,0,0,0
0.007522402586285173,0,2,34.566568481453594,0,0,0
0.020766828299454903,1,1,38.189474833036456,0,0,0
0.08893842207528027,1,4,29.436969192564792,0,0,0
0.02576049720405202,1,4,28.88347899839119,0,0,0
0.19369068407235757,0,2,25.87557239398764,0,0,0
0.08310698247632813,0,2,27.383709711533847,0,0,0
0.01710785257058276,0,4,26.255630301879037,0,0,0
0.10988259781224488,0,1,33.325966794027934,0,0,0
0.00619025077108497,1,2,30.06450319668189,1,0,1
0.021191857620010232,0,0,30.95259510710337,0,0,0
0.0007929978666858927,0,2,25.553650588047557,0,0,0
0.0036547837946796016,1,2,142.1351652391245,0,1,1
0.035653381168913575,0,2,31.355307263089227,0,0,0
0.005760295051276673,1,3,27.57227174601136,0,0,0
0.0011812574170494458,0,1,36.14305111968673,0,1,0
0.0023145089197848566,1,2,31.458975633516594,0,0,0
0.000731857824436307,1,1,30.21107709242351,0,0,0
0.0027172322037215275,0,1,37.664764599444126,0,0,0
0.00161763226379629,0,5,19.951375013102535,0,0,0
0.018464236545432406,0,0,35.12570530513244,0,0,0
0.0010508770702885141,0,5,30.389586590443965,0,0,0
0.007168610951738501,1,3,33.028662570056085,0,0,0
0.006460818972211728,0,1,29.40921106437539,0,0,0
0.026945646879630504,0,1,23.544414144812684,0,0,0
0.014555130006737221,1,1,33.172612413840625,0,0,0
0.025506375006243753,1,5,32.55704733449872,0,0,0
0.027766184585097435,0,6,20.22550584325934,0,0,0
0.001372462509094491,1,1,26.709110098972054,0,0,0
0.05432683096698587,1,3,27.858247224255244,0,0,0
0.004314389965952907,1,1,35.34454095688332,0,0,0
0.13398609436091585,1,2,25.05016979194404,0,0,0
0.006849915747314362,0,2,33.153761430856946,0,1,0
0.01738041422578239,1,2,24.30849468121568,0,0,0
0.012914489301925526,0,1,24.961290537605535,0,0,0
0.005504612596047102,0,3,26.413962897624568,0,0,0
0.005178319365560856,1,0,35.8952563562253,0,0,0
0.011309964781872716,0,1,22.812376595697863,0,0,0
0.005782786907366408,0,0,20.114621005115687,0,0,0
0.008340765122021263,1,0,33.235648792913025,0,0,0
0.006242397363640227,0,6,28.591050661130936,0,0,0
0.05354994862393941,0,3,30.742298360704712,0,0,0
0.015393297423610964,0,1,23.386397608343074,0,0,0
0.003957587005406773,0,1,23.763945588548964,0,0,0
0.00043273426307239806,0,0,29.933606951101993,0,0,0
0.00557302294609874,0,2,32.32967567621888,0,0,0
0.01313736734333253,1,0,37.3378900291236,0,0,0
0.02205606658870292,0,3,26.671685441521706,0,0,0
0.020974818997549004,0,1,31.09619842186241,0,0,0
0.002163931633032577,1,3,31.71602454024647,0,0,0
0.07669850616236851,1,5,26.347580780553898,0,0,0
0.0005455696900812524,0,4,28.677086519213976,0,1,0
0.006394274462044967,0,3,32.74273745127394,0,0,0
0.01412579431607882,1,4,33.51392252455763,0,0,0
0.006254368871938364,0,0,27.44002215914634,0,0,0
0.0010230552920709054,0,2,44.25218868449885,0,0,0
0.0009266495973757016,0,1,29.646661464019164,0,0,0
0.0005601532507123507,1,3,24.64441626706299,0,0,0
0.009857135010595756,0,4,27.833962684067128,0,0,0
0.007759108165876002,1,5,28.998922616524926,0,0,0
0.0003483095952950404,0,2,39.75598277298173,0,0,0
0.0013965085712641695,1,0,29.144298782717332,0,0,0
0.009085623923975054,0,3,32.08332413602494,0,0,0
0.0024838359804267235,1,2,31.348037399154748,0,0,0
0.0005531416245406171,0,1,32.29552465937233,0,0,0
0.0017225790335878006,0,3,28.834241123570177,0,0,0
0.03973598607225553,0,2,28.39260379400778,0,0,0
0.004270650524847336,0,0,32.73334439377523,0,0,0
0.0016103701618347599,0,2,28.475417506524057,0,0,0
0.04532462513402418,0,1,25.77923202287266,0,0,0
0.05760271960664233,1,1,19.003420127182576,0,0,0
0.08009317157858915,0,4,43.827330763479964,0,0,0
0.002997652106301402,1,3,140.7615573690517,0,0,0
0.007977367066718997,1,1,31.149238321799785,0,0,0
0.008459925832113774,1,1,33.472652949073556,0,0,0
0.0023853760346956654,0,2,27.88118525172667,0,0,0
0.011161590086475761,0,3,26.928114400675387,0,0,0
0.0726580381443546,1,1,27.44059296529747,0,0,0
0.003107118500542407,1,1,28.547021805543213,0,0,0
0.002424849767534683,1,0,33.01223583931531,0,0,0
0.0026546746612816884,0,2,22.335088913724405,0,0,0
0.004778773826123705,1,1,27.93694377861189,0,0,0
0.0003848952979066562,0,1,31.933857368532305,0,0,0
0.0012027084998640042,1,0,30.390823617695357,0,1,0
0.013879596012345844,1,3,29.46037947145634,0,0,0
0.007121400578564883,0,3,26.782296374696024,0,0,0
0.0014255044048899427,1,3,31.249565903100493,0,0,0
0.00883322934194267,1,0,23.814830958374117,0,0,0
0.06309888961969339,1,6,32.13196796359824,0,1,1
0.020205169187449867,1,4,36.632022532732094,0,0,0
0.002718112276298446,0,1,30.757917984153366,0,0,0
0.02053951503610651,1,4,30.896744937027897,0,0,0
0.016167016515534722,0,2,28.68808192864363,0,0,0
0.00033443040235782065,0,1,26.524006573679248,0,0,0
0.000791257779264735,1,3,30.369307300965342,0,0,0
0.03816208922132687,0,1,32.84167998769174,0,0,0
0.00965013578960287,0,2,35.92785033045462,0,1,0
0.009141289223272689,1,3,20.807346580928336,0,0,0
0.013201528417319933,0,1,26.9837960023968,0,0,0
0.002843102624164974,1,3,30.60490023081931,0,0,0
0.05337780090437338,1,0,31.965464224812838,0,0,0
0.0006607033718324207,0,2,34.91144779318972,0,1,0
0.013498645699852742,0,4,30.79123416017774,0,0,0
0.002551857759540812,0,2,37.943780962427645,0,0,0
0.014903976893956205,0,3,24.440097794509832,0,0,0
0.35230489810151844,0,1,33.75047862635422,0,0,0
0.01225591628714259,0,0,30.13536007414779,0,0,0
0.0011752046114675379,0,6,33.9262796391241,0,0,0
0.0002508966260932797,0,4,21.638011448630145,0,0,0
0.0014740874802623388,0,0,132.93319215147721,0,0,0
0.0016146694973616876,1,3,35.03633785890034,0,0,0
0.001365094414421608,0,2,32.30653751665172,0,0,0
0.015626252836009612,1,1,32.46886445175918,0,0,0
0.017601466070832142,0,0,31.584472896166268,0,0,0
0.02798307171886954,0,2,22.72698179792809,0,0,0
0.022399058277942682,0,2,27.59407770370433,0,0,0
0.09907563287493715,1,5,40.01693661238168,0,0,0
0.0010267753238895378,1,5,31.30995300788429,0,0,0
0.0296864921631593,0,1,26.439833643581252,0,0,0
0.005068102287151302,0,1,28.314939923489845,0,0,0
0.0022634177855745848,1,0,22.154355976533928,0,0,0
0.004316808034542773,0,2,33.23161194022468,0,0,0
0.010715392360683215,0,1,24.715002666552415,0,0,0
0.006273913546547514,1,3,32.47456163656747,0,0,0
0.001161320853650262,1,2,24.387104492706776,0,1,0
0.002360370979336203,1,2,38.90158652873343,0,0,0
0.005251448867627994,1,1,19.227447927255934,0,0,0
0.0005108727371908212,0,0,29.693596259914585,0,0,0
0.0002489855054374502,0,1,26.661907592620903,0,0,0
0.0016846593890510525,0,3,28.587823078337262,0,0,0
0.003106614711247324,0,1,36.29533505552777,0,0,0
0.007505099099200782,1,2,31.931472546674556,0,0,0
0.01155132828962816,0,3,136.77013276302745,0,0,0
0.005515325023798232,1,1,26.39516296972175,0,0,0
0.011412899914511922,0,3,28.71449081673336,0,0,0
0.021208189237530786,1,2,29.149130689032994,0,0,0
0.04743162446507083,1,5,26.389065281782102,0,0,0
0.007116999407828123,0,2,26.687728979363115,0,0,0
0.0044124418877839805,1,0,30.921033822365903,0,0,0
0.006318941420375816,0,0,21.351822650542363,0,0,0
0.014553515664997928,0,2,32.23298453496251,0,0,0
0.001054323620683347,1,0,26.31281598095463,0,0,0
0.009604594674758823,1,1,87.87693791936917,0,0,0
0.0007222559994922474,0,1,26.64588851483355,0,0,0
0.0022262375519653877,1,1,29.112328804356153,0,0,0
0.008859733939126547,0,2,34.87976921807879,0,0,0
0.0006230587104162923,0,1,20.959007445491103,0,0,0
0.0019223694513002844,1,4,30.0249279350499,0,1,0
0.022249032805844685,1,0,29.200624912494018,0,0,0
0.005830212234988626,1,3,28.875005486027607,0,0,0
0.0039686810674253595,0,0,30.210786639395455,0,0,0
0.0006609461569688085,1,3,32.437262687735746,0,0,0
0.0005871316750385678,0,6,29.993453677481842,0,0,0
0.004943905696646659,0,2,25.229818321902762,0,0,0
0.03346469060172264,1,1,30.54867806138847,0,0,0
0.00256189948097927,0,1,35.220344793020416,0,0,0
0.0007730493305756576,1,2,31.931818799784033,0,0,0
0.010351872637511788,1,3,23.26901086931621,0,0,0
0.008021002620281164,1,1,40.79679878956316,0,0,0
0.01009141491227134,0,5,23.380185957103013,0,0,0
0.02303130938591238,0,4,29.254419555231912,0,0,0
0.023621108160094006,0,1,34.15436211171584,0,1,0
0.09370999891960136,0,1,29.34325243823686,0,0,0
0.002438193147475789,1,5,23.2700238077677,0,0,0
0.0049865881186562586,0,3,30.56166189088632,0,0,0
0.012563121215846481,1,2,35.94491170183054,0,0,0
0.011927235078950682,1,3,23.75166387847522,0,0,0
0.0239555452477796,0,2,26.920300644115468,0,0,0
0.007739437474844792,1,4,33.44136324963306,0,0,0
0.0033077033229913927,1,2,26.14722059924987,0,0,0
0.0019959514928961403,0,0,32.10578461134566,0,0,0
0.04453022226088893,1,3,79.61046719888228,0,0,1
0.6201947316191767,0,3,30.423051348966485,0,0,0
0.002021697435400198,1,2,30.210337533258805,0,0,0
0.013320811043359002,1,3,31.207377546157225,0,0,0
0.02543974252314944,1,2,33.01528029400553,0,0,0
0.007609460692986242,1,9,34.43214251370962,0,0,0
0.0009660239286438973,1,2,209.59444744695404,0,0,0
0.00037325269260857983,0,1,29.9132205968429,0,0,0
0.008768663777949935,0,2,34.65225934566483,0,0,0
0.05138079095545327,1,2,33.54379870462808,0,0,0
0.004342554113396084,1,0,30.119276913507587,0,0,0
0.005035819286637314,1,3,27.093195801715407,0,0,0
0.002126664930008141,1,2,24.710486558364188,0,0,0
0.0021457570953379457,0,3,31.451549268697125,0,0,0
0.008215827434878128,1,2,30.549096924838302,0,0,0
0.01208097350686817,0,4,31.673989547876953,0,1,0
0.005902991350496174,1,2,32.73450582176942,0,1,0
0.0014211278343249122,0,0,28.691332210753963,0,0,0
0.02610232234844452,0,3,25.686809211567258,0,0,0
0.33650184112129605,0,0,31.24057311432036,0,0,0
0.00806822630529563,0,3,28.6937473117935,0,0,0
0.0011921876483033088,1,2,31.675078544350107,0,0,0
0.0021381059187780826,0,3,22.886459880194458,0,0,0
0.004465580867387374,0,4,23.90196126659182,0,0,0
0.005062836719022153,1,1,29.39145565731245,0,0,0
0.008851034514798921,1,2,108.10177919413532,0,0,0
0.014631033813670149,0,1,33.740424816169934,0,0,0
0.007049722463304971,0,2,24.2756331206214,0,0,0
0.003559870635961241,0,1,26.07524685466424,0,0,0
0.02929559403550437,0,4,29.547643138815943,0,0,0
0.014373519180413939,1,2,29.323734686665254,0,0,0
0.005237470413358228,1,3,37.24741349175649,0,0,0
0.007949135455166715,1,4,35.262433157788905,1,0,1
0.02503782758418977,0,0,29.01032443360927,0,0,0
0.007297149909056389,1,4,25.667315967198757,0,0,0
0.0075216080004882006,0,3,118.06897097630399,0,0,0
0.011750108582526455,0,3,23.90543357126282,0,0,0
0.0006337964277568397,0,1,28.605716812667197,0,0,0
0.0033977317282564397,0,3,22.175876291357973,0,0,0
0.005149050530997551,1,3,25.043803250294786,0,0,0
0.03857022862711706,0,3,33.65471013434174,0,0,0
0.007580472965571083,0,0,33.31126096643229,0,0,0
0.030549660966671666,1,1,34.38089210372958,0,0,0
5.2253095173730926e-05,0,2,22.398293197384767,0,0,0
0.05504772602831922,1,5,33.714170736179014,0,0,0
0.001249264268985455,1,3,27.42878952133173,0,0,0
0.0002172613038335208,1,2,28.095239377008358,0,0,0
0.009136105129516502,1,3,22.59310306241239,0,0,0
0.050093779717669984,0,3,26.143105730206187,0,0,0
0.005741986224669698,1,0,31.43240811102234,0,0,0
0.06257172255475718,1,1,103.08215008467832,0,0,1
0.005109917595683207,0,0,30.779619801913466,0,0,0
0.0023354933623537153,0,1,31.626549279221095,0,0,0
0.008114080266964575,1,1,30.711007635893072,0,0,0
0.18477101426210019,0,2,27.42165958111405,0,1,0
0.010250605018657698,1,1,26.478338500821565,0,0,0
0.004007924294892225,0,3,41.60896684531542,0,0,0
0.102122063839168,0,1,32.20076683515867,0,0,0
0.010579121645378229,0,4,39.24791623061803,0,0,0
0.00031407931792402563,0,4,30.864023420018928,0,1,0
0.0002754496657654185,1,0,27.53068260323475,0,0,0
0.006969730754133682,1,2,33.453085479017325,0,0,0
0.23009953907006891,1,1,31.556544854937176,0,0,0
0.012834434304891354,1,1,28.84492458162211,0,0,0
0.007525112017240474,1,3,33.92640403077324,0,0,0
0.0005975931151092593,1,3,118.6894154175673,0,0,0
0.003467281756051353,1,5,30.111570693138,0,1,0
0.05244949136682598,0,1,33.606753577867885,0,0,0
0.009376507586916405,1,1,44.55417668110269,0,0,0
0.12029377330061768,1,4,38.89494322399186,0,0,0
0.023871386048008005,0,3,99.10437836012642,0,0,0
0.013103874918949028,1,3,31.360949332282978,0,0,0
0.03814742909821857,0,2,20.09101490409935,0,0,0
0.00617749369245741,0,0,33.754473342482065,0,0,0
0.014570120658796077,0,2,97.6579877595046,0,0,0
0.0012259107749288205,1,2,24.482277988151463,0,0,0
0.011780332464893475,0,1,26.344983315323848,0,0,0
0.00820713354677578,1,2,27.390236832674226,0,0,0
0.07237844350226824,0,1,28.058567065846272,0,0,0
0.0156155628577159,1,1,32.30856240770618,0,0,0
0.010132441899118733,0,2,31.356374202713347,0,0,0
0.019110697601528448,1,1,132.53444971766248,0,0,1
0.024207965977940973,1,2,27.0886711512565,0,0,0
0.0007992306784323556,1,2,26.789327050198526,0,0,0
0.0008449932760885883,0,4,34.7892711588166,0,0,0
0.008689982485697412,0,1,25.364099164626857,0,0,0
0.016291945787260613,1,4,156.7933001378837,0,0,1
0.004519449265707312,1,1,36.42555928821619,0,0,0
0.0031682648536697925,1,0,30.235853551767697,0,0,0
0.04181002014587835,0,1,27.036741261628407,0,0,0
0.10641738936743401,0,0,21.439198981887913,0,0,0
0.004822712985400324,0,1,24.52093619210667,0,1,0
0.015347688237063117,0,2,29.060501546722662,0,0,0
0.02303510290429127,0,3,35.014679064051585,0,0,0
0.0026976376922156226,0,5,32.86087805569795,0,0,0
0.06517488658056611,1,0,71.74295035841558,0,0,1
0.0037130353555157635,1,2,22.3507414404652,0,0,0
0.2500875603880855,1,2,23.97673070943584,0,0,0
0.0029087589862922675,1,4,141.7298401826035,0,0,0
0.002113741944195328,1,5,33.62533265320316,0,0,0
0.01030898111809534,1,2,36.83055943710454,0,0,0
0.003058425613362702,1,2,40.62183710817575,0,0,0
0.01333002320744853,0,1,42.88990642093623,0,0,0
0.07010740459693499,1,1,35.81904112616651,0,0,0
0.0013119882822926869,0,3,19.997373910451824,0,0,0
0.006745508790195442,0,0,37.5522210723657,0,0,0
0.005764472311577816,1,0,34.76352685548218,0,0,0
0.0060389617656820575,1,1,22.324916551133192,0,0,0
0.007509300739956296,0,1,35.143428041380375,0,0,0
0.010857836742637345,0,3,25.40673787580223,0,0,0
0.008998923473310537,1,3,29.364946468270873,0,0,0
0.0021655535986824914,1,0,37.558211042043474,0,0,0
0.006633893931317442,0,4,28.103204348746676,0,0,0
0.000559893940477659,0,1,24.753066083330452,0,0,0
0.0038577964840804777,0,7,40.275537931986975,0,1,0
0.0007892390729740679,0,1,30.606084283046915,0,0,0
0.0010978467465282084,0,0,40.26051584456557,0,0,0
0.05464811306633703,0,2,26.28055137422398,0,0,0
0.00918368317547218,0,1,20.470700029655575,0,0,0
0.1281361343407384,1,5,32.376779277674345,0,0,0
0.10874446054492769,0,4,35.00088723343311,0,0,0
0.0057459788549801315,1,3,30.14441178482491,0,0,0
0.0030813093557499997,1,2,34.40027901063641,1,0,1
0.02105764776648936,0,2,32.79308095185172,0,0,0
0.0009880937466118225,1,1,31.59608364216675,0,0,0
0.0027982112393687827,1,1,38.11887867890928,0,0,0
0.0026171792287881432,0,1,30.38220891657895,0,0,0
0.0015790430571304339,1,5,35.694804998040425,0,0,0
0.0025323648171052724,0,0,32.89443703807231,0,0,0
0.007568901711413509,0,1,35.698175461155756,0,0,0
0.009620022882749884,1,1,32.22337311109535,1,0,1
0.03618707321773195,1,1,32.99532095710054,0,1,1
0.08399669501835744,0,1,32.62170494173628,0,0,0
0.0025465273273820722,0,2,24.714142986864978,0,0,0
0.014822834793049874,0,1,27.00354696659836,0,0,0
0.0009997885655145529,0,6,22.849198191796024,0,0,0
0.009468765831368953,0,0,31.41770625132826,0,0,0
0.003374067370822381,0,1,32.840609445649626,0,0,0
0.018313840752640143,1,3,36.42186466493747,0,0,0
0.00689317786296376,1,5,25.512013543165047,0,0,0
0.006772447525065214,1,3,37.51171162046754,0,0,0
0.0011345702146525998,0,1,32.90934763962232,0,0,0
0.0006014527593560694,1,2,26.470189641997955,0,0,0
0.0023592115808304644,0,3,27.21920751029013,0,0,0
0.012676804005167812,1,3,34.58990707304581,0,0,0
0.0026795303919450106,0,4,32.505949160178815,0,0,0
0.010281722115762455,0,3,30.656202624187785,0,0,0
0.010328158878788816,1,4,38.749879031509124,0,0,0
0.004211936674104635,1,2,24.58392189865087,0,0,0
0.0007774427201364804,1,3,20.632227403861094,0,0,0
0.0012701027092931064,0,4,139.0045901576744,0,0,0
0.0038319455736001927,1,0,33.92423116402422,0,0,0
0.9386902044660135,0,1,32.81662608843457,0,0,0
0.163489525022958,1,5,38.51607550908182,0,0,0
0.00346770227052993,0,0,33.96086055351229,0,0,0
0.04469207618722741,0,1,30.59804379032049,0,0,0
0.003642464148897091,0,5,27.930889493121274,0,0,0
0.002530746333981865,1,4,19.02940438348726,0,0,0
0.018491308622854762,0,7,36.01913614807935,0,0,0
0.030153857270681896,0,4,22.28817999912338,0,0,0
0.026129399714328514,0,1,28.911467937871354,0,0,0
0.0011589231142201176,1,0,36.2691438736103,0,0,0
0.0018104749152507015,1,2,36.63826605365727,0,1,0
0.0028558986510725873,1,1,28.050120298458523,0,0,0
0.009013280809919536,0,2,41.8490757432023,0,0,0
0.037157855671383896,0,3,25.174825680569647,0,0,0
0.0027705411158598036,1,1,41.86965824073009,0,0,0
0.020489853046885532,1,1,21.61897290732862,0,0,0
0.004287226901612734,0,0,21.95622585826276,0,1,0
0.024319404111403698,0,5,34.53946087649773,0,0,0
0.003699514288135819,1,1,35.046797481004255,0,0,0
0.049278010757000786,0,2,31.33871406577431,0,0,0
0.007451926317249207,1,0,27.500622606333664,0,0,0
0.006628945891796754,1,2,35.98795411513873,0,0,0
0.008600079535901195,0,1,33.63537705283212,0,0,0
0.014794269482031674,0,0,26.426538908815957,0,0,0
0.02510859989459677,1,5,29.02369045312332,0,0,0
0.010597008734969427,0,1,25.065764819414657,0,0,0
0.012453914615085625,0,3,26.214993502902516,0,0,0
0.0069028228161075456,0,0,28.880571561950937,0,0,0
0.002511506248696354,1,1,28.249197494635595,0,0,0
0.06667123732811071,0,0,26.362937165557575,0,0,0
0.011235685076686366,1,2,35.77487447904712,0,1,1
0.004368044018756319,0,3,35.95206759510306,0,0,0
0.004154302829668233,1,1,26.76589117066429,0,0,0
0.0036675851958630286,0,2,30.83321756075469,0,0,0
0.00813618411242339,0,2,29.328497391555697,0,0,0
0.0017561852656813265,0,0,35.47782832455667,0,0,0
0.037257970500124055,0,3,27.19266720865049,0,0,0
0.02717150444377603,0,5,40.96159345593822,0,0,0
0.001832497161053556,1,2,25.78851071145845,0,0,0
0.0068136027600780545,1,0,108.61706733394647,0,0,0
0.012586298452834639,0,1,21.983985983205727,0,0,0
0.0008928468009642535,0,1,32.78788691676846,0,0,0
0.008988824028100728,1,2,34.317015667411894,0,0,0
0.0006927115734332413,1,1,30.097869076655357,0,0,0
0.02249461813750844,1,2,34.050553880427906,0,0,0
0.021981865489384852,1,3,33.65965956303059,0,0,0
0.002117535203143746,1,3,33.14103555004255,0,0,0
0.006903814871112926,0,4,34.17357224257591,0,0,0
0.07356128440803612,0,3,27.345926100762824,0,1,0
0.00043494009143577934,0,1,40.607951018589226,0,0,0
0.0010518502666327426,1,0,30.83099711678817,0,0,0
0.06736535813433402,1,5,27.816514065639534,0,0,0
0.0010422477435641621,1,2,31.053168948139977,0,0,0
0.012138149225538734,1,0,36.473559372222695,0,0,0
0.004658897736750934,0,4,26.561678908086172,0,0,0
0.15203693604923182,1,2,36.8900042700576,0,0,0
0.000851426613794334,1,0,28.316473691085633,0,0,0
0.013951800636312977,0,1,29.328722435947434,0,0,0
0.008458566684181474,1,1,38.03832552726968,0,0,0
0.01576276525724391,0,0,35.54636003062347,0,0,0
0.008827106512496284,0,1,26.549808008326632,0,0,0
0.13544951732660937,0,1,32.51458450901582,0,0,0
0.0012009522121106274,1,0,33.366909676096675,0,0,0
0.07839353499287595,0,4,22.83449483202744,0,0,0
0.00044170942804469077,0,1,177.9801344831837,0,0,0
0.003949572713698998,0,3,20.83081997300078,0,0,0
0.001334286863541224,1,2,26.063260325603327,0,0,0
0.0016989115024330368,1,2,24.434382208483306,0,1,0
0.004203656803961916,1,1,30.409637762916358,0,0,0
0.0013973712339216673,0,0,23.068272794189028,0,0,0
0.013250884156403457,1,2,35.81432204717681,0,0,0
0.0001602355117892497,1,2,33.68363767295365,0,0,0
0.0047471009720816805,1,1,39.56803320288538,0,0,0
0.0010489062524819037,0,1,33.05223583657344,0,0,0
0.0627885214922843,1,1,34.55553350154403,0,0,0
0.000629684081690325,0,0,19.669135267430264,0,0,0
0.00931785335039659,1,5,31.216386045166658,0,0,0
0.003017605126602905,1,1,32.143181522833345,0,0,0
0.0024043620380087365,1,4,33.22327026862474,0,0,0
0.003633912871968355,0,2,34.29083722128242,0,0,0
0.015835358954596764,0,1,30.3752170402597,0,0,0
0.03171434353546819,1,2,20.919342642351392,0,0,0
0.011556381604945808,1,6,25.292453755009888,0,1,1
0.16393244150374847,1,1,33.581731020937085,0,0,0
0.015099459243472075,1,2,25.540553580353677,0,0,0
0.010860120619500134,1,1,23.19402808703757,0,0,0
0.0028280426253312284,1,3,29.88068211268797,0,0,0
0.0025705793926443597,0,4,32.970589063122986,0,0,0
0.026050336989914023,0,4,34.722922265409274,0,0,0
0.018874026991706986,1,1,22.120317494835568,0,0,0
0.003462649989465434,1,2,30.56586596798413,0,0,0
0.0013805706090026333,0,3,39.30836247353818,0,0,0
0.0015658213145951577,0,2,21.270957408879347,0,0,0
0.044085337953275745,1,2,33.18098988944671,0,0,0
0.004678503534555575,0,0,34.95203430119857,0,0,0
0.006898649775483818,1,3,38.442218354375875,0,0,0
0.0012973475009836043,0,2,35.615047662513376,1,0,1
0.003949095294694031,0,2,28.97825986107234,0,0,0
0.027069705553540095,0,1,28.237964772017463,0,0,0
0.006120870090761929,1,2,28.658866830154523,0,0,0
0.0019299571063914438,1,2,25.282283663889572,0,0,0
0.02503610915828435,0,1,34.592979157260366,0,0,0
0.07271538807043272,0,3,36.08498888265428,0,0,0
0.008073127680813814,1,0,28.070537258941144,0,0,0
0.0008685501702056006,0,0,29.465163444438424,0,0,0
0.0018187403629347126,1,0,31.557762395718417,0,0,0
0.004755395730157605,0,2,28.86159815119473,0,0,0
0.014456141643180249,1,1,19.298245989661734,0,0,0
0.00028369697885456647,0,2,34.91129590497252,0,0,0
0.06653321419212012,1,4,18.530330280808393,0,0,0
0.1579189889483589,0,3,27.733022286139686,0,0,0
0.003961253672698201,0,0,27.380150635218847,0,0,0
0.0011179825874651718,1,1,29.00198519310412,0,0,0
0.002820223979842845,1,4,35.27054049831707,0,0,0
0.005725443816302807,0,1,28.23477172667371,0,1,0
0.004664037799865214,0,4,24.38355201624368,0,0,0
0.014837790076142192,0,2,34.10092132090628,0,0,0
0.0004506893802997979,0,1,31.7467766985127,0,0,0
0.0031434519006113336,0,2,29.734209682779227,0,0,0
0.00620048092043195,1,1,33.304024171284034,0,0,0
0.005106070609697562,0,1,26.05455943100261,0,0,0
0.00031493822648594584,1,1,29.26466247963244,0,0,0
0.01312758685560019,0,0,31.197011991760807,0,0,0
0.025685531081248415,0,0,19.862034762947985,0,0,0
0.0048749178416681235,0,3,26.314506342603153,0,0,0
0.014882945447934354,0,1,27.69568923556428,0,0,0
0.07811355874154163,0,0,23.881699947965064,0,1,0
0.0007902952330793384,0,2,28.521137672217943,0,0,0
0.026133480623681836,1,2,25.564753711732614,0,0,0
0.001989332032009642,1,3,25.168466034008304,0,0,0
0.003954578148173506,0,1,24.85741340015977,0,0,0
0.008419249589191243,1,1,39.24480011165872,0,0,0
0.0018708577590636503,1,3,24.757883915695956,0,0,0
0.0016068490015046595,0,4,143.11197301608436,0,0,0
0.0038852753901406994,0,1,32.043406440107205,0,0,0
0.007167166506140303,1,2,33.23221145316912,0,0,0
0.07121084828854052,1,4,29.81937728984343,0,0,0
0.02053223101381267,0,0,36.60910262186813,0,0,0
0.00045628589670446726,1,2,173.12870050756766,0,0,0
0.08772332705916719,0,1,99.0161175267207,0,0,0
0.03167960729157367,0,1,24.176725776323966,0,0,0
0.006840080377523291,0,2,29.04895372837959,0,0,0
0.004067037192274233,0,2,36.03302124563247,0,0,0
0.0032614300598354604,0,1,26.69094280278331,0,0,0
0.028245429532088473,1,1,27.894050578107194,0,1,1
0.013942759333529842,1,2,27.646620769994843,0,0,0
0.014520900813304656,0,1,31.428427649387114,0,0,0
0.006393624047999709,1,3,30.94021961991303,0,0,0
0.04135801964070807,1,2,43.22844778469805,0,0,0
0.0031258956788009153,0,1,38.51010519210554,0,0,0
5.5540420301387945e-05,0,2,25.031960853538322,0,0,0
0.0028427806140533104,0,2,23.40138406398985,0,0,0
0.006838219023256647,1,2,32.008619178129976,0,0,0
0.03231757396080237,1,3,36.66965432624862,0,0,0
0.18413451928036595,1,2,34.72271285386671,0,0,0
0.003419486086445974,0,1,30.189642092551477,0,0,0
0.028130235313516598,0,0,25.50272527222345,0,1,0
0.01817419365038237,1,1,28.21194196005201,0,0,0
0.020000826555122714,1,3,34.42953891313145,0,0,0
0.00015469201998797658,1,0,34.064466703637784,0,0,0
0.002831654315786374,0,1,23.063119381519265,0,0,0
0.016171898774440772,1,1,34.71665742597461,0,0,0
0.012576566340682067,0,2,22.34252127092865,1,0,1
0.039672304544461974,0,2,37.29763755641337,0,0,0
0.005503503231731957,0,4,20.281950903981578,0,0,0
0.006281553563538825,1,2,153.44235781158991,0,0,0
0.03864735755138565,1,1,41.17128705968322,0,0,0
0.010215535426849961,0,1,29.320982661239302,0,0,0
0.08454415128069406,0,3,32.49293203192779,0,0,0
0.008407857358541002,1,1,27.091170172574323,0,0,0
0.002577013840025003,0,3,25.627825588426738,0,0,0
0.02575231392448378,0,1,23.182792187033733,0,0,0
2.358671310225595e-05,0,3,31.61669931493529,0,0,0
0.00570983069078738,0,0,19.420832969426925,0,0,0
0.012789396550656609,1,3,27.247678927173837,0,0,0
0.002623373908272391,0,1,36.934597978333485,0,0,0
0.05925431929341149,1,2,31.60965473457682,0,0,0
0.043297204426805326,0,1,34.425590699193705,0,0,0
0.0006827346978040328,0,2,29.750073710939752,0,1,0
0.004349543638705055,0,0,23.13027767707201,0,0,0
0.011925971737596599,1,3,32.7632261846229,0,0,0
0.01669353949403621,1,2,26.348135286702576,0,0,0
0.0010310547538546593,0,1,28.535772417292335,1,0,1
0.0038763266789004582,1,3,27.245048383056734,0,1,0
0.034323590318533374,1,2,30.035352177017625,0,0,0
0.058135362243537075,0,3,117.49719602726834,0,0,0
0.009284766078786205,1,5,28.270683530549313,0,0,0
0.030076413040959055,0,1,24.15499535179982,0,0,0
0.02687659613804581,1,3,34.35878445685797,0,0,0
0.4288369434764885,0,3,26.77366763709203,0,0,0
0.05057113506680027,0,1,22.390630491727908,0,0,0
0.009133973524527876,0,0,17.943351282403732,0,0,0
0.016218821372204085,0,4,31.081563408599205,0,0,0
0.033797050753739455,1,1,27.93623273107463,0,0,0
0.010199311408502028,1,2,38.20182897000787,0,0,0
0.00090091932958407,1,3,29.806681311183244,0,0,0
0.0012484815630093664,0,2,30.355704153406606,0,0,0
0.013560440062770275,0,1,28.576755141002785,0,0,0
0.02902104321920805,0,0,35.409924717307966,0,0,0
0.43087547990106706,1,6,81.01777294115409,0,0,1
0.00559202230850385,1,4,30.79009999176961,0,0,0
0.00017617975572995544,0,1,32.133540107774145,0,0,0
0.0015767016742032304,0,0,29.20822346110898,0,0,0
0.2298918160148824,1,1,35.3499420921778,0,0,0
0.005269366643312866,1,1,37.33485206838211,0,0,0
0.046834843759553234,1,1,27.75094299262743,0,0,0
0.4972875929980627,0,0,25.200743421833263,0,0,0
0.025782785934417754,0,1,31.82977677910347,0,0,0
0.0011756204145755402,1,2,110.92390419573692,0,0,0
0.018214625697924352,0,0,31.825094082889148,0,0,0
0.02654277609941963,0,1,32.31604693262572,0,0,0
0.006152294185763843,0,0,27.834492537151956,0,0,0
0.000548255040813392,0,0,25.588136761573715,0,0,0
0.0010235028018781697,1,3,29.198867798847274,0,0,0
0.003269228084493066,1,1,28.054318872897092,0,0,0
0.0022286783789616476,1,1,24.197933813407918,0,1,0
0.0032318163146501954,0,3,23.651326534562017,0,0,0
0.011045401848258082,1,3,25.090331561075928,0,0,0
0.0075620288586835125,1,1,33.132309716332976,0,0,0
0.035878143711110734,1,1,91.83538239286284,0,0,1
0.04382094578770657,1,1,26.52625652341265,0,0,0
0.01602764122960522,1,1,38.01702443690368,0,0,0
0.017806818775137703,1,6,23.547350381237276,0,0,0
0.008484053042232032,0,2,31.653506869656333,0,0,0
0.027094336157070447,1,2,35.13335301581273,0,0,0
0.00040385783275313395,0,1,23.930151395128824,0,0,0
0.014874648070487963,0,2,25.778653125256092,0,0,0
0.00823913292952297,1,3,30.418153580322222,0,0,0
0.00040167805764826543,0,2,29.922543885845766,0,0,0
0.005473982332735795,1,2,113.27983942844666,0,0,0
0.005520113269822192,0,0,31.070807857049424,0,0,0
0.4616604261118212,0,1,33.28507592026244,0,0,0
0.00019704365042744648,0,3,36.31481078145871,0,0,0
0.016500051602026344,1,3,23.74069600237942,0,0,0
0.010259574049037821,0,1,26.359380110484672,0,0,0
0.005456814991367197,0,1,27.022213565544014,0,0,0
0.0030620348939954262,1,2,32.027688655534114,0,0,0
0.2388178888664929,0,3,25.450801261359253,0,1,0
0.004176932768551825,1,3,33.46793259104041,0,1,0
0.001614456898146658,1,5,36.623944697654586,1,0,1
0.024872154658433152,1,4,20.778240298520437,0,1,1
0.01080595224599467,1,1,23.063240779332496,0,0,0
0.004882561565112801,1,5,34.74355354049301,0,0,0
0.004004849132445813,0,0,25.571297638399788,0,0,0
0.0015048026593769285,1,4,25.25499286012119,0,0,0
0.12582327980988892,0,1,25.273060262188764,0,0,0
0.0035803769141890553,1,5,34.510003074419274,0,0,0
0.0037969110412497463,1,1,35.42152200247736,0,0,0
0.004320387943202593,0,4,30.17826583166345,0,0,0
0.024376178386634903,1,0,30.57340353797753,0,0,0
0.0040337541965422075,1,4,33.51389118034017,0,0,0
0.09751823514728461,1,0,35.81527894228042,0,0,0
0.010579987692172808,1,1,37.666439423822304,0,0,0
0.0024503256171578727,1,4,37.39159845834784,0,0,0
0.003901720297535041,1,1,26.58204885403991,0,0,0
0.058833494790256305,0,2,26.533757241733134,0,1,0
0.010326425153666724,0,3,23.453659105803247,0,0,0
0.020975293683907638,1,2,30.32351679681738,0,0,0
0.0011872854946883048,1,2,23.184813861972685,0,0,0
0.0042066677992285756,1,0,24.35890414222192,0,0,0
0.0030006981029296388,0,0,26.81959536872428,0,0,0
0.04304828646275612,0,1,25.754539528775215,0,0,0
0.016466853286658808,0,3,29.218301701970468,0,0,0
0.0003777044386362626,0,2,27.55921198538598,0,0,0
0.06210085414272488,1,2,40.45512691991143,0,0,0
0.0002402038243880945,1,1,28.881393995186784,0,0,0
0.0060007715799169125,1,1,35.50681569791273,0,0,0
0.436651869445213,0,1,35.46022803749371,0,0,0
0.017362958038697862,1,2,134.75969178996343,0,0,1
0.027449349054348544,1,0,27.246115501935662,0,0,0
0.0045929799659255935,1,0,29.463266549452033,0,0,0
0.012487962337579938,0,2,25.76494555924999,0,1,0
0.022907682287360176,1,1,35.02725737645907,0,1,1
0.11886713661238861,0,2,31.755207672887057,0,0,0
0.0770482749764222,1,2,31.23532489549257,0,0,0
0.006383236518557049,0,2,30.902646668696622,0,0,0
0.03906713222502646,0,1,21.62949507032959,0,0,0
0.00836008975229452,1,0,25.116602125721148,0,0,0
0.003948024004137253,0,1,32.43174740856877,0,1,0
0.006925822334083238,0,4,27.311641339084055,1,1,1
0.022039534850774235,0,4,34.19004337885798,0,0,0
0.018061730299052357,1,4,33.507463117002395,0,0,0
0.01531929439318229,0,2,172.33421714338672,0,0,0
0.017697155254104886,0,3,27.073556084489432,0,0,0
0.012969726331428734,1,1,35.412146971700594,0,0,0
0.009100144353166806,1,1,24.01228189907893,0,0,0
0.0006287815395768925,1,2,33.017317263831785,0,0,0
0.032584509539652334,1,2,30.391060515506734,0,0,0
0.013947810168625127,1,4,27.35830477568376,0,0,0
0.006483565002864211,1,1,35.74919013322002,0,0,0
0.0021831769160712113,0,0,35.2389313980481,0,0,0
0.0014271186114808722,1,0,31.588439951176564,0,0,0
0.0221775658290669,0,1,33.85026198865185,0,1,0
0.025358371543993567,1,2,111.32753702691686,0,0,1
0.005054828011186871,0,4,115.7225200850664,0,0,0
0.0015218796022246437,0,4,33.827838290355885,0,0,0
0.006988208353220992,1,3,29.80187081774376,0,0,0
0.01160799523407432,1,2,129.37786416665452,0,0,1
0.041181067316576975,0,2,34.528196016838756,0,0,0
0.016840999533528394,0,4,27.225680388079912,0,0,0
0.014861963890965625,0,1,35.88689156895232,0,1,0
0.0026501532144208653,1,3,32.35035293864885,0,0,0
0.008338561345752336,0,2,29.978356783769733,0,0,0
0.0015202369712832514,1,0,25.18421678978606,0,0,0
0.0357800428869303,1,2,33.14720855086169,0,0,0
0.002367491816848418,0,1,22.956717368536648,0,0,0
0.004578672777562665,0,5,27.30987725849911,0,0,0
0.016582885257298643,1,2,30.465422315749702,0,0,0
0.01667018213546379,0,3,35.629868858112964,0,0,0
0.0009111345439041788,1,3,30.211352929504848,0,0,0
0.04231515645797352,0,5,35.61553795827314,0,0,0
0.003414323117871808,1,3,38.2603207107211,0,0,0
0.02186558517498109,0,2,30.21303308318859,0,0,0
0.027184157591463316,1,3,19.399961513876214,0,0,0
0.02580627991069167,0,0,34.00806079802533,0,1,0
0.003374230519055834,0,1,30.01606015756439,0,0,0
0.0342675607224705,1,2,28.128928599606347,0,0,0
0.13849932204922927,0,2,30.244313499188834,0,0,0
0.0007836609826293589,0,0,27.832524888966933,0,0,0
0.006035665777542505,0,3,26.604901859678613,0,0,0
0.0005338056323709959,0,3,25.65417699004512,0,0,0
0.05024562424933695,1,2,28.25556556983374,0,0,0
0.006974332609176566,1,3,125.69509793788342,0,0,0
0.035741331650029545,1,3,21.50841702892411,0,0,0
0.017719360583972187,1,2,33.76932292156487,1,0,1
0.0039755557349617785,0,2,35.85299011068087,0,0,0
0.017353174255371744,0,2,25.199856299843937,0,1,0
0.01047095361623483,0,1,24.955551764555835,0,0,0
0.005699495584862837,1,2,22.277757528626427,0,0,0
0.0013788254382884136,0,1,32.11933858489385,0,0,0
0.003162081490265643,0,3,25.812974103125462,0,0,0
0.012891489880953058,1,1,30.944617856938592,0,0,0
0.006304577921946848,0,4,25.823798248271867,0,0,0
0.0002970070620639627,0,2,33.28561668548283,0,0,0
0.10608575214339545,0,3,116.75589134866662,0,0,0
0.0007604123450397064,0,1,31.481434199367627,0,0,0
0.0007686204944388547,1,2,128.2839430114873,0,0,0
0.0006370914804314772,0,1,34.601334730986615,0,0,0
0.0031760898518412655,1,2,26.488112861222156,0,0,0
0.07244698420578496,0,4,22.39598942222044,0,1,0
0.004708298629424501,0,3,30.409851289052185,0,0,0
0.017893340341251274,0,1,39.34332495513382,0,0,0
0.001298523955428077,0,1,23.535705513475055,0,0,0
0.003398670529550888,0,1,24.45066534490912,0,0,0
0.007666644075628119,0,0,34.18107585577104,0,0,0
0.04479173504869325,1,4,32.33997322504554,0,0,0
0.005803959884357789,1,1,28.483242977479392,0,0,0
0.030444022687643322,1,1,41.97203763802133,0,1,1
0.06022573332414143,1,5,27.255191362646578,0,0,0
0.010264736828645009,1,3,32.99708099330671,0,0,0
0.0106960875070049,0,1,31.196162900139043,0,0,0
0.0029768947278523633,0,1,37.68459080097735,0,0,0
0.0033564969003560268,1,1,26.96484987480461,0,0,0
0.002210609841798132,0,3,34.518598000572744,0,0,0
0.0032455354548168304,1,4,27.91770825168737,0,0,0
0.006716897685536566,1,2,30.83188119532684,0,0,0
0.03659546614626494,1,3,23.060273143193502,0,0,0
0.0040188402264812895,1,3,177.29997844379298,0,0,0
0.02263975107879536,1,3,36.627326427138044,0,0,0
0.002580082167388388,1,0,39.869151605105614,0,0,0
0.0006147282855805337,0,1,23.533362875359977,0,0,0
0.00048803515167300515,1,1,33.94781369253485,0,0,0
0.0017930489938297407,0,1,29.06605315026471,0,0,0
0.03136636157734465,0,1,31.80636742068561,0,0,0
0.0028190627836369945,0,3,27.439423887436806,0,0,0
0.03134672962445467,0,1,26.945593864318944,0,0,0
0.007669042374835552,1,1,37.94318614262631,0,0,0
0.005538196949410635,1,2,41.73761554032053,0,0,0
0.057664879525574086,1,1,30.974503227187892,0,0,0
0.00022909957669799144,1,3,39.280755830437386,0,0,0
0.011632348387061212,0,2,33.28917982079177,0,0,0
0.0025241838100252,1,1,34.620243408722686,0,0,0
0.0037968105888127918,1,2,29.87098685605977,0,0,0
0.009106968431168289,0,0,20.690595331412943,0,1,0
0.026642949713207832,1,4,31.269855183829783,0,0,0
0.024828612806462907,1,0,26.813040189310563,0,0,0
0.011660916207465096,0,0,123.64041362884112,0,0,0
0.007696750882696713,1,4,33.12033144199265,0,0,0
0.010047269437992817,1,3,29.283258284418615,0,0,0
0.000626237561207039,1,2,36.048085501579195,0,0,0
0.0017299109876384102,0,1,28.245488532535305,0,0,0
0.4774233199515614,1,1,33.759177923502286,0,0,0
0.015135696140009671,1,5,19.75974427559903,0,0,0
0.0017227109437652425,1,1,29.977157716676277,0,0,0
0.03122629733255287,0,2,29.028847308546695,0,0,0
0.6341925696538802,0,3,32.789704956829354,0,0,0
0.023127309043627062,0,1,29.54181282062197,0,0,0
0.016425794606791357,1,2,28.40446659152329,0,0,0
0.06780899590991463,0,1,37.80025741079456,0,0,0
0.01571843120606579,0,2,36.7088189598154,0,0,0
0.0007448310828543938,0,1,27.405959515900133,0,0,0
0.0005105972760849221,0,3,30.514283468971296,0,0,0
0.00491912623890703,1,5,27.574794620956343,0,0,0
0.20451886769669356,1,2,40.04283005149777,0,0,0
0.009127835572997425,0,3,24.632938925397077,0,0,0
0.0034638480979527677,0,2,31.953672546394127,0,0,0
0.013752531415341678,0,1,28.146627310179962,0,0,0
0.0553756941205882,0,4,23.200509098173832,0,0,0
0.005023064906729611,1,0,29.472846019309724,0,0,0
0.0047437963474263965,0,2,30.670197119448133,0,0,0
0.007561828234902494,1,3,36.5577133212431,0,0,0
0.012705978993035867,0,2,33.23618518516041,0,0,0
0.010469997657748342,0,2,44.85209675977477,0,0,0
0.002773017548758184,0,3,30.028912739200866,0,0,0
0.08129874275743827,1,1,19.57079852111037,0,0,0
0.002573719711413361,0,0,32.68023216790611,0,0,0
0.002399927723319616,0,2,30.06109266306945,0,0,0
0.003957303377322577,0,1,30.775737760089086,0,0,0
0.0015366239713341923,0,3,187.57878031342648,0,0,0
0.11490968638085972,1,2,32.44506618142373,0,0,0
0.01747977587340533,1,2,35.802829273184805,0,0,0
0.0014707652584496414,1,0,39.46410896392462,0,0,0
0.0408942623715148,0,3,22.56105837028852,0,0,0
0.0010614669185712768,0,3,25.7566677943243,0,0,0
0.0055799892210356165,0,1,23.463500665749297,0,0,0
0.00911303575388042,1,2,29.983704794706522,0,0,0
0.0028867471137880747,1,3,28.049014418374657,0,0,0
0.024354023046707352,0,2,136.80199129574825,0,0,0
0.1342507143852646,1,1,20.924088752740893,0,0,0
0.004587701328519141,0,3,32.594176162984624,0,0,0
0.003529299850638214,1,0,27.324982105673453,0,0,0
0.008226026076281527,1,1,26.751484825686724,0,0,0
0.08558072870753707,1,4,34.89493084467604,0,0,0
0.0013171763584746798,0,1,25.207349504222574,0,0,0
0.0017188116258022878,1,2,29.297144166435885,0,0,0
0.027570854620741565,1,3,35.591754839754344,0,0,0
0.040622629418541584,0,1,30.177123842868284,0,0,0
0.00902486899711578,0,6,23.757248480982152,0,0,0
0.007695463666842939,1,2,26.385445622936682,0,0,0
0.004143999185009851,1,2,113.66544347484614,0,0,0
0.0152412791732996,1,2,27.561553725725012,0,0,0
0.018639043845472127,0,1,39.70523312827986,0,0,0
0.00936288705777893,1,0,27.830543918166654,0,0,0
0.0015688587088614312,0,2,31.735335203621897,0,0,0
0.0004232212912909783,1,3,30.353459807728157,0,0,0
0.028129291195652113,1,3,34.0403993734991,0,0,0
0.01984629672144842,0,2,31.75071778540637,0,0,0
0.014405208119444353,0,3,27.68917954656822,0,0,0
0.0037739416357264713,1,0,27.131337380776817,0,0,0
0.059576250349216944,1,4,32.104751935776505,0,0,0
0.0022947181131704256,0,1,28.16255609513443,0,0,0
0.025816996951733638,1,2,31.372817503748273,0,0,0
0.015854720095651847,1,1,17.653523817587622,0,0,0
0.0025397000285461505,0,2,30.9506119820826,0,0,0
0.035074300592918946,0,2,28.187342724541757,0,0,0
0.004955310471858766,0,6,39.7340684206664,0,0,0
0.013332029001846591,0,0,32.79113680584647,0,0,0
0.03749149705071811,0,1,36.097770926566284,0,0,0
0.01705549228239052,1,5,25.941638555814723,0,0,0
0.0008090040910179505,0,1,29.7833381872083,0,0,0
0.005873647725297628,0,3,26.8837091683324,0,0,0
0.004239834759343681,0,2,24.67093054525115,0,0,0
0.0012336709121758456,1,3,35.92315304904551,0,0,0
0.009586229191317004,0,1,28.69347452509053,0,0,0
0.010402388940882497,0,1,27.05413099977757,0,0,0
0.004990152437076319,1,3,35.013120127057256,0,0,0
0.0036820744115151696,1,2,33.01489007863861,0,0,0
0.0401580818356584,0,3,45.22833823732814,0,0,0
0.0005477321279567793,0,2,34.46617515408087,0,0,0
0.022723056866318838,0,1,129.12267948534324,0,0,0
0.0949968737808147,1,4,24.87583488419569,0,0,0
0.005083980789448908,1,6,30.248843226216287,0,0,0
0.006786912475468333,1,4,31.796878199756804,0,0,0
0.01741991169028066,1,2,30.107403819029216,0,0,0
0.019270628828634558,1,3,31.885289968983436,0,0,0
0.004598054841992273,0,1,30.04777561733528,0,0,0
0.006754414385993181,0,3,26.122898527759038,0,0,0
0.008798602674251312,1,3,32.17928007215971,0,0,0
0.004713670538764324,1,2,27.167399893062324,0,0,0
0.020531928848419066,1,1,37.03814354790172,0,0,0
0.009661732506055492,1,3,39.14017268530226,0,0,0
0.008002376361712166,0,1,31.14593220420589,0,0,0
0.19221693225645603,1,6,16.775084603963357,0,0,0
0.011597432655233624,1,4,23.865840708814503,0,0,0
0.0008003369450541805,0,5,25.11795494099774,0,0,0
0.0031552366349459774,0,3,19.131053345154427,0,0,0
0.030744593590893744,0,4,74.92752798443013,0,1,1
0.0015552939545800746,1,5,180.93167941353508,0,0,0
0.005099563890576664,1,2,23.597682390583675,0,0,0
0.0048666481851165865,0,0,29.136424125757888,0,0,0
0.12506127035512693,0,1,28.495603923593656,0,0,0
0.0012552642978517817,1,2,40.37017615527005,0,0,0
0.12201075777726833,0,2,105.45111661437116,0,0,0
0.0003253057866417529,0,4,20.198848406524146,0,0,0
0.0008809377502174495,0,3,150.55351222144424,0,0,0
0.011734355509119984,0,1,27.809711286577297,0,0,0
0.0215221035353575,0,1,26.704926107797753,0,0,0
0.04125598155722357,1,3,25.635281025383364,0,0,0
0.00017962987710465653,0,0,30.89965119875597,0,0,0
0.0014648420109295117,0,0,25.7722624230375,0,0,0
0.015420997954270247,1,1,21.692435363639504,0,0,0
0.008148226909689226,1,2,30.131605631614,0,0,0
0.0023186362724446105,1,2,26.171063536915607,0,0,0
0.001226788046440379,0,4,25.14693439797048,0,0,0
0.018280274899926948,0,1,26.25607236699777,0,0,0
0.022058973654089747,1,1,36.50671149606618,0,0,0
0.019751614028677447,0,0,39.19487268104448,0,0,0
0.006839058278306443,1,2,30.529453583971833,0,0,0
0.009638108716597968,1,0,32.44360340232799,0,0,0
0.006514707795904191,1,3,30.458822402771297,0,0,0
0.0029177448130662076,1,1,30.77462870869438,0,0,0
0.008426966747552564,1,2,23.871873370562326,0,0,0
0.006420237548139783,1,3,31.019073430988684,0,0,0
0.0059788742873175225,0,0,34.82223241629311,0,0,0
0.00798336713572561,0,0,116.65590044613225,0,0,0
0.004869027442130267,1,4,35.56863025908866,0,1,0
0.008259689781360872,1,3,34.75327721114035,0,0,0
0.0030105553747353728,0,2,30.00458868525368,0,0,0
0.00443714918017306,1,3,31.61781895802106,0,0,0
0.005479884454360299,0,4,33.76812215973892,0,0,0
0.008736299843902756,0,3,26.885644220573447,0,0,0
0.012945764079216202,1,2,91.69365796055723,0,0,1
0.0040776514454795515,0,2,30.006351103019085,0,0,0
0.015579613330232268,0,0,19.592705225099778,0,0,0
0.00042089783166719214,0,1,29.230907798714274,0,0,0
0.0024602351788622348,0,2,36.48551239900001,0,1,0
0.0013640919917148734,0,1,20.961104960769156,0,0,0
0.16152605120651337,0,1,30.060607882660296,0,0,0
0.018328345971036407,1,2,33.054650385323086,0,0,0
0.0711989966156615,0,4,29.399490049271492,0,0,0
0.012006696348197772,0,1,28.826209631778035,0,0,0
0.005593978608258896,1,3,33.47778929814333,0,0,0
0.01628748275706657,0,2,36.437100864439735,0,0,0
0.004215963087832476,0,1,31.731219124878898,0,0,0
0.01055771524913274,1,0,23.203216347934614,0,0,0
0.0014119145540405552,1,3,23.774088633563043,0,0,0
0.010891247169552538,1,3,23.68089772345712,0,0,0
0.01375558280107326,0,3,29.5776952238036,0,0,0
0.008519359778590493,0,0,33.868096544877105,0,0,0
0.11030001807708197,1,4,29.698497284657986,0,0,0
0.015351392455806228,1,1,29.442554807102,0,0,0
0.002518345697336543,1,0,19.798420420887552,0,0,0
0.007643701231098795,1,2,21.184128396393263,0,0,0
0.0018733611739897153,0,2,88.36665061090648,0,0,0
0.022064113909360895,0,2,28.926440473729382,0,0,0
0.007240596836074471,1,2,35.22652620806621,0,0,0
0.007631258396433326,1,0,36.00225295645381,0,0,0
0.007942484231325295,1,8,31.100123842516656,0,0,0
0.005437467102231499,1,1,35.45458282308857,0,0,0
0.05691709224361856,0,1,25.82146840154617,0,0,0
0.03017045092776704,1,0,36.005293401203545,0,0,0
0.0042659034720489925,0,3,40.47739399404669,0,0,0
0.003507876121048682,0,2,20.323796784215403,0,0,0
0.0007686795199466115,1,4,29.30136153893929,0,0,0
0.07760300883648398,1,2,30.252960930042192,1,0,1
0.0007388625798951052,1,0,27.35650625728009,0,0,0
0.06098174113114453,0,1,28.19191766327997,0,0,0
0.056100930365086774,1,1,29.053590691168058,0,0,0
0.014414787555904142,0,1,32.18351363425123,0,0,0
0.1204473028160106,1,1,16.91523389910037,0,0,0
0.010986863251343883,1,2,133.1228948823243,0,0,1
0.04510852270920886,1,3,29.904943046211116,0,0,0
0.00033084049417838815,1,3,35.51939759016721,0,0,0
0.0008373414820715979,0,1,27.27976376827581,0,1,0
0.0021004787840222285,0,2,31.609197389906434,0,0,0
0.003315674860602494,0,0,31.50805957154257,0,0,0
0.01774140510505669,1,2,32.533226688303074,0,0,0
0.0022094805011229437,0,3,31.524152295462706,0,0,0
0.009108669280504451,1,2,26.48332553934303,1,0,1
0.021310924951324757,0,4,35.870833815070256,0,0,0
0.0013283495905537922,1,0,32.122927129116775,0,0,0
0.020881536761441808,1,1,36.06532258671845,0,0,0
0.00024047253570674438,1,2,27.225997816439783,0,0,0
0.0005343572710973159,1,1,32.46191423544609,0,0,0
0.03563847325564395,1,3,34.47975764149511,0,0,0
0.0014888042383107282,1,2,36.32228669447279,0,0,0
0.02882821506223941,1,3,26.066168272032975,0,0,0
0.002054608917731866,0,1,29.69973911365759,0,0,0
0.09000940468088439,0,0,34.850701532865365,0,0,0
0.001747352618191933,1,2,23.086442454038817,0,0,0
0.0029169079661136897,0,1,25.41164924926558,0,0,0
0.007493298329413078,0,4,39.085668027392785,0,0,0
0.005742706298324844,1,1,30.570215296575185,0,0,0
0.0033313250355328753,0,1,32.737015602567595,0,0,0
0.0045349696003980184,0,3,26.631653949520114,0,0,0
0.009761887331974133,0,1,29.862263673360204,0,0,0
0.04442025121404042,1,2,29.849934295367557,0,0,0
0.004706043635480118,1,1,15.425263772961168,1,0,1
0.04971406467566435,1,2,35.38439836427627,0,0,0
0.005215094937342594,0,2,28.77422237027306,0,0,0
0.010514498177117944,0,5,31.44132346722993,0,0,0
0.007428621028963158,1,1,29.80647948623777,0,0,0
0.001317911558649312,1,2,33.624858682951086,0,0,0
0.006431861026035201,1,1,31.482205504243396,0,0,0
0.0011885547971384916,0,5,28.672608435683273,0,1,0
0.0025966513716229947,0,0,41.409865803859404,1,0,1
0.003769015313192019,0,1,24.476968344305774,0,0,0
0.013703249002133438,1,0,33.39189094263279,0,0,0
0.015439688947488166,1,3,27.424234382114314,0,0,0
0.013140161368508164,1,1,26.258654479060215,0,0,0
0.003276567097042251,1,2,34.58479239907062,0,0,0
0.0009544106166472602,1,2,105.13626110932775,0,0,0
0.001981690742250567,1,3,38.62720499203435,0,0,0
0.0013803883753919434,0,0,22.07707650135975,0,0,0
0.015102932637756427,1,1,31.308007147600993,0,0,0
0.015374091175315211,0,0,26.419770911792185,0,0,0
0.0007628688209394416,1,4,32.215149475523724,0,0,0
0.01589121488510091,1,1,36.6168297830465,0,0,0
0.0004494999647330366,0,4,30.798359517907713,0,0,0
0.00820164384916093,0,0,29.931807021212993,0,0,0
0.0037851912167161162,1,4,32.0023156002688,0,0,0
0.0012602051858547209,0,2,31.580577944438133,0,0,0
0.0021844234233769928,0,1,135.45574022537207,0,0,0
0.03375165797080068,0,1,23.536956045149456,0,0,0
0.02580559843328136,1,1,37.42266669588091,0,0,0
0.04366899248025717,1,2,33.47756813459809,0,0,0
0.12581171741876185,1,3,184.9089272907034,0,0,1
0.006738058245173137,1,2,29.2586291345285,0,1,0
0.0013312413380375575,0,1,25.429421811181378,0,0,0
0.012315729452893645,1,1,39.58847576877664,0,0,0
0.017689738437417547,0,3,29.415727567696702,0,0,0
0.004398637411055297,0,1,27.952155872526802,0,0,0
0.0071118918813092066,0,0,37.979845182311465,0,0,0
0.04660588210758224,1,1,25.991768824546703,0,0,0
0.008644501079518887,1,0,23.81330012358312,0,0,0
0.013490225902888483,0,1,34.34770475921407,0,0,0
0.022142999868477203,0,1,29.722578670851032,1,0,1
0.1053595240788763,1,2,22.455162931335117,0,0,0
0.0011967724049740456,1,3,24.80768230419161,0,0,0
0.0035315275656322125,1,0,29.790953438997324,0,0,0
0.0011787034145921305,0,1,36.18232483602998,0,0,0
0.0024253593091298035,1,0,33.64977024721521,0,0,0
0.008946262829667668,0,1,27.017092601820007,0,0,0
0.0003576081276388651,0,2,41.76000255341546,0,0,0
0.0015551020965565746,1,1,24.18196973557769,0,0,0
0.2133433019534428,1,1,19.93064408231747,0,0,0
0.036018807333583876,1,1,28.82481508150068,0,0,0
0.007260917304730074,1,2,37.82214431452901,0,0,0
0.004490694299100415,1,1,33.27575044783853,0,0,0
0.0010461196746546263,0,0,35.96658741319613,0,0,0
0.0125789747116323,1,4,27.41437917646967,0,0,0
0.0018864818707646834,0,2,34.16859687392851,0,0,0
0.004690123036244216,0,3,27.2379432406283,0,0,0
0.007327504079653621,0,1,24.734793765570785,0,0,0
0.006191020167251326,0,1,26.51631969925724,0,0,0
0.033683218160609894,0,2,34.51574117630296,0,0,0
0.0027126507734383794,0,1,28.45405540921871,0,0,0
0.005027615787700827,0,2,30.20230447674051,0,0,0
0.011265855548366791,1,1,28.973807219446204,0,0,0
0.04249511646695666,0,1,30.713514571326435,0,0,0
0.04238032943201195,1,2,35.76375284454664,0,1,1
0.0352837405739057,0,1,24.647459582236387,0,0,0
0.002668510980047852,1,4,26.624494802830952,0,0,0
0.0057092701709381645,1,1,22.747101661037433,0,0,0
0.08611580153546264,0,1,33.660809241088685,0,0,0
0.011937729630835083,0,2,30.820232542375237,0,0,0
0.010078822869893554,0,0,37.02498383817968,0,0,0
0.016651422500260887,1,3,27.964519612073325,0,0,0
0.0010290143861001009,1,6,31.456981328227677,0,0,0
0.002830064693126973,1,2,31.967177892891502,0,0,0
0.017718168812110933,1,2,35.21639353234537,0,0,0
0.013160727873695046,1,5,31.60206226740993,0,0,0
0.0008355335614169026,0,4,31.831070991521344,0,1,0
0.00021319261781251026,1,0,37.230567273444464,0,0,0
0.0012643663110095847,0,5,31.090325711740128,0,0,0
0.020695897219160524,1,1,26.1011402691176,0,0,0
0.0020410974106922384,1,1,29.515091286752863,0,0,0
0.005126858398802125,1,4,178.92393789887987,0,0,0
0.0007464643222964212,1,3,31.556562802875344,0,0,0
0.011693182985817306,0,3,26.45922132226447,0,0,0
0.00039682099658934185,1,1,38.33303093531815,0,0,0
0.12613449376532437,1,1,35.005999942426364,0,0,0
0.0037738594770224823,1,1,21.31915578719428,0,0,0
0.001169658894054626,0,1,39.362101485970285,0,0,0
0.005001757257832187,1,1,31.10598154090316,0,0,0
0.0023835577066413415,1,1,25.700457416716908,0,0,0
0.007404677275410609,1,3,42.51139757347901,0,0,0
0.028105273238592663,0,3,25.877331463503893,0,0,0
0.000966046272324967,1,0,18.685131712492183,1,0,1
0.05096906580132284,1,4,36.164393012455335,0,0,0
0.008897090809965494,0,0,32.808986368061476,0,0,0
0.10691236930384428,0,1,32.43128643708114,0,0,0
0.210073624506668,1,1,22.57396739197768,0,0,0
0.004460479011502574,0,0,24.470877507429805,0,0,0
0.015952095672385282,0,1,23.969046985243544,0,0,0
0.0069712728117580025,0,0,33.58337452232102,0,0,0
0.0009320413193583801,0,0,33.105020496110455,0,0,0
0.0006165664543030593,0,3,30.049272084577094,0,0,0
0.014958472188717114,1,1,36.96320958935694,0,0,0
0.012167972129396612,1,3,135.65348274397513,0,0,1
0.009881627099074987,1,0,39.44668226770205,0,0,0
0.0005526074444810804,0,1,36.10392623093647,0,0,0
0.0005805202498058418,1,0,21.640222281806494,0,0,0
0.011151581540265685,0,1,27.80569778729688,0,0,0
0.004614050283300151,0,2,45.13003484931821,0,0,0
0.01973650914702568,1,3,28.5682927399738,0,1,1
0.002124349391043849,0,1,33.80531605395203,0,0,0
0.001248557244971457,0,1,35.621677468098795,0,0,0
0.012675624568778882,1,3,31.794628070309955,0,0,0
0.04037753316414031,0,1,35.332688631161496,0,0,0
0.008219364494443432,1,1,25.752142432827785,0,0,0
0.03409477680877125,0,4,34.230524904865014,0,0,0
0.009702990914167589,1,1,27.101580823128735,0,0,0
0.022654819402412558,0,5,24.695171095799456,0,0,0
0.01248370257124644,0,4,24.291277029401986,0,0,0
0.008331138328604869,1,0,30.998416158984213,0,0,0
0.008077942546692776,1,4,34.61441490676027,0,0,0
0.001811890112460414,1,3,36.530977228454006,0,0,0
0.032276095792376454,1,5,29.762012132198638,0,0,0
0.0025535918522571754,0,3,33.63937315450543,0,0,0
0.0007872121762427933,1,3,30.641895241863708,0,0,0
0.017053753283284016,1,3,25.81954969849985,0,0,0
0.00871397029788343,0,5,30.278256800357653,0,0,0
0.008299119440548024,1,2,28.098805761157656,0,0,0
0.0023278887999023334,1,5,26.0218517304872,0,0,0
0.001048008097418759,1,2,28.748693386739987,0,0,0
0.006138470648146005,0,2,28.101190235263477,0,0,0
0.0026578812350412065,0,3,42.60351936045045,0,0,0
0.011702652101847295,0,1,30.973117778640606,0,0,0
0.000629640028203556,0,3,38.182998041107425,0,0,0
0.004630196454307944,1,2,34.88449244774516,0,0,0
0.0005332748857228565,1,3,33.318965094929894,0,0,0
0.0019828082519786024,0,2,32.27917497964112,0,1,0
0.014356463105872982,0,1,26.06040786593788,0,0,0
0.0581018669118914,0,1,184.383374332187,0,0,0
0.005797207546722207,0,2,151.01125308976899,0,0,0
0.0034892741271583738,1,1,37.91141470766435,0,0,0
0.0009383037688731063,1,2,40.766054769216424,0,0,0
0.010424540138209775,0,0,33.016825545167976,0,0,0
0.11594524640980278,0,3,20.114178377998797,0,1,0
0.004253312053203731,1,1,32.96619176654657,0,0,0
0.00075793833114835,1,2,34.06896446636845,0,1,0
0.013628225328578797,1,1,37.72302556713607,0,0,0
0.0024081944387424376,1,3,42.384540230611506,0,1,0
0.002135963790585588,1,2,28.464672769037875,0,0,0
0.038878844696653425,0,1,26.09831007036733,0,0,0
0.0508093182175082,0,5,32.67275923668345,1,0,1
0.0004940687324683639,1,3,27.25267879866672,0,0,0
0.01160015333079139,0,1,26.978164799096586,0,0,0
0.0004899924014933246,0,3,27.68299018682903,0,0,0
0.007413231208843513,1,5,31.202326672496074,0,0,0
0.0003308849261533302,0,0,31.122177321844955,0,0,0
0.002207961769819081,0,0,25.490433073116904,0,0,0
0.0036191794322946247,0,3,42.91133158467497,0,0,0
0.046111891300847085,1,2,114.365059532205,0,0,1
0.017946236661355006,0,0,34.86476891159098,0,0,0
0.0010382313915375523,1,2,30.7718751395849,0,0,0
0.004180464651776401,0,3,27.606898475129178,0,1,0
0.03876842551928913,0,2,29.37782592241987,0,0,0
0.030813674545409755,0,2,30.88908004998943,0,0,0
0.06610782623267636,1,0,31.776045652466706,0,0,0
0.0050305820683035855,0,0,35.057672193474154,0,0,0
0.0006736859536864071,0,6,32.22245816450059,0,0,0
0.00987389830663791,1,3,32.59822669065693,0,0,0
0.0016464534201489857,0,4,28.773378109235413,0,0,0
0.007523988677839959,1,2,197.4449721042064,0,0,0
0.002187369069476651,0,0,29.153534473792583,0,0,0
0.007158536132541554,1,1,25.70954504116732,0,0,0
0.06190696336707235,0,5,27.404145339033796,0,0,0
0.02525849465380919,1,2,31.4384617040025,0,0,0
0.005831637616363389,0,3,36.30355843306896,0,0,0
0.09871955115557142,0,3,25.459656722637625,0,0,0
0.013096060998556348,0,4,31.52727018049946,0,0,0
0.010210192769098545,1,2,30.233525802112347,0,0,0
0.018890918034513628,0,1,35.00397143284103,0,0,0
0.05927785830190319,0,2,27.47591591335701,0,0,0
0.003224068012993166,0,2,25.250707973663157,0,0,0
0.006270869813404353,0,1,185.36402970988243,0,0,0
0.011497645483106599,1,4,81.52024284090221,0,0,1
0.014329799985381319,1,1,21.531284448386167,0,0,0
0.004271567941911752,1,4,133.79467615518132,0,0,0
0.002136420838663563,1,4,25.486974052464717,0,0,0
0.0025973431099121447,1,3,31.65511578758217,0,0,0
0.02345077351327181,0,0,31.204614973615488,0,1,0
0.012035950806425447,1,2,29.763997938494644,0,0,0
0.05124387150453027,0,3,18.44520839847649,0,0,0
0.03935696638951985,1,0,23.475320180350558,0,0,0
0.006643949525280048,1,1,32.685750880342674,0,0,0
0.007414768513957783,0,1,26.75296580101032,0,0,0
0.014821409863578126,0,2,18.188566769319614,0,0,0
0.0006869506525077027,0,2,24.506636784673073,0,0,0
0.018018419022453835,0,2,31.482517613559352,0,0,0
0.10213311256578712,0,2,23.81411695378356,0,0,0
0.001418539888791689,0,1,27.875080166032696,0,0,0
0.009841263216294556,0,0,32.40146602878674,0,0,0
0.0833151105125867,0,1,24.073363003015544,0,1,0
0.00328806262216228,0,4,31.548910524842604,0,0,0
0.012460126080702023,1,2,32.362977188282144,0,0,0
0.0032181558814038604,0,4,25.52101249058269,0,0,0
0.0038052788032908037,0,1,19.63977220287213,0,0,0
0.0006840155968686244,0,4,27.946487107117534,0,0,0
0.002925557468055551,1,0,28.211172125280243,0,0,0
0.001404177996247135,0,0,26.121637011520125,0,0,0
0.0011224987747775633,0,4,24.75319768905559,0,0,0
0.003469717390438461,1,2,30.019165401581,0,0,0
0.001013582823435737,1,1,38.2620752011443,0,0,0
0.004566190969609346,0,3,35.06289887743347,0,0,0
0.09730912457105496,0,1,27.895678630376736,0,0,0
0.01623662427038176,0,0,24.057925179856568,0,0,0
0.001608993341799394,0,2,32.57849636618653,0,0,0
0.0008944926250382922,0,2,24.999144893764864,0,0,0
0.005534946813382071,1,2,34.29353185132225,0,1,0
0.013623857240603464,0,1,25.576587632859205,0,0,0
0.004389826004520802,0,0,32.30016058755693,0,0,0
0.018448424573951863,1,0,32.9217631498214,0,1,1
0.04348133499362192,1,1,23.328369130614686,0,0,0
0.010347986462073562,0,2,31.005241582012072,0,0,0
0.005264184006353823,1,4,24.12434463719959,0,0,0
0.0007134976820312225,1,1,33.54748660258942,0,0,0
0.014394263867277001,1,1,34.54663038685153,0,0,0
0.008949740432805482,0,1,22.1489217444244,0,0,0
0.0016909375606544582,1,2,30.578425795195663,0,0,0
0.0006493476785268844,1,4,27.679973189309948,0,1,0
0.059281594359011265,0,1,35.68286308832492,0,0,0
0.016126820849942144,0,3,35.49955352819218,0,0,0
0.08974281327159091,1,4,31.904244304166124,0,0,0
0.004537411695552828,0,2,31.108117904512998,0,0,0
0.05068666101593643,0,0,31.285434823359388,0,0,0
0.0003784865569999172,1,3,31.24398457215051,0,0,0
0.00796768907523088,0,7,37.74437395440468,1,0,1
0.007351721356991867,0,3,128.811034409338,0,0,0
0.027381399531231497,1,2,30.23375661431307,0,0,0
0.0031513570951876577,0,2,27.250990500203066,0,0,0
0.01936269890921965,1,3,34.366784753601024,0,0,0
0.008248899082197414,0,0,73.23366093243925,0,0,0
0.0002911159987634114,1,3,20.98312680226026,0,0,0
0.010573699004452236,0,4,33.08350098516232,0,0,0
0.0006499204319081079,1,1,22.502384350779394,0,0,0
0.003547305655336514,1,1,26.85180572206617,0,0,0
0.0006349011538872288,0,2,36.448620712224894,0,0,0
0.028300062225312696,0,1,95.16500516853115,0,0,0
0.0026311198392513888,0,4,26.30664336549318,0,0,0
0.0016136639909740094,1,1,32.86007890347608,0,0,0
0.0034928827016634046,0,1,28.126566413340846,0,0,0
0.008528087858289558,1,2,27.871948673312488,0,0,0
0.05931684486546113,0,2,23.382525833533098,0,0,0
0.026757175811763057,0,2,30.872034115924585,0,0,0
0.022590176795756412,1,3,26.254756397211697,0,0,0
0.011070382115494042,0,3,30.836533744125536,0,0,0
0.0016924541711394315,0,3,34.948753271482346,0,0,0
0.009153763682896955,1,1,28.64441218072211,1,0,1
0.03263968842078056,0,2,25.087070003422642,0,0,0
0.003988397890570862,0,1,36.42387998095827,0,0,0
0.002475552115855026,1,4,31.34723639574942,0,0,0
0.006865071425144146,0,0,29.185475317052077,0,0,0
0.0031638806600686573,0,1,21.736217865230856,0,0,0
0.001699566139676332,0,2,33.78167494085315,0,0,0
0.012496536614252762,0,4,35.6172739882608,0,0,0
0.011700947672657797,0,2,31.50553769812537,0,0,0
0.018972653693218898,1,4,36.49491037989705,0,0,0
0.003192046677722599,1,2,27.667537936322002,0,0,0
0.005193729943282508,1,1,21.467493103838237,0,1,0
0.023484319447002026,1,1,22.24061509170011,0,0,0
0.01908678748646379,1,2,28.142070857357538,0,0,0
0.014927172717059598,1,5,26.915575095877536,0,0,0
0.046093772914123025,0,3,29.426951133300143,0,0,0
0.010985413038961526,0,2,36.76947229468833,0,0,0
0.019533164220958577,0,2,30.637988518432092,0,0,0
0.0017540632943735277,1,1,37.11428329528159,0,0,0
0.006456291958013919,0,4,26.841585378584202,0,0,0
0.007027067952402711,0,3,37.676925170403,0,0,0
0.008437211973587091,1,3,30.065311566884557,0,0,0
0.011310186678734869,0,2,24.18368215908715,0,0,0
0.012066015431717357,0,0,26.780971244844483,0,0,0
0.012209325461155527,1,1,40.18277505321109,0,0,0
0.005100899390407601,1,2,42.1384618658118,0,0,0
0.003368579502894608,0,2,31.396473597477563,0,0,0
0.0860921641522571,1,2,39.885324418007194,0,0,0
0.0007608266469075447,0,5,28.322587457854567,0,0,0
0.016876037082255296,0,1,35.891751536452844,0,0,0
0.002140826314578411,0,4,33.33734914040814,0,0,0
0.00313828974210631,1,1,31.310411650749447,0,0,0
0.006915585816383152,1,1,39.87637375229495,0,0,0
0.0035840868066847713,0,1,31.019921012127437,0,0,0
0.004879440833720478,1,0,31.340907281847095,0,0,0
0.005227535208059028,0,0,32.764089205491985,0,0,0
0.05904090344547671,0,3,23.978169699713863,0,1,0
0.04341994052409792,0,5,30.70550664876721,0,0,0
0.0013277763922171306,1,1,30.484569915534582,0,0,0
0.03140853434980931,1,4,33.645786900924165,0,0,0
0.0038431820006646243,0,2,29.07019929279119,1,0,1
0.008004071347345225,1,4,31.025379334427743,0,0,0
0.0011045899343592985,1,3,33.33417085854401,0,0,0
0.011813514124085534,1,3,30.615126184656965,0,0,0
0.004018177613915675,0,0,25.742584200300392,0,0,0
0.002796035570730715,0,2,29.37018449269468,0,0,0
0.03030375897510147,1,0,26.26743393305435,0,0,0
0.023067487970913875,0,2,31.15813055626801,0,0,0
0.0043761882389145215,0,1,32.163150543966175,0,0,0
0.002530848966496248,1,2,20.844222239372648,0,0,0
0.0034746565213871036,1,1,31.023554564956644,0,0,0
0.008419457103292735,1,6,28.978299030393742,0,0,0
0.004677347009629931,1,1,30.277492314585512,0,1,0
0.0029674311761789087,1,2,26.857852190728916,0,0,0
0.005252908972662004,0,1,30.443040974137393,0,0,0
0.008474668117796685,1,4,104.11257510683362,0,0,0
0.019315876621995035,1,0,34.60224144689765,0,0,0
0.007202449715494707,0,4,27.60940955168402,0,0,0
0.19830580117718424,0,3,168.76793012811655,0,0,0
0.006358939851754185,0,3,28.913330062135582,0,0,0
0.0316254913762135,1,2,28.391005777577668,0,0,0
0.000754257467292345,1,4,29.902244974471564,0,0,0
0.0006074466056773532,0,2,43.524374139338505,0,0,0
0.01348485898920108,0,1,33.675736254715105,0,0,0
0.009180072093555394,1,3,25.049084717724647,0,0,0
0.0038401978475856766,0,1,33.92693387855571,0,0,0
0.0019276759167422676,0,5,130.98013850052047,0,0,0
0.005847821917907244,1,3,30.038273053794658,0,0,0
0.0275439681096691,0,1,26.198793482797534,0,0,0
0.017220374028418216,1,1,29.868744354065726,1,0,1
0.0019762950715204145,0,2,25.16075897050116,0,0,0
0.01762309451052904,0,0,30.72703414648724,0,1,0
0.010402356079301765,0,3,35.2341884950198,0,0,0
0.0038205267855936915,1,3,28.3902611549546,0,1,0
0.003702273777114865,1,1,23.0517243832801,1,0,1
0.0003832403271933854,1,2,33.28511961961445,0,0,0
0.001938040333486539,1,3,28.69315372807294,0,0,0
0.003229478220665057,1,0,22.531123318180754,0,0,0
0.03867985759647121,1,2,26.929268209624,0,0,0
0.00850187778352358,1,0,27.840951335421188,0,0,0
0.00959710693991218,1,3,41.242324692543846,0,0,0
0.01008284261327001,0,2,24.49810383538371,0,0,0
0.007369974159972771,0,2,35.75455214030503,0,0,0
0.013398106776546109,0,2,33.91524548991869,0,0,0
0.002041340603461003,0,1,32.773864888447726,0,0,0
0.0004313495844595698,1,2,34.349189832693696,0,0,0
0.006488171491972916,0,4,32.868920291539986,0,0,0
0.0014161248345377156,1,2,33.69494402279138,0,0,0
0.0018745327840057706,0,3,31.76530508732312,0,0,0
0.010789374418910579,1,1,33.10998642061259,0,0,0
0.04274645071759201,0,0,37.05478108291639,0,0,0
0.023096462537753742,0,2,33.40298926568242,0,0,0
0.0021063614740166026,0,1,31.081951076446423,0,0,0
0.01136637255216775,0,2,29.764881675733378,0,0,0
0.00883069533811602,0,1,25.165745074400725,0,0,0
0.016114710191691868,1,2,27.319490016841375,0,0,0
0.018474209464164768,0,3,35.741957126044966,0,0,0
0.024586437874299902,1,2,34.205401906461134,0,0,0
0.09845777444622483,0,3,27.869538995717942,0,0,0
0.00197243261131451,0,3,28.565914713040097,0,0,0
0.006950147455326179,0,1,29.533084414798058,0,0,0
0.026135962094339802,1,0,24.594003661794602,0,0,0
0.021378783525437883,1,1,32.73105806801828,0,0,0
0.0028570162759881247,1,3,30.692535028635263,0,0,0
0.000889162492254802,1,0,24.15772470702514,0,0,0
0.00782310442611134,0,0,25.82124464147653,0,0,0
0.04462146951077877,1,2,176.97773413864036,0,0,1
0.003027110638079942,0,2,111.4703830567401,0,0,0
0.0011906360451298544,1,2,29.957967725624375,0,0,0
0.0007858891054418887,1,4,35.46870552360379,0,0,0
0.018488191535004594,1,2,29.57507927133955,0,0,0
0.021163284107553575,1,4,30.76934906987055,0,0,0
0.007014217043914185,0,1,23.47891759001887,0,0,0
0.0014614761630811202,1,1,33.84994498347667,0,0,0
0.12686919136963692,0,7,33.6887833251113,0,0,0
0.007627217603032838,0,2,23.942705548220484,0,0,0
0.009442459332914504,1,1,26.707764273171797,0,0,0
0.0020300076082206274,0,3,19.93818802585329,0,0,0
0.007409294315753321,0,3,29.123077911854914,0,0,0
0.009718697737018417,1,0,33.322814085712025,0,0,0
0.04296814932072399,1,2,41.79163801071851,0,0,0
0.020066040126061113,0,1,35.755708582271744,0,0,0
0.0009869981220540665,1,5,36.62091322627627,0,0,0
0.0021357341035785427,1,4,27.4231636995728,0,0,0
0.025147483471880464,0,4,26.780633321941036,0,0,0
0.019122151016056268,1,1,35.89158274136027,0,0,0
0.03468171907284763,0,1,18.87700400780654,0,0,0
0.0009404042887461901,1,2,27.013242914214388,0,0,0
0.009844473146047363,0,5,16.87169899872972,0,0,0
0.05033904929996386,1,4,36.581445482940175,0,0,0
0.00760127528990565,0,1,39.62010303191498,0,0,0
0.004242597818393589,1,1,27.618417255546678,1,0,1
0.11086031470286327,1,5,200.5266890227206,0,0,1
0.012670577274085238,1,1,40.11631815849732,0,0,0
0.0016441171720215854,0,0,33.514087658254994,0,0,0
0.0007203419077882623,0,1,35.83803840574592,0,0,0
0.022218894259482154,0,0,35.046965175547484,0,0,0
0.011191368298409707,1,4,24.649433931001496,0,0,0
0.023745536611223615,1,1,201.7903065108937,0,0,1
0.005641425067225952,1,2,32.05470588593512,0,0,0
0.001380993532008857,0,1,30.22569979100717,0,0,0
0.0068364350575162635,0,2,25.168108715566824,0,1,0
0.017125769894382695,1,1,27.772292536795458,0,0,0
0.05740740978002516,1,1,35.58683282782013,0,0,0
0.05695467165044656,0,4,25.377362916978694,0,0,0
0.029548813053098876,1,1,34.092309559498005,0,0,0
0.001476217931258764,1,1,24.57429544964769,0,0,0
0.002942508546487267,1,1,24.603018019991882,0,0,0
0.13338337913153844,1,2,35.10861842103151,0,0,0
0.03529000408750324,0,1,37.56051789714964,0,0,0
0.010171594540940508,0,1,42.56286935437719,0,0,0
0.009403027594411806,1,0,124.09850583144608,0,0,0
0.003135263556681151,1,2,33.54091092759587,0,0,0
0.025822419111577972,0,3,27.74281334732232,0,0,0
0.026165906119955496,1,1,35.60443561292301,0,0,0
0.004070924948842489,1,1,32.03738455115439,0,0,0
0.00491000877512324,0,3,29.48243956389028,0,0,0
0.008736570082890251,1,1,34.63935158460444,0,0,0
0.001681750535839922,1,1,28.619818571241815,0,0,0
0.008299432759575091,0,2,31.176555309167476,0,0,0
0.008744131729997101,0,2,42.62793164028247,0,0,0
0.042331488306882,0,3,32.35701731425868,0,0,0
0.003081660918816752,1,2,171.43862308752176,1,0,1
0.00044123848655002314,1,0,22.99721549051325,0,0,0
0.003099945882910135,0,4,39.02152908559869,0,1,0
0.07651188459249568,1,2,35.60713066326678,0,0,0
0.005620835849662652,0,3,30.837006514579418,0,0,0
0.004464957301043439,1,2,27.93220297841894,0,0,0
0.026509910108654573,0,1,30.06294223139221,0,0,0
0.004865914937505771,0,2,96.95639438565149,0,0,0
0.00016363674553489358,1,0,21.984813881123806,0,0,0
0.08475752870982875,1,2,146.9781519886856,0,0,1
0.053597690860343675,1,3,29.317075916119734,0,1,1
0.0008170555476676982,0,1,30.17919763045227,0,0,0
0.006101795913655287,1,2,27.431746754954368,0,0,0
0.0005397027022431439,1,4,25.01442171957646,0,0,0
0.0146198337110521,1,1,27.304668992249255,0,1,1
0.00031224448497972705,1,3,33.755093551240165,0,0,0
0.0016414956898454939,1,1,25.301186607944576,0,0,0
0.05356186448931492,0,0,33.11122015128862,0,0,0
0.13509472509169396,0,2,30.425245894563858,0,0,0
0.0003373515054776695,0,0,33.551309650251376,0,0,0
0.03306108722692342,0,2,27.029144160064643,0,0,0
0.06096557873763451,0,1,30.99738600444164,0,0,0
0.05300997749712332,0,0,30.11470557151003,0,0,0
0.0027193549515102497,1,0,171.21238717340685,0,0,0
0.010322285254293625,0,3,31.464572664578238,0,0,0
0.014650589573673758,1,3,29.494528215191032,0,0,0
0.004621506845827687,1,2,25.649997955420385,0,0,0
0.003999216836353731,0,1,27.869986053368358,0,0,0
0.008072144474425119,0,2,40.78994639434909,0,0,0
0.0015799790194293932,1,1,34.3098280298753,0,0,0
0.06650390091470505,0,2,26.516041542941323,0,0,0
0.04005300339296232,0,1,31.93786459263992,0,0,0
0.005426636848280184,1,2,36.59071555152446,0,0,0
0.0006332066553051548,0,5,37.4486982805042,0,0,0
0.014856518374498808,1,3,30.563684042708402,0,0,0
0.04365578376407132,0,4,28.289419423540984,0,0,0
0.010159946253126943,1,3,29.676614850350763,0,0,0
0.05505648442634884,1,1,126.83211383080638,0,0,1
0.0017089903668569993,0,1,36.84730168165183,0,0,0
0.003972859289941411,0,1,26.302210989584005,0,0,0
0.002590396701494351,1,0,31.944474584383833,0,0,0
0.00037304100171299396,0,1,24.41482909762234,0,0,0
0.06203289256565346,0,0,34.665356781808995,0,0,0
0.003989854733541273,1,2,28.900684259609584,0,0,0
0.011667581580498975,1,0,32.04673628964918,0,0,0
0.03143228722139653,1,1,30.491217629375992,0,0,0
0.00011752449372927312,0,2,23.425753379173774,0,0,0
0.0016555807161663164,1,1,35.62083694789281,0,0,0
0.010152929630497222,1,1,33.45939257001481,0,0,0
0.0003669924271700235,1,2,30.000541672186326,0,0,0
0.0011121330926219463,0,0,34.08711544160842,0,0,0
0.011945389675021893,1,2,31.149170379915176,0,0,0
0.018333729124896607,0,2,27.760656957616987,0,0,0
0.0034066853776791566,1,1,28.862447868291433,0,0,0
0.006057389778768761,0,3,20.265487017132298,0,0,0
0.005390893940153347,1,4,20.657547880019322,0,0,0
0.005958340155751554,1,2,22.335888900495874,0,0,0
0.008023394655604662,1,4,22.21785723362068,0,0,0
0.0011398767272512444,1,1,37.303028636793606,0,0,0
0.0037854892816548383,1,1,29.6121201865844,0,0,0
0.012525981295948518,0,1,29.206222080631633,0,0,0
0.00134542770041483,1,5,37.41164017607513,0,0,0
0.03210962910817265,1,0,26.113685159809954,0,0,0
0.03163197934561829,1,2,28.471749601556745,0,0,0
0.0013015002816257715,1,2,32.02430860622968,0,0,0
0.00750137225455049,1,3,25.018704302655596,0,0,0
0.022123239563692484,1,3,35.09193552909804,0,0,0
0.06440135553881046,0,3,34.82507445988453,0,0,0
0.0011100155510554066,1,2,29.24720190012987,0,0,0
0.021136666865013472,0,1,28.02118693215652,0,0,0
0.0013746036139734468,1,5,19.63458960153988,0,0,0
0.01673437434188532,0,5,35.15486927223945,0,0,0
0.0005291464784254933,1,0,31.056905100346658,0,0,0
0.027187132518353044,1,2,31.7817143550229,0,1,1
0.01197836713597716,1,2,34.57830940372805,0,0,0
0.004392048615730952,0,4,31.536764825557917,0,0,0
0.008839049053550742,1,1,30.24314912633602,0,0,0
0.017858668811823686,1,3,22.869280729365897,0,0,0
0.011889224916713246,1,0,36.159484812424665,0,0,0
0.01600761727887683,1,1,38.134508678365115,0,0,0
0.0038331748612979314,1,2,26.932228701791903,0,0,0
0.01684810095316629,0,3,28.028974280603666,0,0,0
0.0071110041857193945,1,2,24.439704124923274,0,0,0
0.006931448205697543,1,4,26.332868126152295,0,0,0
0.001995811726296048,1,0,28.805929482406466,0,0,0
0.0015897013191423397,1,2,30.06826790319571,0,0,0
0.00141919309544366,0,2,25.48891554837498,0,0,0
0.0337629059127283,0,3,33.48808764772249,0,0,0
0.007852743272014984,0,4,21.698810468598666,0,0,0
0.008200366202106141,0,0,36.213311508462574,0,0,0
0.004621652033171789,0,1,31.233728640614103,0,0,0
0.011350672928165762,0,2,34.52062427043649,0,0,0
0.0019899060110784702,0,3,34.314104221058514,0,0,0
0.005112918803976096,0,1,33.276380148070636,0,0,0
0.3477524526667719,1,0,179.07302749479746,0,0,1
0.0002905798617309756,0,2,28.73707412887662,0,0,0
0.007588858822384471,1,1,35.97768224477313,0,0,0
0.015113743340785859,1,3,38.52915940357472,0,0,0
0.0016759436298508898,1,3,32.14026613877155,0,0,0
0.0039039402578374557,1,1,15.820804085588463,0,1,0
0.007936662470849351,0,1,21.70255073661218,0,0,0
0.0007876898671784569,0,1,34.44073582278776,0,0,0
0.003932924562207163,0,3,31.054814705409886,0,0,0
0.00457410076957445,0,2,42.613848327126476,0,0,0
0.0012882745312442112,1,1,30.341472195134227,0,0,0
0.0073908378047579295,1,0,27.571844618168498,0,0,0
0.0022400502108534067,1,3,23.714344479486382,0,0,0
0.009889854267005935,1,3,29.96253435184445,0,0,0
0.03465638043785913,1,2,32.77557671428433,0,0,0
0.00612236338732126,0,1,31.979376283727703,0,0,0
0.009494081103997097,1,4,32.3363230519687,0,0,0
0.06941606871643319,1,2,32.58177017963502,0,0,0
0.04751381775531895,1,4,25.475752709981784,0,0,0
0.016569280377813748,1,3,26.939788257581267,0,0,0
0.01799796793765337,0,1,33.53301920326865,0,0,0
0.03073821117816605,1,2,27.670980336957992,0,0,0
0.010909222792942208,0,0,34.84201988223623,0,0,0
0.055879213130305076,0,2,28.897918841921623,0,0,0
0.0014305344862497963,1,0,31.913016570145494,0,0,0
0.0024980923323555965,1,2,32.76801412582709,0,0,0
0.0010787141259406522,1,3,26.364937520852287,0,0,0
0.004341790495434468,0,4,35.0927783101308,0,0,0
0.012817377090748979,0,3,28.682307680594818,0,0,0
0.0027330887186602496,1,1,29.35535314413569,0,0,0
0.059647277543339094,1,1,35.72634361687331,0,0,0
0.0036475759019581958,0,3,29.218442468584783,0,0,0
0.005569781864028389,1,4,31.625758687496525,0,1,0
0.023303061080663306,1,2,36.24016111566799,0,0,0
0.0016943947951805107,0,1,32.841121245698524,0,0,0
0.0008318515568958247,0,1,41.10731674987679,0,0,0
0.11466192230282211,1,3,37.917981633294076,0,0,0
0.008412897113776739,0,2,27.596492577186748,0,0,0
0.006371241496830216,0,1,26.90597162756593,0,1,0
0.0019351837239698208,1,2,38.48257330981731,0,0,0
0.027855189124101447,1,1,34.92803575824112,0,0,0
0.007738807248600815,1,2,27.43667390562579,0,0,0
0.007423654869351844,0,3,38.649368416723725,0,0,0
0.0027018653699104407,0,2,26.317764505171105,0,0,0
0.004185313949377989,0,2,30.38885104573199,0,0,0
0.0008198133734271121,1,2,110.37142354057184,0,0,0
0.004189419203830633,1,3,29.055988552997714,0,0,0
0.001193694328952288,1,3,28.06402704295081,0,0,0
0.0022100393748183352,1,1,33.078523140128446,0,0,0
0.026846380260485973,1,2,28.156559019164646,0,0,0
0.006611658709090276,1,5,25.573485978550366,0,0,0
0.02728587813764061,0,1,29.575681064504852,0,1,0
0.0036601234944489123,1,4,30.087271438896412,0,0,0
0.01646418869088871,1,1,40.569795254860736,0,0,0
0.007773654714896527,1,3,29.661326059839944,0,0,0
0.03141350560556439,0,0,37.07019249472965,0,0,0
0.00010567688300070024,1,0,39.92795921205739,0,1,0
0.009979040426886968,0,2,27.264702731801364,0,0,0
0.011642857648429037,1,1,30.461758756279206,0,0,0
0.0005190785953634506,0,1,32.216847376265896,0,0,0
0.0010337449096201234,0,2,27.547631295804408,0,0,0
0.002604116331483398,1,0,24.16342664604711,0,0,0
0.0023828695535411215,0,0,33.110461769855334,0,0,0
0.08895853977923475,0,1,30.95060327030044,0,0,0
0.007759646618725179,0,3,31.869734856622088,0,0,0
0.0016741022080581165,1,3,34.94065289475036,0,0,0
0.023741211921149277,1,3,30.671398666476822,0,0,0
0.007478095410707028,0,3,19.21364467283658,0,0,0
0.006566030178842321,1,1,30.486357993048035,0,0,0
0.0012787441970182603,0,2,30.55857292134417,0,0,0
0.03269124583079542,0,5,27.86407265957211,0,0,0
0.0007080211653204007,0,3,33.861974607707324,0,0,0
0.0034775421952544187,1,3,152.2149247155656,0,0,0
0.0053866484052525615,1,4,27.51270686607222,1,0,1
0.0022371093257962885,1,5,29.984970813591037,0,0,0
0.013701738871519467,0,2,25.717482306037006,0,0,0
0.002291320170712937,0,2,160.01816541018647,0,0,0
0.015648403676661336,0,5,29.451677288172174,0,0,0
0.00435626937318105,1,2,38.68626114189205,0,0,0
0.0006752465912861793,1,1,38.1536796896512,0,0,0
0.1427071750215287,1,3,29.602769496056638,0,0,0
0.0006340671662922977,1,2,28.423747825556003,0,0,0
0.007177460335809353,0,0,34.45192329466452,0,0,0
0.0032562912947790884,0,3,28.605992310343087,0,0,0
0.008798623189411894,1,1,30.151419628096225,0,0,0
0.0042199337615606855,1,1,26.232374150136025,0,0,0
0.005772552851650792,1,2,32.3826912271541,0,0,0
0.023293163828875044,0,4,24.186744544413905,0,0,0
0.0030398497809556065,0,1,35.355736277883,0,0,0
0.010445577359731026,0,2,114.88366989508167,0,0,0
0.005056427520891364,1,1,25.069328842176645,0,0,0
0.07316905345230677,1,1,29.966732306354466,0,0,0
0.0023631709259339033,0,3,40.66787028043224,0,0,0
0.004707245318536246,1,1,28.39428479968486,0,0,0
0.01629139599890836,0,3,23.162865409658657,0,0,0
0.004651665399118408,1,2,38.12107360306216,0,0,0
0.013158356498810581,1,2,25.635281814974814,0,0,0
0.012097385148155058,0,1,158.21381888834574,0,0,0
0.009706740746180054,1,2,25.957597297657788,0,0,0
0.0556422872011907,0,6,101.99815933517846,0,0,0
0.045243272301299736,0,3,34.3619877353334,0,1,0
0.018328499830302186,1,2,29.06853904101463,1,0,1
0.00635096563628483,0,1,34.20959280085779,0,0,0
0.0030387427768105123,1,0,30.8364901271817,0,0,0
0.006511043770932632,0,0,29.9272189922537,0,0,0
0.007585981228565727,0,1,25.112783581141827,0,0,0
0.0009353067310622477,1,3,28.60655606660485,0,0,0
0.0018842567565638742,0,5,27.98609092701536,0,0,0
0.004067780005726494,0,5,27.100945100127223,0,0,0
0.02072500209593976,1,3,29.22596191297414,0,0,0
0.000533461078374327,0,1,31.87962705231798,0,0,0
0.0011319731950495513,1,1,29.890680191381932,0,0,0
0.0011817234024658375,0,2,30.13618481081336,0,0,0
0.03114685337239229,0,2,26.941267610151712,0,0,0
0.056244042398322924,1,2,36.429056777935955,0,0,0
0.005416847799946789,0,0,28.942947810457596,0,0,0
0.025827087373866537,1,1,28.021229128826096,0,0,0
0.0017925307651046438,0,4,97.74608348925149,0,0,0
0.003563043116056612,0,2,31.567082230822997,0,0,0
0.00422595468919951,0,3,21.618255146106918,0,0,0
0.006860116489545125,1,1,27.329524590194044,0,0,0
0.0662227359511184,0,0,33.97280058387121,0,0,0
0.009239559505382558,0,0,36.27248659365699,0,0,0
0.01469234860518816,1,2,40.1508218169959,0,0,0
0.0028784820704788818,0,2,25.677687780601524,0,0,0
0.007923445586563577,1,2,35.62297165499999,0,0,0
0.01463558099518158,1,1,25.54902338125013,0,0,0
0.0013287879129599495,1,1,28.711574505795557,0,0,0
0.013864988049055489,0,0,35.07428961142451,0,0,0
0.12637524908656814,1,3,27.223232270881642,1,0,1
0.010784759623725554,0,2,37.12557724396215,0,0,0
0.0006981350653359473,0,1,28.357469075355876,0,0,0
0.00274752195999799,0,0,25.70818985376187,0,0,0
0.008459164852085949,1,4,25.724835301305944,0,0,0
0.012679927316091709,1,2,22.595460974093278,0,1,1
0.0198915958762048,0,3,22.27651006394419,0,0,0
0.015559876702918711,1,3,31.92184990662324,0,0,0
0.008828506961252097,1,3,26.08028270080034,0,0,0
0.004176358690636821,0,3,35.33228868077633,0,0,0
0.028351141103662297,0,3,31.263644034248152,0,0,0
0.02315991138000605,1,2,24.717980963973595,0,0,0
0.0023034611321368073,0,2,33.22001042554737,0,0,0
0.004334079167726848,0,1,30.256803054392034,0,0,0
0.12398392260568214,0,1,35.91685075145128,0,1,0
0.05085766016597785,1,1,20.366509118510503,0,0,0
0.02311486755108864,0,2,29.349064048052877,0,0,0
0.015056914837600162,0,1,25.92395509399629,0,0,0
0.01224674941433195,1,4,109.06595151358927,0,0,1
0.14730895507172126,0,0,143.43096902266362,0,0,0
0.00515777272614491,1,2,29.65546491391995,0,0,0
0.0034298626538035192,1,1,18.13495031184572,0,0,0
0.0003741268786629156,1,1,27.56469906267948,0,0,0
0.1621561050796865,1,2,30.11991276924011,0,0,0
0.02651557310906694,0,1,30.252301232982248,0,0,0
0.005695375806333189,1,1,37.751960012496525,0,0,0
0.022173880839854707,1,0,31.12509683686578,0,0,0
0.002051541558608614,1,0,34.044800221751274,0,0,0
0.0048001923118889105,1,3,20.70459928079334,0,0,0
0.0980041769911171,0,3,130.59414327877286,0,0,0
0.0019914581828371952,1,1,33.83829896382656,0,0,0
0.003226795641978258,0,3,31.286207336366843,0,0,0
0.053991078802812516,0,0,32.822380965000164,0,0,0
0.013351100547133924,1,1,25.770813764302478,1,0,1
0.0005225142219086444,0,1,25.28479730284857,0,0,0
0.0028385092923262087,1,3,38.87371350269306,0,0,0
0.013009206472638056,1,0,24.633743321584156,0,0,0
0.005258279572876209,0,1,35.084049770582915,0,0,0
0.003371529455671667,0,0,24.537363270566956,0,0,0
0.006126124895443295,0,5,31.450427588275147,0,0,0
0.0030280686792371,1,1,28.229877225636514,0,0,0
0.0013688899382594624,0,1,34.4995340513106,0,0,0
0.003686793233877458,0,9,26.350411368440213,0,0,0
0.01628541419103756,1,0,27.7595412225703,0,0,0
0.001011306613940436,0,1,33.29472867472694,0,0,0
0.005644909784903768,0,1,29.969689852701467,0,0,0
0.0043809717156484745,1,3,30.718501077266883,0,0,0
0.052615140194188795,0,3,27.71655637040632,0,0,0
0.038339895159123956,1,3,31.385556874601793,0,0,0
0.014490562879947145,1,1,30.85168803568069,0,0,0
0.0026357700418987474,0,3,24.955080791861175,0,0,0
0.003539351405677086,1,1,28.627507851088247,0,0,0
0.005760035822891638,0,0,36.83775019504019,0,0,0
0.007423066946188261,0,0,32.93272754573493,0,0,0
0.022195783994680415,0,3,34.041930027985,0,0,0
0.00048770220514520086,1,0,37.559109240416085,0,0,0
0.001951194348634054,1,1,33.6860325423135,0,0,0
0.0012922169266176924,1,1,25.106865949950524,0,0,0
0.004454819371723778,1,3,35.974561244466216,0,0,0
0.05386816706404844,1,0,26.394255981836952,0,0,0
0.001062496910830284,1,2,30.403595451215153,0,1,0
0.014855970172933802,0,0,32.65095288628757,0,0,0
0.040121660131638176,0,0,23.56943736649032,0,1,0
0.01812547929803035,1,3,28.447402618249033,0,0,0
0.005072979495886179,0,3,26.5821741786352,0,1,0
0.01213199580044044,0,4,29.38754152862383,0,0,0
0.0003719619034980064,0,5,36.468330991307845,0,0,0
0.013203858525904534,0,2,130.78656272220448,0,0,0
0.0014220260480183595,1,2,30.767341214720506,0,0,0
0.001355480877778207,0,2,36.71186887183872,0,0,0
0.0064777864629678725,1,4,26.37608393938686,1,0,1
0.09208446728140711,1,5,22.984531290251994,0,0,0
0.010311369617487812,1,1,23.016207543891788,0,0,0
0.025541247019521547,0,3,28.02865044632573,0,1,0
0.044588343101195006,1,2,33.43271836017407,0,0,0
0.0010225548077757354,1,3,41.39051382175159,0,0,0
0.00020207763565254487,1,4,32.47841059510304,0,1,0
0.015730679173733733,1,3,26.564594423828748,0,0,0
0.020228654618796846,1,2,31.555885444795155,0,0,0
0.0015795947967345,1,2,31.282892419631967,0,0,0
0.03291676221000328,0,1,25.927804571471597,0,0,0
0.0009171028709011031,0,1,39.84494564600053,0,0,0
0.023867898800309765,1,3,40.04997179870358,0,0,0
0.0005496099976319939,1,1,29.586540203866285,0,0,0
0.008194498075277766,1,0,164.557170758325,0,0,0
0.02961876149660988,1,1,22.900013234976434,0,0,0
0.03216555556431903,1,1,28.903574964362345,0,0,0
0.005109501674960235,1,1,29.647596051644154,0,0,0
0.00031867435250275584,0,1,37.18140667958946,0,0,0
0.009290435777454335,1,2,29.03869470448082,0,0,0
0.004017284251843917,0,2,23.20835253050738,0,0,0
0.0035510529343104934,1,1,33.76315643941482,0,0,0
0.005010089108017373,1,3,31.7124117811864,0,0,0
0.02706365034135715,1,3,37.08876733399343,0,0,0
0.007633628647091377,0,3,28.909824645551492,0,0,0
0.005299411327835642,1,0,34.14098191249889,0,0,0
0.001885702903694585,0,1,36.97095586201509,0,0,0
0.004860983524424985,0,3,29.763845283709287,0,0,0
0.016013494714296424,1,3,38.41132128173632,0,0,0
0.001569351729256726,1,3,24.619793789509377,0,0,0
0.0069539140066864945,0,2,28.22359018380002,1,0,1
0.00887252073268036,1,0,29.17295377432798,0,0,0
0.0030172851171874097,1,1,28.776868600145146,0,0,0
0.0029076326295639165,1,3,33.469547030443636,0,0,0
0.012352671549831865,1,1,23.948304108259325,0,0,0
0.009061929143160938,0,2,28.920578775866616,0,0,0
0.0746860012292865,1,2,24.432744689164913,0,0,0
0.015153193736326101,0,1,23.874306075703235,0,0,0
0.002137909777278095,1,2,20.499277118110392,0,0,0
0.005966026553105796,0,4,37.86655474831534,0,0,0
0.09715467494084216,1,3,12.738923165010139,0,0,0
0.000736336188390708,1,1,32.57588756118297,0,0,0
0.03462527169609471,0,0,40.206080464324344,0,1,0
0.012200705515122683,1,1,23.3444452911006,0,0,0
0.015949869405942507,0,0,25.434201674125973,0,0,0
0.007738285149119414,0,1,25.910149801085137,0,0,0
0.05083050405991045,0,2,25.30472468653573,0,1,0
0.0008049300652524427,1,2,39.77633152137108,0,0,0
0.02112233557469988,0,1,22.62745078820149,0,0,0
0.0003259564247028365,1,1,36.592786825491956,0,1,0
0.019157841970421238,1,1,22.897146648511715,0,0,0
0.0033259179563722837,1,4,34.98257979861652,0,0,0
0.01746171602672906,0,3,31.02384607011979,0,0,0
0.015893155225456215,1,3,35.324676319653875,0,0,0
0.003979313123776871,0,3,34.70587528363028,0,0,0
0.00034144369340867464,0,1,20.160736484444776,0,0,0
0.020847008289023024,1,0,23.305164963576278,0,0,0
0.0050513558979825455,0,1,37.25840150739312,0,1,0
0.00918907383184175,1,0,30.721308382551424,0,0,0
0.01018200297918218,0,2,35.36206715364114,0,0,0
0.007380599327348133,1,3,28.941194836486925,0,0,0
0.01794052833433297,0,0,22.48663428880181,0,0,0
0.004153304764063112,0,1,24.265451276466955,1,0,1
0.0022938205887941218,1,5,26.789646570952478,0,0,0
0.0007254879450905689,1,3,32.908730209121345,0,0,0
0.021347439561295665,1,0,23.67049061956294,0,0,0
0.002327794284035655,1,4,37.249479966399655,0,0,0
0.001841861096363057,1,6,152.68829882108156,0,0,0
0.027353176039646866,1,4,31.21275697300183,0,0,0
0.02310882457730756,1,2,34.98856144583226,0,0,0
0.014761290985167186,0,1,33.501658143562196,0,0,0
0.0029634128846077997,0,2,31.344259162052193,0,0,0
0.00177170980659701,0,3,33.105534168669124,0,0,0
0.012610085850709728,1,3,22.452062415332637,0,0,0
0.015171620937443854,1,1,23.639682147097425,0,0,0
0.0165214166571973,0,1,29.32552951705209,0,0,0
0.0049312900001625614,1,4,25.976136147462555,0,0,0
0.014345547790163905,0,1,35.60680340204424,0,1,0
0.014552944245799088,0,2,34.67183880459381,0,0,0
0.009143893668450176,0,1,28.20063917658108,0,0,0
0.0010634541875658664,1,2,22.45577219052337,0,0,0
0.0002752119389562431,1,2,135.08937660857393,0,0,0
0.0033599439963134968,0,1,32.72648062405277,0,0,0
0.004922502973543517,1,2,25.564626813950262,0,0,0
0.002056066747731821,0,2,28.784598153366456,0,0,0
0.012330198040773607,1,3,28.697064601222404,0,0,0
0.003932153574779234,0,0,28.52645836338659,0,0,0
0.00260748140267911,1,2,26.13675593537689,0,0,0
0.0006095087447633089,0,1,30.788258490503605,0,0,0
0.0007659113396770444,1,4,34.023355329561085,0,0,0
0.01664264175738001,0,1,31.152247306950315,0,0,0
0.006167974141014241,0,3,23.278968973463687,0,0,0
0.0005071618817576998,0,1,172.72951092398716,0,0,0
0.009440941150889445,0,4,20.989682428566624,0,0,0
0.03186071895326735,0,3,28.477140968977285,0,0,0
0.0013030225779133275,1,1,32.828453505566,0,0,0
0.014706502987126682,1,4,33.05888233689574,0,0,0
0.030307585196970303,1,5,30.72360721170132,0,1,1
0.00813332545653975,0,2,34.12635866418606,0,0,0
0.02477946792584681,1,3,128.43981385523148,0,0,1
0.0029085840108535542,0,4,19.142963370234213,0,0,0
0.0073523251730627966,0,1,35.24808078838068,0,0,0
0.0065939042296058355,1,1,27.43593145896709,0,0,0
0.00047265826591715265,0,1,28.64546018573604,0,0,0
0.027243995220676855,1,2,45.07603213193282,0,0,0
0.04105006108717195,1,3,22.959126251918164,0,0,0
0.03458789301185072,0,1,17.249924757154293,0,0,0
0.010438209545569102,0,1,23.687967611791034,0,0,0
0.008678995022868655,0,4,25.835227396216148,0,0,0
0.001229661181027716,0,0,23.652392427815535,0,0,0
0.04834749666247899,0,1,31.0777021164618,0,0,0
0.0025207879233535434,1,0,36.36860867047547,0,0,0
0.0004612832088225962,0,2,30.037426994046868,0,0,0
0.00338676367731741,1,0,29.654000823956558,1,0,1
0.00018915576780266868,1,2,32.52639120779472,0,0,0
0.04340883666452944,1,2,28.900679214951833,0,0,0
0.04941825459159167,0,2,31.329953563734335,0,0,0
0.0011341575702834828,0,2,35.089333102795024,0,0,0
0.03423280362353147,0,3,159.97967942504283,0,0,0
0.006044055145810568,0,2,26.087406543714774,0,0,0
0.009926955602983182,1,2,29.61690501317309,0,0,0
0.0012478212965681193,0,2,32.53974638367277,0,0,0
0.012962016696677228,1,2,29.87320991315727,0,0,0
0.011233977860125493,0,0,30.365538414603126,0,0,0
0.00603521287529962,1,0,32.91688203504177,0,0,0
0.010881343689699782,0,3,27.33118231458486,0,0,0
0.007562939632187786,0,2,21.535768154156386,0,1,0
0.005816896852941876,0,4,21.449113053344337,0,0,0
0.0006640826321830966,1,1,40.97116447910754,0,0,0
0.011115593346241603,1,1,25.58599449763218,0,0,0
0.10761977929982795,0,2,32.49099343135034,0,0,0
0.007155042048099108,0,2,37.26472727173428,0,0,0
0.08428484766089862,1,2,37.973186975986835,0,0,0
0.08297086107903684,0,3,31.23964965792509,0,0,0
0.012366782136615455,1,1,28.949088903231637,0,0,0
0.039370005660929894,1,0,26.866249549174487,0,0,0
0.005816863677920727,1,4,25.42384254984561,0,0,0
0.00022654486308536876,1,4,23.375961376121797,0,0,0
0.003089722684139144,1,3,33.940222525779426,0,0,0
0.001658286910255123,0,3,30.754133862387963,0,0,0
0.01933120935964921,0,3,33.6506742454341,0,0,0
0.01119602641721291,1,1,22.298918536250962,0,0,0
0.01602582265723373,0,0,37.92188710829882,0,0,0
0.002750918269561311,1,1,23.73692047357315,0,0,0
0.0014689724147564547,0,0,24.215753552614085,0,0,0
0.017332648025069695,1,5,95.30671068957143,0,0,1
0.0031090723640269393,0,2,25.234377985750022,0,0,0
0.044483396700917575,0,2,30.088110829987762,0,0,0
0.004231341245520878,0,3,39.653419785617096,0,0,0
0.003819411364729377,1,1,32.77695861377152,0,0,0
0.03697368086053795,1,0,22.2031966851049,0,1,1
0.011882638275120823,0,1,29.237455052812926,0,0,0
0.017068704955069448,1,1,33.621239244508416,0,0,0
0.00045880790417455184,1,2,25.94803016634044,0,0,0
0.04598721530189095,1,3,30.174078422148625,0,0,0
0.006701405741288109,1,2,35.94622242366726,0,0,0
0.3901521743067344,0,4,28.91519512033272,0,0,0
0.005331269275896925,0,4,25.638470289859264,0,0,0
0.0021765473742786784,1,1,33.027964239717136,0,0,0
0.045027029778644735,0,3,31.941237850332506,0,1,0
0.02422043476173629,0,2,27.36085653007141,0,0,0
0.040691754640993755,1,1,30.668348770283714,0,0,0
0.05302770129692175,1,1,30.745047514684625,0,0,0
0.0024625322005568722,0,1,23.733873057562757,0,0,0
0.004308706557981397,0,2,30.757176658489275,0,0,0
0.022951236244714474,0,0,25.09600272466928,0,0,0
0.06872635133489118,1,0,27.98036778105009,0,0,0
0.03766557847369166,1,1,30.250580503017193,0,0,0
0.0014703386428943116,1,2,28.36136281214098,0,0,0
0.048554704598843264,0,3,32.39703244291988,0,0,0
0.0069896809425140675,1,3,25.897211865610394,0,0,0
0.008716513527187733,0,0,39.60595303527995,0,0,0
8.686948893845876e-05,0,1,36.04887091319069,0,0,0
0.044443787801628484,0,4,26.640885873331733,0,0,0
0.015591142606476845,1,0,26.735425091036607,0,0,0
0.025491888758939086,0,2,25.166331062256393,0,0,0
0.0024401612636463983,0,1,35.81304907103166,0,0,0
0.003224933500561404,1,4,30.454725985011464,0,0,0
0.010244864249004736,0,0,33.411193089828394,0,0,0
0.12781138771108733,0,0,27.584107696469665,0,0,0
0.12302166612138349,1,0,30.898929163013346,0,0,0
0.00046603029971076205,1,4,31.802534758145516,0,0,0
0.01430041917595385,1,7,21.745914878983477,0,0,0
0.004930264472903093,1,0,38.8342674504233,0,1,0
0.007103538341915027,1,4,32.35260689499778,0,0,0
0.006082274979499461,0,1,28.81994232417509,0,0,0
0.03943032746228119,1,6,31.492357020605994,0,0,0
0.0006269253560953863,0,2,34.55015163744016,1,0,1
0.0038281191065986384,1,4,23.917935322036172,0,0,0
0.0035306668976331623,0,1,34.96633647070745,0,1,0
0.002742392159681297,1,1,37.00897808142254,0,0,0
0.020170139957829236,1,1,37.34342022554122,0,0,0
0.002140674245379252,1,4,28.844127096134265,0,0,0
0.0006252060285569321,1,3,32.273959047615584,0,0,0
0.006804110677793241,0,1,28.99849830346097,0,0,0
0.005346676608439209,0,1,29.206123614084596,0,0,0
0.004038009492243357,1,1,31.59294775181294,0,0,0
0.0051369214967710575,0,2,33.279334588584646,0,0,0
0.019494654191052372,1,0,37.674815918568676,0,0,0
0.10680461684539916,1,2,28.726941672536796,0,0,0
0.0014557814340747978,1,1,34.469944648950566,0,0,0
0.00020877742047016435,1,1,22.45145556122831,0,0,0
0.007151059534464402,1,3,37.30978565263025,0,0,0
0.11168753791978754,1,2,98.9831282247298,0,0,1
0.0008398494531692613,0,1,33.61238129638742,0,0,0
0.04910475777507712,1,1,32.06771213658514,0,0,0
0.0009726554018686094,0,1,35.57943736457852,0,0,0
0.0040267926231464446,1,0,30.35137995304275,0,0,0
0.009095910866513474,1,0,38.20061051189083,0,0,0
0.016253781861754454,0,6,103.60808700807243,0,0,0
0.0013469687112630893,0,0,26.88069772355444,0,0,0
0.008333955917575348,1,0,31.903323718449933,0,0,0
0.008991215781697544,1,4,27.65439636532882,0,1,0
0.004478492680076784,1,0,30.17922280215641,0,0,0
0.010448948200168076,1,2,31.674783371515495,0,0,0
0.005766050897880437,0,2,149.31829720032422,0,1,1
0.0007696437458918103,0,2,25.658221302659,0,0,0
0.1507853587702734,0,1,31.915905605639814,0,0,0
0.13218662321349942,1,5,35.18505066310401,0,0,0
0.03713041037169747,0,3,20.129064780817853,0,0,0
0.01856933215098708,1,3,31.75740199624789,0,0,0
0.06311040015737444,1,3,32.49676758385799,0,0,0
0.008369025168981855,0,1,23.859140641044036,0,0,0
0.00795777832755242,0,0,30.795922048585325,0,0,0
0.0010145076726829295,1,1,28.286085471857632,0,0,0
0.008144772275127794,0,2,23.612059824160177,0,0,0
0.0031047806376997894,1,2,28.92188356120833,0,0,0
0.0004069979885651158,0,2,34.587750385617355,0,0,0
0.014286161968517206,0,2,26.506961499938065,0,0,0
0.013035935235819529,0,3,33.181193708539475,0,0,0
0.024439416741839075,0,1,35.89618318707199,0,0,0
0.0018674448469380908,0,2,29.660455892874573,0,0,0
0.0006685462910342756,1,2,32.979456061750476,0,0,0
0.012328592640561515,0,1,28.394601580502037,0,1,0
0.00436937249097639,1,0,25.049539277715613,0,0,0
0.010531309484364424,0,1,31.8172627795184,0,0,0
0.03239673448154549,1,3,31.757156388672616,0,0,0
0.0003584294058244726,0,2,27.34487230241345,0,0,0
0.010226801146578484,0,2,25.755627548164323,0,0,0
0.001370751290957155,1,2,35.25606715230268,0,0,0
0.013415524797840405,1,3,28.168014937384715,0,0,0
0.01735010983349106,0,2,31.403928980785253,0,0,0
0.02706606576078322,1,0,31.714269831585298,0,0,0
0.01167338625842958,0,2,31.28568656152599,0,0,0
0.1441677309663522,0,2,27.574891752608462,0,0,0
0.02836555350562053,0,3,26.05436246112394,0,0,0
0.007244863219086127,0,0,19.052568653306384,0,0,0
0.003197369677595136,0,1,34.261500469107105,0,0,0
0.0011008255925639746,1,5,28.311942772991173,0,0,0
0.00836521972026648,0,1,31.96114055688449,0,0,0
0.0798357250193736,0,1,26.20187979368261,0,0,0
0.0014994587678414867,1,3,26.103329192104177,0,0,0
0.014257914779546188,1,2,32.951756620291945,0,0,0
0.001019165425076475,1,5,25.56901356824072,0,0,0
0.009343623648726618,0,0,34.428943528506124,0,0,0
0.03581266938751574,0,0,37.833536468592285,0,0,0
0.018615265705331115,0,3,32.05358859710136,0,0,0
0.003237975183246359,0,1,25.42603684524153,0,0,0
0.04825438409577877,0,1,32.31846632101857,0,0,0
0.02076052515160815,0,2,23.318250023988245,0,0,0
0.012796685786663996,0,5,195.50482274409492,0,0,0
0.0069381792496662625,0,2,28.060927927478296,0,0,0
0.019055274160273406,1,1,33.39081006915934,0,0,0
0.03874837345444564,0,2,25.30416948894144,0,0,0
0.002637423443291485,0,3,146.04546810929227,0,0,0
0.08212643332694444,0,1,30.730668751534157,0,0,0
0.002543640198977009,1,5,23.184202528358753,0,0,0
0.0007720568899597242,0,5,32.02832778976866,0,0,0
0.022953430564743745,0,2,26.208315266825167,0,0,0
0.0006346627350746083,1,1,30.85681908785176,0,0,0
0.002157178505490246,1,5,24.767633573249746,0,0,0
0.08677808552977444,0,1,31.131329265139158,0,0,0
0.012091631973640406,1,2,35.844039489455795,0,0,0
0.01283831656375269,1,3,30.878909815649138,0,0,0
0.014052554464289291,0,1,35.909459229807666,0,0,0
0.03887722821110457,0,2,38.63712477980182,0,0,0
0.019189857971149474,0,3,38.390833689501356,0,0,0
0.0011389131124643183,0,2,33.631054829401975,0,0,0
0.008150259872068442,1,0,33.088256011815574,0,0,0
0.01033069443557498,1,3,34.09142237197784,0,0,0
0.00066645738000253,0,1,28.9581707206012,0,0,0
0.007808156068018411,0,4,27.09888776695822,0,0,0
0.010348701727885065,0,0,27.744183290608497,0,0,0
0.0036977534201007543,0,2,29.34784893006132,0,0,0
0.004799178188342844,1,3,81.16272664326615,0,0,0
0.0009822128089893108,1,1,27.256384613569878,0,0,0
0.0006092860005748141,1,1,27.627651502404625,0,0,0
0.008510505674046395,1,3,31.843750909188582,0,1,0
0.0004940600533222596,0,2,32.07118873593555,0,0,0
0.06987150513564513,1,2,28.30813940798435,0,0,0
0.0007021633966595599,1,2,32.97788542533128,0,0,0
0.0005293146990568778,1,0,36.51520135775519,0,0,0
0.027955185567804706,1,2,29.92002580716765,0,0,0
0.0011853720652147352,0,0,31.916840543414157,0,1,0
0.011048201127705515,1,6,35.19191717755318,0,0,0
0.013638015882605797,1,1,24.14027698963816,0,0,0
0.004473844759284095,0,4,33.96384076553319,0,1,0
0.0009645957419192198,1,0,40.36600812365759,0,0,0
0.0012057996433444897,0,2,30.423411769253278,0,0,0
0.019062198397158964,1,3,29.852918342528895,0,0,0
0.009455051793001103,0,3,24.732430722915907,0,0,0
0.008718659502398534,0,2,32.182037053932405,0,0,0
0.0028210024513978397,1,6,27.708131332198583,0,0,0
0.0034602786292342795,0,3,30.182384637007956,0,0,0
0.019215242914455446,0,2,24.61736718492343,0,0,0
0.0022906961514108965,1,0,34.41792483832421,0,0,0
0.08511095632324672,0,1,31.577641451053992,0,1,0
0.0017247380563928476,0,1,24.445979119202576,0,0,0
0.02629502106555457,1,4,34.435608596471695,0,0,0
0.0215795730836776,0,2,32.664373137019936,0,0,0
0.001431751330132196,1,1,25.41978037697593,0,0,0
0.01797544016845368,0,2,32.796865099434314,0,0,0
0.013601937864164602,1,0,18.23916871287606,0,0,0
0.008517093098760005,0,0,22.532309828763513,0,0,0
0.004034848479525624,0,1,25.187185499078886,0,0,0
0.12868203622716662,0,3,111.55312851586626,0,0,0
0.16069431652658628,1,6,35.58608545780297,0,0,0
0.002194476152750688,0,3,37.27195082524847,0,0,0
0.05256915783359381,0,0,33.85069266906058,0,0,0
0.03573812353172187,0,0,26.814572441176896,0,0,0
0.04221389094190455,1,5,39.76534798951611,0,0,0
0.0011910489394761595,1,1,30.76824757421013,0,0,0
0.0033614227745879105,0,2,29.339964894960147,0,0,0
0.010668509721850539,0,1,32.54351186783986,0,0,0
0.0016561527234980038,1,1,31.8636207518664,0,0,0
0.01597848104366162,1,2,42.94870426292958,0,1,1
0.0026150669936182425,0,1,30.363771058719227,0,0,0
0.019308879062770744,1,3,34.99077719161645,0,0,0
0.012319946814329092,0,2,32.46221625783483,0,0,0
0.03291275335315312,1,4,28.558232532878566,0,0,0
0.002797888731458136,0,2,28.70027408453193,0,0,0
0.005626392792343836,0,3,38.016327263986184,0,0,0
0.021384005594328886,0,3,31.41943100406656,0,0,0
0.033146662966870966,1,1,29.89985769475325,0,0,0
0.020082531122360126,1,2,22.908039764105244,0,0,0
0.0011599240104501543,1,2,32.494118043877634,0,0,0
0.005305255442389735,0,4,57.260972419770994,0,0,0
0.0012509415934724413,1,1,31.418141724800492,0,0,0
0.0007065594867282748,1,0,22.95193718768111,0,0,0
0.018726289338367227,0,3,37.33946757358611,0,1,0
0.005073488728209681,1,3,37.63790825931549,0,0,0
0.006753065902633992,1,1,27.984539667372903,0,0,0
0.0017518390739397422,0,1,32.18569864645116,0,0,0
0.0016553181970897432,0,0,31.27155677932806,0,0,0
0.007639999490151316,0,0,34.61699459554044,0,0,0
0.0025048575735107693,0,1,35.121660200773526,0,1,0
0.01621564682526908,1,0,90.99718740856432,0,0,1
0.04386407691485536,0,1,31.939577651923088,0,0,0
0.005909456596022563,0,1,30.24678667450328,0,0,0
0.002392892158209739,1,2,36.75401836120112,0,0,0
0.03296529914737306,0,1,30.583470764975335,0,0,0
0.019891150619276356,1,1,32.0973213545683,0,0,0
0.00270052064546934,1,3,30.13854773673191,0,0,0
0.015745165624789975,1,3,31.508588996200423,0,0,0
0.004103657714113756,1,0,41.0229976379719,0,0,0
0.0026488036742939487,1,2,27.653044129019676,0,0,0
0.0034910598413476867,0,1,35.96887766345224,0,0,0
0.010504836745275112,1,1,30.600066731123196,0,0,0
0.0009112148491655333,1,4,28.492189188390356,0,0,0
0.005935679704766784,0,2,23.64613153298298,0,0,0
0.019841652151487473,0,2,29.687870604320704,0,0,0
0.03365235160907638,1,1,103.4228014345415,0,0,1
0.02893772476014708,1,1,26.951413095669068,0,0,0
0.031119770288784435,1,1,28.504534338839953,0,0,0
0.08273758323040067,0,2,30.17676187613716,0,0,0
0.0016408078078236296,1,4,33.8581670797944,0,1,0
0.004447882785187379,1,0,36.94564917924834,0,0,0
0.004357526736676327,1,1,31.20454403099792,0,0,0
0.14883950876411142,1,3,28.18529383053466,0,0,0
0.016479735206735128,1,1,30.24269369138339,0,1,1
0.011903701599111402,0,3,32.714700835908545,1,0,1
0.009933412402413655,1,2,37.07646899820671,0,0,0
0.002713165370643642,0,1,27.305422972647488,0,0,0
0.026347049626094878,1,2,130.95005893855978,0,0,1
0.005890186943542164,0,2,34.76583137114194,0,0,0
0.05530198727713879,0,4,28.656321331887657,0,0,0
0.0012116151611986279,0,2,32.718775781104554,0,0,0
0.009122004972534951,0,0,27.12043157474574,0,0,0
0.0020535951001223983,1,2,20.153377452584277,0,0,0
0.0008974305569787402,1,3,33.41675867328023,0,0,0
0.0007682719582083864,0,4,31.89710790675182,0,0,0
0.1104945096794592,0,0,35.284860259550335,0,0,0
0.003003270852240652,1,5,23.224588445941997,0,0,0
0.009250547056501867,0,1,24.449439588178585,0,0,0
0.0024035284154883497,0,1,28.373099059541335,0,0,0
0.0007566002594213652,1,1,25.563101829745136,0,0,0
0.041144146437755276,1,1,24.80821152775539,0,0,0
0.021401323498811842,0,0,30.672002349842433,0,0,0
0.0007155458636245976,0,2,35.99252969562761,1,0,1
0.005597339814713268,0,5,34.80006133126344,0,0,0
0.0007145600394331743,1,1,18.44748670732679,0,0,0
0.0011812124228395312,0,3,39.24157323100357,0,0,0
0.015319762483870581,1,3,27.806269837815773,0,0,0
0.021363525351585592,0,2,40.87968308699595,0,0,0
0.008489363234258222,1,1,34.30675242543745,0,0,0
0.0985516273947716,0,1,31.380940590434705,0,0,0
0.011717465727090403,1,3,29.32939815823807,0,0,0
0.007989856284840419,0,3,30.751486290173197,0,0,0
0.0031343379642746715,1,2,29.886878596778452,0,0,0
0.005431094636225165,0,1,21.865740249740597,0,0,0
0.001907793758124226,1,2,36.761333659433156,0,0,0
0.0012203161812366647,1,3,24.899859747381736,0,0,0
0.008218441950259078,1,4,34.01221385275405,0,0,0
0.002690506549836078,0,0,31.44378340182138,0,0,0
0.03941630440999472,0,2,30.144607183124315,0,0,0
0.01770236083380971,0,1,27.545542916765342,0,0,0
0.005493487403333566,1,2,29.165580723599398,0,0,0
0.008040201328646237,1,0,17.889749433051765,0,0,0
0.013298547628919547,0,4,26.183537201104038,0,0,0
0.015866911761719484,1,3,25.47943725485423,0,0,0
0.06306999062694112,1,0,34.618830851242464,0,0,0
0.022421280325319738,1,2,39.63514114077598,0,1,1
0.011543703480527006,0,3,92.60517390305039,0,0,0
0.002288127827526713,0,6,34.17291958755236,0,0,0
0.005580463535912417,1,1,26.085013787954008,0,0,0
0.05870712045341807,1,1,29.827673028093432,0,0,0
0.02860685771374625,0,2,28.302338937099023,0,0,0
0.0009052852917520323,0,4,27.520169922683166,0,0,0
0.0016443976431678737,1,1,28.48684675245059,0,0,0
0.004008275522455748,1,2,27.00046088754405,0,0,0
0.0010206115951055352,1,3,32.786722494398106,0,0,0
0.007303546437981741,0,3,25.089492406540224,0,0,0
0.012493809716905528,1,2,33.662946960924614,0,0,0
0.004510087139403641,0,3,24.529573036244148,0,0,0
0.03036240681229211,0,1,28.912039286906467,0,0,0
0.00040864170104088567,0,2,25.170610874018173,0,0,0
0.004619976759626518,0,2,32.0211533334869,0,0,0
0.2492071582401701,1,1,29.528467630158403,0,1,1
0.011746471051802232,0,2,36.84480662218275,0,0,0
0.00011287028468775646,0,5,32.33587640085982,0,0,0
0.1854580416104462,1,3,27.228086333016282,0,0,0
0.006281641728674461,1,1,36.74938613355586,0,0,0
0.009171555162359119,0,0,25.994776072554494,0,0,0
0.015843661678542138,1,0,29.960815422249894,0,0,0
0.004068347331868902,1,1,22.145603476820042,0,0,0
0.019608956287438514,0,0,95.28704082756335,0,0,0
0.0015584939571253705,0,2,24.936367989952306,0,0,0
0.003993856535525842,1,0,31.2654527700231,0,0,0
0.015077445824638793,1,0,30.587442461490475,0,0,0
0.002089638301186273,1,2,32.91915271602309,0,1,0
0.020471784797882656,0,2,24.127812266367993,0,0,0
0.05978368893311645,1,2,33.22897192259661,0,0,0
0.019305104027495332,1,2,26.479518974192747,0,1,1
0.019239790980780738,0,3,31.341582311867207,0,0,0
0.04667186538837744,1,2,28.087319173643387,0,0,0
0.004243435194040438,0,3,27.160845485098374,0,1,0
0.0008442708004539638,1,2,33.07965957627735,0,1,0
0.010008446231715722,0,3,33.210406504457424,0,0,0
0.0174784714507423,0,4,38.48962383414219,0,0,0
0.0018863075787169902,0,0,32.58231225604168,0,0,0
0.01034904984064637,0,2,28.732973324069395,0,0,0
0.007358855450034267,1,2,38.41611856552372,0,0,0
0.0031784802620369312,1,3,29.65022613511344,0,0,0
0.001191877269356823,0,2,32.401966945996264,1,0,1
0.005466852842560138,1,2,24.774495262854934,0,0,0
0.013228262776605007,0,4,35.59293436314328,0,0,0
0.0007555810036901705,0,3,30.379543192860684,0,0,0
0.00312922456952779,0,2,31.470802377460636,0,0,0
0.0006855805188700098,0,3,34.10956544272845,0,0,0
0.03932708710254928,1,2,27.795964733443498,0,0,0
0.008052193340507937,1,2,26.83531030217681,0,0,0
0.06068979151263156,1,1,29.5974359645986,0,0,0
0.0009719642382452518,1,6,31.945394060125697,0,0,0
0.01956769157979619,1,2,23.880166088587636,0,0,0
0.017065081484932895,1,0,27.53026392441854,0,0,0
0.002611218476877791,1,1,27.104841147635824,0,0,0
0.03532426109554591,0,3,21.91770698514553,0,0,0
0.0032041469350656666,1,5,29.212866386382686,0,0,0
0.005132027388743079,0,2,31.112601766698003,0,0,0
0.007839157546664945,1,2,21.481512978766006,0,0,0
0.0003102810998820013,1,3,35.02849680330015,0,0,0
0.0034192420974952105,0,3,29.773634097385546,0,1,0
0.005059968502776928,0,3,37.02483411025013,0,0,0
0.025483344933074123,1,2,25.525204812979418,0,0,0
0.03673127218958563,1,5,36.96514027529432,0,0,0
0.00971409750296229,0,3,37.781999988885595,0,0,0
0.004788810957044761,0,2,39.078647716244134,0,0,0
0.007416887243499477,1,4,35.55289232964476,0,0,0
0.16533888069956357,0,4,29.133457398574336,0,0,0
0.031352039273206754,0,2,31.177265109942404,0,0,0
0.006086945617636762,1,2,26.228258266437788,0,0,0
0.006157125545167372,0,1,30.460941666119847,0,0,0
0.010367144699928492,1,2,35.81044968151535,0,0,0
0.0040575798371142,0,0,172.01937848847354,0,0,0
0.010319749591413107,0,2,24.729102704190975,0,0,0
0.0858380017344291,1,1,26.460513339732266,0,0,0
0.027390920375849084,0,2,32.91152082327682,0,0,0
0.00017402171176947258,1,2,174.19720818635844,0,0,0
0.0036129015144265434,1,2,21.780701581783926,0,0,0
0.007531487270312488,1,5,28.590713204717446,0,0,0
0.0016580943092676635,0,1,25.83731248565058,0,0,0
0.002664071990792892,1,3,30.094291502848435,0,0,0
0.000670224298466397,0,3,33.148389169581,0,0,0
0.005135132557711583,0,1,31.088851851826334,0,0,0
0.003809753419547472,0,1,32.26456773865579,0,0,0
0.01223604555368307,1,2,40.3390163494755,0,0,0
0.04600965093453706,0,2,30.78050810460375,0,0,0
0.008592727817853774,1,3,38.98468535413543,0,0,0
0.15753160754355186,0,1,33.101455340816834,0,0,0
0.010702743083931113,1,0,30.06330670142296,0,0,0
0.007274683654972838,1,1,29.860914798292303,0,0,0
0.001423124711770524,1,0,33.33139651960193,1,0,1
0.004178012764174279,0,4,24.390233269043787,0,0,0
0.0028524018395073925,0,2,31.37320587412152,0,0,0
0.00475968897607688,0,4,32.062681405592755,0,0,0
0.0008145400894749967,0,4,31.76449343845225,0,0,0
0.0028382730812089338,0,2,125.00862609847594,0,0,0
0.0012521214086223468,1,1,22.636769781208997,0,0,0
0.009750577062949992,1,0,23.85002677777361,0,0,0
0.03755496559117453,0,1,27.95318901471381,0,0,0
0.0126168961989636,1,4,23.847727425090834,0,0,0
0.04042007906097827,0,1,20.33225307203456,0,0,0
0.02959531373802538,1,1,24.749902097159335,0,0,0
0.00030217355065854283,0,3,25.672709584377014,0,0,0
0.00970041097169969,1,1,19.73713402543111,0,0,0
0.0022976918331650614,0,4,34.54522281871377,0,0,0
0.0114422643887948,0,1,28.908847848620617,0,0,0
0.0071465312426601335,1,2,26.271453913304626,0,0,0
0.006705225733675826,0,0,25.291800872829487,0,0,0
0.001269078447273028,1,3,24.048372264522577,0,0,0
0.00461618709368386,0,0,41.87155250498084,0,0,0
0.019143438594544794,0,1,33.54032024374503,0,0,0
0.0002222822710718419,0,2,28.776429772782127,0,0,0
0.04441625132314778,0,2,23.83095677414083,0,0,0
0.008214682177312813,0,3,31.6842677329828,0,0,0
0.00299197401316181,0,2,26.377413677848544,0,0,0
0.005766038739647699,0,1,38.0522425709634,0,1,0
0.0018454648093218843,1,1,32.83828097014901,0,0,0
0.015095943107980148,0,0,35.15766930869125,0,0,0
0.13256533890252686,1,1,187.86531023570416,0,0,1
0.001888489177529111,1,4,27.895817209693924,0,0,0
0.0007173109210908492,0,2,30.35707737817406,0,1,0
0.00315031207020097,1,4,24.822838058630424,1,0,1
0.004634352736957673,1,2,30.678915491150928,1,0,1
0.0011046627485217712,1,3,34.416052807247965,0,0,0
0.016461116283520302,1,0,34.65801365078505,0,0,0
0.00245253314455123,0,1,28.822957280721354,0,0,0
0.0007106556054391135,0,1,135.42564312349128,0,0,0
0.004705496289202754,1,3,31.03002944086789,0,0,0
0.005909644863940217,1,1,42.190380133307,0,0,0
0.8896643173105675,1,3,36.25285471902376,0,0,0
0.003637235663590223,0,1,36.590321959442136,0,0,0
0.014000434432707015,0,3,29.386304220685524,0,0,0
0.004154964046905209,1,4,32.520734261100834,0,0,0
0.0002196847349372408,1,1,28.55648370709587,0,0,0
0.006268380235095331,1,1,25.26644711873144,0,0,0
0.0006408736907285049,1,0,22.55028114341322,0,0,0
0.005673925193249877,0,1,28.92348152204558,0,0,0
0.0010502992166898845,1,3,29.89304436676937,0,0,0
0.006655368129223344,1,1,33.91493568946251,0,0,0
0.010625608562086549,0,0,32.309428746094554,0,0,0
0.007355850218985432,0,2,28.989334387913253,0,0,0
0.008850933941478147,0,1,21.556441874594526,0,1,0
0.0035794553496142083,1,1,31.542464908256783,0,0,0
0.007063123060648298,1,3,29.708966668493424,0,0,0
0.0020790303730795563,0,1,26.137921642684873,0,0,0
0.0030415717384692366,0,2,33.146712692092365,0,0,0
0.0017343416723392478,1,2,35.35136471514096,0,0,0
0.008812312085579532,1,4,32.19199741445192,0,0,0
0.0012560346159079438,0,2,38.08599297829653,0,0,0
0.0056699098920192596,0,1,24.25206791713419,0,0,0
0.0006106256856734339,0,0,20.95059637121198,0,0,0
0.01652113157767231,1,0,33.59997577334842,0,0,0
0.05374210727367177,0,1,34.781875027753834,0,0,0
0.003500429346011472,0,3,22.608990130574465,0,0,0
0.000450374999730052,0,1,27.710239977136865,0,1,0
0.004802712255944652,0,0,29.858228304191055,0,0,0
0.007928645317178044,1,1,27.517168458490183,0,0,0
0.001159153844108568,0,0,26.424527832422758,0,0,0
0.0013646548507439576,1,1,27.71681522119697,0,0,0
0.028070156412624125,1,2,33.12218041793136,0,0,0
0.028624556150869368,1,3,34.24537209556419,0,0,0
0.0014230412709342333,1,2,32.57598285127009,0,0,0
0.015877164996444502,1,4,25.215131946272066,0,0,0
0.028021323123818918,1,1,25.441283217376984,0,0,0
0.003187952795283502,1,1,28.40159529482134,0,0,0
0.01628125158966043,0,1,39.296196566299244,0,0,0
0.02091495805822317,1,4,33.96884066109581,0,0,0
0.04146564584634385,1,4,35.261504308505074,0,0,0
0.010597690551141169,1,4,25.27463288761267,0,0,0
0.1510202814237954,0,0,114.97481533025167,0,0,0
0.0020976070533468396,0,0,24.7835092313386,0,0,0
0.016935263384417004,0,1,22.953718874674486,0,0,0
0.004507373837470907,0,3,29.779584469684053,0,0,0
0.017264284607276397,0,1,23.616691463065223,0,0,0
0.01735477972747674,1,0,25.386875262991943,0,0,0
0.009037274003680332,0,5,20.344255676352358,0,0,0
0.01270066261520082,1,3,22.092071125445518,0,0,0
0.014670886294770964,0,2,28.34197931517859,0,0,0
0.0021629668952465567,0,1,23.379961867035114,0,0,0
0.0011805432048919199,0,0,35.64075664464658,0,0,0
0.003161859406291414,1,3,31.99944275263299,0,0,0
0.005178918791194717,1,0,32.72456194678948,0,0,0
0.0005535213108545951,1,1,24.444268532626204,0,0,0
0.001415428267190422,0,2,34.00801516142376,0,0,0
0.011414696946123576,0,1,32.723575677104186,0,0,0
0.019801949677147577,1,3,24.081160675797086,0,0,0
0.00944614234182427,1,0,25.36589286545448,0,0,0
0.009672648169810399,1,3,34.34336567867931,0,1,0
0.020482286395239132,0,3,33.81080859663429,0,0,0
0.025389728835467872,1,1,26.552370520287774,0,0,0
0.0019098598100928186,1,1,34.06169845882274,0,0,0
0.01389545170203574,0,2,29.8715816852445,0,0,0
0.004444912137224218,1,1,19.881659866884895,0,0,0
0.0069087910268234715,1,3,27.736290134646108,0,1,0
0.00041914949822327325,1,4,37.029120020174496,0,0,0
0.0025315605392642448,1,1,26.532269428043467,0,0,0
