value_eth,is_new_recipient,interaction_count,gas_gwei,blacklist_hit,repeat_tx,label
0.5,0,17,15.0,0,0,0
0.5,0,9,15.0,0,0,0
0.5,0,10,15.0,0,0,0
0.47186670978581474,0,20,15.0,0,0,0
0.04701483315586074,0,18,20.992007000573167,0,0,0
0.5,0,11,15.0,0,0,0
0.0025457606868182063,0,8,15.0,0,0,0
0.5,0,9,15.0,0,0,0
0.5,0,13,25.457788931332388,0,0,0
0.5,0,14,26.651290871145903,0,0,0
0.011707059955394408,0,7,15.0,0,0,0
0.5,0,6,19.866907956328618,0,0,0
0.12741945922304526,0,12,15.0,0,0,0
0.5,0,17,20.59518115894343,0,0,0
0.5,0,7,20.187204300226156,0,0,0
0.0051091695740316705,0,11,19.765146820146146,0,0,0
0.5,0,7,15.0,0,0,0
0.2825934593289386,0,8,15.0,0,0,0
0.5,0,14,23.692634431231273,0,0,0
0.5,0,9,15.0,0,0,0
0.06191046147413523,0,9,15.0,0,0,0
0.5,0,20,18.797556305861995,0,0,0
0.5,0,7,15.0,0,0,0
0.5,0,8,15.0,0,0,0
0.5,0,19,15.0,0,0,0
0.40617028047369347,0,13,15.0,0,0,0
0.5,0,5,19.6357885149719,0,0,0
0.5,0,11,25.89714017909468,0,0,0
0.5,0,14,20.9472571573096,0,0,0
0.5,0,9,15.0,0,0,0
0.5,0,13,15.0,0,0,0
0.009303301432552608,0,15,18.746655166977387,0,0,0
0.5,0,9,15.0,0,0,0
0.5,0,17,26.360998702492655,0,0,0
0.5,0,12,15.0,0,0,0
0.01219593053955091,0,20,15.0,0,0,0
0.5,0,6,19.70737841563271,0,0,0
0.5,0,10,21.25267167170264,0,0,0
0.5,0,16,22.61072065807289,0,0,0
0.5,0,19,51.799790534670095,0,0,0
0.5,0,8,15.0,0,0,0
0.5,0,20,22.675518675358997,0,0,0
0.5,0,8,15.0,0,0,0
0.24181834184312226,0,11,26.11607018471306,0,0,0
0.5,0,10,15.0,0,0,0
0.5,0,11,15.0,0,0,0
0.5,0,19,15.0,0,0,0
0.5,0,16,15.0,0,0,0
0.5,0,17,23.191652030017522,0,0,0
0.5,0,9,15.0,0,0,0
0.5,0,20,22.333718898181594,0,0,0
0.5,0,11,24.24911358641566,0,0,0
0.5,0,15,15.0,0,0,0
0.00957610148909148,0,16,15.0,0,0,0
0.5,0,15,18.477294191696796,0,0,0
0.188107056828683,0,14,15.0,0,0,0
0.02490652491092404,0,12,15.0,0,0,0
0.5,0,15,25.13402127371323,0,0,0
0.2241401877948132,0,19,34.98125345352568,0,0,0
0.5,0,11,15.0,0,0,0
0.5,0,13,23.85930127267435,0,0,0
0.5,0,7,15.0,0,0,0
0.001,0,10,20.408510036660875,0,0,0
0.0019496915568004373,0,17,15.0,0,0,0
0.5,0,15,25.54217236592449,0,0,0
0.5,0,8,20.920316264463644,0,0,0
0.5,0,13,21.29289423372707,0,0,0
0.5,0,17,19.73280640089468,0,0,0
0.5,0,6,15.0,0,0,0
0.5,0,5,15.0,0,0,0
0.5,0,11,15.0,0,0,0
0.5,0,15,19.88478644892153,0,0,0
0.5,0,10,15.0,0,0,0
0.013872960478984307,0,18,15.0,0,0,0
0.5,0,18,23.254882205027666,0,0,0
0.5,0,13,15.0,0,0,0
0.5,0,11,21.15370955511913,0,0,0
0.5,0,5,15.0,0,0,0
0.5,0,18,25.450645419153346,0,0,0
0.5,0,19,19.151365632752444,0,0,0
0.009481164234073877,0,12,15.0,0,0,0
0.11256081538664138,0,13,19.292602334039245,0,0,0
0.5,0,17,20.349710091245672,0,0,0
0.5,0,16,15.0,0,0,0
0.5,0,7,25.5573978114364,0,0,0
0.00996023081940282,0,15,15.0,0,0,0
0.5,0,19,15.0,0,0,0
0.04646910684699414,0,17,15.0,0,0,0
0.5,0,12,24.612991956163487,0,0,0
0.004304624205426337,0,13,19.318031111966594,0,0,0
0.005392640750155472,0,9,22.96991712231842,0,0,0
0.5,0,15,23.867329430937758,0,0,0
0.5,0,8,15.0,0,0,0
0.0044649334529468804,0,10,15.0,0,0,0
0.5,0,9,21.259661731909333,0,0,0
0.5,0,10,20.22951356877424,0,0,0
0.4634109617928706,0,10,15.0,0,0,0
0.5,0,6,15.0,0,0,0
0.5,0,16,28.256425072076244,0,0,0
0.5,0,12,21.31717184121118,0,0,0
0.34370522260799946,0,20,20.145932866447065,0,0,0
0.0048711672431456755,0,7,15.0,0,0,0
0.048452148412583544,0,15,26.888163902993732,0,0,0
0.5,0,7,21.60666330479018,0,0,0
0.029608691016576247,0,13,15.0,0,0,0
0.5,0,12,15.0,0,0,0
0.5,0,12,19.714281860370004,0,0,0
0.5,0,15,22.226912462684293,0,0,0
0.5,0,18,23.762123146396792,0,0,0
0.5,0,10,20.477669761799504,0,0,0
0.5,0,18,21.310729674029066,0,0,0
0.4525311848183883,0,7,15.0,0,0,0
0.015475317413651376,0,9,23.712301325800222,0,0,0
0.5,0,9,15.0,0,0,0
0.5,0,20,15.0,0,0,0
0.5,0,6,15.0,0,0,0
0.5,0,11,19.730416043638666,0,0,0
0.5,0,11,24.337854640013337,0,0,0
0.5,0,17,15.0,0,0,0
0.5,0,12,15.0,0,0,0
0.5,0,20,15.0,0,0,0
0.5,0,16,15.0,0,0,0
0.5,0,16,15.0,0,0,0
0.5,0,17,80.0,0,0,0
0.001,0,7,21.38699943281856,0,0,0
0.002225753693920907,0,12,15.0,0,0,0
0.4403491931256789,0,14,15.0,0,0,0
0.5,0,8,15.0,0,0,0
0.5,0,6,15.0,0,0,0
0.5,0,7,21.822950670542287,0,0,0
0.03709076881110773,0,17,15.0,0,0,0
0.5,0,15,24.58576504037555,0,0,0
0.004693739609069675,0,9,21.538807137249748,0,0,0
0.5,0,16,22.0997448739118,0,0,0
0.0014968748645619763,0,16,15.0,0,0,0
0.5,0,18,24.928398181992012,0,0,0
0.5,0,19,21.065477837774473,0,0,0
0.5,0,19,20.850438679009418,0,0,0
0.0015412201999426046,0,7,15.0,0,0,0
0.5,0,17,19.135838155203416,0,0,0
0.02686998616296803,0,11,15.0,0,0,0
0.5,0,11,15.0,0,0,0
0.11315603430454732,0,15,22.933078863081974,0,0,0
0.5,0,14,80.0,0,0,0
0.22804653471146352,0,11,22.996026218831187,0,0,0
0.05576888278392041,0,20,15.0,0,0,0
0.5,0,7,21.9539642186332,0,0,0
0.0012682339593586241,0,6,24.686069521755105,0,0,0
0.5,0,5,22.413533608498405,0,0,0
0.5,0,18,22.828251531487123,0,0,0
0.5,0,11,23.442061632108278,0,0,0
0.5,0,11,15.0,0,0,0
0.07595368401343101,0,15,15.0,0,0,0
0.41749799674481786,0,11,20.535102417474086,0,0,0
0.010528625966576857,0,14,15.0,0,0,0
0.03247001406175361,0,5,15.0,0,0,0
0.5,0,7,15.0,0,0,0
0.43086514905732753,0,19,18.924859548171327,0,0,0
0.5,0,12,15.0,0,0,0
0.5,0,7,15.0,0,0,0
0.5,0,10,21.371081682395815,0,0,0
0.5,0,10,15.0,0,0,0
0.5,0,9,23.565552329064285,0,0,0
0.5,0,9,23.34945465802999,0,0,0
0.11366201428836532,0,16,15.0,0,0,0
0.5,0,6,15.0,0,0,0
0.5,0,9,15.0,0,0,0
0.5,0,12,22.081601744254744,0,0,0
0.5,0,13,15.0,0,0,0
0.5,0,19,26.274475807475827,0,0,0
0.5,0,19,20.96775113337533,0,0,0
0.5,0,9,15.0,0,0,0
0.07266369603651915,0,13,15.0,0,0,0
0.19096468882587392,0,5,20.55326380829833,0,0,0
0.005390924249121699,0,14,15.0,0,0,0
0.5,0,7,15.0,0,0,0
0.5,0,6,22.298828679502005,0,0,0
0.5,0,15,22.251917019565973,0,0,0
0.5,0,7,22.643261079403416,0,0,0
0.5,0,12,20.042301656056228,0,0,0
0.12722585566694564,0,6,15.0,0,0,0
0.004780893922347896,0,16,15.0,0,0,0
0.5,0,17,15.0,0,0,0
0.15287089725385786,0,14,15.0,0,0,0
0.5,0,18,24.605027488411775,0,0,0
0.5,0,11,15.0,0,0,0
0.5,0,7,20.55399705858868,0,0,0
0.10970677707728009,0,7,15.0,0,0,0
0.5,0,8,15.0,0,0,0
0.5,0,8,24.190662030293943,0,0,0
0.5,0,10,20.76754428988089,0,0,0
0.004245515864822973,0,8,28.753546540603704,0,0,0
0.5,0,14,23.007400123089884,0,0,0
0.48178815569330435,0,7,15.0,0,0,0
0.5,0,14,20.493565185610237,0,0,0
0.5,0,10,22.72931425199834,0,0,0
0.5,0,15,15.0,0,0,0
0.5,0,13,15.0,0,0,0
0.0565093249121211,0,19,15.0,0,0,0
0.5,0,12,22.087296084576646,0,0,0
0.5,0,9,15.0,0,0,0
0.021306314906443954,0,14,22.300034874413754,0,0,0
0.5,0,15,20.07182753309627,0,0,0
0.5,0,12,19.827132460921447,0,0,0
0.0021476046880948975,0,13,22.06412777469065,0,0,0
0.008509296291627968,0,12,15.0,0,0,0
0.038662499375602156,0,9,15.0,0,0,0
0.5,0,10,20.007185907362505,0,0,0
0.40978103394528015,0,19,15.0,0,0,0
0.5,0,15,15.0,0,0,0
0.5,0,6,24.74989012306814,0,0,0
0.5,0,20,22.321125845906245,0,0,0
0.5,0,16,15.0,0,0,0
0.19555182574635896,0,5,15.0,0,0,0
0.005477968007831084,0,16,28.87190694602347,0,0,0
0.003092906405607204,0,14,15.0,0,0,0
0.002595295108182438,0,19,15.0,0,0,0
0.0058551251020130144,0,12,20.131607758154423,0,0,0
0.5,0,13,30.92723052689308,0,0,0
0.5,0,10,15.0,0,0,0
0.5,0,10,21.348207925595165,0,0,0
0.5,0,14,15.0,0,0,0
0.011822493028187879,0,18,19.819394826724714,0,0,0
0.5,0,19,23.164345951663023,0,0,0
0.00976886015390217,0,17,15.0,0,0,0
0.5,0,14,31.369881679696235,0,0,0
0.5,0,13,20.863074045716008,0,0,0
0.5,0,10,22.784826912434117,0,0,0
0.09250786115196309,0,17,15.0,0,0,0
0.5,0,10,15.0,0,0,0
0.15098274989581142,0,9,15.0,0,0,0
0.5,0,18,25.202094297187283,0,0,0
0.5,0,14,21.289307087026497,0,0,0
0.5,0,10,21.11812160619583,0,0,0
0.5,0,18,15.0,0,0,0
0.5,0,20,22.576936817883798,0,0,0
0.12964744714338483,0,10,15.0,0,0,0
0.008071347135907951,0,13,24.180452314889198,0,0,0
0.05702281709655841,0,12,21.39548947079493,0,0,0
0.5,0,16,15.0,0,0,0
0.005593634176650324,0,20,20.016782588986775,0,0,0
0.023898186502008707,0,13,15.0,0,0,0
0.5,0,17,25.0251432790164,0,0,0
0.5,0,14,15.0,0,0,0
0.5,0,19,15.0,0,0,0
0.5,0,11,15.0,0,0,0
0.5,0,11,29.33427889629345,0,0,0
0.5,0,11,22.782420937095715,0,0,0
0.5,0,20,22.29900735490755,0,0,0
0.010448608240785098,0,14,15.0,0,0,0
0.5,0,7,21.1511530170269,0,0,0
0.5,0,5,21.605171662806995,0,0,0
0.004495679125902716,0,13,21.149208983703794,0,0,0
0.0021024626212177264,0,17,15.0,0,0,0
0.0053272677036722855,0,12,15.0,0,0,0
0.5,0,13,15.0,0,0,0
0.5,0,17,20.530886173517636,0,0,0
0.5,0,13,15.0,0,0,0
0.5,0,19,20.335805953091192,0,0,0
0.5,0,15,24.474968678062236,0,0,0
0.03936452015819958,0,16,15.0,0,0,0
0.5,0,17,15.0,0,0,0
0.5,0,15,24.449233107277003,0,0,0
0.005841940944974901,0,5,22.373978516886954,0,0,0
0.5,0,11,34.54528398842776,0,0,0
0.5,0,7,19.370166676366665,0,0,0
0.5,0,13,23.946779635429408,0,0,0
0.5,0,7,20.046410587046417,0,0,0
0.5,0,13,27.706840609012705,0,0,0
0.5,0,10,15.0,0,0,0
0.002654367379424302,0,5,15.0,0,0,0
0.5,0,6,27.035230999692228,0,0,0
0.5,0,13,19.970393375450904,0,0,0
0.4059609742236529,0,6,15.0,0,0,0
0.5,0,18,23.48103552588322,0,0,0
0.5,0,17,20.224040523701564,0,0,0
0.5,0,16,15.0,0,0,0
0.5,0,7,23.624509617454777,0,0,0
0.5,0,17,20.191586920882514,0,0,0
0.5,0,15,24.880377611512287,0,0,0
0.5,0,11,15.0,0,0,0
0.4582898057509234,0,5,15.0,0,0,0
0.11127732034457345,0,13,15.0,0,0,0
0.5,0,17,25.334959429882513,0,0,0
0.5,0,5,15.0,0,0,0
0.23468058181410806,0,5,21.027991667083032,0,0,0
0.5,0,11,15.0,0,0,0
0.4214667424358454,0,13,21.007386287626225,0,0,0
0.5,0,12,25.679144851337767,0,0,0
0.011492167879139944,0,11,15.0,0,0,0
0.13145719691142413,0,9,15.0,0,0,0
0.5,0,5,15.0,0,0,0
0.004198226283159751,0,5,25.858041639000994,0,0,0
0.06011317447677649,0,6,15.0,0,0,0
0.0035429784274780495,0,16,15.0,0,0,0
0.005959141361173186,0,17,22.82696612968502,0,0,0
0.5,0,11,54.6656029226773,0,0,0
0.5,0,6,19.67316574942921,0,0,0
0.5,0,11,35.68633444465484,0,0,0
0.5,0,20,15.0,0,0,0
0.5,0,8,23.09719890084538,0,0,0
0.005072136071895275,0,12,22.18536881076087,0,0,0
0.5,0,13,20.868074944127606,0,0,0
0.5,0,10,15.0,0,0,0
0.5,0,12,19.45986313433551,0,0,0
0.5,0,12,24.37444534038829,0,0,0
0.5,0,12,15.0,0,0,0
0.03614752427766308,0,16,15.0,0,0,0
0.24932581524435507,0,14,25.070441789677762,0,0,0
0.004955754548047492,0,5,19.887676251331452,0,0,0
0.5,0,5,24.22947870915313,0,0,0
0.5,0,11,26.083410795611197,0,0,0
0.5,0,19,19.861970269048594,0,0,0
0.5,0,5,22.32726455256644,0,0,0
0.00463696700317428,0,6,15.0,0,0,0
0.5,0,15,15.0,0,0,0
0.5,0,12,15.0,0,0,0
0.5,0,8,21.979065145819554,0,0,0
0.5,0,8,21.601958352106298,0,0,0
0.5,0,15,15.0,0,0,0
0.5,0,13,20.27103957893178,0,0,0
0.5,0,15,15.0,0,0,0
0.35293252274433645,0,9,18.659415069890315,0,0,0
0.5,0,13,15.0,0,0,0
0.17322146546592312,0,18,15.0,0,0,0
0.5,0,10,25.387162889141287,0,0,0
0.5,0,11,23.62169153098796,0,0,0
0.008153724631021137,0,7,15.0,0,0,0
0.05301198926937928,0,15,15.0,0,0,0
0.5,0,5,21.6521216048947,0,0,0
0.5,0,8,24.932957653306975,0,0,0
0.5,0,16,15.0,0,0,0
0.5,0,5,15.0,0,0,0
0.5,0,20,22.477642881001856,0,0,0
0.5,0,11,21.28799654624101,0,0,0
0.004504036839544714,0,11,15.0,0,0,0
0.5,0,13,15.0,0,0,0
0.07992980075808627,0,15,15.0,0,0,0
0.0028047502876630713,0,12,15.0,0,0,0
0.5,0,19,15.0,0,0,0
0.5,0,20,15.0,0,0,0
0.5,0,8,15.0,0,0,0
0.5,0,16,22.78177448060124,0,0,0
0.5,0,9,19.704397153219176,0,0,0
0.5,0,20,21.82754249760494,0,0,0
0.5,0,9,26.10105400481195,0,0,0
0.004506766707678375,0,9,24.147710129761833,0,0,0
0.010360303581433236,0,16,20.96909136954094,0,0,0
0.5,0,17,15.0,0,0,0
0.5,0,7,24.87837483811554,0,0,0
0.004233792228685313,0,13,15.0,0,0,0
0.5,0,10,15.0,0,0,0
0.5,0,14,15.0,0,0,0
0.5,0,13,21.60580433491577,0,0,0
0.5,0,20,15.0,0,0,0
0.5,0,19,15.0,0,0,0
0.5,0,15,15.0,0,0,0
0.5,0,15,80.0,0,0,0
0.5,0,19,21.741680091545337,0,0,0
0.5,0,7,15.0,0,0,0
0.5,0,16,22.92826403883708,0,0,0
0.002578276469867263,0,17,15.0,0,0,0
0.5,0,7,19.713008214259016,0,0,0
0.25708969352086875,0,19,15.0,0,0,0
0.5,0,16,22.169484692149073,0,0,0
0.30363394279679434,0,10,30.89320586962339,0,0,0
0.5,0,12,28.851003509972212,0,0,0
0.0046672755166564765,0,12,22.251035004145045,0,0,0
0.06714935616927205,0,19,15.0,0,0,0
0.5,0,20,23.286991923755636,0,0,0
0.5,0,17,20.14061181281677,0,0,0
0.010686147920329684,0,15,25.448107713996613,0,0,0
0.0975323523177918,0,6,23.33405177472825,0,0,0
0.5,0,19,15.0,0,0,0
0.5,0,7,80.0,0,0,0
0.5,0,7,21.75418158518121,0,0,0
0.012281575442438391,0,6,15.0,0,0,0
0.5,0,20,21.848798926995673,0,0,0
0.5,0,12,21.815773147710587,0,0,0
0.5,0,8,15.0,0,0,0
0.5,0,6,15.0,0,0,0
0.018053720932611005,0,11,15.0,0,0,0
0.5,0,16,15.0,0,0,0
0.5,0,20,20.943958128374685,0,0,0
0.030135434844493263,0,13,15.0,0,0,0
0.004185350763445611,0,14,15.0,0,0,0
0.5,0,18,46.925672460847736,0,0,0
0.5,0,19,23.857465742044013,0,0,0
0.01632215584704642,0,9,15.0,0,0,0
0.5,0,20,15.0,0,0,0
0.5,0,13,23.931739395068774,0,0,0
0.5,0,19,20.9088378418254,0,0,0
0.5,0,6,15.0,0,0,0
0.5,0,6,23.767400818034464,0,0,0
0.5,0,19,23.681606931500085,0,0,0
0.0027214248091842965,0,15,23.897149757505083,0,0,0
0.5,0,7,15.0,0,0,0
0.009834192327194204,0,19,22.408262528021638,0,0,0
0.5,0,6,15.0,0,0,0
0.5,0,15,20.863175543311623,0,0,0
0.11506801186466256,0,8,15.0,0,0,0
0.486170197393429,0,6,18.915191803819567,0,0,0
0.5,0,17,15.0,0,0,0
0.5,0,18,21.084900480675707,0,0,0
0.5,0,6,15.0,0,0,0
0.5,0,6,24.961947290390917,0,0,0
0.5,0,14,21.300256060787774,0,0,0
0.008425678127485531,0,5,21.894582070581198,0,0,0
0.04576633818703688,0,16,15.0,0,0,0
0.04156085066172118,0,19,15.0,0,0,0
0.5,0,17,15.0,0,0,0
0.5,0,8,15.0,0,0,0
0.0115881335955865,0,8,23.680721169087917,0,0,0
0.0025538610946934017,0,15,15.0,0,0,0
0.5,0,5,19.892142074546808,0,0,0
0.5,0,13,15.0,0,0,0
0.5,0,12,19.2173507688361,0,0,0
0.5,0,16,15.0,0,0,0
0.5,0,8,24.441718065464972,0,0,0
0.5,0,17,25.135846813179995,0,0,0
0.5,0,16,15.0,0,0,0
0.0797759988016397,0,8,15.0,0,0,0
0.5,0,10,15.0,0,0,0
0.5,0,6,20.32897282059262,0,0,0
0.5,0,12,15.0,0,0,0
0.004364945190730062,0,9,15.0,0,0,0
0.03393957087367027,0,6,15.0,0,0,0
0.5,0,13,31.720365482251147,0,0,0
0.5,0,14,20.70064801744616,0,0,0
0.05099048521188044,0,6,15.0,0,0,0
0.3973415101745251,0,7,15.0,0,0,0
0.005396241567957274,0,6,20.143918153386828,0,0,0
0.5,0,15,15.0,0,0,0
0.028411146997492448,0,10,15.0,0,0,0
0.026451294336820672,0,6,15.0,0,0,0
0.5,0,8,15.0,0,0,0
0.5,0,20,15.0,0,0,0
0.012888131186383286,0,9,15.0,0,0,0
0.5,0,15,15.0,0,0,0
0.014654813852776345,0,12,15.0,0,0,0
0.5,0,7,24.638578039502267,0,0,0
0.06442912774441331,0,9,15.0,0,0,0
0.5,0,5,15.0,0,0,0
0.009083035005271202,0,16,19.353655225391066,0,0,0
0.10297637849668956,0,10,18.91873866881014,0,0,0
0.5,0,12,24.49547839602499,0,0,0
0.5,0,7,15.0,0,0,0
0.5,0,18,15.0,0,0,0
0.5,0,8,15.0,0,0,0
0.5,0,14,15.0,0,0,0
0.5,0,18,15.0,0,0,0
0.5,0,16,21.992238867426558,0,0,0
0.5,0,14,15.0,0,0,0
0.5,0,19,23.103960238902058,0,0,0
0.09594445007700123,0,7,15.0,0,0,0
0.5,0,20,15.0,0,0,0
0.14205377524940585,0,13,15.0,0,0,0
0.052094386346509224,0,11,15.0,0,0,0
0.5,0,9,24.646664001009594,0,0,0
0.5,0,16,19.61299059157118,0,0,0
0.5,0,20,15.0,0,0,0
0.001,0,16,15.0,0,0,0
0.5,0,5,15.0,0,0,0
0.5,0,12,15.0,0,0,0
0.10561581810392831,0,16,15.0,0,0,0
0.0013776012407275603,0,11,19.497135881834634,0,0,0
0.5,0,17,15.0,0,0,0
0.47703755425807437,0,16,24.909990318025386,0,0,0
0.5,0,6,24.35732409447266,0,0,0
0.009616137562963064,0,13,21.42957652088574,0,0,0
0.011621417939252806,0,7,15.0,0,0,0
0.5,0,12,26.34568448716685,0,0,0
0.5,0,11,15.0,0,0,0
0.5,0,17,15.0,0,0,0
0.5,0,18,15.0,0,0,0
0.5,0,12,15.0,0,0,0
0.5,0,13,22.595948320869507,0,0,0
0.5,0,15,15.0,0,0,0
0.5,0,15,22.094636745113505,0,0,0
0.5,0,15,15.0,0,0,0
0.5,0,17,22.870633805093977,0,0,0
0.005746039871467998,0,20,15.0,0,0,0
0.5,0,18,15.0,0,0,0
0.5,0,7,26.22849498691688,0,0,0
0.05050586652217187,0,12,15.0,0,0,0
0.0681870965254851,0,12,15.0,0,0,0
0.1455982231213192,0,13,15.0,0,0,0
0.0059290010442598524,0,13,15.0,0,0,0
0.09806811253130074,0,16,15.0,0,0,0
0.5,0,11,15.0,0,0,0
0.5,0,9,21.988770561741504,0,0,0
0.5,0,12,15.0,0,0,0
0.5,0,18,15.0,0,0,0
0.0189834726559687,0,9,15.0,0,0,0
0.5,0,5,18.97714769448218,0,0,0
0.004712088462258628,0,20,15.0,0,0,0
0.5,0,8,20.832225735186828,0,0,0
0.5,0,14,22.268998707507656,0,0,0
0.5,0,17,15.0,0,0,0
0.5,0,9,15.0,0,0,0
0.005772805773447416,0,10,20.96003142009182,0,0,0
0.5,0,9,21.475559322998542,0,0,0
0.2917233084423347,0,7,24.428013912182934,0,0,0
0.5,0,7,33.9569585559124,0,0,0
0.5,0,7,19.156619568274625,0,0,0
0.5,0,12,15.0,0,0,0
0.5,0,13,15.0,0,0,0
0.2769725143449754,0,5,15.0,0,0,0
0.5,0,18,21.45212172189099,0,0,0
0.5,0,15,15.0,0,0,0
0.5,0,6,20.779725405043763,0,0,0
0.40134201373023204,0,18,15.0,0,0,0
0.13943658320521174,0,5,15.0,0,0,0
0.5,0,13,18.897028514469753,0,0,0
0.013852248533607319,0,12,15.0,0,0,0
0.5,0,13,22.38988854126559,0,0,0
0.5,0,20,23.00282415133089,0,0,0
0.0655174860725735,0,19,20.048629738361278,0,0,0
0.005654346849041373,0,9,20.81494962972234,0,0,0
0.5,0,14,15.0,0,0,0
0.5,0,20,80.0,0,0,0
0.0109821336174698,0,16,15.0,0,0,0
0.5,0,19,19.317509396797995,0,0,0
0.45343324310784133,0,11,15.0,0,0,0
0.22548681224007996,0,9,15.0,0,0,0
0.10579342750901875,0,13,19.81614928486151,0,0,0
0.5,0,18,15.0,0,0,0
0.5,0,19,23.742384718832255,0,0,0
0.5,0,15,15.0,0,0,0
0.5,0,16,20.626625871783048,0,0,0
0.012347474652069033,0,13,15.0,0,0,0
0.5,0,10,24.53267554755506,0,0,0
0.5,0,11,15.0,0,0,0
0.07335134448871268,0,12,21.610085633301885,0,0,0
0.5,0,18,15.0,0,0,0
0.5,0,13,15.0,0,0,0
0.008655005217033183,0,17,22.598512104097455,0,0,0
0.5,0,5,23.137330277744002,0,0,0
0.5,0,17,23.5800594811877,0,0,0
0.08982795434321039,0,13,15.0,0,0,0
0.5,0,20,15.0,0,0,0
0.023313645690475986,0,12,15.0,0,0,0
0.10793581597058335,0,12,15.0,0,0,0
0.5,0,7,15.0,0,0,0
0.5,0,17,25.38218807402192,0,0,0
0.5,0,16,20.0344986765426,0,0,0
0.5,0,18,15.0,0,0,0
0.008642919686022554,0,6,15.0,0,0,0
0.5,0,8,20.663859429083704,0,0,0
0.5,0,19,25.499048205563845,0,0,0
0.1505901216264031,0,5,15.0,0,0,0
0.5,0,13,15.0,0,0,0
0.5,0,11,19.39483327214448,0,0,0
0.0040892981779485586,0,20,20.47329717855322,0,0,0
0.0030459945672562257,0,18,15.0,0,0,0
0.5,0,19,15.0,0,0,0
0.5,0,9,18.867512190760696,0,0,0
0.5,0,14,15.0,0,0,0
0.5,0,16,15.0,0,0,0
0.5,0,20,21.75080291114553,0,0,0
0.4386909048831388,0,5,15.0,0,0,0
0.5,0,20,15.0,0,0,0
0.5,0,10,26.18298830274043,0,0,0
0.5,0,7,22.69197809801792,0,0,0
0.5,0,14,15.0,0,0,0
0.5,0,17,22.524186362983396,0,0,0
0.008932190810671082,0,7,15.0,0,0,0
0.056574000636219056,0,5,15.0,0,0,0
0.5,0,19,15.0,0,0,0
0.28623808300871606,0,19,15.0,0,0,0
0.5,0,7,15.0,0,0,0
0.49426665002462933,0,19,15.0,0,0,0
0.004751695861195912,0,19,21.63836568305413,0,0,0
0.5,0,20,22.658601346434583,0,0,0
0.002039471359541549,0,8,15.0,0,0,0
0.5,0,14,15.0,0,0,0
0.5,0,20,15.0,0,0,0
0.5,0,19,25.004148646190398,0,0,0
0.5,0,14,26.135112947783707,0,0,0
0.5,0,8,25.216857722901995,0,0,0
0.03200118707240511,0,6,15.0,0,0,0
0.007896233589944795,0,9,15.0,0,0,0
0.5,0,6,15.0,0,0,0
0.5,0,8,15.0,0,0,0
0.25156503007832787,0,6,15.0,0,0,0
0.5,0,17,18.922018380988884,0,0,0
0.026060090817314766,0,14,23.800425448032456,0,0,0
0.5,0,13,15.0,0,0,0
0.5,0,17,22.13630129636054,0,0,0
0.5,0,11,15.0,0,0,0
0.5,0,11,23.26574382425519,0,0,0
0.5,0,8,22.669688535728238,0,0,0
0.5,0,12,25.102108446113316,0,0,0
0.008029257825172062,0,7,23.997108661085697,0,0,0
0.42233245051910967,0,14,15.0,0,0,0
0.5,0,20,21.53689049458814,0,0,0
0.0019489896320712544,0,13,15.0,0,0,0
0.5,0,9,20.416086462233615,0,0,0
0.5,0,16,22.400706258252956,0,0,0
0.009910023494510931,0,18,18.104550316301456,0,0,0
0.5,0,12,15.0,0,0,0
0.5,0,9,15.0,0,0,0
0.043392020522346024,0,16,15.0,0,0,0
0.5,0,7,24.253017082972022,0,0,0
0.5,0,20,18.633628745207403,0,0,0
0.5,0,10,24.355762861654505,0,0,0
0.5,0,10,21.382297269263983,0,0,0
0.5,0,16,15.0,0,0,0
0.5,0,5,15.0,0,0,0
0.5,0,8,22.291230025932876,0,0,0
0.5,0,7,15.0,0,0,0
0.5,0,11,23.162692201569204,0,0,0
0.5,0,13,15.0,0,0,0
0.5,0,7,26.302954691861437,0,0,0
0.5,0,10,15.0,0,0,0
0.5,0,17,15.0,0,0,0
0.07401252405922092,0,20,15.0,0,0,0
0.5,0,5,15.0,0,0,0
0.4674748193595236,0,15,15.0,0,0,0
0.010161398644455944,0,5,15.0,0,0,0
0.5,0,13,15.0,0,0,0
0.5,0,19,18.91808925989732,0,0,0
0.5,0,17,15.0,0,0,0
0.5,0,8,18.978971820974394,0,0,0
0.5,0,9,15.0,0,0,0
0.5,0,17,15.0,0,0,0
0.5,0,18,15.0,0,0,0
0.5,0,9,15.0,0,0,0
0.13595594086454735,0,5,23.18452223412454,0,0,0
0.23380065127755792,0,12,15.0,0,0,0
0.5,0,14,18.36278144355219,0,0,0
0.4033159585374422,0,12,15.0,0,0,0
0.5,0,19,22.550304186457776,0,0,0
0.5,0,18,15.0,0,0,0
0.5,0,17,15.0,0,0,0
0.06483870721638514,0,5,15.0,0,0,0
0.5,0,18,22.214697439120705,0,0,0
0.10714087494377719,0,17,22.76329611753097,0,0,0
0.03244554156998188,0,11,15.0,0,0,0
0.5,0,14,15.0,0,0,0
0.04072467294923043,0,18,34.36428622188478,0,0,0
0.16285163565675423,0,19,19.236563437982642,0,0,0
0.5,0,13,15.0,0,0,0
0.5,0,5,32.654079069994175,0,0,0
0.5,0,14,19.529714731031206,0,0,0
0.001,0,15,20.122156836130877,0,0,0
0.2930046109433971,0,5,18.154222629451645,0,0,0
0.005354574798728794,0,18,24.67483111950857,0,0,0
0.5,0,8,21.855127440368747,0,0,0
0.5,0,19,15.0,0,0,0
0.004459277717330894,0,13,15.0,0,0,0
0.5,0,10,22.016704761371663,0,0,0
0.5,0,5,15.0,0,0,0
0.5,0,5,23.94322353225275,0,0,0
0.5,0,16,20.26150289073331,0,0,0
0.5,0,11,15.0,0,0,0
0.5,0,18,15.0,0,0,0
0.01868325467994991,0,8,15.0,0,0,0
0.5,0,19,15.0,0,0,0
0.07324936663431317,0,20,19.9946689741952,0,0,0
0.5,0,6,15.0,0,0,0
0.5,0,15,15.0,0,0,0
0.5,0,20,15.0,0,0,0
0.3591261587660758,0,10,15.0,0,0,0
0.5,0,6,24.523154446459944,0,0,0
0.5,0,19,22.83732348464898,0,0,0
0.5,0,12,15.0,0,0,0
0.002203368579150441,0,5,15.0,0,0,0
0.5,0,18,24.222036783812964,0,0,0
0.5,0,15,22.225556428059473,0,0,0
0.03611662651163642,0,6,15.0,0,0,0
0.5,0,9,15.0,0,0,0
0.5,0,5,15.0,0,0,0
0.5,0,20,15.0,0,0,0
0.5,0,5,15.0,0,0,0
0.5,0,17,22.684217763215315,0,0,0
0.5,0,13,15.0,0,0,0
0.002437942188127405,0,14,15.0,0,0,0
0.5,0,17,15.0,0,0,0
0.1182915454581446,0,19,15.0,0,0,0
0.5,0,7,15.0,0,0,0
0.5,0,5,32.34407604239858,0,0,0
0.5,0,6,22.94690562743597,0,0,0
0.5,0,15,15.0,0,0,0
0.5,0,14,22.128542279103872,0,0,0
0.10882810966854607,0,6,23.65279364356826,0,0,0
0.5,0,8,15.0,0,0,0
0.5,0,13,15.0,0,0,0
0.5,0,16,22.93822442346435,0,0,0
0.09307027623772068,0,10,15.0,0,0,0
0.02167815751729515,0,20,18.3527379694021,0,0,0
0.5,0,20,28.807735609143595,0,0,0
0.5,0,17,15.0,0,0,0
0.5,0,12,22.81125894150626,0,0,0
0.5,0,19,15.0,0,0,0
0.5,0,16,15.0,0,0,0
0.5,0,13,15.0,0,0,0
0.5,0,12,15.0,0,0,0
0.5,0,18,23.474022479842343,0,0,0
0.5,0,13,15.0,0,0,0
0.002276042500225292,0,7,15.0,0,0,0
0.2511520510470004,0,20,25.069150349806343,0,0,0
0.5,0,6,20.607809146535473,0,0,0
0.5,0,16,22.826002457325504,0,0,0
0.06447986022771442,0,15,46.2322259811165,0,0,0
0.16180850926844423,0,14,15.0,0,0,0
0.5,0,5,23.44322060417222,0,0,0
0.5,0,12,15.0,0,0,0
0.005194791632245577,0,19,15.0,0,0,0
0.5,0,8,20.941585321895907,0,0,0
0.01853190077595097,0,16,15.0,0,0,0
0.011258553772471532,0,18,20.29022702307038,0,0,0
0.011610215876876929,0,20,15.0,0,0,0
0.5,0,13,22.848670376753844,0,0,0
0.5,0,10,15.0,0,0,0
0.5,0,16,15.0,0,0,0
0.5,0,12,15.0,0,0,0
0.5,0,15,32.626933106855994,0,0,0
0.03622928581962071,0,16,15.0,0,0,0
0.005025464128600222,0,16,31.051133670014632,0,0,0
0.5,0,8,15.0,0,0,0
0.037337356061009117,0,17,15.0,0,0,0
0.5,0,13,15.0,0,0,0
0.5,0,19,15.0,0,0,0
0.5,0,15,15.0,0,0,0
0.004492133223009877,0,19,19.66111110666155,0,0,0
0.5,0,20,21.61586429880879,0,0,0
0.5,0,20,22.525819459497782,0,0,0
0.053782584474015384,0,16,15.0,0,0,0
0.006608039125432033,0,14,15.0,0,0,0
0.5,0,6,23.38174251388522,0,0,0
0.5,0,11,15.0,0,0,0
0.5,0,12,25.054044379973842,0,0,0
0.5,0,17,20.448679405660773,0,0,0
0.5,0,14,26.248243624082804,0,0,0
0.1451731058537076,0,12,18.088484681407973,0,0,0
0.5,0,7,15.0,0,0,0
0.010821448512845,0,16,22.75506905590057,0,0,0
0.5,0,11,22.990069564971233,0,0,0
0.1318636586520634,0,5,21.591418753782946,0,0,0
0.5,0,9,20.17273518508469,0,0,0
0.08027191836729422,0,19,15.0,0,0,0
0.5,0,6,19.970671160618274,0,0,0
0.5,0,11,20.426090640083004,0,0,0
0.004979004013014416,0,13,19.401940426530913,0,0,0
0.5,0,6,15.0,0,0,0
0.0012642900504761538,0,7,22.212950955063835,0,0,0
0.5,0,20,22.806059167129067,0,0,0
0.007784898155028981,0,14,15.0,0,0,0
0.5,0,8,19.91105371433112,0,0,0
0.5,0,7,21.5884922893353,0,0,0
0.004484965706056666,0,11,23.797574207112053,0,0,0
0.5,0,16,15.0,0,0,0
0.5,0,16,22.69302291428485,0,0,0
0.5,0,8,19.41334907487234,0,0,0
0.5,0,16,15.0,0,0,0
0.5,0,19,15.0,0,0,0
0.24757703088738844,0,8,15.0,0,0,0
0.5,0,5,21.40614597678362,0,0,0
0.5,0,20,20.090214231208474,0,0,0
0.40380802219676776,0,13,22.42452998951626,0,0,0
0.5,0,17,24.632177790543743,0,0,0
0.5,0,10,15.0,0,0,0
0.5,0,9,19.91620355236095,0,0,0
0.015624004063441057,0,8,15.0,0,0,0
0.004978493765711121,0,8,15.0,0,0,0
0.5,0,12,22.940479785861857,0,0,0
0.5,0,6,15.0,0,0,0
0.5,0,18,22.38660522649291,0,0,0
0.5,0,13,15.0,0,0,0
0.5,0,19,21.497931755271324,0,0,0
0.06625719789115751,0,13,15.0,0,0,0
0.5,0,9,26.400734670704928,0,0,0
0.5,0,13,23.20817160570975,0,0,0
0.17339256233274508,0,7,15.0,0,0,0
0.5,0,18,15.0,0,0,0
0.003961800027586506,0,16,15.0,0,0,0
0.5,0,7,21.13594583945163,0,0,0
0.5,0,14,15.0,0,0,0
0.5,0,13,22.31237667881473,0,0,0
0.5,0,8,15.0,0,0,0
0.5,0,6,15.0,0,0,0
0.5,0,17,27.54762185426409,0,0,0
0.5,0,9,15.0,0,0,0
0.004723072157278399,0,13,25.833281597375123,0,0,0
0.16878956074920676,0,8,24.609523643467707,0,0,0
0.004621858471741633,0,15,15.0,0,0,0
0.5,0,5,24.804489668668477,0,0,0
0.013835009795881167,0,10,15.0,0,0,0
0.5,0,13,22.273701951028684,0,0,0
0.5,0,12,15.0,0,0,0
0.5,0,14,24.514659359686448,0,0,0
0.5,0,7,15.0,0,0,0
0.5,0,12,15.0,0,0,0
0.5,0,17,23.466452613018753,0,0,0
0.01199306283803587,0,10,15.0,0,0,0
0.5,0,7,15.0,0,0,0
0.5,0,18,23.603412340236282,0,0,0
0.5,0,17,15.0,0,0,0
0.002683808778728235,0,15,15.0,0,0,0
0.1090257641467393,0,17,15.0,0,0,0
0.5,0,17,22.006351132379272,0,0,0
0.5,0,16,21.29142668103474,0,0,0
0.008504105366986507,0,13,23.309820008493638,0,0,0
0.00931680709967725,0,5,15.0,0,0,0
0.005386190853859403,0,14,23.273519181002477,0,0,0
0.5,0,9,24.885334880755575,0,0,0
0.036105014902781424,0,17,20.546191736609963,0,0,0
0.5,0,12,23.864859443805067,0,0,0
0.0026545325213210387,0,19,15.0,0,0,0
0.5,0,14,20.58936128376809,0,0,0
0.5,0,13,22.03136617571023,0,0,0
0.5,0,19,20.498418213594558,0,0,0
0.0015739133818837,0,12,15.0,0,0,0
0.009676989347178673,0,11,15.0,0,0,0
0.5,0,10,23.985628328039706,0,0,0
0.5,0,19,15.0,0,0,0
0.5,0,17,20.61514255127758,0,0,0
0.006799966700911892,0,7,15.0,0,0,0
0.5,0,12,24.144387485673487,0,0,0
0.17066512569469888,0,10,23.61870548825093,0,0,0
0.1959261983956519,0,15,25.828886084836242,0,0,0
0.5,0,5,19.11043551729926,0,0,0
0.5,0,16,23.590851158527805,0,0,0
0.5,0,16,15.0,0,0,0
0.5,0,8,19.898840208488235,0,0,0
0.026805676191093333,0,7,15.0,0,0,0
0.5,0,15,15.0,0,0,0
0.5,0,9,15.0,0,0,0
0.5,0,20,15.0,0,0,0
0.5,0,17,15.0,0,0,0
0.5,0,20,21.623630430537514,0,0,0
0.5,0,13,26.723376979660024,0,0,0
0.5,0,20,20.40432004528599,0,0,0
0.5,0,5,15.0,0,0,0
0.5,0,9,15.0,0,0,0
0.005966834151985875,0,5,23.55890330206995,0,0,0
0.5,0,15,26.290308615498265,0,0,0
0.5,0,13,15.0,0,0,0
0.5,0,9,15.0,0,0,0
0.016020606133147628,0,9,15.0,0,0,0
0.5,0,15,15.0,0,0,0
0.47437129133474776,0,7,21.037282077428795,0,0,0
0.23721647197876677,0,13,21.60730879836104,0,0,0
0.011469323744646131,0,14,15.0,0,0,0
0.004790014480081113,0,8,20.173863348188977,0,0,0
0.06529403610041243,0,8,15.0,0,0,0
0.5,0,10,15.0,0,0,0
0.5,0,14,26.093108283615184,0,0,0
0.5,0,9,15.0,0,0,0
0.5,0,11,21.236896296766492,0,0,0
0.5,0,13,15.0,0,0,0
0.3583252104821066,0,7,15.0,0,0,0
0.004417454855262541,0,14,15.0,0,0,0
0.25294404545180477,0,7,15.0,0,0,0
0.5,0,7,15.0,0,0,0
0.005756731467621603,0,8,20.966892788566742,0,0,0
0.5,0,9,15.0,0,0,0
0.5,0,5,15.0,0,0,0
0.5,0,20,21.23502892430247,0,0,0
0.5,0,9,24.60626930052801,0,0,0
0.5,0,17,15.0,0,0,0
0.5,0,19,15.0,0,0,0
0.5,0,17,23.287770718978646,0,0,0
0.5,0,18,15.0,0,0,0
0.5,0,6,15.0,0,0,0
0.008720203504389375,0,10,15.0,0,0,0
0.5,0,16,24.21981597311366,0,0,0
0.5,0,14,23.518961519581342,0,0,0
0.002822692876432975,0,5,15.0,0,0,0
0.5,0,14,23.543903015286872,0,0,0
0.5,0,17,15.0,0,0,0
0.5,0,18,20.100849253764498,0,0,0
0.0033157774220807035,0,11,15.0,0,0,0
0.5,0,8,22.05042667888166,0,0,0
0.5,0,9,15.0,0,0,0
0.5,0,9,15.0,0,0,0
0.5,0,10,15.0,0,0,0
0.005161978747496101,0,9,28.44476091313019,0,0,0
0.5,0,12,15.0,0,0,0
0.5,0,5,15.0,0,0,0
0.0034344196854437553,0,9,15.0,0,0,0
0.5,0,10,24.222609300962706,0,0,0
0.4064792155613027,0,7,23.62386782382794,0,0,0
0.5,0,19,26.116468581803936,0,0,0
0.5,0,15,22.608914209706878,0,0,0
0.24806105186825197,0,19,20.454856183778478,0,0,0
0.5,0,13,23.816852123115325,0,0,0
0.5,0,6,32.653736333354125,0,0,0
0.5,0,19,23.90747803102347,0,0,0
0.5,0,12,21.92374018291002,0,0,0
0.5,0,15,19.30163593942901,0,0,0
0.3456089090105601,0,11,15.0,0,0,0
0.5,0,12,15.0,0,0,0
0.02982413948512756,0,12,15.0,0,0,0
0.5,0,9,15.0,0,0,0
0.5,0,13,15.0,0,0,0
0.004379532173795803,0,16,15.0,0,0,0
0.007666917396154198,0,5,23.68484277444082,0,0,0
0.5,0,7,22.176351989178553,0,0,0
0.5,0,18,15.0,0,0,0
0.5,0,14,15.0,0,0,0
0.5,0,20,15.0,0,0,0
0.5,0,14,22.95250451375406,0,0,0
0.5,0,15,25.192880343236116,0,0,0
0.014795928248434663,0,19,15.0,0,0,0
0.5,0,15,15.0,0,0,0
0.0018080486299144783,0,10,15.0,0,0,0
0.5,0,13,22.24416268641713,0,0,0
0.005529607105214469,0,8,24.277554073915802,0,0,0
0.5,0,10,23.778379587949978,0,0,0
0.5,0,15,24.19959293433507,0,0,0
0.5,0,7,26.22010641278746,0,0,0
0.049855376849320475,0,15,15.0,0,0,0
0.5,0,14,25.645919543918186,0,0,0
0.4226469452950903,0,9,15.0,0,0,0
0.5,0,5,15.0,0,0,0
0.5,0,16,15.0,0,0,0
0.5,0,18,15.0,0,0,0
0.5,0,16,15.0,0,0,0
0.005691593915604285,0,11,25.020607168666828,0,0,0
0.11560178796928669,0,15,15.0,0,0,0
0.5,0,11,21.052321339208156,0,0,0
0.23920852443880772,0,10,20.003099107021036,0,0,0
0.5,0,10,15.0,0,0,0
0.5,0,8,20.541259652712952,0,0,0
0.5,0,20,26.057924047459554,0,0,0
0.5,0,15,15.0,0,0,0
0.5,0,7,26.385117804952255,0,0,0
0.5,0,18,20.421311936856906,0,0,0
0.5,0,7,22.338426524886266,0,0,0
0.5,0,14,15.0,0,0,0
0.5,0,7,15.0,0,0,0
0.5,0,10,22.956935063637843,0,0,0
0.5,0,15,23.352516076664813,0,0,0
0.5,0,20,24.60494640514339,0,0,0
0.5,0,20,15.0,0,0,0
0.5,0,19,20.24780319768052,0,0,0
0.013755608705516759,0,8,15.0,0,0,0
0.4815416761700881,0,6,15.0,0,0,0
0.5,0,19,21.24958993055959,0,0,0
0.5,0,19,22.355877490504028,0,0,0
0.009579682821890674,0,9,15.0,0,0,0
0.4773477283290303,0,5,15.0,0,0,0
0.5,0,15,15.0,0,0,0
0.5,0,6,24.717447854841875,0,0,0
0.2908403656196445,0,5,15.0,0,0,0
0.5,0,19,15.0,0,0,0
0.005637700870205032,0,12,15.0,0,0,0
0.5,0,6,22.65097451049263,0,0,0
0.5,0,15,24.992554856830836,0,0,0
0.5,0,10,15.0,0,0,0
0.059211082218459034,0,13,15.0,0,0,0
0.5,0,19,15.0,0,0,0
0.5,0,8,20.863322465726156,0,0,0
0.5,0,15,15.0,0,0,0
0.5,0,18,32.482842692306555,0,0,0
0.5,0,11,15.0,0,0,0
0.5,0,20,24.627481647727244,0,0,0
0.5,0,12,15.0,0,0,0
0.5,0,12,20.418089639193838,0,0,0
0.04836042735571357,0,19,15.0,0,0,0
0.5,0,15,22.413552465243068,0,0,0
0.5,0,18,15.0,0,0,0
0.09928123038345403,0,17,19.250148695388706,0,0,0
0.5,0,16,23.349787732723826,0,0,0
0.43270844356771426,0,8,15.0,0,0,0
0.5,0,11,23.74441335814763,0,0,0
0.5,0,18,21.404153843144936,0,0,0
0.5,0,14,23.773759525162024,0,0,0
0.5,0,9,15.0,0,0,0
0.029508543805368184,0,10,15.0,0,0,0
0.5,0,17,35.56097898273698,0,0,0
0.4887396379736446,0,7,15.0,0,0,0
0.10283303688941363,0,6,15.0,0,0,0
0.025665086238597992,0,17,15.0,0,0,0
0.5,0,9,20.13957578378933,0,0,0
0.0512902901481049,0,17,15.0,0,0,0
0.14860101389716632,0,13,15.0,0,0,0
0.5,0,20,23.812882345578945,0,0,0
0.0014655200917260088,0,13,24.763074644847354,0,0,0
0.5,0,18,20.628786935331288,0,0,0
0.395988991241038,0,18,23.728632361707533,0,0,0
0.5,0,8,21.891244896538073,0,0,0
0.002745425906777154,0,20,15.0,0,0,0
0.5,0,16,80.0,0,0,0
0.06666946954894429,0,6,18.32726109372699,0,0,0
0.11434763052212601,0,5,45.077726247530364,0,0,0
0.0014531176558578599,0,9,18.346584087568857,0,0,0
0.5,0,5,15.0,0,0,0
0.13387840642349713,0,10,20.523210695490974,0,0,0
0.033598292892888404,0,20,15.0,0,0,0
0.02711405114444085,0,12,15.0,0,0,0
0.5,0,5,15.0,0,0,0
0.5,0,12,15.0,0,0,0
0.5,0,8,22.40965859154325,0,0,0
0.5,0,18,15.0,0,0,0
0.5,0,6,25.50147354914449,0,0,0
0.5,0,17,15.0,0,0,0
0.5,0,12,24.70480102785139,0,0,0
0.5,0,5,25.750390559292754,0,0,0
0.5,0,15,15.0,0,0,0
0.5,0,12,80.0,0,0,0
0.5,0,17,25.761243739466533,0,0,0
0.5,0,14,15.0,0,0,0
0.008005875713424686,0,17,15.0,0,0,0
0.5,0,12,20.155387203833506,0,0,0
0.5,0,5,19.808514837229126,0,0,0
0.5,0,7,26.462193672032676,0,0,0
0.30993752560758353,0,12,19.363754931043196,0,0,0
0.16086394928287204,0,11,15.0,0,0,0
0.009891135891035992,0,17,18.033007044238794,0,0,0
0.5,0,11,24.539789092240888,0,0,0
0.5,0,18,15.0,0,0,0
0.5,0,8,15.0,0,0,0
0.5,0,11,15.0,0,0,0
0.5,0,17,19.07188558546235,0,0,0
0.5,0,6,15.0,0,0,0
0.5,0,10,22.386252241865538,0,0,0
0.11552595832611182,0,17,15.0,0,0,0
0.5,0,14,25.07257327078803,0,0,0
0.5,0,17,15.0,0,0,0
0.034219692407792525,0,13,15.0,0,0,0
0.5,0,18,20.581344635034828,0,0,0
0.13174980972054276,0,19,21.13306113595039,0,0,0
0.5,0,20,15.0,0,0,0
0.5,0,6,21.457008297035554,0,0,0
0.5,0,14,23.83995672585925,0,0,0
0.5,0,6,15.0,0,0,0
0.5,0,8,15.0,0,0,0
0.5,0,9,19.527628044877915,0,0,0
0.5,0,15,15.0,0,0,0
0.017599151772750933,0,11,15.0,0,0,0
0.5,0,18,21.017109834912237,0,0,0
0.5,0,9,23.93102425376508,0,0,0
0.5,0,14,15.0,0,0,0
0.5,0,17,15.0,0,0,0
0.005021388877934261,0,20,15.0,0,0,0
0.5,0,8,15.0,0,0,0
0.5,0,16,23.059107630214115,0,0,0
0.5,0,6,15.0,0,0,0
0.5,0,13,19.43736842590142,0,0,0
0.06682836088453885,0,11,15.0,0,0,0
0.41203235484990913,0,20,15.0,0,0,0
0.5,0,17,15.0,0,0,0
0.008791239389036788,0,19,20.291513303510055,0,0,0
0.5,0,18,15.0,0,0,0
0.5,0,11,22.11306666823211,0,0,0
0.01286449183999692,0,16,15.0,0,0,0
0.5,0,5,15.0,0,0,0
0.5,0,13,15.0,0,0,0
0.5,0,5,30.322284139644918,0,0,0
0.008554617984933678,0,16,20.57622525420107,0,0,0
0.23292250693793903,0,20,15.0,0,0,0
0.5,0,15,15.0,0,0,0
0.5,0,18,25.45442429960772,0,0,0
0.5,0,8,15.0,0,0,0
0.5,0,20,32.256197557435684,0,0,0
0.5,0,13,21.461813969778103,0,0,0
0.035373861444900026,0,15,15.0,0,0,0
0.14210349016176038,0,17,18.97771783603,0,0,0
0.5,0,15,15.0,0,0,0
0.5,0,10,15.0,0,0,0
0.5,0,14,15.0,0,0,0
0.5,0,15,15.0,0,0,0
0.5,0,18,24.549924213757997,0,0,0
0.5,0,12,15.0,0,0,0
0.5,0,13,21.590197129223537,0,0,0
0.07073916145698537,0,13,15.0,0,0,0
0.005750215226645023,0,6,23.091652849242728,0,0,0
0.5,0,6,19.30227781894956,0,0,0
0.009775771545583905,0,5,19.82149503139595,0,0,0
0.5,0,15,23.296876336239848,0,0,0
0.0057079687522944575,0,11,27.983136976225197,0,0,0
0.13919360748894694,0,18,15.0,0,0,0
0.5,0,16,15.0,0,0,0
0.5,0,7,26.509293732280117,0,0,0
0.5,0,6,15.0,0,0,0
0.5,0,10,24.788304946882395,0,0,0
0.5,0,19,15.0,0,0,0
0.5,0,5,15.0,0,0,0
0.5,0,7,25.04645757054534,0,0,0
0.5,0,5,21.173929499407873,0,0,0
0.5,0,11,22.885268977590023,0,0,0
0.5,0,20,15.0,0,0,0
0.021951457794782275,0,15,15.0,0,0,0
0.31084663714763633,0,12,19.629392223264468,0,0,0
0.0032858426352377506,0,7,15.0,0,0,0
0.5,0,10,20.96717479866166,0,0,0
0.44356480267750265,0,13,21.92302022637757,0,0,0
0.5,0,9,23.586954364063725,0,0,0
0.013735920816614008,0,16,23.02170217391496,0,0,0
0.5,0,20,24.875627414610094,0,0,0
0.5,0,8,23.159748311699047,0,0,0
0.5,0,9,21.539030642407777,0,0,0
0.17307081548598133,0,7,21.916947143290145,0,0,0
0.5,0,16,15.0,0,0,0
0.5,0,12,15.0,0,0,0
0.5,0,9,15.0,0,0,0
0.5,0,8,22.04045034522475,0,0,0
0.5,0,6,15.0,0,0,0
0.5,0,12,22.502984659890945,0,0,0
0.5,0,15,15.0,0,0,0
0.5,0,8,15.0,0,0,0
0.5,0,5,20.095479855180585,0,0,0
0.5,0,12,24.0333596303614,0,0,0
0.5,0,15,22.479594218982335,0,0,0
0.5,0,10,15.0,0,0,0
0.4627184019359488,0,9,15.0,0,0,0
0.5,0,7,26.122272483795296,0,0,0
0.5,0,16,15.0,0,0,0
0.009826942489314561,0,18,15.0,0,0,0
0.5,0,17,22.128060675330794,0,0,0
0.5,0,13,15.0,0,0,0
0.5,0,16,24.547194312153163,0,0,0
0.011870162216315571,0,11,15.0,0,0,0
0.5,0,5,15.0,0,0,0
0.5,0,10,21.31725869351409,0,0,0
0.5,0,16,15.0,0,0,0
0.5,0,15,20.394933779859315,0,0,0
0.5,0,20,15.0,0,0,0
0.5,0,20,26.257456120243596,0,0,0
0.5,0,8,15.0,0,0,0
0.5,0,5,15.0,0,0,0
0.09698302728525454,0,9,25.185871079667024,0,0,0
0.5,0,19,15.0,0,0,0
0.5,0,18,21.790718374692172,0,0,0
0.5,0,6,15.0,0,0,0
0.5,0,7,21.810337244238667,0,0,0
0.011997687636896752,0,14,21.125602577842123,0,0,0
0.1984836618203384,0,15,15.0,0,0,0
0.5,0,20,15.0,0,0,0
0.0027794540941852067,0,17,15.0,0,0,0
0.017426582179511197,0,8,15.0,0,0,0
0.5,0,5,15.0,0,0,0
0.5,0,15,20.697399232235774,0,0,0
0.0023277858478228377,0,13,19.396388874605623,0,0,0
0.003491515401055894,0,19,15.0,0,0,0
0.5,0,14,18.93734621834469,0,0,0
0.5,0,13,15.0,0,0,0
0.5,0,9,23.391148549183498,0,0,0
0.5,0,6,23.72245082190903,0,0,0
0.5,0,19,20.426217020589853,0,0,0
0.5,0,18,15.0,0,0,0
0.5,0,7,23.461025497118786,0,0,0
0.003133655688820443,0,16,15.0,0,0,0
0.5,0,10,15.0,0,0,0
0.5,0,11,15.0,0,0,0
0.5,0,18,15.0,0,0,0
0.5,0,18,15.0,0,0,0
0.00575813755931792,0,8,23.528631980067388,0,0,0
0.12576571397831288,0,9,28.502501240922477,0,0,0
0.5,0,18,22.544879170690077,0,0,0
0.5,0,19,15.0,0,0,0
0.09924088704899593,0,6,22.465642303893496,0,0,0
0.5,0,18,15.0,0,0,0
0.5,0,12,26.099865671295234,0,0,0
0.5,0,14,20.116424207003135,0,0,0
0.005549247762584459,0,6,19.942395709289233,0,0,0
0.5,0,15,22.594016519013874,0,0,0
0.5,0,15,20.69577037731903,0,0,0
0.5,0,15,15.0,0,0,0
0.5,0,17,23.927669227258704,0,0,0
0.007077436862761634,0,20,15.0,0,0,0
0.5,0,18,22.55494581703597,0,0,0
0.5,0,16,25.28296413749591,0,0,0
0.5,0,20,15.0,0,0,0
0.5,0,15,22.267677280933498,0,0,0
0.5,0,15,19.94391274539733,0,0,0
0.5,0,13,15.0,0,0,0
0.5,0,17,23.534536881953635,0,0,0
0.4469754879461447,0,6,33.619008022004984,0,0,0
0.5,0,13,15.0,0,0,0
0.3624548111995264,0,11,15.0,0,0,0
0.011001063951792931,0,19,15.0,0,0,0
0.5,0,6,18.692915241737694,0,0,0
0.5,0,15,15.0,0,0,0
0.0024231504589867503,0,7,15.0,0,0,0
0.00441675868287003,0,19,20.948086927411214,0,0,0
0.004292325664491377,0,18,15.0,0,0,0
0.04932358825074771,0,8,15.0,0,0,0
0.5,0,18,24.353605675474626,0,0,0
0.5,0,12,15.0,0,0,0
0.5,0,20,20.670398614765244,0,0,0
0.5,0,16,15.0,0,0,0
0.5,0,5,20.54171066523302,0,0,0
0.0034054543752421174,0,8,15.0,0,0,0
0.5,0,11,20.99623965601985,0,0,0
0.5,0,8,15.0,0,0,0
0.5,0,7,23.410366469976925,0,0,0
0.5,0,20,15.0,0,0,0
0.10925319956405512,0,18,22.389333632229317,0,0,0
0.5,0,11,23.05187319222889,0,0,0
0.5,0,8,25.053435575901297,0,0,0
0.5,0,7,24.922700896843267,0,0,0
0.5,0,19,15.0,0,0,0
0.5,0,10,25.719861396987703,0,0,0
0.5,0,5,24.451661278674408,0,0,0
0.5,0,11,15.0,0,0,0
0.0022156320105743794,0,12,15.0,0,0,0
0.5,0,14,15.0,0,0,0
0.05187555060154333,0,10,15.0,0,0,0
0.5,0,19,26.28255376986861,0,0,0
0.5,0,15,15.0,0,0,0
0.0019264915889172548,0,20,15.0,0,0,0
0.5,0,10,15.0,0,0,0
0.5,0,15,15.0,0,0,0
0.5,0,10,20.94609757787641,0,0,0
0.5,0,16,24.05246970880666,0,0,0
0.5,0,16,32.15549482660512,0,0,0
0.5,0,10,23.858571384444087,0,0,0
0.5,0,20,21.952456142672023,0,0,0
0.38243967662161843,0,18,15.0,0,0,0
0.5,0,19,25.180755178718144,0,0,0
0.5,0,8,46.02394658327851,0,0,0
0.1753286728784947,0,16,15.0,0,0,0
0.5,0,6,25.112141624869096,0,0,0
0.5,0,6,15.0,0,0,0
0.24049162015101755,0,20,20.024510178390816,0,0,0
0.5,0,7,21.211427627085822,0,0,0
0.5,0,18,21.107730981425462,0,0,0
0.5,0,11,15.0,0,0,0
0.5,0,9,20.69513491271418,0,0,0
0.5,0,6,21.9557151685161,0,0,0
0.5,0,15,15.0,0,0,0
0.5,0,16,19.977472840133128,0,0,0
0.5,0,12,15.0,0,0,0
0.01174216777537062,0,17,57.45347502719474,0,0,0
0.41502960350886287,0,10,15.0,0,0,0
0.013133854015265362,0,13,15.0,0,0,0
0.010343085300618891,0,9,20.299003741960735,0,0,0
0.023733314551933924,0,14,15.0,0,0,0
0.5,0,7,15.0,0,0,0
0.5,0,12,15.0,0,0,0
0.5,0,13,25.10518580881362,0,0,0
0.5,0,13,15.0,0,0,0
0.0642381339350664,0,12,15.0,0,0,0
0.5,0,15,15.0,0,0,0
0.5,0,13,15.0,0,0,0
0.5,0,9,15.0,0,0,0
0.5,0,8,15.0,0,0,0
0.5,0,15,24.443677382885337,0,0,0
0.5,0,20,15.0,0,0,0
0.5,0,17,20.79264394058379,0,0,0
0.056051368580840824,0,15,15.0,0,0,0
0.5,0,19,24.438310338905275,0,0,0
0.039060717327857694,0,19,15.0,0,0,0
0.5,0,13,23.856561994584293,0,0,0
0.5,0,6,22.685992839403525,0,0,0
0.004199662114353581,0,15,22.134645577281553,0,0,0
0.5,0,14,31.62544727921611,0,0,0
0.022633832122978276,0,9,15.0,0,0,0
0.5,0,18,22.033704243428595,0,0,0
0.5,0,18,23.348860920328512,0,0,0
0.5,0,10,15.0,0,0,0
0.5,0,12,22.75880032352076,0,0,0
0.5,0,8,23.448249372273047,0,0,0
0.5,0,7,15.0,0,0,0
0.011986708846076612,0,9,18.30572386833692,0,0,0
0.5,0,10,23.303953692906255,0,0,0
0.18480903569164867,0,9,22.960003328262324,0,0,0
0.460139460449652,0,7,21.280105269417167,0,0,0
0.002840135344360016,0,12,18.938931323926866,0,0,0
0.5,0,14,23.512036907913604,0,0,0
0.11432421993221811,0,10,15.0,0,0,0
0.5,0,13,19.922273757824883,0,0,0
0.005957268287800878,0,9,23.51185047818637,0,0,0
0.5,0,16,23.47747850329305,0,0,0
0.5,0,15,22.77859643508897,0,0,0
0.0028615561705352542,0,20,28.950178371625903,0,0,0
0.28142731518949377,0,5,15.0,0,0,0
0.5,0,18,19.938890822758975,0,0,0
0.5,0,10,21.380225028501215,0,0,0
0.3593418742541627,0,6,22.25917379536499,0,0,0
0.5,0,16,23.668111171401154,0,0,0
0.008772833289780523,0,7,20.786727425955398,0,0,0
0.002731408057307579,0,7,15.0,0,0,0
0.5,0,20,21.67295170417221,0,0,0
0.5,0,8,80.0,0,0,0
0.5,0,13,15.0,0,0,0
0.5,0,8,15.0,0,0,0
0.5,0,6,15.0,0,0,0
0.5,0,5,15.0,0,0,0
0.005853538782977986,0,5,28.984214061094086,0,0,0
0.5,0,12,15.0,0,0,0
0.5,0,11,15.0,0,0,0
0.5,0,5,20.57034375057715,0,0,0
0.5,0,10,23.59019313510955,0,0,0
0.5,0,9,15.0,0,0,0
0.5,0,14,15.0,0,0,0
0.5,0,20,15.0,0,0,0
0.5,0,16,22.973585888924795,0,0,0
0.5,0,19,15.0,0,0,0
0.02935569508333258,0,8,15.0,0,0,0
0.5,0,8,15.0,0,0,0
0.5,0,17,15.0,0,0,0
0.5,0,9,15.0,0,0,0
0.5,0,18,25.791808280391102,0,0,0
0.5,0,12,24.044327333990594,0,0,0
0.5,0,8,20.902737539615185,0,0,0
0.5,0,18,21.95815487124671,0,0,0
0.5,0,13,15.0,0,0,0
0.5,0,17,15.0,0,0,0
0.5,0,12,15.0,0,0,0
0.011710019438500198,0,7,21.13727870582729,0,0,0
0.5,0,15,20.39637621976941,0,0,0
0.001975021267653769,0,6,15.0,0,0,0
0.5,0,15,15.0,0,0,0
0.5,0,11,15.0,0,0,0
0.5,0,17,20.320937073646377,0,0,0
0.5,0,18,15.0,0,0,0
0.5,0,11,20.41504275536651,0,0,0
0.5,0,19,22.7934573954093,0,0,0
0.16308335994587486,0,6,15.0,0,0,0
0.5,0,6,49.79112631543128,0,0,0
0.5,0,20,24.37701531619578,0,0,0
0.5,0,14,23.824995899142813,0,0,0
0.124981061993447,0,12,15.0,0,0,0
0.0726422593192296,0,7,15.0,0,0,0
0.5,0,9,15.0,0,0,0
0.5,0,15,15.0,0,0,0
0.5,0,18,20.35729197387241,0,0,0
0.0041318324083073595,0,19,15.0,0,0,0
0.5,0,11,22.384251260409386,0,0,0
0.5,0,12,15.0,0,0,0
0.2135940671674736,0,7,15.0,0,0,0
0.01026031164252282,0,6,20.572547419534388,0,0,0
0.0062207364996661576,0,12,15.0,0,0,0
0.5,0,14,20.558119468346145,0,0,0
0.5,0,6,19.269259361902996,0,0,0
0.5,0,11,15.0,0,0,0
0.005072975847504502,0,15,21.17539185563145,0,0,0
0.5,0,17,15.0,0,0,0
0.5,0,20,22.36771287160611,0,0,0
0.5,0,10,15.0,0,0,0
0.5,0,11,22.94699873580847,0,0,0
0.5,0,18,15.0,0,0,0
0.5,0,16,20.67214485289938,0,0,0
0.5,0,9,23.411499977113227,0,0,0
0.10522591811745323,0,15,15.0,0,0,0
0.5,0,7,21.681350939180103,0,0,0
0.5,0,12,34.901342026350335,0,0,0
0.5,0,9,15.0,0,0,0
0.5,0,20,20.8786845791763,0,0,0
0.5,0,5,21.22097040721289,0,0,0
0.23048299020362573,0,18,22.711655679208967,0,0,0
0.06030548463174323,0,9,15.0,0,0,0
0.5,0,5,15.0,0,0,0
0.5,0,15,19.719523472877253,0,0,0
0.5,0,15,20.043238532953417,0,0,0
0.5,0,7,19.893173358946495,0,0,0
0.5,0,5,15.0,0,0,0
0.5,0,6,22.525039740021455,0,0,0
0.5,0,11,21.980448789251092,0,0,0
0.5,0,7,15.0,0,0,0
0.5,0,16,15.0,0,0,0
0.06478047066930405,0,6,15.0,0,0,0
0.5,0,17,19.65677920591598,0,0,0
0.009778530484675535,0,18,21.935412717982516,0,0,0
0.5,0,16,15.0,0,0,0
0.001,0,20,15.0,0,0,0
0.5,0,20,24.551792016926914,0,0,0
0.3846433158985116,0,5,15.0,0,0,0
0.1357592920826962,0,10,15.0,0,0,0
0.026998173569187312,0,17,15.0,0,0,0
0.0036825133810039572,0,10,15.0,0,0,0
0.008558494616716483,0,16,23.836243357081454,0,0,0
0.5,0,17,23.962056182196584,0,0,0
0.013474769899645671,0,20,15.0,0,0,0
0.5,0,10,21.768225532759296,0,0,0
0.17029390962349095,0,10,15.0,0,0,0
0.18758953679667376,0,5,21.217413210132577,0,0,0
0.27948245304587976,0,9,25.23042619909817,0,0,0
0.008975827166394612,0,9,15.0,0,0,0
0.5,0,12,15.0,0,0,0
0.0033376033259004184,0,11,15.0,0,0,0
0.5,0,18,15.0,0,0,0
0.5,0,17,22.610298246537823,0,0,0
0.05677093617354434,0,16,15.0,0,0,0
0.5,0,5,21.144709434040358,0,0,0
0.5,0,12,15.0,0,0,0
0.005448884695121684,0,16,15.0,0,0,0
0.5,0,8,18.376227524419054,0,0,0
0.5,0,11,19.650086110508486,0,0,0
0.008161596915368653,0,16,15.0,0,0,0
0.21738373127159308,0,17,15.0,0,0,0
0.0020688262621872014,0,18,15.0,0,0,0
0.031381452091799704,0,11,15.0,0,0,0
0.00572632128798598,0,11,29.018109134513047,0,0,0
0.5,0,11,20.543107647574708,0,0,0
0.5,0,15,19.893807204193482,0,0,0
0.02731580653105856,0,11,15.0,0,0,0
0.5,0,11,22.429913621714398,0,0,0
0.5,0,7,25.44586389801868,0,0,0
0.5,0,12,24.55888572754922,0,0,0
0.5,0,8,15.0,0,0,0
0.181978657693828,0,13,15.0,0,0,0
0.5,0,19,25.19912334370969,0,0,0
0.0029246246277968456,0,17,15.0,0,0,0
0.5,0,12,23.34652515282178,0,0,0
0.5,0,20,19.52862859613638,0,0,0
0.5,0,20,15.0,0,0,0
0.5,0,12,22.146795397625137,0,0,0
0.004378726983345708,0,17,21.252497518744505,0,0,0
0.5,0,10,19.89028026099278,0,0,0
0.004043914910021498,0,19,15.0,0,0,0
0.5,0,10,15.0,0,0,0
0.5,0,9,15.0,0,0,0
0.0030869420396176504,0,7,15.0,0,0,0
0.5,0,18,15.0,0,0,0
0.11045392496267177,0,9,15.0,0,0,0
0.019692880337806012,0,18,15.0,0,0,0
0.5,0,6,15.0,0,0,0
0.5,0,13,21.949162471979278,0,0,0
0.5,0,11,15.0,0,0,0
0.5,0,12,15.0,0,0,0
0.010021372644614649,0,7,15.0,0,0,0
0.009413378142627972,0,6,15.0,0,0,0
0.5,0,10,15.0,0,0,0
0.5,0,12,15.0,0,0,0
0.3972701423154854,0,17,20.038012646926934,0,0,0
0.5,0,12,15.0,0,0,0
0.5,0,8,22.02735656809674,0,0,0
0.002508131526159587,0,9,15.0,0,0,0
0.5,0,14,21.032392231524014,0,0,0
0.5,0,11,25.15370630534708,0,0,0
0.04391699884240567,0,19,15.0,0,0,0
0.5,0,12,15.0,0,0,0
0.5,0,14,25.93100845264885,0,0,0
0.5,0,6,24.14479676412401,0,0,0
0.03637778976567938,0,8,15.0,0,0,0
0.011914734270100468,0,18,15.0,0,0,0
0.5,0,10,20.68575839338528,0,0,0
0.5,0,11,15.0,0,0,0
0.5,0,14,15.0,0,0,0
0.5,0,5,20.39082615303884,0,0,0
0.5,0,13,15.0,0,0,0
0.5,0,10,29.01368514212764,0,0,0
0.05842290580916164,0,7,15.0,0,0,0
0.5,0,11,15.0,0,0,0
0.5,0,12,15.0,0,0,0
0.5,0,7,23.27223690495483,0,0,0
0.5,0,13,15.0,0,0,0
0.0043902484821846735,0,16,19.088581223584278,0,0,0
0.5,0,9,15.0,0,0,0
0.2982777211853167,0,20,15.0,0,0,0
0.5,0,14,22.238201630855656,0,0,0
0.5,0,17,21.877925998544264,0,0,0
0.5,0,6,15.0,0,0,0
0.06011430337107454,0,17,15.0,0,0,0
0.5,0,10,21.873500967902295,0,0,0
0.5,0,16,22.56137243189516,0,0,0
0.010438904598800477,0,17,15.0,0,0,0
0.5,0,9,23.734915236104356,0,0,0
0.5,0,9,15.0,0,0,0
0.5,0,5,15.0,0,0,0
0.5,0,14,15.0,0,0,0
0.5,0,17,20.54915484946456,0,0,0
0.00475757096867578,0,11,32.87812200798547,0,0,0
0.5,0,7,15.0,0,0,0
0.5,0,10,22.50631493616172,0,0,0
0.5,0,11,20.053552994784727,0,0,0
0.025036302465745255,0,19,15.0,0,0,0
0.5,0,6,15.0,0,0,0
0.33643740249577686,0,10,18.02089154210767,0,0,0
0.5,0,15,20.24058702986152,0,0,0
0.31613596396652005,0,8,15.0,0,0,0
0.4355050847220282,0,19,23.69432804188584,0,0,0
0.5,0,19,15.0,0,0,0
0.5,0,11,19.06400197978039,0,0,0
0.5,0,16,25.17220983488823,0,0,0
0.5,0,17,20.12084923083449,0,0,0
0.5,0,15,21.803398320646544,0,0,0
0.5,0,7,22.356224953764944,0,0,0
0.5,0,5,15.0,0,0,0
0.5,0,10,15.0,0,0,0
0.5,0,7,21.612255731007764,0,0,0
0.5,0,9,15.0,0,0,0
0.5,0,15,15.0,0,0,0
0.5,0,14,15.0,0,0,0
0.5,0,8,29.462631864701464,0,0,0
0.1148996439463076,0,5,15.0,0,0,0
0.008778193022559338,0,8,15.0,0,0,0
0.5,0,12,21.73770396481358,0,0,0
0.5,0,17,15.0,0,0,0
0.5,0,10,20.56522616180541,0,0,0
0.5,0,9,15.0,0,0,0
0.5,0,13,15.0,0,0,0
0.5,0,6,19.942910187196414,0,0,0
0.5,0,8,15.0,0,0,0
0.5,0,5,15.0,0,0,0
0.5,0,13,15.0,0,0,0
0.5,0,12,15.0,0,0,0
0.5,0,14,24.563356400095692,0,0,0
0.5,0,14,15.0,0,0,0
0.5,0,11,15.0,0,0,0
0.10524261771487549,0,18,21.013667470853594,0,0,0
0.5,0,19,24.16761312106067,0,0,0
0.5,0,6,36.28860570807925,0,0,0
0.010664588432268751,0,19,15.0,0,0,0
0.5,0,8,22.394372599529913,0,0,0
0.5,0,8,19.38953484752948,0,0,0
0.5,0,13,15.0,0,0,0
0.5,0,5,15.0,0,0,0
0.5,0,10,23.534061843343164,0,0,0
0.005473146186231466,0,8,24.97605837799658,0,0,0
0.5,0,12,25.39862016037165,0,0,0
0.5,0,18,23.902023026108708,0,0,0
0.5,0,19,15.0,0,0,0
0.5,0,8,23.78103361951781,0,0,0
0.1700359717408043,0,13,15.0,0,0,0
0.5,0,12,20.191796236819346,0,0,0
0.10033029310301439,0,11,22.189778367529232,0,0,0
0.5,0,15,15.0,0,0,0
0.009090345989663568,0,20,21.074882173602166,0,0,0
0.4508456156930258,0,11,15.0,0,0,0
0.5,0,6,15.0,0,0,0
0.008617692352088572,0,19,20.1759879471421,0,0,0
0.5,0,19,15.0,0,0,0
0.5,0,10,15.0,0,0,0
0.42386122839857726,0,13,44.33658061127615,0,0,0
0.5,0,18,15.0,0,0,0
0.5,0,13,23.612102928597942,0,0,0
0.5,0,12,21.049568101628957,0,0,0
0.5,0,19,20.35033156030982,0,0,0
0.011068867279949197,0,18,15.0,0,0,0
0.09924713044795877,0,13,22.62772704571063,0,0,0
0.5,0,7,21.312515608106803,0,0,0
0.5,0,12,19.034186289506376,0,0,0
0.5,0,15,18.665450310380816,0,0,0
0.5,0,9,15.0,0,0,0
0.5,0,13,15.0,0,0,0
0.5,0,15,19.18691732992305,0,0,0
0.5,0,6,22.001992582154827,0,0,0
0.5,0,14,15.0,0,0,0
0.5,0,16,15.0,0,0,0
0.013674042849509438,0,8,15.0,0,0,0
0.5,0,13,20.653156498058205,0,0,0
0.5,0,16,22.549743598626964,0,0,0
0.5,0,5,59.19819666816013,0,0,0
0.02227308552786984,0,15,15.0,0,0,0
0.00889282398489669,0,9,15.0,0,0,0
0.5,0,11,15.0,0,0,0
0.5,0,15,21.304726537984415,0,0,0
0.5,0,5,15.0,0,0,0
0.004481854232828624,0,5,22.116718739189622,0,0,0
0.5,0,12,15.0,0,0,0
0.2097924885001408,0,20,19.607930206783955,0,0,0
0.19204142008523126,0,5,15.0,0,0,0
0.5,0,17,25.63578783228568,0,0,0
0.2344709718492509,0,6,15.0,0,0,0
0.5,0,12,15.0,0,0,0
0.4739335150766685,0,11,15.0,0,0,0
0.08930573066906487,0,12,15.0,0,0,0
0.5,0,6,25.868913199707173,0,0,0
0.0038050195470087297,0,17,15.0,0,0,0
0.5,0,9,21.92229145423012,0,0,0
0.007186767308792539,0,17,15.0,0,0,0
0.5,0,15,24.52826764006764,0,0,0
0.5,0,13,24.658430371027606,0,0,0
0.5,0,9,15.0,0,0,0
0.5,0,15,20.78374754997651,0,0,0
0.5,0,20,22.70398535497341,0,0,0
0.016508342622133593,0,19,15.0,0,0,0
0.5,0,19,34.95480000130652,0,0,0
0.5,0,8,19.130800133362335,0,0,0
0.5,0,14,15.0,0,0,0
0.5,0,11,23.43708819448868,0,0,0
0.5,0,20,25.053023310878217,0,0,0
0.5,0,20,80.0,0,0,0
0.15237450528681923,0,18,15.0,0,0,0
0.006781810908236788,0,7,15.0,0,0,0
0.04364639753976184,0,10,15.0,0,0,0
0.5,0,16,15.0,0,0,0
0.5,0,16,25.081457764802153,0,0,0
0.5,0,10,24.587176816230205,0,0,0
0.1867767706812546,0,7,15.0,0,0,0
0.011979296854483472,0,7,18.478228232637555,0,0,0
0.5,0,15,21.211907812870106,0,0,0
0.02872559613029897,0,12,15.0,0,0,0
0.5,0,12,15.0,0,0,0
0.5,0,18,20.454421966561878,0,0,0
0.0021148442027984554,0,5,15.0,0,0,0
0.5,0,17,15.0,0,0,0
0.5,0,9,21.277568159851423,0,0,0
0.5,0,19,15.0,0,0,0
0.5,0,20,25.18545522754593,0,0,0
0.5,0,13,22.79331256180568,0,0,0
0.5,0,10,15.0,0,0,0
0.5,0,8,15.0,0,0,0
0.5,0,7,15.0,0,0,0
0.5,0,20,15.0,0,0,0
0.5,0,8,15.0,0,0,0
0.5,0,12,15.0,0,0,0
0.5,0,12,15.0,0,0,0
0.02264166882891195,0,15,15.0,0,0,0
0.26092494185469584,0,18,15.0,0,0,0
0.5,0,13,15.0,0,0,0
0.00905884684247815,0,17,22.058667101157273,0,0,0
0.009963435328260757,0,14,15.0,0,0,0
0.2013738805632126,0,11,15.0,0,0,0
0.5,0,7,23.183286917596643,0,0,0
0.5,0,8,15.0,0,0,0
0.49147029263372466,0,11,15.0,0,0,0
0.5,0,5,26.305197301229924,0,0,0
0.5,0,10,23.8052291565443,0,0,0
0.01073419264934079,0,12,15.0,0,0,0
0.5,0,12,15.0,0,0,0
0.5,0,18,15.0,0,0,0
0.010183717069682168,0,20,24.135270511656724,0,0,0
0.03167339735824168,0,16,15.0,0,0,0
0.5,0,6,24.20829479229374,0,0,0
0.42122711898512993,0,11,21.516162252684015,0,0,0
0.061408824634808686,0,16,15.0,0,0,0
0.5,0,14,23.867449827948715,0,0,0
0.5,0,12,19.762681750590424,0,0,0
0.5,0,11,27.474003888828673,0,0,0
0.5,0,11,15.0,0,0,0
0.5,0,14,24.22070273297763,0,0,0
0.5,0,7,15.0,0,0,0
0.5,0,13,15.0,0,0,0
0.5,0,8,20.502834570032434,0,0,0
0.00944246986293924,0,15,22.309043773347355,0,0,0
0.11666837336106264,0,18,20.504016241040407,0,0,0
0.5,0,13,19.643460153267434,0,0,0
0.5,0,11,15.39602345371482,0,0,0
0.5,0,20,25.752513914412187,0,0,0
0.5,0,15,15.0,0,0,0
0.5,0,11,25.33285890403587,0,0,0
0.5,0,5,15.0,0,0,0
0.0021177426691838504,0,5,15.0,0,0,0
0.05675146003706753,0,8,15.0,0,0,0
0.5,0,8,15.0,0,0,0
0.5,0,16,15.0,0,0,0
0.5,0,13,15.0,0,0,0
0.001910618683494992,0,20,15.0,0,0,0
0.5,0,13,24.880162432383468,0,0,0
0.5,0,19,21.435731229679178,0,0,0
0.010919260985211468,0,13,21.249516569955844,0,0,0
0.5,0,10,15.0,0,0,0
0.5,0,16,15.0,0,0,0
0.5,0,12,15.0,0,0,0
0.004401124942643108,0,9,26.056733998457336,0,0,0
0.5,0,12,22.46690011213835,0,0,0
0.5,0,15,19.523298968212487,0,0,0
0.5,0,11,15.0,0,0,0
0.5,0,16,15.0,0,0,0
0.2905860328455648,0,20,15.0,0,0,0
0.5,0,11,23.311615312895654,0,0,0
0.4425686140002666,0,9,15.0,0,0,0
0.5,0,11,15.0,0,0,0
0.45995939082689796,0,18,15.0,0,0,0
0.008540152384224946,0,7,19.15583258854542,0,0,0
0.04103024952285799,0,20,15.0,0,0,0
0.5,0,11,24.82762810396833,0,0,0
0.5,0,18,15.0,0,0,0
0.5,0,17,22.65842678071082,0,0,0
0.5,0,17,15.0,0,0,0
0.004070233622219334,0,19,22.371518783051027,0,0,0
0.5,0,7,20.815568641971222,0,0,0
0.5,0,14,25.14636366980907,0,0,0
0.5,0,6,24.116862601432445,0,0,0
0.5,0,9,26.12253020993613,0,0,0
0.5,0,5,15.0,0,0,0
0.13273102192114855,0,15,15.0,0,0,0
0.15723061762417168,0,14,33.944468400952815,0,0,0
0.5,0,16,15.0,0,0,0
0.5,0,7,15.0,0,0,0
0.0412908989685492,0,10,21.070213034241966,0,0,0
0.5,0,15,15.0,0,0,0
0.5,0,18,15.0,0,0,0
0.5,0,19,15.0,0,0,0
0.4859276664171209,0,6,15.0,0,0,0
0.5,0,11,22.88875496910212,0,0,0
0.5,0,5,15.0,0,0,0
0.5,0,18,15.0,0,0,0
0.001,0,6,23.78194465566476,0,0,0
0.5,0,18,15.0,0,0,0
0.5,0,7,15.0,0,0,0
0.5,0,5,15.0,0,0,0
0.5,0,19,23.119740599640124,0,0,0
0.016355636236372664,0,12,15.0,0,0,0
0.5,0,11,24.25962357942672,0,0,0
0.5,0,15,20.02409239336418,0,0,0
0.002795774356714388,0,9,15.0,0,0,0
0.5,0,16,24.131273567055946,0,0,0
0.5,0,11,33.05898024375076,0,0,0
0.5,0,9,22.250480865422176,0,0,0
0.5,0,11,20.211738923200894,0,0,0
0.5,0,5,15.0,0,0,0
0.09380355076118009,0,9,20.54273658257408,0,0,0
0.5,0,14,22.495139056858445,0,0,0
0.5,0,7,15.0,0,0,0
0.5,0,6,15.0,0,0,0
0.5,0,15,15.0,0,0,0
0.5,0,11,24.9593039038808,0,0,0
0.5,0,7,15.0,0,0,0
0.016952546111510692,0,16,15.0,0,0,0
0.5,0,17,15.0,0,0,0
0.5,0,5,19.347071337147515,0,0,0
0.1911792984097889,0,8,15.0,0,0,0
0.5,0,10,15.0,0,0,0
0.5,0,16,22.946475425112094,0,0,0
0.5,0,6,21.592777167819232,0,0,0
0.5,0,17,22.109690516314306,0,0,0
0.009464011364514918,0,10,22.613962784219332,0,0,0
0.472825483202256,0,7,15.0,0,0,0
0.016148256629601024,0,18,15.0,0,0,0
0.5,0,6,24.196466761204288,0,0,0
0.5,0,7,25.421338537432174,0,0,0
0.024960759241510706,0,20,15.0,0,0,0
0.059420772085409745,0,13,15.0,0,0,0
0.5,0,12,15.0,0,0,0
0.5,0,15,15.0,0,0,0
0.0020499429040180127,0,15,15.0,0,0,0
0.5,0,14,23.924847856468833,0,0,0
0.5,0,5,24.13454956857203,0,0,0
0.5,0,13,23.745403752950693,0,0,0
0.02812617836631191,0,9,15.0,0,0,0
0.5,0,17,21.094395625917656,0,0,0
0.001642916839452702,0,13,15.0,0,0,0
0.5,0,6,15.0,0,0,0
0.5,0,19,21.415103168775712,0,0,0
0.5,0,9,15.0,0,0,0
0.2231003573480972,0,9,15.0,0,0,0
0.5,0,19,15.0,0,0,0
0.5,0,17,20.575481852178516,0,0,0
0.5,0,18,15.0,0,0,0
0.5,0,15,19.857826218475797,0,0,0
0.003121857184931019,0,19,15.0,0,0,0
0.1229297912286282,0,6,15.0,0,0,0
0.5,0,14,22.006972042839074,0,0,0
0.004515225232364073,0,9,20.417830527295934,0,0,0
0.005733217664307345,0,11,25.23397790665428,0,0,0
0.5,0,8,22.41804941566437,0,0,0
0.0183931384744307,0,8,15.0,0,0,0
0.03988723123190746,0,12,20.64213115582431,0,0,0
0.1782215693777081,0,19,15.0,0,0,0
0.5,0,15,21.67518764355374,0,0,0
0.17539633616708558,0,10,15.0,0,0,0
0.5,0,11,15.0,0,0,0
0.48366130854882805,0,13,15.0,0,0,0
0.5,0,8,15.0,0,0,0
0.5,0,13,15.0,0,0,0
0.18931992226909536,0,16,15.0,0,0,0
0.5,0,8,15.0,0,0,0
0.5,0,14,24.05446726067164,0,0,0
0.5,0,16,21.699681275248604,0,0,0
0.5,0,13,15.0,0,0,0
0.5,0,9,26.22762794667622,0,0,0
0.5,0,13,19.603302979090984,0,0,0
0.2894480582329105,0,17,25.75860017372451,0,0,0
0.5,0,8,24.247016161147503,0,0,0
0.010338079890388948,0,14,15.0,0,0,0
0.5,0,15,15.0,0,0,0
0.013525905710997417,0,10,15.0,0,0,0
0.5,0,11,19.076315323016075,0,0,0
0.18578513200833816,0,19,15.0,0,0,0
0.5,0,10,21.392614192964068,0,0,0
0.5,0,14,22.247437084978458,0,0,0
0.5,0,7,15.0,0,0,0
0.5,0,19,21.48108881722823,0,0,0
0.5,0,14,15.0,0,0,0
0.5,0,17,15.0,0,0,0
0.5,0,14,15.0,0,0,0
0.5,0,10,15.0,0,0,0
0.5,0,10,23.52414254236511,0,0,0
0.5,0,16,23.866487205859777,0,0,0
0.5,0,18,22.148505558178492,0,0,0
0.5,0,7,19.22895421701876,0,0,0
0.14207582978192648,0,18,15.0,0,0,0
0.09608090652385737,0,18,18.781025849693943,0,0,0
0.03961270639620331,0,6,15.0,0,0,0
0.49542915314385855,0,6,15.0,0,0,0
0.5,0,16,15.0,0,0,0
0.5,0,18,21.764162179727098,0,0,0
0.5,0,11,23.24183847861482,0,0,0
0.5,0,15,21.13027040677493,0,0,0
0.5,0,20,15.0,0,0,0
0.5,0,10,15.0,0,0,0
0.5,0,8,15.0,0,0,0
0.5,0,20,23.13243867114754,0,0,0
0.5,0,9,20.30483247860588,0,0,0
0.5,0,12,22.300937094494977,0,0,0
0.5,0,12,15.0,0,0,0
0.5,0,13,24.374712510036904,0,0,0
0.5,0,9,15.0,0,0,0
0.5,0,15,23.36795859181498,0,0,0
0.5,0,16,19.434238452908136,0,0,0
0.5,0,8,22.27727914000316,0,0,0
0.5,0,12,21.0034077647434,0,0,0
0.5,0,5,20.01414786907447,0,0,0
0.5,0,8,15.0,0,0,0
0.5,0,20,21.809041314097833,0,0,0
0.5,0,13,24.65319175234438,0,0,0
0.5,0,14,19.45932477534211,0,0,0
0.039421784104032846,0,19,15.0,0,0,0
0.5,0,16,15.0,0,0,0
0.5,0,17,15.0,0,0,0
0.5,0,16,21.15856736234788,0,0,0
0.5,0,12,15.0,0,0,0
0.36011728126565473,0,15,21.131236822286194,0,0,0
0.5,0,9,21.945413875693987,0,0,0
0.5,0,19,20.303764888452417,0,0,0
0.5,0,7,15.0,0,0,0
0.008296282210954827,0,19,22.686200445314533,0,0,0
0.5,0,19,22.04020798253552,0,0,0
0.003709914103350424,0,7,15.0,0,0,0
0.2431436220741056,0,16,19.092846840229488,0,0,0
0.5,0,20,20.521373491995025,0,0,0
0.5,0,14,22.60935829883109,0,0,0
0.5,0,10,15.0,0,0,0
0.016276147812275776,0,19,15.0,0,0,0
0.5,0,13,15.0,0,0,0
0.5,0,6,15.0,0,0,0
0.5,0,8,15.0,0,0,0
0.5,0,15,24.1515641410004,0,0,0
0.24976947088869697,0,12,15.0,0,0,0
0.5,0,8,22.807600662219823,0,0,0
0.13555309303799634,0,17,15.0,0,0,0
0.5,0,6,23.615060471423092,0,0,0
0.5,0,8,21.89586363032925,0,0,0
0.5,0,12,15.0,0,0,0
0.5,0,5,23.92722433046834,0,0,0
0.006037993432707532,0,11,15.0,0,0,0
0.5,0,19,15.0,0,0,0
0.5,0,20,20.767478042833226,0,0,0
0.002162046888335802,0,18,15.0,0,0,0
0.5,0,10,20.070089190834153,0,0,0
0.5,0,6,15.0,0,0,0
0.5,0,18,15.0,0,0,0
0.16031664363262868,0,10,15.0,0,0,0
0.1162177348844612,0,16,15.0,0,0,0
0.5,0,6,15.0,0,0,0
0.5,0,15,15.0,0,0,0
0.5,0,14,15.0,0,0,0
0.2720802827942781,0,19,15.0,0,0,0
0.5,0,6,24.69298656212916,0,0,0
0.13545966303938867,0,11,15.0,0,0,0
0.5,0,20,35.467478064181456,0,0,0
0.5,0,11,15.0,0,0,0
0.5,0,15,18.419186555848867,0,0,0
0.5,0,7,22.679167422413745,0,0,0
0.022024953854504117,0,16,15.0,0,0,0
0.5,0,9,21.62598413842876,0,0,0
0.14136004326103538,0,14,15.0,0,0,0
0.5,0,19,15.0,0,0,0
0.04424082265915114,0,15,15.0,0,0,0
0.5,0,12,22.219112489433925,0,0,0
0.002542974202873758,0,8,15.0,0,0,0
0.5,0,10,25.342425778580086,0,0,0
0.5,0,18,21.779693032372794,0,0,0
0.5,0,8,20.900683270642666,0,0,0
0.5,0,15,21.524293228721127,0,0,0
0.00599765722190961,0,12,23.89001501307517,0,0,0
0.4552469187061776,0,10,15.0,0,0,0
0.5,0,16,15.0,0,0,0
0.5,0,10,15.0,0,0,0
0.5,0,9,24.691872170405116,0,0,0
0.0029497510220180064,0,13,15.0,0,0,0
0.5,0,17,15.0,0,0,0
0.009260412791232325,0,18,15.0,0,0,0
0.5,0,15,23.099720641071162,0,0,0
0.5,0,15,22.478033540897346,0,0,0
0.5,0,17,20.784605185150937,0,0,0
0.5,0,9,18.1037581464887,0,0,0
0.5,0,9,15.0,0,0,0
0.08901984010914799,0,12,15.0,0,0,0
0.5,0,15,23.273567476034344,0,0,0
0.45534745530674453,0,15,15.0,0,0,0
0.5,0,7,15.0,0,0,0
0.3529314527156907,0,17,15.0,0,0,0
0.5,0,10,15.0,0,0,0
0.5,0,19,15.0,0,0,0
0.5,0,16,15.0,0,0,0
0.5,0,20,24.078249073650163,0,0,0
0.5,0,15,15.0,0,0,0
0.5,0,13,26.83508073896133,0,0,0
0.5,0,8,15.0,0,0,0
0.5,0,11,21.6042113044996,0,0,0
0.5,0,18,19.08528049652599,0,0,0
0.5,0,11,15.0,0,0,0
0.5,0,5,24.47596878350351,0,0,0
0.5,0,8,18.358807255635238,0,0,0
0.5,0,14,22.17410488821218,0,0,0
0.5,0,15,15.0,0,0,0
0.008754848840115678,0,20,20.281877505659555,0,0,0
0.5,0,19,15.0,0,0,0
0.5,0,13,15.0,0,0,0
0.005116663742135577,0,13,15.0,0,0,0
0.12058320607097832,0,17,15.0,0,0,0
0.5,0,5,15.0,0,0,0
0.07680392843408515,0,14,19.843042114212224,0,0,0
0.5,0,12,15.0,0,0,0
0.14368280719047136,0,17,21.935292311177403,0,0,0
0.5,0,17,23.654924766393925,0,0,0
0.012738253701331125,0,15,15.0,0,0,0
0.5,0,15,15.0,0,0,0
0.24248232872532496,0,16,19.830388898768348,0,0,0
0.5,0,14,22.169220598252338,0,0,0
0.5,0,8,15.0,0,0,0
0.5,0,9,24.854542759996328,0,0,0
0.5,0,16,15.0,0,0,0
0.5,0,14,26.101505561274426,0,0,0
0.5,0,8,20.08182404856902,0,0,0
0.1889273713441533,0,19,15.0,0,0,0
0.5,0,20,22.97327335125771,0,0,0
0.16480183231247825,0,15,22.10685415000554,0,0,0
0.5,0,8,22.318671666174367,0,0,0
0.5,0,20,15.0,0,0,0
0.014683792144198574,0,8,15.0,0,0,0
0.00679513580178142,0,11,15.0,0,0,0
0.02107749993092308,0,18,15.0,0,0,0
0.5,0,13,28.867711193676634,0,0,0
0.5,0,8,23.882292609358643,0,0,0
0.5,0,6,29.22536809870435,0,0,0
0.03285907832503762,0,10,15.0,0,0,0
0.010397707234319742,0,15,23.578598997764928,0,0,0
0.5,0,16,15.0,0,0,0
0.07858395364961672,0,8,15.0,0,0,0
0.01039722904288422,0,7,20.365655215002715,0,0,0
0.5,0,16,22.88200845968129,0,0,0
0.050681950908540684,0,7,15.0,0,0,0
0.5,0,6,25.380596183304384,0,0,0
0.5,0,12,20.120760270580835,0,0,0
0.5,0,14,15.0,0,0,0
0.5,0,8,15.0,0,0,0
0.5,0,8,19.83136140195822,0,0,0
0.009756714052823738,0,8,22.15711772937755,0,0,0
0.010576037605799473,0,10,20.76513848519047,0,0,0
0.5,0,5,15.0,0,0,0
0.00476546175117211,0,5,18.420021362765084,0,0,0
0.5,0,10,20.926254043671232,0,0,0
0.5,0,5,21.737155020131596,0,0,0
0.5,0,10,20.825674550799572,0,0,0
0.5,0,14,15.0,0,0,0
0.5,0,5,20.341732955088936,0,0,0
0.5,0,14,15.0,0,0,0
0.49563852416004867,0,14,15.0,0,0,0
0.4480999137998684,0,14,15.0,0,0,0
0.5,0,15,20.17623815507934,0,0,0
0.24533645744183152,0,17,15.0,0,0,0
0.042706545733688,0,6,15.0,0,0,0
0.5,0,7,22.66286948588555,0,0,0
0.008310518307266741,0,10,15.0,0,0,0
0.5,0,16,15.0,0,0,0
0.5,0,18,15.0,0,0,0
0.21753972206900699,0,19,15.0,0,0,0
0.005293503484305904,0,14,15.0,0,0,0
0.5,0,11,24.347117456962895,0,0,0
0.5,0,11,15.0,0,0,0
0.5,0,5,15.0,0,0,0
0.5,0,12,80.0,0,0,0
0.5,0,13,25.328686318543284,0,0,0
0.5,0,8,15.0,0,0,0
0.08790242872522948,0,17,15.0,0,0,0
0.5,0,17,24.49724587226308,0,0,0
0.5,0,9,15.0,0,0,0
0.5,0,19,15.0,0,0,0
0.5,0,6,20.736621142195883,0,0,0
0.5,0,19,20.53446277510457,0,0,0
0.5,0,17,24.36130886566159,0,0,0
0.02140658300411598,0,8,15.0,0,0,0
0.0054795400531323,0,15,23.296341012472162,0,0,0
0.46787324244777995,0,9,15.0,0,0,0
0.001,0,17,15.0,0,0,0
0.01145149156156798,0,7,15.0,0,0,0
0.5,0,8,18.523712339085268,0,0,0
0.5,0,9,15.0,0,0,0
0.5,0,8,15.0,0,0,0
0.5,0,10,80.0,0,0,0
0.5,0,14,22.207178988119786,0,0,0
0.5,0,15,18.988885183492407,0,0,0
0.5,0,13,22.6795755632892,0,0,0
0.039953018628649986,0,8,23.39718102107101,0,0,0
0.5,0,8,23.033296571785726,0,0,0
0.5,0,19,26.125130154488073,0,0,0
0.5,0,9,24.589503254350376,0,0,0
0.5,0,6,15.0,0,0,0
0.5,0,12,21.409593713194973,0,0,0
0.0012366642719650342,0,5,24.54595710822072,0,0,0
0.2719017633184792,0,10,15.0,0,0,0
0.5,0,18,26.22071885240354,0,0,0
0.5,0,9,15.0,0,0,0
0.11706681952325129,0,16,19.21193297964828,0,0,0
0.002029395135422037,0,12,15.0,0,0,0
0.5,0,10,23.682848800897318,0,0,0
0.5,0,15,15.0,0,0,0
0.5,0,14,24.300865678001752,0,0,0
0.5,0,10,15.0,0,0,0
0.5,0,8,15.0,0,0,0
0.5,0,19,20.41998145848569,0,0,0
0.5,0,7,25.502161946635326,0,0,0
0.03131719043100944,0,20,15.0,0,0,0
0.002652431918633058,0,12,20.851066361972254,0,0,0
0.0022010298960799097,0,20,23.514942319614466,0,0,0
0.5,0,10,22.962293005736306,0,0,0
0.5,0,14,21.332825939204238,0,0,0
0.4997499000614037,0,14,15.0,0,0,0
0.5,0,10,15.0,0,0,0
0.004892778984287419,0,8,25.253553243333236,0,0,0
0.5,0,13,15.0,0,0,0
0.5,0,15,15.0,0,0,0
0.5,0,9,25.06342993455973,0,0,0
0.5,0,17,15.0,0,0,0
0.5,0,15,15.0,0,0,0
0.5,0,7,25.181263546546774,0,0,0
0.5,0,20,23.04050623588879,0,0,0
0.5,0,5,15.0,0,0,0
0.005955315252674471,0,15,15.0,0,0,0
0.5,0,12,15.0,0,0,0
0.5,0,15,15.0,0,0,0
0.5,0,17,23.412370056633016,0,0,0
0.5,0,15,15.0,0,0,0
0.5,0,15,15.0,0,0,0
0.5,0,18,23.712699192932163,0,0,0
0.00230382535537033,0,16,15.0,0,0,0
0.3920010528138858,0,18,15.0,0,0,0
0.004747436005764703,0,11,23.490297016375113,0,0,0
0.5,0,8,19.171724876838823,0,0,0
0.5,0,8,19.581766315614264,0,0,0
0.5,0,14,80.0,0,0,0
0.5,0,13,22.52699315040165,0,0,0
0.5,0,6,48.67481391448282,0,0,0
0.5,0,8,22.66058161670346,0,0,0
0.5,0,20,15.0,0,0,0
0.5,0,16,15.0,0,0,0
0.5,0,17,24.961331470892553,0,0,0
0.5,0,8,15.0,0,0,0
0.5,0,6,15.0,0,0,0
0.5,0,9,15.0,0,0,0
0.5,0,18,23.972013835665347,0,0,0
0.009685120510733019,0,13,20.91177185823897,0,0,0
0.5,0,17,18.00655244587405,0,0,0
0.5,0,12,15.0,0,0,0
0.5,0,12,21.60549773878674,0,0,0
0.5,0,14,23.04778540203307,0,0,0
0.5,0,20,20.351107278603344,0,0,0
0.5,0,11,24.17379623445397,0,0,0
0.5,0,14,15.0,0,0,0
0.0014495289041288725,0,19,20.463726952705894,0,0,0
0.5,0,10,25.34575415095213,0,0,0
0.5,0,18,15.0,0,0,0
0.5,0,13,26.09564725217485,0,0,0
0.40076753560385187,0,19,15.0,0,0,0
0.5,0,12,15.0,0,0,0
0.5,0,15,15.0,0,0,0
0.5,0,10,23.427451429404083,0,0,0
0.5,0,15,24.36841521198531,0,0,0
0.5,0,10,15.0,0,0,0
0.5,0,14,15.0,0,0,0
0.5,0,17,15.0,0,0,0
0.5,0,11,24.44016822782908,0,0,0
0.23295251037750694,0,11,15.0,0,0,0
0.5,0,10,23.68510894255782,0,0,0
0.5,0,16,15.0,0,0,0
0.17188574991685868,0,14,15.0,0,0,0
0.5,0,13,55.64441236745679,0,0,0
0.5,0,5,24.45630088706378,0,0,0
0.5,0,6,22.971792224612265,0,0,0
0.5,0,5,15.0,0,0,0
0.5,0,18,23.3911215787053,0,0,0
0.5,0,18,15.0,0,0,0
0.5,0,6,15.0,0,0,0
0.001,0,5,15.0,0,0,0
0.5,0,17,15.0,0,0,0
0.5,0,13,15.0,0,0,0
0.10959870511875863,0,9,19.585636661155597,0,0,0
0.13376564741640495,0,14,15.0,0,0,0
0.5,0,8,15.0,0,0,0
0.014515756761215075,0,8,15.0,0,0,0
0.45539589631235755,0,10,15.0,0,0,0
0.5,0,19,15.0,0,0,0
0.1906895101507345,0,17,15.0,0,0,0
0.013462577339628318,0,8,15.0,0,0,0
0.5,0,13,15.0,0,0,0
0.5,0,19,15.0,0,0,0
0.5,0,20,23.87072898287102,0,0,0
0.08972760975419895,0,17,15.0,0,0,0
0.5,0,7,15.0,0,0,0
0.5,0,8,23.998728186816585,0,0,0
0.5,0,8,15.0,0,0,0
0.26699374655294034,0,7,22.537882347401162,0,0,0
0.5,0,7,18.755524208918626,0,0,0
0.5,0,10,31.75598923061234,0,0,0
0.5,0,13,15.0,0,0,0
0.5,0,11,20.941714205811596,0,0,0
0.012203648861734934,0,11,15.0,0,0,0
0.5,0,8,20.47348503416203,0,0,0
0.5,0,7,15.0,0,0,0
0.5,0,20,19.310115854991317,0,0,0
0.5,0,14,20.566643126509792,0,0,0
0.5,0,8,25.1384091026626,0,0,0
0.5,0,17,20.094382785511623,0,0,0
0.5,0,18,29.03068067301229,0,0,0
0.20542717228688506,0,20,15.0,0,0,0
0.5,0,7,31.76097238005624,0,0,0
0.5,0,15,15.0,0,0,0
0.5,0,20,15.0,0,0,0
0.5,0,17,21.11373037422049,0,0,0
0.015502668353545813,0,8,15.0,0,0,0
0.5,0,19,15.0,0,0,0
0.25343428216684305,0,11,15.0,0,0,0
0.5,0,12,15.0,0,0,0
0.5,0,13,15.0,0,0,0
0.5,0,17,21.51573523995423,0,0,0
0.24230730920607849,0,6,24.061467563576734,0,0,0
0.5,0,13,23.765665045918894,0,0,0
0.07300760354995044,0,18,15.0,0,0,0
0.007499460091650538,0,13,15.0,0,0,0
0.5,0,9,15.0,0,0,0
0.004355824976592289,0,5,35.51899399216429,0,0,0
0.5,0,13,15.0,0,0,0
0.004028249466953649,0,16,19.699256542151577,0,0,0
0.5,0,13,15.0,0,0,0
0.5,0,20,15.0,0,0,0
0.5,0,14,15.0,0,0,0
0.5,0,13,15.0,0,0,0
0.08181389159117253,0,5,23.470048415221495,0,0,0
0.5,0,13,21.27051770562233,0,0,0
0.5,0,7,15.0,0,0,0
0.5,0,16,24.489298166160822,0,0,0
0.04539389394541508,0,7,15.0,0,0,0
0.5,0,19,15.0,0,0,0
0.5,0,9,21.143888460043083,0,0,0
0.5,0,11,22.69838201858495,0,0,0
0.5,0,7,15.0,0,0,0
0.5,0,8,22.735346063142913,0,0,0
0.5,0,19,21.67275497271683,0,0,0
0.5,0,9,24.088298929896755,0,0,0
0.5,0,13,23.416969845432266,0,0,0
0.28142774584042485,0,20,15.0,0,0,0
0.4330491428110281,0,14,15.0,0,0,0
0.0049532457164794845,0,5,15.0,0,0,0
0.5,0,10,22.568063476887094,0,0,0
0.5,0,11,15.0,0,0,0
0.5,0,9,18.41035777420323,0,0,0
0.5,0,8,23.749690736377143,0,0,0
0.5,0,13,21.934859934180768,0,0,0
0.247942010617296,0,11,19.695576468246085,0,0,0
0.5,0,9,15.0,0,0,0
0.5,0,11,19.700275592520388,0,0,0
0.5,0,10,22.1583012178495,0,0,0
0.5,0,8,15.0,0,0,0
0.5,0,12,15.0,0,0,0
0.5,0,20,15.0,0,0,0
0.5,0,13,15.0,0,0,0
0.5,0,14,25.253965589223224,0,0,0
0.26753769727997356,0,20,15.0,0,0,0
0.5,0,14,15.0,0,0,0
0.5,0,8,21.123365245135655,0,0,0
0.5,0,11,23.589304358542975,0,0,0
0.020413725047407693,0,12,15.0,0,0,0
0.5,0,12,23.917833458177345,0,0,0
0.007895310798633174,0,7,15.0,0,0,0
0.5,0,6,15.0,0,0,0
0.003501281238595587,0,10,15.0,0,0,0
0.5,0,19,21.391811147525612,0,0,0
0.5,0,16,21.072077056265574,0,0,0
0.09792864350284665,0,18,20.34908649048079,0,0,0
0.5,0,7,22.38386925793848,0,0,0
0.5,0,11,15.0,0,0,0
0.08856474812035904,0,14,19.59703812996493,0,0,0
0.0021307646827808872,0,11,15.0,0,0,0
0.5,0,11,23.13374561324034,0,0,0
0.5,0,10,22.12875367857713,0,0,0
0.5,0,5,25.049535462253825,0,0,0
0.234165938709213,0,18,20.17521723370743,0,0,0
0.5,0,19,22.392871763131883,0,0,0
0.5,0,6,35.68209748145154,0,0,0
0.009029489252220585,0,11,23.24705507879298,0,0,0
0.03815380679951181,0,13,15.0,0,0,0
0.5,0,17,15.0,0,0,0
0.5,0,20,20.298368508899294,0,0,0
0.5,0,11,15.0,0,0,0
0.5,0,16,15.0,0,0,0
0.5,0,19,15.0,0,0,0
0.5,0,18,23.36070368561775,0,0,0
0.5,0,9,15.0,0,0,0
0.5,0,18,21.4807882684279,0,0,0
0.17198646209940407,0,11,15.0,0,0,0
0.005676273109660608,0,5,32.1125427875192,0,0,0
0.4645206736144625,0,17,15.0,0,0,0
0.5,0,18,15.0,0,0,0
0.5,0,10,24.750202920803844,0,0,0
0.5,0,12,22.34243913056475,0,0,0
0.5,0,10,22.527339221356545,0,0,0
0.5,0,6,23.918144865734043,0,0,0
0.5,0,20,25.091055230036584,0,0,0
0.5,0,5,24.35185897586998,0,0,0
0.5,0,13,57.750820966844195,0,0,0
0.5,0,5,19.618014698356397,0,0,0
0.01226844784292778,0,16,15.0,0,0,0
0.5,0,19,25.765886319778232,0,0,0
0.5,0,15,21.114891519513527,0,0,0
0.5,0,14,15.0,0,0,0
0.5,0,18,15.0,0,0,0
0.5,0,20,20.687684627888334,0,0,0
0.15977546709221527,0,18,22.82548740580619,0,0,0
0.5,0,8,15.0,0,0,0
0.5,0,14,26.273961846378764,0,0,0
0.013084173189350587,0,18,19.55487909426123,0,0,0
0.5,0,9,23.665460896959104,0,0,0
0.5,0,15,21.781653855080325,0,0,0
0.5,0,5,15.0,0,0,0
0.5,0,19,22.425227649485173,0,0,0
0.5,0,14,15.0,0,0,0
0.4409412037402542,0,16,15.0,0,0,0
0.5,0,18,15.0,0,0,0
0.08399342943360164,0,8,20.5718079000374,0,0,0
0.5,0,12,26.223957972459498,0,0,0
0.5,0,18,15.0,0,0,0
0.5,0,7,15.0,0,0,0
0.5,0,18,21.203646215508932,0,0,0
0.24044307259503395,0,9,15.0,0,0,0
0.0804013165093566,0,14,15.0,0,0,0
0.5,0,13,32.16582957549842,0,0,0
0.5,0,15,30.729724761823935,0,0,0
0.2373603859328882,0,18,15.0,0,0,0
0.5,0,10,15.0,0,0,0
0.5,0,7,22.701703535786923,0,0,0
0.02243164503774473,0,11,15.0,0,0,0
0.017388959014719197,0,14,15.0,0,0,0
0.5,0,17,21.56858268219641,0,0,0
0.5,0,17,15.0,0,0,0
0.5,0,10,24.40743975841271,0,0,0
0.5,0,19,19.925937694308054,0,0,0
0.5,0,6,15.0,0,0,0
0.5,0,6,24.12666520800967,0,0,0
0.5,0,5,20.5848177524696,0,0,0
0.5,0,19,19.252913605712575,0,0,0
0.0015495756896049344,0,7,15.0,0,0,0
0.005899702759831727,0,14,33.0118999025765,0,0,0
0.004021692332305183,0,18,15.0,0,0,0
0.5,0,17,15.0,0,0,0
0.5,0,20,24.72997083214881,0,0,0
0.09401300598533394,0,5,15.0,0,0,0
0.0163510481096806,0,11,15.0,0,0,0
0.5,0,13,21.249115470710066,0,0,0
0.5,0,16,20.572607802549825,0,0,0
0.43991015201376776,0,14,24.93522638045352,0,0,0
0.5,0,13,15.0,0,0,0
0.15998281936595193,0,9,21.19664514719079,0,0,0
0.5,0,6,15.0,0,0,0
0.5,0,11,20.90699479092134,0,0,0
0.5,0,9,15.0,0,0,0
0.5,0,13,20.282539376685694,0,0,0
0.5,0,17,15.0,0,0,0
0.25668907823539916,0,13,27.470720251634393,0,0,0
0.5,0,14,21.38634029456125,0,0,0
0.32297719021913424,0,5,18.830342571898008,0,0,0
0.5,0,15,15.0,0,0,0
0.5,0,12,15.0,0,0,0
0.5,0,6,22.12689256677773,0,0,0
0.0018662652844473578,0,8,15.0,0,0,0
0.5,0,17,15.0,0,0,0
0.5,0,19,21.446701300419615,0,0,0
0.5,0,13,15.0,0,0,0
0.5,0,20,15.0,0,0,0
0.5,0,7,22.220303957910374,0,0,0
0.5,0,9,20.468738561851968,0,0,0
0.059563241978654605,0,19,15.0,0,0,0
0.5,0,7,26.088976395956617,0,0,0
0.5,0,15,15.0,0,0,0
0.5,0,8,15.0,0,0,0
0.5,0,10,24.08622055847279,0,0,0
0.5,0,12,21.084416726662205,0,0,0
0.5,0,10,23.852814501187673,0,0,0
0.5,0,18,21.100620362457473,0,0,0
0.03191085455880625,0,20,15.0,0,0,0
0.02795290227762002,0,13,15.0,0,0,0
0.003440568481815917,0,13,15.0,0,0,0
0.0027856059014236137,0,5,15.0,0,0,0
0.018029133992964682,0,8,15.0,0,0,0
0.5,0,5,15.0,0,0,0
0.5,0,18,21.56164243902134,0,0,0
0.5,0,8,22.48520234486304,0,0,0
0.5,0,10,35.33127540092626,0,0,0
0.5,0,18,21.92150620992781,0,0,0
0.027404159768304463,0,16,15.0,0,0,0
0.001,0,14,23.53619335102108,0,0,0
0.5,0,5,21.37806715212199,0,0,0
0.5,0,14,23.12759813974065,0,0,0
0.5,0,13,15.0,0,0,0
0.5,0,10,20.90665222950729,0,0,0
0.19531726939777894,0,16,22.447268297652958,0,0,0
0.5,0,19,15.0,0,0,0
0.005845471073339243,0,9,15.0,0,0,0
0.00924004192342726,0,10,15.0,0,0,0
0.5,0,10,24.702892158867257,0,0,0
0.5,0,18,15.0,0,0,0
0.01461671994302586,0,6,15.0,0,0,0
0.5,0,19,15.0,0,0,0
0.5,0,17,15.0,0,0,0
0.5,0,12,22.539402660447443,0,0,0
0.5,0,14,15.0,0,0,0
0.5,0,19,21.63293031916484,0,0,0
0.317569402303921,0,17,27.021673294352663,0,0,0
0.5,0,9,21.90708665462802,0,0,0
0.5,0,5,23.340191758461533,0,0,0
0.005513006095454622,0,15,21.247346349026426,0,0,0
0.5,0,7,21.36941680784446,0,0,0
0.5,0,6,26.059420169363506,0,0,0
0.028578959514112233,0,20,15.0,0,0,0
0.5,0,12,15.0,0,0,0
0.5,0,15,24.50646797464049,0,0,0
0.5,0,8,15.0,0,0,0
0.5,0,6,50.56106819527607,0,0,0
0.5,0,6,26.204220455606514,0,0,0
0.020909957747987915,0,10,15.0,0,0,0
0.5,0,5,15.0,0,0,0
0.5,0,11,20.00520243217,0,0,0
0.5,0,10,15.0,0,0,0
0.003487545477580763,0,13,15.0,0,0,0
0.018911289735489896,0,14,15.0,0,0,0
0.05186886018030715,0,9,15.0,0,0,0
0.011056304213685163,0,12,23.22202506022513,0,0,0
0.5,0,6,20.82672368068841,0,0,0
0.5,0,9,15.0,0,0,0
0.008130369772988059,0,20,18.2192531944774,0,0,0
0.5,0,20,23.39148057204837,0,0,0
0.5,0,12,19.195609742784235,0,0,0
0.5,0,20,15.0,0,0,0
0.009050918385659334,0,13,23.674932230040895,0,0,0
0.5,0,7,15.0,0,0,0
0.06638256731600074,0,18,15.0,0,0,0
0.04734745615001644,0,11,15.0,0,0,0
0.010438377715755141,0,14,15.0,0,0,0
0.5,0,15,15.0,0,0,0
0.5,0,9,28.725947735992,0,0,0
0.3802776445133675,0,16,22.807907469363087,0,0,0
0.5,0,13,15.0,0,0,0
0.5,0,10,21.964238711408232,0,0,0
0.009713570583365862,0,9,15.0,0,0,0
0.5,0,16,15.0,0,0,0
0.5,0,8,15.0,0,0,0
0.5,0,6,20.52286446049205,0,0,0
0.5,0,19,15.0,0,0,0
0.010296073472595254,0,10,15.0,0,0,0
0.5,0,15,20.880441474985766,0,0,0
0.5,0,16,23.53905765276835,0,0,0
0.5,0,18,22.03103389125434,0,0,0
0.45554026393343694,0,15,15.0,0,0,0
0.5,0,16,15.0,0,0,0
0.001901425306037576,0,18,15.0,0,0,0
0.011450191201633302,0,20,21.761969039643063,0,0,0
0.5,0,5,19.787498619240107,0,0,0
0.004177857486100566,0,16,19.045909099555814,0,0,0
0.5,0,7,15.0,0,0,0
0.0058409623996726135,0,19,15.0,0,0,0
0.011414520692586937,0,5,15.0,0,0,0
0.5,0,8,15.0,0,0,0
0.1316947650669112,0,8,29.276450634798977,0,0,0
0.5,0,14,22.21038950728187,0,0,0
0.5,0,5,15.0,0,0,0
0.5,0,5,15.0,0,0,0
0.5,0,13,15.0,0,0,0
0.3903809909224302,0,20,15.0,0,0,0
0.5,0,13,15.0,0,0,0
0.0014719660481478842,0,12,19.030774160480014,0,0,0
0.5,0,15,15.0,0,0,0
0.5,0,13,22.99847319570366,0,0,0
0.5,0,11,20.2373509557388,0,0,0
0.05229191377853149,0,14,15.0,0,0,0
0.5,0,5,15.0,0,0,0
0.5,0,8,15.0,0,0,0
0.5,0,15,22.848287723371186,0,0,0
0.5,0,10,22.006552028209345,0,0,0
0.5,0,5,21.196791992482467,0,0,0
0.24806946396197457,0,6,15.0,0,0,0
0.5,0,18,22.357143129669208,0,0,0
0.5,0,10,21.559975829992634,0,0,0
0.45015315612795076,0,5,15.0,0,0,0
0.5,0,16,23.99546322638677,0,0,0
0.5,0,13,22.5316225242374,0,0,0
0.5,0,12,15.0,0,0,0
0.013853319345406309,0,19,15.0,0,0,0
0.5,0,10,20.80272393571685,0,0,0
0.5,0,14,22.591585391002877,0,0,0
0.11390665871991892,0,16,57.69542021851003,0,0,0
0.2471873678000561,0,14,21.39812027028782,0,0,0
0.5,0,8,15.0,0,0,0
0.001968444911991077,0,15,15.0,0,0,0
0.20578685255739848,0,16,19.355022953527772,0,0,0
0.5,0,6,15.0,0,0,0
0.5,0,7,15.0,0,0,0
0.5,0,15,23.64602575112785,0,0,0
0.016903483399854945,0,6,15.0,0,0,0
0.00414372433168192,0,19,23.103847684280144,0,0,0
0.5,0,6,23.11518229919123,0,0,0
0.5,0,20,21.030173757770346,0,0,0
0.5,0,15,15.0,0,0,0
0.4239569749924885,0,12,15.0,0,0,0
0.5,0,9,19.28343427419592,0,0,0
0.5,0,10,15.0,0,0,0
0.5,0,16,31.925950309959312,0,0,0
0.5,0,17,22.540513566770283,0,0,0
0.5,0,8,25.090661939720945,0,0,0
0.06055997725355299,0,13,15.0,0,0,0
0.5,0,20,15.0,0,0,0
0.001,0,9,15.0,0,0,0
0.001101229309448204,0,16,15.0,0,0,0
0.06182946287116249,0,7,15.0,0,0,0
0.5,0,18,25.953934397350476,0,0,0
0.5,0,7,25.247050038993056,0,0,0
0.5,0,9,28.700717457263075,0,0,0
0.5,0,12,23.38922794540079,0,0,0
0.5,0,10,15.0,0,0,0
0.07926804796650218,0,7,22.086101799761853,0,0,0
0.005363791810134146,0,15,24.325964948481364,0,0,0
0.5,0,5,23.10107249317221,0,0,0
0.009667650146874977,0,20,22.267038759503613,0,0,0
0.021608818374682464,0,5,15.0,0,0,0
0.5,0,10,19.459503546750195,0,0,0
0.0015593924225675581,0,19,15.0,0,0,0
0.5,0,7,15.0,0,0,0
0.5,0,6,25.455027413487834,0,0,0
0.082787507879218,0,16,20.003481322684816,0,0,0
0.5,0,6,19.48923995323995,0,0,0
0.5,0,19,15.0,0,0,0
0.5,0,12,25.362715021706613,0,0,0
0.011061284895754546,0,18,15.0,0,0,0
0.5,0,8,23.800165464617624,0,0,0
0.5,0,7,20.056086110622623,0,0,0
0.5,0,20,15.0,0,0,0
0.5,0,17,23.877240796320834,0,0,0
0.5,0,19,15.0,0,0,0
0.5,0,10,15.0,0,0,0
0.5,0,11,22.63210533669843,0,0,0
0.5,0,14,18.04738537991792,0,0,0
0.5,0,12,15.0,0,0,0
0.5,0,8,15.0,0,0,0
0.09011157676097298,0,11,24.174778033618743,0,0,0
0.5,0,14,23.70735687010233,0,0,0
0.5,0,5,15.0,0,0,0
0.005175043561057749,0,10,21.54889659037989,0,0,0
0.029368508643638675,0,9,15.0,0,0,0
0.5,0,6,15.0,0,0,0
0.5,0,6,19.03302664661773,0,0,0
0.1059244838247472,0,12,25.597162367192006,0,0,0
0.5,0,6,19.84675204569339,0,0,0
0.5,0,10,15.0,0,0,0
0.5,0,13,15.0,0,0,0
0.052324346130989845,0,18,15.0,0,0,0
0.040630802595206156,0,6,27.198504605790443,0,0,0
0.5,0,11,22.663914342295545,0,0,0
0.45145473125933444,0,6,15.0,0,0,0
0.5,0,11,15.0,0,0,0
0.5,0,12,28.528791584297277,0,0,0
0.5,0,17,15.0,0,0,0
0.5,0,12,15.0,0,0,0
0.5,0,19,19.86357326833453,0,0,0
0.004738502536208554,0,7,15.0,0,0,0
0.5,0,5,15.0,0,0,0
0.5,0,5,20.38920334832949,0,0,0
0.5,0,10,23.713155218375398,0,0,0
0.5,0,8,15.0,0,0,0
0.5,0,6,15.0,0,0,0
0.5,0,8,15.0,0,0,0
0.5,0,20,15.0,0,0,0
0.5,0,17,23.029776473201963,0,0,0
0.5,0,5,15.0,0,0,0
0.5,0,19,15.0,0,0,0
0.5,0,8,24.111422935446818,0,0,0
0.5,0,11,21.022061322226065,0,0,0
0.005485235253866969,0,10,15.0,0,0,0
0.5,0,11,24.56033165410476,0,0,0
0.010365450439006838,0,17,21.583669335222844,0,0,0
0.5,0,16,15.0,0,0,0
0.4892426271516661,0,14,15.0,0,0,0
0.03190616706150295,0,15,15.0,0,0,0
0.5,0,16,15.0,0,0,0
0.005039507319391686,0,7,19.061026529803204,0,0,0
0.14908840385253228,0,11,15.0,0,0,0
0.008201518953154218,0,6,15.0,0,0,0
0.5,0,16,15.0,0,0,0
0.4506331059218818,0,12,15.0,0,0,0
0.5,0,15,15.0,0,0,0
0.5,0,14,25.15065376182845,0,0,0
0.03958142363876822,0,9,27.17295124100951,0,0,0
0.5,0,7,15.0,0,0,0
0.5,0,20,15.0,0,0,0
0.5,0,9,23.434302826725066,0,0,0
0.5,0,6,15.0,0,0,0
0.5,0,9,23.029056088572464,0,0,0
0.5,0,19,15.0,0,0,0
0.5,0,9,15.0,0,0,0
0.07708717450939669,0,20,22.79540845979083,0,0,0
0.5,0,12,15.0,0,0,0
0.5,0,18,15.0,0,0,0
0.5,0,15,15.0,0,0,0
0.5,0,5,80.0,0,0,0
0.5,0,13,15.0,0,0,0
0.5,0,11,23.793751896799616,0,0,0
0.5,0,8,15.0,0,0,0
0.5,0,13,15.0,0,0,0
0.5,0,6,25.834563890333072,0,0,0
0.13193878072260337,0,16,32.009957166260214,0,0,0
0.5,0,18,19.84021108202266,0,0,0
0.007661316640388329,0,6,15.0,0,0,0
0.005104650595840734,0,12,15.0,0,0,0
0.5,0,15,15.0,0,0,0
0.5,0,5,15.0,0,0,0
0.02718974579411385,0,11,15.0,0,0,0
0.5,0,9,20.66000323557553,0,0,0
0.5,0,5,21.707165083124984,0,0,0
0.5,0,17,21.385709023195677,0,0,0
0.19372977195803454,0,12,15.0,0,0,0
0.5,0,17,24.319071984999752,0,0,0
0.5,0,14,15.0,0,0,0
0.5,0,19,15.0,0,0,0
0.5,0,20,23.237786888973798,0,0,0
0.03196538373804821,0,14,15.0,0,0,0
0.5,0,10,21.38238131515828,0,0,0
0.06144163856716574,0,11,15.0,0,0,0
0.5,0,18,25.929465102061304,0,0,0
0.026371914390746487,0,11,15.0,0,0,0
0.5,0,13,23.433206405736808,0,0,0
0.5,0,8,15.0,0,0,0
0.5,0,20,23.875494400980926,0,0,0
0.5,0,15,15.0,0,0,0
0.5,0,10,15.0,0,0,0
0.5,0,14,22.617355208911064,0,0,0
0.04002544338914774,0,11,15.0,0,0,0
0.21557760797621267,0,7,25.304399742127465,0,0,0
0.014042750240298968,0,18,15.0,0,0,0
0.09346017695101799,0,19,22.169157717256706,0,0,0
0.5,0,18,24.88524026763586,0,0,0
0.010111263444719434,0,10,15.0,0,0,0
0.1178101781889549,0,9,21.852321002536684,0,0,0
0.061261889877575505,0,5,15.0,0,0,0
0.5,0,16,15.0,0,0,0
0.24631491398858107,0,10,15.0,0,0,0
0.5,0,19,22.43541178249595,0,0,0
0.08047310072446424,0,18,15.0,0,0,0
0.5,0,7,18.668298537115728,0,0,0
0.19003991021456537,0,19,15.0,0,0,0
0.5,0,7,20.54043984429535,0,0,0
0.5,0,12,21.165704196880007,0,0,0
0.5,0,12,15.0,0,0,0
0.0026383723351403572,0,20,15.0,0,0,0
0.49003396173747643,0,15,15.0,0,0,0
0.5,0,19,25.037326891072205,0,0,0
0.5,0,14,15.0,0,0,0
0.5,0,18,21.025829276806643,0,0,0
0.5,0,18,15.0,0,0,0
0.5,0,18,21.59627484072112,0,0,0
0.009278662270508348,0,11,22.461549044473838,0,0,0
0.22925840946420165,0,11,15.0,0,0,0
0.5,0,20,15.0,0,0,0
0.5,0,17,15.0,0,0,0
0.03156626115716582,0,19,15.0,0,0,0
0.1121000672818199,0,14,22.261148368806623,0,0,0
0.4695779512184158,0,19,15.0,0,0,0
0.5,0,16,20.760945674370518,0,0,0
0.5,0,16,15.0,0,0,0
0.5,0,7,24.66434612026801,0,0,0
0.5,0,14,21.779779778095644,0,0,0
0.5,0,16,15.0,0,0,0
0.5,0,17,21.81109790731765,0,0,0
0.01032777997084566,0,20,15.0,0,0,0
0.5,0,10,24.362709937527217,0,0,0
0.5,0,9,15.0,0,0,0
0.5,0,20,22.542317622007918,0,0,0
0.5,0,20,15.0,0,0,0
0.5,0,7,15.0,0,0,0
0.5,0,11,21.767985151214177,0,0,0
0.5,0,20,24.39175733720544,0,0,0
0.016775109677680346,0,8,28.079928212681164,0,0,0
0.5,0,17,15.0,0,0,0
0.5,0,6,15.0,0,0,0
0.5,0,7,25.096551218275422,0,0,0
0.052893253729878256,0,17,15.0,0,0,0
0.5,0,14,26.075359750171337,0,0,0
0.5,0,13,15.0,0,0,0
0.5,0,18,18.135463937669375,0,0,0
0.5,0,9,21.516088953300446,0,0,0
0.5,0,13,22.816896398334777,0,0,0
0.5,0,14,21.335606913630002,0,0,0
0.5,0,16,23.654850533864835,0,0,0
0.5,0,10,21.050000842538005,0,0,0
0.5,0,15,15.0,0,0,0
0.00877851284641969,0,12,18.378691392628554,0,0,0
0.014995091803910503,0,13,23.090528128012192,0,0,0
0.031338409938149896,0,18,15.0,0,0,0
0.5,0,11,18.840950605667718,0,0,0
0.0866397164594811,0,15,18.56474562782743,0,0,0
0.5,0,20,15.0,0,0,0
0.09595069307389702,0,17,15.0,0,0,0
0.5,0,20,15.0,0,0,0
0.4278150592455294,0,14,15.0,0,0,0
0.5,0,9,25.551982878576837,0,0,0
0.5,0,20,15.0,0,0,0
0.004590781589419702,0,15,18.461926635198054,0,0,0
0.1544230116969694,0,8,15.0,0,0,0
0.5,0,10,23.05897283833333,0,0,0
0.16818823633931712,0,9,15.0,0,0,0
0.5,0,18,22.7484287866496,0,0,0
0.5,0,6,22.509281981248893,0,0,0
0.5,0,16,80.0,0,0,0
0.5,0,13,15.0,0,0,0
0.5,0,6,21.77312124383828,0,0,0
0.5,0,14,23.92736504137424,0,0,0
0.5,0,17,24.170471897150705,0,0,0
0.023634589691244563,0,16,15.0,0,0,0
0.5,0,13,15.0,0,0,0
0.5,0,10,15.0,0,0,0
0.5,0,7,15.0,0,0,0
0.5,0,5,20.8716439538122,0,0,0
0.5,0,10,20.819799606822222,0,0,0
0.5,0,15,15.0,0,0,0
0.5,0,5,15.0,0,0,0
0.5,0,20,19.33977842603875,0,0,0
0.5,0,14,15.0,0,0,0
0.06983927375073216,0,9,21.80308120412146,0,0,0
0.001,0,20,15.0,0,0,0
0.5,0,7,15.0,0,0,0
0.5,0,20,20.975058069908936,0,0,0
0.4722958370368808,0,9,15.0,0,0,0
0.5,0,11,25.978238263149922,0,0,0
0.5,0,11,22.68661698157328,0,0,0
0.5,0,20,15.0,0,0,0
0.005863648581590631,0,9,22.07726313170464,0,0,0
0.013677969680654802,0,20,15.0,0,0,0
0.011378701658671952,0,10,15.0,0,0,0
0.0018946766830162261,0,9,15.0,0,0,0
0.08901888955271056,0,15,26.2649182726011,0,0,0
0.010412723943219748,0,16,15.0,0,0,0
0.012551360292674162,0,10,28.60263903069747,0,0,0
0.5,0,7,21.05195606113675,0,0,0
0.5,0,11,23.346288609968816,0,0,0
0.5,0,13,18.031297926389367,0,0,0
0.5,0,5,15.0,0,0,0
0.5,0,6,18.646883070182522,0,0,0
0.5,0,19,22.959740932227547,0,0,0
0.002297896794836697,0,5,15.0,0,0,0
0.5,0,11,22.389728935158285,0,0,0
0.02957156315584471,0,17,15.0,0,0,0
0.5,0,10,15.0,0,0,0
0.5,0,12,21.678252967039185,0,0,0
0.5,0,6,15.0,0,0,0
0.5,0,17,19.261614492669526,0,0,0
0.0939022100841659,0,15,15.0,0,0,0
0.5,0,18,21.921383066988835,0,0,0
0.011526468884971454,0,18,21.290131301876404,0,0,0
0.5,0,10,15.0,0,0,0
0.5,0,5,15.0,0,0,0
0.5,0,10,15.0,0,0,0
0.005692686033979939,0,7,21.869181401114695,0,0,0
0.5,0,13,20.93062896747011,0,0,0
0.023567942784069075,0,7,24.877267257170505,0,0,0
0.5,0,19,26.26584098686839,0,0,0
0.5,0,14,18.718041406125067,0,0,0
0.5,0,9,22.069212578251502,0,0,0
0.011278471119649282,0,19,15.0,0,0,0
0.4787415203587446,0,17,15.0,0,0,0
0.08659775352590567,0,12,15.0,0,0,0
0.5,0,7,21.67379712640914,0,0,0
0.5,0,10,15.0,0,0,0
0.42292157323718194,0,14,22.007812924518404,0,0,0
0.5,0,17,15.0,0,0,0
0.5,0,9,25.150407384946604,0,0,0
0.004357203175289804,0,16,15.0,0,0,0
0.5,0,9,15.0,0,0,0
0.5,0,8,33.45743846576455,0,0,0
0.5,0,12,15.0,0,0,0
0.5,0,7,23.239528812354724,0,0,0
0.5,0,11,15.0,0,0,0
0.10848686859735797,0,10,15.0,0,0,0
0.5,0,9,15.0,0,0,0
0.5,0,17,15.0,0,0,0
0.5,0,10,15.0,0,0,0
0.5,0,16,23.940053891574983,0,0,0
0.5,0,16,15.0,0,0,0
0.5,0,15,15.0,0,0,0
0.5,0,9,15.0,0,0,0
0.5,0,18,23.13532335035036,0,0,0
0.5,0,8,24.922893984447654,0,0,0
0.5,0,9,15.0,0,0,0
0.5,0,18,15.0,0,0,0
0.5,0,10,15.0,0,0,0
0.5,0,16,15.0,0,0,0
0.5,0,5,25.659946295135853,0,0,0
0.5,0,14,15.0,0,0,0
0.5,0,18,15.0,0,0,0
0.5,0,16,22.68654266149548,0,0,0
0.5,0,14,15.0,0,0,0
0.10975289386793864,0,18,18.191576869925324,0,0,0
0.05007220664279307,0,9,15.0,0,0,0
0.002181998386257982,0,11,15.0,0,0,0
0.05565566260758963,0,6,15.0,0,0,0
0.5,0,16,15.0,0,0,0
0.5,0,16,18.21196466824769,0,0,0
0.5,0,17,15.0,0,0,0
0.5,0,16,15.0,0,0,0
0.5,0,7,15.0,0,0,0
0.00394236982649509,0,15,15.0,0,0,0
0.009552759163502905,0,17,15.0,0,0,0
0.5,0,8,19.611153785036436,0,0,0
0.09819323080999226,0,12,19.65784692404486,0,0,0
0.5,0,19,15.0,0,0,0
0.5,0,11,15.0,0,0,0
0.5,0,17,15.0,0,0,0
0.5,0,13,20.867585303738757,0,0,0
0.5,0,15,21.546187356853856,0,0,0
0.5,0,15,15.0,0,0,0
0.5,0,15,19.144853503876096,0,0,0
0.5,0,17,15.0,0,0,0
0.5,0,19,25.2031032551655,0,0,0
0.5,0,9,15.0,0,0,0
0.5,0,19,15.0,0,0,0
0.5,0,15,25.13860792828316,0,0,0
0.5,0,14,22.29404585588302,0,0,0
0.5,0,10,15.0,0,0,0
0.5,0,11,15.0,0,0,0
0.03301233894444031,0,15,15.0,0,0,0
0.5,0,10,15.0,0,0,0
0.5,0,9,23.30686591120574,0,0,0
0.5,0,18,15.0,0,0,0
0.005024578085409892,0,11,28.02727515702132,0,0,0
0.5,0,15,23.053551056069438,0,0,0
0.5,0,5,15.0,0,0,0
0.5,0,6,24.754638340583345,0,0,0
0.5,0,18,15.0,0,0,0
0.5,0,7,25.907396557735925,0,0,0
0.5,0,17,15.0,0,0,0
0.5,0,19,15.0,0,0,0
0.5,0,12,23.13472340870282,0,0,0
0.011571619981450731,0,19,15.0,0,0,0
0.5,0,11,20.307129551189902,0,0,0
0.019576232245422338,0,20,15.0,0,0,0
0.5,0,8,15.0,0,0,0
0.5,0,11,20.882696485720746,0,0,0
0.03803403646683418,0,11,15.0,0,0,0
0.5,0,17,15.0,0,0,0
0.5,0,5,22.286090765230274,0,0,0
0.04480339674424812,0,18,15.0,0,0,0
0.5,0,5,24.980743221344166,0,0,0
0.5,0,10,15.0,0,0,0
0.5,0,14,15.0,0,0,0
0.5,0,7,24.156340319341037,0,0,0
0.5,0,12,19.97202065081947,0,0,0
0.06368117384045996,0,20,15.0,0,0,0
0.5,0,18,15.0,0,0,0
0.009850975172118602,0,5,15.0,0,0,0
0.5,0,14,15.0,0,0,0
0.5,0,14,15.0,0,0,0
0.1496717292222759,0,6,15.0,0,0,0
0.5,0,15,23.399504647426216,0,0,0
0.5,0,13,23.452974217635038,0,0,0
0.5,0,15,15.0,0,0,0
0.5,0,9,15.0,0,0,0
0.12484712183626862,0,9,27.289438289818335,0,0,0
0.5,0,16,20.70613932338423,0,0,0
0.5,0,16,15.0,0,0,0
0.05722150485639688,0,7,15.0,0,0,0
0.01079371421831536,0,8,19.946314829587177,0,0,0
0.5,0,14,15.0,0,0,0
0.5,0,18,15.0,0,0,0
0.002555164654630034,0,8,22.452358551790343,0,0,0
0.5,0,8,15.0,0,0,0
0.10519666245735047,0,17,15.0,0,0,0
0.5,0,16,15.0,0,0,0
0.5,0,19,21.410834275740097,0,0,0
0.5,0,17,15.0,0,0,0
0.5,0,20,23.92692909363785,0,0,0
0.5,0,8,15.0,0,0,0
0.5,0,9,21.39040669952528,0,0,0
0.5,0,8,18.474403028781648,0,0,0
0.5,0,5,20.43679808418363,0,0,0
0.5,0,17,15.0,0,0,0
0.035943217720585716,0,15,15.0,0,0,0
0.5,0,6,23.640555445503065,0,0,0
0.5,0,8,15.0,0,0,0
0.5,0,8,15.0,0,0,0
0.5,0,11,21.724681613196,0,0,0
0.5,0,12,15.0,0,0,0
0.5,0,9,15.0,0,0,0
0.05107243662574237,0,19,15.0,0,0,0
0.5,0,8,23.733349261843493,0,0,0
0.0010937278860084156,0,13,18.942611416430722,0,0,0
0.5,0,12,26.124628950268416,0,0,0
0.5,0,11,15.0,0,0,0
0.004433266876411745,0,18,24.59579184878572,0,0,0
0.5,0,20,15.0,0,0,0
0.5,0,5,22.781139840134813,0,0,0
0.0018789845363441783,0,12,15.0,0,0,0
0.5,0,6,20.969097051764944,0,0,0
0.5,0,11,22.913003192556303,0,0,0
0.5,0,14,15.0,0,0,0
0.5,0,11,15.0,0,0,0
0.17923967345672834,0,9,15.0,0,0,0
0.5,0,9,15.0,0,0,0
0.5,0,9,15.0,0,0,0
0.04318358740125039,0,10,15.0,0,0,0
0.5,0,10,22.95100695750105,0,0,0
0.009413158197747788,0,16,21.601566887813227,0,0,0
0.5,0,6,15.0,0,0,0
0.017409164587911457,0,5,15.0,0,0,0
0.06435673448891625,0,13,15.0,0,0,0
0.5,0,15,20.664664845119983,0,0,0
0.029941266076985558,0,9,15.0,0,0,0
0.5,0,8,15.0,0,0,0
0.008476096599928675,0,14,22.691575534726294,0,0,0
0.5,0,11,15.0,0,0,0
0.5,0,16,19.95604579496401,0,0,0
0.5,0,7,15.0,0,0,0
0.5,0,6,24.629650894355787,0,0,0
0.5,0,13,15.0,0,0,0
0.5,0,11,25.231912960375997,0,0,0
0.5,0,16,25.150963589645905,0,0,0
0.0025943844247397576,0,13,21.518411733227598,0,0,0
0.5,0,10,26.15307993759227,0,0,0
0.40564527348326485,0,7,15.0,0,0,0
0.5,0,7,15.0,0,0,0
0.5,0,17,15.0,0,0,0
0.5,0,8,15.0,0,0,0
0.5,0,13,24.920273445320056,0,0,0
0.0036731305412925856,0,18,15.0,0,0,0
0.003523225883040507,0,19,15.0,0,0,0
0.5,0,9,15.0,0,0,0
0.5,0,6,22.93232954798291,0,0,0
0.5,0,17,15.0,0,0,0
0.5,0,15,25.606266433702807,0,0,0
0.5,0,10,15.0,0,0,0
0.2613125219857388,0,14,33.49205661947634,0,0,0
0.5,0,8,15.0,0,0,0
0.5,0,16,15.0,0,0,0
0.5,0,16,26.07224457586988,0,0,0
0.5,0,9,19.304406336811816,0,0,0
0.02730653837691194,0,12,15.0,0,0,0
0.5,0,10,15.0,0,0,0
0.005652821099945418,0,5,23.5488064363077,0,0,0
0.09801400787188047,0,7,30.510987412101475,0,0,0
0.5,0,20,27.734484883521482,0,0,0
0.5,0,12,15.0,0,0,0
0.5,0,7,15.0,0,0,0
0.03127852654212355,0,5,15.0,0,0,0
0.5,0,10,27.79292378268942,0,0,0
0.005573882271624248,0,20,28.611427942329595,0,0,0
0.5,0,11,15.0,0,0,0
0.017781194572431124,0,20,15.0,0,0,0
0.5,0,12,15.0,0,0,0
0.5,0,17,15.0,0,0,0
0.2474523048490287,0,17,15.0,0,0,0
0.00895166243018478,0,5,15.0,0,0,0
0.5,0,5,23.703751891605997,0,0,0
0.5,0,19,15.0,0,0,0
0.5,0,19,15.0,0,0,0
0.5,0,7,21.363046790199817,0,0,0
0.28981313915668233,0,15,18.899653061561366,0,0,0
0.5,0,19,20.69362021486038,0,0,0
0.38891284105162965,0,20,47.586353059118366,0,0,0
0.5,0,9,21.282618395132047,0,0,0
0.5,0,18,19.105412271252185,0,0,0
0.5,0,15,25.621894310718943,0,0,0
0.5,0,19,23.740490210725127,0,0,0
0.002033364395128532,0,7,15.0,0,0,0
0.5,0,14,15.0,0,0,0
0.5,0,5,19.28353111384528,0,0,0
0.2858620541164277,0,10,20.324529178148158,0,0,0
0.1699202993094838,0,5,15.0,0,0,0
0.008417000865120006,0,12,21.575763659646707,0,0,0
0.5,0,17,18.40532059039602,0,0,0
0.001138387288285306,0,15,15.0,0,0,0
0.43475652847454826,0,10,15.0,0,0,0
0.005113867442426901,0,11,22.0689974002356,0,0,0
0.5,0,10,22.463234304353822,0,0,0
0.5,0,16,21.890115994257876,0,0,0
0.5,0,9,23.426397605642453,0,0,0
0.5,0,6,15.0,0,0,0
0.5,0,13,18.097651095992834,0,0,0
0.5,0,18,24.90839373957561,0,0,0
0.03366696763042251,0,12,15.0,0,0,0
0.5,0,8,20.817025919401104,0,0,0
0.5,0,5,24.44187777053125,0,0,0
0.5,0,20,24.356735013294127,0,0,0
0.5,0,17,15.0,0,0,0
0.5,0,7,23.17241213845766,0,0,0
0.5,0,6,15.0,0,0,0
0.5,0,7,15.0,0,0,0
0.5,0,11,22.896223555074684,0,0,0
0.5,0,17,19.96285892865463,0,0,0
0.10740478117651017,0,7,15.0,0,0,0
0.5,0,18,15.0,0,0,0
0.5,0,5,19.201011167992004,0,0,0
0.5,0,16,15.0,0,0,0
0.5,0,9,15.0,0,0,0
0.5,0,20,20.03800088404016,0,0,0
0.5,0,12,23.83661240708277,0,0,0
0.012938740114130803,0,9,15.0,0,0,0
0.5,0,8,22.51192132901017,0,0,0
0.24275696550845807,0,18,15.0,0,0,0
0.5,0,11,22.39773136742777,0,0,0
0.5,0,10,18.9730995534246,0,0,0
0.5,0,16,80.0,0,0,0
0.0028639475789478384,0,13,15.0,0,0,0
0.5,0,15,20.912450829081752,0,0,0
0.5,0,12,20.002751295009915,0,0,0
0.007583922867106138,0,6,15.0,0,0,0
0.5,0,5,25.898613594605727,0,0,0
0.5,0,5,15.0,0,0,0
0.5,0,14,15.0,0,0,0
0.004758250122183097,0,13,35.52879185532865,0,0,0
0.005257987705812629,0,16,15.0,0,0,0
0.5,0,19,22.560479357484176,0,0,0
0.0010699525461970668,0,7,22.881151868607425,0,0,0
0.11662322339731124,0,20,15.0,0,0,0
0.010271245541417373,0,19,20.37813953432132,0,0,0
0.5,0,14,20.211212805728927,0,0,0
0.5,0,13,15.0,0,0,0
0.5,0,7,15.0,0,0,0
0.5,0,7,21.455320947363596,0,0,0
0.5,0,5,21.61721728605584,0,0,0
0.5,0,15,19.583661676808553,0,0,0
0.5,0,11,15.0,0,0,0
0.006706019082590813,0,8,15.0,0,0,0
0.1164140984761048,0,7,23.205157308648452,0,0,0
0.5,0,6,15.0,0,0,0
0.23395242284813308,0,15,20.4616739304851,0,0,0
0.5,0,15,23.607535436306943,0,0,0
0.5,0,15,18.041975650856237,0,0,0
0.5,0,6,15.0,0,0,0
0.009425677582802043,0,5,15.0,0,0,0
0.5,0,6,21.859730597537894,0,0,0
0.5,0,17,15.0,0,0,0
0.5,0,16,26.15453061138937,0,0,0
0.5,0,9,15.0,0,0,0
0.010708944375851464,0,5,15.0,0,0,0
0.029571013151826968,0,10,15.0,0,0,0
0.5,0,17,21.656275169775245,0,0,0
0.5,0,7,20.73291346317587,0,0,0
0.5,0,17,15.0,0,0,0
0.5,0,12,22.857179740854132,0,0,0
0.5,0,7,26.126098637713415,0,0,0
0.5,0,19,15.0,0,0,0
0.2461345727136336,0,13,18.106855289818025,0,0,0
0.5,0,15,22.685927778557122,0,0,0
0.4402785859027693,0,6,15.0,0,0,0
0.5,0,10,19.771449634892083,0,0,0
0.02607252603503681,0,15,15.0,0,0,0
0.02221511353471067,0,15,15.0,0,0,0
0.5,0,6,15.0,0,0,0
0.5,0,14,15.0,0,0,0
0.5,0,20,24.3894834495942,0,0,0
0.5,0,17,15.0,0,0,0
0.5,0,8,24.5737045097913,0,0,0
0.008451443282573221,0,19,15.0,0,0,0
0.5,0,15,19.20507391939471,0,0,0
0.0020663665776478406,0,5,15.0,0,0,0
0.5,0,7,22.057225091577656,0,0,0
0.5,0,19,21.9757010525031,0,0,0
0.5,0,8,35.72774304067433,0,0,0
0.5,0,6,15.0,0,0,0
0.21678256781161614,0,12,15.0,0,0,0
0.5,0,13,24.242893304495695,0,0,0
0.0071218041721536765,0,14,15.0,0,0,0
0.5,0,15,18.915367466553185,0,0,0
0.5,0,20,21.71084218980446,0,0,0
0.5,0,17,15.0,0,0,0
0.5,0,5,22.2765433882865,0,0,0
0.5,0,6,24.461904165466514,0,0,0
0.009189449913882155,0,5,15.0,0,0,0
0.5,0,11,22.23312530259122,0,0,0
0.5,0,10,19.954685216573882,0,0,0
0.010617454810745061,0,19,15.0,0,0,0
0.5,0,10,20.074535305620145,0,0,0
0.01029538120809839,0,5,15.0,0,0,0
0.10224735710250894,0,19,21.206079841734304,0,0,0
0.010864187122677314,0,9,15.0,0,0,0
0.06473058762357457,0,19,15.0,0,0,0
0.008385037368340247,0,17,15.0,0,0,0
0.5,0,19,19.256182483684096,0,0,0
0.1178983562688357,0,18,15.0,0,0,0
0.5,0,7,15.0,0,0,0
0.5,0,15,15.0,0,0,0
0.010840003764890183,0,11,23.513173471938714,0,0,0
0.5,0,15,24.53133520387394,0,0,0
0.5,0,16,15.0,0,0,0
0.5,0,13,24.248755034759977,0,0,0
0.5,0,10,23.559058070779283,0,0,0
0.5,0,19,24.015357976629307,0,0,0
0.5,0,15,22.95947876844062,0,0,0
0.5,0,19,15.0,0,0,0
0.5,0,8,22.491484578665293,0,0,0
0.5,0,18,80.0,0,0,0
0.5,0,10,80.0,0,0,0
0.5,0,12,15.0,0,0,0
0.5,0,18,25.064273211784677,0,0,0
0.5,0,10,24.45691217447333,0,0,0
0.5,0,9,20.991452829436614,0,0,0
0.5,0,19,20.732832673352853,0,0,0
0.5,0,20,21.202213831469457,0,0,0
0.5,0,9,20.569168203100965,0,0,0
0.0012859013347201666,0,9,23.600364363970368,0,0,0
0.5,0,8,15.0,0,0,0
0.5,0,5,15.0,0,0,0
0.5,0,13,26.221637259378895,0,0,0
0.5,0,9,15.0,0,0,0
0.5,0,18,24.404050011485914,0,0,0
0.5,0,7,21.423977373206505,0,0,0
0.4800003150632221,0,15,15.0,0,0,0
0.3071795733846727,0,13,15.0,0,0,0
0.5,0,14,15.0,0,0,0
0.5,0,6,24.455992744457753,0,0,0
0.5,0,12,15.0,0,0,0
0.5,0,15,15.0,0,0,0
0.5,0,10,23.284847137923123,0,0,0
0.5,0,18,18.193407517377835,0,0,0
0.0068590426119974485,0,13,15.0,0,0,0
0.5,0,10,15.0,0,0,0
0.5,0,5,23.3383859271291,0,0,0
0.5,0,7,21.90084167746764,0,0,0
0.5,0,12,23.84529917810598,0,0,0
0.002338675146383667,0,11,15.0,0,0,0
0.5,0,18,21.903810432491127,0,0,0
0.5,0,17,22.386709708325785,0,0,0
0.5,0,7,22.26666225719699,0,0,0
0.5,0,14,15.0,0,0,0
0.028860653301762906,0,12,15.0,0,0,0
0.5,0,6,25.154829408914285,0,0,0
0.5,0,15,15.0,0,0,0
0.5,0,13,23.004310904297917,0,0,0
0.5,0,6,15.0,0,0,0
0.5,0,12,15.0,0,0,0
0.5,0,16,15.0,0,0,0
0.5,0,10,15.0,0,0,0
0.5,0,10,19.953270076651048,0,0,0
0.5,0,6,15.0,0,0,0
0.5,0,8,21.019744720023382,0,0,0
0.010527494231060561,0,20,15.0,0,0,0
0.035818837169262555,0,14,15.0,0,0,0
0.5,0,7,15.0,0,0,0
0.01974300398586287,0,12,15.0,0,0,0
0.5,0,8,15.0,0,0,0
0.5,0,12,23.40387109837497,0,0,0
0.4436618565880744,0,7,15.0,0,0,0
0.5,0,14,21.171051058689258,0,0,0
0.5,0,14,15.0,0,0,0
0.05887425613715641,0,15,15.0,0,0,0
0.5,0,12,15.0,0,0,0
0.5,0,9,15.0,0,0,0
0.5,0,8,15.0,0,0,0
0.06478003561276971,0,8,15.0,0,0,0
0.11493133556980621,0,11,18.393165802588804,0,0,0
0.5,0,12,20.5682950450992,0,0,0
0.5,0,15,20.45208990539766,0,0,0
0.5,0,5,15.0,0,0,0
0.5,0,9,22.393714932283242,0,0,0
0.5,0,18,19.461931138108895,0,0,0
0.041161143382823145,0,19,15.0,0,0,0
0.5,0,19,24.69373245754562,0,0,0
0.19503245152163484,0,9,15.0,0,0,0
0.5,0,7,25.31904237934293,0,0,0
0.21534696524767263,0,8,15.0,0,0,0
0.5,0,7,21.819261020313228,0,0,0
0.5,0,20,23.96953638392099,0,0,0
0.5,0,19,80.0,0,0,0
0.5,0,17,15.0,0,0,0
0.5,0,16,15.0,0,0,0
0.009767604294980282,0,10,23.50020234457179,0,0,0
0.5,0,12,23.913420606644134,0,0,0
0.5,0,18,24.999190615164864,0,0,0
0.03101275349490553,0,18,15.0,0,0,0
0.5,0,13,22.69972041862275,0,0,0
0.5,0,18,21.159464459889804,0,0,0
0.21235218690378088,0,10,15.0,0,0,0
0.5,0,11,24.258700821512104,0,0,0
0.5,0,18,15.0,0,0,0
0.5,0,11,19.29742979581723,0,0,0
0.5,0,17,21.92314153080063,0,0,0
0.5,0,12,21.983743470644654,0,0,0
0.5,0,9,23.164307672138705,0,0,0
0.5,0,8,23.57029669695182,0,0,0
0.5,0,14,19.69718063400805,0,0,0
0.5,0,12,25.202216307286776,0,0,0
0.5,0,10,23.235331149708017,0,0,0
0.5,0,16,20.001334721693805,0,0,0
0.5,0,5,15.0,0,0,0
0.006969819822339161,0,6,15.0,0,0,0
0.08440824058426238,0,20,15.0,0,0,0
0.5,0,15,18.704501329250476,0,0,0
0.5,0,13,15.0,0,0,0
0.5,0,5,15.0,0,0,0
0.5,0,14,19.486386116521146,0,0,0
0.5,0,11,21.55758208709497,0,0,0
0.5,0,14,24.0658126735051,0,0,0
0.2882992836992258,0,5,21.159825059623202,0,0,0
0.5,0,13,22.601687452127404,0,0,0
0.011555374667189797,0,14,15.0,0,0,0
0.5,0,9,15.0,0,0,0
0.5,0,5,20.512012113842413,0,0,0
0.5,0,20,15.0,0,0,0
0.5,0,16,19.335134165943646,0,0,0
0.5,0,14,23.75968802718241,0,0,0
0.08539194790899353,0,17,15.0,0,0,0
0.5,0,15,15.0,0,0,0
0.006383736681051512,0,7,15.0,0,0,0
0.5,0,12,26.202765778578318,0,0,0
0.5,0,19,20.879418773152025,0,0,0
0.5,0,9,15.0,0,0,0
0.5,0,20,22.970443499227578,0,0,0
0.5,0,6,24.529845500268095,0,0,0
0.5,0,10,24.61991726490667,0,0,0
0.004121069198537642,0,10,15.0,0,0,0
0.5,0,14,20.320769417978713,0,0,0
0.001058570815223313,0,7,20.707776022097296,0,0,0
0.5,0,8,24.010400553483564,0,0,0
0.5,0,15,80.0,0,0,0
0.0018414346719684749,0,9,15.0,0,0,0
0.48655873686662643,0,19,15.0,0,0,0
0.5,0,18,23.084602463371155,0,0,0
0.5,0,9,21.889511247256046,0,0,0
0.5,0,13,15.0,0,0,0
0.5,0,10,15.0,0,0,0
0.25527453117210724,0,10,15.0,0,0,0
0.5,0,15,15.0,0,0,0
0.5,0,9,23.882771861966887,0,0,0
0.33176052180524535,0,7,15.0,0,0,0
0.5,0,9,15.0,0,0,0
0.5,0,19,15.0,0,0,0
0.5,0,9,23.233006273565575,0,0,0
0.38776028384895855,0,10,21.09706167462221,0,0,0
0.5,0,15,15.0,0,0,0
0.5,0,6,15.0,0,0,0
0.2592611062496896,0,9,15.0,0,0,0
0.008515509618681902,0,7,21.661252839986453,0,0,0
0.5,0,19,15.0,0,0,0
0.011775788503450386,0,19,22.99227385821797,0,0,0
0.4242038746669333,0,17,19.48994966864624,0,0,0
0.011604421252602708,0,8,22.405128131214344,0,0,0
0.5,0,14,22.570812240419,0,0,0
0.004085915254751289,0,15,21.52384307205862,0,0,0
0.005751852603086722,0,18,15.0,0,0,0
0.5,0,7,22.17264873126197,0,0,0
0.5,0,16,15.0,0,0,0
0.009358347664034929,0,8,15.0,0,0,0
0.5,0,14,21.883409947597173,0,0,0
0.5,0,19,20.44275937115171,0,0,0
0.5,0,5,15.0,0,0,0
0.002042642486062699,0,7,15.0,0,0,0
0.5,0,18,21.426637060667357,0,0,0
0.5,0,5,24.260538953811686,0,0,0
0.5,0,15,19.214014327417612,0,0,0
0.5,0,13,15.0,0,0,0
0.5,0,10,19.43062312080896,0,0,0
0.11915285024936374,0,18,15.0,0,0,0
0.5,0,18,20.206518603568643,0,0,0
0.5,0,10,15.0,0,0,0
0.08003298467338743,0,5,15.0,0,0,0
0.5,0,7,15.0,0,0,0
0.5,0,6,23.38032680946978,0,0,0
0.5,0,20,26.21752171071412,0,0,0
0.5,0,14,15.0,0,0,0
0.5,0,15,15.0,0,0,0
0.002799957510390332,0,8,15.0,0,0,0
0.5,0,18,15.0,0,0,0
0.5,0,16,15.0,0,0,0
0.15259878145734396,0,17,20.4451060563456,0,0,0
0.5,0,12,15.0,0,0,0
0.5,0,16,15.0,0,0,0
0.255394496853392,0,13,22.07187361317931,0,0,0
0.5,0,11,24.33348123484632,0,0,0
0.018448840690681534,0,14,15.0,0,0,0
0.015066676501619128,0,10,15.0,0,0,0
0.5,0,20,23.840471551741665,0,0,0
0.5,0,16,15.0,0,0,0
0.009386406749757985,0,16,18.975199129301433,0,0,0
0.5,0,16,20.80963302639921,0,0,0
0.5,0,12,15.0,0,0,0
0.5,0,20,23.165721929856346,0,0,0
0.005421523070043859,0,8,27.222914892656206,0,0,0
0.005969170083086561,0,14,18.9610649500005,0,0,0
0.001,0,6,15.0,0,0,0
0.03463815377572843,0,9,15.0,0,0,0
0.5,0,14,23.018098552537957,0,0,0
0.5,0,12,15.0,0,0,0
0.5,0,20,15.0,0,0,0
0.11734715430860708,0,14,15.0,0,0,0
0.0058740300017525275,0,11,31.35724655939395,0,0,0
0.004514661374389967,0,11,21.80195509959173,0,0,0
0.5,0,14,20.405558295938917,0,0,0
0.5,0,17,15.0,0,0,0
0.002505923981720884,0,9,15.0,0,0,0
0.5,0,14,15.0,0,0,0
0.5,0,14,23.60010634172479,0,0,0
0.5,0,5,15.0,0,0,0
0.5,0,19,24.777859003137785,0,0,0
0.5,0,14,15.0,0,0,0
0.5,0,8,21.82361598838202,0,0,0
0.08095261973044153,0,15,15.0,0,0,0
0.5,0,15,15.0,0,0,0
0.013013624860063461,0,19,15.0,0,0,0
0.5,0,5,15.0,0,0,0
0.5,0,11,21.912896065219016,0,0,0
0.009955996004903208,0,7,15.0,0,0,0
0.5,0,14,15.0,0,0,0
0.5,0,13,20.749731054831887,0,0,0
0.5,0,12,15.0,0,0,0
0.5,0,20,15.0,0,0,0
0.13678418968461786,0,13,59.435698254538785,0,0,0
0.5,0,11,22.749833864162348,0,0,0
0.5,0,6,15.0,0,0,0
0.5,0,9,19.083938612083262,0,0,0
0.010317170820102169,0,19,15.0,0,0,0
0.5,0,12,15.0,0,0,0
0.4504655317008013,0,19,15.0,0,0,0
0.5,0,13,20.446856635832397,0,0,0
0.5,0,13,23.59436573765493,0,0,0
0.463676704227071,0,11,15.0,0,0,0
0.5,0,13,15.0,0,0,0
0.5,0,6,15.0,0,0,0
0.5,0,5,15.0,0,0,0
0.5,0,12,15.0,0,0,0
0.5,0,14,22.46373264463033,0,0,0
0.5,0,13,25.082790931180522,0,0,0
0.004025986697343593,0,11,25.002637585403203,0,0,0
0.5,0,9,15.0,0,0,0
0.5,0,16,20.99110524933943,0,0,0
0.09083336667661103,0,14,15.0,0,0,0
0.5,0,5,15.0,0,0,0
0.5,0,12,15.0,0,0,0
0.05391176301619697,0,16,15.0,0,0,0
0.04226960661820757,0,17,15.0,0,0,0
0.0025163582872074924,0,9,15.0,0,0,0
0.022327647520272123,0,19,15.0,0,0,0
0.5,0,15,23.78293960196648,0,0,0
0.4466457835370238,0,12,23.824561894606198,0,0,0
0.5,0,15,22.376071585594048,0,0,0
0.5,0,18,20.35209939559796,0,0,0
0.5,0,8,23.893804835676868,0,0,0
0.004920534871008075,0,7,15.0,0,0,0
0.5,0,12,25.801636916241502,0,0,0
0.5,0,6,21.84589130534385,0,0,0
0.4993447255195456,0,18,15.0,0,0,0
0.5,0,20,22.180331962533533,0,0,0
0.5,0,14,15.0,0,0,0
0.5,0,20,24.99911959574541,0,0,0
0.5,0,6,36.24333673854744,0,0,0
0.5,0,15,15.0,0,0,0
0.5,0,12,23.191343292075626,0,0,0
0.5,0,9,18.17376558048779,0,0,0
0.5,0,9,15.0,0,0,0
0.057939347316251916,0,13,15.0,0,0,0
0.5,0,15,23.719122404543626,0,0,0
0.5,0,7,22.98446283896869,0,0,0
0.5,0,14,21.196192876595084,0,0,0
0.5,0,19,15.0,0,0,0
0.5,0,5,24.1202787658371,0,0,0
0.5,0,19,20.422591137804172,0,0,0
0.03000529635021314,0,14,15.0,0,0,0
0.5,0,10,15.0,0,0,0
0.014261262216505194,0,16,15.0,0,0,0
0.5,0,14,15.0,0,0,0
0.5,0,17,21.181587331983142,0,0,0
0.5,0,6,15.0,0,0,0
0.5,0,5,15.0,0,0,0
0.5,0,15,20.35170273054895,0,0,0
0.5,0,9,21.77024430640841,0,0,0
0.5,0,8,15.0,0,0,0
0.5,0,11,15.0,0,0,0
0.20039877178649831,0,16,15.0,0,0,0
0.5,0,7,23.101104762245352,0,0,0
0.5,0,20,20.795238473567792,0,0,0
0.5,0,11,15.0,0,0,0
0.0061917228076638344,0,7,15.0,0,0,0
0.5,0,6,15.0,0,0,0
0.5,0,18,25.789186858396103,0,0,0
0.5,0,6,23.234909418927437,0,0,0
0.5,0,11,20.224943137146365,0,0,0
0.0025523537051183065,0,15,15.0,0,0,0
0.5,0,13,24.705623722410728,0,0,0
0.5,0,9,15.0,0,0,0
0.5,0,6,15.0,0,0,0
0.5,0,16,18.270032324388666,0,0,0
0.5,0,12,15.0,0,0,0
0.04002706568273228,0,5,27.417632047462455,0,0,0
0.3296375559387584,0,7,15.0,0,0,0
0.5,0,14,15.0,0,0,0
0.5,0,7,26.068319526257557,0,0,0
0.5,0,11,15.0,0,0,0
0.5,0,6,22.944256479430003,0,0,0
0.5,0,17,47.661443195715165,0,0,0
0.0016211380964188116,0,15,15.0,0,0,0
0.5,0,17,15.0,0,0,0
0.03138401096464672,0,5,15.0,0,0,0
0.5,0,11,15.0,0,0,0
0.5,0,9,21.448387164750557,0,0,0
0.004847903785309755,0,14,15.0,0,0,0
0.5,0,18,15.0,0,0,0
0.005386509122654781,0,8,15.0,0,0,0
0.00574095449427682,0,17,15.0,0,0,0
0.5,0,14,18.641771252721636,0,0,0
0.5,0,18,15.0,0,0,0
0.5,0,6,22.389237399324465,0,0,0
0.3789617900243187,0,20,19.36654819721814,0,0,0
0.5,0,11,25.96467344509951,0,0,0
0.5,0,9,24.10512895949812,0,0,0
0.5,0,7,22.90498592442012,0,0,0
0.005862231734904465,0,20,15.0,0,0,0
0.004638347943534659,0,19,21.22095735000324,0,0,0
0.5,0,7,21.416147555568873,0,0,0
0.5,0,12,23.56190204872292,0,0,0
0.005437379343009049,0,16,21.193887676818022,0,0,0
0.5,0,14,15.0,0,0,0
0.0806614052285036,0,8,15.0,0,0,0
0.5,0,10,23.568345575913412,0,0,0
0.5,0,10,22.134901865427683,0,0,0
0.5,0,9,24.040082942870608,0,0,0
0.5,0,20,15.0,0,0,0
0.1307510791618096,0,8,22.429342347203665,0,0,0
0.10158837200054974,0,16,15.0,0,0,0
0.05233277862791902,0,19,25.03863768593984,0,0,0
0.5,0,17,19.861016337548012,0,0,0
0.5,0,17,24.129819042457456,0,0,0
0.5,0,7,25.653656903330724,0,0,0
0.5,0,7,15.0,0,0,0
0.5,0,17,15.0,0,0,0
0.5,0,16,22.910027007532207,0,0,0
0.11516133491856295,0,16,15.0,0,0,0
0.5,0,11,21.664231572038204,0,0,0
0.17681923158056637,0,13,15.0,0,0,0
0.11010015084195944,0,5,15.0,0,0,0
0.0055987398417069205,0,9,15.0,0,0,0
0.005693748406227826,0,13,26.018776971497857,0,0,0
0.046445492532705225,0,7,15.0,0,0,0
0.04501059894395553,0,7,18.356687892636117,0,0,0
0.5,0,5,15.0,0,0,0
0.5,0,8,22.687355274873006,0,0,0
0.003823385302579148,0,20,15.0,0,0,0
0.5,0,16,15.0,0,0,0
0.5,0,20,21.284167790893253,0,0,0
0.5,0,9,22.76096306123069,0,0,0
0.5,0,14,15.0,0,0,0
0.5,0,19,15.0,0,0,0
0.5,0,10,21.550613386660352,0,0,0
0.5,0,15,21.28954668688181,0,0,0
0.5,0,16,23.61849991437876,0,0,0
0.5,0,18,21.985911005399647,0,0,0
0.5,0,20,20.27180421192992,0,0,0
0.5,0,14,19.827892317948713,0,0,0
0.5,0,14,24.52350051541378,0,0,0
0.004207020536620118,0,18,20.039541347115424,0,0,0
0.5,0,15,23.95968223954544,0,0,0
0.5,0,10,32.193427307795275,0,0,0
0.5,0,15,20.813928072268656,0,0,0
0.5,0,13,15.0,0,0,0
0.005547699522638001,0,8,23.962091773594867,0,0,0
0.3675202649949579,0,13,27.65808439046843,0,0,0
0.004065735340532939,0,14,24.46935186593715,0,0,0
0.5,0,19,23.14619360546886,0,0,0
0.5,0,14,15.0,0,0,0
0.5,0,7,26.495091595315753,0,0,0
0.30544814017128674,0,20,23.222213466771496,0,0,0
0.5,0,14,15.0,0,0,0
0.5,0,9,25.60879983623392,0,0,0
0.5,0,17,15.0,0,0,0
0.5,0,11,15.0,0,0,0
0.5,0,10,18.419282180890633,0,0,0
0.5,0,18,21.768667000576624,0,0,0
0.5,0,18,20.68184401395865,0,0,0
0.5,0,13,15.0,0,0,0
0.5,0,10,15.0,0,0,0
0.5,0,18,15.0,0,0,0
0.5,0,7,19.575406274807413,0,0,0
0.5,0,16,23.32358907027965,0,0,0
0.5,0,14,15.0,0,0,0
0.12370484362314615,0,18,15.0,0,0,0
0.008153079878115815,0,11,15.0,0,0,0
0.5,0,18,15.0,0,0,0
0.5,0,5,20.42389591502048,0,0,0
0.5,0,17,22.18314942824462,0,0,0
0.5,0,6,15.0,0,0,0
0.010028994529846864,0,15,22.513999094209588,0,0,0
0.019132960070517565,0,8,15.0,0,0,0
0.5,0,20,15.0,0,0,0
0.5,0,17,15.0,0,0,0
0.5,0,6,20.01334618424916,0,0,0
0.5,0,19,15.0,0,0,0
0.5,0,9,15.0,0,0,0
0.17524410078665256,0,13,15.0,0,0,0
0.5,0,6,21.99481764801661,0,0,0
0.5,0,6,24.746295420349206,0,0,0
0.5,0,8,15.0,0,0,0
0.022394963583761706,0,13,15.0,0,0,0
0.006127274259972581,0,13,15.0,0,0,0
0.5,0,18,15.0,0,0,0
0.5,0,7,21.38216670554044,0,0,0
0.5,0,16,18.981433517941756,0,0,0
0.001,0,5,21.790906089276138,0,0,0
0.03414270171872142,0,9,15.0,0,0,0
0.5,0,7,15.0,0,0,0
0.5,0,6,21.19376896008784,0,0,0
0.03580099176453732,0,14,15.0,0,0,0
0.5,0,19,15.0,0,0,0
0.005768871962036188,0,15,15.0,0,0,0
0.0015615258333785387,0,18,15.0,0,0,0
0.5,0,14,24.976001047257224,0,0,0
0.5,0,5,24.79017187323853,0,0,0
0.04220519643925569,0,10,15.0,0,0,0
0.5,0,18,15.0,0,0,0
0.5,0,5,22.208537892974352,0,0,0
0.5,0,6,15.0,0,0,0
0.5,0,18,24.483364520612295,0,0,0
0.5,0,6,23.82926502587286,0,0,0
0.5,0,20,15.0,0,0,0
0.004503421283498865,0,17,21.99068240191614,0,0,0
0.009973782505566308,0,15,15.0,0,0,0
0.5,0,13,22.969790994641183,0,0,0
0.5,0,6,21.056165083633072,0,0,0
0.5,0,11,22.15173424324073,0,0,0
0.5,0,17,15.0,0,0,0
0.5,0,19,15.0,0,0,0
0.5,0,12,24.31926858607295,0,0,0
0.08481905750545193,0,18,22.434608885296967,0,0,0
0.5,0,17,15.0,0,0,0
0.06783038857062787,0,5,15.0,0,0,0
0.0374832039936993,0,14,15.0,0,0,0
0.5,0,14,15.0,0,0,0
0.02961432388604667,0,13,15.0,0,0,0
0.5,0,17,18.20571440432085,0,0,0
0.5,0,19,15.0,0,0,0
0.5,0,13,15.0,0,0,0
0.5,0,10,23.78840892511767,0,0,0
0.5,0,20,25.10171904913189,0,0,0
0.31800294158753334,0,20,15.0,0,0,0
0.05555451259914257,0,15,15.0,0,0,0
0.5,0,15,15.0,0,0,0
0.5,0,6,23.003181424037827,0,0,0
0.5,0,11,20.978064540218142,0,0,0
0.5,0,8,15.0,0,0,0
0.5,0,13,15.0,0,0,0
0.5,0,18,15.0,0,0,0
0.5,0,8,15.0,0,0,0
0.5,0,20,15.0,0,0,0
0.5,0,7,20.660363923313714,0,0,0
0.006363208237494041,0,6,15.0,0,0,0
0.008028341416679793,0,20,21.554676662813566,0,0,0
0.05374215577764221,0,6,15.0,0,0,0
0.5,0,16,15.0,0,0,0
0.5,0,17,24.874416377028997,0,0,0
0.5,0,10,24.45640880847163,0,0,0
0.5,0,6,15.0,0,0,0
0.10513994321955342,0,9,22.265239051757145,0,0,0
0.5,0,6,15.0,0,0,0
0.5,0,15,23.38174774874482,0,0,0
0.16853528134239262,0,19,15.0,0,0,0
0.5,0,20,20.458562537144363,0,0,0
0.5,0,17,15.0,0,0,0
0.5,0,17,24.835743165152085,0,0,0
0.5,0,19,15.0,0,0,0
0.5,0,17,25.086780012556456,0,0,0
0.41787851186956443,0,15,15.0,0,0,0
0.5,0,20,15.0,0,0,0
0.5,0,10,19.76634367763053,0,0,0
0.5,0,11,15.0,0,0,0
0.18952861860382353,0,19,15.0,0,0,0
0.5,0,9,15.0,0,0,0
0.5,0,9,15.0,0,0,0
0.5,0,7,15.0,0,0,0
0.00797100635267245,0,9,15.0,0,0,0
0.5,0,14,21.606597034543235,0,0,0
0.009152797204802257,0,19,19.890721991303238,0,0,0
0.0033548101380684696,0,7,15.0,0,0,0
0.5,0,15,15.0,0,0,0
0.5,0,17,15.0,0,0,0
0.01919247661998184,0,19,15.0,0,0,0
0.5,0,17,15.0,0,0,0
0.06271739019139258,0,7,15.0,0,0,0
0.028049808266742186,0,12,15.0,0,0,0
0.5,0,20,15.0,0,0,0
0.5,0,19,15.0,0,0,0
0.5,0,14,15.0,0,0,0
0.010210686258389657,0,20,60.5676280675639,0,0,0
0.09328615403103445,0,15,15.0,0,0,0
0.01632190422017016,0,6,15.0,0,0,0
0.020320640633413267,0,19,15.0,0,0,0
0.5,0,7,21.92187329698024,0,0,0
0.5,0,11,15.0,0,0,0
0.5,0,8,26.176797498442838,0,0,0
0.5,0,16,15.0,0,0,0
0.5,0,5,15.0,0,0,0
0.5,0,15,22.921982691499498,0,0,0
0.5,0,18,15.0,0,0,0
0.5,0,17,15.0,0,0,0
0.5,0,9,15.0,0,0,0
0.5,0,19,22.119339384213042,0,0,0
0.2697877942879813,0,10,15.0,0,0,0
0.5,0,15,15.0,0,0,0
0.5,0,13,22.418040515310892,0,0,0
0.5,0,6,26.0493419432418,0,0,0
0.5,0,5,24.474319082325056,0,0,0
0.05204388869839154,0,7,15.0,0,0,0
0.5,0,19,15.0,0,0,0
0.5,0,20,15.0,0,0,0
0.2949462064299217,0,11,15.0,0,0,0
0.011033198173854548,0,20,18.647958687894366,0,0,0
0.5,0,5,15.0,0,0,0
0.5,0,20,21.20030546322691,0,0,0
0.5,0,8,15.0,0,0,0
0.5,0,5,15.0,0,0,0
0.40812642251310416,0,17,15.0,0,0,0
0.21248910603321944,0,11,15.0,0,0,0
0.3207447434710965,0,9,21.476079566307654,0,0,0
0.5,0,17,23.92855456146411,0,0,0
0.5,0,10,23.564676521947305,0,0,0
0.5,0,17,15.0,0,0,0
0.002627745262821937,0,8,15.0,0,0,0
0.5,0,6,15.0,0,0,0
0.5,0,10,15.0,0,0,0
0.5,0,14,15.0,0,0,0
0.007182455404342549,0,8,15.0,0,0,0
0.011885045265075474,0,7,23.32943167476794,0,0,0
0.5,0,16,15.0,0,0,0
0.5,0,12,23.597890559387707,0,0,0
0.261574418756873,0,11,15.0,0,0,0
0.5,0,8,15.0,0,0,0
0.4302979675910281,0,5,20.822463464409136,0,0,0
0.5,0,5,20.707413369010663,0,0,0
0.010083428634822271,0,15,23.49796689560374,0,0,0
0.5,0,6,15.0,0,0,0
0.5,0,8,15.0,0,0,0
0.5,0,19,23.172597544368497,0,0,0
0.5,0,10,15.0,0,0,0
0.5,0,16,15.0,0,0,0
0.5,0,10,22.106458825421118,0,0,0
0.5,0,19,27.7456144095245,0,0,0
0.5,0,18,15.0,0,0,0
0.03587182556786901,0,12,15.0,0,0,0
0.5,0,15,25.177047657761673,0,0,0
0.5,0,11,15.0,0,0,0
0.5,0,20,15.0,0,0,0
0.1178385608311679,0,10,22.01101366514303,0,0,0
0.5,0,18,23.50389463372754,0,0,0
0.5,0,14,15.0,0,0,0
0.5,0,15,25.45908707810803,0,0,0
0.5,0,10,20.385705229793924,0,0,0
0.11472059226971004,0,18,23.357122503343135,0,0,0
0.5,0,16,15.0,0,0,0
0.16973466892558706,0,18,15.0,0,0,0
0.5,0,17,24.909799319132915,0,0,0
0.28453735883175224,0,7,15.0,0,0,0
0.35818300735370684,0,19,21.14361130794152,0,0,0
0.5,0,18,23.74531553436644,0,0,0
0.413107151300184,0,8,20.63273662604492,0,0,0
0.4954702982191628,0,20,15.0,0,0,0
0.5,0,13,15.0,0,0,0
0.5,0,10,23.265506263255002,0,0,0
0.5,0,8,15.0,0,0,0
0.00572736407884374,0,10,23.515115663349597,0,0,0
0.5,0,5,15.0,0,0,0
0.5,0,16,24.40605131374171,0,0,0
0.00200273436838711,0,16,15.0,0,0,0
0.5,0,15,15.0,0,0,0
0.5,0,13,19.487706018223378,0,0,0
0.5,0,10,20.18018450314056,0,0,0
0.003167622073171167,0,16,15.0,0,0,0
0.5,0,18,15.0,0,0,0
0.5,0,6,24.25195987209766,0,0,0
0.5,0,11,15.0,0,0,0
0.20272642538575797,0,20,28.261563695948148,0,0,0
0.006670675172779728,0,18,15.0,0,0,0
0.5,0,20,22.83975628473842,0,0,0
0.5,0,7,15.0,0,0,0
0.28289245479737934,0,12,22.407233531392738,0,0,0
0.5,0,7,21.42203357961419,0,0,0
0.5,0,18,15.0,0,0,0
0.016104285109419924,0,13,15.0,0,0,0
0.02292933439075742,0,8,15.0,0,0,0
0.5,0,6,28.551765553296256,0,0,0
0.5,0,16,24.119356394258297,0,0,0
0.5,0,17,15.0,0,0,0
0.5,0,19,22.30861833262603,0,0,0
0.04044552021118584,0,20,15.0,0,0,0
0.5,0,18,23.463549149914215,0,0,0
0.5,0,17,15.0,0,0,0
0.05009305958452204,0,17,15.0,0,0,0
0.5,0,20,20.710787740939917,0,0,0
0.5,0,12,20.285651164296983,0,0,0
0.5,0,17,23.392673628556757,0,0,0
0.5,0,18,19.30025118778018,0,0,0
0.5,0,6,20.31454415296855,0,0,0
0.5,0,16,15.0,0,0,0
0.5,0,10,25.143944359600273,0,0,0
0.5,0,7,15.0,0,0,0
0.21515893659815397,0,7,15.0,0,0,0
0.5,0,6,15.0,0,0,0
0.5,0,19,15.0,0,0,0
0.5,0,17,15.0,0,0,0
0.5,0,6,15.0,0,0,0
0.00516831793648529,0,15,15.0,0,0,0
0.5,0,15,15.0,0,0,0
0.5,0,13,21.823861095069756,0,0,0
0.14722861246164293,0,14,15.0,0,0,0
0.343293792232792,0,19,20.908375528002985,0,0,0
0.5,0,13,20.99699079182073,0,0,0
0.5,0,15,22.08305600024817,0,0,0
0.015699794080965227,0,14,15.0,0,0,0
0.004876632618828976,0,11,21.245661725126332,0,0,0
0.3613200176394641,0,19,22.234629085831656,0,0,0
0.00276613565953005,0,11,15.0,0,0,0
0.5,0,17,15.0,0,0,0
0.5,0,14,21.369813576686507,0,0,0
0.07139259683590025,0,15,20.516222347035725,0,0,0
0.48628444148337213,0,17,15.0,0,0,0
0.5,0,16,22.09283210525331,0,0,0
0.5,0,14,23.285043288677112,0,0,0
0.5,0,14,26.277056204345993,0,0,0
0.07864929665162973,0,13,22.89248723759029,0,0,0
0.5,0,10,24.841030312743435,0,0,0
0.5,0,16,23.278029775153524,0,0,0
0.5,0,19,22.88850248629224,0,0,0
0.01668881175014307,0,16,15.0,0,0,0
0.01490224003940017,0,17,15.0,0,0,0
0.43220305972233564,0,18,21.65803818119637,0,0,0
0.004731006596442715,0,10,18.06102577197435,0,0,0
0.5,0,6,18.4260150646223,0,0,0
0.023508231292508786,0,10,15.0,0,0,0
0.07194568916712658,0,17,15.0,0,0,0
0.01793370374469081,0,18,15.0,0,0,0
0.004555022238868031,0,13,24.634502723646907,0,0,0
0.5,0,17,26.06819203976039,0,0,0
0.5,0,6,15.0,0,0,0
0.5,0,15,23.84370588332271,0,0,0
0.5,0,15,15.0,0,0,0
0.009300357154783705,0,13,15.0,0,0,0
0.5,0,16,22.31015002716097,0,0,0
0.5,0,12,26.065163538331774,0,0,0
0.5,0,13,32.95089521073107,0,0,0
0.5,0,14,15.0,0,0,0
0.0021942051666224752,0,17,15.0,0,0,0
0.5,0,8,19.388621523075994,0,0,0
0.5,0,9,15.0,0,0,0
0.4389943703935365,0,11,22.962250412857347,0,0,0
0.008960832716765938,0,8,15.0,0,0,0
0.5,0,10,15.0,0,0,0
0.4505733401813871,0,10,15.0,0,0,0
0.5,0,10,23.828927715388065,0,0,0
0.5,0,11,15.0,0,0,0
0.5,0,13,24.579088443756156,0,0,0
0.5,0,16,19.819999235483657,0,0,0
0.5,0,9,25.705506459431845,0,0,0
0.20194420363151735,0,18,15.0,0,0,0
0.5,0,12,15.0,0,0,0
0.5,0,16,22.03619939473826,0,0,0
0.5,0,6,15.0,0,0,0
0.5,0,7,15.0,0,0,0
0.5,0,12,15.0,0,0,0
0.5,0,10,22.820726211965855,0,0,0
0.5,0,12,24.25323484016155,0,0,0
0.004420385139502048,0,7,23.801213149284568,0,0,0
0.5,0,12,15.0,0,0,0
0.07164642418444375,0,15,22.040525868774374,0,0,0
0.5,0,16,15.0,0,0,0
0.5,0,8,15.0,0,0,0
0.00271689857705208,0,10,15.0,0,0,0
0.5,0,13,19.20298489418053,0,0,0
0.5,0,13,24.766367364734617,0,0,0
0.5,0,17,15.0,0,0,0
0.5,0,11,22.31072552375034,0,0,0
0.5,0,15,24.81280014150161,0,0,0
0.5,0,19,21.542217931426606,0,0,0
0.5,0,9,34.51273130850563,0,0,0
0.4396458850465545,0,18,15.0,0,0,0
0.5,0,10,22.902146235583178,0,0,0
0.5,0,10,15.0,0,0,0
0.0356325716427559,0,15,15.0,0,0,0
0.20559382891165587,0,14,24.71996746840425,0,0,0
0.5,0,13,25.547033428244443,0,0,0
0.5,0,8,15.0,0,0,0
0.5,0,6,15.0,0,0,0
0.5,0,19,15.0,0,0,0
0.5,0,18,15.0,0,0,0
0.5,0,19,15.0,0,0,0
0.5,0,13,15.0,0,0,0
0.5,0,19,23.698186353849152,0,0,0
0.5,0,12,15.0,0,0,0
0.004556324567784536,0,6,21.445178474043633,0,0,0
0.5,0,8,21.45798623197235,0,0,0
0.5,0,9,15.0,0,0,0
0.5,0,11,19.98337624743147,0,0,0
0.007055815560574083,0,20,15.0,0,0,0
0.5,0,10,21.71337898641946,0,0,0
0.5,0,14,15.0,0,0,0
0.059736718600920065,0,9,18.032930376807542,0,0,0
0.0049297660289266175,0,15,15.0,0,0,0
0.5,0,14,23.179244254798014,0,0,0
0.5,0,7,15.0,0,0,0
0.5,0,12,15.0,0,0,0
0.09953221279045285,0,6,51.718533468866525,0,0,0
0.5,0,19,19.114225038397894,0,0,0
0.5,0,16,25.24887069447436,0,0,0
0.29625723515845775,0,20,20.668026463190106,0,0,0
0.2541151099338127,0,19,15.0,0,0,0
0.12728670249244217,0,8,41.608336250901026,0,0,0
0.5,0,16,15.0,0,0,0
0.5,0,6,15.0,0,0,0
0.5,0,20,18.91895509520792,0,0,0
0.5,0,17,15.0,0,0,0
0.5,0,15,15.0,0,0,0
0.00902002829186146,0,20,15.0,0,0,0
0.5,0,18,15.0,0,0,0
0.0939102243570309,0,18,15.0,0,0,0
0.5,0,6,20.834260897839254,0,0,0
0.5,0,5,46.90659495648182,0,0,0
0.5,0,20,15.0,0,0,0
0.0532416578925225,0,9,15.0,0,0,0
0.5,0,11,15.0,0,0,0
0.5,0,5,15.0,0,0,0
0.5,0,14,24.02336736834663,0,0,0
0.05500194319537494,0,18,15.0,0,0,0
0.03668161141377707,0,18,15.0,0,0,0
0.002630260576418876,0,14,15.0,0,0,0
0.04388591083774064,0,15,15.0,0,0,0
0.5,0,13,15.0,0,0,0
0.04527431529218044,0,12,15.0,0,0,0
0.5,0,13,15.0,0,0,0
0.041959513855402655,0,19,24.017585442556392,0,0,0
0.5,0,9,19.852469122876027,0,0,0
0.5,0,12,24.619080609733956,0,0,0
0.006112158602927172,0,14,15.0,0,0,0
0.5,0,14,15.0,0,0,0
0.5,0,5,22.25018884981805,0,0,0
0.5,0,9,21.63499772684828,0,0,0
0.12297004777310999,0,15,15.0,0,0,0
0.0069308134772025016,0,16,15.0,0,0,0
0.5,0,16,80.0,0,0,0
0.34631225339056104,0,20,15.0,0,0,0
0.5,0,15,23.639278925125833,0,0,0
0.5,0,14,19.79063985455258,0,0,0
0.5,0,10,22.28658213172778,0,0,0
0.5,0,10,26.3560013913639,0,0,0
0.058509988278069185,0,18,15.0,0,0,0
0.5,0,12,20.307991145448938,0,0,0
0.002796464940278345,0,16,15.0,0,0,0
0.006405458283437742,0,6,15.0,0,0,0
0.13645805950350284,0,7,15.0,0,0,0
0.5,0,8,22.819917838349948,0,0,0
0.5,0,8,23.0549281243554,0,0,0
0.5,0,14,23.168808055705856,0,0,0
0.5,0,15,21.317612691245113,0,0,0
0.3827704641208133,0,13,50.58531483164704,0,0,0
0.5,0,9,24.0463474313814,0,0,0
0.5,0,14,23.9619368916374,0,0,0
0.5,0,6,15.0,0,0,0
0.5,0,12,15.0,0,0,0
0.5,0,7,35.04809324905619,0,0,0
0.5,0,6,15.0,0,0,0
0.5,0,7,15.0,0,0,0
0.00571251213534052,0,6,15.0,0,0,0
0.5,0,12,24.517976504602895,0,0,0
0.10765600075768172,0,13,15.0,0,0,0
0.0059843240194834045,0,14,15.0,0,0,0
0.5,0,12,15.0,0,0,0
0.5,0,7,15.0,0,0,0
0.00848395610600095,0,5,15.0,0,0,0
0.5,0,16,23.340431736009066,0,0,0
0.5,0,20,20.304838106636563,0,0,0
0.5,0,9,20.331789671412775,0,0,0
0.5,0,8,25.77284260240827,0,0,0
0.001,0,9,15.0,0,0,0
0.42557227825487054,0,8,15.0,0,0,0
0.008859840100304188,0,8,15.0,0,0,0
0.004116828759109238,0,12,21.620095645206206,0,0,0
0.5,0,17,23.439405124387022,0,0,0
0.5,0,16,21.45053826183516,0,0,0
0.5,0,20,23.007350790885276,0,0,0
0.5,0,10,15.0,0,0,0
0.10372084711534442,0,12,15.0,0,0,0
0.004233415808487729,0,11,15.0,0,0,0
0.5,0,5,15.0,0,0,0
0.5,0,11,15.0,0,0,0
0.5,0,9,15.0,0,0,0
0.5,0,12,24.93265506235425,0,0,0
0.5,0,7,15.0,0,0,0
0.5,0,16,15.0,0,0,0
0.5,0,18,23.042182591866972,0,0,0
0.5,0,20,23.26800336773931,0,0,0
0.5,0,6,25.175878775125785,0,0,0
0.5,0,6,20.99484466921739,0,0,0
0.5,0,20,22.155661454415963,0,0,0
0.42040012341402627,0,18,15.0,0,0,0
0.0021442651386573463,0,14,19.34219744297409,0,0,0
0.010099244750436815,0,10,21.101567193563945,0,0,0
0.011711432901851953,0,13,22.922203653660755,0,0,0
0.5,0,13,15.0,0,0,0
0.5,0,18,15.0,0,0,0
0.0018855644838871647,0,13,15.0,0,0,0
0.5,0,5,24.588540297900174,0,0,0
0.5,0,16,21.36287391901798,0,0,0
0.5,0,17,20.59750978327303,0,0,0
0.5,0,9,15.0,0,0,0
0.5,0,6,20.09669413924575,0,0,0
0.5,0,7,20.106993280290947,0,0,0
0.5,0,18,22.7317136212338,0,0,0
0.4263773248510454,0,12,19.011194209420072,0,0,0
0.006752360586551131,0,13,15.0,0,0,0
0.5,0,20,20.300623741863582,0,0,0
0.13175985435898163,0,5,15.0,0,0,0
0.5,0,8,18.291460426979146,0,0,0
0.5,0,18,23.80977717268247,0,0,0
0.10160632046815751,0,13,15.0,0,0,0
0.24944824920414294,0,5,22.388025297862583,0,0,0
0.5,0,16,15.0,0,0,0
0.004314895217330384,0,7,23.21100097177046,0,0,0
0.5,0,17,24.355903384558697,0,0,0
0.5,0,17,15.0,0,0,0
0.5,0,18,22.709061657520945,0,0,0
0.5,0,12,24.867194367505505,0,0,0
0.058957488142980005,0,9,15.0,0,0,0
0.5,0,19,30.434028965165385,0,0,0
0.013595488261774136,0,13,15.0,0,0,0
0.5,0,15,15.0,0,0,0
0.5,0,7,23.801610243047506,0,0,0
0.004780517257894391,0,14,20.567589360317523,0,0,0
0.5,0,14,15.0,0,0,0
0.5,0,9,15.0,0,0,0
0.5,0,17,15.0,0,0,0
0.5,0,7,23.305520192852267,0,0,0
0.05024418701068719,0,16,22.918572475307574,0,0,0
0.49341709980891457,0,20,15.0,0,0,0
0.5,0,14,23.322964724970824,0,0,0
0.05168199312407794,0,6,15.0,0,0,0
0.5,0,13,22.346683800373683,0,0,0
0.5,0,13,15.0,0,0,0
0.009082964202655548,0,13,23.45712753783092,0,0,0
0.4717724243910726,0,9,15.0,0,0,0
0.0058712135729394824,0,15,24.300454047707454,0,0,0
0.5,0,9,15.0,0,0,0
0.001,0,13,15.0,0,0,0
0.031606187992430756,0,14,15.0,0,0,0
0.5,0,15,15.0,0,0,0
0.5,0,17,24.49108177802636,0,0,0
0.5,0,19,25.407049906959625,0,0,0
0.08910344253760687,0,17,18.29763227902148,0,0,0
0.13030511773815923,0,17,19.02237325941079,0,0,0
0.011301278264979038,0,18,15.0,0,0,0
0.5,0,8,23.10324232476887,0,0,0
0.5,0,9,26.16977287715307,0,0,0
0.5,0,13,23.72613429878585,0,0,0
0.009355067908646014,0,12,15.0,0,0,0
0.5,0,16,21.01826026977958,0,0,0
0.5,0,5,15.0,0,0,0
0.005918203676139069,0,7,29.37213269559355,0,0,0
0.04803144960119202,0,16,15.0,0,0,0
0.5,0,18,24.15931515360658,0,0,0
0.002002032505113587,0,9,15.0,0,0,0
0.5,0,9,22.29791780740193,0,0,0
0.05466234179013261,0,13,15.0,0,0,0
0.5,0,12,21.549039335110685,0,0,0
0.5,0,7,15.0,0,0,0
0.5,0,13,15.0,0,0,0
0.009563842455713224,0,18,15.0,0,0,0
0.5,0,16,15.0,0,0,0
0.13420705763497756,0,18,15.0,0,0,0
0.5,0,15,40.72789455322819,0,0,0
0.062024380116956455,0,19,15.0,0,0,0
0.5,0,8,15.0,0,0,0
0.0010823500902452253,0,5,21.001958688954836,0,0,0
0.0849668095578782,0,6,19.86476217193359,0,0,0
0.5,0,20,23.10398928750893,0,0,0
0.5,0,15,20.19559055290355,0,0,0
0.5,0,8,15.0,0,0,0
0.5,0,18,15.0,0,0,0
0.5,0,9,15.0,0,0,0
0.5,0,14,19.77617722531258,0,0,0
0.5,0,8,23.852747764334442,0,0,0
0.5,0,6,15.0,0,0,0
0.5,0,9,15.0,0,0,0
0.0047412565230112655,0,8,18.263866487163387,0,0,0
0.5,0,13,22.924724007386562,0,0,0
0.5,0,5,24.133811031260308,0,0,0
0.5,0,8,24.051505002969403,0,0,0
0.5,0,14,15.0,0,0,0
0.5,0,11,15.0,0,0,0
0.5,0,15,24.118938164004735,0,0,0
0.5,0,15,23.17173929001273,0,0,0
0.5,0,20,19.051712277145956,0,0,0
0.5,0,18,15.0,0,0,0
0.5,0,8,19.57938191435663,0,0,0
0.48841220795765433,0,16,41.30538162720687,0,0,0
0.5,0,15,23.884937368615915,0,0,0
0.0024143532398020113,0,14,15.0,0,0,0
0.008499301557642891,0,17,15.0,0,0,0
0.0896695829551182,0,7,15.0,0,0,0
0.5,0,11,15.0,0,0,0
0.5,0,18,22.642566892178056,0,0,0
0.11715720068505436,0,19,18.23517534709968,0,0,0
0.5,0,5,15.0,0,0,0
0.5,0,12,15.0,0,0,0
0.5,0,9,15.0,0,0,0
0.5,0,7,15.0,0,0,0
0.5,0,5,58.46493315651157,0,0,0
0.5,0,13,23.38967852666207,0,0,0
0.5,0,15,15.0,0,0,0
0.5,0,13,24.126373807098187,0,0,0
0.5,0,10,15.0,0,0,0
0.4224321753481866,0,17,22.60962111357472,0,0,0
0.08307969610037116,0,15,15.0,0,0,0
0.5,0,19,15.0,0,0,0
0.5,0,10,15.0,0,0,0
0.5,0,8,23.389011840254266,0,0,0
0.5,0,12,23.10920708826035,0,0,0
0.04748799300313083,0,13,15.0,0,0,0
0.5,0,12,15.0,0,0,0
0.5,0,18,15.0,0,0,0
0.5,0,5,25.08267782413211,0,0,0
0.5,0,13,22.031197065524932,0,0,0
0.0065985311850581,0,11,15.0,0,0,0
0.5,0,8,15.0,0,0,0
0.03522130320941869,0,15,15.0,0,0,0
0.5,0,17,23.34079504516079,0,0,0
0.0012409144468576252,0,13,19.516164767410228,0,0,0
0.5,0,6,21.957110188891214,0,0,0
0.5,0,6,15.0,0,0,0
0.01335492224874346,0,11,15.0,0,0,0
0.5,0,15,15.0,0,0,0
0.5,0,10,15.0,0,0,0
0.009722009240438282,0,9,24.515109497065698,0,0,0
0.1531832095327141,0,18,15.0,0,0,0
0.5,0,5,21.20448006593118,0,0,0
0.5,0,6,23.725713755062174,0,0,0
0.01863389291099159,0,7,15.0,0,0,0
0.5,0,20,15.0,0,0,0
0.005683327597244432,0,12,15.0,0,0,0
0.5,0,7,15.0,0,0,0
0.5,0,9,20.021531385269412,0,0,0
0.5,0,20,25.186529550981845,0,0,0
0.5,0,16,15.0,0,0,0
0.0026023081609928876,0,8,15.0,0,0,0
0.0027998151189635137,0,8,15.0,0,0,0
0.5,0,6,23.095723322321902,0,0,0
0.5,0,17,21.274794122517033,0,0,0
0.46261463179356865,0,7,23.266213632532917,0,0,0
0.04441119749546993,0,9,15.0,0,0,0
0.5,0,10,15.0,0,0,0
0.5,0,14,21.600306952538524,0,0,0
0.5,0,14,23.734971395661024,0,0,0
0.03457996487326645,0,17,22.236712022283193,0,0,0
0.5,0,9,25.76076308965609,0,0,0
0.5,0,11,21.313640144544205,0,0,0
0.5,0,11,15.0,0,0,0
0.5,0,5,23.718474641598217,0,0,0
0.5,0,16,19.852077657916006,0,0,0
0.006743223450462963,0,13,15.0,0,0,0
0.05073766043918904,0,12,15.0,0,0,0
0.24365863602108212,0,20,19.446428229080137,0,0,0
0.5,0,7,80.0,0,0,0
0.5,0,20,15.0,0,0,0
0.001872426270231644,0,15,15.0,0,0,0
0.5,0,8,25.164364868620503,0,0,0
0.5,0,15,24.03027494154081,0,0,0
0.03947489156991191,0,17,31.378241435730136,0,0,0
0.5,0,10,15.0,0,0,0
0.5,0,10,21.902543690521867,0,0,0
0.03543958406591763,0,18,15.0,0,0,0
0.5,0,7,20.68656965958388,0,0,0
0.5,0,5,22.745917950875985,0,0,0
0.424353008398129,0,15,21.01388421555902,0,0,0
0.0017134971919681012,0,19,15.0,0,0,0
0.5,0,13,15.0,0,0,0
0.5,0,7,15.0,0,0,0
0.5,0,13,15.0,0,0,0
0.009978998501044268,0,9,15.0,0,0,0
0.005811197677229942,0,18,15.0,0,0,0
0.5,0,14,22.264714055409456,0,0,0
0.008632671454608226,0,10,21.722258096080903,0,0,0
0.5,0,14,20.985712572337437,0,0,0
0.5,0,15,22.259122224596215,0,0,0
0.5,0,15,15.0,0,0,0
0.5,0,10,15.0,0,0,0
0.5,0,14,25.10186117050038,0,0,0
0.5,0,5,21.021214080757556,0,0,0
0.5,0,11,15.0,0,0,0
0.5,0,11,19.597535106575428,0,0,0
0.5,0,13,15.0,0,0,0
0.42786291711655416,0,20,15.0,0,0,0
0.5,0,20,19.563296396682922,0,0,0
0.5,0,12,20.75000286788243,0,0,0
0.5,0,15,15.0,0,0,0
0.5,0,6,19.87877758956463,0,0,0
0.5,0,12,26.30794014143089,0,0,0
0.5,0,16,23.749336337999342,0,0,0
0.1879175698904829,0,15,15.0,0,0,0
0.5,0,20,26.129151907640523,0,0,0
0.5,0,12,15.0,0,0,0
0.5,0,19,25.174004874283945,0,0,0
0.5,0,20,20.037014219409755,0,0,0
0.010546853021545748,0,14,15.0,0,0,0
0.5,0,6,20.737949146819677,0,0,0
0.001,0,11,20.08017457065792,0,0,0
0.026928698111619468,0,17,15.0,0,0,0
0.06922389984253215,0,14,15.0,0,0,0
0.5,0,19,22.149257239904504,0,0,0
0.34076084245277893,0,18,21.71450632204178,0,0,0
0.5,0,6,15.0,0,0,0
0.004906383870098132,0,18,28.48812271341793,0,0,0
0.5,0,10,22.21845405266308,0,0,0
0.5,0,18,22.973992699420585,0,0,0
0.5,0,13,23.44058883600291,0,0,0
0.007141253838599237,1,0,15.0,0,0,0
0.0021066808077249096,1,0,26.084582696714836,0,0,0
0.00046288841216554757,1,0,15.0,0,0,0
0.0031076152658899856,1,0,15.0,0,0,0
0.001655649418103613,1,0,15.0,0,0,0
0.004018305944235372,1,0,21.357686189724017,0,0,0
0.009795526579610782,1,0,21.672109866833768,0,0,0
0.0018926065719616877,1,0,15.0,0,0,0
0.0032568520398873926,1,0,21.558775680302272,0,0,0
0.007278631731563767,1,0,21.793194033114727,0,0,0
0.005140909550333025,1,0,15.961332795835107,0,0,0
0.0005348886213765109,1,0,23.044765388108793,0,0,0
0.0017007311797970848,1,0,15.0,0,0,0
0.00935897059225464,1,0,15.0,0,0,0
0.001121333428116382,1,0,15.0,0,0,0
0.006387418593376088,1,0,15.0,0,0,0
0.007944023923525024,1,0,20.786197477157312,0,0,0
0.0027278467209767465,1,0,15.0,0,0,0
0.007278272231073033,1,0,15.0,0,0,0
0.0017819622723987847,1,0,23.72101030216509,0,0,0
0.0029190277208545243,1,0,15.0,0,0,0
0.0031870381057536538,1,0,21.452311908242585,0,0,0
0.009964706406585814,1,0,18.450118313170115,0,0,0
0.002224265722657777,1,0,15.0,0,0,0
0.0013791538998724918,1,0,20.096359983321584,0,0,0
0.009264345231065963,1,0,15.0,0,0,0
0.0017031138688214924,1,0,15.0,0,0,0
0.008804871204331113,1,0,20.876145126276842,0,0,0
0.0065395206137022314,1,0,15.0,0,0,0
0.005810928830898137,1,0,19.894089492172633,0,0,0
0.007538253244311111,1,0,21.344790544331193,0,0,0
0.007287389675765697,1,0,20.324355108422147,0,0,0
0.001194209275241306,1,0,15.0,0,0,0
0.009994714493026222,1,0,19.819828033768946,0,0,0
0.009424708291842413,1,0,15.0,0,0,0
0.008976260432332971,1,0,21.72513509619754,0,0,0
0.006260662426029828,1,0,15.0,0,0,0
0.005275634180189911,1,0,20.22329025750723,0,0,0
0.0054091579804285165,1,0,42.81926570526153,0,0,0
0.00024787574785950115,1,0,21.902340683506054,0,0,0
0.005044748069259886,1,0,21.860233285398866,0,0,0
0.006275318719833207,1,0,20.34267039786166,0,0,0
0.00662119146687199,1,0,60.0,0,0,0
0.0033881807040079983,1,0,27.290489418690772,0,0,0
0.00476569526790614,1,0,22.684546631115015,0,0,0
0.006399475005959488,1,0,22.546493930324164,0,0,0
0.004340224551724299,1,0,20.443327609484314,0,0,0
0.0096251384699369,1,0,15.0,0,0,0
0.007083876887534804,1,0,18.29247734727908,0,0,0
0.00011261008788381591,1,0,15.0,0,0,0
0.00033046686667430477,1,0,22.38940806790666,0,0,0
0.006933972014336908,1,0,20.438498795510178,0,0,0
0.004185186465700478,1,0,15.0,0,0,0
0.008410762397201437,1,0,21.160261635724765,0,0,0
0.0018128525539139943,1,0,15.0,0,0,0
0.00023688644911768944,1,0,19.008032194655392,0,0,0
0.003942015266125752,1,0,21.278255306846205,0,0,0
0.007387034632643745,1,0,20.585205987500537,0,0,0
0.009720104560437929,1,0,21.21667889307545,0,0,0
0.008848173405575449,1,0,21.13983739331451,0,0,0
0.004892338658177675,1,0,21.765843420217053,0,0,0
0.008146891103644029,1,0,22.40192900728896,0,0,0
0.0007962715328893792,1,0,22.93706959543552,0,0,0
0.005765496241090346,1,0,21.34002749562969,0,0,0
0.009250554288843254,1,0,15.0,0,0,0
0.004024212960158326,1,0,15.0,0,0,0
0.009604996233664845,1,0,15.0,0,0,0
0.0022847824576181426,1,0,19.14655426824141,0,0,0
0.001145774714380596,1,0,22.55162597575794,0,0,0
0.005295147127208842,1,0,21.67627504156851,0,0,0
0.00908174403261412,1,0,15.0,0,0,0
0.0031816642655729675,1,0,30.315147317115493,0,0,0
0.008021587162049629,1,0,15.0,0,0,0
0.0017750529322147816,1,0,15.0,0,0,0
0.007481146920409303,1,0,22.541026579579697,0,0,0
0.005614566719735568,1,0,19.966780684905856,0,0,0
0.001832668056404285,1,0,15.0,0,0,0
0.007209063769432326,1,0,15.0,0,0,0
0.007166185523218631,1,0,15.0,0,0,0
0.00520280876852006,1,0,15.0,0,0,0
0.002332129612662479,1,0,21.681223987358614,0,0,0
0.001409709533225466,1,0,21.03972577366659,0,0,0
0.009576824979751914,1,0,22.55064910943851,0,0,0
0.006592544128765638,1,0,15.0,0,0,0
0.008111490687376502,1,0,15.0,0,0,0
0.0070000082375973926,1,0,21.368652771773508,0,0,0
0.00831178928540366,1,0,20.37571810136892,0,0,0
0.0017086591155143422,1,0,15.0,0,0,0
0.005019807223015741,1,0,15.0,0,0,0
0.006704535227972705,1,0,19.404000748462977,0,0,0
0.0011235600089626579,1,0,15.0,0,0,0
0.0015845737983512425,1,0,21.966574122581232,0,0,0
0.006376427683084371,1,0,15.0,0,0,0
0.008700187462112818,1,0,21.51658372974525,0,0,0
0.0066381201715218175,1,0,60.0,0,0,0
0.0004584276532151487,1,0,20.054392076644916,0,0,0
0.009707285879194198,1,0,15.0,0,0,0
0.0014811183189718264,1,0,15.0,0,0,0
0.0024023661121696485,1,0,15.0,0,0,0
0.00975217609085677,1,0,19.95446507929739,0,0,0
0.007733226666868412,1,0,15.0,0,0,0
0.009372109135747216,1,0,15.0,0,0,0
0.008085534958799495,1,0,20.871652428067087,0,0,0
0.006552171302531681,1,0,20.426637175590372,0,0,0
0.0029170746887437595,1,0,22.02978016839125,0,0,0
0.0033361262728253014,1,0,23.654590730076183,0,0,0
0.009477983623139261,1,0,21.301002397025066,0,0,0
0.008620193599940882,1,0,15.0,0,0,0
0.0036589554395790322,1,0,19.432898796906798,0,0,0
0.003795347434444968,1,0,19.661134100286638,0,0,0
0.003047174463731259,1,0,23.058039420584237,0,0,0
0.0033286884119875394,1,0,18.2101119551791,0,0,0
0.008620607916258977,1,0,20.08392168149059,0,0,0
0.0002040178802394838,1,0,15.0,0,0,0
0.004416920948984295,1,0,15.0,0,0,0
0.009434112817426288,1,0,15.0,0,0,0
0.005472099916309808,1,0,23.96850948285045,0,0,0
0.004559413322424645,1,0,15.0,0,0,0
0.003192461066525922,1,0,15.0,0,0,0
0.000831735035632848,1,0,15.0,0,0,0
0.0023224161324723776,1,0,15.0,0,0,0
0.0009955382583750256,1,0,20.518270704973972,0,0,0
0.0013543243541827398,1,0,23.89831695778344,0,0,0
0.0017188137868500712,1,0,15.0,0,0,0
0.0030900913776343566,1,0,19.733694172509413,0,0,0
0.00020906513195580108,1,0,30.720785183630195,0,0,0
0.009506424467373152,1,0,15.0,0,0,0
0.0013258090175020483,1,0,15.0,0,0,0
0.003893173836359912,1,0,19.422184773579627,0,0,0
0.008807322841176328,1,0,15.0,0,0,0
0.0011550229048885464,1,0,23.31597667064189,0,0,0
0.004887682092365796,1,0,21.442280981374118,0,0,0
0.008463357615659818,1,0,15.0,0,0,0
0.005613929977937988,1,0,15.0,0,0,0
0.0021824015946853245,1,0,22.80889258824552,0,0,0
0.007381544360984556,1,0,15.0,0,0,0
0.006845276522388329,1,0,18.83350842667299,0,0,0
0.0036856404748145505,1,0,21.121374287285533,0,0,0
0.0005583220996556139,1,0,22.23305469165071,0,0,0
0.00017786042997132965,1,0,15.0,0,0,0
0.008271389542959,1,0,15.0,0,0,0
0.0032834178794347788,1,0,16.21804867911434,0,0,0
0.0014639219961984557,1,0,23.655734289624238,0,0,0
0.005233657139013524,1,0,21.57687307168892,0,0,0
0.009216249627678393,1,0,15.0,0,0,0
0.00018396055877173737,1,0,15.0,0,0,0
0.0006558210526965033,1,0,19.53517823435036,0,0,0
0.004228744832592217,1,0,15.0,0,0,0
0.0067920624768751285,1,0,15.0,0,0,0
0.004813394541793798,1,0,15.0,0,0,0
0.008985729540807506,1,0,22.16224961599861,0,0,0
0.0005364370998210337,1,0,20.568325694804553,0,0,0
0.0034673946094730614,1,0,15.0,0,0,0
0.0035783441049483354,1,0,15.0,0,0,0
0.003467259537264783,1,0,15.0,0,0,0
0.004928090530021568,1,0,15.0,0,0,0
0.007926712747426644,1,0,19.765904215586552,0,0,0
0.0032470379023878918,1,0,32.32126964416212,0,0,0
0.007470383745658806,1,0,18.137491201705373,0,0,0
0.001550008165662807,1,0,15.0,0,0,0
0.005651176070776108,1,0,15.0,0,0,0
0.0038133714540888966,1,0,15.0,0,0,0
0.00543818694272615,1,0,18.612852750468804,0,0,0
0.0011667225286852694,1,0,19.976636570166605,0,0,0
0.009539282182932995,1,0,20.7953212215344,0,0,0
0.0090715197563376,1,0,19.6738198022578,0,0,0
0.008281323412477226,1,0,20.17308863322301,0,0,0
0.008938549951541712,1,0,20.86103345391741,0,0,0
0.0015522099147967125,1,0,15.0,0,0,0
0.005086845552894693,1,0,21.969654735911735,0,0,0
0.0032473006716895814,1,0,18.65378406928507,0,0,0
0.00888512081891117,1,0,15.0,0,0,0
0.0019754330567447183,1,0,19.880399325994876,0,0,0
0.002277459015905526,1,0,19.44231945482479,0,0,0
0.006898473117914608,1,0,28.172765558691744,0,0,0
0.000980106624967915,1,0,20.001184224203424,0,0,0
0.007350435051474735,1,0,15.0,0,0,0
0.0027544601543098113,1,0,15.0,0,0,0
0.006643260116144759,1,0,15.0,0,0,0
0.008743074084970538,1,0,21.838872185993786,0,0,0
0.006135152595026408,1,0,15.0,0,0,0
0.0022055689595324793,1,0,15.0,0,0,0
0.0005867387028382445,1,0,15.0,0,0,0
0.0005416783197811522,1,0,22.422523202824593,0,0,0
0.0009792376319386785,1,0,15.0,0,0,0
0.0058401973334501886,1,0,20.682910498082045,0,0,0
0.003547356755002447,1,0,21.54380356776016,0,0,0
0.002506759076219392,1,0,15.0,0,0,0
0.002271134922192193,1,0,24.164574572901763,0,0,0
0.009490957165840681,1,0,15.0,0,0,0
0.0012762841013315366,1,0,21.913676613230543,0,0,0
0.0031176626666492816,1,0,19.550166919615656,0,0,0
0.004767624893990013,1,0,19.813923272201396,0,0,0
0.0001044503081351286,1,0,21.449599229272835,0,0,0
0.009217436556009673,1,0,22.00067362508291,0,0,0
0.0010810760485250282,1,0,23.630799259617632,0,0,0
0.0068564589467931085,1,0,15.0,0,0,0
0.006325768223908635,1,0,15.0,0,0,0
0.008109732165536898,1,0,15.0,0,0,0
0.0065487385325653106,1,0,15.0,0,0,0
0.0077169354304381975,1,0,15.0,0,0,0
0.0042703612270064235,1,0,15.0,0,0,0
0.004938174496061071,1,0,15.0,0,0,0
0.007046454811427753,1,0,15.0,0,0,0
0.0057274245384450065,1,0,15.0,0,0,0
0.005164231647640528,1,0,15.0,0,0,0
0.0021350282199400386,1,0,15.0,0,0,0
0.0026552717819831166,1,0,22.16044122621632,0,0,0
0.003649122686487996,1,0,23.776487029805008,0,0,0
0.00019191541569268152,1,0,15.0,0,0,0
0.004231898150844347,1,0,15.0,0,0,0
0.00012740791006273688,1,0,15.0,0,0,0
0.005693652815621234,1,0,19.55943415282117,0,0,0
0.007069884812826255,1,0,15.0,0,0,0
0.005665271452989752,1,0,15.0,0,0,0
0.006965847734728272,1,0,22.83293158549852,0,0,0
0.00010013036870645403,1,0,15.0,0,0,0
0.0006884755355146648,1,0,22.491736364343648,0,0,0
0.007014778164667998,1,0,15.0,0,0,0
0.008048711464772028,1,0,21.228885203588653,0,0,0
0.007205245551805006,1,0,15.0,0,0,0
0.006663821201280162,1,0,22.682156500900213,0,0,0
0.007103088371734445,1,0,19.79941777325385,0,0,0
0.007421940265382042,1,0,23.83081392653293,0,0,0
0.007271337233838936,1,0,21.36035763715626,0,0,0
0.007406283929114564,1,0,15.0,0,0,0
0.0008327951034102903,1,0,22.338913945677504,0,0,0
0.0007263883597967847,1,0,15.0,0,0,0
0.003675087437971446,1,0,15.0,0,0,0
0.0053232074740330775,1,0,15.0,0,0,0
0.007649928633825105,1,0,15.0,0,0,0
0.0034136074060310243,1,0,15.0,0,0,0
0.002823659058672985,1,0,20.89182856099674,0,0,0
0.007836338250373442,1,0,21.28128271952601,0,0,0
0.0025684348293945505,1,0,20.70970886461513,0,0,0
0.008226329630463188,1,0,15.0,0,0,0
0.0018536221422283821,1,0,15.0,0,0,0
0.0036587878764375204,1,0,15.0,0,0,0
0.004070648533321264,1,0,15.0,0,0,0
0.0030651534283456646,1,0,15.0,0,0,0
0.00013323344748142522,1,0,19.251200495598056,0,0,0
0.002431541652430354,1,0,15.0,0,0,0
0.00344277023290085,1,0,15.0,0,0,0
0.0032048864558139613,1,0,15.0,0,0,0
0.00787699941512435,1,0,15.0,0,0,0
0.0005689408491110829,1,0,33.3261791851589,0,0,0
0.0039505921265868835,1,0,22.102487818919332,0,0,0
0.00047140301023646837,1,0,23.753446684244942,0,0,0
0.009313410904677192,1,0,15.0,0,0,0
0.007923073426607854,1,0,15.0,0,0,0
0.009823399832456333,1,0,19.857237113626816,0,0,0
0.009110589263790584,1,0,15.0,0,0,0
0.0032265464439492353,1,0,15.0,0,0,0
0.006946675782072745,1,0,21.856833659468315,0,0,0
0.003134885466036243,1,0,27.09633678813111,0,0,0
0.008893290760503277,1,0,19.859606824206132,0,0,0
0.004166453412676681,1,0,15.0,0,0,0
0.003821286664851898,1,0,15.0,0,0,0
0.009149280567910001,1,0,15.0,0,0,0
0.008383728847436558,1,0,15.0,0,0,0
0.009667494178306585,1,0,15.0,0,0,0
0.000758232047187024,1,0,15.0,0,0,0
0.002509054892584713,1,0,19.355623715121855,0,0,0
0.003078491703883752,1,0,15.0,0,0,0
0.0043010854034521455,1,0,15.0,0,0,0
0.004783987454890507,1,0,21.558313293297296,0,0,0
0.0029855770378607064,1,0,15.0,0,0,0
0.007925459189135781,1,0,15.0,0,0,0
0.002310117030402059,1,0,15.0,0,0,0
0.00699552140166122,1,0,15.0,0,0,0
0.008532506324361765,1,0,15.0,0,0,0
0.006076612567679905,1,0,21.57168634017389,0,0,0
0.0036061733663389265,1,0,22.433312222392935,0,0,0
0.0019601232977468483,1,0,20.479602920097832,0,0,0
0.0014300273245965904,1,0,23.971077289028706,0,0,0
0.007467329917575711,1,0,15.0,0,0,0
0.004744406776076809,1,0,21.907590894788523,0,0,0
0.0005585635565569396,1,0,19.240184176739184,0,0,0
0.00984001111873194,1,0,22.28289448192346,0,0,0
0.0067459015115910025,1,0,15.0,0,0,0
0.008457407259127074,1,0,15.0,0,0,0
0.004438067846038414,1,0,24.188157111941088,0,0,0
0.009558842345999446,1,0,20.926262239599392,0,0,0
0.00207529770714886,1,0,15.0,0,0,0
0.0019328476170942794,1,0,15.0,0,0,0
0.008914313874226552,1,0,21.615734435794295,0,0,0
0.008927998933656709,1,0,24.13642796920834,0,0,0
0.005040292906440518,1,0,22.298449863042254,0,0,0
0.0013452849180043886,1,0,23.098703646065285,0,0,0
0.0031216429362123923,1,0,23.176253009295646,0,0,0
0.007566108146541231,1,0,22.104785390179735,0,0,0
0.008475319889212903,1,0,22.681751828871732,0,0,0
0.0035417820026736892,1,0,20.6547952274852,0,0,0
0.0007062134499869917,1,0,18.946337010049472,0,0,0
0.006690694147570528,1,0,15.0,0,0,0
0.007421020710239107,1,0,15.0,0,0,0
0.004297745291050557,1,0,15.0,0,0,0
0.005872666355016907,1,0,15.0,0,0,0
0.009874977825488424,1,0,15.0,0,0,0
0.002525486133660628,1,0,15.0,0,0,0
0.0057724791686125845,1,0,21.575057722132517,0,0,0
0.006148508094270162,1,0,22.958540205229482,0,0,0
0.005536161240642185,1,0,15.0,0,0,0
0.008704382623643578,1,0,51.20174959346926,0,0,0
0.006089574566028953,1,0,15.0,0,0,0
0.005128111221673772,1,0,21.77380463667971,0,0,0
0.0013178487639456142,1,0,15.0,0,0,0
0.007061771073004913,1,0,20.466281726837728,0,0,0
0.0014078628787975338,1,0,21.319887752285045,0,0,0
0.00036304194430581424,1,0,22.323865826570596,0,0,0
0.0049364585143282765,1,0,21.762185054340378,0,0,0
0.005767208194262551,1,0,15.0,0,0,0
0.009990635207601411,1,0,23.223299406910055,0,0,0
0.007152035265107336,1,0,15.0,0,0,0
0.008501044170253016,1,0,15.0,0,0,0
0.0035292415864044777,1,0,15.0,0,0,0
0.005138255357541679,1,0,20.29627319537472,0,0,0
0.00974526300755237,1,0,23.145618856343972,0,0,0
0.004232146666213485,1,0,15.0,0,0,0
0.008092175205543601,1,0,15.0,0,0,0
0.0053072922656705115,1,0,15.0,0,0,0
0.0023172223301476343,1,0,15.0,0,0,0
0.005846144508387741,1,0,15.0,0,0,0
0.002258814080866183,1,0,15.0,0,0,0
0.00012996719976983716,1,0,15.0,0,0,0
0.0024353705531860986,1,0,15.0,0,0,0
0.0020121239403153948,1,0,19.97080674272663,0,0,0
0.003772119654274394,1,0,15.0,0,0,0
0.008897109347711953,1,0,22.0438689215437,0,0,0
0.003939745428626891,1,0,19.872561313125914,0,0,0
0.008467357512160812,1,0,15.0,0,0,0
0.005600568899302656,1,0,20.8164593724436,0,0,0
0.00017538557180341269,1,0,21.202861314455134,0,0,0
0.00196849345774183,1,0,15.0,0,0,0
0.009319652647559561,1,0,15.0,0,0,0
0.006081317117357414,1,0,15.0,0,0,0
0.009302513899865512,1,0,15.0,0,0,0
0.0031701882010041833,1,0,15.0,0,0,0
0.007193967544999155,1,0,15.0,0,0,0
0.007743049082982873,1,0,20.426908629063938,0,0,0
0.00975942606708893,1,0,20.224664900240878,0,0,0
0.00027994718337271096,1,0,20.071672826649067,0,0,0
0.009527148429720137,1,0,19.1480384585303,0,0,0
0.003976743154281235,1,0,15.0,0,0,0
0.008396124816874184,1,0,15.0,0,0,0
0.005492657890388731,1,0,15.0,0,0,0
0.005690030476030319,1,0,15.0,0,0,0
0.0036578410930458564,1,0,15.0,0,0,0
0.008301878644744156,1,0,15.0,0,0,0
0.0027137343512945505,1,0,22.001621085529287,0,0,0
0.004973189723168204,1,0,23.712978070456,0,0,0
0.005645727537798007,1,0,15.0,0,0,0
0.007450958824932136,1,0,21.993129093688054,0,0,0
0.004769189836711218,1,0,15.0,0,0,0
0.006834800698510989,1,0,15.0,0,0,0
0.004904411553844957,1,0,20.73732793645138,0,0,0
0.006627274305890088,1,0,15.0,0,0,0
0.0067740204144606676,1,0,15.0,0,0,0
0.007123471449239515,1,0,15.0,0,0,0
0.008250667959217228,1,0,15.0,0,0,0
0.005453153353503182,1,0,15.0,0,0,0
0.0020134538223119435,1,0,19.20082516414604,0,0,0
0.006828444332028649,1,0,22.973990854088477,0,0,0
0.0008634690265724027,1,0,15.0,0,0,0
0.002267654722365722,1,0,36.97896232719844,0,0,0
0.007942359533781512,1,0,15.0,0,0,0
0.004407194428867654,1,0,19.205354080826712,0,0,0
0.0050306372597470495,1,0,15.0,0,0,0
0.009875229492986947,1,0,22.59165512205637,0,0,0
0.0024282076099042876,1,0,19.014840212636084,0,0,0
0.0002935722204057521,1,0,15.0,0,0,0
0.0012025888342266568,1,0,15.0,0,0,0
0.002520568410642213,1,0,22.78039975664975,0,0,0
0.007286608241525046,1,0,15.0,0,0,0
0.007780638116649145,1,0,22.71144909065516,0,0,0
0.005698340644739727,1,0,20.7051345515075,0,0,0
0.0026249593471117977,1,0,15.0,0,0,0
0.005265244755815555,1,0,23.28949168794433,0,0,0
0.00024807980374594876,1,0,15.0,0,0,0
0.006849829333143783,1,0,20.942235424238977,0,0,0
0.006181545798550763,1,0,20.79350635308307,0,0,0
0.00031578573987728147,1,0,15.0,0,0,0
0.008188415172964677,1,0,27.59828768898827,0,0,0
0.007657922698105006,1,0,24.113087505032006,0,0,0
0.0031514150811263,1,0,15.0,0,0,0
0.0063902288412598296,1,0,15.0,0,0,0
0.006054780338303235,1,0,15.0,0,0,0
0.0015174847643460159,1,0,15.0,0,0,0
0.0020132670810322217,1,0,15.0,0,0,0
0.006863740748658483,1,0,15.0,0,0,0
0.009342161298073085,1,0,15.0,0,0,0
0.0058052147749176565,1,0,21.09332899519069,0,0,0
0.005721350141039495,1,0,18.42369959580249,0,0,0
0.006502148777568002,1,0,15.0,0,0,0
0.0044617251717634756,1,0,21.660315090457853,0,0,0
0.0006363032306633032,1,0,19.480428189767167,0,0,0
0.004025388082574502,1,0,60.0,0,0,0
0.009012496880167108,1,0,15.0,0,0,0
0.00806897332387633,1,0,28.742579934402173,0,0,0
0.009281493328912947,1,0,19.846197183572663,0,0,0
0.0016130326928108648,1,0,20.85821363762378,0,0,0
0.005108981794684413,1,0,15.0,0,0,0
0.005888808732648143,1,0,22.776934319103475,0,0,0
0.002178262548930447,1,0,15.0,0,0,0
0.0020896053687628037,1,0,21.950539479696474,0,0,0
0.007842126033163742,1,0,15.0,0,0,0
0.006751333978816846,1,0,22.469591405141564,0,0,0
0.006507156614470087,1,0,15.0,0,0,0
0.002743175834031848,1,0,15.0,0,0,0
0.005117017300047349,1,0,15.0,0,0,0
0.00032839253954434556,1,0,20.834736022350913,0,0,0
0.0013864659207442364,1,0,60.0,0,0,0
0.005230683541331834,1,0,21.001477154945007,0,0,0
0.0031657555287559367,1,0,15.0,0,0,0
0.009660130593275515,1,0,15.0,0,0,0
0.004767698760343406,1,0,23.676102170321307,0,0,0
0.0009272851479328216,1,0,15.0,0,0,0
0.000276639237827593,1,0,18.975042119535896,0,0,0
0.007280052951091948,1,0,22.28937061807323,0,0,0
0.001797916706698108,1,0,15.0,0,0,0
0.0019593424531500845,1,0,15.0,0,0,0
0.004295691504142644,1,0,15.0,0,0,0
0.0027141998326193,1,0,22.244828377536518,0,0,0
0.006204113089487277,1,0,21.787696473770193,0,0,0
0.004908355821515262,1,0,20.34074867291832,0,0,0
0.0012033609546245778,1,0,15.0,0,0,0
0.00786893439430354,1,0,19.93313310401873,0,0,0
0.004316002658701057,1,0,20.583187434614977,0,0,0
0.006147259763934076,1,0,15.0,0,0,0
0.00013902909207354908,1,0,24.027882814637056,0,0,0
0.006301360331021718,1,0,22.704335240741354,0,0,0
0.002900213584606251,1,0,15.0,0,0,0
0.004994270357778936,1,0,22.793926150678974,0,0,0
0.0030474339778307686,1,0,21.315696523142442,0,0,0
0.009962981371958203,1,0,15.0,0,0,0
0.002385338915645073,1,0,15.0,0,0,0
0.009137310054743641,1,0,21.126134931690018,0,0,0
0.009187869655116178,1,0,20.271714654300556,0,0,0
0.004267906464050241,1,0,15.0,0,0,0
0.003109630843681227,1,0,23.225931331466025,0,0,0
0.0038722519142980324,1,0,19.340831426780372,0,0,0
0.0098944569651788,1,0,20.572920878722183,0,0,0
0.006226082650642301,1,0,24.452851897633636,0,0,0
0.005493324354424322,1,0,15.0,0,0,0
0.0004555870252603303,1,0,21.096953192993496,0,0,0
0.008493646000930555,1,0,22.882665639973727,0,0,0
0.0009296740124912703,1,0,36.08704127755748,0,0,0
0.0005650264336403754,1,0,15.0,0,0,0
0.002821095052568121,1,0,18.24830719494722,0,0,0
0.0048103071900694305,1,0,20.526034021601678,0,0,0
0.008963360704043565,1,0,20.52688422199147,0,0,0
0.007921780110920103,1,0,15.0,0,0,0
0.0020565582306078458,1,0,20.412332934662228,0,0,0
0.003783587331430038,1,0,18.81600666634873,0,0,0
0.00782437861972694,1,0,22.303753232313912,0,0,0
0.005318215229944064,1,0,15.0,0,0,0
0.0018274702260383847,1,0,15.0,0,0,0
0.0040209465065155015,1,0,20.33515965376852,0,0,0
0.006296764464646099,1,0,20.92411488223918,0,0,0
0.009734934180607464,1,0,19.12960054249894,0,0,0
0.00665193934307845,1,0,19.99909734366689,0,0,0
0.00026033210609082975,1,0,22.408547658231573,0,0,0
0.00707958193866203,1,0,15.0,0,0,0
0.002583561593826582,1,0,15.0,0,0,0
0.008635373250716767,1,0,20.137767878166493,0,0,0
0.0039005100914387717,1,0,18.846785710789355,0,0,0
0.0020761888737675723,1,0,21.99770377276179,0,0,0
0.004732677146451322,1,0,15.0,0,0,0
0.002626459945718554,1,0,18.982195278490465,0,0,0
0.0024346327361287204,1,0,15.0,0,0,0
0.0057752918276575815,1,0,15.0,0,0,0
0.007696728081423708,1,0,18.205957018493727,0,0,0
0.008366048304182768,1,0,15.0,0,0,0
0.004036931717656872,1,0,20.773695624541705,0,0,0
0.0007613572596096991,1,0,22.537883563044478,0,0,0
0.004891352484808979,1,0,21.79663875576179,0,0,0
0.00439443662258102,1,0,15.0,0,0,0
0.0020500915877050903,1,0,22.07517020739223,0,0,0
0.00897183452132679,1,0,15.0,0,0,0
0.00974406770490482,1,0,23.929521316198578,0,0,0
0.0006122971615275063,1,0,46.63104768504466,0,0,0
0.00797788916058858,1,0,15.0,0,0,0
0.006492593923621234,1,0,15.0,0,0,0
0.002688218955842489,1,0,21.60695567120739,0,0,0
0.006388045570999849,1,0,15.0,0,0,0
0.0013735675976663975,1,0,15.0,0,0,0
0.0007871244321452232,1,0,20.454821132874617,0,0,0
0.009935541843017379,1,0,15.0,0,0,0
0.006400061598740736,1,0,23.06616402997259,0,0,0
0.002606903982879012,1,0,15.0,0,0,0
0.004555336163447284,1,0,16.500816375982094,0,0,0
0.00950587300474862,1,0,15.0,0,0,0
0.004443378177029417,1,0,15.0,0,0,0
0.009014400866823208,1,0,21.502116042391002,0,0,0
0.008701211059986771,1,0,21.702444502221894,0,0,0
0.0035071475292993487,1,0,20.570204389938947,0,0,0
0.0069904891403633155,1,0,15.0,0,0,0
0.006638935187447666,1,0,15.0,0,0,0
0.007734997519136436,1,0,22.910608292447996,0,0,0
0.003722698726248106,1,0,15.0,0,0,0
0.000617141335131514,1,0,15.0,0,0,0
0.0017932884870138592,1,0,15.0,0,0,0
0.006203881507970217,1,0,15.0,0,0,0
0.0077734918502838,1,0,15.0,0,0,0
0.007584881481902402,1,0,15.0,0,0,0
0.005878447692638804,1,0,15.0,0,0,0
0.0009391056425774357,1,0,31.691874415237006,0,0,0
0.00027115740913954354,1,0,15.0,0,0,0
0.00784320339748852,1,0,21.274053572010644,0,0,0
0.0055388266984796415,1,0,21.421421429156002,0,0,0
0.007848849817041929,1,0,15.0,0,0,0
0.0017116057686459498,1,0,15.0,0,0,0
0.0041334893906343215,1,0,15.0,0,0,0
0.009199775942071933,1,0,15.0,0,0,0
0.0017988201133469404,1,0,23.541799042134365,0,0,0
0.000709116347744189,1,0,15.0,0,0,0
0.00656932709943931,1,0,20.252218978471475,0,0,0
0.0059859097721553884,1,0,20.522347893440354,0,0,0
0.00952510200799156,1,0,21.31063940531265,0,0,0
0.00907403736844327,1,0,21.46151840254421,0,0,0
0.007519360863183654,1,0,15.0,0,0,0
0.00028965665499469667,1,0,15.0,0,0,0
0.004855830987224946,1,0,15.0,0,0,0
0.008971409171716684,1,0,15.0,0,0,0
0.004393145772333326,1,0,15.0,0,0,0
0.009625242624168648,1,0,31.415545735417574,0,0,0
0.006559631008375428,1,0,15.0,0,0,0
0.001183625562673662,1,0,15.0,0,0,0
0.005141793544348168,1,0,21.407179054995776,0,0,0
0.006986609642886962,1,0,15.0,0,0,0
0.0007471528251722448,1,0,27.447778198112527,0,0,0
0.003512030367500598,1,0,19.75222764274692,0,0,0
0.0071991025242344655,1,0,15.0,0,0,0
0.001655006486839638,1,0,15.0,0,0,0
0.003548564992878174,1,0,19.830760852440314,0,0,0
0.006930112192425617,1,0,20.990705061849127,0,0,0
0.007777854928454728,1,0,23.771135429428945,0,0,0
0.005233266758871665,1,0,60.0,0,0,0
0.009572889524230096,1,0,15.0,0,0,0
0.009260775502110066,1,0,20.27825758694426,0,0,0
0.004787026833687073,1,0,15.0,0,0,0
0.0016867166601020917,1,0,19.59237766541836,0,0,0
0.007752022482451189,1,0,15.0,0,0,0
0.002507081796392126,1,0,20.22501456553244,0,0,0
0.00844393096899114,1,0,22.275441328923723,0,0,0
0.005912728977435474,1,0,15.0,0,0,0
0.004001520763337691,1,0,15.0,0,0,0
0.005608195249967188,1,0,15.0,0,0,0
0.00537480680773348,1,0,15.0,0,0,0
0.009254855174409184,1,0,20.599685411462843,0,0,0
0.0022221941926394723,1,0,52.874442167386924,0,0,0
0.009288768680261596,1,0,19.915721872163736,0,0,0
0.00041027631045256947,1,0,15.0,0,0,0
0.0077151124871774595,1,0,22.67235091961426,0,0,0
0.009204714494044496,1,0,15.0,0,0,0
0.0040011166907666425,1,0,15.0,0,0,0
0.000823365151253146,1,0,23.069975706306217,0,0,0
0.00806620856178773,1,0,15.0,0,0,0
0.008444362071348178,1,0,15.0,0,0,0
0.00342894814108569,1,0,15.0,0,0,0
0.005234073528290471,1,0,19.187185270546614,0,0,0
0.00811374377330048,1,0,23.302577511479733,0,0,0
0.0020012254747761834,1,0,15.0,0,0,0
0.006326859988273574,1,0,15.0,0,0,0
0.00436324352920661,1,0,23.052400559947063,0,0,0
0.001826715947317209,1,0,30.025323482903048,0,0,0
0.0083312580517845,1,0,20.43088094472371,0,0,0
0.0033143402387792744,1,0,20.52411691293269,0,0,0
0.00935081854498466,1,0,22.558403457738137,0,0,0
0.00573244531121604,1,0,15.0,0,0,0
0.0051936488157089105,1,0,15.0,0,0,0
0.0042907288477716556,1,0,24.02017969538478,0,0,0
0.004066641809577424,1,0,31.6021291447406,0,0,0
0.00819786612088733,1,0,30.245140511625394,0,0,0
0.006807258409912648,1,0,15.0,0,0,0
0.0077595322981218835,1,0,20.930641963987487,0,0,0
0.004268733180150966,1,0,15.0,0,0,0
0.002688228524557081,1,0,22.50180689147086,0,0,0
0.0009599656634290015,1,0,15.0,0,0,0
0.007788894300842043,1,0,21.43261244609985,0,0,0
0.004211236662125271,1,0,15.0,0,0,0
0.005141313561757162,1,0,22.701101088139993,0,0,0
0.00474649802845075,1,0,42.14252183475272,0,0,0
0.004368264778055479,1,0,15.0,0,0,0
0.0068706058129717135,1,0,22.95652957320589,0,0,0
0.006126467746010226,1,0,24.86137644088845,0,0,0
0.009723332606578625,1,0,23.24837994733226,0,0,0
0.0014751486857273936,1,0,15.0,0,0,0
0.005777841201003896,1,0,21.076376748607608,0,0,0
0.0007260776176829085,1,0,19.076799450287872,0,0,0
0.008098392345211178,1,0,20.62998009528053,0,0,0
0.006201482199185823,1,0,15.0,0,0,0
0.004340950278326126,1,0,15.0,0,0,0
0.008042132980975066,1,0,23.302027307714596,0,0,0
0.004604525824066626,1,0,15.0,0,0,0
0.002355082343603127,1,0,15.0,0,0,0
0.004777757534992336,1,0,22.36062942055306,0,0,0
0.000801234786709658,1,0,15.0,0,0,0
0.008988824985429937,1,0,15.0,0,0,0
0.007336487909871166,1,0,15.0,0,0,0
0.007627126283528775,1,0,15.0,0,0,0
0.008757483709782578,1,0,21.660469290894465,0,0,0
0.007936568629269327,1,0,21.646979549602694,0,0,0
0.004375340643509054,1,0,15.0,0,0,0
0.0012745003751019515,1,0,15.0,0,0,0
0.0037963113218114322,1,0,19.85020518560835,0,0,0
0.009347438672359251,1,0,24.144711093204826,0,0,0
0.00949599586319066,1,0,15.0,0,0,0
0.007701921568685577,1,0,21.114736808357648,0,0,0
0.0021238627724067365,1,0,23.84788735972481,0,0,0
0.0020250535987951903,1,0,21.941358758706247,0,0,0
0.008809737957719131,1,0,22.503032474105794,0,0,0
0.0015049676378101353,1,0,15.0,0,0,0
0.005882961025591644,1,0,15.0,0,0,0
0.0038446916545627715,1,0,15.0,0,0,0
0.0030899089788156476,1,0,15.0,0,0,0
0.006806082054202108,1,0,21.974843137338958,0,0,0
0.009599733858854185,1,0,15.0,0,0,0
0.007798574008578957,1,0,20.832779014460105,0,0,0
0.004913009671705385,1,0,22.618738287867327,0,0,0
0.004463043931201943,1,0,15.0,0,0,0
0.00908587546439163,1,0,23.25764443382281,0,0,0
0.005823260274890165,1,0,27.462364738177296,0,0,0
0.005016726328355333,1,0,15.0,0,0,0
0.006860075108361089,1,0,15.0,0,0,0
0.0024478227895823115,1,0,21.777970594017365,0,0,0
0.0007309813269913089,1,0,21.146134232269453,0,0,0
0.008565603260804907,1,0,23.728591535703234,0,0,0
0.006111890836924623,1,0,20.81936993408879,0,0,0
0.0017322833021281815,1,0,20.523705232588565,0,0,0
0.0030506744723573973,1,0,60.0,0,0,0
0.009900341774636355,1,0,22.86028760578351,0,0,0
0.006380793961390188,1,0,18.398059673474975,0,0,0
0.006397510195574513,1,0,21.006723468618212,0,0,0
0.0008144202657663482,1,0,19.803059720493923,0,0,0
0.009693018169014925,1,0,18.92823331420989,0,0,0
0.008938550606631335,1,0,19.042455291541554,0,0,0
0.005523046178405883,1,0,15.0,0,0,0
0.003162950272863648,1,0,18.56473550713493,0,0,0
0.0070107467610223085,1,0,18.52267553199384,0,0,0
0.008350406505271505,1,0,21.241220682969196,0,0,0
0.007882601957250211,1,0,15.0,0,0,0
0.009772768983274002,1,0,15.0,0,0,0
0.006404868446802731,1,0,15.0,0,0,0
0.0032801317724327666,1,0,15.0,0,0,0
0.005029483369378483,1,0,15.0,0,0,0
0.008181539962711103,1,0,15.0,0,0,0
0.0027268916134322364,1,0,19.310647603749757,0,0,0
0.0023909417239455152,1,0,15.0,0,0,0
0.007275862345232061,1,0,15.0,0,0,0
0.004499831522502567,1,0,15.0,0,0,0
0.008184046912378255,1,0,15.0,0,0,0
0.0015224675029739904,1,0,21.479850438184663,0,0,0
0.0034233949851791264,1,0,29.000279843032686,0,0,0
0.0027541890752420016,1,0,15.0,0,0,0
0.007008894665856109,1,0,15.0,0,0,0
0.0076173592119338305,1,0,15.0,0,0,0
0.004614426689276908,1,0,22.47553733278329,0,0,0
0.004832490826349463,1,0,15.0,0,0,0
0.001407115639612382,1,0,15.0,0,0,0
0.00704809812874922,1,0,15.0,0,0,0
0.00992394457263255,1,0,15.0,0,0,0
0.007801426224234914,1,0,15.0,0,0,0
0.002308811999557518,1,0,22.18466082200011,0,0,0
0.006268915121982933,1,0,21.13839758987133,0,0,0
0.0030200724255761043,1,0,21.3315494965771,0,0,0
0.00039874787387120134,1,0,15.0,0,0,0
0.0018802462709927525,1,0,15.0,0,0,0
0.0011156763654120295,1,0,15.0,0,0,0
0.0020397322803251223,1,0,22.57913500585088,0,0,0
0.007976483772345134,1,0,24.00991673627798,0,0,0
0.002999038126901274,1,0,23.61329294044655,0,0,0
0.007594695514356609,1,0,15.0,0,0,0
0.009493739292943431,1,0,15.0,0,0,0
0.00578530383917097,1,0,15.0,0,0,0
0.004905548525899541,1,0,15.0,0,0,0
0.007526259038343612,1,0,21.25598183765508,0,0,0
0.0010611923849415913,1,0,15.0,0,0,0
0.004339299666100364,1,0,15.0,0,0,0
0.005038363489827401,1,0,15.0,0,0,0
0.00832740797294394,1,0,19.525465752855343,0,0,0
0.008160754836289865,1,0,21.45984258691813,0,0,0
0.008497827062514814,1,0,20.888849212181135,0,0,0
0.007008941985890249,1,0,15.0,0,0,0
0.005352502491129893,1,0,19.607852507216776,0,0,0
0.008296005281299484,1,0,15.0,0,0,0
0.00874549591102717,1,0,15.0,0,0,0
0.004856797467322257,1,0,24.465088853990398,0,0,0
0.009858052888098838,1,0,60.0,0,0,0
0.008760699437293868,1,0,60.0,0,0,0
0.005153649687671939,1,0,22.82864839080241,0,0,0
0.0007859471939363533,1,0,15.0,0,0,0
0.002322471303631773,1,0,15.0,0,0,0
0.007786345935825221,1,0,15.0,0,0,0
0.0012004271442869793,1,0,15.0,0,0,0
0.004751020656560706,1,0,15.0,0,0,0
0.006088036701836803,1,0,19.387808496751816,0,0,0
0.0087956336008681,1,0,15.0,0,0,0
0.008486427242645452,1,0,20.06934771762753,0,0,0
0.007666351418491355,1,0,21.482251908679316,0,0,0
0.004136173001850871,1,0,19.222324428394845,0,0,0
0.0015082676179887411,1,0,15.0,0,0,0
0.006729528164622694,1,0,21.09041079159892,0,0,0
0.0018947573626358796,1,0,15.0,0,0,0
0.005657013385745297,1,0,15.0,0,0,0
0.00980871400638711,1,0,20.070944170021235,0,0,0
0.005548066780492019,1,0,21.844399507298274,0,0,0
0.006491012985878431,1,0,23.952837308188588,0,0,0
0.006807997171970122,1,0,15.0,0,0,0
0.008320844740987498,1,0,15.0,0,0,0
0.004406308713259783,1,0,15.0,0,0,0
0.005025348020419728,1,0,24.111359380332477,0,0,0
0.0018421229378534406,1,0,15.0,0,0,0
0.006185330888601271,1,0,15.0,0,0,0
0.0030280042626114534,1,0,19.941265999690685,0,0,0
0.005125485013998126,1,0,15.0,0,0,0
0.007688916215747989,1,0,19.010648259819575,0,0,0
0.0002739420563516674,1,0,15.0,0,0,0
0.005682763713185295,1,0,15.0,0,0,0
0.0018171056713758285,1,0,15.0,0,0,0
0.0028658950638601514,1,0,15.0,0,0,0
0.00044366147286127946,1,0,15.0,0,0,0
0.0017776813258404322,1,0,23.223273648247986,0,0,0
0.009867630993542804,1,0,22.46219862834947,0,0,0
0.009985375335873188,1,0,24.16654109191049,0,0,0
0.007226494406907511,1,0,21.82116235660569,0,0,0
0.006157382862234817,1,0,15.0,0,0,0
0.0077923688356827244,1,0,15.0,0,0,0
0.008975887294633101,1,0,23.782384391867605,0,0,0
0.005241120089697541,1,0,22.509271208275468,0,0,0
0.00044931159423524205,1,0,15.0,0,0,0
0.007123018623742522,1,0,20.724113519594734,0,0,0
0.009847564770516983,1,0,23.13518224997378,0,0,0
0.002654724264122417,1,0,15.0,0,0,0
0.00468830909806489,1,0,15.0,0,0,0
0.0036766165704076835,1,0,15.0,0,0,0
0.003965628192875647,1,0,15.0,0,0,0
0.007241859939366034,1,0,22.871265317945248,0,0,0
0.0038462034585848956,1,0,15.0,0,0,0
0.009416732842041394,1,0,22.320410402466997,0,0,0
0.007917618692259248,1,0,21.41293951451883,0,0,0
0.0003737055483681817,1,0,15.0,0,0,0
0.008203633932133875,1,0,22.93752208404607,0,0,0
0.007751288482142721,1,0,15.0,0,0,0
0.005213287910974212,1,0,15.0,0,0,0
0.005018492227789495,1,0,23.582743975991935,0,0,0
0.008371716344322839,1,0,15.0,0,0,0
0.004305374362714046,1,0,28.011216672753218,0,0,0
0.0016786771986036547,1,0,15.0,0,0,0
0.003197698445205423,1,0,15.0,0,0,0
0.0027255037932391447,1,0,15.0,0,0,0
0.006842484393549358,1,0,15.0,0,0,0
0.0018708461654043682,1,0,15.0,0,0,0
0.00648324712068479,1,0,21.064642701430593,0,0,0
0.004713072777911243,1,0,24.594237676809442,0,0,0
0.00841264320117664,1,0,15.0,0,0,0
0.0049014875578529335,1,0,15.0,0,0,0
0.009305058952236892,1,0,15.0,0,0,0
0.00901464436606732,1,0,19.68131798603974,0,0,0
0.0019343470331298262,1,0,15.0,0,0,0
0.006893046888283649,1,0,22.086106606148075,0,0,0
0.002224785016295675,1,0,15.0,0,0,0
0.008250712631681532,1,0,21.17556187821059,0,0,0
0.006393659229912035,1,0,15.0,0,0,0
0.0030117651733883462,1,0,15.0,0,0,0
0.002566323920996714,1,0,20.648410060461337,0,0,0
0.004352818784949758,1,0,15.0,0,0,0
0.008027157417465198,1,0,20.31311872169955,0,0,0
0.007981999929490571,1,0,15.0,0,0,0
0.00043042463299386115,1,0,15.0,0,0,0
0.003092643433161911,1,0,24.476225515721612,0,0,0
0.0042862245383502055,1,0,15.0,0,0,0
0.005897261933098009,1,0,22.10051002353277,0,0,0
0.0015803173872655208,1,0,15.0,0,0,0
0.0034193019032363555,1,0,19.873801001306173,0,0,0
0.008867410503622792,1,0,21.710236874557378,0,0,0
0.004817820382795131,1,0,22.439736012885287,0,0,0
0.007467017937830051,1,0,15.0,0,0,0
0.004899307214313766,1,0,15.0,0,0,0
0.00470332750636459,1,0,20.57961447210398,0,0,0
0.0062570626983266915,1,0,21.943166235700915,0,0,0
0.002667708670677214,1,0,22.974091510120843,0,0,0
0.002573040783131875,1,0,15.0,0,0,0
0.009894603163426928,1,0,22.425790381875906,0,0,0
0.008703020892260301,1,0,21.2373129033253,0,0,0
0.007403773474851482,1,0,22.268229381864582,0,0,0
0.0014577309366497794,1,0,19.095127930611465,0,0,0
0.00039922464072918997,1,0,23.24658325203845,0,0,0
0.0018365837915512208,1,0,15.0,0,0,0
0.009383536548624448,1,0,15.0,0,0,0
0.00818126872546498,1,0,32.16972187338678,0,0,0
0.005278452523636907,1,0,15.0,0,0,0
0.009690927854546935,1,0,15.0,0,0,0
0.0015511628187327802,1,0,19.945140753967873,0,0,0
0.005635589356059766,1,0,20.545268316373154,0,0,0
0.0019138990513472274,1,0,19.103047497305997,0,0,0
0.0031336431875626284,1,0,29.350244560886306,0,0,0
0.009407336687735933,1,0,15.0,0,0,0
0.008695957313831966,1,0,21.444922784138594,0,0,0
0.0011078079777428025,1,0,15.0,0,0,0
0.0025704836750532908,1,0,15.0,0,0,0
0.005985623948862302,1,0,15.0,0,0,0
0.0007073925946741615,1,0,21.904822136073733,0,0,0
0.005545838008779231,1,0,21.39344702435495,0,0,0
0.005886465214360706,1,0,15.0,0,0,0
0.002980575095171549,1,0,45.35985710850498,0,0,0
0.0030019175032387217,1,0,19.232960689312076,0,0,0
0.0023678847608237007,1,0,20.436301757647648,0,0,0
0.009363196064940824,1,0,24.17456821109388,0,0,0
0.0039498242929208675,1,0,19.281290741952382,0,0,0
0.005894163724827516,1,0,31.21897663926483,0,0,0
0.003085588285109794,1,0,15.0,0,0,0
0.007056373643707553,1,0,15.0,0,0,0
0.0011042685834805612,1,0,21.06781883443525,0,0,0
0.0008092512766371734,1,0,60.0,0,0,0
0.007468409229760675,1,0,22.13508042262301,0,0,0
0.007294012787321965,1,0,23.933236265508235,0,0,0
0.002723513227792556,1,0,15.0,0,0,0
0.0036149624559744147,1,0,15.0,0,0,0
0.009576878963194941,1,0,23.08549208254352,0,0,0
0.0011328699204536119,1,0,21.64034395109504,0,0,0
0.0019131559588120431,1,0,20.17710121875817,0,0,0
0.0043573798132350095,1,0,15.0,0,0,0
0.0028927791699496987,1,0,20.177307669278516,0,0,0
0.006525184631458851,1,0,15.0,0,0,0
0.006936957057172176,1,0,21.305444719931323,0,0,0
0.005311242030511943,1,0,15.0,0,0,0
0.006150853283887422,1,0,15.0,0,0,0
0.004390866237001415,1,0,15.0,0,0,0
0.007627833811879144,1,0,19.871361527001394,0,0,0
0.0005167751286780704,1,0,27.254317397149894,0,0,0
0.003197624232893221,1,0,21.662246284886365,0,0,0
0.006875857409809452,1,0,21.813869221346323,0,0,0
0.0033634865679662866,1,0,21.99958638769533,0,0,0
0.0008774992763851996,1,0,15.0,0,0,0
0.0035156329418210754,1,0,15.0,0,0,0
0.007143798240707767,1,0,19.4877591521739,0,0,0
0.001307650166007846,1,0,22.026514548382234,0,0,0
0.007273850505695381,1,0,15.0,0,0,0
0.007777011591939999,1,0,18.45283406774429,0,0,0
0.0063894773697847195,1,0,15.0,0,0,0
0.002517917080725628,1,0,25.650108068314275,0,0,0
0.008072424036231108,1,0,15.0,0,0,0
0.002222980767606807,1,0,15.0,0,0,0
0.00906762742649637,1,0,15.0,0,0,0
0.0070957924215066135,1,0,15.0,0,0,0
0.0006417272738058913,1,0,20.715817713777962,0,0,0
0.008012942474750463,1,0,26.86754367522932,0,0,0
0.005113692049563084,1,0,15.0,0,0,0
0.004581224073499209,1,0,15.0,0,0,0
0.00426306080771502,1,0,15.0,0,0,0
0.006105637657765078,1,0,21.10428446753886,0,0,0
0.007273327157751318,1,0,20.419180254562296,0,0,0
0.00897016849567315,1,0,15.0,0,0,0
0.0028021536481775302,1,0,15.0,0,0,0
0.006344685101813195,1,0,15.0,0,0,0
0.006894791853534487,1,0,15.0,0,0,0
0.0067804916838902374,1,0,22.035476822150354,0,0,0
0.004980706413051403,1,0,21.447522447634597,0,0,0
0.003971123227216641,1,0,15.0,0,0,0
0.007647550288964208,1,0,15.0,0,0,0
0.0030700970600039336,1,0,21.34178371984289,0,0,0
0.002159726307742607,1,0,24.27459561154728,0,0,0
0.005503709018225227,1,0,20.49185707893507,0,0,0
0.002749347490855552,1,0,15.0,0,0,0
0.00042900831136893637,1,0,21.46828632603685,0,0,0
0.0006105998594848237,1,0,22.239497294402973,0,0,0
0.00698060421123006,1,0,20.513736131084894,0,0,0
0.009734143875321524,1,0,15.0,0,0,0
0.004601414997898143,1,0,21.217724863365124,0,0,0
0.0015559051432888684,1,0,15.0,0,0,0
0.008199023784240596,1,0,15.0,0,0,0
0.0026882153800398263,1,0,15.0,0,0,0
0.009956701969878417,1,0,23.81508211596037,0,0,0
0.005676315241687896,1,0,15.0,0,0,0
0.002403062230744996,1,0,15.0,0,0,0
0.005010447218291005,1,0,60.0,0,0,0
0.0034202745911135215,1,0,15.0,0,0,0
0.007816772647806784,1,0,21.22820081983564,0,0,0
0.0011475772694997525,1,0,21.685226769281464,0,0,0
0.008584326898622228,1,0,15.0,0,0,0
0.007696635253214934,1,0,24.968564452960067,0,0,0
0.008627501658624727,1,0,20.378846107447053,0,0,0
0.008960438085812482,1,0,15.0,0,0,0
0.0023748004471365043,1,0,20.27978116368071,0,0,0
0.005257957491563346,1,0,24.160115312667568,0,0,0
0.008514229979647136,1,0,15.0,0,0,0
0.003836140923949504,1,0,42.60610511569837,0,0,0
0.0006980350102767615,1,0,20.476472514744845,0,0,0
0.002987180129731314,1,0,21.676114225356873,0,0,0
0.0024950110836006274,1,0,15.0,0,0,0
0.008713619925022134,1,0,15.0,0,0,0
0.004692078859150568,1,0,20.322369413783463,0,0,0
0.006867087950718501,1,0,21.900256375587922,0,0,0
0.009624979581946696,1,0,22.068493502869472,0,0,0
0.003061959738613517,1,0,15.0,0,0,0
0.007635875619521219,1,0,15.0,0,0,0
0.00032536480303534213,1,0,19.56312805023711,0,0,0
0.001130750135584129,1,0,21.248096341356412,0,0,0
0.0017024643910324533,1,0,15.0,0,0,0
0.0031929415350378334,1,0,15.0,0,0,0
0.004089573429780847,1,0,22.64998607777346,0,0,0
0.004822457318249319,1,0,20.035450455307604,0,0,0
0.002528780328205635,1,0,20.037483437148623,0,0,0
0.0007555316641403458,1,0,22.833479265958925,0,0,0
0.00680747860921841,1,0,19.64678513248156,0,0,0
0.0003342473999892182,1,0,15.0,0,0,0
0.008113759285101376,1,0,21.806544379113024,0,0,0
0.009298632768996893,1,0,15.0,0,0,0
0.007132652245230382,1,0,15.0,0,0,0
0.006000009121020836,1,0,15.0,0,0,0
0.006604483440353466,1,0,15.0,0,0,0
0.006556998261514184,1,0,15.0,0,0,0
0.009323880847058355,1,0,24.198741641084638,0,0,0
0.009646628124820276,1,0,15.0,0,0,0
0.004324445254891396,1,0,15.0,0,0,0
0.0062090838438693405,1,0,20.249748237707365,0,0,0
0.008047789831968306,1,0,15.0,0,0,0
0.00011027775600416136,1,0,22.90278153713018,0,0,0
0.005317457576594385,1,0,21.307807385186845,0,0,0
0.006563475764195208,1,0,15.0,0,0,0
0.007200333952402059,1,0,15.0,0,0,0
0.0037510151530231834,1,0,15.0,0,0,0
0.003026879764054763,1,0,15.0,0,0,0
0.0019032114090222945,1,0,21.058504918043212,0,0,0
0.0056223739356215776,1,0,20.57136529316524,0,0,0
0.009201103979296004,1,0,15.0,0,0,0
0.008970183692168078,1,0,22.903846856656322,0,0,0
0.0036636626788611546,1,0,21.369119162605315,0,0,0
0.002652765885388206,1,0,15.0,0,0,0
0.007909058844440693,1,0,22.364254676336486,0,0,0
0.007277302180617464,1,0,15.0,0,0,0
0.005102864328261174,1,0,19.909425979372724,0,0,0
0.00395139956943469,1,0,15.0,0,0,0
0.0013255992470772324,1,0,15.0,0,0,0
0.007872872032013142,1,0,15.0,0,0,0
0.006212897991458805,1,0,19.3081790446192,0,0,0
0.003831128629406365,1,0,15.0,0,0,0
0.009196000963061316,1,0,15.0,0,0,0
0.0066307597934774365,1,0,15.0,0,0,0
0.009299464781753088,1,0,15.0,0,0,0
0.004796683357362475,1,0,21.866623812393247,0,0,0
0.004600716458232907,1,0,20.710734442931624,0,0,0
0.009378668974109388,1,0,15.0,0,0,0
0.00960193513961098,1,0,15.0,0,0,0
0.009611596456900974,1,0,23.355241526380965,0,0,0
0.008207084199683684,1,0,15.0,0,0,0
0.004677820833760953,1,0,23.97029951776827,0,0,0
0.002181963013263682,1,0,15.0,0,0,0
0.0038960647246505,1,0,22.702143019228636,0,0,0
0.009389145166026108,1,0,23.26796932689546,0,0,0
0.003699187521294969,1,0,32.94398651963315,0,0,0
0.007591502525553022,1,0,15.0,0,0,0
0.009237743075801969,1,0,15.0,0,0,0
0.009706882412526154,1,0,22.568044405613467,0,0,0
0.009481974054066025,1,0,15.0,0,0,0
0.005595070217450532,1,0,15.0,0,0,0
0.004969612739043617,1,0,22.05789284420014,0,0,0
0.009877641036803064,1,0,18.627877115212247,0,0,0
0.0022599741253450374,1,0,22.162459943539265,0,0,0
0.00195654959067915,1,0,15.0,0,0,0
0.009635504747683767,1,0,15.0,0,0,0
0.00692302873605928,1,0,22.055195859221804,0,0,0
0.005409409697001763,1,0,15.0,0,0,0
0.0014072929491289266,1,0,15.0,0,0,0
0.00518107846526166,1,0,15.0,0,0,0
0.009447789419863394,1,0,15.0,0,0,0
0.006068624101151851,1,0,20.144572801916823,0,0,0
0.0041058233621513954,1,0,21.203142866714156,0,0,0
0.005555919714504772,1,0,15.0,0,0,0
0.008872836361476066,1,0,19.180982816131184,0,0,0
0.009137201745239742,1,0,15.0,0,0,0
0.004060872839963664,1,0,15.0,0,0,0
0.006119803924099789,1,0,15.0,0,0,0
0.0028641058655600243,1,0,23.401626175363607,0,0,0
0.004565744431968918,1,0,15.0,0,0,0
0.0022768381041531147,1,0,21.77477117018611,0,0,0
0.005361575392469195,1,0,21.887235844307558,0,0,0
0.005824577336150155,1,0,15.0,0,0,0
0.003444583687694654,1,0,20.3984579108247,0,0,0
0.002793971176322617,1,0,15.0,0,0,0
0.0015951535056513743,1,0,23.486979838815436,0,0,0
0.001481482295440982,1,0,15.0,0,0,0
0.007143465045569766,1,0,23.004107057611105,0,0,0
0.002294216235369763,1,0,15.0,0,0,0
0.0012679725089549492,1,0,15.0,0,0,0
0.009988829728666458,1,0,32.99031797303368,0,0,0
0.0026731733687016643,1,0,23.624191752819858,0,0,0
0.008970878322738508,1,0,15.0,0,0,0
0.006130940942143983,1,0,23.12572833998672,0,0,0
0.00717919465138747,1,0,15.0,0,0,0
0.00565309722384639,1,0,15.0,0,0,0
0.0018900308310936924,1,0,15.0,0,0,0
0.008485810557380765,1,0,20.501598773198033,0,0,0
0.008296930388219164,1,0,19.92698318592272,0,0,0
0.003561886106967648,1,0,15.0,0,0,0
0.007662121894473493,1,0,21.800543445845467,0,0,0
0.005476098557609836,1,0,20.891839425756196,0,0,0
0.00909958649154464,1,0,15.0,0,0,0
0.008047961275909283,1,0,22.340331328192786,0,0,0
0.0005058581210401049,1,0,15.0,0,0,0
0.008804832124693457,1,0,15.0,0,0,0
0.00968880753798705,1,0,18.967957092418096,0,0,0
0.007447346405988528,1,0,15.0,0,0,0
0.0012871439553859736,1,0,15.0,0,0,0
0.00809302130938749,1,0,23.7175111225111,0,0,0
0.0065101415219735006,1,0,24.5635556438653,0,0,0
0.003454380543467604,1,0,21.838846228944753,0,0,0
0.008851902456807401,1,0,22.588783090231,0,0,0
0.005699110215686412,1,0,15.0,0,0,0
0.008543986517092083,1,0,15.0,0,0,0
0.006734126110984004,1,0,15.0,0,0,0
0.0029563094266787894,1,0,15.0,0,0,0
0.009752685089024262,1,0,22.24436994027219,0,0,0
0.00575295492460163,1,0,20.64621453699756,0,0,0
0.005215876894081944,1,0,15.0,0,0,0
0.0040947453197072246,1,0,21.082789399682753,0,0,0
0.001449807610469105,1,0,15.0,0,0,0
0.006893507512358002,1,0,15.0,0,0,0
0.00436491206025756,1,0,22.886602804242926,0,0,0
0.009352663852520857,1,0,15.0,0,0,0
0.009654461969327094,1,0,22.930755959328597,0,0,0
0.0076996444679645155,1,0,15.0,0,0,0
0.0025006981606550986,1,0,21.05551944252631,0,0,0
0.007188198839959268,1,0,21.42962610252187,0,0,0
0.0003021753345540494,1,0,15.0,0,0,0
0.008281364977803088,1,0,21.96517635938869,0,0,0
0.004986823814196239,1,0,15.0,0,0,0
0.009373722533863345,1,0,15.0,0,0,0
0.003839824409127054,1,0,19.564155181960786,0,0,0
0.0027054186843900587,1,0,15.0,0,0,0
0.00995105775368479,1,0,19.727268229175163,0,0,0
0.005353710927969545,1,0,15.0,0,0,0
0.008645507169863337,1,0,15.0,0,0,0
0.009119465923807985,1,0,15.0,0,0,0
0.005232840256536092,1,0,15.0,0,0,0
0.004611567862639958,1,0,15.0,0,0,0
0.005573570952246267,1,0,22.45020084150883,0,0,0
0.008492621078525999,1,0,15.0,0,0,0
0.009650136292847916,1,0,22.228402794636022,0,0,0
0.00335038888276019,1,0,23.44364075340302,0,0,0
0.007412440782986483,1,0,21.9372283421327,0,0,0
0.0029252073251705988,1,0,22.524052609284787,0,0,0
0.006148435109181905,1,0,23.38547866827128,0,0,0
0.008067416923360878,1,0,15.0,0,0,0
0.008876214614146803,1,0,24.168922824343234,0,0,0
0.0045422902243645435,1,0,22.634237905926373,0,0,0
0.0037605812574023263,1,0,21.69276965177717,0,0,0
0.0026091709589077896,1,0,15.0,0,0,0
0.0014208299871400572,1,0,21.206320090331925,0,0,0
0.0037126839295723735,1,0,15.0,0,0,0
0.008732580267003688,1,0,21.803481677995336,0,0,0
0.004246214210485319,1,0,23.459358024432568,0,0,0
0.003241202341531098,1,0,15.0,0,0,0
0.0074174092214055075,1,0,15.0,0,0,0
0.0022342862690967937,1,0,15.0,0,0,0
0.002637239344628056,1,0,20.480806537225263,0,0,0
0.009365495618549194,1,0,15.0,0,0,0
0.0009077379569104456,1,0,18.423413385556422,0,0,0
0.004204848684409891,1,0,15.0,0,0,0
0.005809836804708563,1,0,19.76445942821549,0,0,0
0.0023795810845845954,1,0,15.0,0,0,0
0.002882023593923725,1,0,15.0,0,0,0
0.002296269111011778,1,0,19.747752520780715,0,0,0
0.003517337163400352,1,0,30.59028800989871,0,0,0
0.00899520697527664,1,0,60.0,0,0,0
0.004372714731059485,1,0,23.128465220741315,0,0,0
0.004236507263581974,1,0,15.0,0,0,0
0.003927150713726455,1,0,15.0,0,0,0
0.009644745696681986,1,0,15.0,0,0,0
0.001261264418576175,1,0,15.0,0,0,0
0.008731566667299727,1,0,21.984192661838637,0,0,0
0.0033388945705069575,1,0,21.280757736587912,0,0,0
0.009569464757883,1,0,15.0,0,0,0
0.0032207497378122225,1,0,15.0,0,0,0
0.0009204561962375728,1,0,20.037225901376264,0,0,0
0.0052484146550899075,1,0,19.420852805049563,0,0,0
0.0023558692351681124,1,0,20.69982439270055,0,0,0
0.007554599173186421,1,0,15.0,0,0,0
0.00660732562144675,1,0,22.12667189455046,0,0,0
0.006896044663431531,1,0,27.647693725663558,0,0,0
0.0020155459372453027,1,0,20.327889352920497,0,0,0
0.007115439622362892,1,0,15.0,0,0,0
0.0031821771671053396,1,0,15.0,0,0,0
0.009986872877794704,1,0,19.331568337421817,0,0,0
0.0073444998644326635,1,0,18.031823262338552,0,0,0
0.005945073923344277,1,0,15.0,0,0,0
0.008684466014233925,1,0,15.0,0,0,0
0.005934185827222329,1,0,18.753982017089484,0,0,0
0.005572223681077781,1,0,15.0,0,0,0
0.0024494244677732576,1,0,20.309784665337187,0,0,0
0.006813308753721708,1,0,15.0,0,0,0
0.003808979839669668,1,0,15.0,0,0,0
0.0005265180153400905,1,0,19.936580391187395,0,0,0
0.00817901178406258,1,0,15.0,0,0,0
0.0006135443498225446,1,0,21.173827883126158,0,0,0
0.006755771216121207,1,0,15.0,0,0,0
0.0016515368257006605,1,0,15.0,0,0,0
0.004382438214051552,1,0,15.0,0,0,0
0.008605007419612535,1,0,15.0,0,0,0
0.0010347535362300517,1,0,15.0,0,0,0
0.006704791717670948,1,0,15.0,0,0,0
0.006164925550612245,1,0,15.0,0,0,0
0.008688544488927299,1,0,15.0,0,0,0
0.0018100752261082608,1,0,20.246842075538073,0,0,0
0.008017896295894469,1,0,23.18280506392664,0,0,0
0.00455619984773915,1,0,15.0,0,0,0
0.004343574733683131,1,0,19.538089149792512,0,0,0
0.003681665073314762,1,0,21.82810614012293,0,0,0
0.003917184047339588,1,0,15.0,0,0,0
0.005247600301609729,1,0,21.732473738579813,0,0,0
0.0011573182469423115,1,0,15.0,0,0,0
0.004308152111742284,1,0,20.768742789557706,0,0,0
0.006554614029089277,1,0,15.0,0,0,0
0.005032104299039315,1,0,20.077281873860837,0,0,0
0.0017417117416112658,1,0,15.0,0,0,0
0.003694211847737157,1,0,15.0,0,0,0
0.004485320576816706,1,0,15.0,0,0,0
0.0067218606648663855,1,0,21.00217676275782,0,0,0
0.009017586593121229,1,0,15.0,0,0,0
0.005548717574619403,1,0,15.0,0,0,0
0.006796044468361906,1,0,21.560312249597278,0,0,0
0.000864177291850104,1,0,15.0,0,0,0
0.009549223590541172,1,0,30.845360468593167,0,0,0
0.003220566034519677,1,0,21.761144572396468,0,0,0
0.003607488321910422,1,0,48.32200901775648,0,0,0
0.002306143528350975,1,0,15.0,0,0,0
0.0009382337104789371,1,0,15.0,0,0,0
0.007921463222404328,1,0,19.16092723180137,0,0,0
0.002480851808891111,1,0,15.0,0,0,0
0.0028986085799185997,1,0,15.0,0,0,0
0.0018997831384020992,1,0,26.737468528134574,0,0,0
0.009751364274958913,1,0,15.0,0,0,0
0.007832244493064125,1,0,21.800254082973822,0,0,0
0.009306006534808935,1,0,23.281369095312,0,0,0
0.008631061333829753,1,0,15.0,0,0,0
0.00907233831549809,1,0,15.0,0,0,0
0.004842437113307011,1,0,19.00448222462218,0,0,0
0.001788360229835295,1,0,22.22869791467071,0,0,0
0.0033361153101396893,1,0,22.027427197587883,0,0,0
0.0029952700181188653,1,0,15.0,0,0,0
0.0071996249922534295,1,0,22.631557050480918,0,0,0
0.00035415959444269005,1,0,15.0,0,0,0
0.0015062179276879733,1,0,15.0,0,0,0
0.006860562690523124,1,0,15.0,0,0,0
0.0013220793026243703,1,0,24.008406311396296,0,0,0
0.0005780893226269622,1,0,15.0,0,0,0
0.0011812301296507896,1,0,22.652609816600638,0,0,0
0.006937674115126654,1,0,15.0,0,0,0
0.001479320068106531,1,0,15.0,0,0,0
0.0015484131752511658,1,0,15.0,0,0,0
0.002379971947915083,1,0,23.80231805818834,0,0,0
0.007534015971545575,1,0,15.0,0,0,0
0.0020834938313816823,1,0,15.0,0,0,0
0.00045021642756965126,1,0,21.121274632215346,0,0,0
0.00906804722020181,1,0,15.0,0,0,0
0.008775552400480136,1,0,15.0,0,0,0
0.001929708108875077,1,0,15.0,0,0,0
0.0027268916387572038,1,0,15.0,0,0,0
0.0019667199572920456,1,0,20.992690132470194,0,0,0
0.007223391935721127,1,0,15.0,0,0,0
0.0025750879534733972,1,0,15.0,0,0,0
0.00932135259804717,1,0,15.0,0,0,0
0.008293646141397331,1,0,15.0,0,0,0
0.005925171162939766,1,0,15.0,0,0,0
0.00018848842466576062,1,0,15.0,0,0,0
0.008848327123525,1,0,22.06981368421859,0,0,0
0.007304840300672287,1,0,15.0,0,0,0
0.007900283225755964,1,0,23.22121807330535,0,0,0
0.0008110695252627115,1,0,32.025656858777445,0,0,0
0.007114745685163569,1,0,20.013538735239763,0,0,0
0.008065435788879022,1,0,20.464392692648453,0,0,0
0.009570690025954842,1,0,15.0,0,0,0
0.005846657680546113,1,0,20.920482163535695,0,0,0
0.005129614334792789,1,0,15.0,0,0,0
0.0043114282208209275,1,0,21.203986795188612,0,0,0
0.007042748041549974,1,0,15.0,0,0,0
0.009216130916674677,1,0,15.0,0,0,0
0.006037574982288754,1,0,27.94358749310329,0,0,0
0.0023501080509325638,1,0,20.94664302457527,0,0,0
0.0002739821080608498,1,0,15.0,0,0,0
0.006229219870848524,1,0,15.0,0,0,0
0.008659519091388622,1,0,15.0,0,0,0
0.0007531552479767529,1,0,15.0,0,0,0
0.004035954968717325,1,0,15.0,0,0,0
0.009406464568200937,1,0,20.272886140471872,0,0,0
0.005066602258982373,1,0,21.72339395895997,0,0,0
0.0022845164749070715,1,0,23.047104107509146,0,0,0
0.0036011984765115996,1,0,23.477287312132045,0,0,0
0.004140581705328583,1,0,15.0,0,0,0
0.0012611661927262423,1,0,15.0,0,0,0
0.006641843214099272,1,0,25.949409712996275,0,0,0
0.005962426858015517,1,0,22.65753968020963,0,0,0
0.006512456490869217,1,0,23.761950603710844,0,0,0
0.006146836529933861,1,0,15.0,0,0,0
0.00026505347605456275,1,0,15.0,0,0,0
0.0018271822107065645,1,0,21.181035916515867,0,0,0
0.0017391628192640193,1,0,15.0,0,0,0
0.0010697197143500956,1,0,21.412327859386206,0,0,0
0.007381210154662937,1,0,15.0,0,0,0
0.0012893584233370679,1,0,25.31288156269796,0,0,0
0.006715121327158408,1,0,15.0,0,0,0
0.0018660640655713868,1,0,20.909984613265525,0,0,0
0.001271270764654471,1,0,22.605459677470083,0,0,0
0.0017090474812991856,1,0,15.0,0,0,0
0.005133194219726398,1,0,22.081684659719613,0,0,0
0.006490276847591782,1,0,21.862560808787475,0,0,0
0.008138056114570604,1,0,15.0,0,0,0
0.001372765834099843,1,0,15.0,0,0,0
0.006200248799119719,1,0,15.0,0,0,0
0.007761012034171348,1,0,15.0,0,0,0
0.0031928111979280553,1,0,15.0,0,0,0
0.0008891842357376331,1,0,20.02542372245529,0,0,0
0.0016438650343584874,1,0,15.0,0,0,0
0.0010064306108485217,1,0,15.0,0,0,0
0.008883398117124512,1,0,22.586225547769097,0,0,0
0.0038293465167663224,1,0,31.48842238988405,0,0,0
0.005281151190844282,1,0,20.93966911347605,0,0,0
0.0077100127028627155,1,0,15.0,0,0,0
0.003777834378995166,1,0,15.0,0,0,0
0.006526116280813367,1,0,15.0,0,0,0
0.0008591305468625336,1,0,21.407701608960696,0,0,0
0.004860965910929145,1,0,15.0,0,0,0
0.0010555377650860458,1,0,15.0,0,0,0
0.002558012992734258,1,0,15.0,0,0,0
0.00300407419319514,1,0,15.0,0,0,0
0.007204079658480773,1,0,19.302877616834422,0,0,0
0.006773631444263614,1,0,15.0,0,0,0
0.0074960928804175524,1,0,15.0,0,0,0
0.0007113749676496182,1,0,15.0,0,0,0
0.009939750700513164,1,0,15.0,0,0,0
0.0006387582842267124,1,0,15.0,0,0,0
0.008274903135247624,1,0,15.0,0,0,0
0.007428662441457303,1,0,20.667262893766342,0,0,0
0.005958441725869018,1,0,20.772147305209753,0,0,0
0.004444685934935373,1,0,23.957740044630576,0,0,0
0.00759561029737481,1,0,15.0,0,0,0
0.007424592252361577,1,0,15.0,0,0,0
0.0014580655213490648,1,0,15.0,0,0,0
0.007947061482312615,1,0,15.0,0,0,0
0.0008777142746061561,1,0,20.094509712908504,0,0,0
0.005055406807072495,1,0,15.0,0,0,0
0.006486310083015224,1,0,18.947408487033343,0,0,0
0.008234719688014754,1,0,21.246889303641797,0,0,0
0.0046847911591212325,1,0,15.0,0,0,0
0.0024448949678949378,1,0,22.369400357123993,0,0,0
0.004957530193020405,1,0,29.463176985410644,0,0,0
0.002577060293327489,1,0,18.918060865346323,0,0,0
0.005334381276415869,1,0,15.0,0,0,0
0.004678831012754528,1,0,15.0,0,0,0
0.007826994389128905,1,0,15.0,0,0,0
0.0024768921230810368,1,0,21.875103643150037,0,0,0
0.0020798533234843613,1,0,19.866672407196027,0,0,0
0.004794434861712904,1,0,21.632031217258127,0,0,0
0.0005999932153894216,1,0,22.890164672154324,0,0,0
0.0023704722215115077,1,0,15.0,0,0,0
0.00360167865045815,1,0,24.3609575687005,0,0,0
0.004927534154353012,1,0,15.0,0,0,0
0.002767423441131104,1,0,15.0,0,0,0
0.005650301297613224,1,0,15.0,0,0,0
0.008796305197807198,1,0,21.467734973731414,0,0,0
0.005482901867440261,1,0,20.691027671030366,0,0,0
0.0029397112651906748,1,0,15.0,0,0,0
0.0007136116228229175,1,0,54.32751052549909,0,0,0
0.0014529964170084042,1,0,22.530974364665486,0,0,0
0.005656051948617188,1,0,23.462247855391126,0,0,0
0.00686871749723336,1,0,15.0,0,0,0
0.0005917126411852986,1,0,20.52414109589175,0,0,0
0.0019369433141634687,1,0,20.153445531801154,0,0,0
0.0032589045796980486,1,0,23.82163783135796,0,0,0
0.0032657537779169736,1,0,21.20505654340927,0,0,0
0.009588229440361815,1,0,15.0,0,0,0
0.0021173289196299836,1,0,15.0,0,0,0
0.0007189514598431782,1,0,15.0,0,0,0
0.003594846810191959,1,0,15.0,0,0,0
0.001430975513193827,1,0,21.789884823972628,0,0,0
0.0013531614548443125,1,0,15.0,0,0,0
0.004133761545059571,1,0,22.600815212162487,0,0,0
0.003133272278574492,1,0,21.68359413163825,0,0,0
0.0010080950839380593,1,0,15.0,0,0,0
0.006082603951331748,1,0,19.65657955738704,0,0,0
0.0050668276836014665,1,0,15.0,0,0,0
0.0008632867226179234,1,0,20.791763958713023,0,0,0
0.008641170292740028,1,0,15.0,0,0,0
0.002918659276302094,1,0,18.626876764903287,0,0,0
0.009617669770977076,1,0,20.227459141428508,0,0,0
0.009322232462307624,1,0,20.240588287522566,0,0,0
0.004397556599565653,1,0,21.293238209074012,0,0,0
0.0023628127103395157,1,0,19.887029647617876,0,0,0
0.008365041854049203,1,0,15.0,0,0,0
0.0036767298320622235,1,0,24.253596000208297,0,0,0
0.0017191518772458527,1,0,22.433268785284348,0,0,0
0.0055609163866075185,1,0,15.0,0,0,0
0.004945084182742532,1,0,20.688189642773644,0,0,0
0.008515177000258169,1,0,23.825283442136474,0,0,0
0.007319885660409389,1,0,21.67069658616406,0,0,0
0.008773780919683862,1,0,15.0,0,0,0
0.0073735588326350075,1,0,15.0,0,0,0
0.006457532110413191,1,0,15.0,0,0,0
0.005051753807542427,1,0,15.0,0,0,0
0.00987677756601483,1,0,15.0,0,0,0
0.009595731757601707,1,0,15.0,0,0,0
0.008503644517203921,1,0,15.0,0,0,0
0.0077756602164767265,1,0,32.58664055173873,0,0,0
0.005817839546173271,1,0,15.0,0,0,0
0.0026715582692094474,1,0,15.0,0,0,0
0.008766846368170851,1,0,15.0,0,0,0
0.0002070797353016814,1,0,15.0,0,0,0
0.0023516556712599385,1,0,21.558550468332978,0,0,0
0.004096951206336252,1,0,19.953830788763515,0,0,0
0.005902955836817313,1,0,15.0,0,0,0
0.005652705271567525,1,0,22.298603691303576,0,0,0
0.0018405766812143187,1,0,21.923859792622135,0,0,0
0.0011375021781539648,1,0,15.0,0,0,0
0.0023010563830942687,1,0,15.0,0,0,0
0.003552217010075188,1,0,15.0,0,0,0
0.00023913151040885349,1,0,15.0,0,0,0
0.006955312623443573,1,0,21.508969131151336,0,0,0
0.0025525016138011653,1,0,22.13146260954303,0,0,0
0.003578903921828788,1,0,15.0,0,0,0
0.003415526736780605,1,0,15.0,0,0,0
0.0051671150286973664,1,0,15.0,0,0,0
0.008612017248736649,1,0,48.36344644284686,0,0,0
0.001578960539704858,1,0,15.0,0,0,0
0.0034731984209895733,1,0,21.57082026379212,0,0,0
0.006951085196544658,1,0,21.182551477557716,0,0,0
0.0005378909914763242,1,0,20.586645861272,0,0,0
0.008316788488106014,1,0,21.864675027112533,0,0,0
0.009622068890924523,1,0,15.0,0,0,0
0.00611560830556171,1,0,15.0,0,0,0
0.00956943287320414,1,0,15.0,0,0,0
0.004189312111374304,1,0,20.208015984133294,0,0,0
0.004208814133485856,1,0,15.0,0,0,0
0.0011518642031930308,1,0,18.256054415221396,0,0,0
0.00045092465649772,1,0,18.493054583143074,0,0,0
0.0025205927495318857,1,0,23.038934741929477,0,0,0
0.004833473705301363,1,0,23.44874825628806,0,0,0
0.005126055669542602,1,0,20.336281951001215,0,0,0
0.00225399627924019,1,0,19.710125658589682,0,0,0
0.0061667761791481335,1,0,21.42105458991064,0,0,0
0.0018939381609000404,1,0,20.169006587619798,0,0,0
0.0033294902886640914,1,0,19.730151515071924,0,0,0
0.002037524200374342,1,0,15.0,0,0,0
0.0069969696399023625,1,0,19.36753416660008,0,0,0
0.0052140678314008876,1,0,20.53125131182456,0,0,0
0.007387400880818894,1,0,18.946694383730666,0,0,0
0.0006667568789573321,1,0,21.984576883075444,0,0,0
0.004311084594327901,1,0,32.86408078469215,0,0,0
0.009672889931916064,1,0,21.741730826128936,0,0,0
0.0006308331955929998,1,0,18.02296909621697,0,0,0
0.004241949027990026,1,0,22.053719296117414,0,0,0
0.0004999423666706436,1,0,50.731001725867145,0,0,0
0.0015518678776109199,1,0,15.0,0,0,0
0.00467901187057321,1,0,15.0,0,0,0
0.0016593826370721208,1,0,23.21535677944006,0,0,0
0.005235678707142047,1,0,18.581185145792375,0,0,0
0.00923504365942369,1,0,15.0,0,0,0
0.002084034826154525,1,0,18.50479501124256,0,0,0
0.0011611464461507583,1,0,15.0,0,0,0
0.008270237963631225,1,0,15.0,0,0,0
0.0046566714893961775,1,0,19.5308013392432,0,0,0
0.008837849878556965,1,0,24.058346710939542,0,0,0
0.0031306206171873335,1,0,30.93994896649328,0,0,0
0.006312566851352188,1,0,15.0,0,0,0
0.009240804187586476,1,0,23.21615864272194,0,0,0
0.0017997884145342688,1,0,22.576026477070535,0,0,0
0.008027212737123493,1,0,23.837458770533523,0,0,0
0.006352015823466761,1,0,22.81853687806086,0,0,0
0.008148172771807828,1,0,23.922104696785116,0,0,0
0.001789864115035771,1,0,15.0,0,0,0
0.004397456056336423,1,0,20.33835992918964,0,0,0
0.0013754885619218316,1,0,15.0,0,0,0
0.00960481286905511,1,0,15.0,0,0,0
0.0007206480573053314,1,0,15.0,0,0,0
0.0007482856401444442,1,0,23.060578409156722,0,0,0
0.008991746302598852,1,0,52.620314364345,0,0,0
0.0030775452665629823,1,0,21.486077819740263,0,0,0
0.006010498325186787,1,0,22.56498432739906,0,0,0
0.002946007736182337,1,0,15.0,0,0,0
0.0065227079187125635,1,0,24.832923840275388,0,0,0
0.0020054467557732696,1,0,15.0,0,0,0
0.004642807634709547,1,0,15.0,0,0,0
0.005381572530325906,1,0,15.0,0,0,0
0.0034030646138425874,1,0,20.12953404477439,0,0,0
0.0025918360515626254,1,0,15.0,0,0,0
0.0014880460099450466,1,0,15.0,0,0,0
0.0070908289294484075,1,0,15.0,0,0,0
0.0017659988883447903,1,0,15.0,0,0,0
0.0029920512727626323,1,0,15.0,0,0,0
0.0034353967697035226,1,0,15.0,0,0,0
0.0045982312900987345,1,0,15.0,0,0,0
0.007055430125545664,1,0,15.0,0,0,0
0.004336656833071684,1,0,15.0,0,0,0
0.008723826852211286,1,0,23.04521208362361,0,0,0
0.006829877901539827,1,0,15.0,0,0,0
0.008401018489688782,1,0,15.0,0,0,0
0.007191904217176313,1,0,20.381924640081166,0,0,0
0.0015714548183872864,1,0,19.03163553922218,0,0,0
0.009781480288454493,1,0,21.282086390870546,0,0,0
0.007887204031106819,1,0,15.0,0,0,0
0.005769945509476724,1,0,15.0,0,0,0
0.0017357863133074492,1,0,23.75146662256889,0,0,0
0.0018095384209318474,1,0,15.0,0,0,0
0.006181878631115403,1,0,15.0,0,0,0
0.004220351616719913,1,0,15.0,0,0,0
0.0067910090550999435,1,0,15.0,0,0,0
0.0037870344765070564,1,0,15.0,0,0,0
0.00517716719742029,1,0,15.0,0,0,0
0.0019607845758432244,1,0,21.827838192829663,0,0,0
0.0016364913285088834,1,0,15.0,0,0,0
0.0008488831606150571,1,0,27.458035968468362,0,0,0
0.008214429118495669,1,0,15.0,0,0,0
0.005598323890638648,1,0,15.0,0,0,0
0.009476696295075956,1,0,15.0,0,0,0
0.007519914185457348,1,0,15.0,0,0,0
0.0077107552864699915,1,0,21.431114049436772,0,0,0
0.0051396784985504535,1,0,15.0,0,0,0
0.008172993971603941,1,0,21.619132011059516,0,0,0
0.009426428108606787,1,0,18.834416861172613,0,0,0
0.007245228498120834,1,0,23.859166396050565,0,0,0
0.0011453305147813132,1,0,15.0,0,0,0
0.006545096606609712,1,0,15.0,0,0,0
0.0012922888011868104,1,0,22.856642335897767,0,0,0
0.0008645019819448116,1,0,20.746079333832153,0,0,0
0.006959714010647787,1,0,15.0,0,0,0
0.008364375776047981,1,0,19.356311978486726,0,0,0
0.0016725307582207295,1,0,15.0,0,0,0
0.0008340712188638429,1,0,15.0,0,0,0
0.008876576652501234,1,0,15.0,0,0,0
0.0014088724362096023,1,0,21.291134648198646,0,0,0
0.000447352328062998,1,0,20.75839189041201,0,0,0
0.0072384382507882416,1,0,15.0,0,0,0
0.008492383985543896,1,0,21.876144309041617,0,0,0
0.005193286080495841,1,0,27.26831702432242,0,0,0
0.005445259916528501,1,0,23.20442069207745,0,0,0
0.003434919076001048,1,0,19.517996913340877,0,0,0
0.0024607856687757024,1,0,15.0,0,0,0
0.007576797494738304,1,0,15.0,0,0,0
0.00850791564039832,1,0,20.844477647597614,0,0,0
0.0032803231058354475,1,0,15.0,0,0,0
0.0028108099302689487,1,0,20.579962875603982,0,0,0
0.002751138023495996,1,0,15.0,0,0,0
0.0006008946384213257,1,0,15.0,0,0,0
0.0028826427459197725,1,0,20.457847700658238,0,0,0
0.0003539440779931496,1,0,21.281795856614284,0,0,0
0.007905235462436891,1,0,15.0,0,0,0
0.002633675607406504,1,0,15.0,0,0,0
0.0069325363745785015,1,0,15.0,0,0,0
0.0054775650168515065,1,0,15.0,0,0,0
0.008390889936774268,1,0,22.23452801078739,0,0,0
0.009607749402814515,1,0,15.0,0,0,0
0.0037361869798787336,1,0,19.238166483823395,0,0,0
0.000974574116907408,1,0,21.300505862069492,0,0,0
0.0075214930674206365,1,0,15.0,0,0,0
0.00031089302937191546,1,0,19.811154118013487,0,0,0
0.002307337011413838,1,0,15.0,0,0,0
0.0006271816178840716,1,0,15.0,0,0,0
0.008991668879036173,1,0,20.72017434708456,0,0,0
0.0001524411088455656,1,0,15.0,0,0,0
0.0049781474336507954,1,0,20.6643789604864,0,0,0
0.004297591358873904,1,0,15.0,0,0,0
0.0065621721790265816,1,0,15.0,0,0,0
0.0029684664768355735,1,0,20.91019878473033,0,0,0
0.008749584464647638,1,0,22.122959778456586,0,0,0
0.007370022841655795,1,0,21.55779324262361,0,0,0
0.004379714817323107,1,0,19.448728373052095,0,0,0
0.00364445987017416,1,0,15.0,0,0,0
0.008177293650226087,1,0,15.0,0,0,0
0.007594896955504131,1,0,15.0,0,0,0
0.004050100574438071,1,0,20.148089890794225,0,0,0
0.0034795814398402595,1,0,15.0,0,0,0
0.00048499109765916726,1,0,15.0,0,0,0
0.0009089017298574418,1,0,19.576081605718848,0,0,0
0.0006337927099869235,1,0,19.611356976572868,0,0,0
0.0003417133148454655,1,0,15.0,0,0,0
0.0016134365831937311,1,0,20.791830278473814,0,0,0
0.008585703995037691,1,0,22.423775366131217,0,0,0
0.008001777176483064,1,0,19.54243444084038,0,0,0
0.00847118109349915,1,0,15.0,0,0,0
0.006275623578112173,1,0,21.14830148851769,0,0,0
0.006278224702282634,1,0,22.768779141398106,0,0,0
0.001326924290874865,1,0,15.0,0,0,0
0.0070197570010596295,1,0,15.0,0,0,0
0.0028722614676176825,1,0,21.003573344409805,0,0,0
0.0052406079648833915,1,0,22.77826712900314,0,0,0
0.009551753777628489,1,0,15.0,0,0,0
0.00871909240375243,1,0,15.0,0,0,0
0.002408615722228342,1,0,15.0,0,0,0
0.007392841095432906,1,0,20.32742851545237,0,0,0
0.0011304984245961898,1,0,23.303071074477238,0,0,0
0.0003647506088659227,1,0,15.0,0,0,0
0.0003789253203404159,1,0,15.0,0,0,0
0.0017854401937583227,1,0,15.0,0,0,0
0.006979989180728551,1,0,15.0,0,0,0
0.0036967283452343847,1,0,15.0,0,0,0
0.0002578301457702487,1,0,24.196142653622257,0,0,0
0.009881424050630735,1,0,19.923987503536505,0,0,0
0.005380446191996733,1,0,21.880658671405143,0,0,0
0.003999414129602044,1,0,15.0,0,0,0
0.005236613960983431,1,0,15.0,0,0,0
0.005247712007599645,1,0,22.79864956973602,0,0,0
0.004755342113220639,1,0,20.950253497159462,0,0,0
0.006168194154203211,1,0,15.0,0,0,0
0.008867703536696234,1,0,22.53403557709299,0,0,0
0.003086965551563157,1,0,22.754317789743414,0,0,0
0.004920989366175027,1,0,21.091943005711972,0,0,0
0.0001360755623480101,1,0,15.0,0,0,0
0.008612161385050205,1,0,15.0,0,0,0
0.003128448500239851,1,0,23.865325327357,0,0,0
0.002785839293450852,1,0,24.006945844391296,0,0,0
0.009975617975189243,1,0,22.843651186266886,0,0,0
0.005885490093577361,1,0,22.77260002103776,0,0,0
0.0013181281367958039,1,0,15.0,0,0,0
0.002728697201946353,1,0,15.0,0,0,0
0.003596943223836483,1,0,15.0,0,0,0
0.009861994473919474,1,0,15.0,0,0,0
0.0043631546113570945,1,0,19.9865975961354,0,0,0
0.0023783264840988097,1,0,18.355485143733684,0,0,0
0.00574033657738689,1,0,30.716499430585497,0,0,0
0.004107120614764404,1,0,19.518782675905797,0,0,0
0.0006441078426045174,1,0,21.126273417944738,0,0,0
0.008623104163297823,1,0,15.0,0,0,0
0.00025530652010470877,1,0,15.0,0,0,0
0.008994987993880219,1,0,15.0,0,0,0
0.007939401165657842,1,0,22.56213658522769,0,0,0
0.0008506497804098702,1,0,23.95984899677354,0,0,0
0.007263749670349234,1,0,15.0,0,0,0
0.007732322653179258,1,0,20.75887996667901,0,0,0
0.006062840026943977,1,0,20.47551520953106,0,0,0
0.005818940921545621,1,0,15.0,0,0,0
0.0005919015598549433,1,0,18.3848375354623,0,0,0
0.0006890140810455474,1,0,24.090066549629967,0,0,0
0.0073001576333733996,1,0,15.0,0,0,0
0.0011450952712972074,1,0,22.596772969083627,0,0,0
0.0024942565969941276,1,0,15.0,0,0,0
0.005038482278851252,1,0,15.0,0,0,0
0.0017252203687655478,1,0,15.0,0,0,0
0.007919411649445254,1,0,21.812777983567486,0,0,0
0.008093042435412978,1,0,31.671691411855207,0,0,0
0.008437217791482831,1,0,22.22507143684647,0,0,0
0.0005907243956695792,1,0,21.90908052609796,0,0,0
0.004335944296212882,1,0,15.0,0,0,0
0.008484484959871925,1,0,23.67208877567747,0,0,0
0.0036958719640363194,1,0,27.388966333799942,0,0,0
0.0069886217453979235,1,0,15.0,0,0,0
0.005933534451481095,1,0,22.011073231333498,0,0,0
0.0035373653054010684,1,0,47.47833608306987,0,0,0
0.002836407807995195,1,0,15.0,0,0,0
0.006562156611784127,1,0,19.896092474813972,0,0,0
0.0014228789563286803,1,0,21.093667301659977,0,0,0
0.00861521293896881,1,0,18.214044918065106,0,0,0
0.005806790066698965,1,0,21.661903929400427,0,0,0
0.001203884700745808,1,0,23.376085630669227,0,0,0
0.007064923687414301,1,0,15.0,0,0,0
0.004368014243835949,1,0,15.0,0,0,0
0.0021204060120954393,1,0,15.0,0,0,0
0.009614585999956175,1,0,23.493917412915167,0,0,0
0.007224513071642814,1,0,15.0,0,0,0
0.005970636870947162,1,0,15.0,0,0,0
0.00850378509248768,1,0,20.067175579733547,0,0,0
0.005484310919833312,1,0,54.29993431013159,0,0,0
0.0044705590620957485,1,0,15.0,0,0,0
0.0019755239126210125,1,0,22.18717487120992,0,0,0
0.001618565208669969,1,0,15.0,0,0,0
0.004376496232081298,1,0,22.1218035995352,0,0,0
0.004614148332372408,1,0,15.0,0,0,0
0.0073597938017842006,1,0,15.0,0,0,0
0.004476641599365077,1,0,20.98446420581238,0,0,0
0.005972276085597637,1,0,15.0,0,0,0
0.008341933388354835,1,0,15.0,0,0,0
0.009934013485554364,1,0,15.0,0,0,0
0.0032930006199976963,1,0,20.86061498707125,0,0,0
0.00902934919091085,1,0,15.0,0,0,0
0.00807990363135063,1,0,19.9394575340168,0,0,0
0.0007732662341635757,1,0,15.0,0,0,0
0.0034081734154535236,1,0,21.623685856712918,0,0,0
0.0022685253023603954,1,0,27.906400849259004,0,0,0
0.0066774042969876815,1,0,20.256181009667888,0,0,0
0.005597461448555114,1,0,19.107737099743204,0,0,0
0.004999025420636582,1,0,15.0,0,0,0
0.0076592812616950185,1,0,21.222475261532477,0,0,0
0.003399756088538636,1,0,15.0,0,0,0
0.0038892477259773297,1,0,15.0,0,0,0
0.008669776087431948,1,0,21.154159687891898,0,0,0
0.009724864241674066,1,0,15.0,0,0,0
0.007785937673601541,1,0,15.0,0,0,0
0.00224900265029454,1,0,15.0,0,0,0
0.0012152511584220887,1,0,20.577864833466425,0,0,0
0.00217113096288144,1,0,15.0,0,0,0
0.004285337513726675,1,0,15.0,0,0,0
0.0024433005747016186,1,0,15.0,0,0,0
0.009020307365912916,1,0,23.206143084137807,0,0,0
0.006740156727497659,1,0,15.0,0,0,0
0.00422561952335184,1,0,19.473317816501606,0,0,0
0.002810736155329452,1,0,22.679642791514485,0,0,0
0.003868543950895547,1,0,15.0,0,0,0
0.00481290089413063,1,0,20.63344659469697,0,0,0
0.007166841286539715,1,0,15.0,0,0,0
0.0009844814264659012,1,0,20.967949076175998,0,0,0
0.008503446103910562,1,0,20.885976296781912,0,0,0
0.0013628443081887822,1,0,32.21675605174226,0,0,0
0.0026982558115271355,1,0,22.26081070220708,0,0,0
0.00993653996814858,1,0,15.0,0,0,0
0.0019830654770380866,1,0,23.706711261744182,0,0,0
0.001101307659084822,1,0,22.330186201751197,0,0,0
0.006420212488996104,1,0,20.809889739012817,0,0,0
0.003991977890527127,1,0,22.13837251543286,0,0,0
0.0010091707992582362,1,0,15.0,0,0,0
0.00013705004065554585,1,0,15.0,0,0,0
0.0008836996061766304,1,0,15.0,0,0,0
0.005275082229841877,1,0,20.273881042569414,0,0,0
0.0023858401567963287,1,0,15.0,0,0,0
0.007797766129757604,1,0,15.0,0,0,0
0.008589335467410255,1,0,23.396668340836218,0,0,0
0.001533846875381414,1,0,19.089300033902298,0,0,0
0.003436496720271255,1,0,19.437739000033854,0,0,0
0.0015510838421351552,1,0,21.889075354759353,0,0,0
0.0029382577654612774,1,0,15.0,0,0,0
0.0024681237456306558,1,0,18.576254334768997,0,0,0
0.007889962519278147,1,0,15.0,0,0,0
0.0035202488123392555,1,0,20.090440945574475,0,0,0
0.0050060915075673465,1,0,24.25957587888423,0,0,0
0.006771561544182517,1,0,20.99410487648484,0,0,0
0.008240340826606648,1,0,15.0,0,0,0
0.0030819699941922727,1,0,15.0,0,0,0
0.0021712846102697895,1,0,15.0,0,0,0
0.00978668840018309,1,0,21.652879654124334,0,0,0
0.00326946069201022,1,0,15.0,0,0,0
0.006743574181890669,1,0,29.80530877504734,0,0,0
0.006810626302710263,1,0,15.0,0,0,0
0.005188891511435457,1,0,20.00124131924655,0,0,0
0.002361629710297114,1,0,15.0,0,0,0
0.001500428467446345,1,0,22.32219506406397,0,0,0
0.004921459834652869,1,0,28.441492376096654,0,0,0
0.005158202413442632,1,0,22.638797333814274,0,0,0
0.007756330892070497,1,0,20.950934802128643,0,0,0
0.007127351095126716,1,0,21.242024980601002,0,0,0
0.00912920866047508,1,0,15.0,0,0,0
0.009711519562687553,1,0,22.599972789180335,0,0,0
0.007305728129375454,1,0,15.0,0,0,0
0.0008574613634195088,1,0,15.0,0,0,0
0.004110671261249316,1,0,15.0,0,0,0
0.006127143461422762,1,0,21.92941242065737,0,0,0
0.00594293120735458,1,0,15.0,0,0,0
0.001896293479722922,1,0,23.85941680257152,0,0,0
0.005871152821563627,1,0,15.0,0,0,0
0.003561837028026297,1,0,15.0,0,0,0
0.003455375763952788,1,0,22.652213657207042,0,0,0
0.008356669352482238,1,0,20.604894426640165,0,0,0
0.004277138270815379,1,0,22.50781154509612,0,0,0
0.005321219945238082,1,0,20.27981336161445,0,0,0
0.005672441324241341,1,0,21.71937471469592,0,0,0
0.005673668120531002,1,0,15.0,0,0,0
0.0022099029864553837,1,0,15.0,0,0,0
0.006034588295175171,1,0,15.0,0,0,0
0.003412773728546784,1,0,15.0,0,0,0
0.00658470091650208,1,0,15.0,0,0,0
0.0015424062297606984,1,0,19.398929949164657,0,0,0
0.009941744386873327,1,0,15.0,0,0,0
0.007743228585388617,1,0,15.0,0,0,0
0.004230789191494644,1,0,15.0,0,0,0
0.003083383323556401,1,0,15.0,0,0,0
0.003939240144696674,1,0,21.052478293794305,0,0,0
0.007239961900461362,1,0,19.86783152067058,0,0,0
0.006588537215887196,1,0,19.94347893542661,0,0,0
0.007050715868805816,1,0,20.042825296674092,0,0,0
0.00890109203497024,1,0,21.30714552192571,0,0,0
0.004617322740473053,1,0,15.0,0,0,0
0.006728259369631882,1,0,15.0,0,0,0
0.004470928754102697,1,0,15.0,0,0,0
0.006417170973386778,1,0,15.0,0,0,0
0.0048007540059331775,1,0,20.15687984078813,0,0,0
0.007788969910645142,1,0,15.0,0,0,0
0.00015207522050895712,1,0,21.81009044366916,0,0,0
0.0022355384623188404,1,0,19.271168965963376,0,0,0
0.0030347324891161214,1,0,21.322274602727912,0,0,0
0.009459405611886051,1,0,15.0,0,0,0
0.005119757508372487,1,0,27.765762054335138,0,0,0
0.003707083611981598,1,0,15.0,0,0,0
0.004102689944575352,1,0,23.602653272744757,0,0,0
0.0045730406059821095,1,0,15.0,0,0,0
0.008691520862128313,1,0,15.0,0,0,0
0.009627125070233365,1,0,22.970578461644774,0,0,0
0.008457229933428283,1,0,21.533543359210277,0,0,0
0.00843240195784759,1,0,33.06475344600395,0,0,0
0.002070249598459066,1,0,15.0,0,0,0
0.002759912910446328,1,0,15.0,0,0,0
0.006000886887525181,1,0,21.062631780378677,0,0,0
0.006595760393068979,1,0,23.638038571328096,0,0,0
0.002106783197116205,1,0,15.0,0,0,0
0.007488190540190523,1,0,15.0,0,0,0
0.002079639173903909,1,0,31.356355016725175,0,0,0
0.0027038054012352005,1,0,19.757238032452264,0,0,0
0.003137275826017945,1,0,15.0,0,0,0
0.008475315023254139,1,0,20.802758927734434,0,0,0
0.0073476305790217454,1,0,20.597951629634988,0,0,0
0.005353785813669396,1,0,15.0,0,0,0
0.008215518051535461,1,0,21.831870737681673,0,0,0
0.008147989648625642,1,0,15.0,0,0,0
0.003959347649892362,1,0,15.0,0,0,0
0.007836229146125457,1,0,20.626502350077196,0,0,0
0.0021418034428164097,1,0,22.519155966046196,0,0,0
0.005081965614559543,1,0,15.0,0,0,0
0.0012705931308478367,1,0,18.8088645213188,0,0,0
0.004325265407353455,1,0,19.91688906302332,0,0,0
0.005251621120695188,1,0,21.266575965578802,0,0,0
0.0008911917433690958,1,0,60.0,0,0,0
0.004679866341144325,1,0,21.561546353410016,0,0,0
0.006551538375305318,1,0,21.797027477368573,0,0,0
0.006179473523972905,1,0,15.0,0,0,0
0.0006381034901214644,1,0,22.44728081574526,0,0,0
0.0010438628904911908,1,0,22.75130035302141,0,0,0
0.0035784268349558965,1,0,15.0,0,0,0
0.008442588656869447,1,0,22.699988712707743,0,0,0
0.00871058492635689,1,0,20.00059343699893,0,0,0
0.0031651674101084676,1,0,15.0,0,0,0
0.00721703164389042,1,0,22.014464879844272,0,0,0
0.005816166864281267,1,0,19.0429754809986,0,0,0
0.009835880361718383,1,0,20.301394642798645,0,0,0
0.001036974731667948,1,0,21.511827941567958,0,0,0
0.005524019348178524,1,0,15.0,0,0,0
0.005966122723825414,1,0,15.0,0,0,0
0.0031459188524160494,1,0,15.0,0,0,0
0.0005648371501655609,1,0,20.52022697729186,0,0,0
0.0006158349033094778,1,0,42.98200161465102,0,0,0
0.004590818736586319,1,0,15.0,0,0,0
0.0069554905154948,1,0,27.6721548043577,0,0,0
0.007031740279450962,1,0,23.977235631529105,0,0,0
0.0018916015122460595,1,0,15.0,0,0,0
0.008593924195957284,1,0,15.0,0,0,0
0.0038339080171004747,1,0,20.75788242982629,0,0,0
0.009647242229526936,1,0,15.0,0,0,0
0.0012697803808138046,1,0,15.0,0,0,0
0.00838090151649127,1,0,31.042945071350296,0,0,0
0.009092547717129933,1,0,15.0,0,0,0
0.008244487708822941,1,0,52.46283435515716,0,0,0
0.008107527297876872,1,0,15.0,0,0,0
0.0036769691525089555,1,0,15.0,0,0,0
0.0071620967565376335,1,0,15.0,0,0,0
0.0058355310035118745,1,0,15.0,0,0,0
0.0043023434011690625,1,0,20.029073463887986,0,0,0
0.00993180579093143,1,0,23.201672635733075,0,0,0
0.0029755017096366873,1,0,15.0,0,0,0
0.004190125819659063,1,0,21.754137731734357,0,0,0
0.009038324269647362,1,0,22.335833909707407,0,0,0
0.002961181963053114,1,0,21.499641557913925,0,0,0
0.0016115433070725243,1,0,20.852660852294285,0,0,0
0.0031689975217279024,1,0,15.0,0,0,0
0.007617185603307732,1,0,15.0,0,0,0
0.008612554696052434,1,0,19.597203121498207,0,0,0
0.001233005377461375,1,0,15.0,0,0,0
0.006254955542640784,1,0,15.0,0,0,0
0.005716140365387956,1,0,16.819629469691662,0,0,0
0.006721098076582315,1,0,15.0,0,0,0
0.006743458074155281,1,0,22.26982901137092,0,0,0
0.00959872795563863,1,0,20.0579754734531,0,0,0
0.003530639163424719,1,0,23.703086589696152,0,0,0
0.0030676925251842103,1,0,15.0,0,0,0
0.00585413032963607,1,0,21.660336632275932,0,0,0
0.004351242746462752,1,0,15.0,0,0,0
0.004790167295894526,1,0,22.283175580250354,0,0,0
0.0007858422356944787,1,0,21.254690340386283,0,0,0
0.0015675975518405706,1,0,15.0,0,0,0
0.009360211872269333,1,0,15.0,0,0,0
0.0007760853715342053,1,0,23.335694422059195,0,0,0
0.005942441367538147,1,0,20.135267134170338,0,0,0
0.0075702927872771135,1,0,22.09751240185576,0,0,0
0.00021744893156419224,1,0,20.64324544357604,0,0,0
0.0023052066645405096,1,0,22.013966425600195,0,0,0
0.003833013105408929,1,0,21.020096721805366,0,0,0
0.005117492725979818,1,0,15.0,0,0,0
0.003481793418081038,1,0,15.0,0,0,0
0.006525092655675596,1,0,15.0,0,0,0
0.0023413354207820554,1,0,23.457950216716426,0,0,0
0.0003522810706472881,1,0,18.34318056516321,0,0,0
0.00011555340310071609,1,0,22.118714710989288,0,0,0
0.003520568918301379,1,0,21.013396615755877,0,0,0
0.0036804617120230467,1,0,60.0,0,0,0
0.009491180762126785,1,0,18.033746786088106,0,0,0
0.0005433290539503394,1,0,15.0,0,0,0
0.005347644095338293,1,0,22.53796729941507,0,0,0
0.005820351811212079,1,0,15.0,0,0,0
0.007022822617787424,1,0,23.386068706910745,0,0,0
0.00642347254139254,1,0,15.0,0,0,0
0.00018058098786703422,1,0,15.0,0,0,0
0.006355390966749216,1,0,22.52769444668389,0,0,0
0.003291640603027348,1,0,15.0,0,0,0
0.00775140271734324,1,0,20.993046493602815,0,0,0
0.001964817322743421,1,0,15.0,0,0,0
0.007190435954574076,1,0,22.10841545005758,0,0,0
0.006292403803521704,1,0,24.676758250713103,0,0,0
0.006557679764742003,1,0,15.0,0,0,0
0.0018418821021667874,1,0,23.512973985352858,0,0,0
0.006724822613191378,1,0,29.977982208472195,0,0,0
0.007396086245554958,1,0,15.0,0,0,0
0.004945161586254276,1,0,22.05303320191822,0,0,0
0.003469620261576698,1,0,15.0,0,0,0
0.0017488930079529413,1,0,15.0,0,0,0
0.0029706091985963316,1,0,15.0,0,0,0
0.007661900788279958,1,0,19.143621855984833,0,0,0
0.0041530671730079325,1,0,15.0,0,0,0
0.0070568610957332505,1,0,15.0,0,0,0
0.00742690411748502,1,0,15.0,0,0,0
0.006774285218830468,1,0,22.468992590109917,0,0,0
0.006768030394461191,1,0,15.0,0,0,0
0.006147001222827911,1,0,30.103705765928954,0,0,0
0.0052323775892657645,1,0,18.92372274899439,0,0,0
0.0020583852000156705,1,0,15.0,0,0,0
0.008443753530526317,1,0,18.927758116335433,0,0,0
0.009646215307627194,1,0,22.00085639749746,0,0,0
0.004718192249441647,1,0,20.97614396876763,0,0,0
0.009339063683258092,1,0,15.0,0,0,0
0.009980145923460505,1,0,18.950859012190858,0,0,0
0.004913339534599625,1,0,15.0,0,0,0
0.007271118200124684,1,0,21.912184773012317,0,0,0
0.006473524348680175,1,0,31.55164427431601,0,0,0
0.0024489216784073977,1,0,15.0,0,0,0
0.000566185493167756,1,0,15.0,0,0,0
0.004588217580627123,1,0,15.0,0,0,0
0.007893329474223096,1,0,19.08712906765216,0,0,0
0.003318833160628,1,0,15.0,0,0,0
0.007865943339812526,1,0,19.918400527541856,0,0,0
0.006582536651433261,1,0,15.0,0,0,0
0.006985859382994114,1,0,15.0,0,0,0
0.0029288347949361607,1,0,15.0,0,0,0
0.0047534690901461655,1,0,21.392842112859583,0,0,0
0.0018988676202496499,1,0,19.31276596904657,0,0,0
0.0025411472279892916,1,0,15.0,0,0,0
0.0009895154266149103,1,0,27.05097580586634,0,0,0
0.0013550567223324598,1,0,19.69782119327877,0,0,0
0.0021840834450287815,1,0,15.0,0,0,0
0.0058443186926207865,1,0,15.0,0,0,0
0.004467990083521635,1,0,15.0,0,0,0
0.0027427011743990644,1,0,32.906948143223126,0,0,0
0.008625013224287123,1,0,15.0,0,0,0
0.005298962144285663,1,0,15.0,0,0,0
0.009238783788994358,1,0,15.0,0,0,0
0.006386153126547921,1,0,20.10847621503836,0,0,0
0.00025629720563429475,1,0,15.0,0,0,0
0.009143409341055382,1,0,18.261039900955055,0,0,0
0.00858888702324018,1,0,20.64183560013786,0,0,0
0.006389185105530903,1,0,20.30679807842103,0,0,0
0.005394258201735099,1,0,22.50948533317321,0,0,0
0.004583968125853992,1,0,19.96680594842993,0,0,0
0.004873530973091634,1,0,18.670674678947567,0,0,0
0.007715284344339264,1,0,19.094592445008548,0,0,0
0.00518010186335099,1,0,15.0,0,0,0
0.0018426445171541624,1,0,15.0,0,0,0
0.000675957915012628,1,0,19.478183280392468,0,0,0
0.0013492441352364736,1,0,15.0,0,0,0
0.002589266977490123,1,0,23.20646665249447,0,0,0
0.0037405678022530957,1,0,15.0,0,0,0
0.008934918520534567,1,0,15.0,0,0,0
0.002466963598776713,1,0,15.0,0,0,0
0.0032640257242250947,1,0,30.670933076564413,0,0,0
0.002307843941315061,1,0,22.504534852094544,0,0,0
0.005502844005190721,1,0,15.0,0,0,0
0.006209158293315421,1,0,18.968851549344613,0,0,0
0.005368062565781892,1,0,21.88890228697587,0,0,0
0.009523380847047708,1,0,20.84641380347192,0,0,0
0.00995424237477583,1,0,20.75231094594151,0,0,0
0.008390220299075076,1,0,15.0,0,0,0
0.008072431834413992,1,0,15.0,0,0,0
0.003723922489821125,1,0,15.0,0,0,0
0.0058398567110037845,1,0,19.434356670586876,0,0,0
0.003579576947593963,1,0,15.0,0,0,0
0.00786512287712002,1,0,19.813377364042445,0,0,0
0.0018011282770091766,1,0,30.254233729815187,0,0,0
0.002245049971516966,1,0,15.0,0,0,0
0.00048307130161605766,1,0,20.20991532384086,0,0,0
0.006128502766046125,1,0,15.0,0,0,0
0.006916528762010675,1,0,23.623810920490662,0,0,0
0.0001332866336906501,1,0,15.0,0,0,0
0.005156779063543082,1,0,20.655895313082645,0,0,0
0.003831057931048762,1,0,15.0,0,0,0
0.0079445697400058,1,0,23.861814513695354,0,0,0
0.00048501838538656965,1,0,15.0,0,0,0
0.0005808003192989777,1,0,20.23695521583029,0,0,0
0.006240070077386212,1,0,15.0,0,0,0
0.005957224660339664,1,0,18.041916615577538,0,0,0
0.008327791227680301,1,0,60.0,0,0,0
0.005963442202657876,1,0,18.33966641554628,0,0,0
0.009498771203055863,1,0,15.0,0,0,0
0.003212407958120779,1,0,23.239511640379135,0,0,0
0.004039421923407523,1,0,22.965942512864807,0,0,0
0.009778979198378874,1,0,15.0,0,0,0
0.0011644900093806035,1,0,23.410576270649337,0,0,0
0.007979458046643169,1,0,15.0,0,0,0
0.00021453027513835892,1,0,15.0,0,0,0
0.0049164811690931886,1,0,15.0,0,0,0
0.0016186831399498775,1,0,15.0,0,0,0
0.0060287308669078445,1,0,18.686031066483192,0,0,0
0.008001882700107498,1,0,23.522297779241626,0,0,0
0.0004271187932718041,1,0,19.66228111823732,0,0,0
0.001721349993258278,1,0,21.497998604914457,0,0,0
0.0034918427735028345,1,0,15.0,0,0,0
0.0026324097619711724,1,0,15.0,0,0,0
0.0038938769090819257,1,0,15.0,0,0,0
0.009523496168192773,1,0,15.0,0,0,0
0.001101940661658381,1,0,22.3938295606893,0,0,0
0.004290492875791144,1,0,15.0,0,0,0
0.00462520457891507,1,0,15.0,0,0,0
0.002875386313108711,1,0,19.493875309723812,0,0,0
0.00285721492110694,1,0,19.39218452935892,0,0,0
0.007176046401318276,1,0,15.0,0,0,0
0.00621665404224473,1,0,15.0,0,0,0
0.008147036995358216,1,0,19.882116439571774,0,0,0
0.004110224902532718,1,0,20.664742465607215,0,0,0
0.006106439167098764,1,0,15.0,0,0,0
0.008946522592757586,1,0,15.0,0,0,0
0.008528151869992217,1,0,15.0,0,0,0
0.009208231585749594,1,0,22.50025906664011,0,0,0
0.002762852723029427,1,0,21.572632396505195,0,0,0
0.00985566972686799,1,0,15.0,0,0,0
0.008182260163167024,1,0,15.0,0,0,0
0.007968597279808903,1,0,15.0,0,0,0
0.006709028149490728,1,0,18.994016315000124,0,0,0
0.009834352936383448,1,0,15.0,0,0,0
0.004471475957660157,1,0,15.0,0,0,0
0.007441239117147867,1,0,15.0,0,0,0
0.007018231751086363,1,0,15.0,0,0,0
0.00734768017382595,1,0,15.0,0,0,0
0.007539501660275642,1,0,19.901618487039958,0,0,0
0.0019884833221000126,1,0,19.34113598221322,0,0,0
0.003555609550053783,1,0,15.0,0,0,0
0.003983314558676459,1,0,21.994207010147797,0,0,0
0.007505198158401625,1,0,15.0,0,0,0
0.0071908549596211135,1,0,21.813770043409168,0,0,0
0.008350325431833621,1,0,15.0,0,0,0
0.007906339663114327,1,0,19.19540833629895,0,0,0
0.006000735405955167,1,0,20.67748389756459,0,0,0
0.001485490016225681,1,0,15.0,0,0,0
0.006391007066400415,1,0,27.571268225680598,0,0,0
0.008881886908011043,1,0,23.906818739116854,0,0,0
0.0064674261975583396,1,0,18.107636604949402,0,0,0
0.008966701642919643,1,0,15.0,0,0,0
0.009990624879555304,1,0,15.0,0,0,0
0.003656102106932976,1,0,23.23027274552933,0,0,0
0.007260567974043725,1,0,15.0,0,0,0
0.005445590462745004,1,0,22.290060690068454,0,0,0
0.00460422082701084,1,0,21.66578441036378,0,0,0
0.0024746840790553656,1,0,15.0,0,0,0
0.0025345545003597173,1,0,18.71327985989566,0,0,0
0.0019312256389237132,1,0,22.246046628770582,0,0,0
0.006351686714339521,1,0,24.280674478279714,0,0,0
0.0015063256567667204,1,0,19.85797885553159,0,0,0
0.004370726051188803,1,0,15.0,0,0,0
0.005280999068794722,1,0,21.24993870905336,0,0,0
0.004438521324170801,1,0,21.69181489393857,0,0,0
0.008563802183391775,1,0,15.0,0,0,0
0.004487376661959218,1,0,22.904315283909007,0,0,0
0.0009200377203465959,1,0,15.0,0,0,0
0.00992277545760921,1,0,15.0,0,0,0
0.008465337551496106,1,0,15.0,0,0,0
0.006634430505519398,1,0,20.449457354501135,0,0,0
0.007587603846005215,1,0,15.0,0,0,0
0.0013690879275729568,1,0,15.0,0,0,0
0.007682556461621431,1,0,15.0,0,0,0
0.002156714522949742,1,0,15.0,0,0,0
0.00494086368278236,1,0,15.0,0,0,0
0.0018620296143104075,1,0,15.0,0,0,0
0.007562471146888699,1,0,19.131746947184443,0,0,0
0.0025347454170732246,1,0,15.0,0,0,0
0.002606763343067758,1,0,15.0,0,0,0
0.001181301258468961,1,0,25.803292080520627,0,0,0
0.007234003923942331,1,0,15.0,0,0,0
0.003028861844730691,1,0,21.350196074279644,0,0,0
0.005230972130699478,1,0,15.0,0,0,0
0.003389211217933689,1,0,15.0,0,0,0
0.007769542462340111,1,0,23.763614444132017,0,0,0
0.0023421881992906125,1,0,15.0,0,0,0
0.009414261550459277,1,0,15.0,0,0,0
0.003281265751408106,1,0,22.297885787736313,0,0,0
0.0011281310507784315,1,0,20.19088567759785,0,0,0
0.0024790218048678313,1,0,15.0,0,0,0
0.0008320151977650346,1,0,20.420372877000002,0,0,0
0.004740513436825006,1,0,21.277090446350723,0,0,0
0.0025774870851623427,1,0,15.0,0,0,0
0.008871855840004276,1,0,21.441082151808796,0,0,0
0.00521957334017945,1,0,19.00744242752236,0,0,0
0.0024103476424199343,1,0,21.934940351197007,0,0,0
0.004567576266058921,1,0,15.0,0,0,0
0.002040343294190201,1,0,23.05322932414321,0,0,0
0.0018694208216566929,1,0,22.31960502838865,0,0,0
0.0030764990543210957,1,0,21.301183021367738,0,0,0
0.001172184501212573,1,0,15.0,0,0,0
0.0019676106154178177,1,0,15.0,0,0,0
0.009386664042654676,1,0,21.886320849369525,0,0,0
0.0067013460835048735,1,0,15.0,0,0,0
0.00921891636822693,1,0,15.0,0,0,0
0.0026427847205310593,1,0,18.587365997038987,0,0,0
0.008584432024429146,1,0,20.59874372204429,0,0,0
0.0036865007878544406,1,0,15.0,0,0,0
0.001527530313112608,1,0,15.0,0,0,0
0.00806660029004155,1,0,15.0,0,0,0
0.0006905363054412265,1,0,22.48232297187568,0,0,0
0.004108043105456167,1,0,15.0,0,0,0
0.008211215218265271,1,0,15.0,0,0,0
0.006210130761920443,1,0,23.570902660969537,0,0,0
0.005228850384456963,1,0,15.0,0,0,0
0.0036009758228854496,1,0,19.331790420975462,0,0,0
0.0008430527208414003,1,0,15.0,0,0,0
0.009910622661755398,1,0,26.53353176149904,0,0,0
0.0018302598945779797,1,0,19.97391813207657,0,0,0
0.002627553902262834,1,0,15.0,0,0,0
0.002435566048696716,1,0,15.0,0,0,0
0.00908861992618846,1,0,22.782074855060856,0,0,0
0.007660515087962952,1,0,20.714221450014232,0,0,0
0.004627565014449433,1,0,15.0,0,0,0
0.009558688036123406,1,0,18.612278408176856,0,0,0
0.0006225554697857732,1,0,20.179128079379996,0,0,0
0.008947336774094357,1,0,22.3216817583482,0,0,0
0.0006982306233127758,1,0,22.202035692493705,0,0,0
0.003972193889752181,1,0,15.0,0,0,0
0.0006346482959272482,1,0,15.0,0,0,0
0.009989793018401085,1,0,21.473140540057653,0,0,0
0.009152456074755956,1,0,15.0,0,0,0
0.005889509656937689,1,0,15.0,0,0,0
0.0022566612825826306,1,0,21.327814573160108,0,0,0
0.0028400994794549454,1,0,15.0,0,0,0
0.004550479323965492,1,0,15.0,0,0,0
0.003295523806674223,1,0,23.12826718693747,0,0,0
0.0003110076638059131,1,0,15.0,0,0,0
0.006596934480359633,1,0,15.0,0,0,0
0.006172936250523684,1,0,15.0,0,0,0
0.009052675961866524,1,0,15.0,0,0,0
0.00482085499704396,1,0,19.864947602779456,0,0,0
0.0035126187218040396,1,0,15.0,0,0,0
0.005164020110885893,1,0,15.0,0,0,0
0.0020274804098688124,1,0,15.0,0,0,0
0.006292849483065386,1,0,15.0,0,0,0
0.007723325539622601,1,0,15.0,0,0,0
0.0016192709624193525,1,0,15.0,0,0,0
0.003251993854589759,1,0,41.69924115910247,0,0,0
0.008691229695727347,1,0,15.0,0,0,0
0.005104764311474838,1,0,21.476521447987338,0,0,0
0.005365182802107713,1,0,15.0,0,0,0
0.007251841150828182,1,0,15.0,0,0,0
0.005821138870691133,1,0,15.0,0,0,0
0.0007888397039308097,1,0,49.076153768223996,0,0,0
0.008059220947444054,1,0,15.0,0,0,0
0.009236076768759831,1,0,18.401195338103133,0,0,0
0.000627444606609041,1,0,15.0,0,0,0
0.001300372588929755,1,0,15.0,0,0,0
0.007049554501854057,1,0,22.641648108396414,0,0,0
0.006084291931893804,1,0,60.0,0,0,0
0.003886918289820284,1,0,21.289844309087012,0,0,0
0.005438561624509677,1,0,15.0,0,0,0
0.007063051823210482,1,0,15.0,0,0,0
0.005094316972621201,1,0,23.53240845554313,0,0,0
0.0014878644138929275,1,0,15.0,0,0,0
0.000985416688419573,1,0,15.0,0,0,0
0.004444701478364979,1,0,15.0,0,0,0
0.009236559102703453,1,0,15.0,0,0,0
0.00562201382961409,1,0,32.21775351754056,0,0,0
0.003646378683276706,1,0,23.33000950590551,0,0,0
0.00909619107825825,1,0,15.0,0,0,0
0.003947458346171487,1,0,23.67037281811691,0,0,0
0.005140550161250315,1,0,18.45512772436772,0,0,0
0.00125334337322434,1,0,15.0,0,0,0
0.007400269360641874,1,0,15.0,0,0,0
0.007032999275722786,1,0,30.26865695978397,0,0,0
0.007963015529307357,1,0,19.641148212175107,0,0,0
0.003319394002934858,1,0,22.08732646356307,0,0,0
0.0044169268687553,1,0,15.0,0,0,0
0.0017665829441192637,1,0,23.444178154092253,0,0,0
0.009648598273355345,1,0,24.348500541924004,0,0,0
0.0009521657393380383,1,0,22.446154395617917,0,0,0
0.006525231706380592,1,0,15.0,0,0,0
0.007082048206195344,1,0,15.0,0,0,0
0.0016615910891446986,1,0,15.0,0,0,0
0.0037166997377218493,1,0,20.565187982084435,0,0,0
0.0005269530109485845,1,0,20.499498780670553,0,0,0
0.005610421750107747,1,0,20.282473485121603,0,0,0
0.009949887613953878,1,0,30.753176607857196,0,0,0
0.004355861072539374,1,0,20.25366649132563,0,0,0
0.009901081381692071,1,0,15.0,0,0,0
0.001349631695708729,1,0,15.0,0,0,0
0.003985297998351178,1,0,19.27926103643742,0,0,0
0.009029453203479872,1,0,20.316819320120274,0,0,0
0.008779285268408973,1,0,15.0,0,0,0
0.0033035566209108636,1,0,15.0,0,0,0
0.006818244779306484,1,0,23.145457299762768,0,0,0
0.008872985698422127,1,0,21.198751234547817,0,0,0
0.0076920869149169555,1,0,15.0,0,0,0
0.006321914349635883,1,0,20.44562961485513,0,0,0
0.0016104985841442234,1,0,22.644550802692773,0,0,0
0.0008227266564485784,1,0,18.733861763140755,0,0,0
0.0061847595801839544,1,0,15.0,0,0,0
0.0050527290903221705,1,0,15.0,0,0,0
0.002456562931341695,1,0,15.0,0,0,0
0.002998420970094344,1,0,19.79350972133471,0,0,0
0.00398166305429396,1,0,22.240720880077948,0,0,0
0.005005656436012806,1,0,22.323770368688663,0,0,0
0.003963563793975285,1,0,24.01200333728261,0,0,0
0.00393418755365107,1,0,15.0,0,0,0
0.0012457548319823942,1,0,22.60249769069188,0,0,0
0.008669345140727898,1,0,22.382466499874635,0,0,0
0.006130625409603134,1,0,15.0,0,0,0
0.0015464116275599176,1,0,15.0,0,0,0
0.004296356588491565,1,0,21.715969543762537,0,0,0
0.004225487529092501,1,0,22.023922112415043,0,0,0
0.006046146697042316,1,0,18.097877637965063,0,0,0
0.0061278092167083836,1,0,15.0,0,0,0
0.006487699156099648,1,0,22.667489745629933,0,0,0
0.007009240267703694,1,0,21.826814406820468,0,0,0
0.0011232050566772629,1,0,19.779145795116843,0,0,0
0.0031187297856708394,1,0,20.850266857053633,0,0,0
0.0002717434098094564,1,0,22.46892700705601,0,0,0
0.004600950969595792,1,0,15.0,0,0,0
0.004351357770519845,1,0,21.41555882145227,0,0,0
0.00736983660877684,1,0,24.157477762716283,0,0,0
0.0017544577714178255,1,0,15.0,0,0,0
0.0063517951255425585,1,0,19.042667036931956,0,0,0
0.0031362725595085066,1,0,21.12739426392846,0,0,0
0.003880973100616022,1,0,20.087818538922132,0,0,0
0.007220939937477397,1,0,15.0,0,0,0
0.0008083256808783959,1,0,19.778803917324385,0,0,0
0.0034935506004185085,1,0,20.657435416497606,0,0,0
0.003974099978382554,1,0,19.091784127357244,0,0,0
0.007185918187331522,1,0,15.0,0,0,0
0.0020723217091999364,1,0,20.43799438117093,0,0,0
0.009479388637535585,1,0,15.0,0,0,0
0.009977843332662165,1,0,20.963083448355654,0,0,0
0.008207210394118548,1,0,15.0,0,0,0
0.0030671537644889283,1,0,22.431379940148986,0,0,0
0.006672279875321261,1,0,15.0,0,0,0
0.0009231655138095373,1,0,15.0,0,0,0
0.008725665225494455,1,0,20.667367026053356,0,0,0
0.0052083294254767105,1,0,15.0,0,0,0
0.001846747746565879,1,0,15.0,0,0,0
0.0033414239396608557,1,0,15.0,0,0,0
0.00802735317043095,1,0,21.0031776930856,0,0,0
0.008715244997527759,1,0,15.0,0,0,0
0.0052451625306507935,1,0,15.0,0,0,0
0.004855083853075665,1,0,20.04713772973313,0,0,0
0.007532273990877268,1,0,15.0,0,0,0
0.008279277262933694,1,0,15.0,0,0,0
0.007671983442718624,1,0,20.63152610185499,0,0,0
0.003905837697318656,1,0,15.0,0,0,0
0.006455065039932263,1,0,15.0,0,0,0
0.008587863091882184,1,0,15.0,0,0,0
0.001602430277069454,1,0,23.13467409146954,0,0,0
0.003942553182638135,1,0,20.417351357961174,0,0,0
0.0006605269503651206,1,0,15.0,0,0,0
0.004147885128305259,1,0,15.0,0,0,0
0.007745592630794626,1,0,15.0,0,0,0
0.002050581589913316,1,0,20.20825024759551,0,0,0
0.005464682796131399,1,0,23.96555454348397,0,0,0
0.0004621987608760887,1,0,15.0,0,0,0
0.008986734908243416,1,0,15.0,0,0,0
0.008218046479514468,1,0,15.0,0,0,0
0.005291650998691953,1,0,20.743054232181244,0,0,0
0.007087291260122304,1,0,20.398188615738356,0,0,0
0.0011287700322017034,1,0,15.0,0,0,0
0.008467574014333968,1,0,15.0,0,0,0
0.007181089157610537,1,0,15.0,0,0,0
0.001287677227578297,1,0,20.515891102371707,0,0,0
0.009808823922675897,1,0,18.60024823063581,0,0,0
0.0003230513976438221,1,0,15.0,0,0,0
0.006322257539668459,1,0,19.011355537867697,0,0,0
0.0018003744677340858,1,0,15.0,0,0,0
0.007220650727273415,1,0,15.0,0,0,0
0.0007970219142909119,1,0,23.478765763408425,0,0,0
0.0009028987401468497,1,0,15.0,0,0,0
0.00471628823157501,1,0,15.0,0,0,0
0.009940693707478939,1,0,15.0,0,0,0
0.002837510773729447,1,0,15.0,0,0,0
0.006164028791489575,1,0,15.0,0,0,0
0.005234130836304932,1,0,20.582947779865407,0,0,0
0.008436984135539331,1,0,15.0,0,0,0
0.002957037116281086,1,0,21.479609698868153,0,0,0
0.005593949369043714,1,0,15.0,0,0,0
0.00951117279954129,1,0,20.0444483627046,0,0,0
0.0033925995025269697,1,0,22.03129432449803,0,0,0
0.004450115254970793,1,0,15.0,0,0,0
0.008899251813586346,1,0,15.0,0,0,0
0.0033917386866211324,1,0,15.0,0,0,0
0.003868670269874774,1,0,18.897416921524385,0,0,0
0.0031107762078892128,1,0,15.0,0,0,0
0.008114360615718222,1,0,23.330183924512077,0,0,0
0.00931083100733402,1,0,23.282807162251476,0,0,0
0.006347878918602367,1,0,21.421619588390342,0,0,0
0.006273938299470561,1,0,15.0,0,0,0
0.003961035835160434,1,0,15.0,0,0,0
0.00022358912075781705,1,0,19.065431239490216,0,0,0
0.0018219822283533757,1,0,23.40547208158037,0,0,0
0.0015596397104433214,1,0,18.885175480227442,0,0,0
0.0012472318278490637,1,0,15.0,0,0,0
0.006575068428928614,1,0,19.194041672259267,0,0,0
0.0014498546285005966,1,0,15.0,0,0,0
0.0009477761301135205,1,0,20.26986766162759,0,0,0
0.003887556914962396,1,0,21.1321960249135,0,0,0
0.0025653243633821958,1,0,15.0,0,0,0
0.0015440194017952344,1,0,25.911336322901942,0,0,0
0.0015466659680298232,1,0,21.75106687458936,0,0,0
0.0026364364971493814,1,0,18.37620031472059,0,0,0
0.00541481265742281,1,0,15.0,0,0,0
0.007605146440903389,1,0,15.0,0,0,0
0.008542488768196181,1,0,20.231797842601406,0,0,0
0.007539036712414618,1,0,21.431364154767127,0,0,0
0.0063193112710712915,1,0,22.6784236820656,0,0,0
0.009085483317442885,1,0,21.122180128155446,0,0,0
0.005245394347069081,1,0,28.30559572474819,0,0,0
0.006370232724451546,1,0,15.0,0,0,0
0.004175043448285498,1,0,22.64182790573329,0,0,0
0.003341103588719386,1,0,22.510387730284926,0,0,0
0.003383946616666409,1,0,21.18049026855764,0,0,0
0.0015683410889516984,1,0,52.500918648881765,0,0,0
0.00798631674167113,1,0,15.0,0,0,0
0.0006481440349020836,1,0,15.0,0,0,0
0.006779383913268749,1,0,22.53309585553469,0,0,0
0.008658155909086654,1,0,15.0,0,0,0
0.005024540635155136,1,0,19.097713650489098,0,0,0
0.0007949877402313472,1,0,15.0,0,0,0
0.00434133287020522,1,0,19.743110909025972,0,0,0
0.003497943368535264,1,0,15.0,0,0,0
0.009856839261064364,1,0,15.0,0,0,0
0.00694352549602755,1,0,15.0,0,0,0
0.007241462067806308,1,0,20.7302922990937,0,0,0
0.005206686497726087,1,0,15.0,0,0,0
0.007123201118976756,1,0,22.793624382302813,0,0,0
0.007253452669549466,1,0,15.0,0,0,0
0.0007569529193864382,1,0,21.176524075494527,0,0,0
0.0023038045923249764,1,0,21.186257319389306,0,0,0
0.00022837879874597198,1,0,15.0,0,0,0
0.005147093318692862,1,0,15.0,0,0,0
0.008770418562876662,1,0,15.0,0,0,0
0.006134589893483752,1,0,23.272460512481796,0,0,0
0.005052054525296323,1,0,30.930079089611556,0,0,0
0.009267061891345336,1,0,15.0,0,0,0
0.0018049632591153639,1,0,19.04057876879919,0,0,0
0.0008385826507610886,1,0,15.0,0,0,0
0.009181326790456206,1,0,22.302981203832278,0,0,0
0.009037539373696252,1,0,15.0,0,0,0
0.006861427613508201,1,0,20.701565842716633,0,0,0
0.0025351937047509146,1,0,21.516076046100057,0,0,0
0.00970066384457327,1,0,21.977294644143733,0,0,0
0.007676928882857885,1,0,21.05104824907074,0,0,0
0.006771556377488225,1,0,21.321132065247866,0,0,0
0.002306822107752933,1,0,15.0,0,0,0
0.005179582799167845,1,0,15.0,0,0,0
0.008243504788840297,1,0,15.0,0,0,0
0.008616576224849631,1,0,15.0,0,0,0
0.005658158146432554,1,0,23.596744930994205,0,0,0
0.005275659052820716,1,0,21.23339403612642,0,0,0
0.007007069900245642,1,0,15.0,0,0,0
0.005329663558693482,1,0,15.0,0,0,0
0.004235042276850043,1,0,15.0,0,0,0
0.000945648213101448,1,0,15.0,0,0,0
0.0013478917895842434,1,0,15.0,0,0,0
0.007626727135186608,1,0,53.66823934924232,0,0,0
0.00034417423978025385,1,0,19.91033920055381,0,0,0
0.0006178197553963257,1,0,18.64164762913171,0,0,0
0.009055971423055535,1,0,15.0,0,0,0
0.007069571423201381,1,0,22.93000795694261,0,0,0
0.00014170594695004661,1,0,15.0,0,0,0
0.0031892294061132403,1,0,18.79067124824688,0,0,0
0.007656852759895894,1,0,15.0,0,0,0
0.004234247919774831,1,0,15.0,0,0,0
0.004741098446295306,1,0,23.941330310164936,0,0,0
0.004642110704355949,1,0,20.943811047282153,0,0,0
0.0021011305922645023,1,0,60.0,0,0,0
0.007241775235192783,1,0,20.54972059156211,0,0,0
0.0011197626721615598,1,0,15.0,0,0,0
0.005121785944912045,1,0,15.0,0,0,0
0.0017825626918476817,1,0,15.0,0,0,0
0.0005606748148138445,1,0,15.0,0,0,0
0.0015181144560269663,1,0,20.370233197923643,0,0,0
0.008706415869486244,1,0,20.23779036884811,0,0,0
0.0018438618813265658,1,0,15.0,0,0,0
0.0028558551692222703,1,0,19.18134225490781,0,0,0
0.0014671384033820218,1,0,15.0,0,0,0
0.0073818965064118116,1,0,20.645008926481836,0,0,0
0.004509946755839366,1,0,21.52796082186715,0,0,0
0.009441986882586201,1,0,15.0,0,0,0
0.006676813364254235,1,0,23.29477932067467,0,0,0
0.005360753282819041,1,0,15.0,0,0,0
0.006600646223118863,1,0,15.0,0,0,0
0.0005002112937756752,1,0,23.3576171752843,0,0,0
0.009511536575274036,1,0,15.0,0,0,0
0.009568653143130755,1,0,15.0,0,0,0
0.0028337846986997432,1,0,23.385966453565526,0,0,0
0.006320125279157024,1,0,23.15469109331104,0,0,0
0.0020989609169847585,1,0,23.39724756179581,0,0,0
0.005519970766544544,1,0,23.920223715458825,0,0,0
0.007730813467331495,1,0,15.0,0,0,0
0.009404235075573383,1,0,31.662620312454525,0,0,0
0.0034582475403301515,1,0,20.602088867905266,0,0,0
0.00696570210412334,1,0,15.0,0,0,0
0.0071926284320370775,1,0,15.0,0,0,0
0.002289373131530938,1,0,22.990257863229854,0,0,0
0.006327418101784584,1,0,20.04764550927632,0,0,0
0.00658867076295899,1,0,15.0,0,0,0
0.00766435345282574,1,0,23.44199208621978,0,0,0
0.009999477848799882,1,0,18.437424311900006,0,0,0
0.0004983004573221576,1,0,15.0,0,0,0
0.002102819932407825,1,0,20.145732840208325,0,0,0
0.0015362764760054328,1,0,21.92060216344698,0,0,0
0.001628897118964955,1,0,20.34056915400963,0,0,0
0.004597061740157454,1,0,20.6837454176242,0,0,0
0.00879751191046808,1,0,26.629533809183908,0,0,0
0.004542360363770776,1,0,15.0,0,0,0
0.006717955938560692,1,0,15.0,0,0,0
0.0038273415110491693,1,0,21.11131433045026,0,0,0
0.00326466682158004,1,0,15.0,0,0,0
0.008358928329807518,1,0,15.0,0,0,0
0.006589920350172355,1,0,21.580731251782904,0,0,0
0.0035738633520171065,1,0,15.0,0,0,0
0.009150186586346932,1,0,15.0,0,0,0
0.005035264494664684,1,0,32.19876972928736,0,0,0
0.0019639199982629564,1,0,19.47035923703752,0,0,0
0.004883896438430044,1,0,20.945882886096932,0,0,0
0.0067795244355414105,1,0,15.0,0,0,0
0.003734414633636007,1,0,22.18952429874323,0,0,0
0.008453468889126394,1,0,21.981540116752594,0,0,0
0.0053781254080004,1,0,19.43629456099098,0,0,0
0.004730871321351217,1,0,15.0,0,0,0
0.008601243090310814,1,0,15.0,0,0,0
0.004682886284014916,1,0,15.0,0,0,0
0.004202660404323084,1,0,15.0,0,0,0
0.0011267923138016103,1,0,21.238491796433816,0,0,0
0.0036886696006839556,1,0,15.0,0,0,0
0.004030778175574509,1,0,22.164075903206964,0,0,0
0.0018881609603224492,1,0,19.26001488219065,0,0,0
0.005919449696960361,1,0,15.0,0,0,0
0.0015240364984484423,1,0,15.0,0,0,0
0.002314528907178521,1,0,22.340355477709206,0,0,0
0.005654810658678893,1,0,15.0,0,0,0
0.002762937290774897,1,0,25.322200683293865,0,0,0
0.006432716270270699,1,0,15.0,0,0,0
0.006936080015914975,1,0,15.0,0,0,0
0.003082775065005838,1,0,21.275833368997322,0,0,0
0.0009651380468175275,1,0,15.0,0,0,0
0.004945573154906292,1,0,15.0,0,0,0
0.0010196943589089898,1,0,25.15475070422838,0,0,0
0.005200833247086295,1,0,28.22948616123256,0,0,0
0.0072895566370767065,1,0,15.0,0,0,0
0.006241264935560954,1,0,21.308199112004015,0,0,0
0.004537849647998975,1,0,20.72041574200426,0,0,0
0.009463999624185721,1,0,24.10816219974254,0,0,0
0.001107297607513488,1,0,15.0,0,0,0
0.00881201491842812,1,0,15.0,0,0,0
0.00802127583914791,1,0,30.103453021014445,0,0,0
0.004255411945609387,1,0,24.021137316011576,0,0,0
0.001613385001817073,1,0,15.0,0,0,0
0.0016430811791986483,1,0,15.0,0,0,0
0.009225877031353693,1,0,15.0,0,0,0
0.002413676176354775,1,0,19.132626033630224,0,0,0
0.008753745509079505,1,0,15.0,0,0,0
0.005082622677309861,1,0,21.33149635414739,0,0,0
0.00467117290360093,1,0,22.53401322225424,0,0,0
0.006233161549079826,1,0,23.037212264400384,0,0,0
0.002228886920643006,1,0,20.22322582262574,0,0,0
0.004340869673190971,1,0,15.0,0,0,0
0.009390995944168805,1,0,27.031775279433013,0,0,0
0.0024587435968896234,1,0,15.0,0,0,0
0.009223677232909542,1,0,22.745258389793282,0,0,0
0.00994267599643087,1,0,15.0,0,0,0
0.0006138811619474181,1,0,15.0,0,0,0
0.005360653313654579,1,0,21.90049187053167,0,0,0
0.0018010110669675172,1,0,20.957900720071596,0,0,0
0.006254971133971106,1,0,22.612233937782236,0,0,0
0.00989647216782727,1,0,15.0,0,0,0
0.008979120864640238,1,0,23.74823674210111,0,0,0
0.0092559997699029,1,0,15.0,0,0,0
0.0022121631517897835,1,0,15.0,0,0,0
0.005468964029004085,1,0,21.10782692285702,0,0,0
0.0024248270623100114,1,0,15.0,0,0,0
0.009004304605018748,1,0,15.0,0,0,0
0.0019924245314350405,1,0,15.0,0,0,0
0.0016241932328510782,1,0,22.854034762006663,0,0,0
0.0002204100539687858,1,0,15.0,0,0,0
0.0019012838148575548,1,0,15.0,0,0,0
0.001978652183859875,1,0,15.0,0,0,0
0.0008671528565035555,1,0,22.903865834779275,0,0,0
0.008690636923790273,1,0,15.0,0,0,0
0.007821978306091628,1,0,15.0,0,0,0
0.002619366823737842,1,0,23.75340327217175,0,0,0
0.007854251262780906,1,0,20.05103746437529,0,0,0
0.004279429013288303,1,0,19.102477906373103,0,0,0
0.0077776510625470275,1,0,15.0,0,0,0
0.003297775753168218,1,0,15.0,0,0,0
0.005690076842229984,1,0,20.26539449088733,0,0,0
0.003877944365346269,1,0,15.0,0,0,0
0.0019579905885323446,1,0,20.90312528390192,0,0,0
0.005897765551619808,1,0,15.0,0,0,0
0.007533224919780726,1,0,15.0,0,0,0
0.007555760533482074,1,0,15.0,0,0,0
0.003627265241360511,1,0,15.0,0,0,0
0.005235246507217698,1,0,20.925616902463403,0,0,0
0.007661408125992356,1,0,15.0,0,0,0
0.0006395261857736495,1,0,20.217976929472528,0,0,0
0.0008116944996785172,1,0,15.0,0,0,0
0.0038246051257235657,1,0,23.95658317681521,0,0,0
0.0023123688501867712,1,0,15.0,0,0,0
0.003808995593547182,1,0,15.0,0,0,0
0.0010281554906102733,1,0,15.0,0,0,0
0.005960879503685347,1,0,15.0,0,0,0
0.0067502310093441095,1,0,20.1291011125973,0,0,0
0.007939221028149672,1,0,15.0,0,0,0
0.006540177086945737,1,0,27.988831322727407,0,0,0
0.004024175810560152,1,0,15.0,0,0,0
0.00935578942569679,1,0,15.0,0,0,0
0.007290686958677107,1,0,23.735636361307733,0,0,0
0.005324044333685079,1,0,18.963500902586134,0,0,0
0.002147819042522363,1,0,18.680923546396798,0,0,0
0.006524852368688536,1,0,15.0,0,0,0
0.005958033198350966,1,0,15.0,0,0,0
0.006864966989481711,1,0,22.873834318299764,0,0,0
0.007833135176552182,1,0,20.869786787477636,0,0,0
0.009158991227884418,1,0,22.244004949526488,0,0,0
0.009495660254445643,1,0,23.091393346164054,0,0,0
0.0063388364710434035,1,0,19.919840534045285,0,0,0
0.009662964753958099,1,0,19.490757879684995,0,0,0
0.009123081750105618,1,0,21.68950908337212,0,0,0
0.0001258821344506885,1,0,15.0,0,0,0
0.006412412915835478,1,0,15.0,0,0,0
0.0018668471573572295,1,0,15.0,0,0,0
0.003022407279139134,1,0,15.0,0,0,0
0.0030452519773823297,1,0,15.0,0,0,0
0.004882983432407364,1,0,22.316789297188972,0,0,0
0.0002075751621343276,1,0,20.048446033392523,0,0,0
0.0024343844394440995,1,0,20.03539942248631,0,0,0
0.0003882974739023827,1,0,20.55315564022228,0,0,0
0.006540529800620456,1,0,15.0,0,0,0
0.008903947029059047,1,0,21.93161795766493,0,0,0
0.009978107732336127,1,0,15.0,0,0,0
0.004540713228642765,1,0,15.0,0,0,0
0.0026753969919121124,1,0,15.0,0,0,0
0.008545725607633855,1,0,20.653638193332462,0,0,0
0.0012202693236506809,1,0,32.58663900889378,0,0,0
0.009744965912455794,1,0,15.0,0,0,0
0.0071768908017102034,1,0,15.0,0,0,0
0.0050889531871374,1,0,15.0,0,0,0
0.0010568403195099101,1,0,15.0,0,0,0
0.00028013976352673695,1,0,15.0,0,0,0
0.005490868755071199,1,0,15.0,0,0,0
0.004197120023656212,1,0,15.0,0,0,0
0.008442378494184164,1,0,21.299396754096836,0,0,0
0.006458824248965026,1,0,15.0,0,0,0
0.004375773830307382,1,0,23.013515018857543,0,0,0
0.002337469895001819,1,0,15.0,0,0,0
0.004856179867238862,1,0,15.0,0,0,0
0.0017136433599829503,1,0,15.0,0,0,0
0.006703425358484536,1,0,21.068087357454836,0,0,0
0.006096717817411025,1,0,19.916891382759005,0,0,0
0.008119706544449408,1,0,15.0,0,0,0
0.004550339795198535,1,0,20.015786109484136,0,0,0
0.002858620476972537,1,0,15.0,0,0,0
0.008380314056433979,1,0,15.0,0,0,0
0.006940871106452859,1,0,15.0,0,0,0
0.007096420724187566,1,0,15.0,0,0,0
0.0053280372569228214,1,0,20.843330134920816,0,0,0
0.008772188287380044,1,0,15.0,0,0,0
0.002355056723968205,1,0,15.0,0,0,0
0.004076751050993915,1,0,15.0,0,0,0
0.007982702459481754,1,0,15.0,0,0,0
0.0014163129294899436,1,0,15.0,0,0,0
0.008100283980860526,1,0,15.0,0,0,0
0.003590692685235319,1,0,22.268582213788402,0,0,0
0.001342486620400633,1,0,23.214929201827676,0,0,0
0.0008835799067987677,1,0,15.0,0,0,0
0.008445984315661969,1,0,21.27616297006068,0,0,0
0.007808293901693793,1,0,18.232205407009864,0,0,0
0.0029516093193562125,1,0,22.600090485091435,0,0,0
0.0012519856734510345,1,0,15.0,0,0,0
0.002547620817773409,1,0,15.0,0,0,0
0.0022085775933673897,1,0,15.0,0,0,0
0.0073572509517527635,1,0,20.73843665706508,0,0,0
0.0022340745351334835,1,0,21.567754430128296,0,0,0
0.002239375365499489,1,0,22.684122208835916,0,0,0
0.0004194545117386685,1,0,22.648934204012672,0,0,0
0.0060089109142642295,1,0,15.0,0,0,0
0.0069208975277354635,1,0,20.12995896338883,0,0,0
0.006569555642586032,1,0,15.0,0,0,0
0.005729131645945178,1,0,15.0,0,0,0
0.00966414199352427,1,0,15.0,0,0,0
0.004780111270553174,1,0,20.164633358764387,0,0,0
0.008615351430400224,1,0,15.0,0,0,0
0.006495498112735655,1,0,19.799559439070098,0,0,0
0.0009332032128095766,1,0,20.34639164622314,0,0,0
0.008119875763663284,1,0,19.429033629519832,0,0,0
0.005885446562729202,1,0,15.0,0,0,0
0.006569904027321803,1,0,15.0,0,0,0
0.001884251612676134,1,0,15.0,0,0,0
0.004431151932009339,1,0,20.432213399648617,0,0,0
0.008817766496305413,1,0,19.40804473157668,0,0,0
0.0022327688115545215,1,0,15.0,0,0,0
0.00010123657471821722,1,0,20.830200147232873,0,0,0
0.002649336249963003,1,0,15.0,0,0,0
0.004926670246846479,1,0,26.62147314505635,0,0,0
0.00823065262868902,1,0,15.0,0,0,0
0.006468579915676175,1,0,20.152555285733214,0,0,0
0.00919872834267604,1,0,21.59430627727058,0,0,0
0.004610087873116147,1,0,15.0,0,0,0
0.003969070707274669,1,0,15.0,0,0,0
0.0023910403442975615,1,0,19.406626183988184,0,0,0
0.002258818596937131,1,0,19.384315415006512,0,0,0
0.007387487980379799,1,0,15.0,0,0,0
0.0008955553181485604,1,0,15.0,0,0,0
0.0025028644898467856,1,0,15.0,0,0,0
0.008870363069447284,1,0,24.76439031852798,0,0,0
0.005811516099186564,1,0,15.0,0,0,0
0.0005612173297764895,1,0,22.243617727975497,0,0,0
0.007072124978464877,1,0,23.883677767378877,0,0,0
0.005116155440755853,1,0,21.789828281185656,0,0,0
0.008559765102230355,1,0,22.742615379133117,0,0,0
0.006856095338158504,1,0,15.0,0,0,0
0.00014402122098010746,1,0,20.176930804187123,0,0,0
0.002136816963031714,1,0,21.427342107846364,0,0,0
0.0026538406355929556,1,0,24.19185623050429,0,0,0
0.0070520996627003365,1,0,15.0,0,0,0
0.005142210358933933,1,0,15.0,0,0,0
0.007499730221202515,1,0,15.0,0,0,0
0.00517738526795628,1,0,20.559084342782157,0,0,0
0.0033411076458963497,1,0,21.28963950470393,0,0,0
0.0011262404024160247,1,0,15.0,0,0,0
0.002105958776820489,1,0,21.0028189621513,0,0,0
0.004067722795422249,1,0,15.0,0,0,0
0.005559397650999609,1,0,15.0,0,0,0
0.009392510291587164,1,0,22.57706957306959,0,0,0
0.0024732297529583614,1,0,15.0,0,0,0
0.0066942409005221705,1,0,15.0,0,0,0
0.0016102045237836866,1,0,15.0,0,0,0
0.007166155907031109,1,0,15.0,0,0,0
0.00021227468372539234,1,0,15.0,0,0,0
0.006593607504303196,1,0,15.0,0,0,0
0.0017158548014737916,1,0,28.714526712591255,0,0,0
0.0018852120191701514,1,0,23.995847081220873,0,0,0
0.005633185569814315,1,0,21.776176150999483,0,0,0
0.003816574304496253,1,0,19.30160985781705,0,0,0
0.004765920990453279,1,0,15.0,0,0,0
0.0031579999373069533,1,0,15.0,0,0,0
0.00953932379033042,1,0,18.426576650228938,0,0,0
0.002977495390810699,1,0,22.085032538317325,0,0,0
0.00546626950488145,1,0,19.046795502325917,0,0,0
0.008558119999854367,1,0,15.0,0,0,0
0.00667539004138213,1,0,15.0,0,0,0
0.0032954917751190347,1,0,15.0,0,0,0
0.005569123165331513,1,0,15.0,0,0,0
0.0009216121497040015,1,0,20.801266698121406,0,0,0
0.005502295386806154,1,0,15.0,0,0,0
0.004370751974700066,1,0,15.0,0,0,0
0.007603543700027098,1,0,19.804084750536365,0,0,0
0.00849423814702776,1,0,60.0,0,0,0
0.0020762035643096463,1,0,15.0,0,0,0
0.0009072054640615544,1,0,23.090638546805533,0,0,0
0.003966514114323873,1,0,15.0,0,0,0
0.005388089041185417,1,0,21.717695038808642,0,0,0
0.0038303392883187234,1,0,21.462335092711896,0,0,0
0.006322755592880994,1,0,22.43683029661739,0,0,0
0.005105947669218844,1,0,15.0,0,0,0
0.009372597743184389,1,0,22.927406922115967,0,0,0
0.004152972120863972,1,0,15.0,0,0,0
0.000916692312190966,1,0,15.0,0,0,0
0.003089156709300623,1,0,28.492791475620017,0,0,0
0.006098349237396121,1,0,18.965834919687666,0,0,0
0.0026346484762101523,1,0,15.0,0,0,0
0.0027629856728757746,1,0,15.0,0,0,0
0.0034617675918212736,1,0,23.910482708536378,0,0,0
0.007486803621099647,1,0,22.494055089623576,0,0,0
0.009407319019510219,1,0,15.0,0,0,0
0.0035687286750930216,1,0,22.360593043355912,0,0,0
0.00203533159362887,1,0,23.412439815006085,0,0,0
0.004264305826454321,1,0,21.24036156996822,0,0,0
0.003583212960498299,1,0,15.0,0,0,0
0.009901246649819442,1,0,15.0,0,0,0
0.004692295759328126,1,0,15.0,0,0,0
0.006824905192837454,1,0,15.0,0,0,0
0.009146501859784047,1,0,23.987775415087796,0,0,0
0.006327709615902447,1,0,15.0,0,0,0
0.0025688469017065532,1,0,23.108150747713683,0,0,0
0.006113359943799476,1,0,15.0,0,0,0
0.004078575727044649,1,0,15.0,0,0,0
0.0042812637074441905,1,0,24.160812643752866,0,0,0
0.00979531335556701,1,0,20.006688476970044,0,0,0
0.0028580510345890407,1,0,21.344723847190902,0,0,0
0.004742457950135278,1,0,15.0,0,0,0
0.0016826837524220831,1,0,27.45915845821237,0,0,0
0.001867587566986339,1,0,15.0,0,0,0
0.006074495798449757,1,0,15.0,0,0,0
0.007535055510711876,1,0,20.276647203358184,0,0,0
0.006400952748806768,1,0,15.0,0,0,0
0.003359911579239411,1,0,15.0,0,0,0
0.0006902199083936959,1,0,15.0,0,0,0
0.004755612235272052,1,0,15.0,0,0,0
0.005092269565630244,1,0,20.403583834307565,0,0,0
0.007729450918802205,1,0,15.0,0,0,0
0.006438866666690353,1,0,22.145023696366337,0,0,0
0.00872546041324977,1,0,19.812452925609705,0,0,0
0.007851530499081407,1,0,15.0,0,0,0
0.0037221900597283735,1,0,15.0,0,0,0
0.006358992092894513,1,0,15.0,0,0,0
0.0074981366416057545,1,0,18.139376221947984,0,0,0
0.009573115654810175,1,0,15.0,0,0,0
0.004281286409960235,1,0,15.0,0,0,0
0.006517991723880247,1,0,15.0,0,0,0
0.003987371969288178,1,0,23.681053738482483,0,0,0
0.007404498970810892,1,0,15.0,0,0,0
0.009128732395974518,1,0,15.0,0,0,0
0.009200337555623793,1,0,20.732502389524253,0,0,0
0.0016551664221363495,1,0,19.01387349176197,0,0,0
0.0021205563164467004,1,0,22.37851615229895,0,0,0
0.007573801562819007,1,0,19.69639456817651,0,0,0
0.00634699787082978,1,0,41.79147795215686,0,0,0
0.009060562139864052,1,0,15.0,0,0,0
0.0032066255382138006,1,0,15.0,0,0,0
0.008495406030348002,1,0,15.0,0,0,0
0.006869380984140214,1,0,15.0,0,0,0
0.002035017470550335,1,0,15.0,0,0,0
0.001352294253056829,1,0,15.0,0,0,0
0.007056963659885216,1,0,19.033144317784075,0,0,0
0.0016687689759702533,1,0,15.0,0,0,0
0.007963857493457167,1,0,15.0,0,0,0
0.005615240897260442,1,0,15.0,0,0,0
0.004820983918381619,1,0,15.0,0,0,0
0.0028277374556220543,1,0,15.0,0,0,0
0.009840071389756112,1,0,21.141256911418647,0,0,0
0.0072494543980142125,1,0,15.0,0,0,0
0.007802830106932283,1,0,21.590172832342244,0,0,0
0.00771023818388685,1,0,19.20717525230382,0,0,0
0.005881754214048307,1,0,21.39241840620173,0,0,0
0.00940301853539289,1,0,18.151960710310572,0,0,0
0.005879832883488501,1,0,21.20502094749489,0,0,0
0.00524845129253108,1,0,15.0,0,0,0
0.0028097333799863857,1,0,15.0,0,0,0
0.002889185606432567,1,0,23.1499435231417,0,0,0
0.007395150669222232,1,0,19.299953542181086,0,0,0
0.0034141974742320945,1,0,22.600236991980225,0,0,0
0.007314236376952112,1,0,22.107047636533874,0,0,0
0.009531796912266768,1,0,20.38945960484021,0,0,0
0.004449143624109713,1,0,21.526904832038642,0,0,0
0.0010635238645084555,1,0,22.06927870488959,0,0,0
0.006698810165161419,1,0,23.855279640358045,0,0,0
0.00019427801378530773,1,0,15.0,0,0,0
0.007891334860595739,1,0,19.302011924832144,0,0,0
0.005303965858683313,1,0,15.0,0,0,0
0.004948348819685684,1,0,15.0,0,0,0
0.005737477389719105,1,0,19.050452117055055,0,0,0
0.005212444584953688,1,0,21.60641318618768,0,0,0
0.0033053949907806243,1,0,20.35139170679069,0,0,0
0.002886938205824495,1,0,18.916479902043697,0,0,0
0.004211444860176563,1,0,21.38849303636517,0,0,0
0.00895960189096411,1,0,15.0,0,0,0
0.001440167551899646,1,0,22.00419087374977,0,0,0
0.0033151695071971746,1,0,15.0,0,0,0
0.0020037742366991033,1,0,15.0,0,0,0
0.004328656069700082,1,0,20.014279675010947,0,0,0
0.0014216343493193948,1,0,15.0,0,0,0
0.007631876577632099,1,0,31.545581366692417,0,0,0
0.0011243271865872897,1,0,22.490010967805556,0,0,0
0.006686094726810981,1,0,15.0,0,0,0
0.0027503322162033324,1,0,15.0,0,0,0
0.0047746809688908615,1,0,15.0,0,0,0
0.00207988082100366,1,0,15.0,0,0,0
0.0073292144268096195,1,0,22.81008685048102,0,0,0
0.00948793229375641,1,0,15.0,0,0,0
0.00229527834519066,1,0,21.092747418703716,0,0,0
0.009536216756357,1,0,15.0,0,0,0
0.0033202106300131966,1,0,22.37200989826156,0,0,0
0.0056226869538138265,1,0,23.77898106691793,0,0,0
0.0070457405157472045,1,0,15.0,0,0,0
0.002072759299045417,1,0,15.0,0,0,0
0.004503162980583015,1,0,15.0,0,0,0
0.000771492058574096,1,0,22.85227533533536,0,0,0
0.007000832382677399,1,0,23.007347066234647,0,0,0
0.004224499585272337,1,0,19.922414353551126,0,0,0
0.00892728087313195,1,0,20.190150590819677,0,0,0
0.0028125196968740657,1,0,23.414561940017137,0,0,0
0.009243653110806877,1,0,20.076715451464434,0,0,0
0.001496294462360166,1,0,15.0,0,0,0
0.006108968013537445,1,0,15.0,0,0,0
0.0031473009807345713,1,0,15.0,0,0,0
0.001899637948437545,1,0,15.0,0,0,0
0.0010299780000197385,1,0,15.0,0,0,0
0.006590861332404031,1,0,15.0,0,0,0
0.00240836253926653,1,0,15.0,0,0,0
0.005770862679503373,1,0,23.156880644891498,0,0,0
0.00979624535606925,1,0,15.0,0,0,0
0.0032280220207673628,1,0,15.0,0,0,0
0.00044594834939561524,1,0,15.0,0,0,0
0.0015139438825245634,1,0,15.0,0,0,0
0.0012812878931705908,1,0,15.0,0,0,0
0.0046865069193318355,1,0,15.0,0,0,0
0.007472040639640211,1,0,15.0,0,0,0
0.003034799419240398,1,0,21.128189800688794,0,0,0
0.0015438434313540482,1,0,15.0,0,0,0
0.006443590986656377,1,0,15.0,0,0,0
0.0030816840676075002,1,0,18.343728808382675,0,0,0
0.005794186458191104,1,0,15.0,0,0,0
0.009344486940760245,1,0,15.0,0,0,0
0.0029843348537726094,1,0,21.150692511366206,0,0,0
0.00517366698341406,1,0,15.0,0,0,0
0.008087437944949042,1,0,15.0,0,0,0
0.006948009313726519,1,0,15.0,0,0,0
0.00753963393031394,1,0,15.0,0,0,0
0.0077484368110753935,1,0,15.0,0,0,0
0.005445168601307027,1,0,18.465384807539735,0,0,0
0.005407014868232425,1,0,22.723523510540456,0,0,0
0.00721700684643963,1,0,21.914077499201102,0,0,0
0.007006717874124202,1,0,15.0,0,0,0
0.006733570873893884,1,0,22.376375847768596,0,0,0
0.00388313345221237,1,0,15.0,0,0,0
0.00830257219148828,1,0,15.0,0,0,0
0.002438408604771804,1,0,21.431626269179468,0,0,0
0.0016417464668918515,1,0,24.550856758613882,0,0,0
0.0035171059692454456,1,0,15.0,0,0,0
0.002612929280009064,1,0,15.0,0,0,0
0.006665506870811249,1,0,24.097884844188087,0,0,0
0.0023870767263846127,1,0,15.0,0,0,0
0.006599249399673603,1,0,15.0,0,0,0
0.0051809056689238065,1,0,15.0,0,0,0
0.0016092556739450705,1,0,22.45929706834812,0,0,0
0.0026581230147981268,1,0,21.128742378223972,0,0,0
0.005265095164601907,1,0,18.39991151462387,0,0,0
0.007357742508844612,1,0,15.0,0,0,0
0.0040426912773292925,1,0,21.92686090847923,0,0,0
0.002405043157562596,1,0,15.0,0,0,0
0.003021274270028509,1,0,15.0,0,0,0
0.0010416601738066288,1,0,20.25434618592391,0,0,0
0.00034898006079330733,1,0,15.0,0,0,0
0.009733980188768856,1,0,24.624895061039314,0,0,0
0.0010544583502225624,1,0,15.0,0,0,0
0.0013363847165954355,1,0,15.0,0,0,0
0.008722544442288462,1,0,20.254173816231255,0,0,0
0.006668701833620655,1,0,15.0,0,0,0
0.004417118059328731,1,0,15.0,0,0,0
0.006525331716685911,1,0,15.0,0,0,0
0.00935634975295106,1,0,22.98070071926201,0,0,0
0.001083835383213489,1,0,15.0,0,0,0
0.002512739169035789,1,0,20.55042568240576,0,0,0
0.008616973994360335,1,0,22.85349300471885,0,0,0
0.00782832951848096,1,0,15.0,0,0,0
0.00994314154341619,1,0,15.0,0,0,0
0.0032076972692147055,1,0,15.0,0,0,0
0.009454375331671597,1,0,22.945708865998547,0,0,0
0.003502519429820541,1,0,15.0,0,0,0
0.007179422592736384,1,0,19.97588006038464,0,0,0
0.008839155181453706,1,0,21.229307946811044,0,0,0
0.0017907427430577814,1,0,60.0,0,0,0
0.002135822684848483,1,0,22.083141274651567,0,0,0
0.005851490615520233,1,0,21.46035037640446,0,0,0
0.00845386522335159,1,0,15.0,0,0,0
0.0008816003986989057,1,0,15.0,0,0,0
0.008523720016583445,1,0,20.128956082620416,0,0,0
0.0034968932424964557,1,0,22.856010833701074,0,0,0
0.004121643478327768,1,0,15.0,0,0,0
0.0034646248473068054,1,0,15.0,0,0,0
0.009123651055616105,1,0,19.11476515933263,0,0,0
0.001394863833170107,1,0,15.0,0,0,0
0.005785317363645799,1,0,15.0,0,0,0
0.0015662699981953384,1,0,20.155156522188374,0,0,0
0.009293086837938929,1,0,20.869624189125247,0,0,0
0.007999520004002633,1,0,20.809279511585377,0,0,0
0.0024148108151846705,1,0,21.016044522076076,0,0,0
0.00304800485407272,1,0,60.0,0,0,0
0.0038770017468305073,1,0,21.87191586804812,0,0,0
0.004113634985424822,1,0,20.996241917786303,0,0,0
0.008191694300457346,1,0,15.0,0,0,0
0.005688880217560985,1,0,15.0,0,0,0
0.0043366982174281084,1,0,15.0,0,0,0
0.007222502103669894,1,0,15.0,0,0,0
0.004632862275803686,1,0,60.0,0,0,0
0.0013695761671594258,1,0,15.0,0,0,0
0.0011641429242683309,1,0,15.0,0,0,0
0.0033269711299722003,1,0,15.0,0,0,0
0.0060684153523902044,1,0,22.008417714113932,0,0,0
0.001434929143717521,1,0,15.0,0,0,0
0.005546328289904334,1,0,27.376664051547873,0,0,0
0.0027691354836064616,1,0,27.016988039722424,0,0,0
0.006984592814522089,1,0,22.770175653920322,0,0,0
0.0003798007416460694,1,0,20.009145539022374,0,0,0
0.0047433319716576735,1,0,21.815047579562954,0,0,0
0.0006174150752409028,1,0,23.525842585651905,0,0,0
0.003372026975225673,1,0,20.11458295794965,0,0,0
0.0002541939284401033,1,0,60.0,0,0,0
0.00474407772972152,1,0,15.0,0,0,0
0.007693457097932316,1,0,15.0,0,0,0
0.0010921783736848514,1,0,19.885846375992827,0,0,0
0.007378704650740869,1,0,22.805800569783763,0,0,0
0.005883533144214079,1,0,15.0,0,0,0
0.005095592204046599,1,0,15.0,0,0,0
0.0060348842965743926,1,0,21.957970482230674,0,0,0
0.003425381604119036,1,0,19.85627396842099,0,0,0
0.007132361582306066,1,0,15.0,0,0,0
0.007818691835015646,1,0,19.328457764662513,0,0,0
0.007804416269310087,1,0,15.0,0,0,0
0.0027676519149975156,1,0,15.0,0,0,0
0.006573679395929541,1,0,23.06886348665651,0,0,0
0.0015661476848782365,1,0,21.554236162808404,0,0,0
0.005004654174603045,1,0,15.0,0,0,0
0.00012602967458922405,1,0,15.0,0,0,0
0.002016508914182577,1,0,21.51776063108633,0,0,0
0.006354167746742797,1,0,15.0,0,0,0
0.00875617890151098,1,0,19.089101956807742,0,0,0
0.0005853801560016407,1,0,22.95455898219998,0,0,0
0.005629672642525868,1,0,18.920510448005242,0,0,0
0.006404072699039803,1,0,23.82199074330441,0,0,0
0.009330670713709188,1,0,15.0,0,0,0
0.0065859235669850705,1,0,15.0,0,0,0
0.00112002375446031,1,0,15.0,0,0,0
0.001552768001190357,1,0,15.0,0,0,0
0.0063940648759812785,1,0,23.040653027024916,0,0,0
0.0022346347999560034,1,0,15.0,0,0,0
0.009290224201285153,1,0,22.366616958986153,0,0,0
0.009214803287780272,1,0,15.0,0,0,0
0.009491693015556413,1,0,21.356244764101305,0,0,0
0.003000230817340714,1,0,20.672807193511314,0,0,0
0.007197804088807134,1,0,15.0,0,0,0
0.006663837678655011,1,0,20.49579678479766,0,0,0
0.0004524774352439437,1,0,15.0,0,0,0
0.002729094255828169,1,0,15.0,0,0,0
0.0021469906238267373,1,0,15.0,0,0,0
0.0037710051572095657,1,0,15.0,0,0,0
0.009535231793797727,1,0,20.919683902678024,0,0,0
0.008471456225687549,1,0,15.0,0,0,0
0.0030049034545459414,1,0,15.0,0,0,0
0.005347312157883299,1,0,15.0,0,0,0
0.0020034346037079527,1,0,15.0,0,0,0
0.0028465965237297886,1,0,21.203414274459426,0,0,0
0.0007435321652473569,1,0,22.202292894659667,0,0,0
0.006461804359076683,1,0,22.468346707696018,0,0,0
0.006603515667513657,1,0,21.82315857018734,0,0,0
0.008401166045954091,1,0,15.0,0,0,0
0.008728362952929815,1,0,21.783022849246787,0,0,0
0.001684588052017856,1,0,21.96909108359871,0,0,0
0.007456105367013574,1,0,21.724683455571807,0,0,0
0.0014336055649905902,1,0,15.0,0,0,0
0.003799778616283528,1,0,15.0,0,0,0
0.00520381205843629,1,0,15.0,0,0,0
0.0005897521494620527,1,0,23.916502510411835,0,0,0
0.001651960744299998,1,0,15.0,0,0,0
0.002784049389901378,1,0,15.0,0,0,0
0.0013626690633784745,1,0,20.93745082040424,0,0,0
0.009347553094842698,1,0,15.0,0,0,0
0.0029543599620624516,1,0,15.0,0,0,0
0.005061599478638246,1,0,15.0,0,0,0
0.009965688955464293,1,0,22.859127142540522,0,0,0
0.005709762501619316,1,0,22.144641563340336,0,0,0
0.004173808172421639,1,0,20.40825203133192,0,0,0
0.009304944818650423,1,0,19.71542068478373,0,0,0
0.0023027277781294247,1,0,15.0,0,0,0
0.0018770573343032087,1,0,15.0,0,0,0
0.005400107253503758,1,0,15.0,0,0,0
0.004330287204530763,1,0,15.0,0,0,0
0.007990162165423104,1,0,21.032659402889998,0,0,0
0.0005158994089132358,1,0,15.0,0,0,0
0.006215485661671078,1,0,15.0,0,0,0
0.007135723514688978,1,0,15.0,0,0,0
0.009721975932157272,1,0,15.0,0,0,0
0.0015430556823743712,1,0,15.0,0,0,0
0.0025378078652237295,1,0,21.659485537168944,0,0,0
0.009331187992535498,1,0,24.05826888247435,0,0,0
0.006343225570284676,1,0,22.68511026435921,0,0,0
0.0004766854240815652,1,0,41.0237204696295,0,0,0
0.000865705622332212,1,0,18.749563971042193,0,0,0
0.007875861550213917,1,0,22.096248772607723,0,0,0
0.005717997534718517,1,0,21.949017547443503,0,0,0
0.005697613268026852,1,0,15.0,0,0,0
0.008810669868781726,1,0,15.0,0,0,0
0.0024868694017751596,1,0,19.899594315487192,0,0,0
0.0016882667200379979,1,0,21.885296002837528,0,0,0
0.006176678881458598,1,0,22.675803413055583,0,0,0
0.008835988666773445,1,0,15.0,0,0,0
0.0027259813822094196,1,0,21.907802582093176,0,0,0
0.006844814211434385,1,0,15.0,0,0,0
0.0016085524153969144,1,0,19.58030289474443,0,0,0
0.0018018960887085744,1,0,15.0,0,0,0
0.0090249495728411,1,0,15.0,0,0,0
0.0012678534495731161,1,0,21.802271112326896,0,0,0
0.0003410208128864273,1,0,15.0,0,0,0
0.007771910436296764,1,0,15.0,0,0,0
0.003688844530399286,1,0,24.049017908586524,0,0,0
0.0040269196668010964,1,0,15.0,0,0,0
0.008018589694591136,1,0,23.755618840216904,0,0,0
0.0018813643366157472,1,0,23.06232799351235,0,0,0
0.006538236721058254,1,0,22.62411249351578,0,0,0
0.0032039304554925814,1,0,15.0,0,0,0
0.0011322577604037571,1,0,19.034337813874895,0,0,0
0.006906210884803871,1,0,15.0,0,0,0
0.0032547749320542677,1,0,20.11071448472063,0,0,0
0.0086793806323727,1,0,15.0,0,0,0
0.009198452937295818,1,0,21.745827652841488,0,0,0
0.008505612443017433,1,0,22.503423946067198,0,0,0
0.003291282299611073,1,0,22.812546488839455,0,0,0
0.0024421679811605958,1,0,19.273244781342058,0,0,0
0.008938726359837218,1,0,22.90613334330121,0,0,0
0.004584175140376967,1,0,15.0,0,0,0
0.007106623263224357,1,0,15.0,0,0,0
0.008288925593965279,1,0,15.0,0,0,0
0.002849097883191443,1,0,15.0,0,0,0
0.0012790645365544227,1,0,15.0,0,0,0
0.00628579287709853,1,0,23.21184333510743,0,0,0
0.005942903332055929,1,0,15.0,0,0,0
0.0027749807193199008,1,0,15.0,0,0,0
0.0058885965417148885,1,0,15.0,0,0,0
0.007924536819335595,1,0,15.0,0,0,0
0.0035651087252068616,1,0,19.963407355627307,0,0,0
0.0024989454173631647,1,0,18.55013447538394,0,0,0
0.007277512014734607,1,0,15.0,0,0,0
0.007880132965149769,1,0,53.40434319283298,0,0,0
0.009547465434902312,1,0,15.0,0,0,0
0.0015610996468829643,1,0,21.288303789388046,0,0,0
0.008903714608693127,1,0,15.0,0,0,0
0.007674478230780035,1,0,21.285701813622843,0,0,0
0.007048809088515791,1,0,15.0,0,0,0
0.0031992309289847437,1,0,15.0,0,0,0
0.0003197102167627258,1,0,15.0,0,0,0
0.00512474989178248,1,0,15.0,0,0,0
0.0029291168272085905,1,0,15.0,0,0,0
0.0029692280873742432,1,0,15.0,0,0,0
0.00927867191420727,1,0,15.0,0,0,0
0.0016143920313267711,1,0,15.0,0,0,0
0.009348900557946483,1,0,18.236636496368348,0,0,0
0.005087686429106326,1,0,15.0,0,0,0
0.008398964833003274,1,0,20.75435050644062,0,0,0
0.0029075169572749127,1,0,15.0,0,0,0
0.006375814574438879,1,0,15.0,0,0,0
0.005610225117661827,1,0,18.907767719391167,0,0,0
0.009249244285236555,1,0,15.0,0,0,0
0.0018750544257399684,1,0,15.0,0,0,0
0.002125241908450548,1,0,21.495580239170593,0,0,0
0.009494747554590092,1,0,20.48358760556227,0,0,0
0.0010698497457824398,1,0,15.0,0,0,0
0.006383356443535565,1,0,15.0,0,0,0
0.000699584720831006,1,0,21.777690240961363,0,0,0
0.000862209000393973,1,0,29.771340301567687,0,0,0
0.006011772554727047,1,0,15.0,0,0,0
0.005558542825325182,1,0,25.756861822559106,0,0,0
0.005772959367660569,1,0,20.41232033043084,0,0,0
0.0047891557558444355,1,0,20.259431369867954,0,0,0
0.007449357471757888,1,0,24.581258344144548,0,0,0
0.009922666510012496,1,0,15.0,0,0,0
0.0028302343392645206,1,0,18.008563059969223,0,0,0
0.00330205270641799,1,0,23.904882963145877,0,0,0
0.0032981904691978254,1,0,22.33902522903434,0,0,0
0.00765636256842794,1,0,20.93224269420127,0,0,0
0.003545353461124909,1,0,15.0,0,0,0
0.006799696969068242,1,0,15.0,0,0,0
0.0045142868144180965,1,0,30.87036737888248,0,0,0
0.0061172662035278245,1,0,19.8333868685969,0,0,0
0.008307252190768503,1,0,15.0,0,0,0
0.005189181006786637,1,0,15.0,0,0,0
0.004804214688382386,1,0,20.720163698636224,0,0,0
0.0027430483776924998,1,0,15.0,0,0,0
0.005207455360015861,1,0,21.040390958236415,0,0,0
0.0026978815018050785,1,0,15.0,0,0,0
0.00845134503660779,1,0,15.0,0,0,0
0.003949753865929681,1,0,15.0,0,0,0
0.0013781655551660436,1,0,19.64686283167464,0,0,0
0.002475678526470964,1,0,15.0,0,0,0
0.005392356527925837,1,0,15.0,0,0,0
0.009171246406714548,1,0,15.0,0,0,0
0.0030755588358903187,1,0,22.630473859222096,0,0,0
0.0027174234205831847,1,0,22.964728761501686,0,0,0
0.00412494236462034,1,0,15.0,0,0,0
0.00968076933509225,1,0,15.0,0,0,0
0.008467674777167405,1,0,20.46583147766294,0,0,0
0.0015817127156394464,1,0,15.0,0,0,0
0.006176157542292615,1,0,15.0,0,0,0
0.007939455613105943,1,0,21.515592713261796,0,0,0
0.0077033023795653535,1,0,15.0,0,0,0
0.004939570368370697,1,0,29.089925521003227,0,0,0
0.0073451307181730185,1,0,23.323290545918166,0,0,0
0.005877507444870539,1,0,21.247618731663366,0,0,0
0.0020943053302368065,1,0,19.88809177289316,0,0,0
0.0006549310423014357,1,0,19.122130994343685,0,0,0
0.003758046832498338,1,0,22.510449292772744,0,0,0
0.0007131961192806449,1,0,20.14998777278581,0,0,0
0.004010632698816833,1,0,21.821009055219676,0,0,0
0.008305902115550523,1,0,20.968297416606298,0,0,0
0.008458512069195456,1,0,19.821841871277314,0,0,0
0.00043733182126617676,1,0,15.0,0,0,0
0.000788401128343992,1,0,22.556807544577428,0,0,0
0.006731684167153323,1,0,21.86186308132529,0,0,0
0.005049987079927779,1,0,15.0,0,0,0
0.0015786480880308697,1,0,18.303738300999047,0,0,0
0.008074743215547723,1,0,24.11119990149537,0,0,0
0.002243312010793577,1,0,19.040493827914784,0,0,0
0.0008736776214875367,1,0,28.719387770967945,0,0,0
0.007520120667190086,1,0,15.0,0,0,0
0.006120447148856445,1,0,15.0,0,0,0
0.004004983113440105,1,0,15.0,0,0,0
0.006957989417456993,1,0,15.0,0,0,0
0.009122668818042908,1,0,20.894286255264852,0,0,0
0.0004384061833898125,1,0,15.0,0,0,0
0.006314026432985821,1,0,15.0,0,0,0
0.0022598562404540423,1,0,21.824591962106968,0,0,0
0.0047939638234197005,1,0,19.775712297667393,0,0,0
0.00429741317594536,1,0,15.0,0,0,0
0.003960798711561845,1,0,19.249356747068788,0,0,0
0.0019845253924498734,1,0,20.392220701456143,0,0,0
0.008046234370805323,1,0,15.0,0,0,0
0.0038572537907842325,1,0,21.682497913137837,0,0,0
0.00888324298327115,1,0,21.82597140282459,0,0,0
0.0036112159021702596,1,0,21.301641556951314,0,0,0
0.00841316211232362,1,0,15.0,0,0,0
0.0054902166820944105,1,0,19.789865908702055,0,0,0
0.0039176898251119426,1,0,15.0,0,0,0
0.2,0,36,21.71695056046695,0,0,0
0.035924196886189134,0,48,15.0,0,0,0
0.04966341588254184,0,44,15.0,0,0,0
0.2,0,21,15.0,0,0,0
0.2,0,14,19.741090746014926,0,0,0
0.012204371192178475,0,32,15.0,0,0,0
0.1386630064726316,0,35,23.314003663043948,0,0,0
0.2,0,41,20.515836709084706,0,0,0
0.2,0,31,15.0,0,0,0
0.0053701633573350034,0,47,15.0,0,0,0
0.2,0,44,15.0,0,0,0
0.2,0,34,15.0,0,0,0
0.2,0,32,15.0,0,0,0
0.2,0,10,21.359350775243392,0,0,0
0.16018465606093157,0,42,15.0,0,0,0
0.10213796441830082,0,37,15.0,0,0,0
0.2,0,46,15.0,0,0,0
0.2,0,13,24.133920540699293,0,0,0
0.2,0,15,24.906121364279493,0,0,0
0.2,0,37,15.0,0,0,0
0.005421951136543957,0,30,21.922592278778858,0,0,0
0.2,0,34,15.0,0,0,0
0.018348675533176283,0,27,15.0,0,0,0
0.2,0,36,15.0,0,0,0
0.2,0,36,24.44710464421748,0,0,0
0.022577832061678668,0,17,15.0,0,0,0
0.2,0,41,21.942270015340753,0,0,0
0.0713059708422691,0,30,15.0,0,0,0
0.2,0,33,23.04123369026122,0,0,0
0.2,0,35,19.48097964848976,0,0,0
0.0029989210392112344,0,40,15.0,0,0,0
0.2,0,22,19.612818733168965,0,0,0
0.2,0,10,15.0,0,0,0
0.2,0,17,15.0,0,0,0
0.2,0,49,21.561032352286684,0,0,0
0.2,0,19,22.35478439811891,0,0,0
0.2,0,20,15.0,0,0,0
0.1136105909308627,0,45,15.0,0,0,0
0.2,0,19,18.272134482386218,0,0,0
0.2,0,29,15.0,0,0,0
0.001585690716836229,0,25,15.0,0,0,0
0.2,0,37,15.0,0,0,0
0.2,0,34,18.803081374478555,0,0,0
0.2,0,31,22.521571641785663,0,0,0
0.2,0,30,15.0,0,0,0
0.008431522484874226,0,44,15.0,0,0,0
0.2,0,33,15.0,0,0,0
0.17024194474446291,0,30,22.986315790447605,0,0,0
0.005077168056024793,0,46,19.958003038261992,0,0,0
0.2,0,13,15.0,0,0,0
0.2,0,44,15.0,0,0,0
0.054395281698980155,0,18,15.0,0,0,0
0.2,0,23,15.0,0,0,0
0.2,0,10,15.0,0,0,0
0.2,0,33,19.654921395243086,0,0,0
0.2,0,44,21.87818298416922,0,0,0
0.2,0,25,15.0,0,0,0
0.07537227471753435,0,37,19.652118342063318,0,0,0
0.2,0,26,24.58727992002238,0,0,0
0.2,0,41,23.251086509023683,0,0,0
0.2,0,50,15.0,0,0,0
0.2,0,39,22.952552049678033,0,0,0
0.00904231497671106,0,23,23.25797587957347,0,0,0
0.2,0,43,19.624380720717227,0,0,0
0.2,0,11,23.050834723903854,0,0,0
0.1650941806406258,0,50,15.0,0,0,0
0.2,0,44,22.327962151527373,0,0,0
0.2,0,36,23.838972105781497,0,0,0
0.008121389239486482,0,35,21.483167544855675,0,0,0
0.2,0,20,19.30625268434003,0,0,0
0.2,0,27,15.0,0,0,0
0.2,0,14,24.13287059465356,0,0,0
0.015469279480989062,0,23,15.0,0,0,0
0.2,0,34,19.949078194924997,0,0,0
0.2,0,24,20.38201474836827,0,0,0
0.2,0,41,23.55182612717491,0,0,0
0.2,0,44,20.273053086521003,0,0,0
0.2,0,33,15.0,0,0,0
0.2,0,23,15.0,0,0,0
0.2,0,22,15.0,0,0,0
0.01764153986595772,0,32,15.0,0,0,0
0.2,0,39,19.47244411880098,0,0,0
0.00247283729689507,0,15,21.488993959642514,0,0,0
0.2,0,28,20.669009993615592,0,0,0
0.014894215920609969,0,28,15.0,0,0,0
0.2,0,21,22.010725671197083,0,0,0
0.2,0,19,19.128867510720703,0,0,0
0.2,0,44,18.473900397787375,0,0,0
0.2,0,27,15.0,0,0,0
0.2,0,33,15.0,0,0,0
0.2,0,11,21.75925186136885,0,0,0
0.12169928398464258,0,21,15.0,0,0,0
0.2,0,19,21.182209104135406,0,0,0
0.009676051880293695,0,23,15.0,0,0,0
0.2,0,44,24.855841454541828,0,0,0
0.2,0,33,22.457486431420225,0,0,0
0.012871279752902542,0,46,15.0,0,0,0
0.2,0,27,70.0,0,0,0
0.2,0,41,23.30464127931662,0,0,0
0.2,0,16,24.928764936513378,0,0,0
0.2,0,43,18.003518841588438,0,0,0
0.2,0,35,15.0,0,0,0
0.0018497160450225403,0,11,15.0,0,0,0
0.2,0,38,15.0,0,0,0
0.2,0,29,22.81055629932025,0,0,0
0.2,0,10,28.956889720142424,0,0,0
0.010526448760862487,0,44,15.0,0,0,0
0.2,0,32,15.0,0,0,0
0.2,0,34,23.36566442222786,0,0,0
0.2,0,33,24.604090551297553,0,0,0
0.2,0,13,19.784902429537826,0,0,0
0.06451271716388343,0,23,15.0,0,0,0
0.2,0,38,15.0,0,0,0
0.2,0,23,15.0,0,0,0
0.2,0,46,15.0,0,0,0
0.2,0,23,15.0,0,0,0
0.005157677345789793,0,28,15.0,0,0,0
0.2,0,28,21.499277383300445,0,0,0
0.2,0,10,20.73100294558663,0,0,0
0.2,0,43,15.0,0,0,0
0.2,0,15,15.0,0,0,0
0.2,0,29,22.489761467271077,0,0,0
0.19701242525385562,0,47,15.0,0,0,0
0.2,0,50,19.94715514337981,0,0,0
0.2,0,19,18.75520241823149,0,0,0
0.008581248932664683,0,25,15.0,0,0,0
0.022334827610813207,0,33,15.0,0,0,0
0.2,0,38,15.0,0,0,0
0.2,0,20,15.0,0,0,0
0.2,0,32,15.0,0,0,0
0.2,0,44,15.0,0,0,0
0.2,0,41,22.544675233911438,0,0,0
0.2,0,43,15.0,0,0,0
0.2,0,46,15.0,0,0,0
0.2,0,45,20.882875688243924,0,0,0
0.2,0,30,15.0,0,0,0
0.2,0,49,18.778172821531708,0,0,0
0.025590469859784134,0,30,15.0,0,0,0
0.0017857456256357804,0,39,15.0,0,0,0
0.2,0,48,24.016588734266545,0,0,0
0.022516900832017878,0,11,15.0,0,0,0
0.2,0,48,20.949128009455865,0,0,0
0.2,0,43,15.0,0,0,0
0.2,0,50,20.150594338656575,0,0,0
0.2,0,41,24.25168626824369,0,0,0
0.2,0,16,23.790179455407046,0,0,0
0.2,0,22,22.712479773876506,0,0,0
0.008005568284827068,0,10,15.0,0,0,0
0.2,0,34,15.0,0,0,0
0.2,0,27,22.44142959489346,0,0,0
0.2,0,29,23.841416686126962,0,0,0
0.2,0,40,22.25206632699775,0,0,0
0.2,0,43,15.0,0,0,0
0.2,0,12,30.663198153043606,0,0,0
0.14408619224620023,0,47,21.899878658095744,0,0,0
0.010743597225907764,0,25,15.0,0,0,0
0.2,0,40,15.0,0,0,0
0.15869306265836736,0,33,15.0,0,0,0
0.0016487892924193486,0,28,15.0,0,0,0
0.2,0,18,15.0,0,0,0
0.2,0,17,22.300935153806282,0,0,0
0.0126340123494229,0,39,19.213670108676745,0,0,0
0.2,0,23,33.91276897355345,0,0,0
0.2,0,19,15.0,0,0,0
0.2,0,10,25.25098735492311,0,0,0
0.2,0,44,15.0,0,0,0
0.2,0,26,15.0,0,0,0
0.2,0,24,15.0,0,0,0
0.2,0,25,15.0,0,0,0
0.2,0,34,18.079229512766158,0,0,0
0.2,0,29,15.0,0,0,0
0.2,0,32,15.0,0,0,0
0.2,0,21,20.657429625511554,0,0,0
0.2,0,22,23.477853143530115,0,0,0
0.2,0,45,24.97138235913016,0,0,0
0.2,0,28,21.22068160389055,0,0,0
0.024495834721689275,0,49,15.0,0,0,0
0.2,0,44,15.0,0,0,0
0.2,0,39,21.121201787340254,0,0,0
0.2,0,32,22.83593294320944,0,0,0
0.2,0,44,15.0,0,0,0
0.2,0,12,22.993085316007402,0,0,0
0.004042467025205554,0,30,19.265468496089472,0,0,0
0.16269010070520032,0,39,15.0,0,0,0
0.2,0,14,25.078978161470026,0,0,0
0.2,0,17,15.0,0,0,0
0.2,0,12,32.19164667634384,0,0,0
0.004744801095696478,0,29,15.0,0,0,0
0.008826583642388476,0,32,15.0,0,0,0
0.2,0,29,20.81492464928122,0,0,0
0.2,0,12,15.0,0,0,0
0.2,0,29,15.0,0,0,0
0.2,0,46,21.33101272386599,0,0,0
0.2,0,11,15.0,0,0,0
0.2,0,41,15.0,0,0,0
0.2,0,21,15.0,0,0,0
0.2,0,13,25.086313237309042,0,0,0
0.2,0,12,15.0,0,0,0
0.2,0,10,24.91004263913439,0,0,0
0.11410140224546829,0,27,24.003977071136966,0,0,0
0.2,0,30,21.771792032041773,0,0,0
0.2,0,35,15.0,0,0,0
0.2,0,13,15.0,0,0,0
0.009596791296242142,0,36,22.195845014399257,0,0,0
0.07608570792188686,0,40,15.0,0,0,0
0.2,0,12,15.0,0,0,0
0.2,0,37,25.12784286707925,0,0,0
0.2,0,14,15.0,0,0,0
0.2,0,28,33.52437953842156,0,0,0
0.2,0,37,15.0,0,0,0
0.2,0,45,20.373581789453084,0,0,0
0.0040022658346429265,0,31,22.516495851793298,0,0,0
0.005060415946005631,0,27,32.82302989749036,0,0,0
0.2,0,44,20.231524134426095,0,0,0
0.2,0,18,20.036714167630223,0,0,0
0.2,0,18,15.0,0,0,0
0.09421997378444355,0,29,24.10923863326813,0,0,0
0.2,0,14,18.96112286878033,0,0,0
0.2,0,10,15.0,0,0,0
0.2,0,24,25.482916478754206,0,0,0
0.2,0,16,22.18905455048646,0,0,0
0.2,0,36,19.94807330436584,0,0,0
0.2,0,32,21.732600876553043,0,0,0
0.2,0,29,23.371693770079638,0,0,0
0.01095321341382445,0,30,20.080310304990565,0,0,0
0.2,0,14,21.834330765217615,0,0,0
0.2,0,26,15.0,0,0,0
0.2,0,12,15.0,0,0,0
0.004206949984519049,0,24,21.990347266208442,0,0,0
0.2,0,37,15.0,0,0,0
0.2,0,50,15.0,0,0,0
0.2,0,22,24.471049196235693,0,0,0
0.2,0,20,21.272362960716062,0,0,0
0.2,0,37,23.40720223677938,0,0,0
0.2,0,47,22.48057862760859,0,0,0
0.2,0,22,15.0,0,0,0
0.2,0,44,21.88286754692032,0,0,0
0.2,0,22,15.0,0,0,0
0.2,0,36,15.0,0,0,0
0.10634120407781182,0,18,15.0,0,0,0
0.05517802066546695,0,20,15.0,0,0,0
0.0014881221935320874,0,50,15.0,0,0,0
0.2,0,25,15.0,0,0,0
0.2,0,10,15.0,0,0,0
0.2,0,41,19.739544702116376,0,0,0
0.008092364059080393,0,15,15.0,0,0,0
0.2,0,14,15.0,0,0,0
0.2,0,44,15.0,0,0,0
0.2,0,24,30.95295979099622,0,0,0
0.00237439991457635,0,15,15.0,0,0,0
0.2,0,50,19.10427162168653,0,0,0
0.2,0,21,15.0,0,0,0
0.2,0,35,22.083963926858488,0,0,0
0.2,0,20,15.0,0,0,0
0.2,0,33,24.74692408936614,0,0,0
0.2,0,38,15.0,0,0,0
0.2,0,41,15.0,0,0,0
0.2,0,26,15.0,0,0,0
0.2,0,35,15.0,0,0,0
0.2,0,44,70.0,0,0,0
0.2,0,44,15.0,0,0,0
0.004065202147271868,0,40,33.80253976208807,0,0,0
0.2,0,26,19.530619021194706,0,0,0
0.08711973717458668,0,31,15.0,0,0,0
0.2,0,49,22.166745354311548,0,0,0
0.015947058525134984,0,20,18.581143707985074,0,0,0
0.07235514509651471,0,38,15.0,0,0,0
0.2,0,42,24.95381954142435,0,0,0
0.2,0,29,18.390331276448393,0,0,0
0.2,0,45,15.0,0,0,0
0.2,0,27,15.0,0,0,0
0.2,0,44,15.0,0,0,0
0.2,0,36,15.0,0,0,0
0.2,0,12,15.0,0,0,0
0.06925905811052172,0,43,15.0,0,0,0
0.2,0,38,15.0,0,0,0
0.2,0,19,20.706978224569475,0,0,0
0.17781261897397974,0,38,15.0,0,0,0
0.2,0,30,15.0,0,0,0
0.2,0,48,20.8741503182953,0,0,0
0.2,0,22,15.0,0,0,0
0.2,0,20,15.0,0,0,0
0.2,0,12,15.0,0,0,0
0.2,0,42,22.604482651487135,0,0,0
0.2,0,50,15.0,0,0,0
0.2,0,38,15.0,0,0,0
0.012019428166664972,0,25,15.0,0,0,0
0.2,0,46,15.0,0,0,0
0.2,0,20,15.0,0,0,0
0.2,0,38,22.91903634303019,0,0,0
0.2,0,34,23.571477676999944,0,0,0
0.2,0,44,21.788450390315024,0,0,0
0.009287772862163956,0,49,18.40325702999929,0,0,0
0.2,0,24,15.0,0,0,0
0.2,0,13,15.0,0,0,0
0.2,0,16,20.68746370129787,0,0,0
0.00446142197079585,0,40,15.0,0,0,0
0.2,0,24,70.0,0,0,0
0.2,0,15,18.323771148967516,0,0,0
0.2,0,43,15.0,0,0,0
0.2,0,36,15.0,0,0,0
0.2,0,15,15.0,0,0,0
0.004865955361138332,0,39,15.0,0,0,0
0.2,0,36,25.236895598456965,0,0,0
0.2,0,50,22.211659485571612,0,0,0
0.2,0,50,15.0,0,0,0
0.03247591701727264,0,49,15.0,0,0,0
0.2,0,46,15.0,0,0,0
0.2,0,42,23.52485929833346,0,0,0
0.2,0,37,24.78948991782602,0,0,0
0.2,0,32,20.766803432415664,0,0,0
0.2,0,42,15.0,0,0,0
0.2,0,49,15.0,0,0,0
0.2,0,14,24.14822035582021,0,0,0
0.2,0,15,15.0,0,0,0
0.2,0,30,28.358638743988077,0,0,0
0.2,0,22,23.512570369210522,0,0,0
0.2,0,31,24.625543485227933,0,0,0
0.2,0,22,22.588749050523614,0,0,0
0.2,0,42,15.0,0,0,0
0.2,0,46,15.0,0,0,0
0.2,0,21,15.0,0,0,0
0.2,0,41,23.00932685039259,0,0,0
0.18796333631677836,0,14,15.0,0,0,0
0.00180381898899823,0,42,15.0,0,0,0
0.009907052212232098,0,38,22.5713858119251,0,0,0
0.002771282424770983,0,39,15.0,0,0,0
0.2,0,30,15.0,0,0,0
0.2,0,14,20.841143895435202,0,0,0
0.2,0,44,15.0,0,0,0
0.2,0,14,19.77427392943054,0,0,0
0.06843339332368102,0,29,20.47257735204458,0,0,0
0.2,0,17,15.0,0,0,0
0.2,0,44,23.751270435502768,0,0,0
0.027222367209960636,0,33,15.0,0,0,0
0.1388808651371976,0,30,20.747341663476554,0,0,0
0.2,0,23,15.0,0,0,0
0.2,0,42,23.91000395041782,0,0,0
0.10796682950450356,0,18,20.237905438553287,0,0,0
0.010026230727995768,0,39,19.367917633171285,0,0,0
0.2,0,49,20.114136575620886,0,0,0
0.2,0,20,15.0,0,0,0
0.0018249918639920083,0,38,15.0,0,0,0
0.2,0,22,32.67319663039104,0,0,0
0.2,0,48,21.333675930763945,0,0,0
0.2,0,46,15.0,0,0,0
0.2,0,22,18.80116309983243,0,0,0
0.2,0,19,15.0,0,0,0
0.004030190389750296,0,13,30.331194902411816,0,0,0
0.2,0,38,24.334300423485455,0,0,0
0.2,0,47,15.0,0,0,0
0.2,0,15,15.0,0,0,0
0.2,0,43,32.57504725342117,0,0,0
0.08411441433259505,0,40,20.51601040725698,0,0,0
0.2,0,29,19.108066506207333,0,0,0
0.2,0,19,15.0,0,0,0
0.2,0,36,15.0,0,0,0
0.2,0,34,18.319983321968554,0,0,0
0.2,0,43,21.55712287399321,0,0,0
0.004469587002860059,0,33,22.896284152935134,0,0,0
0.2,0,12,19.504441969129974,0,0,0
0.10591689188830901,0,18,15.0,0,0,0
0.1554630573704337,0,25,15.0,0,0,0
0.2,0,30,15.0,0,0,0
0.2,0,24,15.0,0,0,0
0.2,0,46,18.438442481949853,0,0,0
0.2,0,21,21.320764020434847,0,0,0
0.2,0,37,25.425810038503975,0,0,0
0.11402726153583943,0,24,15.0,0,0,0
0.009927334395661161,0,50,19.056295159869116,0,0,0
0.2,0,47,22.602029962887823,0,0,0
0.2,0,42,15.0,0,0,0
0.2,0,41,15.0,0,0,0
0.2,0,36,25.080486207514195,0,0,0
0.2,0,34,23.608416920967105,0,0,0
0.2,0,33,24.90355745562989,0,0,0
0.2,0,11,47.543232324042954,0,0,0
0.2,0,48,15.0,0,0,0
0.2,0,50,15.0,0,0,0
0.11801161525345004,0,31,40.03058746216766,0,0,0
0.2,0,45,15.0,0,0,0
0.005155548520408814,0,26,15.0,0,0,0
0.00454888148865388,0,14,15.0,0,0,0
0.2,0,44,20.596940837256668,0,0,0
0.008604748589694247,0,30,20.838322063811667,0,0,0
0.2,0,48,15.0,0,0,0
0.2,0,18,24.4530569624853,0,0,0
0.005525848622579022,0,29,15.0,0,0,0
0.06207730113899057,0,37,31.990644292401846,0,0,0
0.0029000678309888924,0,15,15.0,0,0,0
0.004515629397642075,0,50,15.0,0,0,0
0.2,0,34,15.0,0,0,0
0.2,0,17,21.369269194286396,0,0,0
0.2,0,40,22.148333677308212,0,0,0
0.2,0,46,22.48674736513265,0,0,0
0.2,0,25,15.0,0,0,0
0.2,0,35,15.0,0,0,0
0.2,0,40,19.99770351438652,0,0,0
0.2,0,15,15.0,0,0,0
0.2,0,31,15.0,0,0,0
0.005217202334546924,0,32,15.0,0,0,0
0.2,0,22,21.72940930498153,0,0,0
0.2,0,22,19.179296847718874,0,0,0
0.2,0,35,20.099890634172013,0,0,0
0.2,0,40,15.0,0,0,0
0.2,0,25,15.0,0,0,0
0.0050266879380864195,0,16,15.0,0,0,0
0.2,0,42,15.0,0,0,0
0.2,0,17,15.0,0,0,0
0.2,0,10,32.40862468786728,0,0,0
0.2,0,23,20.32410221720322,0,0,0
0.2,0,43,15.0,0,0,0
0.2,0,41,21.9616881843342,0,0,0
0.0023991545557115177,0,22,20.63178725278386,0,0,0
0.2,0,31,24.424318297588435,0,0,0
0.2,0,49,15.0,0,0,0
0.2,0,39,20.82940869368019,0,0,0
0.001885043405043412,0,41,15.0,0,0,0
0.2,0,13,52.45422701739301,0,0,0
0.2,0,19,15.0,0,0,0
0.004912938737844778,0,14,22.54245733806348,0,0,0
0.2,0,50,15.0,0,0,0
0.2,0,24,15.0,0,0,0
0.007400270925948714,0,30,15.0,0,0,0
0.0016609929359686405,0,32,15.0,0,0,0
0.021930640669804987,0,31,15.0,0,0,0
0.2,0,12,15.0,0,0,0
0.2,0,47,20.451872260579815,0,0,0
0.010267680245424652,0,25,23.06384318567238,0,0,0
0.2,0,47,15.0,0,0,0
0.037517509974285934,0,41,22.956182846065573,0,0,0
0.2,0,38,15.0,0,0,0
0.2,0,38,15.0,0,0,0
0.2,0,50,15.0,0,0,0
0.030972786652923193,0,22,15.0,0,0,0
0.2,0,23,15.0,0,0,0
0.2,0,37,22.99304867165702,0,0,0
0.2,0,19,15.0,0,0,0
0.002139193841987388,0,42,22.02687139184441,0,0,0
0.2,0,11,23.02570254398176,0,0,0
0.2,0,46,15.0,0,0,0
0.2,0,24,24.173867789944417,0,0,0
0.2,0,10,15.0,0,0,0
0.2,0,34,22.80657643483211,0,0,0
0.004676598459586295,0,21,21.48515508779198,0,0,0
0.2,0,22,23.346056663094615,0,0,0
0.2,0,29,19.451323371350615,0,0,0
0.2,0,33,19.183665855288705,0,0,0
0.2,0,15,25.21036388549494,0,0,0
0.0038210252504495036,0,11,15.0,0,0,0
0.2,0,28,25.056136699576655,0,0,0
0.2,0,24,22.755403773924943,0,0,0
0.2,0,33,15.0,0,0,0
0.2,0,40,15.0,0,0,0
0.2,0,35,19.369767778599694,0,0,0
0.2,0,14,22.282891170788176,0,0,0
0.2,0,50,22.33488729630137,0,0,0
0.2,0,39,15.0,0,0,0
0.12082373883050679,0,12,15.0,0,0,0
0.2,0,41,29.177806366551778,0,0,0
0.2,0,46,15.0,0,0,0
0.2,0,33,19.49034257946388,0,0,0
0.0324741787147508,0,44,15.0,0,0,0
0.2,0,46,23.200857959508834,0,0,0
0.2,0,49,21.003543905304674,0,0,0
0.2,0,49,15.0,0,0,0
0.2,0,17,15.0,0,0,0
0.2,0,11,15.0,0,0,0
0.2,0,36,23.871920646672283,0,0,0
0.2,0,37,21.08690808818423,0,0,0
0.2,0,33,22.5275707407807,0,0,0
0.2,0,19,15.0,0,0,0
0.05806275937143497,0,48,15.0,0,0,0
0.2,0,26,15.0,0,0,0
0.2,0,40,20.326682471605384,0,0,0
0.2,0,35,15.0,0,0,0
0.01022411414120776,0,46,21.444331511675294,0,0,0
0.006283174677884805,0,39,15.0,0,0,0
0.2,0,36,24.135909063823476,0,0,0
0.2,0,44,24.890304032445,0,0,0
0.2,0,12,15.0,0,0,0
0.2,0,38,15.0,0,0,0
0.2,0,34,15.0,0,0,0
0.005420469805262872,0,41,22.277218327903164,0,0,0
0.2,0,19,26.82527334198234,0,0,0
0.2,0,34,21.051437911975384,0,0,0
0.2,0,21,22.568632510786067,0,0,0
0.1916557894139338,0,14,15.0,0,0,0
0.004690754523654495,0,33,19.914692705139306,0,0,0
0.2,0,10,15.0,0,0,0
0.2,0,13,15.0,0,0,0
0.2,0,31,15.0,0,0,0
0.2,0,46,20.856127652078463,0,0,0
0.2,0,39,15.0,0,0,0
0.2,0,10,22.551631858212026,0,0,0
0.2,0,14,15.0,0,0,0
0.2,0,27,23.713686099271264,0,0,0
0.008759671057672254,0,27,20.27103261804255,0,0,0
0.01653370422995517,0,11,15.0,0,0,0
0.05019171810559056,0,20,33.0375391566149,0,0,0
0.2,0,15,15.0,0,0,0
0.2,0,33,15.0,0,0,0
0.2,0,36,23.870595348404677,0,0,0
0.2,0,26,15.0,0,0,0
0.0205354986699134,0,33,15.0,0,0,0
0.2,0,18,24.981227059779513,0,0,0
0.2,0,44,21.807767004162965,0,0,0
0.2,0,10,23.9494786625006,0,0,0
0.2,0,30,15.0,0,0,0
0.2,0,23,15.0,0,0,0
0.2,0,28,23.461104545005664,0,0,0
0.09005552323823997,0,31,15.0,0,0,0
0.2,0,36,31.079036640654305,0,0,0
0.2,0,48,15.0,0,0,0
0.2,0,33,21.21514737001097,0,0,0
0.2,0,19,24.623361332601025,0,0,0
0.2,0,31,15.0,0,0,0
0.0027274720284485012,0,31,15.0,0,0,0
0.005114634559303261,0,45,15.0,0,0,0
0.2,0,33,15.0,0,0,0
0.040168756873300425,0,45,15.0,0,0,0
0.0018941710316732303,0,36,15.0,0,0,0
0.2,0,33,15.0,0,0,0
0.2,0,23,15.0,0,0,0
0.004296378747421244,0,20,22.836758435966033,0,0,0
0.001991179851309563,0,14,20.774181647048046,0,0,0
0.2,0,32,23.08850852721733,0,0,0
0.2,0,47,21.719269723745413,0,0,0
0.09234740118739101,0,10,22.925594919673138,0,0,0
0.2,0,49,15.0,0,0,0
0.2,0,45,20.167400111485115,0,0,0
0.005348429081550089,0,27,21.897896477720625,0,0,0
0.006408113263566169,0,22,15.0,0,0,0
0.2,0,33,15.0,0,0,0
0.01964819104958547,0,45,15.0,0,0,0
0.2,0,11,15.0,0,0,0
0.2,0,28,19.93527119453304,0,0,0
0.2,0,11,22.192015412523887,0,0,0
0.2,0,36,31.586457947859795,0,0,0
0.2,0,13,22.072341293673414,0,0,0
0.2,0,22,15.0,0,0,0
0.009466095849658561,0,40,15.0,0,0,0
0.2,0,40,15.0,0,0,0
0.026251973457992555,0,19,15.0,0,0,0
0.2,0,31,15.0,0,0,0
0.2,0,17,15.0,0,0,0
0.2,0,34,20.64459472584949,0,0,0
0.2,0,10,18.97578786060327,0,0,0
0.2,0,43,20.658324060510587,0,0,0
0.2,0,10,20.07957411040083,0,0,0
0.2,0,34,15.0,0,0,0
0.015270636781821226,0,26,15.0,0,0,0
0.2,0,19,19.197038061623118,0,0,0
0.2,0,32,15.0,0,0,0
0.2,0,15,15.0,0,0,0
0.2,0,33,15.0,0,0,0
0.2,0,36,15.0,0,0,0
0.004021547810624951,0,28,20.315900758978202,0,0,0
0.010264372849733064,0,24,23.785301683234216,0,0,0
0.037015454679882646,0,28,23.658167220006924,0,0,0
0.2,0,49,15.0,0,0,0
0.2,0,40,20.849150656145845,0,0,0
0.2,0,10,15.0,0,0,0
0.014047744716025073,0,21,15.0,0,0,0
0.2,0,11,19.88020961138471,0,0,0
0.0017654340501909822,0,19,15.0,0,0,0
0.2,0,41,15.0,0,0,0
0.2,0,45,23.42908092446915,0,0,0
0.2,0,28,15.0,0,0,0
0.2,0,38,18.318198707406665,0,0,0
0.005018259209916043,0,25,15.0,0,0,0
0.034823373812921825,0,29,15.0,0,0,0
0.010721835595145786,0,43,19.302284726350393,0,0,0
0.021830076317843852,0,21,19.651949224839324,0,0,0
0.2,0,23,21.725250603570323,0,0,0
0.16499325606895293,0,15,15.0,0,0,0
0.0027027866505723013,0,18,15.0,0,0,0
0.002480708464473497,0,11,15.0,0,0,0
0.2,0,43,15.0,0,0,0
0.2,0,44,22.705975032613903,0,0,0
0.2,0,27,20.4377007085874,0,0,0
0.2,0,34,24.59342427774001,0,0,0
0.007899761105352275,0,20,15.0,0,0,0
0.2,0,11,20.71915288823743,0,0,0
0.005087450866929425,0,31,22.352000535401903,0,0,0
0.2,0,16,21.22696790853981,0,0,0
0.005969272750266651,0,44,24.071148888998756,0,0,0
0.2,0,21,21.186922714872487,0,0,0
0.2,0,40,15.0,0,0,0
0.2,0,20,15.0,0,0,0
0.2,0,15,22.74685991224508,0,0,0
0.008612248630808186,0,32,15.0,0,0,0
0.2,0,17,15.0,0,0,0
0.004422828878053452,0,26,15.0,0,0,0
0.2,0,22,23.900194776241104,0,0,0
0.2,0,46,15.0,0,0,0
0.0024759266322360476,0,30,15.0,0,0,0
0.2,0,39,23.405830825098175,0,0,0
0.004496982204488116,0,34,19.452252177929125,0,0,0
0.02549432877216722,0,47,15.0,0,0,0
0.2,0,28,22.737924936625976,0,0,0
0.2,0,45,15.0,0,0,0
0.2,0,46,15.0,0,0,0
0.0944869150462551,0,47,15.0,0,0,0
0.2,0,38,15.0,0,0,0
0.2,0,50,22.274579921390355,0,0,0
0.2,0,40,22.49366861282453,0,0,0
0.2,0,22,15.0,0,0,0
0.2,0,16,15.0,0,0,0
0.2,0,18,21.9882740613979,0,0,0
0.2,0,33,20.709961117153494,0,0,0
0.2,0,16,31.680544620333126,0,0,0
0.004760198314991383,0,19,15.0,0,0,0
0.2,0,35,20.03878194574932,0,0,0
0.010030044123995527,0,23,15.0,0,0,0
0.2,0,37,21.494347857912782,0,0,0
0.2,0,50,19.210882183891606,0,0,0
0.2,0,13,24.033375436706645,0,0,0
0.2,0,36,19.865487463275425,0,0,0
0.019573515616127368,0,43,15.0,0,0,0
0.0061159639622160545,0,15,15.0,0,0,0
0.2,0,42,22.418804298819314,0,0,0
0.0019628419318221597,0,30,15.0,0,0,0
0.14975268963545066,0,35,15.0,0,0,0
0.2,0,12,23.933815904058594,0,0,0
0.009625468466000094,0,27,21.598910199669387,0,0,0
0.0015417894755680246,0,25,15.0,0,0,0
0.2,0,16,70.0,0,0,0
0.2,0,41,15.0,0,0,0
0.2,0,30,21.161242746851087,0,0,0
0.02358269701979911,0,45,15.0,0,0,0
0.2,0,16,21.03317189972141,0,0,0
0.01104205125114377,0,39,15.0,0,0,0
0.2,0,34,20.628423157842956,0,0,0
0.2,0,36,19.685311671245806,0,0,0
0.2,0,22,22.608232353520222,0,0,0
0.2,0,38,20.538763684168664,0,0,0
0.2,0,20,25.132645500611407,0,0,0
0.2,0,41,15.0,0,0,0
0.2,0,28,23.86977176968794,0,0,0
0.2,0,29,24.643179179854947,0,0,0
0.2,0,33,15.0,0,0,0
0.2,0,13,15.0,0,0,0
0.2,0,25,18.44886265913383,0,0,0
0.014009464564182112,0,18,15.0,0,0,0
0.2,0,49,20.76877216953712,0,0,0
0.2,0,27,32.09961138859166,0,0,0
0.2,0,10,15.0,0,0,0
0.2,0,11,21.60466940630119,0,0,0
0.2,0,47,25.166059500026947,0,0,0
0.03637878123091735,0,16,15.0,0,0,0
0.2,0,10,15.0,0,0,0
0.008263241934959134,0,18,20.64034380965037,0,0,0
0.002434258232519996,0,18,15.0,0,0,0
0.2,0,13,20.434155483579246,0,0,0
0.2,0,50,15.0,0,0,0
0.2,0,12,25.434017413931507,0,0,0
0.2,0,39,15.0,0,0,0
0.2,0,44,15.0,0,0,0
0.2,0,36,15.0,0,0,0
0.2,0,15,22.252211675263755,0,0,0
0.2,0,39,15.0,0,0,0
0.2,0,23,15.0,0,0,0
0.2,0,26,22.136551316128376,0,0,0
0.2,0,20,15.0,0,0,0
0.2,0,42,15.0,0,0,0
0.2,0,33,23.933507546289906,0,0,0
0.2,0,16,15.0,0,0,0
0.2,0,26,50.40786648835501,0,0,0
0.06423517066816425,0,42,15.0,0,0,0
0.08323446046656441,0,48,15.0,0,0,0
0.2,0,48,23.55878625905402,0,0,0
0.2,0,15,19.157656262684963,0,0,0
0.2,0,45,24.878671051783158,0,0,0
0.06917694772295735,0,33,18.69405026182244,0,0,0
0.2,0,40,24.40687667585004,0,0,0
0.2,0,25,15.0,0,0,0
0.004567236693448186,0,36,23.0389928119099,0,0,0
0.2,0,20,21.966371558984395,0,0,0
0.2,0,31,15.0,0,0,0
0.2,0,19,24.05815513946297,0,0,0
0.2,0,26,20.4762974841544,0,0,0
0.2,0,26,21.734503485990214,0,0,0
0.2,0,45,20.643020687295085,0,0,0
0.2,0,35,22.885633371814436,0,0,0
0.2,0,36,15.0,0,0,0
0.2,0,21,22.353523214000372,0,0,0
0.2,0,27,15.0,0,0,0
0.2,0,29,22.58312466218525,0,0,0
0.2,0,42,15.0,0,0,0
0.2,0,17,21.570948984443156,0,0,0
0.2,0,12,15.0,0,0,0
0.0643462290618849,0,30,15.0,0,0,0
0.2,0,43,15.0,0,0,0
0.2,0,40,20.190925015051864,0,0,0
0.2,0,43,22.036248624287293,0,0,0
0.2,0,26,15.0,0,0,0
0.2,0,19,15.0,0,0,0
0.0115046692462513,0,37,15.0,0,0,0
0.2,0,11,15.0,0,0,0
0.04376819350362461,0,46,15.0,0,0,0
0.013250512396228093,0,39,15.0,0,0,0
0.00168576719937727,0,30,15.0,0,0,0
0.2,0,18,15.0,0,0,0
0.2,0,20,20.988750211150556,0,0,0
0.009396615697968735,0,50,21.492382926281685,0,0,0
0.2,0,10,21.50491490156378,0,0,0
0.2,0,10,15.0,0,0,0
0.2,0,24,15.0,0,0,0
0.008946531628997924,0,19,15.0,0,0,0
0.2,0,37,15.0,0,0,0
0.2,0,11,19.064927155342847,0,0,0
0.2,0,42,23.25054863824993,0,0,0
0.2,0,42,21.658646967327538,0,0,0
0.2,0,19,15.0,0,0,0
0.2,0,33,15.0,0,0,0
0.2,0,37,22.900664252238453,0,0,0
0.00455912707401874,0,44,20.92397264144235,0,0,0
0.2,0,40,15.0,0,0,0
0.2,0,49,21.341020598051674,0,0,0
0.2,0,14,15.0,0,0,0
0.2,0,35,15.0,0,0,0
0.2,0,41,15.0,0,0,0
0.05753154074100235,0,19,15.0,0,0,0
0.2,0,18,15.0,0,0,0
0.2,0,13,15.0,0,0,0
0.2,0,50,15.0,0,0,0
0.2,0,45,21.697410336583417,0,0,0
0.2,0,14,20.501720361922345,0,0,0
0.2,0,20,15.0,0,0,0
0.2,0,28,15.0,0,0,0
0.2,0,46,15.0,0,0,0
0.2,0,43,21.359322879264884,0,0,0
0.01500166403919619,0,46,15.0,0,0,0
0.2,0,43,15.0,0,0,0
0.2,0,35,15.0,0,0,0
0.2,0,21,15.0,0,0,0
0.2,0,34,15.0,0,0,0
0.2,0,30,19.255114570626564,0,0,0
0.2,0,48,23.022733771621258,0,0,0
0.2,0,28,19.91664764974804,0,0,0
0.2,0,40,20.871048729586715,0,0,0
0.2,0,17,22.805563340334224,0,0,0
0.2,0,38,15.0,0,0,0
0.2,0,28,15.0,0,0,0
0.2,0,27,15.0,0,0,0
0.2,0,40,19.297212459856816,0,0,0
0.2,0,29,15.0,0,0,0
0.2,0,12,15.0,0,0,0
0.2,0,25,15.0,0,0,0
0.009027593011488028,0,49,22.705684414992575,0,0,0
0.010026158504025924,0,48,20.018992544803847,0,0,0
0.05873217791338276,0,35,15.0,0,0,0
0.004748960635010588,0,36,23.24718761921091,0,0,0
0.004379111502166527,0,20,19.193830810732873,0,0,0
0.2,0,41,25.47648465843944,0,0,0
0.2,0,34,20.783927569689574,0,0,0
0.2,0,11,20.66163244401505,0,0,0
0.2,0,48,51.3085610896773,0,0,0
0.2,0,44,21.98600652993962,0,0,0
0.2,0,13,18.486695300120843,0,0,0
0.2,0,27,20.88302895055921,0,0,0
0.2,0,40,22.51396354170308,0,0,0
0.0020305667996705617,0,40,15.0,0,0,0
0.2,0,16,23.090517679821787,0,0,0
0.2,0,11,15.0,0,0,0
0.0021402613119947266,0,50,15.0,0,0,0
0.2,0,46,15.0,0,0,0
0.2,0,40,15.0,0,0,0
0.053244884686966414,0,37,15.0,0,0,0
0.2,0,38,24.563893307475915,0,0,0
0.2,0,28,21.95122301669818,0,0,0
0.2,0,38,21.974067136480336,0,0,0
0.2,0,22,23.321866445425098,0,0,0
0.009955297009975762,0,13,15.0,0,0,0
0.009303805409874752,0,22,19.473381555285503,0,0,0
0.026417028173806194,0,22,15.0,0,0,0
0.003936165334840037,0,22,15.0,0,0,0
0.2,0,29,22.90539309913242,0,0,0
0.2,0,15,21.471338948048757,0,0,0
0.2,0,26,25.0916481524802,0,0,0
0.2,0,29,15.0,0,0,0
0.2,0,17,22.995346109830354,0,0,0
0.009537649583391658,0,28,15.0,0,0,0
0.2,0,37,15.0,0,0,0
0.2,0,26,15.0,0,0,0
0.2,0,10,15.0,0,0,0
0.2,0,38,21.752519708019218,0,0,0
0.2,0,33,15.0,0,0,0
0.2,0,27,15.0,0,0,0
0.2,0,10,15.0,0,0,0
0.2,0,13,15.0,0,0,0
0.2,0,13,23.985912582377814,0,0,0
0.2,0,44,23.974112268420875,0,0,0
0.2,0,22,15.0,0,0,0
0.2,0,27,19.213901935698416,0,0,0
0.2,0,38,53.94958235294591,0,0,0
0.004736448977544121,0,36,20.372898908026094,0,0,0
0.2,0,12,15.0,0,0,0
0.007678759504207407,0,48,15.0,0,0,0
0.2,0,20,22.765263656879107,0,0,0
0.2,0,41,15.0,0,0,0
0.2,0,44,22.009163992376788,0,0,0
0.2,0,32,15.0,0,0,0
0.2,0,16,24.37706619890234,0,0,0
0.2,0,32,20.430280456976462,0,0,0
0.02407449158747761,0,20,15.0,0,0,0
0.2,0,44,19.893506602192854,0,0,0
0.2,0,40,15.0,0,0,0
0.2,0,43,15.0,0,0,0
0.2,0,43,15.0,0,0,0
0.2,0,17,20.13237391705384,0,0,0
0.2,0,11,15.0,0,0,0
0.2,0,35,15.0,0,0,0
0.2,0,35,20.65506595109746,0,0,0
0.2,0,45,15.0,0,0,0
0.2,0,36,24.02715660527962,0,0,0
0.2,0,42,15.0,0,0,0
0.2,0,24,24.09046614659529,0,0,0
0.2,0,15,21.149628897049666,0,0,0
0.2,0,11,23.34981530442204,0,0,0
0.2,0,27,19.31552668421461,0,0,0
0.2,0,10,22.13168452153369,0,0,0
0.2,0,31,24.152158800956126,0,0,0
0.2,0,26,22.084596001102906,0,0,0
0.004020605333678067,0,20,33.42227475099283,0,0,0
0.2,0,34,22.603993418803473,0,0,0
0.2,0,37,15.0,0,0,0
0.02192833321753355,0,11,15.0,0,0,0
0.2,0,29,15.0,0,0,0
0.2,0,48,15.0,0,0,0
0.2,0,22,15.0,0,0,0
0.2,0,42,23.521935182565038,0,0,0
0.2,0,23,15.0,0,0,0
0.2,0,21,20.555280602507125,0,0,0
0.2,0,45,22.53870283223465,0,0,0
0.005865648381469496,0,24,15.0,0,0,0
0.2,0,45,19.416282561004028,0,0,0
0.2,0,36,33.37435334554488,0,0,0
0.2,0,43,15.0,0,0,0
0.2,0,43,22.395536355389652,0,0,0
0.03287196466280872,0,47,15.0,0,0,0
0.2,0,32,24.437662137264503,0,0,0
0.2,0,49,15.0,0,0,0
0.2,0,12,21.471435995304404,0,0,0
0.2,0,30,23.765627183413898,0,0,0
0.008480551871080677,0,26,20.091061261540496,0,0,0
0.0146947757630775,0,13,15.0,0,0,0
0.2,0,45,20.300393095258816,0,0,0
0.2,0,42,23.04488625060969,0,0,0
0.2,0,40,21.05542560170006,0,0,0
0.2,0,35,23.213879512147074,0,0,0
0.2,0,34,20.120097956299446,0,0,0
0.2,0,25,19.950786390443316,0,0,0
0.029974718976715973,0,38,15.0,0,0,0
0.2,0,49,23.625262343511046,0,0,0
0.004035859358441389,0,20,19.377026897630554,0,0,0
0.09402095765922482,0,23,22.966479960882893,0,0,0
0.002551130792434987,0,14,15.0,0,0,0
0.2,0,47,22.034594900304533,0,0,0
0.2,0,31,23.77697459758136,0,0,0
0.2,0,34,15.0,0,0,0
0.2,0,20,21.203953935534706,0,0,0
0.2,0,11,24.523807756578176,0,0,0
0.2,0,42,19.66729369181564,0,0,0
0.2,0,45,21.572266425297496,0,0,0
0.0019213010644602904,0,23,15.0,0,0,0
0.2,0,41,15.0,0,0,0
0.03799535167485657,0,33,15.0,0,0,0
0.2,0,36,23.500056499768633,0,0,0
0.2,0,17,23.491297373298142,0,0,0
0.2,0,35,18.89032249706797,0,0,0
0.2,0,16,20.027005040917615,0,0,0
0.2,0,18,15.0,0,0,0
0.2,0,24,22.940083842101714,0,0,0
0.2,0,18,20.649584036770896,0,0,0
0.2,0,47,15.0,0,0,0
0.2,0,11,22.527909010524446,0,0,0
0.2,0,47,21.62765534197724,0,0,0
0.2,0,16,15.0,0,0,0
0.2,0,45,19.297859107821036,0,0,0
0.2,0,23,15.0,0,0,0
0.0022916012411855285,0,47,15.0,0,0,0
0.2,0,32,21.20309477354244,0,0,0
0.2,0,30,22.492059730156285,0,0,0
0.2,0,15,23.763870297057675,0,0,0
0.0019410281859709277,0,27,15.0,0,0,0
0.2,0,32,19.11186824098739,0,0,0
0.2,0,50,15.0,0,0,0
0.2,0,20,24.02703450654907,0,0,0
0.2,0,13,18.817742082805665,0,0,0
0.2,0,20,15.0,0,0,0
0.2,0,19,19.915294402688904,0,0,0
0.2,0,48,15.0,0,0,0
0.2,0,16,21.49386619947721,0,0,0
0.2,0,50,19.576367679876256,0,0,0
0.2,0,14,33.566996362798726,0,0,0
0.02221053986571269,0,43,15.0,0,0,0
0.2,0,26,15.0,0,0,0
0.2,0,12,15.0,0,0,0
0.2,0,35,22.71962446508969,0,0,0
0.09661091399271172,0,39,30.791315422612815,0,0,0
0.2,0,44,15.0,0,0,0
0.01421326684026969,0,17,15.0,0,0,0
0.2,0,35,15.0,0,0,0
0.2,0,33,15.0,0,0,0
0.2,0,28,22.043868132447525,0,0,0
0.010168138717993144,0,46,20.36163381246719,0,0,0
0.2,0,27,25.201348665905925,0,0,0
0.2,0,25,24.08512519361515,0,0,0
0.03586176920009094,0,31,15.0,0,0,0
0.2,0,48,21.549861096958804,0,0,0
0.2,0,45,24.738521096018175,0,0,0
0.2,0,39,15.0,0,0,0
0.2,0,13,15.0,0,0,0
0.022516334558405827,0,22,15.0,0,0,0
0.009104505995764732,0,10,15.0,0,0,0
0.2,0,13,26.08754134807289,0,0,0
0.2,0,44,25.234041314211353,0,0,0
0.2,0,43,20.93568916027668,0,0,0
0.18774930744892138,0,14,19.110276936291115,0,0,0
0.2,0,28,15.0,0,0,0
0.010169698301607067,0,21,20.591227668269724,0,0,0
0.2,0,12,15.0,0,0,0
0.2,0,25,15.0,0,0,0
0.2,0,14,15.0,0,0,0
0.2,0,40,25.074979797663538,0,0,0
0.2,0,49,15.0,0,0,0
0.2,0,27,23.823796280294733,0,0,0
0.2,0,19,24.534615240641497,0,0,0
0.18960949128966237,0,30,18.547531097077513,0,0,0
0.2,0,49,15.0,0,0,0
0.2,0,16,15.0,0,0,0
0.2,0,37,25.921624406251837,0,0,0
0.2,0,13,22.51387332849616,0,0,0
0.2,0,22,15.0,0,0,0
0.13212847395917382,0,28,15.0,0,0,0
0.2,0,25,15.0,0,0,0
0.2,0,17,15.0,0,0,0
0.2,0,41,15.0,0,0,0
0.2,0,37,15.0,0,0,0
0.2,0,27,24.094793857806028,0,0,0
0.2,0,27,24.559481544476853,0,0,0
0.009009286732593071,0,13,15.0,0,0,0
0.2,0,37,15.0,0,0,0
0.0016920886551801454,0,19,15.0,0,0,0
0.2,0,22,23.000394813830475,0,0,0
0.2,0,45,15.0,0,0,0
0.2,0,36,15.0,0,0,0
0.2,0,38,15.0,0,0,0
0.054549933522774,0,20,15.0,0,0,0
0.2,0,30,15.0,0,0,0
0.019108920435918133,0,10,15.0,0,0,0
0.2,0,20,33.25380578267453,0,0,0
0.2,0,42,15.0,0,0,0
0.2,0,29,15.0,0,0,0
0.2,0,36,32.209580126423994,0,0,0
0.2,0,42,15.0,0,0,0
0.2,0,48,15.0,0,0,0
0.2,0,13,24.287282039758935,0,0,0
0.14988986715015665,0,33,15.0,0,0,0
0.2,0,50,24.88356233833475,0,0,0
0.014546898290246094,0,18,15.0,0,0,0
0.2,0,45,15.0,0,0,0
0.03826592792229069,0,33,15.0,0,0,0
0.2,0,23,15.0,0,0,0
0.003978737092164984,0,42,15.0,0,0,0
0.02849589001988369,0,45,15.0,0,0,0
0.009912430010279893,0,15,15.0,0,0,0
0.2,0,37,15.0,0,0,0
0.2,0,48,15.0,0,0,0
0.08270217303151937,0,37,19.195075155208826,0,0,0
0.2,0,32,22.05180013827201,0,0,0
0.2,0,15,15.0,0,0,0
0.13061210292452427,0,28,15.0,0,0,0
0.2,0,47,15.0,0,0,0
0.2,0,42,15.0,0,0,0
0.2,0,28,15.0,0,0,0
0.2,0,22,15.0,0,0,0
0.2,0,42,24.073715050932087,0,0,0
0.2,0,49,21.21894509854462,0,0,0
0.2,0,22,15.0,0,0,0
0.2,0,43,23.21227211355201,0,0,0
0.2,0,22,15.0,0,0,0
0.2,0,43,21.602629880828985,0,0,0
0.2,0,49,22.991618329513855,0,0,0
0.2,0,37,20.759568518452895,0,0,0
0.2,0,30,15.0,0,0,0
0.2,0,22,15.0,0,0,0
0.2,0,12,20.826192591859414,0,0,0
0.2,0,12,15.0,0,0,0
0.011499230170497539,0,44,15.0,0,0,0
0.2,0,37,15.0,0,0,0
0.0018939752729771745,0,19,15.0,0,0,0
0.2,0,32,23.243822910829703,0,0,0
0.2,0,46,15.0,0,0,0
0.08084910914726491,0,36,15.0,0,0,0
0.2,0,47,25.843738797477375,0,0,0
0.0018101958795252188,0,14,15.0,0,0,0
0.2,0,12,20.05518958806171,0,0,0
0.2,0,37,15.0,0,0,0
0.2,0,33,15.0,0,0,0
0.2,0,38,70.0,0,0,0
0.2,0,50,20.495260971037297,0,0,0
0.2,0,14,15.0,0,0,0
0.2,0,48,15.0,0,0,0
0.0071574124392936814,0,12,15.0,0,0,0
0.2,0,31,15.0,0,0,0
0.2,0,44,15.0,0,0,0
0.2,0,37,15.0,0,0,0
0.2,0,19,15.0,0,0,0
0.2,0,34,28.965585132192246,0,0,0
0.015355158670423228,0,46,21.838171500733164,0,0,0
0.2,0,18,15.0,0,0,0
0.2,0,48,15.0,0,0,0
0.2,0,36,24.052177133978695,0,0,0
0.2,0,13,15.0,0,0,0
0.2,0,23,23.550772528866318,0,0,0
0.2,0,45,15.0,0,0,0
0.0023104549014585332,0,23,15.0,0,0,0
0.0026416824942365057,0,48,15.0,0,0,0
0.2,0,27,15.0,0,0,0
0.2,0,24,24.117013784860255,0,0,0
0.2,0,44,15.0,0,0,0
0.2,0,42,22.305669483878084,0,0,0
0.0016273701283226634,0,19,15.0,0,0,0
0.2,0,42,24.14156301515247,0,0,0
0.2,0,20,23.020571857845518,0,0,0
0.2,0,46,25.284303915133076,0,0,0
0.2,0,10,20.209672169368833,0,0,0
0.2,0,37,22.26920897925472,0,0,0
0.2,0,16,15.0,0,0,0
0.2,0,37,21.303677011793003,0,0,0
0.029270113273645513,0,50,15.0,0,0,0
0.2,0,37,15.0,0,0,0
0.2,0,27,15.0,0,0,0
0.2,0,43,15.0,0,0,0
0.2,0,18,20.01923717503733,0,0,0
0.2,0,32,15.0,0,0,0
0.2,0,49,15.0,0,0,0
0.2,0,24,15.0,0,0,0
0.2,0,11,19.32777607202787,0,0,0
0.2,0,28,15.0,0,0,0
0.2,0,29,15.0,0,0,0
0.2,0,43,15.0,0,0,0
0.049903856879822184,0,42,15.0,0,0,0
0.2,0,23,15.0,0,0,0
0.2,0,41,15.0,0,0,0
0.2,0,15,15.0,0,0,0
0.2,0,17,15.0,0,0,0
0.2,0,34,15.0,0,0,0
0.2,0,39,15.0,0,0,0
0.2,0,43,28.14450091943091,0,0,0
0.2,0,35,21.14331692417718,0,0,0
0.2,0,15,15.0,0,0,0
0.2,0,37,15.0,0,0,0
0.2,0,27,15.0,0,0,0
0.03713420110817779,0,20,15.0,0,0,0
0.2,0,23,20.99755483551515,0,0,0
0.2,0,43,15.0,0,0,0
0.2,0,17,15.0,0,0,0
0.2,0,32,20.646018221075824,0,0,0
0.2,0,13,22.779055129969045,0,0,0
0.030932591088350916,0,39,15.0,0,0,0
0.2,0,16,22.05037250405604,0,0,0
0.2,0,48,15.0,0,0,0
0.0010464861221059526,0,46,21.232313624193743,0,0,0
0.2,0,45,15.0,0,0,0
0.030633706426249577,0,24,15.0,0,0,0
0.008681839163950711,0,42,15.0,0,0,0
0.2,0,15,24.013492758942522,0,0,0
0.2,0,21,15.0,0,0,0
0.0661975080185757,0,15,15.0,0,0,0
0.2,0,12,15.0,0,0,0
0.2,0,25,15.0,0,0,0
0.2,0,33,15.0,0,0,0
0.2,0,45,23.252127276113576,0,0,0
0.2,0,11,18.42844522647999,0,0,0
0.2,0,26,30.34919757664486,0,0,0
0.2,0,39,22.059277799841205,0,0,0
0.2,0,18,15.0,0,0,0
0.2,0,40,21.162612556736825,0,0,0
0.2,0,33,18.429628612775527,0,0,0
0.2,0,33,15.0,0,0,0
0.011932836635645351,0,15,15.0,0,0,0
0.2,0,16,15.0,0,0,0
0.2,0,45,15.0,0,0,0
0.2,0,45,15.0,0,0,0
0.14570802799582067,0,28,15.0,0,0,0
0.020528923137191943,0,34,21.93903937285313,0,0,0
0.09648790809212338,0,32,18.1415426842227,0,0,0
0.2,0,31,15.0,0,0,0
0.06325153971967354,0,39,15.0,0,0,0
0.10223547193895911,0,33,15.0,0,0,0
0.2,0,15,23.422726528944988,0,0,0
0.2,0,13,22.060678689111796,0,0,0
0.04684858964532647,0,44,15.0,0,0,0
0.2,0,40,22.42521212395185,0,0,0
0.2,0,18,21.80137817997848,0,0,0
0.051748707644306266,0,12,19.989619198442742,0,0,0
0.2,0,18,23.30421467558721,0,0,0
0.2,0,33,15.0,0,0,0
0.004106077732969469,0,33,21.20665522011059,0,0,0
0.2,0,16,24.20446869394192,0,0,0
0.2,0,17,22.00730123755501,0,0,0
0.05302272034858863,0,18,22.66942924385132,0,0,0
0.2,0,28,15.0,0,0,0
0.004876298086179449,0,19,21.41488864399583,0,0,0
0.2,0,28,15.0,0,0,0
0.05277024835273022,0,10,15.0,0,0,0
0.2,0,48,15.0,0,0,0
0.2,0,46,18.947646946804202,0,0,0
0.02035387669932104,0,23,21.281312827332066,0,0,0
0.006058251119237293,0,42,15.0,0,0,0
0.18054004371658666,0,31,19.009269986230507,0,0,0
0.2,0,11,15.0,0,0,0
0.0014594937357998955,0,21,15.0,0,0,0
0.2,0,12,15.0,0,0,0
0.03293026929297303,0,39,15.0,0,0,0
0.2,0,42,20.60329787148882,0,0,0
0.2,0,35,15.0,0,0,0
0.2,0,10,34.57816639210123,0,0,0
0.2,0,19,23.73869687546181,0,0,0
0.2,0,29,15.0,0,0,0
0.2,0,15,15.0,0,0,0
0.2,0,14,15.0,0,0,0
0.11127017963473321,0,22,20.652605590229797,0,0,0
0.2,0,34,20.444127077914874,0,0,0
0.2,0,13,15.0,0,0,0
0.2,0,50,18.65565369154848,0,0,0
0.2,0,28,22.875546290013244,0,0,0
0.2,0,17,22.059955394365574,0,0,0
0.2,0,10,15.0,0,0,0
0.034042234093833786,0,49,15.0,0,0,0
0.0028430524377859754,0,34,15.0,0,0,0
0.032960257797956756,0,45,15.0,0,0,0
0.05931968040195066,0,41,15.0,0,0,0
0.2,0,50,15.0,0,0,0
0.0064004796740307224,0,46,15.0,0,0,0
0.2,0,41,21.428885432495058,0,0,0
0.2,0,44,15.0,0,0,0
0.2,0,45,20.190194239225715,0,0,0
0.2,0,20,23.11850028482591,0,0,0
0.2,0,34,15.0,0,0,0
0.006163096692049145,0,50,15.0,0,0,0
0.2,0,45,19.00297455475438,0,0,0
0.2,0,14,20.66279805540971,0,0,0
0.00836308247716065,0,14,22.366315380305174,0,0,0
0.2,0,18,15.0,0,0,0
0.2,0,40,22.51397625640223,0,0,0
0.2,0,26,19.79955935613436,0,0,0
0.2,0,35,23.354762530530373,0,0,0
0.2,0,15,28.148509367659663,0,0,0
0.01391255196588598,0,12,15.0,0,0,0
0.2,0,41,19.55244475512423,0,0,0
0.2,0,21,20.295045572139504,0,0,0
0.2,0,11,15.0,0,0,0
0.2,0,18,15.0,0,0,0
0.2,0,23,22.337358203602303,0,0,0
0.2,0,26,15.0,0,0,0
0.2,0,46,15.0,0,0,0
0.2,0,18,23.12425659933697,0,0,0
0.005076615810312676,0,34,22.1272124475041,0,0,0
0.012735296127519896,0,21,15.0,0,0,0
0.2,0,30,21.92728732468838,0,0,0
0.2,0,22,21.604397018777163,0,0,0
0.2,0,24,19.023533438238985,0,0,0
0.008449135932783621,0,34,21.441092807886115,0,0,0
0.2,0,34,15.0,0,0,0
0.010153931573614635,0,15,21.203509719429398,0,0,0
0.2,0,16,19.958461392208587,0,0,0
0.2,0,19,20.643026273615202,0,0,0
0.2,0,46,15.0,0,0,0
0.2,0,23,23.46181250090556,0,0,0
0.2,0,33,15.0,0,0,0
0.2,0,28,19.262494129940904,0,0,0
0.2,0,24,20.469765841154196,0,0,0
0.2,0,11,21.48799395129998,0,0,0
0.005089827336054055,0,28,29.565039291313514,0,0,0
0.2,0,50,24.328843351092004,0,0,0
0.2,0,48,21.452451192791855,0,0,0
0.2,0,22,15.0,0,0,0
0.2,0,31,20.39509474199853,0,0,0
0.2,0,21,15.0,0,0,0
0.2,0,47,21.83550671038723,0,0,0
0.016972503104378665,0,32,15.0,0,0,0
0.2,0,47,23.836134846466397,0,0,0
0.08082360055969064,0,45,15.0,0,0,0
0.2,0,23,21.244562728359778,0,0,0
0.00954289767393096,0,28,21.50872891566565,0,0,0
0.0032887409116367826,0,33,15.0,0,0,0
0.2,0,20,15.0,0,0,0
0.2,0,44,20.442728528139163,0,0,0
0.2,0,33,21.661511100871465,0,0,0
0.2,0,18,21.158241137159475,0,0,0
0.2,0,29,15.0,0,0,0
0.2,0,43,23.024428937364128,0,0,0
0.2,0,27,15.0,0,0,0
0.01066052348495919,0,39,19.745525149466012,0,0,0
0.2,0,50,15.0,0,0,0
0.2,0,23,22.726812343663074,0,0,0
0.2,0,50,15.0,0,0,0
0.2,0,26,18.9465475983984,0,0,0
0.2,0,33,20.16598834039612,0,0,0
0.2,0,41,15.0,0,0,0
0.2,0,12,22.259515412506744,0,0,0
0.2,0,38,20.774668070011884,0,0,0
0.2,0,33,15.0,0,0,0
0.2,0,36,21.940475834463747,0,0,0
0.2,0,49,33.11183863931495,0,0,0
0.2,0,29,22.999592374152943,0,0,0
0.2,0,47,15.0,0,0,0
0.2,0,33,24.179640465164873,0,0,0
0.05694664850547749,0,18,15.0,0,0,0
0.2,0,36,15.0,0,0,0
0.2,0,17,15.0,0,0,0
0.0041240510681931665,0,46,20.288584206401744,0,0,0
0.2,0,16,15.0,0,0,0
0.2,0,30,24.73660116805894,0,0,0
0.2,0,43,21.058616316025407,0,0,0
0.06869956721648025,0,10,15.0,0,0,0
0.2,0,30,15.0,0,0,0
0.2,0,30,20.170228002388228,0,0,0
0.08847057505475218,0,23,15.0,0,0,0
0.2,0,37,24.474017087019416,0,0,0
0.2,0,23,23.910840296532825,0,0,0
0.2,0,25,21.410659737364593,0,0,0
0.2,0,21,21.040160684508635,0,0,0
0.2,0,35,15.0,0,0,0
0.2,0,46,15.0,0,0,0
0.2,0,17,15.0,0,0,0
0.0055658522109950535,0,26,15.0,0,0,0
0.2,0,19,24.573983438253425,0,0,0
0.2,0,20,21.08674908108158,0,0,0
0.2,0,49,15.0,0,0,0
0.2,0,39,15.0,0,0,0
0.2,0,48,15.0,0,0,0
0.2,0,36,23.879932506073573,0,0,0
0.2,0,37,15.0,0,0,0
0.02050659394079133,0,39,69.04985009372561,0,0,0
0.2,0,36,19.80944658128753,0,0,0
0.2,0,43,23.064152824521585,0,0,0
0.2,0,23,15.0,0,0,0
0.2,0,14,15.0,0,0,0
0.2,0,30,22.664937579313534,0,0,0
0.048994527216030315,0,10,15.0,0,0,0
0.2,0,11,21.578754116221752,0,0,0
0.2,0,12,22.662962976807883,0,0,0
0.035960664086486745,0,13,15.0,0,0,0
0.2,0,38,22.525797090643596,0,0,0
0.2,0,34,24.70813750893878,0,0,0
0.2,0,48,18.180388150674347,0,0,0
0.2,0,21,15.0,0,0,0
0.2,0,23,24.814140193810683,0,0,0
0.2,0,30,25.21455294792265,0,0,0
0.2,0,42,22.467796333208604,0,0,0
0.004513768322499116,0,48,21.37851012134082,0,0,0
0.1779117252937292,0,39,23.15519553177201,0,0,0
0.0061576935281415154,0,30,15.0,0,0,0
0.2,0,50,24.9543893549072,0,0,0
0.2,0,17,15.0,0,0,0
0.2,0,29,15.0,0,0,0
0.2,0,20,70.0,0,0,0
0.2,0,16,15.0,0,0,0
0.0402269234717194,0,26,15.0,0,0,0
0.2,0,41,15.0,0,0,0
0.2,0,23,15.0,0,0,0
0.010227644615830216,0,43,20.85838326536608,0,0,0
0.2,0,35,15.0,0,0,0
0.0017410144091818992,0,38,15.0,0,0,0
0.002223098773797555,0,19,15.0,0,0,0
0.2,0,45,15.0,0,0,0
0.2,0,18,15.0,0,0,0
0.1092766366546314,0,25,15.0,0,0,0
0.2,0,42,18.002789259664937,0,0,0
0.2,0,38,15.0,0,0,0
0.01250066829701531,0,22,15.0,0,0,0
0.2,0,20,22.20385976493033,0,0,0
0.2,0,27,22.649031071842114,0,0,0
0.16192076011183734,0,28,15.0,0,0,0
0.2,0,12,15.0,0,0,0
0.2,0,19,24.06582372516888,0,0,0
0.0504174772397129,0,16,15.0,0,0,0
0.2,0,16,24.409319240418583,0,0,0
0.04672566745255183,0,24,15.0,0,0,0
0.2,0,11,15.0,0,0,0
0.006217865650201991,0,37,15.0,0,0,0
0.2,0,37,15.0,0,0,0
0.05159719329307655,0,19,15.0,0,0,0
0.2,0,45,15.0,0,0,0
0.2,0,34,21.8229738557373,0,0,0
0.04539808051113208,0,22,15.0,0,0,0
0.2,0,17,20.403449032027364,0,0,0
0.2,0,27,20.70804948877615,0,0,0
0.2,0,49,22.17153400543473,0,0,0
0.2,0,10,32.32818906359985,0,0,0
0.06683221791690298,0,10,18.725378859976406,0,0,0
0.2,0,26,15.0,0,0,0
0.2,0,47,15.0,0,0,0
0.2,0,21,23.823062029590183,0,0,0
0.2,0,40,15.0,0,0,0
0.2,0,33,19.71758969160705,0,0,0
0.025784361939532277,0,18,15.0,0,0,0
0.2,0,47,15.0,0,0,0
0.005236606887786581,0,16,15.0,0,0,0
0.2,0,30,20.49080119462281,0,0,0
0.2,0,37,15.0,0,0,0
0.2,0,37,15.0,0,0,0
0.027884877680810216,0,45,15.0,0,0,0
0.2,0,38,20.104788180924583,0,0,0
0.2,0,36,21.887222473903982,0,0,0
0.2,0,16,22.291671928653688,0,0,0
0.2,0,22,21.56289227228534,0,0,0
0.2,0,24,33.54279523108951,0,0,0
0.2,0,25,20.912356680085743,0,0,0
0.2,0,14,15.0,0,0,0
0.10709572316488083,0,13,28.408309055711598,0,0,0
0.2,0,28,25.393458003504207,0,0,0
0.2,0,39,19.072015041921507,0,0,0
0.2,0,46,15.0,0,0,0
0.2,0,48,15.0,0,0,0
0.2,0,29,20.052674402950114,0,0,0
0.038167959310471004,0,46,15.0,0,0,0
0.2,0,28,20.866041252934128,0,0,0
0.2,0,29,19.220147670814065,0,0,0
0.2,0,18,15.0,0,0,0
0.008115598823806476,0,35,15.0,0,0,0
0.2,0,22,21.280667796917392,0,0,0
0.2,0,29,18.227960925890613,0,0,0
0.2,0,48,24.96433552101195,0,0,0
0.021150041531401414,0,32,15.0,0,0,0
0.2,0,22,21.253503517817514,0,0,0
0.02833593740443716,0,37,15.0,0,0,0
0.2,0,39,21.468650085254573,0,0,0
0.2,0,34,31.795699587627833,0,0,0
0.2,0,11,22.28725138834781,0,0,0
0.2,0,19,15.0,0,0,0
0.15170907437565778,0,15,22.893630745224314,0,0,0
0.2,0,49,15.0,0,0,0
0.2,0,22,24.08971529092175,0,0,0
0.2,0,29,15.0,0,0,0
0.2,0,46,26.82199868737416,0,0,0
0.2,0,50,22.773967503339392,0,0,0
0.06543849177251522,0,18,15.0,0,0,0
0.004984063036432658,0,45,18.122148141681457,0,0,0
0.2,0,39,15.0,0,0,0
0.0038524502769721816,0,35,15.0,0,0,0
0.2,0,16,20.325346077101194,0,0,0
0.0023349992546856228,0,38,15.0,0,0,0
0.2,0,35,15.0,0,0,0
0.2,0,28,19.652228455305437,0,0,0
0.0015527449041514156,0,34,15.0,0,0,0
0.2,0,18,21.13716978277333,0,0,0
0.2,0,35,15.0,0,0,0
0.2,0,16,22.603412066381278,0,0,0
0.2,0,21,19.762523218271344,0,0,0
0.2,0,30,20.08285390988755,0,0,0
0.2,0,16,23.902394172579104,0,0,0
0.2,0,47,15.0,0,0,0
0.2,0,46,15.0,0,0,0
0.2,0,29,21.767316843381977,0,0,0
0.2,0,33,15.0,0,0,0
0.2,0,21,15.0,0,0,0
0.2,0,18,15.0,0,0,0
0.008397138976291334,0,49,15.0,0,0,0
0.10415672594364536,0,26,33.20563332102251,0,0,0
0.2,0,49,15.0,0,0,0
0.004413364290970401,0,12,25.17451454559124,0,0,0
0.2,0,14,15.0,0,0,0
0.2,0,29,23.808279178805233,0,0,0
0.2,0,42,21.736884048389395,0,0,0
0.004293641236463255,0,27,15.0,0,0,0
0.2,0,44,19.920952175744986,0,0,0
0.2,0,15,24.76947227083439,0,0,0
0.2,0,45,15.0,0,0,0
0.16692443790191852,0,28,15.0,0,0,0
0.013016411122833093,0,21,15.0,0,0,0
0.2,0,36,15.0,0,0,0
0.2,0,41,23.882637464456913,0,0,0
0.2,0,48,21.53308146007834,0,0,0
0.2,0,13,21.699001249634176,0,0,0
0.2,0,38,15.0,0,0,0
0.2,0,22,15.0,0,0,0
0.2,0,30,15.0,0,0,0
0.2,0,28,24.826081800664692,0,0,0
0.2,0,41,15.0,0,0,0
0.2,0,26,22.332130786931632,0,0,0
0.2,0,21,22.398719529699935,0,0,0
0.2,0,29,18.680028217890737,0,0,0
0.017951743708588618,0,37,15.0,0,0,0
0.2,0,44,21.47681169838734,0,0,0
0.2,0,10,15.0,0,0,0
0.2,0,33,24.006216599812323,0,0,0
0.2,0,12,15.0,0,0,0
0.2,0,35,15.0,0,0,0
0.2,0,35,33.9277168500095,0,0,0
0.2,0,45,15.0,0,0,0
0.2,0,17,23.10244440050672,0,0,0
0.2,0,42,20.499438628088132,0,0,0
0.2,0,38,18.931906666166864,0,0,0
0.2,0,37,15.0,0,0,0
0.2,0,36,15.0,0,0,0
0.2,0,32,15.0,0,0,0
0.001,0,12,20.304139176118,0,0,0
0.2,0,43,19.712668288332875,0,0,0
0.2,0,26,15.0,0,0,0
0.2,0,14,15.0,0,0,0
0.2,0,35,15.0,0,0,0
0.2,0,48,15.0,0,0,0
0.2,0,39,15.0,0,0,0
0.02030463740387283,0,20,15.0,0,0,0
0.03706910808584048,0,43,15.0,0,0,0
0.2,0,44,21.035081486903152,0,0,0
0.2,0,23,18.256559152268615,0,0,0
0.2,0,31,22.527071379860608,0,0,0
0.2,0,44,21.698431230431073,0,0,0
0.2,0,16,21.26679181678113,0,0,0
0.010523348491554676,0,24,23.948545459931854,0,0,0
0.004843696497313776,0,28,20.10972190166678,0,0,0
0.0032166936060743848,0,10,15.0,0,0,0
0.2,0,16,24.260426975888862,0,0,0
0.1696482753540781,0,35,22.61411837914382,0,0,0
0.06142224933558177,0,20,15.0,0,0,0
0.2,0,19,15.0,0,0,0
0.2,0,22,15.0,0,0,0
0.2,0,15,21.03167033553893,0,0,0
0.2,0,36,20.555090236673273,0,0,0
0.2,0,20,15.0,0,0,0
0.2,0,36,21.958400904215896,0,0,0
0.2,0,43,15.0,0,0,0
0.2,0,29,15.0,0,0,0
0.2,0,47,21.153809832177053,0,0,0
0.0019810011942565367,0,18,15.0,0,0,0
0.2,0,49,22.028174734135906,0,0,0
0.2,0,23,20.00363114679974,0,0,0
0.2,0,22,19.690632064480468,0,0,0
0.2,0,50,15.0,0,0,0
0.2,0,28,15.0,0,0,0
0.2,0,40,22.050450091988683,0,0,0
0.2,0,42,15.0,0,0,0
0.2,0,28,15.0,0,0,0
0.2,0,23,21.677402897946937,0,0,0
0.2,0,30,20.866657908337793,0,0,0
0.2,0,25,15.0,0,0,0
0.2,0,27,25.67127703597427,0,0,0
0.2,0,19,20.703114413230274,0,0,0
0.2,0,47,15.0,0,0,0
0.2,0,33,24.154806409028815,0,0,0
0.0089842827220278,0,42,19.913627638192025,0,0,0
0.028080745890347994,0,37,19.603867830479174,0,0,0
0.19477526540874185,0,24,22.69990291717663,0,0,0
0.11280220581221095,0,23,15.0,0,0,0
0.2,0,50,18.813024477759484,0,0,0
0.10226045937920984,0,10,21.768356902133746,0,0,0
0.2,0,22,23.030796751399414,0,0,0
0.2,0,40,22.035038046057327,0,0,0
0.2,0,32,22.301959205334143,0,0,0
0.2,0,35,15.0,0,0,0
0.2,0,10,19.211405639663685,0,0,0
0.2,0,18,15.0,0,0,0
0.2,0,34,15.0,0,0,0
0.2,0,22,18.086557395504585,0,0,0
0.2,0,29,20.83922596658708,0,0,0
0.12652033174035937,0,49,38.979190699343796,0,0,0
0.2,0,36,23.25715745281157,0,0,0
0.2,0,35,19.146066802854737,0,0,0
0.07975031874867643,0,18,15.0,0,0,0
0.2,0,34,20.90754104881223,0,0,0
0.2,0,49,23.082702386047185,0,0,0
0.2,0,36,18.68260169361698,0,0,0
0.2,0,42,21.65885313375964,0,0,0
0.2,0,49,20.89412516229081,0,0,0
0.2,0,46,24.288561776389148,0,0,0
0.2,0,23,22.72910893887118,0,0,0
0.2,0,22,19.669634753202285,0,0,0
0.2,0,21,19.335248900770306,0,0,0
0.2,0,41,15.0,0,0,0
0.2,0,25,70.0,0,0,0
0.2,0,43,15.0,0,0,0
0.2,0,42,15.0,0,0,0
0.2,0,37,15.0,0,0,0
0.11984554205397306,0,14,23.05928963725775,0,0,0
0.01509185544707936,0,39,15.0,0,0,0
0.2,0,18,15.0,0,0,0
0.2,0,32,15.0,0,0,0
0.2,0,19,20.560246237412574,0,0,0
0.2,0,12,15.0,0,0,0
0.2,0,36,19.587143563633283,0,0,0
0.0077568331413466725,0,28,18.299339736550635,0,0,0
0.2,0,36,20.568148717986816,0,0,0
0.2,0,30,23.617568706740816,0,0,0
0.004108916030231437,0,25,18.09679062454055,0,0,0
0.2,0,10,23.990537026018828,0,0,0
0.2,0,21,22.020937979129165,0,0,0
0.010763811683007241,0,46,20.667083645374532,0,0,0
0.005174318833029208,0,40,20.37406416983931,0,0,0
0.2,0,29,22.648241246786775,0,0,0
0.2,0,11,15.0,0,0,0
0.2,0,50,15.0,0,0,0
0.2,0,40,15.0,0,0,0
0.2,0,10,20.59053895879802,0,0,0
0.09737492658811857,0,18,15.0,0,0,0
0.2,0,16,23.49490436527309,0,0,0
0.2,0,47,15.0,0,0,0
0.015850952702404997,0,49,15.0,0,0,0
0.2,0,26,25.120236326652062,0,0,0
0.2,0,17,15.0,0,0,0
0.2,0,36,24.649738886694095,0,0,0
0.2,0,21,15.0,0,0,0
0.2,0,14,22.426878513981077,0,0,0
0.00976873789547496,0,20,21.164762588574447,0,0,0
0.2,0,20,15.0,0,0,0
0.2,0,12,15.0,0,0,0
0.2,0,38,31.337467812174555,0,0,0
0.2,0,24,15.0,0,0,0
0.2,0,32,19.444206486338036,0,0,0
0.2,0,32,21.967060767904705,0,0,0
0.2,0,41,22.350535208597215,0,0,0
0.1877803951903305,0,41,15.0,0,0,0
0.2,0,33,20.13407902459541,0,0,0
0.2,0,44,23.727455737506315,0,0,0
0.2,0,33,15.0,0,0,0
0.2,0,11,15.0,0,0,0
0.2,0,45,70.0,0,0,0
0.2,0,41,15.0,0,0,0
0.2,0,27,19.859442828773894,0,0,0
0.2,0,25,15.0,0,0,0
0.2,0,46,15.0,0,0,0
0.015602006204168586,0,27,15.0,0,0,0
0.2,0,25,21.78280967998317,0,0,0
0.2,0,40,15.0,0,0,0
0.008592288575416055,0,23,15.0,0,0,0
0.2,0,26,15.0,0,0,0
0.2,0,41,15.0,0,0,0
0.12351517371910067,0,19,20.959028768522067,0,0,0
0.2,0,10,22.470559265790637,0,0,0
0.2,0,23,21.303216610186283,0,0,0
0.2,0,17,24.915750818874937,0,0,0
0.2,0,24,15.0,0,0,0
0.2,0,12,15.0,0,0,0
0.2,0,34,21.422752142172325,0,0,0
0.2,0,30,15.0,0,0,0
0.2,0,21,24.470293160502575,0,0,0
0.005845425594958713,0,35,15.0,0,0,0
0.017074771543430817,0,15,19.671656762936344,0,0,0
0.010341310512175959,0,10,15.0,0,0,0
0.00552701435532975,0,29,15.0,0,0,0
0.2,0,16,27.95497658945465,0,0,0
0.2,0,45,15.0,0,0,0
0.2,0,22,15.0,0,0,0
0.2,0,27,21.292726053537375,0,0,0
0.2,0,22,20.196943706281697,0,0,0
0.2,0,27,15.0,0,0,0
0.2,0,13,15.0,0,0,0
0.2,0,48,15.0,0,0,0
0.07464060988244461,0,17,22.068284137080024,0,0,0
0.03991856707880518,0,26,15.0,0,0,0
0.2,0,44,25.55491219860269,0,0,0
0.02016432515007225,0,27,15.0,0,0,0
0.2,0,38,15.0,0,0,0
0.02643713763350622,0,12,15.0,0,0,0
0.2,0,22,15.0,0,0,0
0.2,0,41,24.043221498298877,0,0,0
0.2,0,20,15.0,0,0,0
0.2,0,26,15.0,0,0,0
0.00474890624372987,0,13,27.98988443298033,0,0,0
0.004200575835214832,0,30,19.718232862558363,0,0,0
0.2,0,24,15.0,0,0,0
0.2,0,45,22.058522581692692,0,0,0
0.2,0,26,19.523775912992576,0,0,0
0.2,0,43,23.591887799925377,0,0,0
0.11434967844242665,0,47,22.772377190516654,0,0,0
0.2,0,44,23.76742841778898,0,0,0
0.2,0,40,21.368604148594862,0,0,0
0.2,0,33,24.437690705415363,0,0,0
0.08835492770502738,0,29,22.08069017037765,0,0,0
0.2,0,13,15.0,0,0,0
0.2,0,15,23.18105064507319,0,0,0
0.2,0,25,15.0,0,0,0
0.2,0,36,15.0,0,0,0
0.2,0,10,15.0,0,0,0
0.2,0,48,20.504254132204757,0,0,0
0.2,0,50,52.56252071703471,0,0,0
0.010993297853736452,0,13,20.313801423101424,0,0,0
0.2,0,13,15.0,0,0,0
0.2,0,44,15.0,0,0,0
0.2,0,18,20.89650243332331,0,0,0
0.2,0,17,15.0,0,0,0
0.2,0,17,21.261350661158573,0,0,0
0.2,0,38,24.201149936566644,0,0,0
0.2,0,15,23.210608856670184,0,0,0
0.2,0,17,20.011101130240576,0,0,0
0.2,0,26,23.02758228973845,0,0,0
0.0022251075429815022,0,34,15.0,0,0,0
0.2,0,50,15.0,0,0,0
0.2,0,19,15.0,0,0,0
0.2,0,20,15.0,0,0,0
0.2,0,32,15.0,0,0,0
0.2,0,27,24.416819633026705,0,0,0
0.2,0,34,15.0,0,0,0
0.2,0,20,24.9085070795033,0,0,0
0.001,0,35,15.0,0,0,0
0.2,0,47,15.0,0,0,0
0.2,0,37,24.294944873413623,0,0,0
0.2,0,40,15.0,0,0,0
0.15087134638335695,0,12,27.44662406010318,0,0,0
0.2,0,46,15.0,0,0,0
0.2,0,38,15.0,0,0,0
0.2,0,35,15.0,0,0,0
0.2,0,16,21.655548332471312,0,0,0
0.008737549586074908,0,32,15.0,0,0,0
0.2,0,37,15.0,0,0,0
0.2,0,35,23.50272453241003,0,0,0
0.2,0,15,21.06833277076583,0,0,0
0.013229277409215498,0,11,21.618150588815684,0,0,0
0.2,0,29,15.0,0,0,0
0.2,0,39,23.240446837508458,0,0,0
0.2,0,25,20.78998273831353,0,0,0
0.2,0,38,52.20895413580633,0,0,0
0.027192766530222845,0,49,15.0,0,0,0
0.009223267908771912,0,46,15.0,0,0,0
0.2,0,35,70.0,0,0,0
0.2,0,39,15.0,0,0,0
0.2,0,13,18.954268267857202,0,0,0
0.2,0,13,20.257709895099325,0,0,0
0.2,0,38,19.46197754338748,0,0,0
0.2,0,42,22.105879978062866,0,0,0
0.2,0,17,23.070444184496782,0,0,0
0.2,0,34,15.0,0,0,0
0.2,0,21,15.0,0,0,0
0.00851912076900542,0,14,15.0,0,0,0
0.2,0,25,20.76226556891948,0,0,0
0.03478839723509074,0,28,15.0,0,0,0
0.2,0,41,15.0,0,0,0
0.0020181017729039063,0,45,15.0,0,0,0
0.2,0,48,20.57059413763593,0,0,0
0.2,0,14,22.872372865565147,0,0,0
0.2,0,47,20.568262523375605,0,0,0
0.2,0,31,22.88589968711175,0,0,0
0.2,0,16,24.599907661576836,0,0,0
0.2,0,36,27.977058134141163,0,0,0
0.07958445670531111,0,12,15.0,0,0,0
0.048389957080337116,0,28,15.0,0,0,0
0.2,0,43,21.186289676744018,0,0,0
0.2,0,49,24.226386086769054,0,0,0
0.2,0,21,19.883878281119124,0,0,0
0.013361232095899669,0,17,15.0,0,0,0
0.2,0,33,21.629063433309792,0,0,0
0.2,0,16,15.0,0,0,0
0.07584745428209283,0,50,15.0,0,0,0
0.012709098054882738,0,23,15.0,0,0,0
0.101082848565663,0,17,15.0,0,0,0
0.2,0,19,21.580059964123592,0,0,0
0.2,0,25,21.085721804526706,0,0,0
0.2,0,40,18.907734666031097,0,0,0
0.2,0,45,15.0,0,0,0
0.017367635092317073,0,40,15.0,0,0,0
0.2,0,36,21.38833459874792,0,0,0
0.2,0,21,18.72393813880443,0,0,0
0.2,0,48,23.01961074655955,0,0,0
0.2,0,50,19.563955738557418,0,0,0
0.2,0,35,15.0,0,0,0
0.2,0,42,15.0,0,0,0
0.2,0,22,21.62215075945537,0,0,0
0.2,0,28,15.0,0,0,0
0.2,0,43,26.005467808685133,0,0,0
0.2,0,27,22.958005249784872,0,0,0
0.2,0,41,15.0,0,0,0
0.2,0,45,22.731632866084478,0,0,0
0.2,0,48,23.16776948363025,0,0,0
0.2,0,21,15.0,0,0,0
0.004398679317893852,0,29,18.139260740807202,0,0,0
0.2,0,25,15.0,0,0,0
0.2,0,30,18.372869888520427,0,0,0
0.0052743720902888435,0,40,23.780198595841064,0,0,0
0.2,0,23,15.0,0,0,0
0.2,0,19,20.77121882634232,0,0,0
0.2,0,21,21.973349485427786,0,0,0
0.001995348615881887,0,41,15.0,0,0,0
0.2,0,50,20.835562435402196,0,0,0
0.2,0,14,15.0,0,0,0
0.2,0,50,15.0,0,0,0
0.2,0,11,15.0,0,0,0
0.2,0,31,15.0,0,0,0
0.18663103458608066,0,15,19.414095041554734,0,0,0
0.2,0,49,15.0,0,0,0
0.05836450839877413,0,41,15.0,0,0,0
0.2,0,24,21.318804070564816,0,0,0
0.012858110546895537,0,38,15.0,0,0,0
0.2,0,44,20.012254597730752,0,0,0
0.2,0,18,19.84725318419692,0,0,0
0.2,0,36,20.20874609208913,0,0,0
0.2,0,22,19.802354571093037,0,0,0
0.2,0,39,24.779666941163303,0,0,0
0.2,0,33,15.0,0,0,0
0.2,0,39,15.0,0,0,0
0.2,0,36,70.0,0,0,0
0.2,0,36,24.296773231213116,0,0,0
0.2,0,13,24.401016013433217,0,0,0
0.2,0,44,23.768743111124955,0,0,0
0.2,0,17,20.676005403436765,0,0,0
0.2,0,26,22.67251255874771,0,0,0
0.2,0,30,15.0,0,0,0
0.2,0,44,23.077107715066628,0,0,0
0.2,0,35,15.0,0,0,0
0.2,0,17,23.62704199705687,0,0,0
0.2,0,21,15.0,0,0,0
0.2,0,18,15.0,0,0,0
0.001,0,34,19.14743142375236,0,0,0
0.2,0,39,24.43542545294401,0,0,0
0.2,0,39,15.0,0,0,0
0.012152591993198325,0,40,15.0,0,0,0
0.007949395175220928,0,38,15.0,0,0,0
0.2,0,46,15.0,0,0,0
0.2,0,47,15.0,0,0,0
0.2,0,21,20.92772246833889,0,0,0
0.2,0,22,15.0,0,0,0
0.2,0,12,20.708769871878328,0,0,0
0.2,0,20,15.0,0,0,0
0.17851305158390054,0,30,15.0,0,0,0
0.2,0,37,15.0,0,0,0
0.004455663466813733,0,45,19.11754102357074,0,0,0
0.2,0,34,20.41080604423473,0,0,0
0.2,0,49,21.3233547851944,0,0,0
0.01649414728019738,0,32,20.73091511631429,0,0,0
0.2,0,45,22.663278469590768,0,0,0
0.047223647683303185,0,43,15.0,0,0,0
0.041508177784438494,0,30,15.0,0,0,0
0.2,0,45,15.0,0,0,0
0.2,0,45,22.016268699612507,0,0,0
0.2,0,22,15.0,0,0,0
0.004244085994819357,0,18,22.145305966316638,0,0,0
0.2,0,14,15.0,0,0,0
0.2,0,47,20.54334376996685,0,0,0
0.2,0,28,23.447075704902552,0,0,0
0.024248279580469108,0,33,15.0,0,0,0
0.2,0,21,15.0,0,0,0
0.2,0,25,15.0,0,0,0
0.2,0,26,20.2257347062686,0,0,0
0.046632029971864795,0,33,15.0,0,0,0
0.2,0,17,20.655270161741555,0,0,0
0.06354333707314391,0,42,15.0,0,0,0
0.08239897270442399,0,26,15.0,0,0,0
0.2,0,19,15.0,0,0,0
0.2,0,10,15.0,0,0,0
0.2,0,14,19.653450606354966,0,0,0
0.2,0,21,23.809484686612024,0,0,0
0.2,0,40,15.0,0,0,0
0.06479858951018767,0,45,15.0,0,0,0
0.00933188788095025,0,49,15.0,0,0,0
0.2,0,22,21.300936250159317,0,0,0
0.2,0,36,24.40160157187361,0,0,0
0.2,0,20,15.0,0,0,0
0.2,0,15,24.553419503117443,0,0,0
0.2,0,32,15.0,0,0,0
0.2,0,36,20.290593064134136,0,0,0
0.0868120722187872,0,41,15.0,0,0,0
0.2,0,14,15.0,0,0,0
0.2,0,40,21.5903403744941,0,0,0
0.2,0,22,24.001783998123635,0,0,0
0.2,0,21,24.057511181287445,0,0,0
0.2,0,11,21.877213351032555,0,0,0
0.2,0,18,15.0,0,0,0
0.2,0,29,15.0,0,0,0
0.2,0,17,15.0,0,0,0
0.2,0,23,15.0,0,0,0
0.2,0,31,20.497411425853787,0,0,0
0.2,0,13,21.02280073066356,0,0,0
0.012109256484549795,0,45,15.0,0,0,0
0.2,0,22,15.0,0,0,0
0.2,0,41,15.0,0,0,0
0.2,0,36,15.0,0,0,0
0.0583627031787084,0,40,15.0,0,0,0
0.2,0,21,15.0,0,0,0
0.2,0,17,19.716196041046725,0,0,0
0.2,0,15,23.244462620312856,0,0,0
0.025525678450529915,0,19,15.0,0,0,0
0.2,0,32,15.0,0,0,0
0.2,0,35,21.823958706448195,0,0,0
0.2,0,40,15.0,0,0,0
0.2,0,49,15.0,0,0,0
0.2,0,44,15.0,0,0,0
0.0027927881617716022,0,24,15.0,0,0,0
0.008663194899702948,0,29,15.0,0,0,0
0.009174032399497087,0,49,21.753714071642783,0,0,0
0.2,0,39,15.0,0,0,0
0.2,0,27,20.001033560215017,0,0,0
0.2,0,44,24.61206725824912,0,0,0
0.2,0,15,19.477540110259692,0,0,0
0.2,0,37,15.0,0,0,0
0.2,0,48,20.967621671868326,0,0,0
0.011160899437217618,0,31,15.0,0,0,0
0.0113630502006713,0,35,19.46774909720418,0,0,0
0.2,0,12,15.0,0,0,0
0.2,0,34,24.34663817622744,0,0,0
0.2,0,21,58.53455338193157,0,0,0
0.2,0,50,21.021246166084765,0,0,0
0.0939018417409147,0,23,19.956026703962053,0,0,0
0.11671594585909043,0,22,15.0,0,0,0
0.2,0,26,20.251016055311652,0,0,0
0.2,0,38,20.442933854316856,0,0,0
0.05900941770746865,0,48,15.0,0,0,0
0.2,0,24,21.950721780559874,0,0,0
0.2,0,18,15.0,0,0,0
0.2,0,41,19.264517524823823,0,0,0
0.2,0,32,15.0,0,0,0
0.2,0,28,15.0,0,0,0
0.2,0,50,23.38545921089535,0,0,0
0.2,0,30,15.0,0,0,0
0.2,0,35,15.0,0,0,0
0.2,0,50,22.28028292735384,0,0,0
0.09548197630457378,0,18,15.0,0,0,0
0.2,0,47,22.349338635834982,0,0,0
0.2,0,49,21.054015569328424,0,0,0
0.2,0,29,23.270793796895262,0,0,0
0.07140590141052074,0,23,15.0,0,0,0
0.2,0,16,21.516303983722736,0,0,0
0.0045541733321001815,0,11,22.802309259748036,0,0,0
0.2,0,50,22.082419910722606,0,0,0
0.2,0,27,19.351726131688544,0,0,0
0.2,0,37,15.0,0,0,0
0.2,0,19,15.0,0,0,0
0.2,0,23,15.0,0,0,0
0.2,0,43,15.0,0,0,0
0.2,0,36,24.56506254857998,0,0,0
0.2,0,19,23.49720477452233,0,0,0
0.2,0,10,15.0,0,0,0
0.2,0,43,21.32123241987819,0,0,0
0.003302719207903797,0,13,15.0,0,0,0
0.2,0,11,29.408942528340976,0,0,0
0.2,0,22,15.0,0,0,0
0.2,0,48,15.0,0,0,0
0.2,0,36,22.790518315121105,0,0,0
0.005246421274351683,0,11,30.089906928388984,0,0,0
0.2,0,47,15.0,0,0,0
0.2,0,48,19.651772571769804,0,0,0
0.2,0,38,15.0,0,0,0
0.010160762631959412,0,13,20.19273622468924,0,0,0
0.2,0,10,20.565848312741153,0,0,0
0.004609031171905144,0,45,34.32449826019715,0,0,0
0.2,0,43,15.0,0,0,0
0.2,0,44,15.0,0,0,0
0.0248448917294982,0,29,15.0,0,0,0
0.2,0,34,15.0,0,0,0
0.2,0,17,15.0,0,0,0
0.2,0,11,22.6048756063103,0,0,0
0.2,0,19,15.0,0,0,0
0.2,0,35,23.655982817264753,0,0,0
0.2,0,26,20.634234781003965,0,0,0
0.2,0,35,22.819750645743863,0,0,0
0.2,0,28,20.68409728153362,0,0,0
0.001605445701492166,0,32,15.0,0,0,0
0.2,0,49,24.597258212143693,0,0,0
0.2,0,35,15.0,0,0,0
0.054699721618892846,0,49,15.0,0,0,0
0.00496106047761937,0,49,21.263587348651328,0,0,0
0.0010724975897983776,0,35,22.460500100804428,0,0,0
0.2,0,50,15.0,0,0,0
0.2,0,20,21.582476750373417,0,0,0
0.2,0,31,15.0,0,0,0
0.004013292798834663,0,13,20.069661511134818,0,0,0
0.2,0,13,15.0,0,0,0
0.2,0,15,15.0,0,0,0
0.1428925728916249,0,15,15.0,0,0,0
0.2,0,26,20.108428773054495,0,0,0
0.2,0,39,20.296275194213134,0,0,0
0.2,0,50,15.0,0,0,0
0.2,0,50,24.303379732172637,0,0,0
0.2,0,17,15.0,0,0,0
0.2,0,27,20.91462866357437,0,0,0
0.2,0,27,15.0,0,0,0
0.2,0,14,15.0,0,0,0
0.2,0,11,48.46161139267249,0,0,0
0.08146711754258286,0,24,15.0,0,0,0
0.2,0,45,15.0,0,0,0
0.03210465930931782,0,25,15.0,0,0,0
0.2,0,25,21.15175713390381,0,0,0
0.2,0,50,15.0,0,0,0
0.2,0,25,20.988929739058758,0,0,0
0.05154519808534813,0,38,15.0,0,0,0
0.002259100109907763,0,50,15.0,0,0,0
0.2,0,14,15.0,0,0,0
0.2,0,30,25.04045179549154,0,0,0
0.2,0,23,20.03191875987505,0,0,0
0.2,0,14,15.0,0,0,0
0.2,0,11,22.23882154822615,0,0,0
0.0019516178012299666,0,36,15.0,0,0,0
0.2,0,36,15.0,0,0,0
0.003919309016883543,0,33,15.0,0,0,0
0.11197545896116753,0,37,23.49328771627854,0,0,0
0.2,0,39,15.0,0,0,0
0.2,0,12,15.0,0,0,0
0.007796881939288371,0,11,15.0,0,0,0
0.2,0,23,15.0,0,0,0
0.2,0,33,23.762082857752134,0,0,0
0.03336845672499451,0,47,22.04099109694697,0,0,0
0.2,0,50,15.0,0,0,0
0.2,0,43,15.0,0,0,0
0.2,0,21,22.333769915980977,0,0,0
0.2,0,33,22.70411388213137,0,0,0
0.2,0,14,15.0,0,0,0
0.2,0,29,15.0,0,0,0
0.2,0,14,15.0,0,0,0
0.2,0,50,15.0,0,0,0
0.2,0,28,15.0,0,0,0
0.2,0,39,15.0,0,0,0
0.2,0,14,15.0,0,0,0
0.2,0,49,15.0,0,0,0
0.2,0,31,20.163785010716495,0,0,0
0.2,0,12,23.188159238710544,0,0,0
0.13128901779620944,0,25,15.0,0,0,0
0.2,0,18,15.0,0,0,0
0.2,0,12,21.07146807812471,0,0,0
0.2,0,11,21.742272834936912,0,0,0
0.2,0,39,24.587197141947303,0,0,0
0.2,0,45,15.0,0,0,0
0.2,0,37,20.019655050085916,0,0,0
0.03266399111145411,0,38,15.0,0,0,0
0.2,0,11,15.0,0,0,0
0.09491524138446561,0,17,15.0,0,0,0
0.2,0,11,15.0,0,0,0
0.2,0,49,15.0,0,0,0
0.2,0,40,15.0,0,0,0
0.2,0,49,15.0,0,0,0
0.2,0,47,15.0,0,0,0
0.2,0,19,15.0,0,0,0
0.0018312689366778616,0,30,15.0,0,0,0
0.2,0,36,23.29463682411161,0,0,0
0.2,0,40,22.094530350738765,0,0,0
0.2,0,37,24.488633885358258,0,0,0
0.008186172301362636,0,28,15.0,0,0,0
0.2,0,10,22.50364231877165,0,0,0
0.2,0,48,22.17075602294877,0,0,0
0.2,0,38,29.112554347208057,0,0,0
0.2,0,44,15.0,0,0,0
0.2,0,19,20.527954308943627,0,0,0
0.2,0,14,15.0,0,0,0
0.2,0,46,20.962549134132452,0,0,0
0.2,0,43,15.0,0,0,0
0.2,0,44,15.0,0,0,0
0.2,0,28,15.0,0,0,0
0.2,0,47,23.329253042693164,0,0,0
0.2,0,19,22.37292900259464,0,0,0
0.2,0,41,21.031742468370695,0,0,0
0.2,0,30,20.42396385190854,0,0,0
0.2,0,16,15.0,0,0,0
0.2,0,39,15.0,0,0,0
0.2,0,24,22.565895629486384,0,0,0
0.2,0,16,15.0,0,0,0
0.2,0,39,21.742435662252497,0,0,0
0.2,0,41,15.0,0,0,0
0.2,0,23,15.0,0,0,0
0.2,0,49,18.64176408570144,0,0,0
0.2,0,39,15.0,0,0,0
0.2,0,10,20.33750479050152,0,0,0
0.13119450895589,0,23,48.12960671694563,0,0,0
0.2,0,49,18.073992029423728,0,0,0
0.005642088400411409,0,17,15.0,0,0,0
0.2,0,49,15.0,0,0,0
0.2,0,31,23.339673933936684,0,0,0
0.2,0,37,22.653736043751536,0,0,0
0.2,0,38,15.0,0,0,0
0.2,0,30,20.593035718138964,0,0,0
0.2,0,31,21.964259282330243,0,0,0
0.12880449324816215,0,33,15.0,0,0,0
0.00482596436294233,0,36,27.270962684849223,0,0,0
0.2,0,40,15.0,0,0,0
0.2,0,27,22.80932034098392,0,0,0
0.2,0,27,15.0,0,0,0
0.2,0,41,15.0,0,0,0
0.2,0,41,15.0,0,0,0
0.2,0,36,19.72539218354427,0,0,0
0.0013989180778725624,0,28,21.520733440490957,0,0,0
0.07601648244078042,0,33,20.47530665479819,0,0,0
0.2,0,33,15.0,0,0,0
0.2,0,27,21.27523917113289,0,0,0
0.2,0,17,22.068665523744304,0,0,0
0.006748315790204659,0,31,15.0,0,0,0
0.2,0,28,15.0,0,0,0
0.2,0,12,21.410318811234806,0,0,0
0.2,0,49,15.0,0,0,0
0.2,0,37,15.0,0,0,0
0.2,0,14,23.215983487157043,0,0,0
0.2,0,18,21.043355372564847,0,0,0
0.2,0,33,15.0,0,0,0
0.01503426927917989,0,45,15.0,0,0,0
0.2,0,29,23.800675550098187,0,0,0
0.2,0,43,22.935870038527362,0,0,0
0.2,0,15,32.20351648102326,0,0,0
0.0886700551642992,0,31,15.0,0,0,0
0.2,0,43,21.86920147423468,0,0,0
0.004425452656480609,0,44,22.07426911950844,0,0,0
0.2,0,19,15.0,0,0,0
0.2,0,37,15.0,0,0,0
0.2,0,11,22.166140731335567,0,0,0
0.09408419121751632,0,15,15.0,0,0,0
0.2,0,46,15.0,0,0,0
0.2,0,40,19.686967390954713,0,0,0
0.2,0,18,15.0,0,0,0
0.051572966544569325,0,50,15.0,0,0,0
0.2,0,50,18.439150859914065,0,0,0
0.2,0,11,15.0,0,0,0
0.2,0,11,15.0,0,0,0
0.2,0,20,24.532054763309855,0,0,0
0.001395518264955912,0,42,21.46376934030336,0,0,0
0.2,0,34,24.253843035079125,0,0,0
0.2,0,31,23.867849969657833,0,0,0
0.04152477458758728,0,27,15.0,0,0,0
0.2,0,29,22.161324530461737,0,0,0
0.2,0,36,15.0,0,0,0
0.006627319170174722,0,12,15.0,0,0,0
0.2,0,34,24.16229213880377,0,0,0
0.05740082684755559,0,19,20.44794402700564,0,0,0
0.2,0,42,22.406360205490166,0,0,0
0.2,0,18,15.0,0,0,0
0.2,0,12,21.36282445765857,0,0,0
0.048017721825007784,0,27,15.0,0,0,0
0.2,0,28,15.0,0,0,0
0.2,0,31,20.67965661390365,0,0,0
0.2,0,45,15.0,0,0,0
0.2,0,38,23.337511882573413,0,0,0
0.2,0,24,15.0,0,0,0
0.2,0,39,15.0,0,0,0
0.2,0,30,15.0,0,0,0
0.2,0,19,15.0,0,0,0
0.2,0,10,15.0,0,0,0
0.2,0,10,19.217452901778625,0,0,0
0.2,0,19,15.0,0,0,0
0.2,0,43,22.935907741144035,0,0,0
0.2,0,29,21.78565684613675,0,0,0
0.2,0,28,15.0,0,0,0
0.2,0,26,19.12215507745487,0,0,0
0.2,0,20,24.36844028887287,0,0,0
0.2,0,39,15.0,0,0,0
0.15859699886955844,0,10,21.468307256716834,0,0,0
0.2,0,35,20.328418310938844,0,0,0
0.010608090059624892,0,48,21.847643184099415,0,0,0
0.2,0,46,15.0,0,0,0
0.17678757498615016,0,25,23.76690869633646,0,0,0
0.12920358152485723,0,45,15.0,0,0,0
0.2,0,19,15.0,0,0,0
0.2,0,19,15.0,0,0,0
0.2,0,24,15.0,0,0,0
0.2,0,10,23.961779961291178,0,0,0
0.2,0,20,15.0,0,0,0
0.2,0,45,15.0,0,0,0
0.2,0,41,15.0,0,0,0
0.03074352994451251,0,23,15.0,0,0,0
0.2,0,22,15.0,0,0,0
0.2,0,24,23.117731967302355,0,0,0
0.02855603261167637,0,14,15.0,0,0,0
0.2,0,16,15.0,0,0,0
0.048113085298922546,0,50,15.0,0,0,0
0.2,0,38,15.0,0,0,0
0.014387528199554215,0,37,15.0,0,0,0
0.04777428080222009,0,21,15.0,0,0,0
0.2,0,45,15.0,0,0,0
0.2,0,17,15.0,0,0,0
0.2,0,49,15.0,0,0,0
0.19682857792074168,0,30,15.0,0,0,0
0.2,0,23,21.15308163102121,0,0,0
0.2,0,40,20.63055310427865,0,0,0
0.2,0,27,21.07597070307868,0,0,0
0.002373225862849966,0,21,15.0,0,0,0
0.012107954457198675,0,38,15.0,0,0,0
0.2,0,39,21.10739947774602,0,0,0
0.010778542876838224,0,34,23.92050200770697,0,0,0
0.2,0,28,20.807135766872214,0,0,0
0.2,0,23,15.0,0,0,0
0.0223238751602927,0,26,15.0,0,0,0
0.2,0,45,15.0,0,0,0
0.2,0,24,21.232154332259594,0,0,0
0.2,0,49,15.0,0,0,0
0.2,0,15,23.35083624753821,0,0,0
0.2,0,16,15.0,0,0,0
0.2,0,23,15.0,0,0,0
0.2,0,10,19.822819321645905,0,0,0
0.010965035196056573,0,46,22.13300400156632,0,0,0
0.2,0,23,15.0,0,0,0
0.2,0,14,15.0,0,0,0
0.04323077180072853,0,35,15.0,0,0,0
0.2,0,49,24.305433722373387,0,0,0
0.2,0,50,15.0,0,0,0
0.2,0,14,15.0,0,0,0
0.2,0,42,24.35838103545812,0,0,0
0.2,0,24,15.0,0,0,0
0.2,0,44,15.0,0,0,0
0.2,0,34,20.35347713366817,0,0,0
0.2,0,40,19.32364303214225,0,0,0
0.2,0,44,22.529726415845108,0,0,0
0.2,0,46,15.0,0,0,0
0.2,0,15,22.281606101110118,0,0,0
0.2,0,39,21.947488725752052,0,0,0
0.2,0,15,15.0,0,0,0
0.2,0,48,18.086914505486543,0,0,0
0.2,0,35,15.0,0,0,0
0.2,0,17,20.781595135419437,0,0,0
0.0937749606781077,0,22,15.0,0,0,0
0.1921515008756674,0,46,15.0,0,0,0
0.009951548460591554,0,36,22.18959971644401,0,0,0
0.2,0,19,15.0,0,0,0
0.2,0,43,22.521696206024373,0,0,0
0.2,0,39,15.0,0,0,0
0.0038286694251675486,0,13,15.0,0,0,0
0.2,0,21,15.0,0,0,0
0.10602782072032227,0,44,15.0,0,0,0
0.009788546171277225,0,24,21.57523031392182,0,0,0
0.01008809447031382,0,11,15.0,0,0,0
0.08573773514316729,0,34,15.0,0,0,0
0.2,0,46,15.0,0,0,0
0.2,0,32,15.0,0,0,0
0.2,0,50,24.562806896935214,0,0,0
0.2,0,14,15.0,0,0,0
0.2,0,37,15.0,0,0,0
0.2,0,36,20.353016713219777,0,0,0
0.2,0,50,21.246115368953937,0,0,0
0.2,0,31,18.95937554475303,0,0,0
0.2,0,43,15.0,0,0,0
0.2,0,15,22.97354721826759,0,0,0
0.2,0,11,19.829035820320808,0,0,0
0.2,0,39,15.0,0,0,0
0.08643972298660463,0,10,15.0,0,0,0
0.2,0,45,15.0,0,0,0
0.2,0,10,15.0,0,0,0
0.2,0,38,50.21711572786486,0,0,0
0.2,0,28,15.0,0,0,0
0.021582210639541497,0,36,15.0,0,0,0
0.2,0,35,19.946793329579915,0,0,0
0.2,0,28,15.0,0,0,0
0.2,0,29,24.2775218944889,0,0,0
0.004272761172453176,0,30,37.93934869298461,0,0,0
0.2,0,37,20.54102103019728,0,0,0
0.2,0,39,15.0,0,0,0
0.2,0,28,15.0,0,0,0
0.2,0,24,15.0,0,0,0
0.2,0,11,15.0,0,0,0
0.2,0,41,22.339782660090158,0,0,0
0.2,0,19,22.39162836840189,0,0,0
0.2,0,27,24.469466070294562,0,0,0
0.13938304619494252,0,50,15.0,0,0,0
0.081682607777792,0,42,15.0,0,0,0
0.2,0,24,15.0,0,0,0
0.2,0,29,15.0,0,0,0
0.2,0,23,15.0,0,0,0
0.2,0,35,15.0,0,0,0
0.2,0,16,19.32116110432461,0,0,0
0.037713051866896524,0,49,15.0,0,0,0
0.2,0,50,18.795322440061316,0,0,0
0.2,0,22,24.233802966871746,0,0,0
0.2,0,19,19.534310210878655,0,0,0
0.2,0,32,21.378962551087387,0,0,0
0.2,0,36,21.735714785096604,0,0,0
0.2,0,36,15.0,0,0,0
0.2,0,11,15.0,0,0,0
0.2,0,39,15.0,0,0,0
0.12370645841785041,0,12,20.494604835291142,0,0,0
0.2,0,24,20.600493560702237,0,0,0
0.2,0,39,15.0,0,0,0
0.2,0,46,15.0,0,0,0
0.2,0,36,22.953698339822292,0,0,0
0.016449372827590323,0,16,22.04187670260868,0,0,0
0.2,0,37,21.18337449957599,0,0,0
0.2,0,11,18.278297869629338,0,0,0
0.12223135487654946,0,19,15.0,0,0,0
0.2,0,15,15.0,0,0,0
0.0028634384206479646,0,50,15.0,0,0,0
0.2,0,25,21.956450783098514,0,0,0
0.10675554838489916,0,32,15.0,0,0,0
0.2,0,42,15.0,0,0,0
0.03573117945252548,0,49,15.0,0,0,0
0.2,0,50,15.0,0,0,0
0.2,0,16,22.79341872627959,0,0,0
0.2,0,26,15.0,0,0,0
0.2,0,26,19.50865572225332,0,0,0
0.2,0,42,30.15069083950333,0,0,0
0.011078250750870638,0,23,15.0,0,0,0
0.005252469294850611,0,19,21.92486053811216,0,0,0
0.2,0,40,23.555437905853182,0,0,0
0.2,0,30,22.447369920277062,0,0,0
0.2,0,40,22.258222881636176,0,0,0
0.2,0,25,22.450400036068324,0,0,0
0.2,0,29,15.0,0,0,0
0.017103776907688377,0,10,15.0,0,0,0
0.2,0,10,24.766209849324017,0,0,0
0.05620125082458455,0,10,15.0,0,0,0
0.0037698483207740992,0,17,15.0,0,0,0
0.2,0,24,15.0,0,0,0
0.2,0,12,23.85300347486728,0,0,0
0.2,0,16,15.0,0,0,0
0.17592758253522361,0,44,15.0,0,0,0
0.12528306368853534,0,45,15.0,0,0,0
0.2,0,21,15.0,0,0,0
0.2,0,48,54.2765281506513,0,0,0
0.2,0,14,20.498421373964497,0,0,0
0.2,0,11,15.0,0,0,0
0.2,0,24,15.0,0,0,0
0.2,0,20,19.88900092364127,0,0,0
0.004623293519556205,0,13,15.0,0,0,0
0.2,0,44,15.0,0,0,0
0.2,0,50,15.0,0,0,0
0.004154277021450705,0,21,15.0,0,0,0
0.2,0,22,15.0,0,0,0
0.2,0,39,21.703504379034136,0,0,0
0.09052267026598151,0,48,15.0,0,0,0
0.2,0,21,21.733527002325022,0,0,0
0.005379933196807093,0,37,23.804339602369208,0,0,0
0.2,0,10,27.991095275743437,0,0,0
0.2,0,33,21.2636032014077,0,0,0
0.004239048570381539,0,50,31.637734067246267,0,0,0
0.2,0,29,15.0,0,0,0
0.2,0,36,18.39598908884508,0,0,0
0.2,0,38,19.941832190433793,0,0,0
0.2,0,35,15.0,0,0,0
0.2,0,38,20.872854721024872,0,0,0
0.2,0,46,21.258463015986063,0,0,0
0.2,0,10,15.0,0,0,0
0.2,0,46,19.33518352718992,0,0,0
0.2,0,47,22.455138817830004,0,0,0
0.010015536745529388,0,47,20.90306468216861,0,0,0
0.2,0,25,15.0,0,0,0
0.2,0,33,15.0,0,0,0
0.034600692699631896,0,24,15.0,0,0,0
0.11388239436654109,0,44,56.988281988094016,0,0,0
0.2,0,26,15.0,0,0,0
0.2,0,22,19.186047373925476,0,0,0
0.2,0,38,23.813214052953644,0,0,0
0.022403494818011155,0,12,15.0,0,0,0
0.2,0,25,22.843695724466848,0,0,0
0.2,0,18,20.402423170312023,0,0,0
0.2,0,25,23.373470451478,0,0,0
0.2,0,28,18.902872938026224,0,0,0
0.2,0,12,21.967988409796583,0,0,0
0.2,0,45,25.11091336638656,0,0,0
0.2,0,27,15.0,0,0,0
0.2,0,24,15.0,0,0,0
0.009902888600199979,0,16,15.0,0,0,0
0.2,0,50,15.0,0,0,0
0.2,0,45,15.0,0,0,0
0.2,0,29,22.697702740963823,0,0,0
0.2,0,23,15.0,0,0,0
0.009406602185370925,0,29,15.0,0,0,0
0.2,0,49,22.91149410291616,0,0,0
0.2,0,19,22.623678179670527,0,0,0
0.2,0,38,15.0,0,0,0
0.2,0,47,22.256666619396306,0,0,0
0.2,0,41,15.0,0,0,0
0.2,0,45,15.0,0,0,0
0.02157790186200059,0,48,15.0,0,0,0
0.2,0,12,15.0,0,0,0
0.2,0,19,15.0,0,0,0
0.2,0,15,15.0,0,0,0
0.0019820497149954926,0,33,15.0,0,0,0
0.2,0,26,15.0,0,0,0
0.2,0,11,22.89561620305956,0,0,0
0.11370351670402642,0,32,15.0,0,0,0
0.2,0,14,23.496770416708163,0,0,0
0.2,0,26,15.0,0,0,0
0.2,0,25,15.0,0,0,0
0.2,0,46,70.0,0,0,0
0.2,0,37,24.77805860341381,0,0,0
0.2,0,35,24.37734678787744,0,0,0
0.05885353234382167,0,44,15.0,0,0,0
0.2,0,17,15.0,0,0,0
0.2,0,20,21.310646715704298,0,0,0
0.031789944575204336,0,40,15.0,0,0,0
0.2,0,40,24.03785778101664,0,0,0
0.2,0,10,21.300568988783365,0,0,0
0.2,0,19,15.0,0,0,0
0.0010700006522015694,0,19,19.465516266048454,0,0,0
0.2,0,10,15.0,0,0,0
0.2,0,37,21.701020289908023,0,0,0
0.00914893518835528,0,12,18.97607320452266,0,0,0
0.2,0,44,15.0,0,0,0
0.2,0,34,15.0,0,0,0
0.2,0,41,21.39137404931224,0,0,0
0.2,0,30,21.076570171587043,0,0,0
0.2,0,49,19.78129878083319,0,0,0
0.2,0,21,15.0,0,0,0
0.2,0,32,15.0,0,0,0
0.004497189998071116,0,10,18.02976572124583,0,0,0
0.2,0,44,15.0,0,0,0
0.2,0,33,15.0,0,0,0
0.005166007456069799,0,17,29.56311807529864,0,0,0
0.2,0,43,15.0,0,0,0
0.2,0,50,15.0,0,0,0
0.2,0,12,22.023277331423454,0,0,0
0.2,0,44,23.775002917375804,0,0,0
0.2,0,40,15.0,0,0,0
0.009528632238164974,0,24,15.0,0,0,0
0.2,0,36,15.0,0,0,0
0.2,0,42,20.463073636570588,0,0,0
0.2,0,29,22.383722841946838,0,0,0
0.03094882849754662,0,37,15.0,0,0,0
0.2,0,11,18.184039240837052,0,0,0
0.2,0,47,15.0,0,0,0
0.2,0,47,21.670134136295648,0,0,0
0.2,0,18,20.989021613512477,0,0,0
0.2,0,29,15.0,0,0,0
0.2,0,19,15.0,0,0,0
0.2,0,26,15.0,0,0,0
0.2,0,21,19.752235357194916,0,0,0
0.2,0,45,22.59931290933032,0,0,0
0.2,0,38,15.0,0,0,0
0.2,0,44,20.736587467708034,0,0,0
0.2,0,42,24.92498118799856,0,0,0
0.001631022534012228,0,39,15.0,0,0,0
0.2,0,16,21.412437104198926,0,0,0
0.2,0,44,21.43611055785764,0,0,0
0.2,0,42,23.539451163128657,0,0,0
0.017437042488714038,0,15,15.0,0,0,0
0.2,0,13,15.0,0,0,0
0.009777530742508483,0,41,15.0,0,0,0
0.2,0,25,23.735150954670488,0,0,0
0.2,0,23,21.615162663727993,0,0,0
0.2,0,26,20.799790497149747,0,0,0
0.2,0,45,15.0,0,0,0
0.2,0,24,15.0,0,0,0
0.03125907792803304,0,25,15.0,0,0,0
0.2,0,26,19.56631362179795,0,0,0
0.2,0,12,15.0,0,0,0
0.2,0,11,22.40508590123586,0,0,0
0.2,0,26,25.24063723425943,0,0,0
0.2,0,10,21.736774351051682,0,0,0
0.16443187743087256,0,41,21.58743461814406,0,0,0
0.15117524304464353,0,27,20.775359949599444,0,0,0
0.2,0,30,20.22660748292286,0,0,0
0.2,0,23,15.0,0,0,0
0.2,0,41,15.0,0,0,0
0.2,0,27,15.0,0,0,0
0.0024908631232053477,0,11,22.634115042718943,0,0,0
0.2,0,30,15.0,0,0,0
0.2,0,17,22.548320924777197,0,0,0
0.2,0,34,22.807697312786264,0,0,0
0.2,0,33,15.0,0,0,0
0.2,0,29,15.0,0,0,0
0.2,0,25,15.0,0,0,0
0.05442943539901466,0,34,15.0,0,0,0
0.2,0,37,20.65260692613004,0,0,0
0.2,0,46,28.794324809724955,0,0,0
0.2,0,49,23.515927060787114,0,0,0
0.008574365132192077,0,13,21.36961002232608,0,0,0
0.2,0,37,23.714246471800532,0,0,0
0.0051004366904093806,0,13,32.0496030209143,0,0,0
0.02583168267369898,0,27,15.0,0,0,0
0.2,0,40,15.0,0,0,0
0.00510283921763039,0,32,32.557893356531835,0,0,0
0.2,0,43,24.38851549780652,0,0,0
0.2,0,47,21.83014121937974,0,0,0
0.2,0,49,15.0,0,0,0
0.2,0,37,20.334235858420904,0,0,0
0.2,0,37,15.0,0,0,0
0.2,0,42,20.645658100346747,0,0,0
0.0860822111604256,0,19,15.0,0,0,0
0.2,0,22,19.924933758896852,0,0,0
0.2,0,23,20.411272784406727,0,0,0
0.0020495145891440626,0,40,15.0,0,0,0
0.051645194191270144,0,24,15.0,0,0,0
0.2,0,15,21.729146599526977,0,0,0
0.2,0,42,26.926799187217433,0,0,0
0.2,0,40,22.74681270331733,0,0,0
0.2,0,34,15.0,0,0,0
0.03762767219930195,0,46,15.0,0,0,0
0.2,0,42,19.85608997085996,0,0,0
0.2,0,46,15.0,0,0,0
0.2,0,20,15.0,0,0,0
0.03336626412073878,0,14,21.174061672180958,0,0,0
0.2,0,24,15.0,0,0,0
0.2,0,44,15.0,0,0,0
0.2,0,47,25.01639638019465,0,0,0
0.2,0,14,20.75754183625026,0,0,0
0.2,0,45,23.646222938573132,0,0,0
0.15170697035585015,0,29,15.0,0,0,0
0.2,0,43,20.67410230364048,0,0,0
0.2,0,37,15.0,0,0,0
0.2,0,12,20.5636334789941,0,0,0
0.2,0,29,20.67317918786585,0,0,0
0.011701196083463934,0,13,15.0,0,0,0
0.2,0,23,21.15061515643756,0,0,0
0.002026784756845552,0,41,20.30309012001409,0,0,0
0.03143500677525731,0,38,15.0,0,0,0
0.008606260693577552,0,38,15.0,0,0,0
0.2,0,37,20.14407463633531,0,0,0
0.2,0,10,19.308564121546077,0,0,0
0.2,0,33,24.08626882971737,0,0,0
0.2,0,29,19.948368000958276,0,0,0
0.11714579632142488,0,31,37.56426185585661,0,0,0
0.2,0,18,24.27188350205283,0,0,0
0.2,0,38,21.7322366268862,0,0,0
0.2,0,34,22.98664739811737,0,0,0
0.021613681960308252,0,26,15.0,0,0,0
0.2,0,12,25.73828206059684,0,0,0
0.2,0,12,23.715809496080205,0,0,0
0.2,0,24,15.0,0,0,0
0.2,0,32,21.656151306392662,0,0,0
0.00862903674410046,0,50,15.0,0,0,0
0.2,0,39,15.0,0,0,0
0.2,0,29,19.507378851074755,0,0,0
0.2,0,22,15.0,0,0,0
0.021339048742279446,0,16,15.0,0,0,0
0.006994074729526047,0,15,15.0,0,0,0
0.2,0,12,18.8240883621248,0,0,0
0.2,0,47,23.113042897004462,0,0,0
0.2,0,10,15.0,0,0,0
0.2,0,45,21.80109503984619,0,0,0
0.004126700479985125,0,33,15.0,0,0,0
0.00919380093476765,0,35,15.0,0,0,0
0.02316439982639633,0,49,15.0,0,0,0
0.00986911279936418,0,42,19.91222754968878,0,0,0
0.2,0,16,15.0,0,0,0
0.1955571347904763,0,49,15.0,0,0,0
0.2,0,17,20.551388833052393,0,0,0
0.2,0,33,24.968841236503785,0,0,0
0.2,0,36,15.0,0,0,0
0.2,0,20,15.0,0,0,0
0.2,0,35,24.78135123179711,0,0,0
0.2,0,36,20.73755980537941,0,0,0
0.2,0,50,15.0,0,0,0
0.022145321873823013,0,47,15.0,0,0,0
0.2,0,26,15.0,0,0,0
0.004044884406709152,0,38,19.94047851278429,0,0,0
0.2,0,43,24.128457057713074,0,0,0
0.2,0,11,22.275950682345876,0,0,0
0.2,0,38,20.59111539182977,0,0,0
0.2,0,47,15.0,0,0,0
0.2,0,14,15.0,0,0,0
0.2,0,40,15.0,0,0,0
0.2,0,12,21.97129944676987,0,0,0
0.2,0,26,22.742425153050164,0,0,0
0.2,0,43,19.171749533799144,0,0,0
0.2,0,50,22.17727971553915,0,0,0
0.002263200329613396,0,39,15.0,0,0,0
0.2,0,39,15.0,0,0,0
0.2,0,20,21.505613996514263,0,0,0
0.2,0,43,15.0,0,0,0
0.2,0,37,21.68322274245287,0,0,0
0.2,0,48,15.0,0,0,0
0.15798294759779288,0,34,15.0,0,0,0
0.001571664740609019,0,11,15.0,0,0,0
0.0020674397329407375,0,30,15.0,0,0,0
0.2,0,41,15.0,0,0,0
0.2,0,42,15.0,0,0,0
0.005885081453648072,0,25,15.0,0,0,0
0.00816639908713495,0,17,15.0,0,0,0
0.2,0,45,22.24194535773017,0,0,0
0.2,0,43,22.04751418469132,0,0,0
0.2,0,46,20.883929441824005,0,0,0
0.009286073353667849,0,37,22.033344731820694,0,0,0
0.2,0,43,33.33748187747343,0,0,0
0.2,0,26,15.0,0,0,0
0.2,0,41,15.0,0,0,0
0.2,0,30,23.331907188136217,0,0,0
0.2,0,42,25.386732436099777,0,0,0
0.04372442031457873,0,15,24.27729987942275,0,0,0
0.2,0,22,23.073420803844552,0,0,0
0.01017263344216438,0,18,15.0,0,0,0
0.2,0,26,15.0,0,0,0
0.010486797856566062,0,43,20.79242040786915,0,0,0
0.2,0,14,15.0,0,0,0
0.2,0,39,22.326090830424334,0,0,0
0.2,0,44,15.0,0,0,0
0.2,0,37,15.0,0,0,0
0.2,0,36,22.28010425015294,0,0,0
0.02156725128894631,0,15,15.0,0,0,0
0.2,0,35,22.797369167080948,0,0,0
0.2,0,19,23.826964327924767,0,0,0
0.2,0,20,15.0,0,0,0
0.2,0,45,15.0,0,0,0
0.2,0,35,15.0,0,0,0
0.2,0,50,15.0,0,0,0
0.1573004526030146,0,28,15.0,0,0,0
0.2,0,24,23.35850092951772,0,0,0
0.2,0,50,18.629522291033442,0,0,0
0.2,0,35,24.842251583714457,0,0,0
0.2,0,45,22.210185322286833,0,0,0
0.2,0,11,15.0,0,0,0
0.09218575613975964,0,31,20.968960255846813,0,0,0
0.2,0,43,15.0,0,0,0
0.09377793830409913,0,43,18.110316438327644,0,0,0
0.002857936952805613,0,39,15.0,0,0,0
0.2,0,16,21.37592025361707,0,0,0
0.2,0,32,15.0,0,0,0
0.2,0,14,15.0,0,0,0
0.0031701980494301713,0,42,15.0,0,0,0
0.2,0,35,15.0,0,0,0
0.2,0,17,18.29079276254583,0,0,0
0.2,0,39,15.0,0,0,0
0.016782892600698318,0,39,15.0,0,0,0
0.002084604756794348,0,12,15.0,0,0,0
0.2,0,13,15.0,0,0,0
0.001976953365515479,0,18,15.0,0,0,0
0.2,0,12,21.987295589783265,0,0,0
0.2,0,32,18.037469240690626,0,0,0
0.2,0,46,15.0,0,0,0
0.2,0,12,19.966851382906533,0,0,0
0.2,0,35,18.926958795936322,0,0,0
0.2,0,27,15.0,0,0,0
0.2,0,44,15.0,0,0,0
0.2,0,29,23.785997981869542,0,0,0
0.2,0,37,24.63146948167506,0,0,0
0.2,0,47,20.10431362431762,0,0,0
0.2,0,15,21.454045381270564,0,0,0
0.14702947840807076,0,22,15.0,0,0,0
0.2,0,21,15.0,0,0,0
0.07705254029302715,0,16,15.0,0,0,0
0.2,0,36,23.129239241144344,0,0,0
0.2,0,10,20.81480709002466,0,0,0
0.2,0,25,15.0,0,0,0
0.2,0,14,24.94037407206928,0,0,0
0.2,0,35,21.014475493412753,0,0,0
0.032191515812369266,0,40,15.0,0,0,0
0.012870698766931856,0,29,15.0,0,0,0
0.2,0,28,22.694166227922285,0,0,0
0.2,0,28,20.681416271686935,0,0,0
0.2,0,18,15.0,0,0,0
0.2,0,25,20.033017762009656,0,0,0
0.2,0,48,15.0,0,0,0
0.2,0,11,53.09462431652342,0,0,0
0.2,0,42,21.32175618710822,0,0,0
0.2,0,16,21.90418563458564,0,0,0
0.2,0,14,22.40478128068236,0,0,0
0.2,0,21,22.608379034301425,0,0,0
0.07966703864826649,0,21,22.259008702472244,0,0,0
0.2,0,22,20.253794660553073,0,0,0
0.2,0,44,21.409946242567518,0,0,0
0.2,0,47,15.0,0,0,0
0.2,0,38,27.145388197493475,0,0,0
0.2,0,15,31.814576078183357,0,0,0
0.2,0,48,21.345181903147374,0,0,0
0.2,0,44,22.83549586401744,0,0,0
0.010727286853910152,0,13,22.051694653586644,0,0,0
0.004126902169489755,0,25,19.565711869815587,0,0,0
0.2,0,41,15.0,0,0,0
0.2,0,13,15.0,0,0,0
0.2,0,13,15.0,0,0,0
0.053139812949322754,0,34,15.0,0,0,0
0.2,0,23,15.0,0,0,0
0.1263446845920545,0,28,15.0,0,0,0
0.08279894861910608,0,40,20.217428651812448,0,0,0
0.2,0,32,20.065334513094246,0,0,0
0.011439513578190728,0,39,21.831851557317993,0,0,0
0.2,0,15,20.196883873696684,0,0,0
0.00906113423742687,0,10,15.0,0,0,0
0.05437555217308297,0,20,21.605496048208668,0,0,0
0.2,0,18,24.786181341119207,0,0,0
0.2,0,23,15.0,0,0,0
0.007407242976825942,0,41,15.0,0,0,0
0.06210267888064568,0,16,15.0,0,0,0
0.00505755207729594,0,15,20.862694653441096,0,0,0
0.2,0,18,15.0,0,0,0
0.001,0,23,22.944837275554093,0,0,0
0.08485050975466048,0,18,70.0,0,0,0
0.2,0,17,33.45613133798147,0,0,0
0.2,0,33,22.038351937946462,0,0,0
0.2,0,14,23.099820326100016,0,0,0
0.2,0,16,21.265406245396573,0,0,0
0.2,0,44,22.27661604331327,0,0,0
0.0034416430602741454,0,10,15.0,0,0,0
0.2,0,12,24.431732167495593,0,0,0
0.2,0,12,15.0,0,0,0
0.010197492255404544,0,31,21.353125627577075,0,0,0
0.006222711728863093,0,38,15.0,0,0,0
0.2,0,38,24.054126353427172,0,0,0
0.2,0,38,20.890310143278583,0,0,0
0.2,0,12,15.0,0,0,0
0.2,0,24,15.0,0,0,0
0.07419976940821932,0,35,15.0,0,0,0
0.015236768379633643,0,37,15.0,0,0,0
0.2,0,23,21.148956540113304,0,0,0
0.2,0,44,15.0,0,0,0
0.2,0,44,15.0,0,0,0
0.2,0,41,21.75241199507535,0,0,0
0.2,0,42,15.0,0,0,0
0.2,0,49,19.755779559730698,0,0,0
0.2,0,42,15.0,0,0,0
0.028341413137610526,0,34,15.0,0,0,0
0.2,0,26,15.0,0,0,0
0.2,0,24,20.476735690627233,0,0,0
0.2,0,43,20.95379888645027,0,0,0
0.06776959820260173,0,22,15.0,0,0,0
0.2,0,35,15.0,0,0,0
0.2,0,30,21.713255689030905,0,0,0
0.2,0,25,19.332412491121257,0,0,0
0.2,0,28,18.36574607351006,0,0,0
0.2,0,13,15.0,0,0,0
0.2,0,39,22.630992719906548,0,0,0
0.2,0,12,23.776631852606403,0,0,0
0.2,0,13,23.98307364848446,0,0,0
0.2,0,20,47.92863345569097,0,0,0
0.2,0,31,15.0,0,0,0
0.15634351282129383,0,22,15.0,0,0,0
0.2,0,46,15.0,0,0,0
0.2,0,48,15.0,0,0,0
0.2,0,26,15.0,0,0,0
0.008152444944135608,0,50,15.0,0,0,0
0.2,0,13,15.0,0,0,0
0.008949768580607345,0,15,19.85009521659837,0,0,0
0.2,0,24,15.0,0,0,0
0.2,0,48,15.0,0,0,0
0.1581520353645559,0,30,15.0,0,0,0
0.2,0,38,15.0,0,0,0
0.2,0,36,15.0,0,0,0
0.2,0,30,24.06097653811272,0,0,0
0.004736321556941049,0,48,23.432628661832286,0,0,0
0.2,0,49,20.56289259247569,0,0,0
0.2,0,28,15.0,0,0,0
0.2,0,39,20.29593347039589,0,0,0
0.005465947542610512,0,35,19.325518553698288,0,0,0
0.2,0,34,19.200251666140133,0,0,0
0.2,0,14,20.5414165428335,0,0,0
0.2,0,18,15.0,0,0,0
0.2,0,50,23.638288317949414,0,0,0
0.2,0,20,21.614338467500637,0,0,0
0.2,0,36,20.572178173204914,0,0,0
0.2,0,47,15.0,0,0,0
0.2,0,34,24.61512171784933,0,0,0
0.005318845365737395,0,18,15.0,0,0,0
0.2,0,45,21.7952841743891,0,0,0
0.12906280865487574,0,11,15.0,0,0,0
0.0030900979595961412,0,39,15.0,0,0,0
0.2,0,20,15.0,0,0,0
0.04808420912778938,0,36,15.0,0,0,0
0.005432558731830237,0,29,15.0,0,0,0
0.2,0,33,22.636516959973328,0,0,0
0.2,0,25,20.16543089254938,0,0,0
0.2,0,31,15.0,0,0,0
0.013082464503131485,0,48,15.0,0,0,0
0.2,0,43,20.794472365831115,0,0,0
0.2,0,27,21.388883694830092,0,0,0
0.2,0,48,24.2087486273342,0,0,0
0.2,0,46,15.0,0,0,0
0.2,0,35,23.609460665837673,0,0,0
0.2,0,34,15.0,0,0,0
0.2,0,11,15.0,0,0,0
0.2,0,31,15.0,0,0,0
0.2,0,18,21.602724727387013,0,0,0
0.2,0,16,15.0,0,0,0
0.2,0,45,15.0,0,0,0
0.2,0,21,19.562892341715237,0,0,0
0.01088397631886305,0,35,15.0,0,0,0
0.2,0,45,15.0,0,0,0
0.2,0,34,15.0,0,0,0
0.2,0,41,20.381156707144008,0,0,0
0.2,0,41,23.24468646764852,0,0,0
0.2,0,28,19.538818839573292,0,0,0
0.2,0,47,29.874332102591854,0,0,0
0.2,0,47,22.89087257887853,0,0,0
0.009554540903506976,0,23,15.0,0,0,0
0.2,0,43,22.193308316876134,0,0,0
0.2,0,17,21.03387793125662,0,0,0
0.2,0,14,23.868816369851032,0,0,0
0.2,0,31,22.043557835357845,0,0,0
0.2,0,34,23.99172759255642,0,0,0
0.2,0,33,15.0,0,0,0
0.2,0,42,24.53841667282306,0,0,0
0.2,0,26,18.084609971193387,0,0,0
0.2,0,43,21.406304996894963,0,0,0
0.2,0,46,19.297169134088193,0,0,0
0.2,0,13,15.0,0,0,0
0.2,0,28,15.0,0,0,0
0.001949845445621963,0,19,15.0,0,0,0
0.06625406591592697,0,36,15.0,0,0,0
0.2,0,26,15.0,0,0,0
0.03588490176631137,0,21,19.501822761740378,0,0,0
0.2,0,20,21.300275598167882,0,0,0
0.2,0,24,15.0,0,0,0
0.2,0,14,15.0,0,0,0
0.2,0,14,27.00128381718371,0,0,0
0.2,0,35,15.0,0,0,0
0.2,0,48,15.0,0,0,0
0.05366814887628168,0,30,15.0,0,0,0
0.2,0,48,32.711417191789195,0,0,0
0.062461641471709295,0,16,45.3263742389999,0,0,0
0.2,0,49,15.0,0,0,0
0.2,0,34,22.599703650665436,0,0,0
0.159653357946599,0,40,15.0,0,0,0
0.2,0,12,21.795313498753625,0,0,0
0.2,0,34,15.0,0,0,0
0.2,0,25,15.0,0,0,0
0.005351429397059807,0,46,15.0,0,0,0
0.2,0,42,21.182961659836447,0,0,0
0.2,0,45,19.652665189639745,0,0,0
0.2,0,46,15.0,0,0,0
0.2,0,39,22.565925150730333,0,0,0
0.19520709741783163,0,20,15.0,0,0,0
0.2,0,21,20.527351507431895,0,0,0
0.2,0,45,21.903851670521142,0,0,0
0.2,0,34,21.925179568532894,0,0,0
0.2,0,46,25.24405549541675,0,0,0
0.2,0,42,22.035702813386845,0,0,0
0.2,0,34,15.0,0,0,0
0.03164095742841492,0,16,15.0,0,0,0
0.006725566415801491,0,50,15.0,0,0,0
0.02844793515633601,0,19,15.0,0,0,0
0.2,0,20,20.270352232847095,0,0,0
0.2,0,15,19.560645289464077,0,0,0
0.2,0,12,15.0,0,0,0
0.2,0,25,15.0,0,0,0
0.0887391621915085,0,44,15.0,0,0,0
0.2,0,45,15.0,0,0,0
0.02107031731038251,0,30,68.36381187779966,0,0,0
0.2,0,22,15.0,0,0,0
0.2,0,24,22.722055045278932,0,0,0
0.13627411164341954,0,47,15.0,0,0,0
0.2,0,12,21.96642394677198,0,0,0
0.11157488010798731,0,12,15.0,0,0,0
0.002727856212345651,0,12,15.0,0,0,0
0.2,0,46,25.009887120502757,0,0,0
0.005856839416482008,0,13,15.0,0,0,0
0.2,0,48,21.044149605153958,0,0,0
0.2,0,17,23.16431339543953,0,0,0
0.016735062344837633,0,32,15.0,0,0,0
0.016783390330448386,0,49,15.0,0,0,0
0.2,0,14,15.0,0,0,0
0.2,0,21,15.0,0,0,0
0.2,0,39,15.0,0,0,0
0.2,0,43,24.69256531477032,0,0,0
0.1715293285832129,0,47,15.0,0,0,0
0.2,0,10,19.53383647867745,0,0,0
0.0075709232355166784,0,41,27.920535409696285,0,0,0
0.05148716841435313,0,23,15.0,0,0,0
0.005237149189480082,0,32,22.102461927863036,0,0,0
0.2,0,47,15.0,0,0,0
0.2,0,46,15.0,0,0,0
0.01096558566687115,0,17,15.0,0,0,0
0.2,0,29,21.23085550092172,0,0,0
0.08414231170078469,0,21,21.53806940269392,0,0,0
0.2,0,35,23.726344741959135,0,0,0
0.2,0,43,20.764204662551784,0,0,0
0.2,0,23,15.0,0,0,0
0.2,0,14,25.42523917994584,0,0,0
0.2,0,12,15.0,0,0,0
0.04499824377302403,0,12,15.0,0,0,0
0.2,0,25,15.0,0,0,0
0.0485452413337522,0,49,15.0,0,0,0
0.1298149998291929,0,20,15.0,0,0,0
0.2,0,26,15.0,0,0,0
0.2,0,37,15.0,0,0,0
0.2,0,36,15.0,0,0,0
0.01646705033440625,0,21,15.0,0,0,0
0.09459533037763902,0,15,29.923930571210576,0,0,0
0.2,0,16,15.0,0,0,0
0.2,0,19,23.790604590980006,0,0,0
0.2,0,13,19.343039303424675,0,0,0
0.18754883487205168,0,28,15.0,0,0,0
0.005023647085088493,0,36,15.0,0,0,0
0.2,0,37,15.0,0,0,0
0.2,0,47,19.812955003992336,0,0,0
0.2,0,22,15.0,0,0,0
0.013653549964394647,0,36,15.0,0,0,0
0.2,0,46,25.104207300653517,0,0,0
0.2,0,11,15.0,0,0,0
0.2,0,42,22.150734623600098,0,0,0
0.2,0,13,15.0,0,0,0
0.00992968540127055,0,32,15.0,0,0,0
0.2,0,44,15.0,0,0,0
0.2,0,28,24.588524758166155,0,0,0
0.012072116621329855,0,32,15.0,0,0,0
0.2,0,35,15.0,0,0,0
0.013823848043426673,0,33,15.0,0,0,0
0.2,0,39,23.546252824377092,0,0,0
0.2,0,45,30.702572830984554,0,0,0
0.2,0,15,21.687801759772693,0,0,0
0.2,0,27,22.261579603701183,0,0,0
0.057293007370547495,0,44,15.0,0,0,0
0.001,0,25,15.0,0,0,0
0.2,0,30,21.735212819646428,0,0,0
0.2,0,40,21.231097956916795,0,0,0
0.2,0,48,15.0,0,0,0
0.025976169419724505,0,20,15.0,0,0,0
0.004230708312554625,0,49,15.0,0,0,0
0.2,0,39,24.204519429656493,0,0,0
0.2,0,11,22.8834500698336,0,0,0
0.2,0,45,15.0,0,0,0
0.2,0,25,15.0,0,0,0
0.2,0,21,23.304331281230187,0,0,0
0.2,0,31,15.0,0,0,0
0.2,0,33,24.380518160763163,0,0,0
0.2,0,32,15.0,0,0,0
0.2,0,12,22.849063850671488,0,0,0
0.2,0,43,22.087777156587205,0,0,0
0.2,0,24,22.258275035000693,0,0,0
0.2,0,15,22.85119039106384,0,0,0
0.2,0,33,19.81200568433618,0,0,0
0.2,0,35,15.0,0,0,0
0.2,0,14,15.0,0,0,0
0.2,0,48,15.0,0,0,0
0.2,0,34,20.16090945555576,0,0,0
0.2,0,50,20.31566090316747,0,0,0
0.2,0,37,15.0,0,0,0
0.2,0,10,21.666568961147746,0,0,0
0.2,0,18,15.0,0,0,0
0.2,0,49,20.715535380006077,0,0,0
0.2,0,32,20.261038170111092,0,0,0
0.2,0,15,22.886704712331642,0,0,0
0.004270370938183108,0,13,21.549198879445886,0,0,0
0.2,0,32,20.219994874033883,0,0,0
0.2,0,34,15.0,0,0,0
0.2,0,20,25.89694453441596,0,0,0
0.18522411191362984,0,17,29.794798774859647,0,0,0
0.2,0,34,15.0,0,0,0
0.2,0,27,23.94093501290032,0,0,0
0.2,0,11,20.380497418682285,0,0,0
0.2,0,12,15.0,0,0,0
0.2,0,19,15.0,0,0,0
0.2,0,33,15.0,0,0,0
0.2,0,22,15.0,0,0,0
0.2,0,10,15.0,0,0,0
0.2,0,47,20.524186852594823,0,0,0
0.2,0,38,19.514359666958658,0,0,0
0.2,0,33,15.0,0,0,0
0.0024785888458644834,0,20,15.0,0,0,0
0.2,0,39,15.0,0,0,0
0.2,0,48,15.0,0,0,0
0.2,0,37,15.0,0,0,0
0.2,0,22,21.528569363308566,0,0,0
0.03381884196605015,0,26,24.395491807588748,0,0,0
0.2,0,48,20.182645604738948,0,0,0
0.1043562549144034,0,10,15.0,0,0,0
0.2,0,19,15.0,0,0,0
0.2,0,14,70.0,0,0,0
0.2,0,36,19.10610513799223,0,0,0
0.2,0,28,23.01827678570359,0,0,0
0.2,0,15,21.00654866525923,0,0,0
0.2,0,48,20.950703862032857,0,0,0
0.0024410029498662116,0,32,15.0,0,0,0
0.2,0,20,15.0,0,0,0
0.2,0,48,15.0,0,0,0
0.2,0,38,23.500374541793395,0,0,0
0.2,0,15,19.58387371003375,0,0,0
0.011801204035480867,0,43,15.0,0,0,0
0.2,0,12,23.495786164966063,0,0,0
0.2,0,47,21.67285525085028,0,0,0
0.2,0,26,15.0,0,0,0
0.2,0,22,15.0,0,0,0
0.2,0,12,15.0,0,0,0
0.2,0,48,20.116276237906515,0,0,0
0.2,0,32,15.0,0,0,0
0.2,0,34,24.353015249462974,0,0,0
0.2,0,44,26.99450985403477,0,0,0
0.2,0,30,15.0,0,0,0
0.02963927323692013,0,21,15.0,0,0,0
0.2,0,41,15.0,0,0,0
0.2,0,31,19.8720175258577,0,0,0
0.01922938205296469,0,19,15.0,0,0,0
0.2,0,44,15.0,0,0,0
0.2,0,43,15.0,0,0,0
0.2,0,20,27.530779358206424,0,0,0
0.2,0,36,20.149759501493744,0,0,0
0.2,0,47,15.0,0,0,0
0.2,0,42,15.0,0,0,0
0.2,0,18,15.0,0,0,0
0.2,0,45,19.833771936952477,0,0,0
0.2,0,12,15.0,0,0,0
0.2,0,35,15.0,0,0,0
0.2,0,30,15.0,0,0,0
0.2,0,11,15.0,0,0,0
0.2,0,39,15.0,0,0,0
0.2,0,22,20.86957805538178,0,0,0
0.2,0,44,20.472703463390904,0,0,0
0.00421013475509216,0,45,25.063211386186097,0,0,0
0.11357794994044801,0,34,15.0,0,0,0
0.2,0,35,22.613662993329488,0,0,0
0.2,0,12,15.0,0,0,0
0.2,0,46,15.0,0,0,0
0.2,0,37,15.0,0,0,0
0.2,0,25,15.0,0,0,0
0.2,0,13,24.787931010246755,0,0,0
0.016454798470807025,0,30,15.0,0,0,0
0.2,0,46,15.0,0,0,0
0.2,0,45,15.0,0,0,0
0.01848832177315021,0,14,15.0,0,0,0
0.05732435465904486,0,41,15.0,0,0,0
0.2,0,13,15.0,0,0,0
0.2,0,25,15.0,0,0,0
0.2,0,28,15.0,0,0,0
0.2,0,10,15.0,0,0,0
0.07924462002040757,0,15,20.560265017391178,0,0,0
0.2,0,46,15.0,0,0,0
0.2,0,35,15.0,0,0,0
0.2,0,42,33.7775832531779,0,0,0
0.2,0,33,20.52371016645989,0,0,0
0.2,0,28,15.0,0,0,0
0.07135815345966053,0,10,15.0,0,0,0
0.2,0,32,15.0,0,0,0
0.2,0,41,15.0,0,0,0
0.2,0,18,20.589617956875333,0,0,0
0.01005880656553316,0,30,20.117665276954565,0,0,0
0.2,0,26,24.409181759163413,0,0,0
0.2,0,45,15.0,0,0,0
0.2,0,16,15.0,0,0,0
0.2,0,14,15.0,0,0,0
0.2,0,18,15.0,0,0,0
0.2,0,16,15.0,0,0,0
0.2,0,44,15.0,0,0,0
0.2,0,20,30.78794817829913,0,0,0
0.2,0,24,23.21125727518366,0,0,0
0.2,0,20,21.89741364069142,0,0,0
0.2,0,43,21.948217251481744,0,0,0
0.2,0,37,15.0,0,0,0
0.2,0,29,15.0,0,0,0
0.006450276464168475,0,42,15.0,0,0,0
0.0022940718202258724,0,12,15.0,0,0,0
0.2,0,37,15.0,0,0,0
0.2,0,24,21.80685648155875,0,0,0
0.2,0,25,23.930000709749283,0,0,0
0.2,0,16,19.9413836936293,0,0,0
0.2,0,13,15.0,0,0,0
0.2,0,38,22.5181533954307,0,0,0
0.2,0,44,15.0,0,0,0
0.2,0,47,22.63451810241179,0,0,0
0.2,0,19,15.0,0,0,0
0.2,0,41,15.0,0,0,0
0.2,0,14,24.068244325262448,0,0,0
0.2,0,41,15.0,0,0,0
0.2,0,33,19.139566852536774,0,0,0
0.2,0,45,15.0,0,0,0
0.2,0,12,15.0,0,0,0
0.2,0,41,15.0,0,0,0
0.2,0,29,20.357280534991524,0,0,0
0.08399416092573919,0,33,15.0,0,0,0
0.16109899966493718,0,32,15.0,0,0,0
0.2,0,39,21.529197049070373,0,0,0
0.2,0,34,15.0,0,0,0
0.2,0,27,28.856142058976967,0,0,0
0.001,0,27,18.61628058750306,0,0,0
0.2,0,12,15.0,0,0,0
0.2,0,39,15.0,0,0,0
0.2,0,38,19.429288648328534,0,0,0
0.19400587095668798,0,33,15.0,0,0,0
0.2,0,39,19.277925420524404,0,0,0
0.04095388466896954,0,21,15.0,0,0,0
0.2,0,19,21.739483097020823,0,0,0
0.2,0,47,15.0,0,0,0
0.01235607657915341,0,49,19.912922483004934,0,0,0
0.009443104674890018,0,44,21.857796023029678,0,0,0
0.2,0,12,15.0,0,0,0
0.2,0,32,22.662391343246522,0,0,0
0.19797545551529888,0,40,15.0,0,0,0
0.2,0,11,21.613837834125114,0,0,0
0.2,0,49,15.0,0,0,0
0.2,0,42,15.0,0,0,0
0.2,0,22,20.33147507970594,0,0,0
0.2,0,30,15.0,0,0,0
0.015503334508206172,0,47,15.0,0,0,0
0.010046618886261429,0,44,15.0,0,0,0
0.2,0,43,20.108676005028997,0,0,0
0.2,0,50,15.0,0,0,0
0.2,0,40,15.0,0,0,0
0.2,0,48,15.0,0,0,0
0.2,0,49,15.0,0,0,0
0.03833586263285991,0,10,15.0,0,0,0
0.2,0,36,23.05175144857438,0,0,0
0.006972084705230389,0,23,15.0,0,0,0
0.2,0,30,15.0,0,0,0
0.2,0,16,15.0,0,0,0
0.2,0,37,15.0,0,0,0
0.2,0,44,19.758818257846517,0,0,0
0.1326082479159435,0,26,15.0,0,0,0
0.0042277194320387715,0,38,20.588018504505566,0,0,0
0.2,0,23,22.913313464195333,0,0,0
0.2,0,40,21.369769096437437,0,0,0
0.2,0,13,15.0,0,0,0
0.2,0,46,15.0,0,0,0
0.17475368257716534,0,25,15.0,0,0,0
0.2,0,30,22.343237616189196,0,0,0
0.2,0,42,15.0,0,0,0
0.2,0,11,15.0,0,0,0
0.2,0,48,15.0,0,0,0
0.2,0,35,15.0,0,0,0
0.2,0,49,21.229273744995794,0,0,0
0.2,0,32,15.0,0,0,0
0.2,0,18,15.0,0,0,0
0.0049099167349776675,0,33,28.038137923177988,0,0,0
0.2,0,33,15.0,0,0,0
0.0010982447508465227,0,47,18.534071931205137,0,0,0
0.2,0,33,20.90735916245024,0,0,0
0.2,0,26,15.0,0,0,0
0.2,0,17,24.54809200252304,0,0,0
0.004625500393221095,0,23,19.399706817712534,0,0,0
0.2,0,33,15.0,0,0,0
0.2,0,25,15.0,0,0,0
0.0014800106779317014,0,24,15.0,0,0,0
0.2,0,10,15.0,0,0,0
0.2,0,48,15.0,0,0,0
0.2,0,44,20.931292602767027,0,0,0
0.2,0,20,15.0,0,0,0
0.0023321705106443278,0,15,15.0,0,0,0
0.2,0,44,21.992112292140664,0,0,0
0.2,0,44,15.0,0,0,0
0.03481103677944315,0,46,15.0,0,0,0
0.2,0,32,15.0,0,0,0
0.0063375887568383775,0,40,15.0,0,0,0
0.2,0,39,15.0,0,0,0
0.2,0,18,15.0,0,0,0
0.2,0,31,21.106542820267943,0,0,0
0.2,0,20,15.0,0,0,0
0.2,0,40,20.169013330753508,0,0,0
0.2,0,49,15.0,0,0,0
0.2,0,13,15.0,0,0,0
0.030989024285247878,0,13,15.0,0,0,0
0.507919745481754,1,0,26.518053043783695,0,0,0
0.9559749403387852,1,0,22.602505499038497,0,0,0
0.8198773645320137,1,0,22.752189093524404,0,0,0
0.7926404552932278,1,0,20.0,0,0,0
0.4436127811968163,1,0,26.769208246963572,0,0,0
0.5905409385394874,1,0,20.0,0,0,0
0.8756188018304074,1,0,20.0,0,0,0
0.904124535807604,1,0,20.0,0,0,0
0.7684344234329037,1,0,20.0,0,0,0
0.5652331448554064,1,0,25.312820779583202,0,0,0
0.2585320361959445,1,0,21.99881101257065,0,0,0
0.29548264684172054,1,0,20.0,0,0,0
0.20023433745993025,1,0,24.068906127725047,0,0,0
0.4873598156023471,1,0,20.0,0,0,0
0.21870717079967764,1,0,20.0,0,0,0
0.5480174325814313,1,0,20.0,0,0,0
0.6780332985739534,1,0,20.992180477177516,0,0,0
0.6767041123026172,1,0,20.0,0,0,0
0.6442380145607589,1,0,20.0,0,0,0
0.38093668865792574,1,0,20.0,0,0,0
0.6153511213511851,1,0,20.0,0,0,0
0.9838687443336371,1,0,21.284800234590733,0,0,0
0.555694229620596,1,0,20.0,0,0,0
0.8995933490760213,1,0,20.0,0,0,0
0.5051243529295546,1,0,20.0,0,0,0
0.698435550251765,1,0,20.0,0,0,0
0.585471125263608,1,0,20.0,0,0,0
0.7508979810893353,1,0,20.0,0,0,0
0.9179022716871315,1,0,20.0,0,0,0
0.5527205993652622,1,0,21.199086165926758,0,0,0
0.8059195666077104,1,0,25.53590770264459,0,0,0
0.9060317198950265,1,0,23.740796418151003,0,0,0
0.8316356369679201,1,0,24.537470459982032,0,0,0
0.21964479910063403,1,0,25.546596858770467,0,0,0
0.20015172281459545,1,0,23.016403794908246,0,0,0
0.9063677413185927,1,0,24.016354403463488,0,0,0
0.7834507298814233,1,0,20.0,0,0,0
0.9665056257363278,1,0,22.53782673316559,0,0,0
0.43398591522797547,1,0,27.222315496981953,0,0,0
0.8303746021720999,1,0,23.742062564105378,0,0,0
0.8412176616941094,1,0,20.0,0,0,0
0.8858611917981505,1,0,20.435952496404607,0,0,0
0.753622330961196,1,0,24.105209127446404,0,0,0
0.3106463939338173,1,0,20.0,0,0,0
0.7447541916194083,1,0,20.0,0,0,0
0.6835869558701935,1,0,22.875630855032625,0,0,0
0.46693767401232344,1,0,24.801108485538933,0,0,0
0.3668907933871721,1,0,21.081818381767835,0,0,0
0.9080799554508256,1,0,23.494578164103483,0,0,0
0.3135571959681518,1,0,20.0,0,0,0
0.5377583173551659,1,0,20.0,0,0,0
0.6982388181645769,1,0,20.0,0,0,0
0.9774371451324111,1,0,20.0,0,0,0
0.7367810819289247,1,0,25.583795352964437,0,0,0
0.443902559137219,1,0,24.233936329810465,0,0,0
0.24852954746612632,1,0,22.977993355844685,0,0,0
0.45416249827738037,1,0,25.563777649001125,0,0,0
0.4342292474509159,1,0,24.483966926636043,0,0,0
0.8552635854509938,1,0,20.0,0,0,0
0.5012676436148016,1,0,21.834148368901314,0,0,0
0.27875866630706353,1,0,20.0,0,0,0
0.8959819701539238,1,0,22.38306684380457,0,0,0
0.21444341342648549,1,0,20.0,0,0,0
0.2024075164226753,1,0,20.055822402365443,0,0,0
0.5798025947852938,1,0,20.0,0,0,0
0.25537623199278514,1,0,20.0,0,0,0
0.34168151681883496,1,0,20.0,0,0,0
0.9882276656974889,1,0,27.20488835931874,0,0,0
0.8754920023942581,1,0,20.0,0,0,0
0.8112301407453812,1,0,20.0,0,0,0
0.7366344425577611,1,0,26.366503838663164,0,0,0
0.2382523592155531,1,0,24.527415367052242,0,0,0
0.8687269694616537,1,0,22.159414182161463,0,0,0
0.5769506635574193,1,0,20.0,0,0,0
0.2786559791160126,1,0,20.0,0,0,0
0.4406008089200148,1,0,26.95538853221746,0,0,0
0.6015744958276362,1,0,27.793452514239767,0,0,0
0.21095567793694292,1,0,20.0,0,0,0
0.4019355784411072,1,0,20.0,0,0,0
0.4687389029894127,1,0,25.18899770449554,0,0,0
0.5710330716276776,1,0,20.0,0,0,0
0.2015852844590703,1,0,23.791086794735246,0,0,0
0.6523540961450294,1,0,26.775736408762466,0,0,0
0.35810696869501774,1,0,21.9796718248237,0,0,0
0.6778004245988607,1,0,26.37652560628505,0,0,0
0.3913202456948051,1,0,20.0,0,0,0
0.5221747532646632,1,0,20.90749711934908,0,0,0
0.6989041593970238,1,0,26.39195417257477,0,0,0
0.725258085152656,1,0,24.3824469900382,0,0,0
0.2244765544949516,1,0,22.68899421269601,0,0,0
0.6280596384633781,1,0,20.0,0,0,0
0.853313335460651,1,0,20.884229454191996,0,0,0
0.3651384364435515,1,0,25.5045989256929,0,0,0
0.6255909101964219,1,0,23.96933877628271,0,0,0
0.5580917139094923,1,0,20.0,0,0,0
0.8799479263252961,1,0,26.583429108874867,0,0,0
0.5510104597115362,1,0,20.0,0,0,0
0.955072408368518,1,0,20.0,0,0,0
0.7219427448330265,1,0,20.0,0,0,0
0.6491065771045237,1,0,20.0,0,0,0
0.4335356327817416,1,0,27.09581261215462,0,0,0
0.6772204915866525,1,0,20.0,0,0,0
0.3049971379744461,1,0,22.459094060039813,0,0,0
0.5329952763725461,1,0,25.696587000791705,0,0,0
0.42754235662780293,1,0,38.878992667834105,0,0,0
0.7362212027769213,1,0,27.223298517071807,0,0,0
0.8111967852234028,1,0,20.0,0,0,0
0.9429030838281716,1,0,25.974169664860142,0,0,0
0.3776806166248194,1,0,25.076007375299703,0,0,0
0.9078005586138918,1,0,20.0,0,0,0
0.8767611881513715,1,0,23.898365966111577,0,0,0
0.8899452599622906,1,0,20.0,0,0,0
0.792380689227765,1,0,28.581786801904187,0,0,0
0.41417715486179935,1,0,21.981125962057252,0,0,0
0.9022977400100258,1,0,20.0,0,0,0
0.6796387696423363,1,0,20.0,0,0,0
0.7924893630741867,1,0,20.0,0,0,0
0.3642058847944232,1,0,20.0,0,0,0
0.3259284284112199,1,0,26.10514029979441,0,0,0
0.4214813080597799,1,0,20.0,0,0,0
0.609096621420564,1,0,20.0,0,0,0
0.5333000768957812,1,0,20.0,0,0,0
0.9100864288309445,1,0,20.0,0,0,0
0.21041480252204164,1,0,20.0,0,0,0
0.2640387143567587,1,0,30.459978582085558,0,0,0
0.4603278882381462,1,0,22.179918924072087,0,0,0
0.3341857859569439,1,0,23.74364947427905,0,0,0
0.5254004929521119,1,0,23.045307145185802,0,0,0
0.7740744803881188,1,0,20.0,0,0,0
0.9947342974408435,1,0,20.0,0,0,0
0.3616597977797006,1,0,20.0,0,0,0
0.41277970766435756,1,0,20.0,0,0,0
0.8149909196390799,1,0,25.26701075574796,0,0,0
0.41763976584021506,1,0,20.0,0,0,0
0.7629999781900596,1,0,25.208347366155852,0,0,0
0.6667912386259045,1,0,21.235812353903462,0,0,0
0.8839152790645703,1,0,58.007211315647766,0,0,0
0.2266694199170507,1,0,20.0,0,0,0
0.9837975679696054,1,0,24.820287130081883,0,0,0
0.9714005356568085,1,0,20.0,0,0,0
0.21791023574314022,1,0,24.40179783107813,0,0,0
0.5996075373424281,1,0,22.724193828440384,0,0,0
0.5211408839753418,1,0,20.0,0,0,0
0.4033305209629421,1,0,100.0,0,0,0
0.9822607369354608,1,0,20.0,0,0,0
0.339680373450045,1,0,20.0,0,0,0
0.4108435938410597,1,0,24.607647102857484,0,0,0
0.20657837888844066,1,0,20.0,0,0,0
0.6641785025046005,1,0,27.256398066178537,0,0,0
0.8886389111466546,1,0,21.75764838253995,0,0,0
0.6975303485227846,1,0,22.513621869528244,0,0,0
0.7212857807949526,1,0,20.0,0,0,0
0.25305629565944915,1,0,27.10850860255221,0,0,0
0.7718457752885775,1,0,20.0,0,0,0
0.5272035350347712,1,0,24.821078986161265,0,0,0
0.5789699702982385,1,0,20.0,0,0,0
0.668012455525782,1,0,20.0,0,0,0
0.9802914910722462,1,0,20.0,0,0,0
0.7985466045739538,1,0,20.0,0,0,0
0.7471416718676502,1,0,20.0,0,0,0
0.5455144278282532,1,0,27.563336861683343,0,0,0
0.22756041322308712,1,0,20.0,0,0,0
0.6309477378924068,1,0,25.14526532047773,0,0,0
0.7287049843013853,1,0,20.0,0,0,0
0.7633517477665717,1,0,20.0,0,0,0
0.6863048666201987,1,0,20.0,0,0,0
0.44029362008160206,1,0,20.0,0,0,0
0.37682512134731383,1,0,25.46692428959572,0,0,0
0.27207521735853507,1,0,31.7865851025481,0,0,0
0.762265098307608,1,0,22.375126474187553,0,0,0
0.976628752994843,1,0,27.062959393285436,0,0,0
0.6200179718492406,1,0,20.0,0,0,0
0.7385461322933708,1,0,22.95490352607686,0,0,0
0.7540820020497636,1,0,20.0,0,0,0
0.3291536846582297,1,0,25.262961402828196,0,0,0
0.35344113508402303,1,0,20.0,0,0,0
0.3665417842961558,1,0,22.91371958159554,0,0,0
0.9462732269685445,1,0,20.0,0,0,0
0.21246404844503994,1,0,20.0,0,0,0
0.6329350184076091,1,0,20.0,0,0,0
0.5017420978801705,1,0,20.0,0,0,0
0.7274802689307622,1,0,21.34580718170364,0,0,0
0.376393731815299,1,0,20.0,0,0,0
0.9689366557796644,1,0,20.0,0,0,0
0.46497226731191815,1,0,27.759046647892305,0,0,0
0.9407414252932584,1,0,24.840688173744258,0,0,0
0.6713602855742311,1,0,20.0,0,0,0
0.5315688791772044,1,0,25.194839777458775,0,0,0
0.7871084186146795,1,0,20.0,0,0,0
0.6424517394126137,1,0,23.443899840157112,0,0,0
0.31086602077705666,1,0,20.0,0,0,0
0.7635913597340898,1,0,20.0,0,0,0
0.6635951298450442,1,0,31.99892486661639,0,0,0
0.6525159885318379,1,0,28.339614061685566,0,0,0
0.790516624292475,1,0,20.0,0,0,0
0.7227841500663503,1,0,20.0,0,0,0
0.4929940507796519,1,0,20.0,0,0,0
0.45479101572258485,1,0,26.507188594999164,0,0,0
0.40065508497125446,1,0,21.574862195718673,0,0,0
0.6601163443551441,1,0,20.0,0,0,0
0.4399102073117602,1,0,20.0,0,0,0
0.2963346334387484,1,0,20.0,0,0,0
0.8261579937286321,1,0,27.1929188484396,0,0,0
0.36730579374586175,1,0,20.0,0,0,0
0.3319015934755896,1,0,20.0,0,0,0
0.8792007782606839,1,0,21.8594751946525,0,0,0
0.7617024069294085,1,0,20.0,0,0,0
0.8129255725687425,1,0,20.0,0,0,0
0.48028843689461126,1,0,20.0,0,0,0
0.6939489661776845,1,0,23.491270953235777,0,0,0
0.9457554001750688,1,0,20.0,0,0,0
0.4261578099554334,1,0,25.066827961131935,0,0,0
0.2551696764755483,1,0,20.0,0,0,0
0.3367024472739768,1,0,20.0,0,0,0
0.9179730258752457,1,0,20.0,0,0,0
0.4252248657548071,1,0,20.0,0,0,0
0.5930023254249313,1,0,27.00431289166764,0,0,0
0.6276551472532219,1,0,23.637922258859987,0,0,0
0.9680109000141395,1,0,27.467086485779504,0,0,0
0.4411832122437342,1,0,20.0,0,0,0
0.6171130327920267,1,0,20.0,0,0,0
0.9664994628489119,1,0,20.0,0,0,0
0.3610758560502248,1,0,20.0,0,0,0
0.6783082414458792,1,0,21.559824391285346,0,0,0
0.25088540482876076,1,0,20.0,0,0,0
0.41038014292645403,1,0,20.0,0,0,0
0.2553719516672941,1,0,20.0,0,0,0
0.46412219812939626,1,0,20.0,0,0,0
0.3651470462372209,1,0,27.238076152647757,0,0,0
0.838732578257777,1,0,23.45381055225493,0,0,0
0.5707163592929685,1,0,20.0,0,0,0
0.5240001710036017,1,0,21.479500550403245,0,0,0
0.7538585019907131,1,0,26.689833423270354,0,0,0
0.9577594522005588,1,0,25.59064193109746,0,0,0
0.44123471436982414,1,0,20.0,0,0,0
0.25340083787617396,1,0,26.90601058878366,0,0,0
0.28782413380336297,1,0,22.19422321375531,0,0,0
0.8857720190565403,1,0,21.745309647792176,0,0,0
0.8766839930021075,1,0,21.627497172296643,0,0,0
0.5802923255309207,1,0,21.76650279977189,0,0,0
0.31811437064474896,1,0,22.720702188192874,0,0,0
0.6211915012721447,1,0,20.0,0,0,0
0.7347375121438335,1,0,20.0,0,0,0
0.4657891921020876,1,0,38.177207927480175,0,0,0
0.26601442305666234,1,0,20.0,0,0,0
0.4575533133825152,1,0,22.235193114963774,0,0,0
0.7524591732833359,1,0,26.980960459387717,0,0,0
0.9826941510582774,1,0,20.0,0,0,0
0.35207211675453726,1,0,20.0,0,0,0
0.9316445981025681,1,0,20.0,0,0,0
0.5652983294007483,1,0,20.0,0,0,0
0.7305745003606612,1,0,20.0,0,0,0
0.8909591453121726,1,0,20.0,0,0,0
0.6459683306512027,1,0,20.0,0,0,0
0.2491691072237739,1,0,20.0,0,0,0
0.41262293769603364,1,0,20.0,0,0,0
0.8423245819305951,1,0,64.72503083833224,0,0,0
0.6423134687215306,1,0,26.208370978362076,0,0,0
0.463259408582746,1,0,21.272790121509857,0,0,0
0.6666413806037511,1,0,23.47986155450679,0,0,0
0.4148560849144331,1,0,22.62671328046963,0,0,0
0.3928082398676879,1,0,27.270579151580595,0,0,0
0.8627144192567318,1,0,22.42036756653705,0,0,0
0.5200540850155917,1,0,24.957275080718556,0,0,0
0.4191911573852556,1,0,21.874048402618676,0,0,0
0.527341145654753,1,0,20.0,0,0,0
0.9365066631691075,1,0,20.0,0,0,0
0.3446309523297935,1,0,20.0,0,0,0
0.34818347828035834,1,0,27.281280452869723,0,0,0
0.48301189298011,1,0,20.0,0,0,0
0.2483510279825275,1,0,22.50858686718385,0,0,0
0.25993698082097716,1,0,20.0,0,0,0
0.2087828672592673,1,0,20.0,0,0,0
0.31694966632058863,1,0,28.225285818243897,0,0,0
0.7123099034110218,1,0,21.636583677288115,0,0,0
0.3571409084942887,1,0,20.0,0,0,0
0.5022319715965169,1,0,20.0,0,0,0
0.7644682690461773,1,0,25.90887796075624,0,0,0
0.22545852941117994,1,0,22.124144040196118,0,0,0
0.3672471319041554,1,0,22.57562959825831,0,0,0
0.9967105707911845,1,0,28.58506827237488,0,0,0
0.6775694406024582,1,0,20.0,0,0,0
0.7279837201317074,1,0,24.94878731243534,0,0,0
0.6128384064038697,1,0,26.67858065109395,0,0,0
0.9727139700718295,1,0,22.261635023493234,0,0,0
0.3154376162714206,1,0,20.0,0,0,0
0.25389823282062984,1,0,23.928065419515804,0,0,0
0.8529329339699949,1,0,25.08932498866954,0,0,0
0.2032770956223093,1,0,61.66856350448534,0,0,0
0.6492494438830674,1,0,24.05506439101164,0,0,0
0.2011299097097215,1,0,20.0,0,0,0
0.47859571617154595,1,0,28.002051868882607,0,0,0
0.7207091753817525,1,0,25.810064149221287,0,0,0
0.6378610938442053,1,0,20.0,0,0,0
0.6478898416093537,1,0,27.19874795757744,0,0,0
0.32587695631848135,1,0,24.053315715122658,0,0,0
0.43578616167899753,1,0,23.33453185724497,0,0,0
0.7680232907206579,1,0,20.0,0,0,0
0.21863773056605515,1,0,26.40953471357228,0,0,0
0.6762266411178037,1,0,20.0,0,0,0
0.6136524894907729,1,0,26.59285112443052,0,0,0
0.4751657721136999,1,0,23.21869001551906,0,0,0
0.4678202477057476,1,0,22.681890963346163,0,0,0
0.8391577742376788,1,0,20.0,0,0,0
0.5055974902042771,1,0,24.161891672633452,0,0,0
0.2638877519010606,1,0,25.72471840580043,0,0,0
0.9696315511684721,1,0,20.0,0,0,0
0.30429540985353465,1,0,20.0,0,0,0
0.8379630640548721,1,0,20.0,0,0,0
0.21115466695583232,1,0,24.73274897933461,0,0,0
0.49151873743829877,1,0,27.24328822303071,0,0,0
0.6121444373196445,1,0,23.87934308016972,0,0,0
0.22382598728721892,1,0,23.256696178079725,0,0,0
0.7872693019187647,1,0,20.0,0,0,0
0.4084651929623888,1,0,36.91491196560054,0,0,0
0.6329347640165655,1,0,22.716902536382964,0,0,0
0.8338621059054421,1,0,25.697312651483053,0,0,0
0.6728910543583596,1,0,20.0,0,0,0
0.5644906197847945,1,0,23.619747532888148,0,0,0
0.4688898896119237,1,0,20.0,0,0,0
0.23608418313750903,1,0,20.0,0,0,0
0.9304168022138781,1,0,22.340723359756016,0,0,0
0.6735451696839838,1,0,22.89155022443906,0,0,0
0.7052284425430184,1,0,25.016703278787084,0,0,0
0.5524099821567665,1,0,24.35727844051611,0,0,0
0.49816972479378374,1,0,20.0,0,0,0
0.2373237926390341,1,0,20.0,0,0,0
0.3351933026842592,1,0,29.128063298862596,0,0,0
0.5404388040758323,1,0,25.461097637605793,0,0,0
0.39336370991801434,1,0,23.90406693334484,0,0,0
0.23555361299904895,1,0,23.686891340035952,0,0,0
0.6368112323274002,1,0,26.899873200843516,0,0,0
0.5712909635240331,1,0,20.0,0,0,0
0.5370984042470296,1,0,20.0,0,0,0
0.8273835339181519,1,0,20.0,0,0,0
0.6796222763243058,1,0,20.0,0,0,0
0.20113211866340636,1,0,24.45005901200988,0,0,0
0.8095279188648683,1,0,20.0,0,0,0
0.5860700563116561,1,0,36.72765566437568,0,0,0
0.6134511786850039,1,0,28.130626735976666,0,0,0
0.9116582134285012,1,0,21.847020919035774,0,0,0
0.2873757225196858,1,0,20.0,0,0,0
0.6795230769424576,1,0,20.0,0,0,0
0.42572778477799905,1,0,32.74390394024751,0,0,0
0.22936904876086547,1,0,24.8360137737421,0,0,0
0.5499052957781754,1,0,28.397877868111678,0,0,0
0.4268904247684119,1,0,25.593354169779673,0,0,0
0.20119436866267615,1,0,20.0,0,0,0
0.5943559933110463,1,0,20.0,0,0,0
0.4488987353660021,1,0,20.0,0,0,0
0.5472986238806983,1,0,37.25619236258319,0,0,0
0.20938491622192368,1,0,23.025599174283307,0,0,0
0.521425605267378,1,0,20.0,0,0,0
0.5763236287463329,1,0,20.0,0,0,0
0.5728169177751083,1,0,20.0,0,0,0
0.7735409547433294,1,0,20.0,0,0,0
0.9930292603886912,1,0,20.0,0,0,0
0.22228988138899491,1,0,20.0,0,0,0
0.5168212403702157,1,0,26.665227629919993,0,0,0
0.885373946855925,1,0,20.0,0,0,0
0.7005574089722597,1,0,23.70707357715672,0,0,0
0.9868811923333238,1,0,24.456224828001798,0,0,0
0.7707327549696117,1,0,26.762398321076258,0,0,0
0.7793978586329184,1,0,20.0,0,0,0
0.26086762504727884,1,0,20.0,0,0,0
0.42020380020186593,1,0,20.0,0,0,0
0.6670477673207764,1,0,25.924625190427403,0,0,0
0.6179141418106415,1,0,20.0,0,0,0
0.8100731411356983,1,0,20.744515982346847,0,0,0
0.9949261539059873,1,0,24.63853987502474,0,0,0
0.3654434116113757,1,0,38.2502454884125,0,0,0
0.5427192975964168,1,0,24.928560574054433,0,0,0
0.8934719803513351,1,0,22.713822946663317,0,0,0
0.8705193693350317,1,0,30.36217556148741,0,0,0
0.853754745728676,1,0,22.674582811440995,0,0,0
0.6963148952918647,1,0,26.03618387000699,0,0,0
0.9945547985267744,1,0,20.0,0,0,0
0.48632275939778113,1,0,25.956455687260007,0,0,0
0.29303587530856756,1,0,20.0,0,0,0
0.3060479265294463,1,0,20.0,0,0,0
0.5485535407230129,1,0,27.710103254471193,0,0,0
0.8439599878389463,1,0,26.05724608781,0,0,0
0.5622769992726747,1,0,20.0,0,0,0
0.6891065461658434,1,0,24.247482469955745,0,0,0
0.48641728832328407,1,0,25.3831109279603,0,0,0
0.7718649633419354,1,0,20.68486224598076,0,0,0
0.32251332767692875,1,0,20.0,0,0,0
0.6160924946895987,1,0,28.085861516162105,0,0,0
0.3481036216297289,1,0,20.0,0,0,0
0.5748737093636735,1,0,20.0,0,0,0
0.5443952195007402,1,0,20.0,0,0,0
0.6836497120254232,1,0,24.366952664021937,0,0,0
0.6076361887888506,1,0,25.814922284039596,0,0,0
0.9805929029623484,1,0,20.0,0,0,0
0.9202492761056698,1,0,28.0432424614142,0,0,0
0.4352623903462859,1,0,51.47605396413384,0,0,0
0.2969414447409456,1,0,20.0,0,0,0
0.2518014005600702,1,0,25.643275871416932,0,0,0
0.358395039036699,1,0,20.0,0,0,0
0.37768592743735285,1,0,20.0,0,0,0
0.9109450953247635,1,0,20.0,0,0,0
0.9398727038755958,1,0,23.869904768904807,0,0,0
0.3843762341361958,1,0,23.488637995057644,0,0,0
0.8069848805216853,1,0,20.0,0,0,0
0.8686111668565402,1,0,20.0,0,0,0
0.5020084654906622,1,0,23.19251862649886,0,0,0
0.8972752859049125,1,0,28.282756862040156,0,0,0
0.9909218200039909,1,0,27.103054873710622,0,0,0
0.9742361479072308,1,0,20.0,0,0,0
0.7935254630137138,1,0,20.0,0,0,0
0.49733021678874645,1,0,25.09486206868363,0,0,0
0.38160438974184974,1,0,23.731478508969097,0,0,0
0.9942960546672435,1,0,30.779470532223964,0,0,0
0.42093962236973737,1,0,25.662597387598773,0,0,0
0.5507061573993189,1,0,22.657167682675816,0,0,0
0.41129962930849673,1,0,26.5028713875164,0,0,0
0.5968950876068773,1,0,20.0,0,0,0
0.2883048437322952,1,0,20.0,0,0,0
0.8472452351111459,1,0,23.646585281964008,0,0,0
0.6040856967422152,1,0,24.457416961767045,0,0,0
0.5356018750545704,1,0,20.0,0,0,0
0.49051568004303986,1,0,22.46942641787328,0,0,0
0.6638274513560983,1,0,22.292741236302742,0,0,0
0.8239104482289277,1,0,30.05226505482394,0,0,0
0.9220487723194866,1,0,20.0,0,0,0
0.8732146683525048,1,0,20.0,0,0,0
0.556410531775554,1,0,20.0,0,0,0
0.8671936505165847,1,0,20.616874012837158,0,0,0
0.6228923151401992,1,0,22.84993045825152,0,0,0
0.7105425265170342,1,0,24.8979343332302,0,0,0
0.7396483227543367,1,0,22.713956517403915,0,0,0
0.5197454672389263,1,0,28.030516122651584,0,0,0
0.5888425001932913,1,0,23.96024977393537,0,0,0
0.7540711967598599,1,0,23.52589117867318,0,0,0
0.44634259595229947,1,0,20.0,0,0,0
0.7975306333708339,1,0,20.0,0,0,0
0.48328251459209187,1,0,20.0,0,0,0
0.66839158502822,1,0,20.0,0,0,0
0.8700981743242655,1,0,23.745115323963944,0,0,0
0.21856393567796256,1,0,24.00117176551562,0,0,0
0.39227203614725853,1,0,22.91465199313193,0,0,0
0.6489341385681323,1,0,20.0,0,0,0
0.28488195211725365,1,0,20.0,0,0,0
0.3644813875135731,1,0,21.909694177109614,0,0,0
0.7992715707867966,1,0,23.434131042408005,0,0,0
0.22065843598582058,1,0,20.0,0,0,0
0.6880294077421976,1,0,20.0,0,0,0
0.22732564356231003,1,0,20.0,0,0,0
0.2927389575793897,1,0,27.95874370394835,0,0,0
0.5122726314674324,1,0,27.253590071161252,0,0,0
0.9718149528231452,1,0,21.9055811217823,0,0,0
0.636678039797143,1,0,20.0,0,0,0
0.4497793379734238,1,0,20.0,0,0,0
0.5290610849736305,1,0,20.0,0,0,0
0.6550177645657262,1,0,36.16980629189346,0,0,0
0.6955332159210489,1,0,20.0,0,0,0
0.414322630471081,1,0,22.276921151087183,0,0,0
0.3578355503654204,1,0,22.85505790052325,0,0,0
0.5962474586889714,1,0,20.0,0,0,0
0.7158810001843496,1,0,28.010419277785946,0,0,0
0.853263994891061,1,0,20.0,0,0,0
0.6742362528214422,1,0,20.0,0,0,0
0.7539472674480012,1,0,20.0,0,0,0
0.5871834088915737,1,0,26.537075698229675,0,0,0
0.6533754062341262,1,0,20.0,0,0,0
0.7083580525969968,1,0,20.0,0,0,0
0.3890649952772644,1,0,20.0,0,0,0
0.9472593250639605,1,0,20.0,0,0,0
0.47627111180912324,1,0,20.0,0,0,0
0.6837505082506881,1,0,20.0,0,0,0
0.6487633670034945,1,0,20.0,0,0,0
0.882676379947674,1,0,21.484325432314336,0,0,0
0.2908835000562624,1,0,20.0,0,0,0
0.90738481347747,1,0,20.0,0,0,0
0.309612040587675,1,0,20.0,0,0,0
0.31562430174471046,1,0,25.792085501968156,0,0,0
0.8898038663657046,1,0,20.0,0,0,0
0.40568152511613614,1,0,27.22919265482452,0,0,0
0.6894291768456472,1,0,23.64834349521468,0,0,0
0.5708885903650771,1,0,27.81247561799507,0,0,0
0.9474130020330171,1,0,23.82531151163315,0,0,0
0.825667190459261,1,0,20.0,0,0,0
0.46799502222982653,1,0,26.82863069154137,0,0,0
0.8507525972610046,1,0,20.0,0,0,0
0.3806307912281363,1,0,25.446488446475904,0,0,0
0.692457081407611,1,0,20.0,0,0,0
0.8012670173796863,1,0,24.21578195478257,0,0,0
0.7625267813704284,1,0,27.055544380176677,0,0,0
0.7253456024508578,1,0,23.80667274412008,0,0,0
0.863975064544765,1,0,24.902186084225864,0,0,0
0.6449667541249969,1,0,28.46664236524816,0,0,0
0.9426783248077777,1,0,25.40940719328284,0,0,0
0.3158478173135498,1,0,20.0,0,0,0
0.4845668747101775,1,0,20.0,0,0,0
0.8263936094259392,1,0,20.0,0,0,0
0.44644456626922263,1,0,20.0,0,0,0
0.5543592858249071,1,0,23.267726298135333,0,0,0
0.8183036461818343,1,0,20.0,0,0,0
0.6308558822297059,1,0,20.0,0,0,0
0.3500940689646875,1,0,21.714919671618727,0,0,0
0.33987082716584827,1,0,20.0,0,0,0
0.44098583505244016,1,0,20.0,0,0,0
0.4424100564635316,1,0,20.0,0,0,0
0.3093396368649073,1,0,20.0,0,0,0
0.8677285297691906,1,0,22.268923642292897,0,0,0
0.42610130229444015,1,0,25.88383430011328,0,0,0
0.8417972020752471,1,0,20.0,0,0,0
0.9787601456795609,1,0,20.0,0,0,0
0.465569124964501,1,0,24.110074299694258,0,0,0
0.9761847950388787,1,0,27.53919929188586,0,0,0
0.35296063922776466,1,0,20.0,0,0,0
0.7179626461525483,1,0,22.84411894671763,0,0,0
0.9929441193222905,1,0,25.109586387750365,0,0,0
0.8466975316296188,1,0,24.40579439499458,0,0,0
0.3837606294021317,1,0,20.0,0,0,0
0.4058661216648801,1,0,20.0,0,0,0
0.409944485336765,1,0,20.0,0,0,0
0.954394110063979,1,0,24.13640913062057,0,0,0
0.3963292557023348,1,0,23.0927966987722,0,0,0
0.6076922512801102,1,0,20.0,0,0,0
0.4799114360507473,1,0,24.900543798287103,0,0,0
0.4890155202036134,1,0,20.458521687878203,0,0,0
0.5265742998366021,1,0,20.0,0,0,0
0.4760359553658849,1,0,20.0,0,0,0
0.6799420471230502,1,0,22.905946417810384,0,0,0
0.5403772744613933,1,0,23.76019316594215,0,0,0
0.5528092528028767,1,0,20.14671331043644,0,0,0
0.6047951830557186,1,0,20.0,0,0,0
0.4849428190747646,1,0,23.932918339143924,0,0,0
0.8036476659889975,1,0,20.0,0,0,0
0.6027858837067783,1,0,24.96790304184798,0,0,0
0.6073689055647186,1,0,24.607161607426786,0,0,0
0.367876114585119,1,0,20.0,0,0,0
0.22466940584992603,1,0,20.0,0,0,0
0.8474200928680873,1,0,20.0,0,0,0
0.884385477764531,1,0,24.195854959875998,0,0,0
0.3929974373237258,1,0,20.0,0,0,0
0.48802584119941317,1,0,20.0,0,0,0
0.48641433350627405,1,0,23.919925393415394,0,0,0
0.7473698681858245,1,0,20.0,0,0,0
0.3497887364426025,1,0,20.0,0,0,0
0.9829707058852213,1,0,20.0,0,0,0
0.24948918018263175,1,0,25.564323538772815,0,0,0
0.9790139951884349,1,0,21.33300781646702,0,0,0
0.25502567034100787,1,0,20.0,0,0,0
0.4540112208969867,1,0,20.0,0,0,0
0.40055460034584034,1,0,20.0,0,0,0
0.40770742433741414,1,0,23.99700030011938,0,0,0
0.9957355893015014,1,0,20.0,0,0,0
0.5666814014471704,1,0,20.0,0,0,0
0.29560845189055573,1,0,20.0,0,0,0
0.9858239719726951,1,0,25.344975227050384,0,0,0
0.394132458655014,1,0,20.0,0,0,0
0.25803763351378123,1,0,27.25356896474591,0,0,0
0.21934450364614755,1,0,23.392719487003983,0,0,0
0.5705846094591278,1,0,20.0,0,0,0
0.9346658945594128,1,0,26.70774677138682,0,0,0
0.21356837941431978,1,0,23.880761476531948,0,0,0
0.7801411448232198,1,0,100.0,0,0,0
0.40833746540048044,1,0,20.0,0,0,0
0.3752483724146005,1,0,20.0,0,0,0
0.7630318282957895,1,0,24.375504039981127,0,0,0
0.7982986116107762,1,0,22.23236022863177,0,0,0
0.6472122041585386,1,0,23.174851033478337,0,0,0
0.36180434800022176,1,0,20.0,0,0,0
0.2050465130401367,1,0,20.0,0,0,0
0.7898222343828241,1,0,27.420371224077247,0,0,0
0.6796915955139339,1,0,20.0,0,0,0
0.5380369873102697,1,0,26.397808612638578,0,0,0
0.37086556143442123,1,0,20.0,0,0,0
0.809547515550739,1,0,25.70282270561717,0,0,0
0.2567162157665133,1,0,24.99889341672816,0,0,0
0.7141619241694215,1,0,24.414171547034606,0,0,0
0.7507187337836077,1,0,20.0,0,0,0
0.3786058319051316,1,0,24.12108837865605,0,0,0
0.5866599306143643,1,0,20.0,0,0,0
0.6161594955196035,1,0,22.593019377450506,0,0,0
0.6730255388724637,1,0,20.0,0,0,0
0.9209503741694789,1,0,20.0,0,0,0
0.637132080008223,1,0,20.0,0,0,0
0.25385476724328415,1,0,21.48404805500592,0,0,0
0.4759775241346129,1,0,28.14380415018941,0,0,0
0.7026614774831972,1,0,22.861917027261025,0,0,0
0.4665125899430098,1,0,20.0,0,0,0
0.8143521824931608,1,0,20.0,0,0,0
0.35192432487541975,1,0,20.0,0,0,0
0.31440409153627136,1,0,34.70303164611143,0,0,0
0.3848261357807899,1,0,22.437717851361885,0,0,0
0.9008680042382942,1,0,25.12965245302211,0,0,0
0.7447477608440469,1,0,20.0,0,0,0
0.6160389212149835,1,0,21.91010355235933,0,0,0
0.440269828437272,1,0,20.0,0,0,0
0.9348726719548319,1,0,24.77806421401859,0,0,0
0.9110211226579534,1,0,20.0,0,0,0
0.5195203637339487,1,0,20.0,0,0,0
0.8021790701366047,1,0,26.027557469563103,0,0,0
0.9308511326347211,1,0,21.457977287134085,0,0,0
0.45068272845689866,1,0,22.06238489062941,0,0,0
0.46297467490175787,1,0,27.77300773043274,0,0,0
0.6366450342037725,1,0,21.76728668213793,0,0,0
0.526693271100081,1,0,20.0,0,0,0
0.8091836605620939,1,0,23.529745365107257,0,0,0
0.6295442134691351,1,0,20.0,0,0,0
0.3694843668962817,1,0,23.422565440925723,0,0,0
0.48510981374457407,1,0,20.0,0,0,0
0.7369912419385387,1,0,20.0,0,0,0
0.24274739505642923,1,0,23.356059371560526,0,0,0
0.47373374011570246,1,0,20.0,0,0,0
0.21287688927494566,1,0,20.0,0,0,0
0.8566935650568694,1,0,20.0,0,0,0
0.29375194539835514,1,0,24.528859208559837,0,0,0
0.2617637766811002,1,0,22.819341095678872,0,0,0
0.8292744133330208,1,0,22.969110432970933,0,0,0
0.27160549008711404,1,0,24.794015042796282,0,0,0
0.7474100341927585,1,0,23.815974026040433,0,0,0
0.5038908606074746,1,0,20.0,0,0,0
0.8573595671351524,1,0,20.0,0,0,0
0.3462810035890713,1,0,27.837097972977233,0,0,0
0.26753365884603275,1,0,24.370385511762812,0,0,0
0.3827259617952932,1,0,20.0,0,0,0
0.9457080278482495,1,0,20.0,0,0,0
0.8632967785314536,1,0,20.0,0,0,0
0.4286298459468573,1,0,20.0,0,0,0
0.36489131295306115,1,0,25.503211923387656,0,0,0
0.32547351030223104,1,0,20.0,0,0,0
0.3769627248232487,1,0,20.0,0,0,0
0.36403515473863957,1,0,23.75482465923606,0,0,0
0.9105502947944875,1,0,52.58744616831014,0,0,0
0.21598872669133273,1,0,25.751511480837223,0,0,0
0.9040980076883989,1,0,20.0,0,0,0
0.23313976666964376,1,0,26.8808674620653,0,0,0
0.8614678644107816,1,0,20.0,0,0,0
0.5405977891532692,1,0,26.47794641270859,0,0,0
0.26176444369397944,1,0,24.140796131972632,0,0,0
0.8392041657539708,1,0,20.0,0,0,0
0.4051517668788475,1,0,24.476898562026832,0,0,0
0.9024224420967193,1,0,20.0,0,0,0
0.801806123366116,1,0,23.236913200587995,0,0,0
0.9854163783738372,1,0,30.040927045821597,0,0,0
0.8654983125047218,1,0,20.0,0,0,0
0.39276912275754977,1,0,20.0,0,0,0
0.5273721602882185,1,0,20.0,0,0,0
0.7573042412011088,1,0,20.0,0,0,0
0.45285196501960895,1,0,20.0,0,0,0
0.6372028949189175,1,0,20.0,0,0,0
0.3901176950572371,1,0,26.703234334131153,0,0,0
0.7303606888693017,1,0,28.596683319651568,0,0,0
0.4737071850179355,1,0,21.526881677411183,0,0,0
0.24414243066966268,1,0,23.59421034794051,0,0,0
0.9742192498771314,1,0,20.0,0,0,0
0.8751228551053927,1,0,20.0,0,0,0
0.4429734180870531,1,0,20.0,0,0,0
0.30369984015203466,1,0,24.59526518054138,0,0,0
0.7881809386122514,1,0,20.0,0,0,0
0.3765382254218998,1,0,26.905439525270502,0,0,0
0.6843632589859416,1,0,20.0,0,0,0
0.8232633026743805,1,0,23.04224439481573,0,0,0
0.41793909070660046,1,0,23.40731178726075,0,0,0
0.42770930810007135,1,0,24.074595107603034,0,0,0
0.24929013173217784,1,0,100.0,0,0,0
0.4558785260262299,1,0,20.0,0,0,0
0.6779608547718623,1,0,20.0,0,0,0
0.3246374608587546,1,0,28.152807872796366,0,0,0
0.9624662354377291,1,0,30.385589425782083,0,0,0
0.777932586683084,1,0,25.382719701632794,0,0,0
0.3631207098156291,1,0,25.118049431768,0,0,0
0.624493337965196,1,0,20.0,0,0,0
0.5131527072660642,1,0,24.37935541520803,0,0,0
0.5058825256709413,1,0,20.0,0,0,0
0.6479905597489739,1,0,20.0,0,0,0
0.286520527190627,1,0,24.584054225508353,0,0,0
0.3722509006811226,1,0,36.38470906795874,0,0,0
0.31974424373315885,1,0,20.0,0,0,0
0.33918335548560974,1,0,20.0,0,0,0
0.7241739584364291,1,0,23.454887943657884,0,0,0
0.9969319102063401,1,0,20.0,0,0,0
0.7208848922334774,1,0,20.0,0,0,0
0.9877788176451172,1,0,24.246020988034502,0,0,0
0.6616058844718357,1,0,20.993511500918636,0,0,0
0.42664689567208564,1,0,20.0,0,0,0
0.8978438643496818,1,0,20.0,0,0,0
0.253752876144618,1,0,22.671796756199548,0,0,0
0.2819423507311671,1,0,20.0,0,0,0
0.95809952710148,1,0,55.91908335971198,0,0,0
0.7201481594830059,1,0,20.0,0,0,0
0.9431696191207486,1,0,20.0,0,0,0
0.3063092160888979,1,0,20.0,0,0,0
0.8146087628461278,1,0,23.854315986983014,0,0,0
0.3878483604693377,1,0,25.36702829928224,0,0,0
0.47468334744028384,1,0,20.0,0,0,0
0.9191931011477095,1,0,22.126652992639116,0,0,0
0.5290042794212568,1,0,20.0,0,0,0
0.7364292775574042,1,0,20.0,0,0,0
0.9098208433934767,1,0,20.0,0,0,0
0.8966991426974507,1,0,23.867282322245806,0,0,0
0.2071258030586529,1,0,26.17952876230499,0,0,0
0.32657222054055046,1,0,20.0,0,0,0
0.9348973113085324,1,0,20.0,0,0,0
0.6499326946578088,1,0,22.15312825424767,0,0,0
0.5841599911037202,1,0,26.677943450345413,0,0,0
0.2522062866162778,1,0,25.92786044212643,0,0,0
0.22004179274996105,1,0,20.0,0,0,0
0.962731789614161,1,0,100.0,0,0,0
0.5790808660039535,1,0,24.96554224228545,0,0,0
0.8291338524036849,1,0,25.132645375269952,0,0,0
0.37600111467957986,1,0,25.15621808133139,0,0,0
0.3896575619937644,1,0,27.140721398766942,0,0,0
0.6482042563153652,1,0,25.335474210640193,0,0,0
0.900820668838733,1,0,20.78243452063816,0,0,0
0.4308639484836765,1,0,20.0,0,0,0
0.4630399870046571,1,0,20.0,0,0,0
0.640502644975737,1,0,20.0,0,0,0
0.2320044574141833,1,0,23.42938454148512,0,0,0
0.5030097185962175,1,0,24.75786230953994,0,0,0
0.6450263117133568,1,0,20.0,0,0,0
0.2038614418050747,1,0,20.0,0,0,0
0.7104028137327683,1,0,26.769296212927422,0,0,0
0.24076878252379458,1,0,24.20053303380729,0,0,0
0.7759671357853761,1,0,21.497135424617014,0,0,0
0.8413427687362616,1,0,24.92138134004272,0,0,0
0.8710358062458565,1,0,23.274271258434197,0,0,0
0.7387104854596365,1,0,20.0,0,0,0
0.6492564836623737,1,0,21.883500547385974,0,0,0
0.4460491953689535,1,0,27.158730170650855,0,0,0
0.5396909748533126,1,0,31.750821154564246,0,0,0
0.26964484562415936,1,0,20.316282335334265,0,0,0
0.7656812459178144,1,0,25.061281416582393,0,0,0
0.21974749442758307,1,0,20.0,0,0,0
0.530749667629931,1,0,22.1584854866841,0,0,0
0.6049685613387163,1,0,20.0,0,0,0
0.7200716144027732,1,0,31.71192829140288,0,0,0
0.4745591131251814,1,0,20.0,0,0,0
0.5542302663113132,1,0,26.23540719237845,0,0,0
0.6699008095531207,1,0,24.131535089077204,0,0,0
0.9385398326678422,1,0,58.369774371356584,0,0,0
0.7375777049366652,1,0,24.587291341151307,0,0,0
0.40354752205624805,1,0,23.548181144936162,0,0,0
0.8778108964794749,1,0,25.154939687148698,0,0,0
0.24405157744190742,1,0,20.0,0,0,0
0.4178392495877356,1,0,26.42211708500194,0,0,0
0.28652142721501045,1,0,26.505122387014136,0,0,0
0.5576309123442071,1,0,24.064740726533334,0,0,0
0.7095417526028245,1,0,20.0,0,0,0
0.6247962570182963,1,0,20.0,0,0,0
0.8490097617103953,1,0,23.023949017836898,0,0,0
0.6539905314696588,1,0,23.401163176564882,0,0,0
0.3861335570055971,1,0,20.0,0,0,0
0.6291374889347418,1,0,23.34590002274211,0,0,0
0.7883916172261574,1,0,20.0,0,0,0
0.6023626914070717,1,0,53.46142376629203,0,0,0
0.5535756387067119,1,0,23.21014268731803,0,0,0
0.6232778827199403,1,0,20.0,0,0,0
0.6384465378876281,1,0,20.0,0,0,0
0.4484457046877058,1,0,25.987486245253663,0,0,0
0.8833810808466596,1,0,20.0,0,0,0
0.36614641182152746,1,0,27.281243210997875,0,0,0
0.22626569736662924,1,0,25.411798620555963,0,0,0
0.7931937726859728,1,0,25.14085804793798,0,0,0
0.8738510167991504,1,0,23.903335114920978,0,0,0
0.7141890183759667,1,0,23.99360825672991,0,0,0
0.5751561143300536,1,0,24.31277963669843,0,0,0
0.980164356994988,1,0,24.44849121241867,0,0,0
0.49660818963496,1,0,20.0,0,0,0
0.5247182826356256,1,0,27.685880023484394,0,0,0
0.672890197809064,1,0,25.46231019465395,0,0,0
0.5443415067222772,1,0,20.0,0,0,0
0.6442387013506967,1,0,20.894536277124992,0,0,0
0.9732509700266982,1,0,25.494338326903556,0,0,0
0.38999895380082716,1,0,24.971131645300265,0,0,0
0.3188503406355516,1,0,20.0,0,0,0
0.5388409867157213,1,0,20.0,0,0,0
0.6031988505629441,1,0,20.0,0,0,0
0.7705572674999115,1,0,20.0,0,0,0
0.9641385445046997,1,0,25.00186666502531,0,0,0
0.7509362696556536,1,0,20.0,0,0,0
0.9897401244914557,1,0,25.767919189824454,0,0,0
0.39707095467490094,1,0,21.683971943710464,0,0,0
0.3671120709445321,1,0,20.0,0,0,0
0.4452278007190196,1,0,20.0,0,0,0
0.8296991380859804,1,0,26.1547380216398,0,0,0
0.34921177798717584,1,0,20.0,0,0,0
0.356952039734747,1,0,23.525821367809538,0,0,0
0.5293886084915684,1,0,21.793496370419952,0,0,0
0.45403542991706036,1,0,20.0,0,0,0
0.7171824713150485,1,0,20.0,0,0,0
0.9121336262756066,1,0,20.0,0,0,0
0.3109284574735198,1,0,20.0,0,0,0
0.6374039415595487,1,0,23.627603754860804,0,0,0
0.2707205741704911,1,0,22.64096748113953,0,0,0
0.3771947280502359,1,0,20.0,0,0,0
0.44728123711629053,1,0,21.85166980904999,0,0,0
0.6632823565973847,1,0,20.0,0,0,0
0.6439031938024593,1,0,20.0,0,0,0
0.7144530013438286,1,0,20.0,0,0,0
0.8551251337821906,1,0,20.0,0,0,0
0.3497839025019446,1,0,22.514599930475246,0,0,0
0.7947059819686437,1,0,20.0,0,0,0
0.7336167639555149,1,0,25.268043871538172,0,0,0
0.2637688279402391,1,0,20.0,0,0,0
0.4757562560421373,1,0,20.0,0,0,0
0.2221594791053394,1,0,23.816099832815233,0,0,0
0.2721475053928937,1,0,20.0,0,0,0
0.42702944004532867,1,0,25.694541988125792,0,0,0
0.39449293154748183,1,0,20.0,0,0,0
0.9201390155510338,1,0,20.0,0,0,0
0.915030850299843,1,0,20.0,0,0,0
0.6622940140613482,1,0,20.0,0,0,0
0.7880284472688839,1,0,100.0,0,0,0
0.9996810505062019,1,0,20.0,0,0,0
0.528154158238023,1,0,20.0,0,0,0
0.6179403408503246,1,0,20.04540397600759,0,0,0
0.7209199512361255,1,0,22.774767749945983,0,0,0
0.9364465699349456,1,0,25.66396035551564,0,0,0
0.8376132405793051,1,0,24.708485338643275,0,0,0
0.25153742202139173,1,0,20.0,0,0,0
0.7703602272962391,1,0,30.950788134675477,0,0,0
0.4015484242046724,1,0,31.668870647642912,0,0,0
0.40392135723323935,1,0,20.0,0,0,0
0.6377905960419965,1,0,24.059879672569625,0,0,0
0.7570406809844623,1,0,33.86356009590628,0,0,0
0.32738225800671794,1,0,20.0,0,0,0
0.45160918477115014,1,0,20.0,0,0,0
0.7728968034000452,1,0,23.825489208272664,0,0,0
0.3216015945679511,1,0,20.0,0,0,0
0.8797667810797403,1,0,20.0,0,0,0
0.5648342353299409,1,0,25.493630118404376,0,0,0
0.6687922001668111,1,0,20.0,0,0,0
0.2643187187003954,1,0,28.39297794005707,0,0,0
0.9636009954410512,1,0,20.0,0,0,0
0.9260258039770579,1,0,23.08884194227967,0,0,0
0.35206297289605093,1,0,26.92519856372841,0,0,0
0.7304818212231179,1,0,26.111743125004608,0,0,0
0.8344937749858583,1,0,23.32010106830047,0,0,0
0.2975739214688233,1,0,27.091306570148475,0,0,0
0.6619628475274114,1,0,20.0,0,0,0
0.8803631441107189,1,0,20.0,0,0,0
0.605371277952572,1,0,20.0,0,0,0
0.9390282719398484,1,0,20.0,0,0,0
0.23824151753649014,1,0,20.0,0,0,0
0.935368546378939,1,0,20.0,0,0,0
0.9817744381820972,1,0,26.236680685077495,0,0,0
0.3247536807784931,1,0,20.0,0,0,0
0.544760157287272,1,0,25.324983545294707,0,0,0
0.696611938129067,1,0,20.0,0,0,0
0.914590630631001,1,0,20.0,0,0,0
0.3276209383117905,1,0,23.340368220144075,0,0,0
0.46722236645664683,1,0,20.0,0,0,0
0.8383438493608157,1,0,21.634589517423098,0,0,0
0.5280036501695325,1,0,23.988050632090335,0,0,0
0.6839547798195524,1,0,21.646146423544966,0,0,0
0.6480044185733292,1,0,20.0,0,0,0
0.9785373565412767,1,0,20.0,0,0,0
0.31322497913345404,1,0,20.0,0,0,0
0.9587524496700925,1,0,24.962483441408597,0,0,0
0.6513205725503044,1,0,21.808025752392325,0,0,0
0.923321806444261,1,0,20.0,0,0,0
0.29435370947923123,1,0,27.427993503497177,0,0,0
0.7132024111039101,1,0,23.269121642120037,0,0,0
0.872088029075635,1,0,20.0,0,0,0
0.8295052011308803,1,0,23.030042407874376,0,0,0
0.20795065802739662,1,0,20.0,0,0,0
0.5617643729697606,1,0,20.0,0,0,0
0.2922773794948416,1,0,20.0,0,0,0
0.32226008622218993,1,0,20.0,0,0,0
0.7650301679846809,1,0,25.27507794092308,0,0,0
0.965263623625032,1,0,20.0,0,0,0
0.7072779529465614,1,0,22.657088110987974,0,0,0
0.2819016486436476,1,0,23.248246159582994,0,0,0
0.3951972734841264,1,0,20.0,0,0,0
0.5030995179391318,1,0,26.801779918235127,0,0,0
0.3002860409409957,1,0,20.0,0,0,0
0.8783744819000494,1,0,20.0,0,0,0
0.35560414657661826,1,0,20.0,0,0,0
0.30364086178699606,1,0,25.11334430545391,0,0,0
0.780547737722652,1,0,20.0,0,0,0
0.301465881012457,1,0,25.286752713372817,0,0,0
0.5282555577188109,1,0,20.0,0,0,0
0.6124066438009361,1,0,20.0,0,0,0
0.26418343495591784,1,0,22.572069448763173,0,0,0
0.644630563254823,1,0,23.14102029601726,0,0,0
0.5841312020399827,1,0,27.3623548976439,0,0,0
0.7347330229815641,1,0,20.0,0,0,0
0.3753167439789338,1,0,29.42909876666287,0,0,0
0.48530331525065107,1,0,25.56173922055822,0,0,0
0.7277242712479828,1,0,20.0,0,0,0
0.2284772977928511,1,0,20.0,0,0,0
0.29263595423494365,1,0,28.269376429948668,0,0,0
0.42684146505206705,1,0,20.0,0,0,0
0.2850850991257504,1,0,26.311495137913713,0,0,0
0.23160997520424662,1,0,25.634559457303787,0,0,0
0.9899059381181476,1,0,25.468549983491737,0,0,0
0.5646079857457715,1,0,20.0,0,0,0
0.6269472040796977,1,0,20.0,0,0,0
0.40392391710564124,1,0,20.0,0,0,0
0.20614979353638355,1,0,25.811640722984798,0,0,0
0.8005793483265466,1,0,20.0,0,0,0
0.7790023857826245,1,0,20.0,0,0,0
0.9780325943115173,1,0,26.016613608254776,0,0,0
0.21688166592384875,1,0,27.784831314410496,0,0,0
0.30961658751251914,1,0,20.0,0,0,0
0.769712839011423,1,0,23.864313489331963,0,0,0
0.46405890987404447,1,0,26.375464010390353,0,0,0
0.2510185052083532,1,0,54.40419876976625,0,0,0
0.44076650894694125,1,0,20.0,0,0,0
0.27017354039544206,1,0,25.827137322567488,0,0,0
0.8700846044889119,1,0,25.320699094315444,0,0,0
0.9015465243236798,1,0,25.336425971634284,0,0,0
0.7095119375896597,1,0,26.86071180486573,0,0,0
0.5084778048298976,1,0,21.756150012798436,0,0,0
0.8150313965890101,1,0,20.0,0,0,0
0.7052722106713116,1,0,20.0,0,0,0
0.8335855833553487,1,0,24.653631335599147,0,0,0
0.6087258837358849,1,0,26.754274432453897,0,0,0
0.9666759235925471,1,0,20.0,0,0,0
0.4320269555907963,1,0,23.103537110994278,0,0,0
0.6833479419601814,1,0,20.0,0,0,0
0.8464420802486046,1,0,20.0,0,0,0
0.915098255106416,1,0,20.0,0,0,0
0.9573986319122862,1,0,26.928335148318943,0,0,0
0.5160087781165059,1,0,20.0,0,0,0
0.7594741833366139,1,0,21.598258218970415,0,0,0
0.4321576975843228,1,0,34.32368531751337,0,0,0
0.7195034460915777,1,0,23.469065797694533,0,0,0
0.3473810441112247,1,0,20.0,0,0,0
0.5371609478258221,1,0,20.0,0,0,0
0.9361896605455333,1,0,23.44063864844648,0,0,0
0.8487250537198885,1,0,20.0,0,0,0
0.5972049190911761,1,0,26.135987612394878,0,0,0
0.317476260839042,1,0,20.0,0,0,0
0.518857280291305,1,0,22.353656855323333,0,0,0
0.3109431828711207,1,0,26.5105294971381,0,0,0
0.2548221105218484,1,0,27.092445787591622,0,0,0
0.9252091067561603,1,0,23.135721993821864,0,0,0
0.5931451776312104,1,0,21.171892119620427,0,0,0
0.27151097028162713,1,0,20.0,0,0,0
0.7733348731158551,1,0,27.964076295847736,0,0,0
0.25934520089517843,1,0,20.0,0,0,0
0.5169323337149294,1,0,20.0,0,0,0
0.3842324342500292,1,0,25.25974770848156,0,0,0
0.331704226558573,1,0,37.286876020788554,0,0,0
0.6268393664040048,1,0,20.0,0,0,0
0.775751690608061,1,0,20.0,0,0,0
0.5897517878222307,1,0,26.872383720448603,0,0,0
0.8566419639139333,1,0,64.4731466445392,0,0,0
0.9339095404308968,1,0,20.0,0,0,0
0.8457448836267067,1,0,25.139215632905703,0,0,0
0.9651933241148112,1,0,27.69152679304994,0,0,0
0.9432287771887022,1,0,20.0,0,0,0
0.8660134710409781,1,0,28.01480684963915,0,0,0
0.4341060804825381,1,0,22.50449281764412,0,0,0
0.33946565178695076,1,0,22.180434774564514,0,0,0
0.7816090956318773,1,0,20.0,0,0,0
0.8764232274180632,1,0,20.0,0,0,0
0.8584988149083979,1,0,20.0,0,0,0
0.7148979525664563,1,0,20.0,0,0,0
0.8638945318014215,1,0,23.9051813889495,0,0,0
0.7657329555322321,1,0,20.0,0,0,0
0.7322926890423338,1,0,20.0,0,0,0
0.2372611981260495,1,0,20.0,0,0,0
0.5683796223535712,1,0,22.138975623307328,0,0,0
0.22707689087162244,1,0,20.0,0,0,0
0.273896038359808,1,0,20.0,0,0,0
0.6328037225064833,1,0,20.0,0,0,0
0.23798322711538128,1,0,20.0,0,0,0
0.9305763061725401,1,0,20.0,0,0,0
0.5602727657331825,1,0,20.0,0,0,0
0.7599733197716392,1,0,100.0,0,0,0
0.31823614597043426,1,0,20.0,0,0,0
0.8780762000839695,1,0,25.768790210288213,0,0,0
0.5824535330661812,1,0,20.0,0,0,0
0.6470207356902904,1,0,20.0,0,0,0
0.7187873438913628,1,0,20.0,0,0,0
0.6319186023015053,1,0,20.0,0,0,0
0.6505496978038763,1,0,20.0,0,0,0
0.795618663164769,1,0,20.0,0,0,0
0.845177096637753,1,0,25.773156973167637,0,0,0
0.4449328507348301,1,0,20.0,0,0,0
0.9376394360392866,1,0,23.960473802096434,0,0,0
0.48311734327660266,1,0,25.525541003192902,0,0,0
0.4178604849582729,1,0,26.50668639044698,0,0,0
0.4491443377010863,1,0,20.0,0,0,0
0.4868121259102631,1,0,23.702357139117066,0,0,0
0.45354448464767894,1,0,20.0,0,0,0
0.8750001415078363,1,0,27.02938197468173,0,0,0
0.6489221444143858,1,0,25.331789654010965,0,0,0
0.9741163055498834,1,0,20.0,0,0,0
0.26716446030058133,1,0,21.818467470335037,0,0,0
0.6911841392397731,1,0,20.0,0,0,0
0.27681943786640684,1,0,20.0,0,0,0
0.5670800677444225,1,0,20.0,0,0,0
0.5061880180267102,1,0,20.0,0,0,0
0.7446199320895739,1,0,32.125252967888315,0,0,0
0.7963558506249568,1,0,27.28414759800015,0,0,0
0.3904749216525583,1,0,20.0,0,0,0
0.354971853177523,1,0,20.0,0,0,0
0.5356083460217983,1,0,20.0,0,0,0
0.3935898404022993,1,0,20.0,0,0,0
0.7412992056969714,1,0,27.504214778029247,0,0,0
0.6141581198103025,1,0,25.721422558931827,0,0,0
0.8615816143451185,1,0,20.0,0,0,0
0.9850176338229395,1,0,21.204781376081105,0,0,0
0.5024862916163804,1,0,20.0,0,0,0
0.9295973739806502,1,0,20.0,0,0,0
0.8217377897234688,1,0,24.15890889245749,0,0,0
0.3192987292043136,1,0,20.0,0,0,0
0.868742645753604,1,0,26.0715375651733,0,0,0
0.5852058498421888,1,0,26.121623892499525,0,0,0
0.767328696960154,1,0,27.043986532494507,0,0,0
0.7620892834557593,1,0,25.241779277557725,0,0,0
0.9087724831901773,1,0,24.38706931885888,0,0,0
0.8089317627599126,1,0,20.0,0,0,0
0.8596989904943135,1,0,20.0,0,0,0
0.4567295513097652,1,0,21.01912206428377,0,0,0
0.9785100207695974,1,0,20.0,0,0,0
0.7292737296214271,1,0,23.288873937462665,0,0,0
0.8189533155829329,1,0,27.179605423957007,0,0,0
0.8871050284101665,1,0,24.574798851263402,0,0,0
0.2990265755287193,1,0,20.0,0,0,0
0.46912869959152065,1,0,20.0,0,0,0
0.8687487771892632,1,0,20.0,0,0,0
0.9375855929058083,1,0,20.0,0,0,0
0.804874737642298,1,0,20.0,0,0,0
0.5858471452405266,1,0,20.0,0,0,0
0.40089781088493626,1,0,23.516084047358387,0,0,0
0.6200219919414481,1,0,20.0,0,0,0
0.5178401798012701,1,0,20.0,0,0,0
0.9085046370338581,1,0,20.0,0,0,0
0.6538120073130167,1,0,20.0,0,0,0
0.5136530814846729,1,0,20.0,0,0,0
0.5987839364044489,1,0,22.057611322956006,0,0,0
0.9468540349786256,1,0,20.0,0,0,0
0.6906067828251041,1,0,24.467538256118345,0,0,0
0.38318352009250634,1,0,20.0,0,0,0
0.6000620632317377,1,0,26.71073108290086,0,0,0
0.5725265895953987,1,0,24.152329617123204,0,0,0
0.44832342008526266,1,0,25.87155087893305,0,0,0
0.7890396094164744,1,0,32.13598478792516,0,0,0
0.41462955956063424,1,0,37.06961986199335,0,0,0
0.5940391959697646,1,0,20.0,0,0,0
0.552837362348054,1,0,23.009280320541666,0,0,0
0.573490133796626,1,0,23.93024289437638,0,0,0
0.6534204459790187,1,0,20.0,0,0,0
0.7466378128460784,1,0,23.622381379417696,0,0,0
0.3143998741486056,1,0,20.0,0,0,0
0.43066008136306416,1,0,26.70044583410896,0,0,0
0.818269413783651,1,0,24.258351906516744,0,0,0
0.9261962819092955,1,0,20.0,0,0,0
0.23572558883001815,1,0,20.0,0,0,0
0.2586924600808426,1,0,26.151138779363883,0,0,0
0.9470637446906265,1,0,25.687713909245605,0,0,0
0.31835271566914863,1,0,24.94395574663474,0,0,0
0.9834313044296865,1,0,20.0,0,0,0
0.8625777054351462,1,0,20.0,0,0,0
0.29656354115812467,1,0,25.278060009826145,0,0,0
0.28202004257845154,1,0,25.930274794342004,0,0,0
0.9818375438918994,1,0,27.837372674154945,0,0,0
0.40385823974581475,1,0,25.489504549092132,0,0,0
0.6309337613244947,1,0,20.0,0,0,0
0.3889885625359977,1,0,22.695926477134595,0,0,0
0.6805396105045711,1,0,23.578692129545527,0,0,0
0.8720228351288162,1,0,24.060835252255718,0,0,0
0.7255273491182217,1,0,26.42798971562378,0,0,0
0.23729332715571286,1,0,32.09286913791526,0,0,0
0.6761514749069999,1,0,20.0,0,0,0
0.7288133076799732,1,0,28.452968140869586,0,0,0
0.36071840102491753,1,0,22.982047806901196,0,0,0
0.8096943205926352,1,0,23.46780628764367,0,0,0
0.7015146957033827,1,0,20.0,0,0,0
0.20763774162724344,1,0,23.178877263954217,0,0,0
0.9604440584160028,1,0,21.038364600568208,0,0,0
0.5564636722875025,1,0,20.0,0,0,0
0.385903166412911,1,0,20.0,0,0,0
0.26895819353347616,1,0,26.109402299015287,0,0,0
0.49954315168105734,1,0,24.875204166164806,0,0,0
0.4462152888412576,1,0,26.862566655476815,0,0,0
0.43836251319582464,1,0,24.41427565627253,0,0,0
0.8345609130600682,1,0,25.970650094308418,0,0,0
0.7167369244010975,1,0,25.51105330644471,0,0,0
0.306442408744803,1,0,20.0,0,0,0
0.766459282956125,1,0,20.0,0,0,0
0.7787856043306036,1,0,20.0,0,0,0
0.6114149042086849,1,0,21.12145722487922,0,0,0
0.9966136122831588,1,0,20.0,0,0,0
0.42678341850248347,1,0,24.61840184389834,0,0,0
0.24676451062430724,1,0,20.840709465893564,0,0,0
0.223044968119405,1,0,22.87540056063468,0,0,0
0.45643844632950475,1,0,20.0,0,0,0
0.5983343776669219,1,0,23.120182158328248,0,0,0
0.2625848472735055,1,0,21.031385944875023,0,0,0
0.6526388873406994,1,0,26.649509973671726,0,0,0
0.9206964521970384,1,0,20.0,0,0,0
0.837490251791196,1,0,22.86661226192605,0,0,0
0.737974851140393,1,0,22.790392620297286,0,0,0
0.7293853556352345,1,0,25.237706292333627,0,0,0
0.784240452666257,1,0,20.0,0,0,0
0.5953651074255506,1,0,28.599408818443255,0,0,0
0.5214398544702683,1,0,20.0,0,0,0
0.4453244024914141,1,0,25.038047086860367,0,0,0
0.2796946918381509,1,0,26.537187719983446,0,0,0
0.6497300360143261,1,0,20.0,0,0,0
0.5780144673433997,1,0,22.071160194875848,0,0,0
0.29512231627080365,1,0,20.136948014077515,0,0,0
0.41461579884695743,1,0,20.0,0,0,0
0.8297623281443722,1,0,23.022002753670954,0,0,0
0.4044832391517863,1,0,36.16649908762531,0,0,0
0.5405753144367873,1,0,20.0,0,0,0
0.3290461246860653,1,0,24.053364836817494,0,0,0
0.3358772895963188,1,0,22.457442094872462,0,0,0
0.8050765749141313,1,0,20.0,0,0,0
0.25333936091616743,1,0,20.0,0,0,0
0.4280209151433512,1,0,20.0,0,0,0
0.9846755919933634,1,0,20.0,0,0,0
0.5807143311110121,1,0,20.0,0,0,0
0.6849706741878442,1,0,20.0,0,0,0
0.7126316806132056,1,0,20.0,0,0,0
0.3569109434446731,1,0,20.0,0,0,0
0.4954736751745391,1,0,23.61940972654795,0,0,0
0.5205653102098748,1,0,20.0,0,0,0
0.3845465607188556,1,0,20.0,0,0,0
0.3871870495516254,1,0,20.0,0,0,0
0.6862954452015404,1,0,20.0,0,0,0
0.28678047280929103,1,0,20.0,0,0,0
0.30331635719939776,1,0,20.0,0,0,0
0.6586416390841274,1,0,20.0,0,0,0
0.5594704537017836,1,0,20.0,0,0,0
0.6895467726609588,1,0,22.539213628668076,0,0,0
0.22156761150248105,1,0,20.0,0,0,0
0.7639325818211742,1,0,23.22232854998434,0,0,0
0.8799117134696166,1,0,20.0,0,0,0
0.6193122389851307,1,0,20.0,0,0,0
0.8726722556740907,1,0,20.0,0,0,0
0.5197301221837286,1,0,20.0,0,0,0
0.2631394070528547,1,0,23.94161646873538,0,0,0
0.5020353364153102,1,0,26.040648252587008,0,0,0
0.5570947106572897,1,0,25.821583325385227,0,0,0
0.8924301616078811,1,0,26.287863839680313,0,0,0
0.4677732105321475,1,0,20.0,0,0,0
0.4520806602631331,1,0,20.0,0,0,0
0.910413947587505,1,0,24.6817010649019,0,0,0
0.40077280261317727,1,0,20.0,0,0,0
0.713957228480774,1,0,28.351086035093935,0,0,0
0.4613069703369916,1,0,20.0,0,0,0
0.9611647117476767,1,0,20.0,0,0,0
0.3516999408907202,1,0,21.968778146779034,0,0,0
0.7791506270997448,1,0,25.75784311120841,0,0,0
0.6400512874127307,1,0,24.0046466846389,0,0,0
0.9829662557928567,1,0,21.587892612043706,0,0,0
0.9952451502394717,1,0,23.167218158536414,0,0,0
0.8349584803391434,1,0,22.98076091802198,0,0,0
0.28276485249066563,1,0,20.0,0,0,0
0.5752055554613681,1,0,20.0,0,0,0
0.883610378485223,1,0,24.97649180462347,0,0,0
0.7107866328730152,1,0,25.50219531968721,0,0,0
0.9031755147872969,1,0,27.811444809909805,0,0,0
0.8394929679963836,1,0,28.48028522341976,0,0,0
0.45036838450822236,1,0,20.0,0,0,0
0.356052303497294,1,0,20.0,0,0,0
0.45805111947680344,1,0,20.0,0,0,0
0.7567559928428629,1,0,21.627631636168193,0,0,0
0.5848519809137904,1,0,24.108684256908617,0,0,0
0.23507856347375178,1,0,20.0,0,0,0
0.793981585508946,1,0,26.418216762059732,0,0,0
0.23575749316549058,1,0,20.0,0,0,0
0.5274434093183156,1,0,22.656528170876683,0,0,0
0.5698274992972148,1,0,27.088678355679274,0,0,0
0.6024214812358469,1,0,20.0,0,0,0
0.3112727105923293,1,0,23.123267279744113,0,0,0
0.7982321450467549,1,0,20.0,0,0,0
0.8794977842571656,1,0,20.0,0,0,0
0.7583204414314462,1,0,27.89466340722682,0,0,0
0.9608565233128836,1,0,25.149735263417345,0,0,0
0.40600051150362076,1,0,27.20769719209469,0,0,0
0.32858407510942267,1,0,21.82067555248404,0,0,0
0.2538362088618203,1,0,20.0,0,0,0
0.7772157887312441,1,0,24.45997999460852,0,0,0
0.3296858164242751,1,0,20.0,0,0,0
0.9505451397931897,1,0,26.25524708344918,0,0,0
0.678680381221552,1,0,26.941009892137025,0,0,0
0.8433085330377947,1,0,21.69756715607579,0,0,0
0.5477587304428071,1,0,36.84904533515039,0,0,0
0.7878766910975616,1,0,24.886434414795886,0,0,0
0.554920905111608,1,0,20.0,0,0,0
0.6310110462512198,1,0,23.716203000296193,0,0,0
0.8188653864152495,1,0,20.0,0,0,0
0.39052284443398544,1,0,20.0,0,0,0
0.907607610489352,1,0,20.0,0,0,0
0.7730390631756905,1,0,20.0,0,0,0
0.7972321076767686,1,0,24.210144152177183,0,0,0
0.3905304053619995,1,0,20.0,0,0,0
0.27210190667638623,1,0,20.0,0,0,0
0.25828516100456267,1,0,20.0,0,0,0
0.7176132478653376,1,0,25.51953199983244,0,0,0
0.3200019059461564,1,0,20.0,0,0,0
0.9993531603156431,1,0,20.0,0,0,0
0.9688381288324657,1,0,24.258593537395402,0,0,0
0.2233414055605535,1,0,23.919570489809665,0,0,0
0.780046070751417,1,0,20.0,0,0,0
0.4086176429725865,1,0,20.0,0,0,0
0.4727198279284246,1,0,20.0,0,0,0
0.3922483496321717,1,0,26.598803820625715,0,0,0
0.8644364984871029,1,0,20.0,0,0,0
0.9150018606036563,1,0,24.090800676859082,0,0,0
0.23232124540419222,1,0,20.0,0,0,0
0.41603049054164143,1,0,20.0,0,0,0
0.558958769854468,1,0,20.0,0,0,0
0.617457625267207,1,0,20.0,0,0,0
0.2701175025147733,1,0,20.0,0,0,0
0.864022554380623,1,0,22.239569084086213,0,0,0
0.947183919644057,1,0,20.0,0,0,0
0.52229206637328,1,0,20.0,0,0,0
0.8857872638128106,1,0,25.960427301042486,0,0,0
0.7410839120508519,1,0,20.0,0,0,0
0.6733948888644452,1,0,20.0,0,0,0
0.8552401199518083,1,0,27.375302887822706,0,0,0
0.5784236936740219,1,0,20.0,0,0,0
0.638172852784751,1,0,20.0,0,0,0
0.4197326876875292,1,0,30.728796391332544,0,0,0
0.7697478077768816,1,0,26.172034994164243,0,0,0
0.32724976139846196,1,0,23.878489563392403,0,0,0
0.3945292517843679,1,0,24.888389231552846,0,0,0
0.5839367633707715,1,0,23.11626958461886,0,0,0
0.5082499886704275,1,0,55.60984303704881,0,0,0
0.3916626697285073,1,0,20.0,0,0,0
0.3535108372213105,1,0,20.0,0,0,0
0.8887177414468921,1,0,20.0,0,0,0
0.6726871179114664,1,0,28.372784933750864,0,0,0
0.5019141272096399,1,0,20.0,0,0,0
0.8766243607596784,1,0,20.0,0,0,0
0.8601283893692262,1,0,24.203928801926114,0,0,0
0.2887096455230618,1,0,20.0,0,0,0
0.6538285011305841,1,0,28.535029691020874,0,0,0
0.44449033338593014,1,0,20.0,0,0,0
0.632667899752761,1,0,26.700773890614887,0,0,0
0.774399053714979,1,0,26.45550601749991,0,0,0
0.20680607197189352,1,0,20.0,0,0,0
0.6108540084605558,1,0,25.96959017948462,0,0,0
0.4333858720477964,1,0,20.0,0,0,0
0.6272087201265172,1,0,20.0,0,0,0
0.28787371526267136,1,0,20.0,0,0,0
0.8540531345881974,1,0,20.0,0,0,0
0.6349347616008243,1,0,25.598012969391526,0,0,0
0.36885076034933184,1,0,20.0,0,0,0
0.8157477831600191,1,0,20.0,0,0,0
0.23022594265559296,1,0,33.607384529859715,0,0,0
0.6742587116923617,1,0,25.973542519399075,0,0,0
0.6014093012925323,1,0,20.67756261822445,0,0,0
0.23171601220805674,1,0,20.0,0,0,0
0.3997643785829088,1,0,20.0,0,0,0
0.26171235270471205,1,0,20.0,0,0,0
0.7859095460034127,1,0,20.0,0,0,0
0.7646167759631675,1,0,20.0,0,0,0
0.27143837443863206,1,0,22.69730289688728,0,0,0
0.2873657477269232,1,0,26.648648125955447,0,0,0
0.9042257708458024,1,0,32.175708250263185,0,0,0
0.3606779544023733,1,0,20.0,0,0,0
0.4429288569741381,1,0,20.0,0,0,0
0.747424131514987,1,0,22.534177899212793,0,0,0
0.24857857807130979,1,0,23.81295862980219,0,0,0
0.9581252094066259,1,0,20.0,0,0,0
0.218407205676104,1,0,20.0,0,0,0
0.8793140090126139,1,0,26.135551915720594,0,0,0
0.4887248452463635,1,0,20.0,0,0,0
0.3200319378618671,1,0,26.489597643769287,0,0,0
0.5019928632563327,1,0,20.0,0,0,0
0.978273239588429,1,0,20.0,0,0,0
0.6231822282225111,1,0,21.59445711886251,0,0,0
0.2474241492443733,1,0,38.10267140528817,0,0,0
0.9532334924565034,1,0,27.270173997823974,0,0,0
0.3148492437060091,1,0,20.0,0,0,0
0.24375008832016454,1,0,23.821431494357796,0,0,0
0.2363407265180605,1,0,23.8547191320421,0,0,0
0.8610679181816168,1,0,22.766564868464087,0,0,0
0.3224153675130178,1,0,20.0,0,0,0
0.34318631577494296,1,0,20.0,0,0,0
0.9552922804267026,1,0,100.0,0,0,0
0.689288916315423,1,0,20.0,0,0,0
0.4283353289881153,1,0,20.0,0,0,0
0.6691637958141011,1,0,24.499670222601672,0,0,0
0.3944740148074938,1,0,24.679401329344177,0,0,0
0.5954121423224139,1,0,20.0,0,0,0
0.4676979632666501,1,0,25.412185329672457,0,0,0
0.6981012296720666,1,0,25.19018528080472,0,0,0
0.807046936534906,1,0,24.15803183794999,0,0,0
0.4788060149203748,1,0,21.20878263296358,0,0,0
0.31513042211056397,1,0,22.61953188981615,0,0,0
0.4845924841339362,1,0,22.592666833477804,0,0,0
0.8065239070388648,1,0,22.772612026240218,0,0,0
0.8296653765257553,1,0,20.0,0,0,0
0.8284407658288986,1,0,20.0,0,0,0
0.9796579302141288,1,0,25.779671219164733,0,0,0
0.8598262523087143,1,0,20.0,0,0,0
0.9748584244721847,1,0,22.666113341919928,0,0,0
0.7014339073194633,1,0,20.0,0,0,0
0.3834786948475851,1,0,20.0,0,0,0
0.6865570353957647,1,0,20.0,0,0,0
0.3582672445311718,1,0,20.0,0,0,0
0.26826100273428166,1,0,27.2842821255115,0,0,0
0.4410596057255536,1,0,26.708556187510375,0,0,0
0.49022044470893733,1,0,20.0,0,0,0
0.7671103493091995,1,0,20.0,0,0,0
0.4904613690086772,1,0,20.0,0,0,0
0.20251872095679896,1,0,22.893378420987382,0,0,0
0.9335530405351116,1,0,22.146186945445027,0,0,0
0.6715233527187713,1,0,20.0,0,0,0
0.368606460321376,1,0,23.67218252149038,0,0,0
0.4018301004224295,1,0,23.27907908121725,0,0,0
0.2993121892779697,1,0,26.464386801000522,0,0,0
0.9252373985767421,1,0,20.0,0,0,0
0.3841668704362966,1,0,20.0,0,0,0
0.9525177084259133,1,0,30.125880961286793,0,0,0
0.41144908659401536,1,0,20.0,0,0,0
0.8394009571609484,1,0,20.0,0,0,0
0.20836172193329938,1,0,23.364862161758406,0,0,0
0.5866188761737705,1,0,20.0,0,0,0
0.4953716264039405,1,0,21.652221921425785,0,0,0
0.4676686071471039,1,0,20.0,0,0,0
0.9937250349522226,1,0,20.0,0,0,0
0.7766933690964846,1,0,20.0,0,0,0
0.4046223352800065,1,0,20.0,0,0,0
0.8019534038726162,1,0,20.0,0,0,0
0.3036550177940397,1,0,27.203882313738188,0,0,0
0.9407427633123744,1,0,25.972874564328507,0,0,0
0.5411089797352748,1,0,23.67617081465207,0,0,0
0.352530329566539,1,0,27.335329237227427,0,0,0
0.4182563873204469,1,0,20.0,0,0,0
0.3241190719207553,1,0,20.0,0,0,0
0.9444463957167215,1,0,20.0,0,0,0
0.4447148900251118,1,0,20.0,0,0,0
0.31428070973874855,1,0,25.219190228301386,0,0,0
0.8503206198898627,1,0,22.205827302786243,0,0,0
0.3706072973415224,1,0,22.185632033476256,0,0,0
0.27532028003275233,1,0,20.0,0,0,0
0.7347159293195018,1,0,20.0,0,0,0
0.20592454797144627,1,0,20.0,0,0,0
0.8659364749401737,1,0,20.0,0,0,0
0.6501676520091677,1,0,20.0,0,0,0
0.3974547372637958,1,0,20.0,0,0,0
0.5788750057794753,1,0,20.0,0,0,0
0.4099319600857232,1,0,23.656100224870038,0,0,0
0.6262856971794555,1,0,20.0,0,0,0
0.6573152969633212,1,0,20.0,0,0,0
0.817345727944377,1,0,20.0,0,0,0
0.5728699360604939,1,0,20.0,0,0,0
0.8293102495531126,1,0,20.0,0,0,0
0.25539493470180386,1,0,20.0,0,0,0
0.9370743454471755,1,0,21.86597190707992,0,0,0
0.34840697839415324,1,0,24.26144288253443,0,0,0
0.8692618716851419,1,0,33.86870800394716,0,0,0
0.5957054269799023,1,0,22.530862536539633,0,0,0
0.28377392495561227,1,0,20.0,0,0,0
0.4878419260711157,1,0,20.0,0,0,0
0.9346644916075202,1,0,22.491251092725093,0,0,0
0.8677711643198123,1,0,20.0,0,0,0
0.7778526246824196,1,0,22.25172734300495,0,0,0
0.5038767047894128,1,0,20.0,0,0,0
0.6710326508048441,1,0,20.0,0,0,0
0.38569757674955807,1,0,20.0,0,0,0
0.7182748106378287,1,0,20.0,0,0,0
0.40875226047458724,1,0,20.0,0,0,0
0.8632054556214888,1,0,26.123325800774484,0,0,0
0.7635985798382448,1,0,20.0,0,0,0
0.5088716940082438,1,0,25.360060901530755,0,0,0
0.7275855454153783,1,0,20.0,0,0,0
0.4601089229493398,1,0,25.42149623609514,0,0,0
0.3245223594874289,1,0,20.0,0,0,0
0.38814715884238044,1,0,23.828330909063276,0,0,0
0.41735042721298266,1,0,20.0,0,0,0
0.3812932924355963,1,0,20.0,0,0,0
0.7426848000762125,1,0,25.640123885494173,0,0,0
0.7917290869719871,1,0,20.0,0,0,0
0.565711362940692,1,0,24.36845160682921,0,0,0
0.9902351081977714,1,0,25.37140514146358,0,0,0
0.9128164842228332,1,0,20.0,0,0,0
0.2696401480100433,1,0,27.155589259197445,0,0,0
0.5683605250465132,1,0,20.0,0,0,0
0.9267813668241216,1,0,20.0,0,0,0
0.37621136670779576,1,0,20.0,0,0,0
0.5027168204258957,1,0,20.0,0,0,0
0.9575579649075723,1,0,20.0,0,0,0
0.820849899751223,1,0,27.053689878634962,0,0,0
0.8658600006837696,1,0,27.423747689544445,0,0,0
0.9035870219186344,1,0,20.0,0,0,0
0.3369405379303168,1,0,26.479458141508125,0,0,0
0.7594192138528231,1,0,20.0,0,0,0
0.8422410320926645,1,0,26.02772729346718,0,0,0
0.381183598689548,1,0,20.0,0,0,0
0.23468788597281504,1,0,20.0,0,0,0
0.3426846514239864,1,0,20.0,0,0,0
0.793122296966613,1,0,21.315141526117152,0,0,0
0.7554325098456258,1,0,23.242809965944573,0,0,0
0.9133809182933401,1,0,20.0,0,0,0
0.45356241706345507,1,0,28.058517873925062,0,0,0
0.6973952489879355,1,0,23.769749383152604,0,0,0
0.22143472425448998,1,0,25.844407031933862,0,0,0
0.9480674441865096,1,0,20.0,0,0,0
0.6435940849570075,1,0,20.0,0,0,0
0.7987082781586732,1,0,26.122887662795645,0,0,0
0.4270527622689576,1,0,20.0,0,0,0
0.2655634984946093,1,0,20.0,0,0,0
0.2502576469981804,1,0,20.0,0,0,0
0.8517283142662571,1,0,22.72827130693102,0,0,0
0.3215567611255429,1,0,20.0,0,0,0
0.8592014811490445,1,0,20.0,0,0,0
0.4122125314699854,1,0,20.0,0,0,0
0.6330176389974254,1,0,21.68460117001453,0,0,0
0.40953327426998665,1,0,26.80605494500767,0,0,0
0.24006705089267033,1,0,20.0,0,0,0
0.6338231257857189,1,0,25.803482387786016,0,0,0
0.4936963285082363,1,0,20.0,0,0,0
0.5480879862550531,1,0,27.824288125865102,0,0,0
0.6812471231804735,1,0,20.0,0,0,0
0.4509285658940139,1,0,25.724214121647755,0,0,0
0.6510443461818312,1,0,23.790644245177884,0,0,0
0.7262185491440862,1,0,20.0,0,0,0
0.27163594714989303,1,0,21.200538538718835,0,0,0
0.48007725356228176,1,0,20.0,0,0,0
0.27195783853849537,1,0,20.0,0,0,0
0.20554687011797101,1,0,20.0,0,0,0
0.24098412216405427,1,0,20.0,0,0,0
0.6737718313605543,1,0,22.891509409925014,0,0,0
0.2674442164530997,1,0,37.60911766141486,0,0,0
0.89480127321183,1,0,21.725482524947235,0,0,0
0.8075552643075656,1,0,23.493484118745958,0,0,0
0.20705461673250972,1,0,20.0,0,0,0
0.658596157002791,1,0,22.007523608851574,0,0,0
0.20820153003770417,1,0,20.0,0,0,0
0.287355850862724,1,0,20.0,0,0,0
0.9905994212247793,1,0,22.804840639626754,0,0,0
0.5656185554370011,1,0,20.0,0,0,0
0.22176896135965524,1,0,20.0,0,0,0
0.8802516148735966,1,0,20.0,0,0,0
0.9338758642992537,1,0,22.558486099178523,0,0,0
0.6387067518453013,1,0,26.549446424894473,0,0,0
0.7647536817840968,1,0,100.0,0,0,0
0.8240969094940711,1,0,25.14446261818309,0,0,0
0.78773741406049,1,0,23.431979046330596,0,0,0
0.595617697154827,1,0,20.0,0,0,0
0.8661475514181669,1,0,20.0,0,0,0
0.6218628166507729,1,0,20.0,0,0,0
0.40760261374908907,1,0,20.0,0,0,0
0.20325369187886644,1,0,20.0,0,0,0
0.48687193958318037,1,0,20.0,0,0,0
0.2660685371518947,1,0,27.487220625350773,0,0,0
0.2506211349081827,1,0,20.0,0,0,0
0.5753793852030138,1,0,26.12373186181531,0,0,0
0.95493953347687,1,0,20.0,0,0,0
0.2844115424433759,1,0,25.14012757586545,0,0,0
0.4189999999974287,1,0,26.92773633116312,0,0,0
0.8640625280532439,1,0,20.0,0,0,0
0.5214637170802225,1,0,20.0,0,0,0
0.8070429849897625,1,0,22.278483171359497,0,0,0
0.6338674646021027,1,0,23.03488802876141,0,0,0
0.6831450502780714,1,0,20.0,0,0,0
0.3289146909946399,1,0,27.121606326657886,0,0,0
0.48182576471769717,1,0,20.0,0,0,0
0.6974043521883915,1,0,26.333961579689586,0,0,0
0.22141455725501225,1,0,26.012691351326815,0,0,0
0.3506612117931074,1,0,20.0,0,0,0
0.509195686982159,1,0,24.29761326513278,0,0,0
0.7396756710230858,1,0,24.541595946585524,0,0,0
0.6076710288338889,1,0,20.0,0,0,0
0.7749857061927954,1,0,20.0,0,0,0
0.7814896362970101,1,0,20.0,0,0,0
0.2248437907153905,1,0,24.623616292993074,0,0,0
0.9213699306113581,1,0,31.591017503859568,0,0,0
0.8593721217142762,1,0,22.001898987506234,0,0,0
0.4168546554724176,1,0,20.0,0,0,0
0.587619936158922,1,0,20.0,0,0,0
0.44651996123135107,1,0,20.0,0,0,0
0.9253137273119798,1,0,28.56000796706674,0,0,0
0.5062551932316923,1,0,24.016434676135802,0,0,0
0.5168425062287856,1,0,20.0,0,0,0
0.9295296299842704,1,0,26.470503700732834,0,0,0
0.6805551157231775,1,0,20.0,0,0,0
0.31029569299275234,1,0,20.0,0,0,0
0.7008134728757256,1,0,20.0,0,0,0
0.8355581950729825,1,0,20.0,0,0,0
0.4702729335550917,1,0,20.0,0,0,0
0.6216044386496169,1,0,22.670208795135665,0,0,0
0.7014732433093414,1,0,20.0,0,0,0
0.608333372047965,1,0,20.0,0,0,0
0.9992996075754625,1,0,20.0,0,0,0
0.6054342776582243,1,0,20.0,0,0,0
0.7146983937888067,1,0,22.468499792872574,0,0,0
0.8348715492494378,1,0,20.0,0,0,0
0.30926654757340205,1,0,37.81112717655074,0,0,0
0.23512825598423215,1,0,23.188368914193465,0,0,0
0.9783918870058153,1,0,20.0,0,0,0
0.7858073198011761,1,0,24.84153081584902,0,0,0
0.514625580419313,1,0,26.34934691211277,0,0,0
0.2141350365955913,1,0,20.0,0,0,0
0.33311976076618743,1,0,21.136642576703935,0,0,0
0.20779823414637033,1,0,26.540972303785967,0,0,0
0.5171658130051204,1,0,20.0,0,0,0
0.6438842680746564,1,0,20.0,0,0,0
0.32846656087593606,1,0,20.0,0,0,0
0.7118858477678229,1,0,20.0,0,0,0
0.9633930020208907,1,0,24.327625898767923,0,0,0
0.9923603695861289,1,0,25.738816655771625,0,0,0
0.8665331451995575,1,0,20.0,0,0,0
0.5551071266328688,1,0,20.0,0,0,0
0.6379275024583237,1,0,22.479367452502164,0,0,0
0.6026455810709558,1,0,20.0,0,0,0
0.32453338035195944,1,0,20.0,0,0,0
0.8835313368202915,1,0,20.0,0,0,0
0.7406327495416369,1,0,20.0,0,0,0
0.7103484929511605,1,0,20.0,0,0,0
0.37626493466918315,1,0,23.573624484193346,0,0,0
0.3225274390144354,1,0,20.977868956744334,0,0,0
0.8984211816276393,1,0,34.44866943416665,0,0,0
0.34353115889777186,1,0,20.0,0,0,0
0.2589747742858024,1,0,20.0,0,0,0
0.7004841609037515,1,0,20.0,0,0,0
0.7634746058476194,1,0,20.0,0,0,0
0.29569792824907365,1,0,20.0,0,0,0
0.3654875242551878,1,0,27.781157138111126,0,0,0
0.8310110360492315,1,0,20.0,0,0,0
0.9436681597876164,1,0,20.0,0,0,0
0.5811909736318561,1,0,20.0,0,0,0
0.8336039782819202,1,0,27.949540046060672,0,0,0
0.45552009430326407,1,0,27.045046967241873,0,0,0
0.762587152587209,1,0,20.0,0,0,0
0.645776367537175,1,0,28.04963299277802,0,0,0
0.8745687308627941,1,0,20.0,0,0,0
0.8207208766809884,1,0,21.20201714466715,0,0,0
0.42730870542860294,1,0,23.23128363292108,0,0,0
0.31956417675931026,1,0,26.0655617780899,0,0,0
0.8461254180595092,1,0,27.10426643635044,0,0,0
0.2262340567961709,1,0,20.0,0,0,0
0.7432310499253991,1,0,20.0,0,0,0
0.58073139530971,1,0,28.570730829280723,0,0,0
0.26023944450145775,1,0,20.0,0,0,0
0.7508489777386369,1,0,20.0,0,0,0
0.5862992694389524,1,0,25.47100796722282,0,0,0
0.888081064195477,1,0,20.0,0,0,0
0.36690554328856345,1,0,20.0,0,0,0
0.20183965746786772,1,0,20.0,0,0,0
0.30438945428951913,1,0,20.0,0,0,0
0.41568802625750845,1,0,20.0,0,0,0
0.7217954947323162,1,0,22.233627482482262,0,0,0
0.4901145820126366,1,0,20.0,0,0,0
0.2945975306442355,1,0,25.334365073808478,0,0,0
0.9852587705357319,1,0,22.375693115531842,0,0,0
0.286581956169198,1,0,20.0,0,0,0
0.4840962744266589,1,0,26.779952002794605,0,0,0
0.9012834051933805,1,0,25.910810522447832,0,0,0
0.722092298868118,1,0,20.0,0,0,0
0.45583832947372205,1,0,23.511964854898487,0,0,0
0.9762774237149665,1,0,20.0,0,0,0
0.6008788434461867,1,0,20.0,0,0,0
0.20648791669561925,1,0,26.15541060902186,0,0,0
0.20493066892106954,1,0,24.342543649209556,0,0,0
0.952807463669392,1,0,21.699444458400855,0,0,0
0.42494450438063014,1,0,20.149416442324068,0,0,0
0.8496519728288545,1,0,20.0,0,0,0
0.23484801750765386,1,0,24.785854288968693,0,0,0
0.3175336874250048,1,0,24.049631751796067,0,0,0
0.8854236078718987,1,0,25.097719881683858,0,0,0
0.9952730534724257,1,0,20.0,0,0,0
0.24153834519221606,1,0,24.514438713939413,0,0,0
0.3341095786951496,1,0,20.0,0,0,0
0.7783295126415155,1,0,20.0,0,0,0
0.6236023650267988,1,0,55.22527445356265,0,0,0
0.524772836891633,1,0,37.572410244561055,0,0,0
0.35557403036171975,1,0,26.163846560176058,0,0,0
0.9563482868968876,1,0,22.93078636651557,0,0,0
0.33781484197341466,1,0,20.0,0,0,0
0.41219965264419944,1,0,20.0,0,0,0
0.45943849936778947,1,0,28.526156176993588,0,0,0
0.31086655713518346,1,0,29.84500085362357,0,0,0
0.6289864449873481,1,0,27.113093448832803,0,0,0
0.4730600605814872,1,0,29.858082477054023,0,0,0
0.6862780004284978,1,0,21.216577254123838,0,0,0
0.4942864701480651,1,0,64.52606046088962,0,0,0
0.29313882322249674,1,0,20.0,0,0,0
0.8980779017046496,1,0,30.678525982254722,0,0,0
0.607721658505826,1,0,20.0,0,0,0
0.45748039198693696,1,0,42.85406101506181,0,0,0
0.21309180181966295,1,0,20.0,0,0,0
0.6782771767066138,1,0,23.192770942474503,0,0,0
0.8260034639833578,1,0,20.0,0,0,0
0.7200490001737021,1,0,20.0,0,0,0
0.8301754518660471,1,0,20.0,0,0,0
0.3239886703355357,1,0,20.0,0,0,0
0.9773623828926115,1,0,21.07519171158012,0,0,0
0.36906663045006827,1,0,21.10475863909096,0,0,0
0.41342367965875,1,0,23.55439468903501,0,0,0
0.6098636501990018,1,0,20.0,0,0,0
0.2041564215789479,1,0,20.0,0,0,0
0.5539587904948149,1,0,25.838260060443883,0,0,0
0.35658022017025576,1,0,20.0,0,0,0
0.7992144947362043,1,0,25.176217093679544,0,0,0
0.8062027073453715,1,0,26.770182596601018,0,0,0
0.6925878757123596,1,0,20.0,0,0,0
0.5373481402561895,1,0,20.0,0,0,0
0.44818721354312835,1,0,20.0,0,0,0
0.86196957987921,1,0,22.047489170291588,0,0,0
0.6056748953709841,1,0,20.0,0,0,0
0.5971734287566748,1,0,20.0,0,0,0
0.2907463111061235,1,0,20.0,0,0,0
0.37470643828473266,1,0,20.0,0,0,0
0.48839143353466014,1,0,20.0,0,0,0
0.7590822742270731,1,0,25.016672396559365,0,0,0
0.8762167929571272,1,0,20.0,0,0,0
0.9942882214639677,1,0,20.0,0,0,0
0.5419456811620812,1,0,20.0,0,0,0
0.5625634777854188,1,0,23.638933010428417,0,0,0
0.8128484328976182,1,0,25.180842523565254,0,0,0
0.45698158114001225,1,0,20.0,0,0,0
0.6324143808112963,1,0,20.0,0,0,0
0.7416138585088357,1,0,20.0,0,0,0
0.3889997685637063,1,0,26.88865486106093,0,0,0
0.4236719595082809,1,0,21.867578458130104,0,0,0
0.4849525097512526,1,0,20.0,0,0,0
0.6621478680235551,1,0,20.0,0,0,0
0.41633236279697994,1,0,20.0,0,0,0
0.366534226006395,1,0,20.0,0,0,0
0.319606572618251,1,0,21.878331520576808,0,0,0
0.8474479182827503,1,0,25.549822349264733,0,0,0
0.908777197811047,1,0,20.0,0,0,0
0.9237775565840112,1,0,21.999649587744763,0,0,0
0.8573069364890002,1,0,23.785037787488754,0,0,0
0.3098313785409034,1,0,20.0,0,0,0
0.2782015530437953,1,0,20.0,0,0,0
0.5993314633789986,1,0,20.0,0,0,0
0.6171415624466654,1,0,20.0,0,0,0
0.7862585539680556,1,0,21.53165613249027,0,0,0
0.37830460292496726,1,0,26.28969231401311,0,0,0
0.9447597358863138,1,0,20.0,0,0,0
0.44794383439617347,1,0,24.436644173281586,0,0,0
0.6622471607307824,1,0,20.0,0,0,0
0.8913708859374305,1,0,20.0,0,0,0
0.6187584867897963,1,0,26.28437057003641,0,0,0
0.8028459558666698,1,0,22.346883357303586,0,0,0
0.7992209603258416,1,0,20.0,0,0,0
0.8320169972079483,1,0,20.0,0,0,0
0.8488386120375506,1,0,20.0,0,0,0
0.5139703578549253,1,0,27.298529467758254,0,0,0
0.490844994100974,1,0,21.345396183097137,0,0,0
0.8427984801321091,1,0,20.0,0,0,0
0.6637683142660387,1,0,20.0,0,0,0
0.6861706270675803,1,0,20.0,0,0,0
0.5295338006352561,1,0,20.0,0,0,0
0.36129172693880474,1,0,20.0,0,0,0
0.5655444554050713,1,0,20.0,0,0,0
0.9757171726152551,1,0,20.0,0,0,0
0.4326935033983813,1,0,26.17044887258993,0,0,0
0.4176065930993101,1,0,20.0,0,0,0
0.30462734055125396,1,0,20.0,0,0,0
0.5849443528078618,1,0,20.0,0,0,0
0.4308243167153257,1,0,21.852847985928747,0,0,0
0.7496989847971596,1,0,25.30249512689207,0,0,0
0.30809966533500166,1,0,26.493049341442017,0,0,0
0.39784998615645323,1,0,24.39384431366815,0,0,0
0.24948083958367198,1,0,23.146875596882936,0,0,0
0.23317672372781884,1,0,26.283166374234675,0,0,0
0.8513147780018866,1,0,24.847364098939803,0,0,0
0.9247024837004203,1,0,20.0,0,0,0
0.8111110682950311,1,0,20.8830326332223,0,0,0
0.8921307761806379,1,0,20.396982361887744,0,0,0
0.26927691802961884,1,0,26.465481111694007,0,0,0
0.9185074249436409,1,0,21.54538840763482,0,0,0
0.5728318691766253,1,0,21.476338213108047,0,0,0
0.8149150583446794,1,0,20.0,0,0,0
0.6926058307340495,1,0,20.0,0,0,0
0.4798958528625118,1,0,20.0,0,0,0
0.4118392261756042,1,0,100.0,0,0,0
0.29450412983469704,1,0,25.619126362252906,0,0,0
0.5301208811848308,1,0,22.50090862734205,0,0,0
0.5952821729036353,1,0,20.0,0,0,0
0.9864920753951498,1,0,21.06641714790446,0,0,0
0.2298323810629823,1,0,21.1347042468605,0,0,0
0.6721193297752583,1,0,20.0,0,0,0
0.6199958575426963,1,0,20.0,0,0,0
0.2183169522483647,1,0,20.0,0,0,0
0.4637938648020158,1,0,20.0,0,0,0
0.5383419384033248,1,0,24.81391058885641,0,0,0
0.5954158093913666,1,0,20.0,0,0,0
0.38676486879236727,1,0,20.0,0,0,0
0.22728017591794247,1,0,20.0,0,0,0
0.4350744902878432,1,0,20.0,0,0,0
0.8690894739468706,1,0,20.0,0,0,0
0.8462863010275072,1,0,25.655929414252483,0,0,0
0.3446006196013328,1,0,20.0,0,0,0
0.7170401325261271,1,0,20.0,0,0,0
0.9389178998189376,1,0,20.0,0,0,0
0.33768615275881264,1,0,22.7470563978026,0,0,0
0.3029410721662772,1,0,22.249104390614814,0,0,0
0.21771701340536237,1,0,27.243014715567817,0,0,0
0.33792917175698556,1,0,20.0,0,0,0
0.851162062260471,1,0,20.0,0,0,0
0.851191792129683,1,0,23.667271639460772,0,0,0
0.6323616616232078,1,0,20.0,0,0,0
0.46685158154714285,1,0,22.830109160042742,0,0,0
0.8454243352015862,1,0,100.0,0,0,0
0.35601219476445894,1,0,28.326928713570226,0,0,0
0.31188319207843274,1,0,20.0,0,0,0
0.2713681743462087,1,0,20.0,0,0,0
0.881060757217929,1,0,20.0,0,0,0
0.7718743841754307,1,0,20.0,0,0,0
0.6996690270635362,1,0,20.0,0,0,0
0.7819739697686996,1,0,20.0,0,0,0
0.3147829537617981,1,0,25.74554460268018,0,0,0
0.5078312699929572,1,0,20.0,0,0,0
0.8512921835313103,1,0,24.712305764946155,0,0,0
0.9334124075848795,1,0,20.0,0,0,0
0.610476507137873,1,0,25.002946080119273,0,0,0
0.29764915686638294,1,0,20.0,0,0,0
0.9828138659301597,1,0,22.521770216529397,0,0,0
0.516022833112608,1,0,20.0,0,0,0
0.4551957312699427,1,0,24.362151257945484,0,0,0
0.2959927325719818,1,0,27.8941331061275,0,0,0
0.2101036967957721,1,0,23.02388170640602,0,0,0
0.6829386713215846,1,0,20.0,0,0,0
0.6899448149075355,1,0,26.783158219962885,0,0,0
0.3873929093776484,1,0,28.19061655658234,0,0,0
0.3295894049177257,1,0,20.0,0,0,0
0.6224070403991468,1,0,20.0,0,0,0
0.548325484046895,1,0,20.0,0,0,0
0.4429232304233591,1,0,23.673785465869873,0,0,0
0.3745862895793772,1,0,26.03602999332278,0,0,0
0.8874446866063812,1,0,20.0,0,0,0
0.9870623672843997,1,0,20.0,0,0,0
0.48446538590617894,1,0,20.0,0,0,0
0.7585046288785335,1,0,23.426955034531105,0,0,0
0.8924377714630063,1,0,20.0,0,0,0
0.22154942465236926,1,0,22.54058256572363,0,0,0
0.9264519043969477,1,0,20.0,0,0,0
0.5993191942958338,1,0,22.696752675734583,0,0,0
0.6453994083218719,1,0,20.0,0,0,0
0.6318986557179995,1,0,20.0,0,0,0
0.39434175472715893,1,0,24.27319235442987,0,0,0
0.8257931527925697,1,0,20.0,0,0,0
0.7858706980285612,1,0,20.0,0,0,0
0.2766338792146664,1,0,22.194687903099663,0,0,0
0.6502332596012346,1,0,25.622560674558,0,0,0
0.9656209613640725,1,0,21.824399443132336,0,0,0
0.8969259547409674,1,0,20.0,0,0,0
0.7007234970789957,1,0,20.0,0,0,0
0.3589546750088539,1,0,23.894690513717332,0,0,0
0.4777785040213618,1,0,21.1618412123731,0,0,0
0.320286455568818,1,0,23.972183163078537,0,0,0
0.8575444919916788,1,0,25.329137887223848,0,0,0
0.8229366650180101,1,0,98.28321615757378,0,0,0
0.9282866458685415,1,0,24.753108181977083,0,0,0
0.2507164379767439,1,0,20.0,0,0,0
0.9717707853195938,1,0,26.5352724406125,0,0,0
0.9731418692658342,1,0,20.0,0,0,0
0.7395278348402898,1,0,27.371018516744485,0,0,0
0.9053985997120069,1,0,24.370975338057953,0,0,0
0.5507502985461132,1,0,32.55575765161592,0,0,0
0.45072344080445836,1,0,20.0,0,0,0
0.32349476480386763,1,0,20.0,0,0,0
0.22526357593180305,1,0,33.890939891035444,0,0,0
0.23359788217978963,1,0,24.48136730405148,0,0,0
0.753253366083277,1,0,20.0,0,0,0
0.46925973240823293,1,0,31.611124378065043,0,0,0
0.2432493396458031,1,0,20.0,0,0,0
0.28976184766892354,1,0,21.98073649141787,0,0,0
0.7322270119712799,1,0,20.0,0,0,0
0.9509441722417133,1,0,23.433125292269153,0,0,0
0.5263825538543279,1,0,23.72143286370249,0,0,0
0.8221260539955992,1,0,20.0,0,0,0
0.9788654480912646,1,0,21.368798521190293,0,0,0
0.7666394391154274,1,0,20.0,0,0,0
0.7784051466676669,1,0,28.107142147195077,0,0,0
0.692720635345376,1,0,22.650450525459046,0,0,0
0.9821412117507458,1,0,24.173443591877742,0,0,0
0.4398448274845419,1,0,20.0,0,0,0
0.8263907607685745,1,0,20.0,0,0,0
0.5320624497697037,1,0,22.228152526049783,0,0,0
0.32433571367247666,1,0,20.0,0,0,0
0.7914978997851774,1,0,22.416362679303976,0,0,0
0.86352153176892,1,0,20.0,0,0,0
0.8908792955560718,1,0,20.0,0,0,0
0.937502795958066,1,0,20.0,0,0,0
0.7959292745853361,1,0,20.0,0,0,0
0.6220948441125611,1,0,20.0,0,0,0
0.9509563411196043,1,0,20.0,0,0,0
0.3676525409214481,1,0,24.98277098353834,0,0,0
0.2618478107395304,1,0,20.0,0,0,0
0.545300576300692,1,0,20.0,0,0,0
0.6657748700363373,1,0,25.565920694475672,0,0,0
0.7439915079726651,1,0,23.385361968319422,0,0,0
0.8523375747832778,1,0,23.396288135193483,0,0,0
0.22140531596525204,1,0,27.363026951319824,0,0,0
0.8416370728085936,1,0,20.0,0,0,0
0.6801029435852606,1,0,24.597831657920946,0,0,0
0.9623581603501963,1,0,20.0,0,0,0
0.47831793837631953,1,0,22.580778105127393,0,0,0
0.6935827675748794,1,0,20.0,0,0,0
0.8132387250271478,1,0,20.0,0,0,0
0.6131163366026513,1,0,20.0,0,0,0
0.3247260586956417,1,0,20.0,0,0,0
0.23983981761598347,1,0,20.4606132170407,0,0,0
0.2891205290713377,1,0,22.76004530543407,0,0,0
0.5959236658782221,1,0,25.77295915774323,0,0,0
0.7116870188050337,1,0,25.003300643242003,0,0,0
0.6564168526529446,1,0,29.923645264256045,0,0,0
0.7703329134739059,1,0,23.54269319056958,0,0,0
0.23119571485957213,1,0,20.0,0,0,0
0.3090725772232781,1,0,20.0,0,0,0
0.8089120871588718,1,0,20.0,0,0,0
0.8249458947820463,1,0,24.367431928501897,0,0,0
0.7618350674541863,1,0,20.0,0,0,0
0.7963440346121671,1,0,23.365255603857584,0,0,0
0.9707520692018641,1,0,20.0,0,0,0
0.9553749390024247,1,0,24.592475838812735,0,0,0
0.7155854725205446,1,0,20.0,0,0,0
0.4554676629900578,1,0,27.719355934068275,0,0,0
0.21128791270074415,1,0,60.55173681590002,0,0,0
0.7052864967271062,1,0,28.43882309764161,0,0,0
0.5450430774696542,1,0,22.427482101551874,0,0,0
0.31762196143856897,1,0,20.0,0,0,0
0.372206198403675,1,0,20.0,0,0,0
0.9492234527279901,1,0,20.0,0,0,0
0.25297803252480994,1,0,20.0,0,0,0
0.8299766204902932,1,0,27.504084105537594,0,0,0
0.9216394649168602,1,0,20.0,0,0,0
0.750678019742627,1,0,20.0,0,0,0
0.24907331305248112,1,0,27.960890969398626,0,0,0
0.8766823382537681,1,0,20.0,0,0,0
0.7226311528487297,1,0,20.0,0,0,0
0.42162631949751045,1,0,20.0,0,0,0
0.7037243062848109,1,0,26.23996234138206,0,0,0
0.3092342279745432,1,0,20.0,0,0,0
0.7661180423705294,1,0,20.0,0,0,0
0.9223964945269092,1,0,22.532293103233485,0,0,0
0.6173450116946995,1,0,20.0,0,0,0
0.961684760835358,1,0,20.0,0,0,0
0.5504759742563425,1,0,25.66815577534152,0,0,0
0.8860536254251636,1,0,20.0,0,0,0
0.818918732701819,1,0,24.598349693345053,0,0,0
0.2707436114746252,1,0,20.0,0,0,0
0.9301220623462032,1,0,20.0,0,0,0
0.9283421230732907,1,0,20.0,0,0,0
0.48113269271656034,1,0,21.365812949666886,0,0,0
0.8347511053402095,1,0,26.01314204564522,0,0,0
0.37970995598834173,1,0,27.470977761582947,0,0,0
0.22431446872637145,1,0,22.905108898308,0,0,0
0.3663497048933601,1,0,63.52359449569314,0,0,0
0.5871902713149764,1,0,20.0,0,0,0
0.24621400278695324,1,0,20.0,0,0,0
0.32800494648912326,1,0,28.123897925180803,0,0,0
0.9603503947052667,1,0,34.96064950970067,0,0,0
0.5950727289333291,1,0,20.0,0,0,0
0.8584804238251713,1,0,20.0,0,0,0
0.365298199394072,1,0,24.928472747026266,0,0,0
0.2708173544726221,1,0,20.0,0,0,0
0.8244384448085771,1,0,23.00523205131246,0,0,0
0.47906706287909534,1,0,20.0,0,0,0
0.5678435482860179,1,0,36.62022456845476,0,0,0
0.9937032203644589,1,0,28.38106745830042,0,0,0
0.4532244607393784,1,0,26.039053881083344,0,0,0
0.5785166338293259,1,0,27.08060529179524,0,0,0
0.7078490653742096,1,0,20.0,0,0,0
0.2712550245824846,1,0,20.0,0,0,0
0.7731456824116834,1,0,25.446757543577927,0,0,0
0.5613848162200286,1,0,20.0,0,0,0
0.340011582026982,1,0,26.867800433159083,0,0,0
0.5444334877603618,1,0,20.0,0,0,0
0.5685342780812107,1,0,20.0,0,0,0
0.7125895799266573,1,0,23.483034946742627,0,0,0
0.9497070531092271,1,0,20.0,0,0,0
0.8120524710896069,1,0,26.48962593614148,0,0,0
0.5059600323282838,1,0,20.0,0,0,0
0.9757185722205808,1,0,20.0,0,0,0
0.8326649378586375,1,0,25.438394690332945,0,0,0
0.22236144485809728,1,0,20.0,0,0,0
0.2932691311360759,1,0,20.0,0,0,0
0.37440892963582695,1,0,27.12824718882047,0,0,0
0.2668028664054927,1,0,27.205091463904306,0,0,0
0.5883417753735853,1,0,22.69543399237422,0,0,0
0.47257443375373315,1,0,20.0,0,0,0
0.9783403709850866,1,0,20.0,0,0,0
0.5781888778009383,1,0,20.0,0,0,0
0.36972388814058726,1,0,25.51010690247653,0,0,0
0.9765846753929421,1,0,20.0,0,0,0
0.6111054331392543,1,0,20.0,0,0,0
0.2584478170693282,1,0,20.0,0,0,0
0.26469969681481953,1,0,20.0,0,0,0
0.7402341455547023,1,0,20.0,0,0,0
0.5958367112220122,1,0,20.77557489495296,0,0,0
0.6993846515591167,1,0,20.0,0,0,0
0.879728006553772,1,0,20.0,0,0,0
0.7451068887809658,1,0,27.190080759023694,0,0,0
0.889431886420383,1,0,20.0,0,0,0
0.7941507919641198,1,0,20.0,0,0,0
0.739519802395125,1,0,24.012286024261165,0,0,0
0.30775899308452237,1,0,20.0,0,0,0
0.5862620902999507,1,0,20.0,0,0,0
0.5464741541337392,1,0,21.82121192262209,0,0,0
0.6325562786414951,1,0,20.0,0,0,0
0.5129142881319542,1,0,25.162983117528512,0,0,0
0.6963497987844494,1,0,20.0,0,0,0
0.5139646995489895,1,0,25.80458758997391,0,0,0
0.6460943087966815,1,0,28.499970106802017,0,0,0
0.5159002479062802,1,0,22.884254438110148,0,0,0
0.9214138826583806,1,0,20.0,0,0,0
0.4987325445598533,1,0,20.0,0,0,0
0.7847460061861851,1,0,25.47677680940546,0,0,0
0.6909881355512466,1,0,25.999628261801696,0,0,0
0.5084188223534671,1,0,20.0,0,0,0
0.8461048547580259,1,0,22.21532561889877,0,0,0
0.9420537355269374,1,0,20.0,0,0,0
0.8083874655567074,1,0,22.96309528438109,0,0,0
0.9588704367075516,1,0,20.0,0,0,0
0.5490453534917812,1,0,20.0,0,0,0
0.9309920453182308,1,0,20.0,0,0,0
0.9009783767637238,1,0,20.0,0,0,0
0.8099098522641912,1,0,20.0,0,0,0
0.8681605561230636,1,0,28.370813099616736,0,0,0
0.7841069116882244,1,0,20.0,0,0,0
0.6098467698306,1,0,20.0,0,0,0
0.6419353209135521,1,0,20.0,0,0,0
0.5341494221312404,1,0,22.908939881905834,0,0,0
0.7314341507912536,1,0,23.258070129662443,0,0,0
0.4598319022268861,1,0,20.0,0,0,0
0.7917275819687966,1,0,20.0,0,0,0
0.6040922884523947,1,0,23.34431465572262,0,0,0
0.48255033224468075,1,0,24.802305949475695,0,0,0
0.31778233456422056,1,0,20.0,0,0,0
0.4044207271982872,1,0,24.94525747964524,0,0,0
0.712160290345381,1,0,21.773056768286505,0,0,0
0.49587944444400256,1,0,20.0,0,0,0
0.2265353009534568,1,0,20.0,0,0,0
0.4637904237696173,1,0,26.666864365835234,0,0,0
0.49308615918356874,1,0,20.0,0,0,0
0.3874407046161615,1,0,24.63808117930583,0,0,0
0.4290520229900908,1,0,20.0,0,0,0
0.763941942583082,1,0,20.0,0,0,0
0.7970131631042792,1,0,27.477277997198073,0,0,0
0.9671191727935433,1,0,26.76595719862276,0,0,0
0.2944706123763188,1,0,20.0,0,0,0
0.44938000349502305,1,0,20.0,0,0,0
0.2616356207846683,1,0,23.175988531725352,0,0,0
0.6906429871213744,1,0,22.274810646371623,0,0,0
0.2131106346430446,1,0,23.524510854613403,0,0,0
0.3642850730747452,1,0,23.447989935973695,0,0,0
0.6695840357687615,1,0,20.0,0,0,0
0.48699091788415383,1,0,20.0,0,0,0
0.635501007272586,1,0,20.0,0,0,0
0.7121900067713887,1,0,20.0,0,0,0
0.8711520542866751,1,0,20.0,0,0,0
0.5143001770536129,1,0,23.605577456592798,0,0,0
0.423117531710896,1,0,22.74447301256777,0,0,0
0.6310441068094381,1,0,26.61617436340688,0,0,0
0.2557450461395432,1,0,27.069921100311994,0,0,0
0.23353137820936265,1,0,25.242676300529578,0,0,0
0.5617897880079188,1,0,22.51922523318196,0,0,0
0.3744630000265818,1,0,23.138987819842566,0,0,0
0.20577326017069444,1,0,27.210951812995894,0,0,0
0.7434963684051068,1,0,27.750122795469103,0,0,0
0.8529244293963434,1,0,24.586349473161526,0,0,0
0.3183028563647578,1,0,25.57918302616979,0,0,0
0.6511218193611183,1,0,20.0,0,0,0
0.987187962257023,1,0,20.0,0,0,0
0.4150045467189923,1,0,23.66363177510166,0,0,0
0.7846517856960322,1,0,20.646505522893698,0,0,0
0.32968206209076256,1,0,22.827634911920796,0,0,0
0.9456743852665837,1,0,20.0,0,0,0
0.20034686814858002,1,0,25.819682537022786,0,0,0
0.43578414418352773,1,0,25.436592239612953,0,0,0
0.9811460147386701,1,0,20.0,0,0,0
0.7365521904013028,1,0,20.0,0,0,0
0.3694764795186723,1,0,23.944397599710143,0,0,0
0.8330924654531529,1,0,25.143286576808322,0,0,0
0.9184684636482663,1,0,23.155321815783893,0,0,0
0.5898169365898445,1,0,20.0,0,0,0
0.32481892256611644,1,0,26.814497268382006,0,0,0
0.406874417786248,1,0,31.83710336334669,0,0,0
0.9544912938365924,1,0,23.76053389925607,0,0,0
0.3288822376365338,1,0,24.404816936529077,0,0,0
0.4495254695615454,1,0,20.751769895204582,0,0,0
0.31643013969690365,1,0,20.0,0,0,0
0.2844847289364264,1,0,22.688574797138077,0,0,0
0.617620046872047,1,0,24.29355485396688,0,0,0
0.5173674330355638,1,0,20.0,0,0,0
0.23693474945943846,1,0,28.1803192931148,0,0,0
0.3161559013651647,1,0,20.138558855046995,0,0,0
0.23012670366996826,1,0,22.88754833123818,0,0,0
0.21967195971042097,1,0,22.85106958071718,0,0,0
0.3427760750457022,1,0,20.0,0,0,0
0.7949194338805665,1,0,61.206295088296805,0,0,0
0.21181597456728662,1,0,26.22624625049497,0,0,0
0.443581939888127,1,0,20.0,0,0,0
0.6518304568302657,1,0,20.0,0,0,0
0.7949628547487553,1,0,26.091213625080137,0,0,0
0.7423135191672434,1,0,24.563751211606206,0,0,0
0.9907395534404952,1,0,22.425955338594306,0,0,0
0.4205018099372625,1,0,22.570302791403947,0,0,0
0.2001109824020757,1,0,25.87754363813803,0,0,0
0.230575420702991,1,0,20.0,0,0,0
0.27801496833602,1,0,21.260159128594175,0,0,0
0.9801901508672031,1,0,20.0,0,0,0
0.6560386354413983,1,0,20.0,0,0,0
0.8394948271383424,1,0,23.787028880451388,0,0,0
0.9880632128006563,1,0,20.0,0,0,0
0.875414307911262,1,0,20.0,0,0,0
0.5260927010923322,1,0,26.939753106407572,0,0,0
0.41017921402027424,0,8,121.06671117079247,0,0,0
0.3161671192893509,0,6,92.67506337500912,0,0,0
0.46431456303284685,0,5,136.57307325248956,0,0,0
0.37243101422970326,1,10,108.14870565518521,0,0,0
0.3999366719422779,0,5,120.58211350521523,0,0,0
0.2562870532132585,0,5,139.22411362913618,0,0,0
0.1280522277895007,1,3,113.5572405773566,0,0,0
0.46048328887920337,1,5,99.21252509997892,0,0,0
0.34663841824927827,0,4,98.57851974841778,0,0,0
0.45926357562237435,0,5,119.64282048896342,0,0,0
0.3278851047801078,0,4,100.38428389357651,0,0,0
0.25451642324079043,0,4,103.69849471022297,0,0,0
0.11063260915521725,1,8,96.43636135767306,0,0,0
0.2289671544380547,0,6,111.24007847818734,0,0,0
0.31889907047075927,0,8,112.62575339723057,0,0,0
0.4688439208814129,0,7,116.81443582018252,0,0,0
0.4231884134292352,0,7,121.49982200707353,0,0,0
0.280913750772791,1,6,121.1533497695504,0,0,0
0.25159590832904954,0,6,105.70763235022031,0,0,0
0.06497302003182047,1,5,143.0475340980198,0,0,0
0.2080347846322052,0,10,115.81595682035156,0,0,0
0.4915929962407907,0,6,138.2481290900439,0,0,0
0.38346141159753605,1,10,119.01650835408512,0,0,0
0.28613707448459413,1,9,105.9429237837604,0,0,0
0.43803480932853095,0,7,131.70536248096693,0,0,0
0.06037512467426764,1,9,92.38720577279668,0,0,0
0.48093089945688594,1,8,147.87762240952503,0,0,0
0.3648509286211895,1,9,120.06117925540462,0,0,0
0.05599136627105307,0,9,87.29159684706003,0,0,0
0.3674893139145815,1,8,109.49507854338073,0,0,0
0.0874075322161049,0,8,129.87767747884638,0,0,0
0.337818771209647,1,9,84.76768022405558,0,0,0
0.185398537850954,0,4,98.29663234347123,0,0,0
0.14544150791736757,1,10,144.7061916208388,0,0,0
0.3326366646668462,1,7,104.93420867904194,0,0,0
0.24531834804462704,0,3,91.14138398607811,0,0,0
0.07903535824881489,1,4,86.88678870974371,0,0,0
0.4200542936902359,1,9,123.33438578523797,0,0,0
0.16975523152809677,1,9,119.06931917080641,0,0,0
0.3281946184223586,0,8,125.34191408460401,0,0,0
0.3242122936923243,1,8,147.06257308569974,0,0,0
0.07527252051317986,0,9,84.2082784551407,0,0,0
0.4987924476063854,0,10,93.83697127268178,0,0,0
0.25144724429884463,1,9,96.36770268954372,0,0,0
0.14241048756096109,1,4,109.89622085997746,0,0,0
0.24653645979051686,0,9,88.47184379379982,0,0,0
0.32137787586374156,1,7,108.69089456164156,0,0,0
0.05136790126264258,0,9,137.1336240105716,0,0,0
0.18506010116065125,1,8,91.45604791920968,0,0,0
0.29134861293086384,1,8,144.16063264637262,0,0,0
0.3625146410109202,0,9,143.78773905450572,0,0,0
0.1909876822303791,1,4,115.90910614171418,0,0,0
0.2317593439036782,1,9,140.21102906487027,0,0,0
0.14955279314266862,1,5,129.80505704234318,0,0,0
0.18186814668582663,1,4,104.97169184607631,0,0,0
0.35931084228814325,1,8,119.32260488729693,0,0,0
0.20176783616398314,1,10,88.16315888667617,0,0,0
0.17582882781920728,0,3,114.70336608891702,0,0,0
0.18435196630634737,0,10,138.09853372539777,0,0,0
0.325689368908132,1,5,120.9667998384765,0,0,0
0.3023675570681771,0,10,106.74214295668159,0,0,0
0.23310562615021235,0,3,126.44917486555812,0,0,0
0.3345423323253235,0,7,148.37988106049886,0,0,0
0.33925742959626853,1,7,84.72370705016878,0,0,0
0.05589930367699398,1,9,103.12550256902989,0,0,0
0.20257678085746944,1,6,90.91574830099148,0,0,0
0.15992999532405158,0,3,146.98632622308935,0,0,0
0.4231047134024021,0,4,118.21313073478909,0,0,0
0.17394624180586454,1,5,89.07683938564871,0,0,0
0.1927832413479607,0,9,122.85190409393113,0,0,0
0.2920043515579136,0,3,115.0294132980676,0,0,0
0.2963296845255769,0,9,84.15243285023871,0,0,0
0.41493807883708034,0,7,140.5160264719775,0,0,0
0.2245677261703879,0,7,129.6437383665234,0,0,0
0.1765239089567564,0,10,80.36671567297837,0,0,0
0.3237094949448067,0,9,147.17705763558354,0,0,0
0.37772646847110153,1,8,91.14876954042896,0,0,0
0.4966688784041927,1,9,80.01834049567422,0,0,0
0.328234468848366,0,6,109.90900882186762,0,0,0
0.2708301085622925,0,10,89.85477257725609,0,0,0
0.10988060501721927,1,9,119.91035502899345,0,0,0
0.49411538816670847,1,10,101.80007306351953,0,0,0
0.3582463168161293,1,7,92.96246605879827,0,0,0
0.12425784628076927,1,8,148.9741481423311,0,0,0
0.2568547807643896,1,6,103.29103113189208,0,0,0
0.3021360510154029,1,10,109.03132853072448,0,0,0
0.14759478816001068,1,8,100.59680971411326,0,0,0
0.3796166448454526,0,4,138.58908867872555,0,0,0
0.3426519003304085,1,7,93.7748854414642,0,0,0
0.15518630948536533,0,4,88.93602695657391,0,0,0
0.49539036680845105,1,8,141.70204315030392,0,0,0
0.4769008344374185,1,8,92.8351836532576,0,0,0
0.16948449933454116,0,9,140.055660589088,0,0,0
0.24881546957446699,0,4,120.47244328094347,0,0,0
0.4526545737113893,1,6,137.63601950804835,0,0,0
0.23283312946723606,0,5,84.9110649051699,0,0,0
0.47966923260858696,1,6,147.45346366551883,0,0,0
0.14018339136890878,1,10,100.98338957037308,0,0,0
0.3758100285335182,0,7,84.10388628973129,0,0,0
0.31977773020290434,0,6,133.5420055377505,0,0,0
0.20578322143902256,0,10,92.49176178667054,0,0,0
0.37300664906914094,0,7,104.57783123185257,0,0,0
0.060894729282668036,1,6,121.62593827684529,0,0,0
0.15389143220695867,0,7,84.80314748619864,0,0,0
0.16758298785029135,1,9,94.13534884063702,0,0,0
0.10286168301016581,0,6,114.2350563115561,0,0,0
0.06528249699640408,0,7,109.53320792652592,0,0,0
0.20882637814090932,1,4,119.03013723740071,0,0,0
0.14822359699474563,1,3,131.0042998672741,0,0,0
0.10979012729770789,0,3,104.7094590738152,0,0,0
0.1207898349679151,0,6,108.30839861107617,0,0,0
0.4218199110323726,0,8,99.06669532236228,0,0,0
0.09270629218373026,0,4,103.77879037979284,0,0,0
0.376184851802836,0,10,83.57204211082137,0,0,0
0.07427948908471602,1,4,120.60868928475728,0,0,0
0.0682844051809212,0,8,92.09451077842232,0,0,0
0.24900936516384603,0,4,130.14007164498037,0,0,0
0.22183385660085003,0,3,82.9535426366578,0,0,0
0.29558683339309794,1,8,84.19131573349236,0,0,0
0.36618938428406,1,7,99.92826027868962,0,0,0
0.18941482225228695,1,8,110.68829715675376,0,0,0
0.1374833069898822,0,10,128.552584648457,0,0,0
0.4199525650186084,0,7,128.452838377486,0,0,0
0.12438812142815112,1,9,148.13653592229971,0,0,0
0.409303731835359,0,6,104.61511406332231,0,0,0
0.314216094053998,0,5,84.15456767031898,0,0,0
0.18021649247865196,1,6,140.28850737515523,0,0,0
0.19141657880611246,1,5,131.144636760387,0,0,0
0.21678325757362377,1,10,84.76853485494081,0,0,0
0.31598587750874113,0,7,85.83369072428737,0,0,0
0.4908320513528669,1,10,113.36451822406467,0,0,0
0.19322285855796367,1,5,103.91514653221421,0,0,0
0.4738405602686954,1,9,121.74604328412258,0,0,0
0.14231608353475478,1,3,95.34126401037906,0,0,0
0.10083115280138058,1,5,147.15373872303314,0,0,0
0.28945120189164075,0,3,115.84945348425265,0,0,0
0.4894163918189339,0,10,132.5503184437132,0,0,0
0.2681887076744103,1,5,88.80491333943382,0,0,0
0.40996177708455767,0,9,123.18475291427902,0,0,0
0.2626458494075394,1,6,140.56258533146786,0,0,0
0.4325008158686853,0,3,81.60934426408475,0,0,0
0.4157333418748987,0,5,117.79903367528235,0,0,0
0.3587866249216433,0,5,97.27331367087015,0,0,0
0.3269347681747207,0,7,113.48721583513833,0,0,0
0.2831642722177197,1,5,137.1196590686174,0,0,0
0.48054150729119277,1,8,128.30494894917032,0,0,0
0.300820928672687,1,8,132.81493908599293,0,0,0
0.20171212778214298,0,4,94.81779963703525,0,0,0
0.4469976888372377,1,7,138.27639504223913,0,0,0
0.34701569178318664,0,7,122.97944812814202,0,0,0
0.30117785239070477,1,5,84.85114821524674,0,0,0
0.356976758923228,0,9,140.38965442190923,0,0,0
0.2069924520543543,0,4,83.90286683110905,0,0,0
0.23938384517367972,1,9,82.01394331612495,0,0,0
0.13801764198146116,1,6,138.36230242816214,0,0,0
0.4347593648301182,0,5,80.91165945915759,0,0,0
0.3495164331664056,0,8,86.19038660142947,0,0,0
0.42091778092259496,0,7,81.186710118692,0,0,0
0.1928257560435917,1,7,141.61951197645755,0,0,0
0.497946789440556,0,8,83.12868419299336,0,0,0
0.21074457835987997,1,5,106.0875870138874,0,0,0
0.20917086243476313,1,9,95.18946589558215,0,0,0
0.4822859567560244,1,7,103.91627089865672,0,0,0
0.34477919698589365,0,4,100.34148301261821,0,0,0
0.4700490477811606,1,10,142.15102080535402,0,0,0
0.33041384883494807,1,9,133.80938889573608,0,0,0
0.16091366254849113,0,4,141.95118131269015,0,0,0
0.2258314284313026,1,9,130.4029830856885,0,0,0
0.43651056839323543,1,7,103.12436631475408,0,0,0
0.270257868157909,1,9,93.0091583689412,0,0,0
0.36904083031896034,0,6,117.084563627579,0,0,0
0.12493794469213775,1,4,104.96678479169697,0,0,0
0.22989587364500003,1,4,125.03890985153382,0,0,0
0.4277557328063335,0,3,82.72528144774819,0,0,0
0.4734546519734716,0,10,129.90874201896094,0,0,0
0.1959352989178969,0,5,100.9691423898458,0,0,0
0.12765776826458267,1,10,112.35683532914081,0,0,0
0.0605393774267586,0,4,148.5029769037104,0,0,0
0.10732300508028814,0,5,95.0902811227359,0,0,0
0.4260505527260196,0,10,88.23589079109269,0,0,0
0.2550577782524861,1,5,94.68697025850126,0,0,0
0.18122966465430856,1,9,104.60524679573024,0,0,0
0.39904702773050815,1,3,117.53647026299254,0,0,0
0.40705066441666626,1,10,148.61583649971084,0,0,0
0.21297220845430548,0,7,140.89183680335742,0,0,0
0.4556154398253802,1,9,130.0469511798594,0,0,0
0.2584005499148991,1,3,130.43706814082236,0,0,0
0.16755403141668634,0,10,99.86483774982433,0,0,0
0.45489015110930825,1,6,144.9578398401997,0,0,0
0.11882816503200548,1,4,117.7686512572401,0,0,0
0.4981745836732756,1,4,91.3764433100051,0,0,0
0.32596350190843115,1,3,146.52117612253016,0,0,0
0.46190635898115556,0,8,115.45681408363775,0,0,0
0.1304761133365086,0,4,90.88585024172494,0,0,0
0.22510006904432633,1,10,131.46625164060086,0,0,0
0.44296291968563073,1,4,96.36530745565265,0,0,0
0.4266953977552169,0,3,93.13668573772597,0,0,0
0.442333017428325,0,9,98.73140331016754,0,0,0
0.1762066174791861,0,9,120.47935136853889,0,0,0
0.32792811121124565,0,7,100.48126217218173,0,0,0
0.22531933744593247,0,9,82.85694316320554,0,0,0
0.19434848155758117,0,8,107.12479382116682,0,0,0
0.2840574214723469,1,4,96.40713216776942,0,0,0
0.37177382635761075,1,6,115.80131393682889,0,0,0
0.28333302385802484,0,10,112.16931225724184,0,0,0
0.15372405859615396,1,8,85.46581524390993,0,0,0
0.4133716851314935,1,7,97.17198331846217,0,0,0
0.49000490575703726,0,4,99.70389948858625,0,0,0
0.21329538011283777,0,7,113.93156425314143,0,0,0
0.43216376853132177,0,4,137.55531829167367,0,0,0
0.4387382472985201,0,8,95.30218890179759,0,0,0
0.16723455825715555,0,4,91.07306702729888,0,0,0
0.3673882075042574,1,5,80.07151042623296,0,0,0
0.47228774077008606,1,7,122.4552232421191,0,0,0
0.3829351736005089,0,3,102.79478992040836,0,0,0
0.06350979361395408,1,8,126.91087467601392,0,0,0
0.3220336543559838,0,6,128.309967609721,0,0,0
0.4003031377177223,0,7,83.12924670565432,0,0,0
0.3281614620000029,0,8,109.28881880085584,0,0,0
0.06293293006163615,1,9,147.7587888152524,0,0,0
0.10407608754900868,0,10,99.26006579565319,0,0,0
0.41073002941579617,1,4,117.06853043113173,0,0,0
0.26962401242884393,0,6,117.64694994459788,0,0,0
0.4810895939469205,0,3,98.23858801725942,0,0,0
0.23674171516626435,1,5,134.54794582374785,0,0,0
0.4197687191563125,1,7,80.25780044142033,0,0,0
0.06597164337381299,1,4,95.87533547850929,0,0,0
0.4284566286078109,1,6,121.47690915177532,0,0,0
0.436575968455093,0,10,144.21055666929595,0,0,0
0.2129341231458332,1,3,80.66718071867582,0,0,0
0.18925341865847378,0,4,122.06075031855289,0,0,0
0.4594589498825931,0,5,80.23566991172866,0,0,0
0.3999671259505135,1,10,123.59722210848102,0,0,0
0.3190769280560233,0,8,108.81167876284866,0,0,0
0.24635521912368374,0,4,110.41180089704193,0,0,0
0.46043897825968444,0,8,147.72567368042706,0,0,0
0.38624994404553015,0,3,127.75724405582832,0,0,0
0.23757615971569523,1,9,93.74902428777962,0,0,0
0.2735240598656344,0,4,149.81360503838425,0,0,0
0.09429424490592345,1,8,97.96744123057483,0,0,0
0.41483524957054935,1,6,128.0134775861918,0,0,0
0.42876602380506795,0,8,127.6206496812299,0,0,0
0.21003900842844192,1,5,139.4807512171774,0,0,0
0.18934418026333716,1,7,107.92068126680493,0,0,0
0.16350536942656838,0,10,128.71751591877597,0,0,0
0.12805642334875622,1,9,123.81587517157655,0,0,0
0.47650330277940955,0,7,110.54939657245909,0,0,0
0.39156506916991257,1,10,144.11701956832084,0,0,0
0.2450324754215995,1,3,97.6350715347971,0,0,0
0.0995767291044593,0,8,95.69915034329205,0,0,0
0.1127466897619564,0,8,124.1271778643545,0,0,0
0.36940478766093615,0,5,93.31866467948593,0,0,0
0.1413864677838469,0,6,138.09963647645898,0,0,0
0.20654328464478094,1,6,103.77726792828729,0,0,0
0.4806541069073549,1,8,109.47696326271814,0,0,0
0.31153905666793363,0,7,127.76211003142406,0,0,0
0.413756274126049,0,9,141.9571185100471,0,0,0
0.09674660237232216,1,8,128.29772365765876,0,0,0
0.19867378654748225,0,10,86.59436574801276,0,0,0
0.45302317370358747,1,9,103.66426912587636,0,0,0
0.4147083879166055,1,7,132.5044041013465,0,0,0
0.3755524928100131,0,3,143.5425449652401,0,0,0
0.3143321908499269,1,5,124.36789826189573,0,0,0
0.17102302872793887,0,4,121.73085205658424,0,0,0
0.31346624850222365,0,6,106.5453690467075,0,0,0
0.07284198134572539,1,10,113.46361618005653,0,0,0
0.14103238720574274,0,6,110.25592827158897,0,0,0
0.283219367265234,1,9,83.86235335870687,0,0,0
0.05088979895668629,0,6,81.52970208323374,0,0,0
0.1545020758611751,1,7,123.21826839655395,0,0,0
0.11851161290392191,0,3,115.68871486286594,0,0,0
0.2054807513881174,1,8,97.14235626380432,0,0,0
0.4362589449559177,0,4,142.49256741468406,0,0,0
0.4763385953590015,0,6,94.46164300228074,0,0,0
0.12427628449072742,0,10,129.0349177841565,0,0,0
0.15398357511287725,0,4,135.18540376898105,0,0,0
0.43109476852311973,0,10,138.81588826898582,0,0,0
0.1277042873038332,0,9,138.76709569777927,0,0,0
0.3835923998497041,0,3,135.592722884859,0,0,0
0.0884653064069596,0,5,112.04601212378805,0,0,0
0.34173729534559244,0,10,123.6738091974793,0,0,0
0.16956505515109294,0,6,140.03979652673553,0,0,0
0.3873025555785743,1,9,109.42025682408192,0,0,0
0.2837179534407812,0,10,126.95984827006001,0,0,0
0.13050275851540016,1,3,91.16754316694721,0,0,0
0.23100307133433745,0,8,119.5284828088254,0,0,0
0.2814587761653494,1,10,89.87321322905252,0,0,0
0.49818954596707243,0,7,126.22036951531615,0,0,0
0.26616307749324974,1,10,106.37816672675442,0,0,0
0.11805785633823324,0,8,95.94900540391824,0,0,0
0.2998525059737496,1,8,105.25202732624247,0,0,0
0.14909565503166708,1,3,129.09919858088008,0,0,0
0.44580453013699484,0,9,143.56233968646762,0,0,0
0.4253306750993286,1,9,80.78966640870338,0,0,0
0.1078912045816964,1,5,91.74935628184207,0,0,0
0.314768883704978,0,4,129.40133381883865,0,0,0
0.36342825457825895,1,7,119.81144032148794,0,0,0
0.1632490180825715,0,10,102.34281332229696,0,0,0
0.33186881011529995,1,8,125.62342771490894,0,0,0
0.25820987274060786,1,9,140.70312938455157,0,0,0
0.26693541290677,1,7,98.058507077184,0,0,0
0.2980807488215674,1,6,113.99705241152446,0,0,0
0.30656185211302855,0,5,81.4537138907945,0,0,0
0.3694091264999947,0,9,146.2197185680942,0,0,0
0.25359253764133355,1,8,136.11506129079947,0,0,0
0.3751860239530861,0,8,115.35633757866019,0,0,0
0.2686710063111112,1,9,149.43985936544647,0,0,0
0.34826738779782673,0,10,95.41530406387567,0,0,0
0.16839946021167765,1,9,132.077938429016,0,0,0
0.2937656321701402,1,6,133.86545958008904,0,0,0
0.26059808850832494,0,4,138.1599068523164,0,0,0
0.1859883317821665,1,7,127.956741250845,0,0,0
0.07804040008265306,0,6,93.34134217439077,0,0,0
0.2795861287754088,1,10,86.39338836577335,0,0,0
0.05438977754364475,1,3,92.62500455039317,0,0,0
0.22542361406504247,0,9,140.08229656209738,0,0,0
0.2167947061964715,0,8,108.13965722940492,0,0,0
0.3351889634600313,1,3,118.23162622296528,0,0,0
0.49434302126336016,1,4,81.77610965486038,0,0,0
0.43610053948929856,0,3,114.39999702638806,0,0,0
0.48878771504488694,0,10,108.64884878332744,0,0,0
0.4779216879509053,0,8,117.41921708086898,0,0,0
0.08335073379112681,0,7,106.26914045832893,0,0,0
0.1768763228537263,1,7,85.28095409065085,0,0,0
0.18364441131048204,1,6,83.07722235921106,0,0,0
0.08195924546349637,0,4,146.4857879844862,0,0,0
0.4309927594174896,1,8,122.26730597394337,0,0,0
0.45289820127937597,0,4,125.0377390363565,0,0,0
0.32223829940171905,1,4,144.07931594163085,0,0,0
0.4509459171248201,0,10,118.56030532058475,0,0,0
0.37146612373604065,1,3,123.08869858847771,0,0,0
0.24824927441555822,0,10,116.61270104572961,0,0,0
0.11743897817862196,1,3,92.31821225247678,0,0,0
0.48132349949920816,0,6,101.80576352676823,0,0,0
0.36152541523879256,1,7,141.90379381124941,0,0,0
0.2093827590325648,0,3,111.07050308680155,0,0,0
0.10787011962424918,1,10,94.29046746907852,0,0,0
0.40953639380251544,1,10,137.96282763769716,0,0,0
0.41090673996198496,1,4,86.1113421601649,0,0,0
0.294354131980201,1,4,124.7671200229675,0,0,0
0.49998069107604076,1,9,129.00871366297775,0,0,0
0.22388913708095953,1,5,101.26378099487908,0,0,0
0.4739292273448325,1,3,91.68193549916252,0,0,0
0.333617930804537,0,9,111.38049364792917,0,0,0
0.3813900743010011,1,5,132.8522613328904,0,0,0
0.4626846729847611,1,6,142.06840905492365,0,0,0
0.4240181194460792,1,8,137.07358289264272,0,0,0
0.17990055593407184,1,7,87.66704386325927,0,0,0
0.4402556279239781,1,9,95.59436094182266,0,0,0
0.2928689349730197,1,9,123.18900145545413,0,0,0
0.07017298311209805,1,10,129.69370777910848,0,0,0
0.3532180750726835,0,10,80.61167658456388,0,0,0
0.27486394133943864,1,8,89.98016102186288,0,0,0
0.2914807056252811,0,7,86.58118355796046,0,0,0
0.23518640249224892,1,6,103.87764710782984,0,0,0
0.07883835058914404,0,8,127.65616136341617,0,0,0
0.1310960081619807,0,3,146.02359153352413,0,0,0
0.3904045705771277,1,6,86.266631615373,0,0,0
0.15540294484942013,0,5,115.42639407594234,0,0,0
0.33247701188919215,0,7,106.0726617127074,0,0,0
0.29383711852355027,0,10,107.88250903405006,0,0,0
0.14962932183799801,1,6,84.76324228508334,0,0,0
0.17625708654510946,0,7,100.18246228053181,0,0,0
0.22260542787216037,0,6,97.6719197239703,0,0,0
0.446083877220548,0,5,130.28090513717285,0,0,0
0.4735877826287159,1,8,124.93008325624336,0,0,0
0.22403996661820053,0,4,124.54173130126628,0,0,0
0.07076793475345305,1,10,116.34807770580204,0,0,0
0.3204042656809077,0,3,103.94596315773595,0,0,0
0.23790911177915702,1,4,97.06544341113054,0,0,0
0.27154188415829034,1,9,80.78986593245588,0,0,0
0.24887769111449803,1,3,90.35496314630088,0,0,0
0.34455810044735063,1,6,95.39170785018965,0,0,0
0.18699805304013534,0,6,148.28944731163068,0,0,0
0.45168412403635794,1,10,147.93161594539723,0,0,0
0.23956220577074216,1,4,133.7366312629608,0,0,0
0.20374763900676973,0,6,122.72282166631477,0,0,0
0.46532524355143634,0,6,126.81658830088594,0,0,0
0.2111643085851399,0,9,122.03843373703671,0,0,0
0.08738284954793035,1,7,125.2781100154489,0,0,0
0.1199012285629103,0,4,95.34658359940002,0,0,0
0.3714327482044907,0,9,148.36913416473655,0,0,0
0.3030464808074405,0,4,132.96469636149675,0,0,0
0.29057771326839216,1,8,96.39706096277769,0,0,0
0.08689599673398404,0,5,115.95535577313693,0,0,0
0.12383429240658574,0,3,135.24521172198456,0,0,0
0.22829650706679933,1,4,143.78120752421924,0,0,0
0.2516025589696907,0,10,106.8691149707133,0,0,0
0.21946197477989987,0,10,113.86111972655937,0,0,0
0.27623491223199864,0,7,101.69178846958224,0,0,0
0.3800967663522809,1,9,106.36055477226253,0,0,0
0.3360669509835365,0,10,95.93965443338375,0,0,0
0.32507844879972764,1,5,82.09381936101947,0,0,0
0.30100046776752265,0,9,109.14315582238746,0,0,0
0.1404177195080719,0,7,112.94050154047605,0,0,0
0.32208642100795487,0,4,134.59278387863097,0,0,0
0.12130523685430128,1,7,116.58350939562177,0,0,0
0.37081168702840506,1,3,102.84780570433621,0,0,0
0.2535293822959835,1,7,112.4269979159476,0,0,0
0.3116572768778825,1,5,135.72929641855583,0,0,0
0.4382575657317849,0,3,113.66656652733114,0,0,0
0.21789378137821575,1,8,118.86281076245166,0,0,0
0.0948931113302057,1,5,92.1099261162361,0,0,0
0.45112865275938163,1,6,80.53446987812026,0,0,0
0.2142427044684284,1,3,145.07736517418857,0,0,0
0.2329355850279664,1,3,98.7575411295477,0,0,0
0.18321056194072877,1,10,104.33025069919249,0,0,0
0.23907627089178252,1,7,88.03925969541638,0,0,0
0.2844368428619169,1,6,115.90985800769218,0,0,0
0.4294900800049201,1,8,131.59691925278173,0,0,0
0.37407212853063404,0,8,128.02469595832343,0,0,0
0.28097641021733144,0,3,139.89214803553665,0,0,0
0.3937310648640872,0,10,100.05990652807887,0,0,0
0.43150618374307514,1,8,102.02642961673371,0,0,0
0.07616686385985956,1,5,147.5901480079545,0,0,0
0.316502977979288,1,5,111.9619858565393,0,0,0
0.06947066909637986,1,3,138.4159602337984,0,0,0
0.18865197556335894,1,5,122.80514280051253,0,0,0
0.3930873211278246,1,5,92.66053604574104,0,0,0
0.40607839894250175,0,4,147.02067033669084,0,0,0
0.44772224498252383,1,8,102.71099534098089,0,0,0
0.2742070655591555,1,5,124.92540638341009,0,0,0
0.08786188289736521,1,6,97.81609537798191,0,0,0
0.10705335257360393,0,7,120.29676772306935,0,0,0
0.15993926333231392,1,3,117.87801939045141,0,0,0
0.21748221999106088,1,4,98.27267577129462,0,0,0
0.2869523715225718,0,3,149.21396190533804,0,0,0
0.34067181278504566,0,8,89.84784638454263,0,0,0
0.12312657790124291,0,8,111.01087795837068,0,0,0
0.1350358473838692,0,4,82.19642417509137,0,0,0
0.12784541411833086,0,8,127.79058044306296,0,0,0
0.38972167341102665,0,9,112.34725134220504,0,0,0
0.18593953151094317,0,3,119.20647914356007,0,0,0
0.12502013704980264,1,3,128.8955040097105,0,0,0
0.24411907475115358,1,9,133.48061187750326,0,0,0
0.16138238064807658,1,5,147.60793838457852,0,0,0
0.21618457995595147,1,5,140.4797280611187,0,0,0
0.4208063099852849,0,7,102.66632870164996,0,0,0
0.2002534930734423,1,3,130.9085313255429,0,0,0
0.12868672864354755,0,6,85.31750962102001,0,0,0
0.15460370354839925,0,5,89.53448001366348,0,0,0
0.06546077778586988,1,9,112.17288320002427,0,0,0
0.4555081983346763,0,8,112.1737180884832,0,0,0
0.36363545644174455,0,5,115.40254569997758,0,0,0
0.25851244747550617,0,8,113.2637905983118,0,0,0
0.3023891699670618,1,6,124.89650754328477,0,0,0
0.1643409414705521,1,6,146.80418131090067,0,0,0
0.23165962755080738,0,8,92.0882391359722,0,0,0
0.1939260278945732,0,5,105.02237226354796,0,0,0
0.4210445249566329,1,7,85.19858336153317,0,0,0
0.38454141485465226,0,6,93.99882360980293,0,0,0
0.1777462207507492,1,8,149.1113569787234,0,0,0
0.3930115225600895,1,6,82.76897013371955,0,0,0
0.09227012715482111,1,10,94.95744761942035,0,0,0
0.1411563125014899,0,6,109.85530231122928,0,0,0
0.09787068092590562,1,3,100.48685430907202,0,0,0
0.15721084711032265,1,6,118.1656238117204,0,0,0
0.15178724373408992,1,4,149.33126064697794,0,0,0
0.45524954370062015,0,6,129.27532944232192,0,0,0
0.19732529222776624,1,10,108.41022413457111,0,0,0
0.209848088128614,0,3,127.80557172651943,0,0,0
0.09488778135892646,1,3,141.057963306121,0,0,0
0.07969210082682088,1,5,96.03019637650024,0,0,0
0.14872439897651785,0,6,130.18506187750296,0,0,0
0.11054576233545563,0,4,122.97652323060099,0,0,0
0.2050744894914288,0,8,131.3674205014126,0,0,0
0.13371996333226727,0,7,85.89121067421303,0,0,0
0.13017709668552907,0,8,131.30591254861142,0,0,0
0.3413915072589669,1,6,135.16180444403773,0,0,0
0.47394766956732126,0,10,128.1062527695512,0,0,0
0.055616755198842835,0,8,93.8068368861575,0,0,0
0.36750023595909587,1,10,91.29410971843117,0,0,0
0.3466389524908238,0,3,131.68636590533592,0,0,0
0.31327450444442634,0,8,125.33958818933363,0,0,0
0.3615341584148755,0,5,148.85448365356936,0,0,0
0.27891477238609125,1,4,111.83217226919908,0,0,0
0.4671129800396732,1,4,96.05215257050908,0,0,0
0.12120120176007199,0,4,133.88054532379863,0,0,0
0.2630981570228908,1,3,132.3967703448332,0,0,0
0.3438672723138163,1,6,116.58921813590504,0,0,0
0.458914437285378,1,9,132.2234408688746,0,0,0
0.26934600058903196,1,6,101.7414694082176,0,0,0
0.4896483140244761,1,4,95.10042295961064,0,0,0
0.345417289992636,0,8,88.82667381129522,0,0,0
0.3646456422271382,0,4,100.33345404049757,0,0,0
0.41819324993163465,0,9,125.81965756104711,0,0,0
0.3802632368297519,0,5,98.09011121510278,0,0,0
0.2851821148112795,0,3,141.84072421259958,0,0,0
0.39767768234580725,1,5,97.48341833806974,0,0,0
0.06607982858101438,1,9,127.91134358762676,0,0,0
0.4697452806865472,0,10,116.9295280128647,0,0,0
0.4204174390318567,1,6,94.80829758121571,0,0,0
0.3369475288185809,1,10,118.9337918883559,0,0,0
0.08093951241414737,1,4,146.83131799774532,0,0,0
0.1827157317375946,1,6,146.09242727974475,0,0,0
0.16413268446775872,1,6,100.41158363430227,0,0,0
0.16566124204636373,1,4,117.55419833053342,0,0,0
0.35244605207783913,1,6,90.55991393878158,0,0,0
0.4442622682515986,0,6,112.83249571029398,0,0,0
0.35673361185687796,0,8,102.50464385072556,0,0,0
0.2249418809105747,1,6,145.0638199670079,0,0,0
0.4861563894631294,1,3,124.28771412993655,0,0,0
0.43816206044578243,1,6,92.94492021749514,0,0,0
0.3584382842165163,1,9,149.46373326822751,0,0,0
0.2288595420013521,0,3,128.592282557189,0,0,0
0.3577223485187841,1,10,89.42728062478605,0,0,0
0.23359780087341114,1,4,135.9686184981041,0,0,0
0.11983415209917912,1,3,119.02908725330906,0,0,0
0.328475617066009,0,4,108.01828840843035,0,0,0
0.36414602835384174,1,5,93.74220530627356,0,0,0
0.20718667664238705,0,5,99.45493891745785,0,0,0
0.46818851780307624,1,9,91.7080390111726,0,0,0
0.43441680261282645,1,7,136.23484969662198,0,0,0
0.31228364406965453,1,8,99.1082492024675,0,0,0
0.0771060922967656,1,10,112.89733103702113,0,0,0
0.057747126795915565,1,4,147.7540016121362,0,0,0
0.3379488270481137,0,4,149.61900473257896,0,0,0
0.4162126460589,0,10,135.3887683943239,0,0,0
0.27515877505300496,0,9,135.92374414007705,0,0,0
0.06056956767624011,0,3,146.13928340638657,0,0,0
0.1151729967713582,1,4,135.77760382688092,0,0,0
0.1450602166402677,0,5,111.56659225469602,0,0,0
0.3324900801730418,0,3,84.22176344258975,0,0,0
0.26872678667000854,1,7,94.58589322802024,0,0,0
0.09599305666948596,1,8,111.11844875707928,0,0,0
0.2757534820479313,0,5,98.57871154959905,0,0,0
0.44127177051100713,1,4,103.04278509344185,0,0,0
0.2476017529473658,1,6,84.12515374438215,0,0,0
0.1173930796600689,0,10,118.64901525373229,0,0,0
0.3101035525055745,0,8,104.6105982156704,0,0,0
0.46822367520422814,1,10,98.11882149758958,0,0,0
0.10215969991514877,1,7,122.72611781466344,0,0,0
0.12038348669410148,0,3,99.37440376161898,0,0,0
0.30507922005549953,0,3,113.3384255430725,0,0,0
0.202998523120965,0,4,97.2481519927943,0,0,0
0.45300227506774676,0,7,127.63599129475213,0,0,0
0.3707437536008882,1,4,139.79070506421562,0,0,0
0.11618951278138852,1,5,85.71974151790117,0,0,0
0.4418232740207232,0,10,137.38952138849507,0,0,0
0.33903141879624576,0,3,139.61887150783946,0,0,0
0.2721354523057795,0,3,147.54494540936327,0,0,0
0.16544589909561078,1,6,137.94865425938087,0,0,0
0.3423697735609529,1,9,118.66735788657192,0,0,0
0.4543186253050498,1,9,84.91778581591899,0,0,0
0.06731431578326026,0,5,85.2114123405838,0,0,0
0.21881750189542937,0,5,93.76905385464843,0,0,0
0.4710467804842838,0,7,111.29698019576674,0,0,0
0.22230925062965196,1,9,146.88077467098043,0,0,0
0.0661416357624199,1,4,92.27475556036491,0,0,0
0.09564985576699173,0,10,117.71581273871124,0,0,0
0.3608420155607405,0,9,149.8649619436883,0,0,0
0.3650542295656786,0,5,80.96445399309889,0,0,0
0.10177026736580758,0,8,83.28875664000691,0,0,0
0.14864720474098214,1,8,98.89386787804533,0,0,0
0.3037428224036688,0,3,95.76037656716711,0,0,0
0.35893984315284894,1,6,114.90209960797912,0,0,0
0.12055561054142926,1,4,109.43164016977543,0,0,0
0.25537205382845674,0,3,120.85503701391875,0,0,0
0.3029158393151564,0,6,90.29541926017019,0,0,0
0.07236659030793008,0,8,128.00898753268098,0,0,0
0.1506904209487405,1,7,95.02855960615604,0,0,0
0.4635030818988676,1,3,111.63943182544386,0,0,0
0.4459916989091816,0,9,82.33450899083564,0,0,0
0.19511740238252168,0,3,135.8502401650321,0,0,0
0.4405896862226809,1,6,123.89749076365997,0,0,0
0.33464839951134795,0,7,94.61408956258867,0,0,0
0.491729978068052,1,10,122.12260840672357,0,0,0
0.48479852609773133,1,9,110.59051841231164,0,0,0
0.3276220098562951,1,4,137.83874269817184,0,0,0
0.2605277440914202,1,6,148.86043192199492,0,0,0
0.11402636109741805,1,9,88.7164314304787,0,0,0
0.28865781495090814,0,4,114.30746279076473,0,0,0
0.2292344041682543,0,10,98.06160930636042,0,0,0
0.3405231007589337,1,7,132.4777518715539,0,0,0
0.09027089436790027,0,8,82.4124329220468,0,0,0
0.42571299215335356,0,8,118.12025485585366,0,0,0
0.4852015212285538,0,10,139.9966666550992,0,0,0
0.1442132241856609,0,8,107.25004351321287,0,0,0
0.3347526411064546,0,6,138.65278553771583,0,0,0
0.41087229447309764,1,7,90.28232915261901,0,0,0
0.29948417860527865,0,8,144.2827967156909,0,0,0
0.470946605691593,0,7,135.4016705338291,0,0,0
0.28033996136168127,1,3,107.3768938281738,0,0,0
0.17174632631016976,1,10,89.14394394453682,0,0,0
0.2622200868864242,0,5,116.42958805669095,0,0,0
0.2695398148090457,1,8,126.92983971000643,0,0,0
0.16417015965978526,1,7,89.02485785229015,0,0,0
0.4041287560729349,0,3,145.32220328775472,0,0,0
0.3279859769816611,1,10,133.3891215560915,0,0,0
0.21666580596735524,0,3,146.61419398076401,0,0,0
0.2397453026068142,0,10,100.94703581887698,0,0,0
0.21726550336477718,0,10,110.34011808451771,0,0,0
0.251554341959796,0,7,96.80764779762355,0,0,0
0.2876425522074539,1,10,99.16484426591346,0,0,0
0.198917137473602,1,9,90.17006870466739,0,0,0
0.4181705484809421,0,10,88.76651880974357,0,0,0
0.46776520767803625,0,9,126.95491074744112,0,0,0
0.2852601347579352,1,10,90.98603295772322,0,0,0
0.37011325725679534,0,9,89.34045846005924,0,0,0
0.46874263130450744,0,10,117.42100075040024,0,0,0
0.13637278314154783,1,3,129.27986540958858,0,0,0
0.13537514233611347,0,6,134.4626924502504,0,0,0
0.08267496347584628,1,6,120.6167326929615,0,0,0
0.24894634661138326,1,10,94.109299057674,0,0,0
0.19901635861464312,0,6,120.12610762001313,0,0,0
0.3022403236063595,1,6,123.80581359177418,0,0,0
0.2529809122879351,0,9,98.06681996643673,0,0,0
0.13558725851397332,1,8,90.11397133769056,0,0,0
0.22603114169033467,0,7,144.7955491786078,0,0,0
0.06300357594214819,1,10,86.7163014947338,0,0,0
0.2918231403029226,0,9,99.40269854349962,0,0,0
0.17197706663864193,1,8,96.2013807940668,0,0,0
0.10056147557770627,0,10,142.43890210863503,0,0,0
0.07963558877759148,0,3,115.13715374531192,0,0,0
0.371502008304506,1,7,146.96056262580413,0,0,0
0.16130323282943024,1,3,137.97534631435013,0,0,0
0.34645863927794224,1,9,132.8409798171068,0,0,0
0.4169788316978354,1,4,92.37456431247092,0,0,0
0.27499358714637456,0,7,104.10476350333595,0,0,0
0.1098736946493025,0,9,137.41892685825985,0,0,0
0.3265465403968534,1,8,148.84715474464278,0,0,0
0.08222338136799606,0,3,141.4544554244379,0,0,0
0.41771458929414135,1,6,146.38885159998944,0,0,0
0.3926930962667963,0,9,124.92948439215411,0,0,0
0.23093752471613177,0,10,113.7972085036591,0,0,0
0.17109286564923404,1,10,116.03050719882198,0,0,0
0.36929950419266006,1,9,112.09442626541119,0,0,0
0.30524441402109503,0,5,90.8409257652319,0,0,0
0.1152914730931916,1,9,101.40334592132346,0,0,0
0.39163418300136943,1,4,86.32618625691184,0,0,0
0.20028882735244086,1,5,86.19921134493121,0,0,0
0.452231371660576,1,5,101.8284146295916,0,0,0
0.42326076426864173,0,6,126.62880950221908,0,0,0
0.1741159310450166,0,10,122.95970469126111,0,0,0
0.16486418249112877,1,9,119.162414381651,0,0,0
0.22905027833679498,0,10,132.4252593184453,0,0,0
0.4120174253469336,0,10,109.588411905133,0,0,0
0.10879432842130654,1,3,110.94713179196265,0,0,0
0.19222296853729237,0,10,116.26128843204523,0,0,0
0.3465985747624358,1,10,84.6613378209736,0,0,0
0.06507075034020997,1,8,120.71844865329771,0,0,0
0.07515506956707028,0,3,132.51675575200858,0,0,0
0.39297699393921826,1,8,98.4549665367171,0,0,0
0.2850542966579021,0,8,139.83697149929833,0,0,0
0.300921046676122,1,3,98.63514551770106,0,0,0
0.16198878622872087,0,4,115.92494502545293,0,0,0
0.28930259713130313,0,9,141.21320319226444,0,0,0
0.295252557787132,0,4,131.668999682181,0,0,0
0.23619713111913127,0,5,120.32891999776717,0,0,0
0.4839904662589382,1,7,123.59119923413982,0,0,0
0.07216880680256131,1,9,87.62205813122682,0,0,0
0.23671761991553536,0,5,128.95249366119756,0,0,0
0.435868994027072,1,3,122.83480442076115,0,0,0
0.14282139889609818,1,9,85.91739741960473,0,0,0
0.4707488651486417,1,10,88.70161905558048,0,0,0
0.24147086885097796,1,9,147.97038432333363,0,0,0
0.12046953858972026,0,6,92.4678047431147,0,0,0
0.09189481442795586,0,8,142.70411191775887,0,0,0
0.19718131200239264,1,4,99.30837170953622,0,0,0
0.4638757715638075,1,8,107.72850210847822,0,0,0
0.4725930255269971,0,7,118.88425034424424,0,0,0
0.30346901646419494,1,8,123.81077926309578,0,0,0
0.10318564214973584,0,8,114.84453648114467,0,0,0
0.25546661100790463,0,10,104.39063725016553,0,0,0
0.23799186150859242,1,9,114.9081168600296,0,0,0
0.1539805853606927,1,3,129.04811502814118,0,0,0
0.08421455014325108,0,8,107.7538153942204,0,0,0
0.2217082134110066,1,8,118.16721537295308,0,0,0
0.2173348008592514,1,7,106.54212754520715,0,0,0
0.366790864512174,0,7,103.09487399034519,0,0,0
0.22740190416425032,1,3,100.91730232763396,0,0,0
0.055910190399067666,0,5,95.67677910577127,0,0,0
0.059008409748080526,1,9,133.25390389524546,0,0,0
0.3593819608533657,1,3,148.87275352105738,0,0,0
0.34735359583504155,0,10,82.02956717672211,0,0,0
0.12215857299676988,1,4,93.72439527646743,0,0,0
0.43980127575008315,0,9,147.49748640458347,0,0,0
0.34818023213043103,0,4,103.92426399737971,0,0,0
0.11932475856219138,1,3,107.22821699392836,0,0,0
0.1794258115560387,1,7,126.40774467055576,0,0,0
0.48814827540738587,1,9,104.68796320955471,0,0,0
0.2334858889052387,0,3,114.48903186602789,0,0,0
0.1565474587725837,1,5,143.05036770627538,0,0,0
0.2858586619611681,1,5,119.53486673768073,0,0,0
0.14249827978618967,0,10,126.68162689246606,0,0,0
0.40627260406711024,0,5,95.19586387395152,0,0,0
0.40743602796793293,1,3,98.30166442026524,0,0,0
0.4103794331367283,0,10,142.40903039437163,0,0,0
0.32777121826884853,0,3,144.23076593007778,0,0,0
0.3623202018468013,0,6,136.488540840814,0,0,0
0.19463149889488984,0,4,88.54457083691459,0,0,0
0.4454995736641412,0,5,137.29727414163406,0,0,0
0.1148727702137059,0,9,81.34594088102071,0,0,0
0.16451921088335603,1,4,121.75881178990534,0,0,0
0.49670913232603375,0,8,127.26836430526643,0,0,0
0.48217852130245986,0,7,109.84818422885174,0,0,0
0.2784292873888453,0,8,113.54494229954341,0,0,0
0.2745984806089983,1,4,131.92945165431217,0,0,0
0.10256917041690396,0,5,142.64136572282695,0,0,0
0.3468425000784154,0,3,93.25364566589725,0,0,0
0.06396460589350593,0,10,89.69392879353505,0,0,0
0.191455906660158,1,10,124.09944521940562,0,0,0
0.2382757478830187,1,6,96.15317187358565,0,0,0
0.4522933650268302,1,7,93.59572979251912,0,0,0
0.4858036984075418,0,4,94.24439344981467,0,0,0
0.48829912115096813,1,10,93.77869992109389,0,0,0
0.409476652838229,1,9,113.39826807210073,0,0,0
0.18049871069068474,1,3,147.507296101216,0,0,0
0.0704078312715395,1,7,137.9648990798839,0,0,0
0.2415279493596728,0,4,118.0334915008145,0,0,0
0.1838283204961913,0,7,85.68156770876804,0,0,0
0.34483552386001454,0,8,127.10520199676849,0,0,0
0.2169762606897903,1,6,111.57997195613873,0,0,0
0.45084018060675074,0,6,134.4851953347558,0,0,0
0.21831485363830988,0,8,114.57701434224322,0,0,0
0.22009827869379323,1,4,126.77916168374668,0,0,0
0.3916034218105031,0,3,94.00346726159329,0,0,0
0.31551210865166057,0,6,138.32508032251963,0,0,0
0.16487979380122497,1,6,134.55968428389204,0,0,0
0.35451030308158776,0,5,106.18101804959089,0,0,0
0.30334717089188357,1,6,147.4550908076911,0,0,0
0.09682674467234151,0,3,91.22763430265239,0,0,0
0.2602687273498136,0,8,81.40092809218051,0,0,0
0.46341683194109673,0,9,133.4196215807893,0,0,0
0.1453070857511836,1,5,122.03970421249547,0,0,0
0.23657775241493734,1,8,87.76451488531661,0,0,0
0.17417739978775082,1,4,91.16546515282442,0,0,0
0.29161413654362095,1,6,89.1615176120644,0,0,0
0.48880082712276746,0,5,91.6797207461953,0,0,0
0.18943441479219875,0,10,112.29851180272838,0,0,0
0.42477584547185404,0,6,83.56736092144358,0,0,0
0.4272331424250097,0,8,116.35705527803123,0,0,0
0.1667370351048122,1,4,122.37613694815605,0,0,0
0.39767299448861165,0,10,130.91577203846433,0,0,0
0.4946548775043562,1,8,146.22232402964875,0,0,0
0.4793094795553422,1,3,85.77339885860029,0,0,0
0.3225831912527315,1,5,82.46105121413103,0,0,0
0.11828262638064399,0,7,89.73970341275584,0,0,0
0.10370384760344518,1,6,103.6120292927342,0,0,0
0.1700694645602935,1,9,116.7753199965872,0,0,0
0.3205908361239627,1,7,80.3000126267168,0,0,0
0.22380151010824612,1,7,128.4658770396325,0,0,0
0.3645594204208993,0,6,146.98176964133813,0,0,0
0.4045002756114121,0,9,97.4845246812304,0,0,0
0.131189737320284,1,8,80.61579274559196,0,0,0
0.45738234947170514,1,8,132.72717372172008,0,0,0
0.07725786548491576,1,8,133.90352238411646,0,0,0
0.16921768166609572,0,8,83.04565721261271,0,0,0
0.4166600305659244,1,9,123.21256044572856,0,0,0
0.1326794980949212,0,4,96.99878083329557,0,0,0
0.14906193109946228,1,7,124.30122623781656,0,0,0
0.4890453629789739,0,4,130.84649791463886,0,0,0
0.46056395198324573,1,5,95.59202501976198,0,0,0
0.4157417021330906,1,5,98.25317055393782,0,0,0
0.12821048823488926,0,4,122.81020361286471,0,0,0
0.16481221637212234,0,7,120.75838317059728,0,0,0
0.1558254689299744,1,6,142.03167108653025,0,0,0
0.13510595247246537,0,6,115.72579083103645,0,0,0
0.48670092929457626,0,9,135.98371637503777,0,0,0
0.1247126773461109,0,5,131.2404957035731,0,0,0
0.386020928354583,0,3,126.59899996497819,0,0,0
0.07295664491468103,1,9,93.42410844940858,0,0,0
0.2947128734822701,0,4,99.34523049559951,0,0,0
0.08188246920156159,1,10,119.67386381503253,0,0,0
0.0777890896629692,0,8,84.61605653950517,0,0,0
0.15360462222549592,1,5,83.15345735752841,0,0,0
0.4665215268941971,1,7,83.48719068939202,0,0,0
0.33747357528123667,1,10,144.4915384548874,0,0,0
0.3431306768092225,0,10,128.22149894915736,0,0,0
0.18394505935132022,0,6,138.57330537656537,0,0,0
0.37562741332943217,0,3,147.43917836587678,0,0,0
0.356698623211479,1,3,129.06783948357662,0,0,0
0.25775844803624165,1,10,116.07249052814207,0,0,0
0.3571724321798141,1,8,113.53125360967394,0,0,0
0.44021094784468845,1,8,132.22190405281654,0,0,0
0.4821713118467292,0,8,140.75280744573405,0,0,0
0.4984672568055621,1,9,138.07312875573197,0,0,0
0.2697404707809999,1,7,114.50617238001786,0,0,0
0.06473891733082433,1,6,134.14563257160626,0,0,0
0.15313016793052706,1,4,113.3610513504401,0,0,0
0.13858202249231735,1,5,106.90699226154643,0,0,0
0.18524243753931252,0,9,100.83700938272275,0,0,0
0.21222597310147912,1,3,83.81819567058336,0,0,0
0.3509047709262567,0,4,94.0813777180714,0,0,0
0.286560031677433,0,9,131.10049383622558,0,0,0
0.34238506262394525,0,8,92.01975731229821,0,0,0
0.48732779549048366,0,4,143.08239388961513,0,0,0
0.07208237941496239,0,3,85.50078512228858,0,0,0
0.05647940625847139,0,4,83.57888135925108,0,0,0
0.3494774484774575,0,3,113.67577363811148,0,0,0
0.29581419426792027,1,5,95.5864762111893,0,0,0
0.2672371233744432,1,9,87.20670580911546,0,0,0
0.43399738142688565,1,9,84.19075626545357,0,0,0
0.1214940884992282,1,5,116.91075717593753,0,0,0
0.30812871560333405,1,5,98.16249442429705,0,0,0
0.46936722029500605,1,9,118.90364910945556,0,0,0
0.2506340860078133,1,6,90.3808450376433,0,0,0
0.31096206804160287,0,4,81.7096820072471,0,0,0
0.08149970961137738,1,8,81.90814519907732,0,0,0
0.2071323753030067,0,6,87.8870993520186,0,0,0
0.06862923819451526,0,10,135.7229693683098,0,0,0
0.3075693454187029,0,10,111.39598059707421,0,0,0
0.31571336510493864,0,9,123.67023082588845,0,0,0
0.47787814780334853,0,10,141.24926072287735,0,0,0
0.33728271048072156,1,7,94.8823407795157,0,0,0
0.051342334540581486,1,7,140.99440221349386,0,0,0
0.42495547826251956,0,3,132.19448271272216,0,0,0
0.19834532658413884,0,4,131.03126775479043,0,0,0
0.3714222619830523,1,4,140.95157180714284,0,0,0
0.16881283674848,1,10,88.81143810878164,0,0,0
0.39210117142866274,0,5,117.83507930721984,0,0,0
0.4673708028526711,0,7,113.84733252082187,0,0,0
0.08569357373170072,0,6,126.4799676835595,0,0,0
0.29496287847519814,1,9,96.65922059441412,0,0,0
0.29318090825264104,1,5,88.91283819897919,0,0,0
0.1788969750375869,0,10,148.14108237553975,0,0,0
0.20375346150196072,0,7,112.5977067144108,0,0,0
0.3542723456099465,1,4,96.24142007075645,0,0,0
0.18167498547558936,1,6,89.00592899032043,0,0,0
0.06378224307617071,1,5,121.55187929308627,0,0,0
0.3961337905511999,0,8,90.34335870971701,0,0,0
0.3313368096234238,1,5,92.81298447356349,0,0,0
0.16270467596375338,0,3,146.6506916568286,0,0,0
0.48269344658292823,0,9,82.04159638875127,0,0,0
0.4542926134161563,1,10,93.0781156410467,0,0,0
0.48396913567868466,1,5,126.98533057941829,0,0,0
0.2805063480235838,0,9,95.18258144947234,0,0,0
0.15582492004704662,1,3,92.73580030814522,0,0,0
0.12822312986161508,1,5,118.95501783469881,0,0,0
0.4768355832564443,0,3,128.71694933107977,0,0,0
0.4508728712180654,0,6,110.14429220120856,0,0,0
0.3834218378317404,1,7,134.69014991112593,0,0,0
0.2797316747452213,1,10,137.06470392982902,0,0,0
0.2229834002212432,1,9,123.61589886333991,0,0,0
0.36655030461729243,0,10,120.44733194389619,0,0,0
0.05428800811830364,0,8,137.14135769376043,0,0,0
0.28592492460324914,0,6,81.0520958781833,0,0,0
0.3553968946868999,0,10,115.74443775659252,0,0,0
0.3891919928217217,1,3,89.01128011256559,0,0,0
0.25298651353479096,0,9,95.50897338944964,0,0,0
0.3853126325670887,1,10,146.42994669469002,0,0,0
0.09312876502420156,0,3,80.25971670795751,0,0,0
0.15497359135382355,1,8,101.4909812211054,0,0,0
0.11507572371063533,1,10,90.80527087475654,0,0,0
0.20292707031396,1,8,119.92918457574179,0,0,0
0.2048868616360192,1,10,139.09819452706037,0,0,0
0.21827284850621864,1,5,107.36221537337688,0,0,0
0.25962120118941223,0,8,138.60297839321711,0,0,0
0.2463501809646148,0,9,110.81655171332334,0,0,0
0.27071236894938216,0,3,143.6330765448314,0,0,0
0.3886684990269438,1,7,139.28614741289118,0,0,0
0.11390753256413864,0,10,92.51736525109361,0,0,0
0.20781795884022675,1,6,141.95448196143235,0,0,0
0.05006076892475806,1,9,93.47948591722977,0,0,0
0.0627031354375674,1,8,114.32763230309104,0,0,0
0.32288942672716225,1,5,93.7202736220555,0,0,0
0.44420069822029,1,5,107.05237321733006,0,0,0
0.18765937044162473,0,6,148.99230013484149,0,0,0
0.2308529950880837,0,6,133.55981333447104,0,0,0
0.14444438817985353,0,7,118.78516395821003,0,0,0
0.11425985118483618,1,8,145.4834971138153,0,0,0
0.44784418918485325,0,6,105.17924624217908,0,0,0
0.30745400586530225,1,8,92.12441023020106,0,0,0
0.36719365237262946,0,8,138.02668276246084,0,0,0
0.44685116172343425,0,10,80.8522752655702,0,0,0
0.3147769761316244,0,9,136.3216777714882,0,0,0
0.13112786781592517,1,7,81.53000171149117,0,0,0
0.3709925710881604,0,4,99.90663018990006,0,0,0
0.3865127225248559,1,5,104.88497658773332,0,0,0
0.236276857748136,1,5,102.29703888132737,0,0,0
0.327566311985938,1,5,97.04024275189475,0,0,0
0.26804742524673864,0,10,87.572492253559,0,0,0
0.1998497379340038,1,7,80.22260499436874,0,0,0
0.352587252632374,0,10,134.2298294019739,0,0,0
0.16135357949284884,0,3,111.9841024068692,0,0,0
0.19736186021118318,0,8,91.33608580844466,0,0,0
0.2325599376564142,0,7,85.75239206388014,0,0,0
0.3265791141386259,1,9,99.49064604225757,0,0,0
0.4334918391448638,0,6,104.8061886397995,0,0,0
0.3267124820957039,0,7,112.29928988324176,0,0,0
0.37673661086136656,1,5,87.07374581028812,0,0,0
0.1816957832534848,1,8,148.5946337370636,0,0,0
0.31433677573222146,0,4,98.81224176090373,0,0,0
0.09673329624518823,0,8,110.89071260960773,0,0,0
0.25847240035790414,1,6,129.6310801414014,0,0,0
0.3604454762678952,0,9,101.71332096039424,0,0,0
0.13087513472861412,1,3,85.77478727714781,0,0,0
0.45594368567303073,0,4,106.35783189016598,0,0,0
0.23773670870980818,1,7,118.70109018974057,0,0,0
0.35201383954557686,1,5,138.9227743897547,0,0,0
0.2614525241386844,0,5,105.75482552200789,0,0,0
0.37951617584879166,1,10,142.26646723707023,0,0,0
0.3129364586359406,0,10,118.22527481220592,0,0,0
0.10515760368313468,1,3,130.2240648836093,0,0,0
0.4661215122813759,1,7,82.1116119993878,0,0,0
0.3470272901993694,0,8,142.70091259371753,0,0,0
0.26243255698318946,1,9,94.94129559725121,0,0,0
0.35447218815063636,0,4,102.81080638334195,0,0,0
0.16740318085882278,0,9,116.65586935200034,0,0,0
0.3960323997967257,1,8,147.18809182812862,0,0,0
0.2350514338383155,0,10,104.1972576796357,0,0,0
0.412265306617954,0,8,95.43512186392225,0,0,0
0.17332393354120013,1,9,147.25090354071662,0,0,0
0.4056259860254436,0,3,136.59250362400024,0,0,0
0.45801129512402505,1,4,126.43941534595126,0,0,0
0.4913693490400273,1,7,108.67454465647963,0,0,0
0.3995194942218537,1,5,109.43184859450346,0,0,0
0.3668059496641055,0,4,146.5469309681617,0,0,0
0.2839738856041564,0,8,84.82709497361725,0,0,0
0.09758042957714057,0,10,133.02501438746626,0,0,0
0.3019342553337661,1,7,122.0805334193817,0,0,0
0.3034638594338655,1,7,147.79046682312548,0,0,0
0.07913023739674996,0,7,119.0883719818622,0,0,0
0.3607817987146354,0,6,99.63780206534116,0,0,0
0.11702409714332693,1,8,134.59431440634967,0,0,0
0.31847536519376274,0,9,148.9940005065646,0,0,0
0.26268495414958176,0,3,143.52175587338266,0,0,0
0.4437744180439421,0,5,100.63174524142288,0,0,0
0.15450999821341682,0,4,104.24452039445342,0,0,0
0.12704316312058092,1,9,132.8374134634048,0,0,0
0.2980270012110195,0,8,121.87333422016869,0,0,0
0.2571093193549949,0,8,80.81289332546632,0,0,0
0.12258390144490386,0,8,89.93031535474648,0,0,0
0.326170481855645,1,7,85.98444374921728,0,0,0
0.45761781134043394,0,9,92.51101015580215,0,0,0
0.3831142274192077,1,4,101.3436829508605,0,0,0
0.14430066320725887,1,8,147.7039683092905,0,0,0
0.1572827691520355,0,9,127.35285336960635,0,0,0
0.30090255462815446,0,4,83.83329017042139,0,0,0
0.3548827129138523,0,8,122.51555915562444,0,0,0
0.49054794434844606,1,3,110.56650080618712,0,0,0
0.09716890609077841,1,4,132.78277498883412,0,0,0
0.2958552162206493,0,6,141.87496388166377,0,0,0
0.4943184572263371,0,10,84.56492582684605,0,0,0
0.09990355407534635,0,5,148.59527626416318,0,0,0
0.48765589248952523,1,6,84.05336789793452,0,0,0
0.2579800713241279,1,9,131.26613442927865,0,0,0
0.3728253472006567,0,9,143.21923881159188,0,0,0
0.2413721694178677,1,8,132.62034222313818,0,0,0
0.4284698508313918,1,3,90.55525811684859,0,0,0
0.4588330502840195,0,9,94.55949091494843,0,0,0
0.12499933283796971,0,5,82.8825348547562,0,0,0
0.3862590609242833,1,7,89.17503445410155,0,0,0
0.05933278800519473,0,8,84.27115405255253,0,0,0
0.1745870640395854,0,5,83.75471324317849,0,0,0
0.2985541296091386,1,8,119.34783060040499,0,0,0
0.32144226952227295,0,7,85.36901248293636,0,0,0
0.21436990268702932,0,4,109.75431488611976,0,0,0
0.17169718321530753,0,4,129.6764084184082,0,0,0
0.12724257176213893,1,9,81.05943299971578,0,0,0
0.15787070004624298,1,3,124.72143193570182,0,0,0
0.10860218149431815,0,6,133.00287064499125,0,0,0
0.16752472406836091,0,6,117.5669065985623,0,0,0
0.41957569639572034,1,6,113.2914221875742,0,0,0
0.17938502433080816,0,6,131.15886047384294,0,0,0
0.4584600248228219,1,10,117.08128353184742,0,0,0
0.160353102518067,0,3,115.64981266270459,0,0,0
0.2713837511621399,0,10,136.1271463702937,0,0,0
0.12540645524932492,0,8,138.62883318575103,0,0,0
0.057692606879826525,0,10,105.78927705198893,0,0,0
0.33149310644324304,0,8,109.08353651854034,0,0,0
0.2019946125997547,0,10,136.0532160518261,0,0,0
0.20528378733190816,1,3,118.14076621760162,0,0,0
0.23348845666164736,0,8,128.0769396496093,0,0,0
0.3999918276789153,1,8,85.26225256530472,0,0,0
0.22988371282336173,1,10,86.67581176909987,0,0,0
0.08888303900646194,0,3,117.22610106010617,0,0,0
0.17543911966367914,1,7,137.34592809581108,0,0,0
0.30925814567996446,0,7,102.15794650354347,0,0,0
0.4970691071923542,0,3,147.24425843849184,0,0,0
0.11441614490718385,0,7,133.22277284544745,0,0,0
0.19555321851266994,0,6,134.71981619207466,0,0,0
0.26851698175811933,1,6,138.3823758753907,0,0,0
0.47508963189998427,0,8,97.81417394061307,0,0,0
0.0987898747379673,1,8,103.12279197822495,0,0,0
0.4072198785399717,1,8,88.29022561250756,0,0,0
0.3753296045476752,0,6,106.62490754875515,0,0,0
0.1878970458404008,0,10,82.50825144119491,0,0,0
0.39818914655406756,1,4,132.6041244163369,0,0,0
0.3086932360089674,0,5,136.17899837650714,0,0,0
0.12711210067650922,0,6,94.95357331101332,0,0,0
0.17858287096405706,1,5,114.29293235602245,0,0,0
0.1977531359111181,0,5,127.03949452089151,0,0,0
0.19536323120970345,1,10,131.9778372198458,0,0,0
0.38586442152983275,1,4,147.86068255850518,0,0,0
0.3471326767249881,0,7,94.04573069166338,0,0,0
0.4189348202285435,1,6,97.27067361094231,0,0,0
0.27985812803613996,0,3,139.77153901339648,0,0,0
0.20773924558599027,1,4,86.80492514987041,0,0,0
0.08048807023162856,1,5,135.01175838765067,0,0,0
0.40747658776574797,1,6,89.33385052109546,0,0,0
0.08364604734294237,0,6,112.51294984562988,0,0,0
0.18565906049405967,1,7,121.45702068874031,0,0,0
0.3509976425700946,1,6,133.75143037288672,0,0,0
0.39387664140135265,0,9,88.01707702844995,0,0,0
0.08083074867963118,0,5,137.6840664450213,0,0,0
0.3234279577748588,0,9,139.53902806636157,0,0,0
0.11171250984321036,1,10,135.54496284056515,0,0,0
0.3907579839786179,0,8,145.61178741326705,0,0,0
0.3784337767610592,0,3,141.05576017650895,0,0,0
0.386625906074875,1,10,133.7585106956874,0,0,0
0.07869090778605464,0,9,120.55350737509045,0,0,0
0.30174137614758134,0,7,136.60372049587042,0,0,0
0.15838232676299802,0,5,148.273300902317,0,0,0
0.2731135722133495,0,8,124.6123474153394,0,0,0
0.49523509889816875,1,7,96.9823586337233,0,0,0
0.09071281221569003,0,9,97.34921089429699,0,0,0
0.3173234102814823,1,8,135.71910699202374,0,0,0
0.12424978944557513,0,9,149.26149694285718,0,0,0
0.27952291458694095,0,10,94.72182841539777,0,0,0
0.2844050655471483,1,9,147.90592876291527,0,0,0
0.2553015554270816,1,5,98.78024068600162,0,0,0
0.3378269817243166,0,10,108.89620504984488,0,0,0
0.4883868259548494,1,9,143.570729419276,0,0,0
0.4123484159412935,1,6,147.32701271558608,0,0,0
0.4813356455854114,1,3,119.68680867999576,0,0,0
0.1352538356776413,1,10,146.50633286236842,0,0,0
0.49695321300106954,1,7,138.96933549900524,0,0,0
0.18732369668068166,0,6,140.64768728197322,0,0,0
0.06537455256362666,1,7,140.7773835295596,0,0,0
0.24630624260261214,1,3,107.03741661365794,0,0,0
0.16078866288835902,0,9,82.14662483698365,0,0,0
0.39295424322761197,0,4,91.52565867574825,0,0,0
0.08912358689128289,0,5,85.21278573373273,0,0,0
0.29660144313013587,1,7,96.96787368407146,0,0,0
0.18022850263740586,0,8,83.87057319678806,0,0,0
0.14302992119899283,1,3,99.38585158803095,0,0,0
0.44403740644816175,0,7,121.22720523344009,0,0,0
0.28197735728429835,0,4,89.87419096334551,0,0,0
0.1964500578806614,0,10,102.1019969056229,0,0,0
0.3857530532288175,0,5,95.6895206004378,0,0,0
0.43393572004916137,1,6,86.65715444362289,0,0,0
0.24893952772178174,1,7,127.32690118449793,0,0,0
0.13195582032749836,1,4,142.51184370068782,0,0,0
0.49745199179120014,1,4,130.1195050989296,0,0,0
0.21153930755706635,1,10,127.89499887427874,0,0,0
0.14247696576952223,1,7,148.8112772625642,0,0,0
0.09648908827934849,1,4,131.1892572680093,0,0,0
0.10573427126361844,0,8,83.29718285743996,0,0,0
0.474369210863773,1,10,95.2772515405046,0,0,0
0.4759971820607855,0,9,124.62234819100627,0,0,0
0.2785698488849122,0,6,124.73310367968605,0,0,0
0.3614608724407541,1,8,138.28188920202274,0,0,0
0.4246886947741921,0,10,91.1184369215969,0,0,0
0.3008545617532755,0,5,148.68517676749136,0,0,0
0.3501415579000796,0,9,116.14036836206026,0,0,0
0.48513827082720234,1,10,144.42887131041954,0,0,0
0.12764131253825234,1,5,117.05401172334393,0,0,0
0.11245258896129305,1,10,93.08403627401998,0,0,0
0.38886429509101844,0,3,104.57131797006652,0,0,0
0.36649779010428635,1,5,95.48164237705757,0,0,0
0.1336784972090781,1,5,98.4957858371746,0,0,0
0.18608666683249447,0,3,142.32504891734163,0,0,0
0.3583647788705795,0,7,106.41762153311804,0,0,0
0.272464383389597,1,7,92.78696683247635,0,0,0
0.45206381260658784,0,6,105.5179634630789,0,0,0
0.4267196145034567,1,9,123.2080352894187,0,0,0
0.26920389468385136,0,4,94.0620284068091,0,0,0
0.3500890090994865,1,9,83.56867354397217,0,0,0
0.33955747753165244,0,8,141.0484023342813,0,0,0
0.09143539411660648,1,10,96.74542260155741,0,0,0
0.24151633869596717,1,3,145.54540042683684,0,0,0
0.2479465707122524,0,10,83.30008327753477,0,0,0
0.45381526256722665,0,3,125.55867471341915,0,0,0
0.4483763255110363,0,8,126.56697698166232,0,0,0
0.07593596150791863,1,9,90.92197327760208,0,0,0
0.43032604128218427,1,4,126.56624363305528,0,0,0
0.3252571128888716,1,3,107.1346304198616,0,0,0
0.05730168523393067,0,3,106.72382822031308,0,0,0
0.2217435565437757,1,4,141.4235653689488,0,0,0
0.4496407050286149,0,4,146.66901891434358,0,0,0
0.2112051195574593,0,10,91.90797527211426,0,0,0
0.3544009401292333,0,4,127.88692966063682,0,0,0
0.30454853312771085,1,9,90.82971090034863,0,0,0
0.3154370451249981,1,3,82.45003576843752,0,0,0
0.26636014701665733,1,8,90.46715919204877,0,0,0
0.26705383958735884,1,6,124.42590964760961,0,0,0
0.45619045044116485,1,7,130.8506163798454,0,0,0
0.2362172807494174,1,9,115.49256646486964,0,0,0
0.136135522179142,0,4,146.61659547865497,0,0,0
0.23887878238817034,0,3,133.49210101786556,0,0,0
0.3798107199272356,0,4,91.31327565840967,0,0,0
0.2638589698282031,0,9,94.55563249001354,0,0,0
0.37944350807226945,1,7,121.7257370141565,0,0,0
0.15790273138368388,0,10,103.33104225074774,0,0,0
0.3122425310469049,0,9,80.062515743433,0,0,0
0.43894651400528223,1,4,81.7006005594595,0,0,0
0.2881847899986125,0,3,108.56692889660128,0,0,0
0.3365686594778085,0,3,116.65307411444093,0,0,0
0.35546310823233207,1,4,125.73231220341236,0,0,0
0.3828558041102761,1,6,133.41978741475387,0,0,0
0.2076303291124741,1,3,147.81312111845193,0,0,0
0.33208101861097084,0,9,138.7205719608212,0,0,0
0.23727581397140207,1,6,104.91582586567529,0,0,0
0.2259314548386669,1,8,117.42856861192782,0,0,0
0.2638407070226371,1,9,95.11440094003413,0,0,0
0.23351650853109002,1,3,147.81271918805254,0,0,0
0.061640873588406433,1,6,117.48100526306433,0,0,0
0.38389778435197436,1,8,97.47691757778557,0,0,0
0.312952383446819,0,10,130.68306337475414,0,0,0
0.11191089396037898,1,9,114.15232267779325,0,0,0
0.1675885895671697,1,4,149.77075495984883,0,0,0
0.324965590860206,1,5,85.22974107559382,0,0,0
0.2831075839233142,1,9,103.48305227400787,0,0,0
0.3755395989754568,1,8,145.92963261662757,0,0,0
0.2701543736117526,1,4,112.28399536328104,0,0,0
0.43008618959300665,0,6,101.82561641881067,0,0,0
0.08485475959734184,0,10,122.34105479867583,0,0,0
0.32593474102123665,1,4,126.51454849274305,0,0,0
0.21719772905783208,1,5,86.49652408609825,0,0,0
0.18807926474733672,1,10,98.15711503547564,0,0,0
0.474638842146191,0,8,101.62827159211757,0,0,0
0.43871337461838594,0,4,97.20673726388685,0,0,0
0.13267221311155752,0,5,106.80143309463583,0,0,0
0.07584665679071188,0,9,103.4295949818573,0,0,0
0.44026470761949604,1,5,131.19951534803153,0,0,0
0.12618363970262766,1,8,121.9254153340595,0,0,0
0.46771251798513935,0,6,110.04360157064379,0,0,0
0.17479393412490907,1,4,94.00028156038411,0,0,0
0.23524424193206983,0,5,109.44476045409273,0,0,0
0.07024276529275698,1,8,92.63388186915499,0,0,0
0.2918891179400953,1,9,146.65021011427532,0,0,0
0.13493118767894952,0,3,92.16415414424328,0,0,0
0.2439841947710477,1,10,140.10741571131197,0,0,0
0.46373256951193176,1,4,123.09065316312567,0,0,0
0.16365773746608198,1,8,136.7572486704713,0,0,0
0.3357134947554905,0,5,142.19929576611605,0,0,0
0.1408953445945394,0,5,136.27894635900628,0,0,0
0.3244310355589823,0,10,121.25064272915213,0,0,0
0.18011940439160146,1,8,98.68957036302018,0,0,0
0.35670360966128617,1,10,126.20041046613815,0,0,0
0.3967801492408337,0,3,80.3390485634825,0,0,0
0.4463042741948205,0,5,106.42264081514199,0,0,0
0.46336780388917004,1,3,140.0574581551752,0,0,0
0.1585858570846843,0,6,120.63753342947919,0,0,0
0.1080471992617919,1,6,98.24365874998067,0,0,0
0.07183273476018534,0,10,142.45265814833385,0,0,0
0.37416104024669666,1,4,81.06883419725396,0,0,0
0.1341015489073466,0,8,141.80475545592193,0,0,0
0.4100749409836106,1,10,133.16179670341808,0,0,0
0.4841681693831681,0,3,90.24633725648607,0,0,0
0.11658404318727836,0,6,84.403302495999,0,0,0
0.1774988582659241,0,6,146.5864767317804,0,0,0
0.28582911611155876,0,3,84.69232281166356,0,0,0
0.2437471498644343,0,6,148.16331333299325,0,0,0
0.24167373519394325,1,5,109.4440327060716,0,0,0
0.1476975165089082,1,5,104.745302639555,0,0,0
0.4501467612822782,1,4,125.50308101444595,0,0,0
0.35671518847067135,0,7,114.72327209818067,0,0,0
0.11924073021025479,0,6,107.30334583981218,0,0,0
0.05199756776619491,1,8,124.81132162641305,0,0,0
0.3932073266715073,0,5,104.5046574466057,0,0,0
0.05713592914423518,1,8,82.40475894059804,0,0,0
0.44618747049252816,0,7,137.72475704422175,0,0,0
0.28824190634673436,0,5,116.02475451051816,0,0,0
0.46853856618111533,0,9,128.06791508942166,0,0,0
0.39733543755668266,0,8,120.2621719620857,0,0,0
0.45245462106215434,0,7,122.99346420695136,0,0,0
0.38471796977784073,0,7,95.32578130687108,0,0,0
0.30947762989513533,1,9,145.42624394352333,0,0,0
0.12787712263145334,1,9,111.34059041072652,0,0,0
0.37744093414875113,1,8,144.40677470293343,0,0,0
0.3165383632374397,1,3,136.48426155342696,0,0,0
0.2545962492815667,0,4,130.40572906643223,0,0,0
0.30136608052667263,0,6,112.20825032345596,0,0,0
0.15451537512725633,1,7,81.58505511636974,0,0,0
0.23199225292817438,0,6,102.06485047187918,0,0,0
0.10588893441507968,1,9,126.54003147924374,0,0,0
0.23439633414091737,0,5,103.1457337301559,0,0,0
0.2601196048068532,0,7,86.93891584928694,0,0,0
0.4359974394355057,1,8,116.24311635310602,0,0,0
0.287230923463562,1,6,90.81356824784145,0,0,0
0.4589908450057169,0,7,101.43543583100927,0,0,0
0.48556303132976003,1,8,115.13391193985558,0,0,0
0.07204443078349146,1,6,88.1395880300702,0,0,0
0.31871455399292825,0,10,87.87699768168325,0,0,0
0.18465515657577397,1,7,94.70621748934792,0,0,0
0.4330965286667464,0,9,121.4263974001249,0,0,0
0.27233508569499376,1,8,145.32385214841008,0,0,0
0.08513833999157072,0,9,96.73256580921374,0,0,0
0.14675298333421533,0,8,130.38765982675284,0,0,0
0.35324967579261274,0,7,93.25649530899808,0,0,0
0.08582679045955155,0,9,124.48604885573192,0,0,0
0.2205852787897703,0,6,89.64035658900434,0,0,0
0.4422298397098652,0,9,139.1766758377562,0,0,0
0.06314063525637935,1,7,131.97562900679952,0,0,0
0.3632901668695287,1,8,127.65085112606974,0,0,0
0.3539678778068431,1,4,81.02632433423722,0,0,0
0.19433162807396415,0,4,138.5486896132999,0,0,0
0.10072250310383846,0,7,90.55953605283874,0,0,0
0.09608327117222981,0,9,117.34423107037054,0,0,0
0.4861526216940959,0,8,134.36631466856826,0,0,0
0.35461232967967493,0,5,124.21693618226703,0,0,0
0.21919604859915603,0,9,137.3317313603562,0,0,0
0.42509544958998235,1,8,129.61964954249788,0,0,0
0.09650129231197047,1,7,132.9253287813539,0,0,0
0.10711754863439091,1,10,100.91381711081982,0,0,0
0.1389033382050052,0,9,106.53740689395549,0,0,0
0.39360308079574924,1,5,115.10170514586626,0,0,0
0.23400306936593773,1,3,121.03125217708784,0,0,0
0.33915933329185255,1,5,128.4169709227097,0,0,0
0.15460300737506705,1,4,118.8902312650128,0,0,0
0.3997842257530916,1,4,129.73200635344364,0,0,0
0.41074935301405224,1,7,90.55252083249471,0,0,0
0.23596605145807403,1,10,107.62526299549941,0,0,0
0.1441769692660374,0,8,143.9313811036844,0,0,0
0.3335226241340984,0,6,95.18699603266158,0,0,0
0.16526092150589528,0,4,90.05626078497292,0,0,0
0.11673193034661287,0,9,132.13654867765334,0,0,0
0.3271089038795245,1,7,93.61004015860162,0,0,0
0.28080895646818427,1,3,112.03266669282164,0,0,0
0.40255573814505313,0,6,129.82821898565774,0,0,0
0.18153927414792592,1,4,113.93950597824114,0,0,0
0.1513860882797491,0,6,143.1057682438617,0,0,0
0.3382352982731243,1,3,141.47039162600623,0,0,0
0.36547706777843736,1,4,115.20653957169975,0,0,0
0.23601358045743537,0,9,147.25945551948274,0,0,0
0.2490618950402207,0,4,100.42417083799111,0,0,0
0.10559524371185745,1,3,96.37243586098232,0,0,0
0.2612386005888599,0,4,126.91714408034048,0,0,0
0.4825976068349004,0,10,120.09474554154554,0,0,0
0.10116402293292875,1,10,97.57748354457921,0,0,0
0.3055855818748609,1,8,105.97920211950277,0,0,0
0.05827590105104224,1,9,96.31189044204758,0,0,0
0.19641828371768993,0,10,96.5884002049763,0,0,0
0.39251495216263776,0,5,105.72996427265936,0,0,0
0.30522256926170027,0,6,144.69537795056698,0,0,0
0.0865095478396666,1,3,138.44285073467722,0,0,0
0.2533241211417774,0,7,115.86927295949289,0,0,0
0.08558411703025404,0,10,113.44386597143254,0,0,0
0.2180882574731257,0,3,82.20349651356791,0,0,0
0.396029482210033,0,8,112.36073156247686,0,0,0
0.166212345485369,0,6,123.66437944620584,0,0,0
0.2540252022685416,0,10,134.50131449448887,0,0,0
0.2751526262612211,1,7,104.91857844094439,0,0,0
0.43397411537292674,0,6,144.35721347639134,0,0,0
0.10467651226457345,1,3,138.813494846073,0,0,0
0.29768834670046235,1,7,85.7563409581262,0,0,0
0.06385549457238948,1,10,143.20636382212643,0,0,0
0.09200168357462618,1,3,95.59804943771675,0,0,0
0.14932530295527607,1,3,144.63226197761725,0,0,0
0.37387142299628245,1,10,124.14758723612078,0,0,0
0.06849896785083881,1,5,108.83441719147825,0,0,0
0.47528110213792973,0,7,110.55157864460598,0,0,0
0.2424505224366122,1,7,119.39520515306245,0,0,0
0.4273933731842425,0,6,139.07110062935374,0,0,0
0.14984408145021821,0,6,138.58457619235776,0,0,0
0.20201481716866826,1,8,109.04321398328868,0,0,0
0.3771571220516837,0,4,139.43190675716696,0,0,0
0.2206387307301802,0,4,113.03678737551112,0,0,0
0.27836955312611084,1,10,109.22856493778512,0,0,0
0.4141635040747873,1,3,97.02774010456163,0,0,0
0.34299281905249196,0,4,137.95510119100717,0,0,0
0.4261442117315537,0,8,123.40444764523903,0,0,0
0.08891880901305516,1,7,110.17824646542411,0,0,0
0.3236316699428445,0,5,126.3663657434983,0,0,0
0.32054194071700526,1,3,140.27083922244543,0,0,0
0.32319434052290746,0,5,93.8476684933786,0,0,0
0.3149645961617458,0,3,107.47094483002218,0,0,0
0.375727125642212,0,7,106.62102747840629,0,0,0
0.4298163717729627,0,6,85.32153018945861,0,0,0
0.1533190613665193,0,10,103.38477782038848,0,0,0
0.0970537198085755,1,9,133.32551029488636,0,0,0
0.08328890515064984,1,6,97.73380980662151,0,0,0
0.12129258010647997,1,7,136.7640526768082,0,0,0
0.34517872893794466,1,8,146.8677495083841,0,0,0
0.2374242636603643,0,5,95.67793205919764,0,0,0
0.20727033665569544,0,7,108.67664061696345,0,0,0
0.45947793899403994,1,3,89.19338267759397,0,0,0
0.4550791455677549,0,10,128.450085747873,0,0,0
0.29250119891446696,0,10,113.7539986206949,0,0,0
0.2563252042082589,1,10,121.20978929213769,0,0,0
0.17169832241462263,0,4,134.50853378977874,0,0,0
0.25695591980003823,1,9,134.33253763023902,0,0,0
0.2349136236310722,1,7,116.1182946608211,0,0,0
0.053128327443325664,0,10,141.76245710362394,0,0,0
0.3913594928277183,0,3,145.23518945493362,0,0,0
0.24735798066067655,0,6,124.14993152747473,0,0,0
0.15028218608099253,1,3,82.68844813120214,0,0,0
0.34981775479075783,0,10,134.31759956627377,0,0,0
0.2514507464597797,0,4,142.43420471691135,0,0,0
0.19117851947702424,1,3,118.96470450899423,0,0,0
0.15386483538236528,1,3,129.02505054201944,0,0,0
0.0766137502484506,1,10,104.92309680296255,0,0,0
0.2763599452913985,1,7,115.14730848110075,0,0,0
0.21894991036324568,0,3,135.8674468557575,0,0,0
0.06814813496376615,1,6,141.31728140413162,0,0,0
0.4155829835666125,0,6,88.0651386452306,0,0,0
0.4137279187097928,1,9,81.2030147774587,0,0,0
0.2705115073367444,1,4,106.15143175788404,0,0,0
0.4275051821255369,1,3,107.36423312836936,0,0,0
0.2664524897477247,0,8,134.13312627825982,0,0,0
0.12600624542246325,1,6,80.60180597079106,0,0,0
0.2829191798433149,0,3,133.480227525252,0,0,0
0.19065513174485993,1,6,117.54285106603069,0,0,0
0.2535640738094459,0,6,128.8477772205238,0,0,0
0.4868014537602236,0,4,115.64810146981267,0,0,0
0.20998889209553434,0,4,135.3507431919981,0,0,0
0.14715043283872573,0,3,110.59485722257331,0,0,0
0.10784819585014557,0,9,104.20886016901665,0,0,0
0.44776746646006227,0,3,124.55633362384458,0,0,0
0.056722278792381654,0,7,111.11114714829216,0,0,0
0.4583541762634422,1,3,101.23985059168217,0,0,0
0.07779741089223983,1,9,143.94824815620515,0,0,0
0.3886967111787267,0,6,130.62915239981086,0,0,0
0.18214292784473984,0,10,93.7814208400872,0,0,0
0.16245833337945037,1,3,131.80741790353056,0,0,0
0.13097092690941192,0,5,97.66777703989973,0,0,0
0.11053182486554404,0,6,110.1891319376439,0,0,0
0.07980560364035293,0,3,95.21954274456488,0,0,0
0.11977006833261572,0,6,87.93084917507531,0,0,0
0.31481479364056286,0,6,107.93445590649421,0,0,0
0.3063553750781034,1,6,118.85569766710977,0,0,0
0.17648361166760484,1,7,101.14851881516934,0,0,0
0.35594684171054025,1,4,85.25020993216066,0,0,0
0.3963330606469858,1,4,97.4746117655375,0,0,0
0.49107872567818595,0,6,97.19601687388206,0,0,0
0.24789619250543016,1,8,121.35265465486331,0,0,0
0.21856507899746663,1,6,99.75040751934054,0,0,0
0.4879286869370674,0,6,117.36431103366206,0,0,0
0.4739686461584502,0,10,112.92377417963678,0,0,0
0.46712653526430653,0,8,98.64504544350558,0,0,0
0.3239535877524301,0,3,131.8852022823756,0,0,0
0.3279793039659174,1,5,126.7313854501468,0,0,0
0.4675910876505369,0,3,127.61910741904049,0,0,0
0.2659185827374122,1,10,110.35068305629865,0,0,0
0.14606388158231365,0,9,102.16174419989333,0,0,0
0.49336642516872725,0,6,121.35186934920644,0,0,0
0.4289313776582122,0,5,147.13632356560404,0,0,0
0.07522420604785691,1,8,110.37721277664818,0,0,0
0.10060926193961252,0,4,126.56983596010403,0,0,0
0.4469528784244948,1,9,110.96447681895904,0,0,0
0.18548900468903234,1,9,145.2821162237991,0,0,0
0.36337360619063036,1,4,98.53016808160507,0,0,0
0.10301984725381433,1,7,112.08799615638989,0,0,0
0.12674015254332496,1,4,114.55565903990818,0,0,0
0.3863150189006579,0,7,131.00535870178197,0,0,0
0.49068125915734623,0,8,130.4916215985139,0,0,0
0.27598946018301246,1,3,131.7609329919272,0,0,0
0.06931225916525144,1,10,131.30581716824116,0,0,0
0.15544265976436542,1,5,112.88307859479985,0,0,0
0.14571543156573216,0,6,90.88951482029479,0,0,0
0.47087249222484984,0,5,140.93066776165801,0,0,0
0.23861749605182953,1,10,102.73832429459605,0,0,0
0.47645276136131076,0,9,87.7222648135067,0,0,0
0.4368130748408529,0,10,89.01473793832778,0,0,0
0.2528628824270495,0,6,114.63311432383266,0,0,0
0.061187019039710557,0,7,109.8153776426928,0,0,0
0.48782773355528075,1,7,126.44686509761632,0,0,0
0.05453214462330555,0,4,122.83058679025524,0,0,0
0.43525835226051734,0,10,87.51883724309896,0,0,0
0.2359543250430718,1,9,100.77241295464978,0,0,0
0.18558902069954986,0,10,142.73783587351872,0,0,0
0.23373527452918602,1,6,133.66778498785862,0,0,0
0.2106092465845748,0,4,140.93788418160585,0,0,0
0.36010366794900883,1,4,81.53913358505216,0,0,0
0.30772541067767617,0,7,143.84620869324158,0,0,0
0.16560718390790408,0,9,140.27546129400656,0,0,0
0.2873755173352712,0,8,111.65939866858507,0,0,0
0.232227540221498,0,8,127.15116262647902,0,0,0
0.464290815164804,1,9,99.03955292199458,0,0,0
0.45157011655147467,1,9,126.10117498350061,0,0,0
0.32780565962141145,1,10,135.9139881471976,0,0,0
0.4844155143460413,1,5,113.8489108721983,0,0,0
0.2188071716495847,0,8,81.97914521406258,0,0,0
0.08958662419722116,1,5,109.14417678828293,0,0,0
0.07144353673767889,0,8,130.74861735537723,0,0,0
0.42505035547640263,1,3,129.26292887819682,0,0,0
0.22257078017339887,0,3,114.04124376661966,0,0,0
0.4371232049779355,1,4,148.99963527850397,0,0,0
0.25643083544984474,0,7,88.19321086615322,0,0,0
0.055028121440048136,1,10,91.08017297963619,0,0,0
0.2878917828211132,1,7,98.08291444639126,0,0,0
0.3175457843215398,0,7,136.24814474825598,0,0,0
0.2531789939878405,1,8,133.39728050280064,0,0,0
0.42711542541733727,0,10,134.09332878876157,0,0,0
0.33980367143031315,1,7,141.5735994403163,0,0,0
0.2141326563505339,1,8,111.00375646819765,0,0,0
0.37355107461661763,0,6,102.30010789598485,0,0,0
0.193826046614136,1,10,122.02674726091962,0,0,0
0.42734643590339305,1,6,108.69102136928215,0,0,0
0.17604666710218247,0,10,116.66884298454129,0,0,0
0.34997498544362204,1,10,89.81521248615309,0,0,0
0.23679141911025509,0,10,107.74677563765641,0,0,0
0.09553247417595463,0,5,113.08438297856625,0,0,0
0.3333671438963443,1,5,86.12083041338911,0,0,0
0.2223742126029829,1,9,149.6146679609734,0,0,0
0.3354185291039883,0,10,82.64501481090821,0,0,0
0.2929566109602593,1,7,144.366093031543,0,0,0
0.06871780620220067,0,9,85.61387156365524,0,0,0
0.1422402275037834,1,6,140.15083509498393,0,0,0
0.365189487205721,1,9,118.37692438647034,0,0,0
0.2604451264984486,0,6,93.74344076323345,0,0,0
0.25991123509554104,0,7,96.19298722133955,0,0,0
0.05107937008611403,0,7,104.61258536922122,0,0,0
0.1862591887822716,1,9,135.58159067596438,0,0,0
0.3512596834419616,1,9,90.30023505647713,0,0,0
0.4491446400498483,1,9,96.95619969864377,0,0,0
0.30830317926826944,0,3,128.48745514364225,0,0,0
0.2932903887264304,1,4,122.97939257464229,0,0,0
0.26164164373206206,1,10,109.45772001344756,0,0,0
0.3553165057504172,1,4,84.23753601500432,0,0,0
0.40915902292559964,0,9,119.09491524818418,0,0,0
0.14930767283691748,0,8,96.04548846094286,0,0,0
0.37128938761882346,0,5,122.84702288719234,0,0,0
0.15973466056514196,0,3,99.21611369956788,0,0,0
0.06430653486355445,1,3,148.62316734546533,0,0,0
0.08360594608595431,1,10,121.34157792184325,0,0,0
0.07094368876918675,1,3,119.9913882693193,0,0,0
0.1760781003392009,1,8,138.57378690911804,0,0,0
0.1072279853491225,0,4,149.5215348534877,0,0,0
0.08834182068464422,1,6,134.54203949447202,0,0,0
0.11641423586544747,1,3,121.57268471900402,0,0,0
0.06718923602330926,0,8,140.44673542339285,0,0,0
0.20459824444293573,1,3,92.6846344831011,0,0,0
0.42026720395952016,1,8,133.4960559915164,0,0,0
0.2992003625649363,1,10,127.59292117522683,0,0,0
0.07923497890223115,0,8,119.42757563783807,0,0,0
0.2187154760926801,0,8,140.67293125071106,0,0,0
0.24342560700170618,1,10,129.67599968094055,0,0,0
0.12758514659717604,1,9,130.1713422384962,0,0,0
0.21785534504871396,0,8,143.68190229163744,0,0,0
0.20153976448267164,1,7,128.95884434945415,0,0,0
0.2722137582365384,1,6,97.87967403574123,0,0,0
0.3637814705796417,1,7,92.85376509388045,0,0,0
0.2654766301485061,1,3,115.92377781705483,0,0,0
0.08327932301324045,1,10,96.44385098541656,0,0,0
0.07485291765057267,0,10,128.97450829637165,0,0,0
0.4495817439799666,0,5,138.9896709358473,0,0,0
0.3626438285352527,0,9,100.42712061142002,0,0,0
0.34573066573895705,0,8,143.9432087633065,0,0,0
0.4609405747341232,1,9,132.2832539118114,0,0,0
0.2936776388647296,0,10,149.1698638209947,0,0,0
0.08317549076603448,0,8,93.90930198222304,0,0,0
0.37147312463120435,0,10,112.30829468325267,0,0,0
0.12302252211796513,0,5,124.82155414614357,0,0,0
0.3497875354632876,1,6,133.40422863131653,0,0,0
0.23031845503656662,0,4,143.83528808213853,0,0,0
0.06270161409841495,1,9,142.38890223503495,0,0,0
0.07498830283710503,0,5,96.52853415413368,0,0,0
0.22668525214551438,1,7,109.57297824369758,0,0,0
0.31754440816533824,1,4,130.28134223384515,0,0,0
0.1269037455243549,1,5,89.26199702061416,0,0,0
0.09803744696110783,0,8,147.1555666905689,0,0,0
0.2193036899366389,1,5,132.2866936431668,0,0,0
0.41188132783849496,1,7,138.01893186857188,0,0,0
0.40280248325602114,1,6,143.52110698156025,0,0,0
0.3578630581997261,0,7,92.45663066464795,0,0,0
0.24141056540380457,0,5,109.54916907547954,0,0,0
0.24887192018797732,0,6,125.61688469965821,0,0,0
0.15167473838031298,1,3,137.57227865570457,0,0,0
0.11171412542261762,0,7,131.6603086005722,0,0,0
0.05712835585863055,0,3,88.50717699810026,0,0,0
0.4370675185193215,1,8,125.19703696271026,0,0,0
0.2732830750901734,0,9,100.5837582690966,0,0,0
0.05136934218119231,1,6,108.45484666155302,0,0,0
0.288128032174843,1,10,149.59609076989864,0,0,0
0.16624575615963422,1,6,90.99390679875046,0,0,0
0.2423131907514186,1,9,87.30663739621988,0,0,0
0.35258497702373887,0,7,108.64008889099898,0,0,0
0.41438490144903245,0,7,140.4889636038197,0,0,0
0.3652168088309007,1,6,91.35457904800003,0,0,0
0.45333438719471436,1,10,85.59669774686512,0,0,0
0.15563576354881423,1,8,109.31942539872405,0,0,0
0.34762331572811456,1,6,124.26086519376669,0,0,0
0.4504240717956438,0,9,90.82847568455847,0,0,0
0.18882496147885697,0,6,136.32121943172928,0,0,0
0.4097532222262749,1,10,139.214112290655,0,0,0
0.4730970064724341,1,6,116.58171481037435,0,0,0
0.33974459633269416,0,9,82.13247002180832,0,0,0
0.12391905283031968,1,5,116.12715963642705,0,0,0
0.16738707699448285,1,7,94.99275729385384,0,0,0
0.35599111086990376,1,7,111.226790586067,0,0,0
0.4397789367702194,1,7,133.18160598565623,0,0,0
0.060690509721265086,0,6,83.80932023525773,0,0,0
0.19684911635140162,1,3,80.01064205835382,0,0,0
0.15510647226761204,0,10,89.3414358459375,0,0,0
0.23992745786470943,1,4,83.17585266106067,0,0,0
0.395815003190443,0,4,98.22940544328983,0,0,0
0.27626247637621193,0,9,108.29876394051837,0,0,0
0.2832308275630557,0,3,134.57959364489426,0,0,0
0.32406167317916396,0,9,82.12290600802821,0,0,0
0.28205317718822415,1,5,104.56931078508981,0,0,0
0.3597176030583122,1,8,145.0610815006399,0,0,0
0.09816680909852932,1,4,120.3466116952806,0,0,0
0.06026051803356931,1,8,137.87344047422107,0,0,0
0.4220554591951315,0,10,113.84598674802567,0,0,0
0.2655085567607248,1,7,86.80681524670084,0,0,0
0.18431320668464485,0,7,93.08573791976136,0,0,0
0.25443732163533533,1,7,133.06576341072486,0,0,0
0.34254120755692274,1,5,140.48752675991847,0,0,0
0.10476630097711011,1,7,112.72792687223512,0,0,0
0.28562517553339395,0,8,114.4719637269724,0,0,0
0.099818666183569,1,3,111.50856036967589,0,0,0
0.4368062121536692,1,6,81.28541788288906,0,0,0
0.30307275922126314,1,7,86.68568898717756,0,0,0
0.414886828790877,1,4,149.4321653132616,0,0,0
0.37445243998551475,1,6,82.94095441148734,0,0,0
0.4168650265408809,0,6,104.42783401070027,0,0,0
0.2038133314146099,0,7,128.3480367678061,0,0,0
0.11275816216659462,0,5,109.73816608434186,0,0,0
0.4512221691761232,0,10,148.78646668968491,0,0,0
0.4480878047466035,1,8,82.29170827437969,0,0,0
0.44747278330281937,1,8,141.2191271837076,0,0,0
0.4951722882228789,0,9,89.43209894642139,0,0,0
0.3182753747893488,0,3,94.33754636020751,0,0,0
0.28062343971971443,1,5,116.98126472535542,0,0,0
0.4087989378947637,1,4,141.001827196772,0,0,0
0.09956053292929243,1,7,108.98567478714781,0,0,0
0.40237117947869183,1,5,100.5501715352349,0,0,0
0.41550162163494225,0,8,108.1170404142407,0,0,0
0.3097364026498018,1,10,86.60403282657286,0,0,0
0.22456391382186797,1,5,138.67640266015908,0,0,0
0.3453021792718293,0,5,144.06505692574194,0,0,0
0.4617579580690811,1,6,127.30422703640953,0,0,0
0.12108395687559056,1,6,111.12687391792281,0,0,0
0.18999625601703563,0,5,122.99055584171697,0,0,0
0.3521392029787439,1,5,118.6306765164565,0,0,0
0.42494769303207314,0,5,83.60886067380142,0,0,0
0.34343108096858754,1,6,107.60949329965698,0,0,0
0.3158791278278868,1,6,125.97800779664126,0,0,0
0.08858353972595005,1,6,139.34593551103848,0,0,0
0.24517246077017774,0,5,105.12810969279471,0,0,0
0.4505786144499764,1,8,137.34904780384966,0,0,0
0.21273829380131565,1,6,132.98411693017135,0,0,0
0.22145251799072635,1,4,145.0517096061148,0,0,0
0.2109008682718272,0,9,149.26016122891303,0,0,0
0.21323684144736987,0,10,82.92125793203743,0,0,0
0.2321414507818817,0,6,110.6229488827333,0,0,0
0.3980138999941929,0,7,134.14921345638487,0,0,0
0.25477824055815235,1,10,137.6216594605708,0,0,0
0.3231885378357055,0,5,85.79979560745466,0,0,0
0.2490891379665109,1,4,122.46134187316528,0,0,0
0.44322534713235684,1,5,142.8916796344742,0,0,0
0.13043714801955208,1,6,95.894134986123,0,0,0
0.10530606495793135,1,6,104.31513505613104,0,0,0
0.23347673243998368,0,7,107.6393566543281,0,0,0
0.48842945513188324,0,5,107.61764271903004,0,0,0
0.36490836594820103,1,7,119.31943885080548,0,0,0
0.3273214342172736,0,3,84.2564497743096,0,0,0
0.22565055442900311,0,10,134.5432842046624,0,0,0
0.18281838583368965,1,5,88.601395562825,0,0,0
0.48046012809569444,1,5,136.9321176216213,0,0,0
0.24211381523757164,0,4,81.19660529226539,0,0,0
0.3699882239479569,0,6,135.0918186747055,0,0,0
0.41469716487708214,1,10,104.86869840606767,0,0,0
0.3458853146664299,1,7,125.9100801646143,0,0,0
0.15467260628074098,1,8,92.54204163801114,0,0,0
0.1795926634224128,1,7,117.590673511064,0,0,0
0.06034229995679511,1,5,100.93779539574042,0,0,0
0.4862203522413782,0,9,80.27472673571053,0,0,0
0.42559384994337845,0,5,130.75987103785752,0,0,0
0.23180519266652377,1,9,89.18231216158006,0,0,0
0.4515893683668769,1,10,145.77929514342458,0,0,0
0.11915616739930039,0,3,118.06071527764809,0,0,0
0.06891698755686436,1,4,80.11720214645216,0,0,0
0.11088198027464952,1,9,146.1446093267205,0,0,0
0.4475387053884084,1,3,89.29485894463119,0,0,0
0.12222084215089088,1,8,138.37588263491202,0,0,0
0.0806568238590895,0,4,103.04944869294175,0,0,0
0.13349609519819527,1,7,119.76434213362123,0,0,0
0.23677813590639146,0,8,138.50076775566345,0,0,0
0.2733940345137021,0,5,83.5110711984323,0,0,0
0.15616270948829258,1,9,127.60406044613933,0,0,0
0.4125725333403181,0,10,90.4007649698157,0,0,0
0.48192999276870163,1,4,130.14771489667754,0,0,0
0.18087627123679295,0,8,91.2492805774199,0,0,0
0.46898942248667164,1,8,81.53605660420799,0,0,0
0.41806376531349915,0,5,90.88066934970648,0,0,0
0.44870912401219176,0,9,123.80164517467355,0,0,0
0.07686444544646989,1,5,149.00087544805734,0,0,0
0.4253188683516796,0,5,147.9085393966198,0,0,0
0.3136662906128022,0,8,132.1983878821212,0,0,0
0.06721636209837571,0,3,137.72063189951427,0,0,0
0.38914267782784884,0,10,141.17751706960695,0,0,0
0.1587717898474608,0,6,116.98476343833161,0,0,0
0.40868407113783756,0,6,96.00217435062913,0,0,0
0.3316951126998918,0,8,126.27670155048271,0,0,0
0.27154929691020563,1,10,89.91149946809936,0,0,0
0.060522572934581215,1,9,138.26524622037851,0,0,0
0.45035362931036976,1,6,108.84637220639743,0,0,0
0.11640396966972934,0,8,98.65442430999684,0,0,0
0.4233626823423431,0,6,139.04206033927738,0,0,0
0.3596731336242822,1,7,87.78347609943737,0,0,0
0.08130772769190539,1,8,148.23784856941563,0,0,0
0.2939967948077017,1,7,146.5288272236341,0,0,0
0.4827891947071943,0,3,122.61516533410474,0,0,0
0.4652639797230799,1,3,129.8489103814661,0,0,0
0.11583426593711588,1,4,82.6004603714368,0,0,0
0.12793254120037378,0,3,110.59581230145277,0,0,0
0.11913534895033262,0,8,141.92316344229698,0,0,0
0.39027851325101176,1,4,80.80655082581337,0,0,0
0.12233927267769207,1,4,100.3433949244818,0,0,0
0.07906166229722336,1,5,104.76884627501146,0,0,0
0.22564945610950132,0,4,127.25557463636052,0,0,0
0.4851002404213725,1,9,129.33872865125835,0,0,0
0.1887169425608466,1,3,84.5632732063448,0,0,0
0.3759062192661616,1,4,95.22607052352106,0,0,0
0.11478248524989906,1,4,137.78481098371935,0,0,0
0.32951564209985945,1,3,93.427242521943,0,0,0
0.3115246740966922,1,5,100.05736844147333,0,0,0
0.4568779276791,1,4,91.35710235594789,0,0,0
0.37245073855143424,1,5,132.80214696222515,0,0,0
0.10435315465482471,1,4,81.89745208081992,0,0,0
0.23215996796357025,0,10,101.13391188631131,0,0,0
0.050250364595525315,1,9,117.26206013444518,0,0,0
0.15844859151041343,0,8,80.4214297709066,0,0,0
0.4870967429365769,0,7,146.77902794234512,0,0,0
0.2550836555085423,1,8,140.8502407468728,0,0,0
0.4404099372100346,0,10,125.31213623198819,0,0,0
0.060678063369731076,1,4,110.73915858660524,0,0,0
0.44602602802689933,1,7,90.8714835927286,0,0,0
0.4502282274169579,0,4,118.75475427696816,0,0,0
0.34404467396415234,0,6,96.7445580673415,0,0,0
0.10231290730312101,0,10,124.66121537217072,0,0,0
0.44420723550360314,0,8,90.19102645906324,0,0,0
0.4549387540006639,0,8,130.19834764921802,0,0,0
0.14047101318755317,1,3,102.60336107307887,0,0,0
0.4730736505906611,1,9,115.13872060346773,0,0,0
0.4464686805118708,0,8,91.32779254639765,0,0,0
0.14219439969326964,1,5,97.93937796550316,0,0,0
0.22721932490310265,1,5,111.51482322565872,0,0,0
0.20150545785564228,1,7,112.0726902399219,0,0,0
0.2742018764556803,0,9,149.98444528573663,0,0,0
0.45005012691779955,0,7,103.47950168169022,0,0,0
0.44345631037225874,1,9,85.90644828177787,0,0,0
0.1290527268301317,1,4,116.6953032555081,0,0,0
0.29800977452848965,0,8,102.52780167589705,0,0,0
0.29031538161643816,0,9,141.44436611524253,0,0,0
0.25267922834386836,0,8,94.7208722425868,0,0,0
0.3716194088254723,0,5,139.8964156927264,0,0,0
0.34068637354019776,1,6,126.45041088307067,0,0,0
0.1737983857235308,1,6,93.15926216367302,0,0,0
0.2066771389189172,0,5,108.36730126066188,0,0,0
0.44976572587188757,1,4,114.4702764056031,0,0,0
0.19659735372854498,0,4,116.5259339920166,0,0,0
0.24983839254026968,1,8,107.79664377642368,0,0,0
0.4878034978964565,1,4,120.92394680465537,0,0,0
0.435776383604169,1,9,130.1718921110997,0,0,0
0.3645333225359812,1,9,115.43286623390594,0,0,0
0.18681022454652696,0,6,122.17031748262842,0,0,0
0.332937495951029,0,5,140.17167316312936,0,0,0
0.33890910258124485,0,10,114.84262664387876,0,0,0
0.23520296374904026,0,3,109.14094578163751,0,0,0
0.06625332212521222,0,5,97.34256233439689,0,0,0
0.21493781418442787,1,8,89.19554282887638,0,0,0
0.27866006267110777,0,9,100.45799511246358,0,0,0
0.47756397893415076,1,6,108.43145511598443,0,0,0
0.37737319774607764,1,8,133.49803847647973,0,0,0
0.09856699356129256,1,4,95.22001519422828,0,0,0
0.18564003664557682,1,10,129.1502249669577,0,0,0
0.2847577469723462,1,7,85.53237304728042,0,0,0
0.2530018739893583,0,8,91.0873862842444,0,0,0
0.05230521221663908,1,4,102.84299859480578,0,0,0
0.47079500094876303,1,6,112.88753745078094,0,0,0
0.4568179047209,1,8,92.66498849028525,0,0,0
0.46568505669763816,0,6,87.84216570772033,0,0,0
0.24284968237483118,0,10,119.60778242872387,0,0,0
0.4250189781177986,0,9,108.83915525592303,0,0,0
0.3688417718903899,0,4,109.11246306285834,0,0,0
0.2802852242140848,0,9,101.55626826098543,0,0,0
0.08470948044176364,0,6,105.98732737453912,0,0,0
0.12553339789159812,1,7,92.88522174683185,0,0,0
0.15720489817667807,0,6,98.94086849686839,0,0,0
0.45315980800533645,0,8,117.95910422009652,0,0,0
0.3494157076059681,0,6,116.56042949445437,0,0,0
0.49236394655938676,1,6,143.41491903105666,0,0,0
0.30489439147749087,0,7,138.2777943071535,0,0,0
0.0881171190324016,1,4,80.49710003801324,0,0,0
0.2649934272453231,1,6,96.08347402014317,0,0,0
0.10030300388780225,1,3,142.13866342874599,0,0,0
0.4556134736420276,1,3,102.032726008946,0,0,0
0.1752954462641384,1,8,113.43939548355252,0,0,0
0.1387714503278282,0,5,127.24894482497336,0,0,0
0.2802342222491109,1,8,118.03500022330938,0,0,0
0.41318907125361987,0,9,80.34075795301754,0,0,0
0.27965661401009195,1,8,94.45944258204386,0,0,0
0.06719746760588362,0,6,87.030777138743,0,0,0
0.3843299865088012,1,7,91.73516801461379,0,0,0
0.06533210118040249,0,9,90.31580849955965,0,0,0
0.3219702746866809,0,5,123.59451716164955,0,0,0
0.3276200619173353,1,6,108.45952429729414,0,0,0
0.1438337271217861,0,4,84.65858975893096,0,0,0
0.25095890117997105,1,4,85.76032980320902,0,0,0
0.05278634985509971,1,3,146.52494803508785,0,0,0
0.17765570934879465,0,3,90.83333789921447,0,0,0
0.3287080542701023,0,4,97.76880735651606,0,0,0
0.17787621802415104,0,9,120.20064483499213,0,0,0
0.07143393997367407,1,8,93.09740905690165,0,0,0
0.35341884507337196,1,3,93.82705747082191,0,0,0
0.3840778348760326,1,9,85.08113610098688,0,0,0
0.438343824289575,0,9,148.65748027728472,0,0,0
0.44399568293037933,0,10,122.42353715986428,0,0,0
0.273342569098609,1,10,117.08207775393304,0,0,0
0.23331158742791247,0,3,142.20694042878495,0,0,0
0.3136393334834137,0,7,121.60976152609224,0,0,0
0.40670109049735637,0,9,98.4158284888823,0,0,0
0.2638994795878603,1,4,113.05808114095218,0,0,0
0.4978250534243465,0,7,113.43050745605382,0,0,0
0.336882025852756,1,3,107.8655711519417,0,0,0
0.18864795353386543,1,5,132.75413434008965,0,0,0
0.4071691010295829,1,10,87.67779578855814,0,0,0
0.11784483366477169,0,8,91.14503417815473,0,0,0
0.4711042190608726,0,5,106.05373867411195,0,0,0
0.20315836735756115,0,10,84.98211032754082,0,0,0
0.35827144797413807,0,4,149.1176879035704,0,0,0
0.3313886850341592,1,6,114.70560816903904,0,0,0
0.0931428895150149,0,6,83.50743185418534,0,0,0
0.37472886867023764,0,8,122.55273362918653,0,0,0
0.19031840384114934,1,5,134.67732041874768,0,0,0
0.22153140020473155,0,5,108.54013751959461,0,0,0
0.09343600793948081,0,8,113.6372548281156,0,0,0
0.41453795277654065,0,4,129.0420001788164,0,0,0
0.43712244390194843,1,4,96.36724517473506,0,0,0
0.11042029375925727,1,4,121.83647208998079,0,0,0
0.415675530600494,0,5,124.1661728112949,0,0,0
0.45409982220074546,0,3,136.32505649153507,0,0,0
0.0937824210277136,0,3,142.3750148195388,0,0,0
0.4988425597858954,0,8,145.86216996366983,0,0,0
0.05204765384144676,1,7,88.84284740479642,0,0,0
0.429082558742861,0,4,137.13873062172846,0,0,0
0.30123081740575663,1,5,127.28015426906578,0,0,0
0.4807776177733187,1,8,105.95096909938428,0,0,0
0.20214496320653869,0,9,144.59678210894023,0,0,0
0.21238158135897184,1,9,140.2081910817264,0,0,0
0.4281700348679415,0,4,134.20511976484653,0,0,0
0.3698086994557356,0,9,84.02390269105477,0,0,0
0.32023328808806384,0,6,92.39047804557734,0,0,0
0.33997307255376924,1,5,144.2830429925474,0,0,0
0.35718715326638906,0,7,148.75654953668482,0,0,0
0.07152874071305965,1,3,99.41127956481238,0,0,0
0.10300251297040201,1,6,99.41709031160075,0,0,0
0.131565568754178,1,6,122.72134280179736,0,0,0
0.12955412036384922,1,7,85.33271804964515,0,0,0
0.4293080069159234,1,4,121.67208289651637,0,0,0
0.2275294162916805,1,3,147.80823631539747,0,0,0
0.2702408307054925,1,5,100.78670095899307,0,0,0
0.09022851604500054,1,10,131.9921531159838,0,0,0
0.4417668828259057,0,7,116.74305198683433,0,0,0
0.05461859075297812,0,7,100.11179320885655,0,0,0
0.08748324639873586,0,8,108.87351232976263,0,0,0
0.4154492175870896,1,7,118.57573569411247,0,0,0
0.10876867440559967,1,4,133.3113590138302,0,0,0
0.40701098249378126,0,10,117.85564960703641,0,0,0
0.20768790391183212,0,4,144.75982002498716,0,0,0
0.39924405516228834,1,8,88.18640953699426,0,0,0
0.07265990410655519,0,9,147.03883734318305,0,0,0
0.20356790835456745,0,8,118.54559900357576,0,0,0
0.2665732490655734,1,10,107.42706736660023,0,0,0
0.3315670299076875,1,4,85.32357449626187,0,0,0
0.4262990288191398,1,8,100.7373752666961,0,0,0
0.16001090147517505,1,3,110.65541654638064,0,0,0
0.34649979845553497,0,7,145.5946697953144,0,0,0
0.11829669640203727,0,4,132.9497732673723,0,0,0
0.4078255869266311,1,8,84.13314599221756,0,0,0
0.46994954237770736,1,5,102.9525415500724,0,0,0
0.07127575887080419,0,4,114.400262193437,0,0,0
0.08593613437993938,0,9,139.5059620552031,0,0,0
0.4043933685787607,1,10,134.3499241630968,0,0,0
0.44610351471241555,1,4,95.12964019799996,0,0,0
0.3416979918561842,1,4,83.53216946182745,0,0,0
0.25753421574490026,0,3,89.26627765807481,0,0,0
0.396080131757522,1,8,115.23027759022943,0,0,0
0.18486919066025814,0,10,86.29143238973667,0,0,0
0.4962894033222382,1,4,97.48304341841474,0,0,0
0.4315970107184736,0,6,137.4943389868942,0,0,0
0.44920985690297255,1,8,108.1367170396776,0,0,0
0.43469722332687766,0,6,149.73025461685012,0,0,0
0.4697987224690044,1,9,132.9187927771248,0,0,0
0.07902261083928538,1,9,98.54427879684486,0,0,0
0.4588824936147376,1,8,80.52992398830266,0,0,0
0.16187124413820503,1,8,116.90452325907845,0,0,0
0.21162782767929855,0,6,129.4099042994614,0,0,0
0.2167566396383548,1,6,112.87781320490674,0,0,0
0.15459523679408047,0,7,143.4553262336576,0,0,0
0.24729163147182281,1,3,133.75656489652096,0,0,0
0.27748398486452186,0,7,116.41883859136041,0,0,0
0.11689886545169628,0,3,81.32467395128415,0,0,0
0.21178347581528767,1,8,103.67728363853224,0,0,0
0.20666590679139024,1,7,114.6085695647451,0,0,0
0.35360167478839727,0,6,97.51640389883929,0,0,0
0.31135271669980435,1,5,138.63563449861667,0,0,0
0.37224913402289045,1,7,109.71298102630078,0,0,0
0.4027745852341541,1,8,94.26603483283576,0,0,0
0.3501527457859625,0,8,134.5369576751069,0,0,0
0.1585599470210748,0,10,122.579864684089,0,0,0
0.27595380971128636,0,4,93.79549127902891,0,0,0
0.25995870019429557,1,3,117.292223368305,0,0,0
0.08332258735927214,0,8,128.61648662011856,0,0,0
0.4525167221783322,0,4,111.39033277594615,0,0,0
0.09114591048467967,0,4,101.16674316764852,0,0,0
0.4893991649446424,0,5,128.27680764768343,0,0,0
0.06428563545143408,0,8,128.10862599061338,0,0,0
0.3783554823875319,0,3,81.1856199992569,0,0,0
0.17940852614916275,1,6,96.38877163102714,0,0,0
0.4571225766123269,1,3,125.24212391011449,0,0,0
0.4208143632288707,0,9,95.69013489115596,0,0,0
0.061254906342232254,0,9,147.3858396205357,0,0,0
0.0598778026122193,1,3,91.39536556546408,0,0,0
0.32143596459798746,1,5,132.3751242887017,0,0,0
0.11731621377491533,0,6,149.88258388145778,0,0,0
0.056371385670761,0,6,104.26049267702163,0,0,0
0.48549292639930497,1,4,122.21891652697552,0,0,0
0.33478813752564174,1,6,87.39983788560205,0,0,0
0.05487470286160353,1,9,123.52764435778862,0,0,0
0.2707339004246804,1,4,149.1265945953541,0,0,0
0.12089157318022378,0,4,148.10014185079413,0,0,0
0.41233195642094217,0,6,108.82447327878552,0,0,0
0.06290694583269923,0,6,137.44343186605496,0,0,0
0.21691220816221668,0,5,137.86197915587752,0,0,0
0.1571127451356576,1,3,102.90866356028938,0,0,0
0.4913928667102261,0,3,137.59233453544078,0,0,0
0.0851502258466963,1,9,91.36832068648094,0,0,0
0.37395010931316425,0,4,148.52154375639606,0,0,0
0.26511255439159653,0,5,140.49190494214977,0,0,0
0.41742044595529815,0,9,115.74152715850545,0,0,0
0.14641005082935818,1,7,106.97254398562232,0,0,0
0.43488280307655713,1,3,146.2164042684916,0,0,0
0.47766526164868817,0,4,84.97882878214003,0,0,0
0.1458983862857432,1,6,114.88726978824735,0,0,0
0.1592351742456966,0,5,114.0862830309841,0,0,0
0.48365040923380487,1,10,106.69272884978656,0,0,0
0.24535731663017446,0,3,87.88393055028978,0,0,0
0.4258593990890998,1,3,97.59669217847058,0,0,0
0.4290932866003345,1,7,148.8182770915842,0,0,0
0.18988365105080018,0,10,136.55659719674998,0,0,0
0.13045328050536037,0,3,138.6798209935523,0,0,0
0.21493861904396955,1,9,115.66721166189501,0,0,0
0.3163562739678106,1,10,126.32778017481718,0,0,0
0.2736885864400517,0,6,115.35041515142025,0,0,0
0.3815586110652576,0,6,127.41515833446051,0,0,0
0.29696404968615836,1,10,140.44278970309298,0,0,0
0.4124816614008602,0,8,96.98162924890842,0,0,0
0.09677203807792686,0,7,146.56252899217776,0,0,0
0.2475925128182268,0,5,143.95282717148865,0,0,0
0.05722824034179321,1,10,109.35039059510353,0,0,0
0.10436319955831191,0,5,148.3769951061538,0,0,0
0.19917827907405528,0,6,141.77669035853611,0,0,0
0.45568085795240826,1,9,82.80541762062155,0,0,0
0.22106987172192943,0,7,82.9479916829769,0,0,0
0.17306005161458293,1,9,129.5099205426114,0,0,0
0.35185486515957853,1,10,134.85703777852234,0,0,0
0.3665619532208528,0,8,97.40808437977245,0,0,0
0.2665978791619846,1,4,114.91156542003158,0,0,0
0.17983343705762317,0,9,117.74738915677585,0,0,0
0.18581470754248547,1,7,111.1917032442794,0,0,0
0.133495738227199,0,4,84.83857004287796,0,0,0
0.21316520737062417,0,3,95.32272714774673,0,0,0
0.1257140736996935,1,10,137.01575174014795,0,0,0
0.33931524512908656,0,3,85.11608192727446,0,0,0
0.4526103928909605,1,6,123.54984564868624,0,0,0
0.16441387735494065,1,10,124.3910739975419,0,0,0
0.15899682027474565,1,9,146.95430928785794,0,0,0
0.454168704332716,0,9,149.12158678701533,0,0,0
0.3056149133556084,0,8,146.15297681591613,0,0,0
0.37839885582521277,1,6,117.89250046945935,0,0,0
0.4501104857330905,1,5,82.92430055492962,0,0,0
0.3492377618680809,0,10,99.41104283580867,0,0,0
0.38410648546547443,1,7,113.2846880464565,0,0,0
0.22412613713301321,0,6,82.73838895775324,0,0,0
0.472175715592858,1,10,82.59681326142928,0,0,0
0.3667549828648026,1,5,102.68161390068704,0,0,0
0.08226257185037483,0,3,107.11413068571112,0,0,0
0.31784746094560984,0,7,120.65910598510274,0,0,0
0.09259552165177809,0,6,145.30003546617377,0,0,0
0.2849535707512252,1,7,107.38238528049246,0,0,0
0.08981935007923088,0,7,83.3663404869953,0,0,0
0.3322584877420696,1,8,117.80305363527712,0,0,0
0.25536462230355933,1,5,105.05737134439627,0,0,0
0.29888561536287883,0,5,143.07725032472598,0,0,0
0.3420277510213425,0,5,110.20486482602468,0,0,0
0.16265663035228645,1,10,102.5258194374275,0,0,0
0.19378449247172486,1,8,130.67161796904318,0,0,0
0.26693061001491813,0,6,114.52770636798391,0,0,0
0.30484015825311106,1,10,118.85693558794684,0,0,0
0.46564080053705564,0,9,90.64471908126654,0,0,0
0.20835638397212214,1,7,106.26348951010394,0,0,0
0.316278637733557,0,9,83.249684210753,0,0,0
0.46514533556381193,0,10,132.84151597025323,0,0,0
0.37302201200361473,1,7,97.1907163959471,0,0,0
0.19775383073421904,0,3,88.43610326001068,0,0,0
0.2366177664211841,0,6,121.26584215523673,0,0,0
0.4454528571148631,1,4,120.5600758305079,0,0,0
0.246958959357989,1,8,102.10582986506823,0,0,0
0.1634196824890476,1,3,147.36458245600463,0,0,0
0.2853817677158114,1,6,124.48649174046389,0,0,0
0.13369918864372837,1,6,144.84757206483593,0,0,0
0.31192034809203795,0,6,101.0416978315932,0,0,0
0.4961757568666623,0,8,118.62621414942862,0,0,0
0.48617593063901265,0,7,108.94645102023773,0,0,0
0.3262097573128227,1,4,108.9298346256824,0,0,0
0.44882576564997245,1,9,83.34371253710032,0,0,0
0.41681875888832326,0,6,95.37454713857794,0,0,0
0.47780104726595746,0,4,140.85278144573732,0,0,0
0.44289327891150737,1,8,139.48987109440765,0,0,0
0.454924571250767,0,6,87.35686069198033,0,0,0
0.15329635208537976,0,8,81.27036333851468,0,0,0
0.12110842793872667,0,9,87.14320387487508,0,0,0
0.06978731737904113,0,8,124.71609804196785,0,0,0
0.3466876570942877,0,10,96.7876034014287,0,0,0
0.47007760026841916,1,7,133.38369484496815,0,0,0
0.4972324929456645,0,6,80.40804013340332,0,0,0
0.4335541486906973,0,10,130.10408096897925,0,0,0
0.42395471417078623,1,7,142.047354226689,0,0,0
0.2834972576901323,1,8,83.13645321335059,0,0,0
0.25338116179017595,1,5,140.7176457019521,0,0,0
0.33814242133471356,0,10,144.25081679368225,0,0,0
0.06021836570771191,0,10,117.50881050237294,0,0,0
0.4074456126924748,1,10,99.91701022658074,0,0,0
0.34586765289122495,0,6,119.39699043513508,0,0,0
0.12652206397151236,0,9,101.74106743287581,0,0,0
0.3360635857288625,0,8,145.32469413584988,0,0,0
0.31976125318068693,0,3,118.05422225327891,0,0,0
0.404599976717915,1,10,135.909310406015,0,0,0
0.4268648752505112,0,7,122.6979143783916,0,0,0
0.16403875724661277,0,7,100.1885072771628,0,0,0
0.41651491807229524,1,6,115.00908085043929,0,0,0
0.13194312242591827,1,9,141.59239319738145,0,0,0
0.22739574977879412,1,3,106.80110652558723,0,0,0
0.2716910096144872,1,6,103.8932285314212,0,0,0
0.4122190709466839,0,7,146.9501327363306,0,0,0
0.45548636222191274,0,4,103.38426807890829,0,0,0
0.057747484931680804,0,4,140.1650753700825,0,0,0
0.3817600250204873,0,7,92.4796504108882,0,0,0
0.4448845058236963,0,7,135.42074734541904,0,0,0
0.47943739663054846,0,9,123.0711155241006,0,0,0
0.170550136119279,1,9,88.41376051172477,0,0,0
0.12783217413838133,1,3,84.47616159176336,0,0,0
0.27452518652583585,1,6,100.88151061627363,0,0,0
0.45545148895952975,1,9,126.02192075722823,0,0,0
0.19202610408958193,1,10,105.20796089357819,0,0,0
0.2772773168898171,1,3,98.98066501345585,0,0,0
0.497999736800118,0,9,120.73048210506005,0,0,0
0.25521452707890163,1,4,146.6788349413537,0,0,0
0.33271276946308154,0,9,88.52969124628756,0,0,0
0.49801806723846825,1,6,125.12069182598205,0,0,0
0.21526635043281322,0,3,143.8681508120649,0,0,0
0.17281849671175697,0,4,117.87703217012722,0,0,0
0.1772327967251725,1,10,147.4930396045687,0,0,0
0.3276559785689074,0,9,121.85262056690814,0,0,0
0.12321671595122514,1,3,127.08214283266815,0,0,0
0.12403403735259508,1,10,135.38960200233055,0,0,0
0.1670600014296621,0,9,93.9806507309863,0,0,0
0.2934209252096987,0,7,119.21344739874513,0,0,0
0.4298791162029636,1,3,122.99844002323971,0,0,0
0.288171834784869,1,6,88.41033655095707,0,0,0
0.4021886537750591,1,4,111.88582587457476,0,0,0
0.48090069422934906,1,5,133.9474859536037,0,0,0
0.38300068205143223,0,5,82.84943630319475,0,0,0
0.33925484142325707,1,8,108.94444050842783,0,0,0
0.053687483059116636,0,8,90.20023506818885,0,0,0
0.25178511403164683,0,4,92.30240182831547,0,0,0
0.1706222690429135,1,10,115.88021602165384,0,0,0
0.2805902593604245,0,8,82.06372731916247,0,0,0
0.4779880100637156,1,8,109.74697048314411,0,0,0
0.19420134977576253,0,9,81.7993612808998,0,0,0
0.12235193420406837,0,8,144.78920728747426,0,0,0
0.4216532875565078,1,9,141.8067777039645,0,0,0
0.4957623436380962,0,5,94.81467584386304,0,0,0
0.40103195983524825,1,8,84.60630577426235,0,0,0
0.11227639688509375,0,10,97.54449591174429,0,0,0
0.29781268351495743,1,9,81.98743372845486,0,0,0
0.23233561324077556,1,6,131.43521574676421,0,0,0
0.3350447338522641,1,8,120.17261010759384,0,0,0
0.3508754215245424,0,10,118.06876937573684,0,0,0
0.4131905940244192,1,8,139.63805531259362,0,0,0
0.15803893262613192,0,9,136.65187211423256,0,0,0
0.48410533919955034,1,10,108.62171049275726,0,0,0
0.14661010363451038,0,5,122.72358244160696,0,0,0
0.10584410523897517,1,5,110.92655532704111,0,0,0
0.4229920597224014,1,5,123.68067897831884,0,0,0
0.2584621294078983,1,5,90.60673982725656,0,0,0
0.270603621815018,0,8,101.00561653796674,0,0,0
0.19343095864860432,0,6,97.63185142570295,0,0,0
0.0708859543828308,0,10,91.72269097315501,0,0,0
0.13712048793339449,0,8,108.96866617463743,0,0,0
0.39273544074464045,0,8,130.85495783773305,0,0,0
0.1509828398287465,0,10,107.72396709899553,0,0,0
0.4966996626813378,1,9,148.78449475284555,0,0,0
0.40380204652524004,1,3,101.14634743419262,0,0,0
0.43186556644625834,1,10,146.36908474299284,0,0,0
0.4429763105402213,1,10,93.54875797593799,0,0,0
0.3735070120413946,1,5,102.4542210263424,0,0,0
0.2597822617046892,1,4,91.48570282872753,0,0,0
0.4626555481359316,0,7,96.65371054468642,0,0,0
0.24193704881517236,0,10,90.99780992952911,0,0,0
0.09311858554667375,0,7,123.73791178295065,0,0,0
0.3183993037232939,0,7,94.0430605342603,0,0,0
0.09750415382330815,0,4,85.95925064637315,0,0,0
0.3449247796066531,0,10,98.6494510179372,0,0,0
0.49888704094238,1,9,127.48800477493715,0,0,0
0.3538435922795457,0,3,110.00419110795332,0,0,0
0.1447484453089307,1,5,90.93106590738665,0,0,0
0.1120367805073911,0,10,84.44151322688205,0,0,0
0.2103737855339627,0,8,131.05482945028126,0,0,0
0.11559432474142692,0,6,129.28767642405046,0,0,0
0.3063619864460428,1,7,112.30672991775674,0,0,0
0.40239429964046813,0,4,116.94242941987395,0,0,0
0.3461622559890988,0,9,96.83450023577362,0,0,0
0.32773934328389925,1,8,113.97357796621266,0,0,0
